1.48328   0.166064   0.23873213339810306
2.90316   0.192306   0.2720836646438183
3.58754   1.43486   0.34313816298977906
5.00751   1.46007   0.3768287458514811
5.6925   2.70241   0.45156983701305725
7.11257   2.72665   0.4830142438893486
7.79823   3.96879   0.5568560383079271
9.21841   3.99203   0.5849039569878115
9.90475   5.23401   0.65576961907365
11.3251   5.25601   0.6795433379115707
12.0121   6.49783   0.7460180802768788
13.4326   6.51829   0.7648674329581561
14.1206   7.75987   0.8257252524296442
15.5412   7.77851   0.839074207028198
16.2303   9.01975   0.8928356778265528
17.6511   9.03641   0.8998620314248178
18.3414   10.2772   0.9452057606680137
19.7623   10.2919   0.9451245896705883
20.454   11.5322   0.9805936008357388
21.875   11.5451   0.9725621059860399
22.5679   12.785   0.9968276681553337
23.989   12.7963   0.9801113712226782
24.6829   14.0358   0.9922238205163175
26.104   14.0458   0.9663556125981774
26.7987   15.2849   0.9656131057519873
2.85428   2.65142   0.379346820337274
3.53899   3.89377   0.4567236882404944
4.95908   3.919   0.4898426732125324
5.64455   5.16114   0.5659142657682344
7.06475   5.18551   0.5956477009944725
7.75098   6.42749   0.668420660138508
9.17131   6.45092   0.6941749673533324
9.85834   7.69276   0.7621293578520636
11.2788   7.71501   0.7832914188857173
11.9668   8.95663   0.8451453537114199
13.3874   8.97736   0.8611258677452447
14.0765   10.2187   0.9156257040952918
15.4973   10.2376   0.9256702544642992
16.1877   11.4785   0.9716095100399131
17.6087   11.4954   0.9750118204411676
18.3005   12.7358   1.0108328051661168
19.7217   12.7509   1.0069697810758762
20.4148   13.9907   1.03131035580954
21.8361   14.0041   1.0191994113028124
22.5305   15.2434   1.0309828514577728
23.9517   15.2553   1.0102619709758454
24.647   16.4942   1.0087131455473355
26.0682   16.505   0.9790345908087202
26.7641   17.7433   0.9638944548030137
28.1851   17.7533   0.9254149015441666
28.8814   18.9912   0.8967212275841352
4.91056   6.37747   0.6048396665232858
5.59678   7.6194   0.6789296109317956
7.01714   7.64408   0.7063868787711155
7.70421   8.88586   0.7753178568819372
9.12471   8.90965   0.7985020704418982
9.81271   10.1513   0.8610578039249165
11.2334   10.1739   0.8791074494053609
11.9225   11.4152   0.9340232009966343
13.3434   11.4363   0.9465941104824166
14.0338   12.6772   0.9925928722290931
15.4549   12.6964   0.9988156636737332
16.1468   13.9368   1.0344616909291509
17.568   13.9542   1.0337749223114288
18.2615   15.194   1.057834230869847
19.6828   15.2095   1.0494393217332758
20.3776   16.4487   1.060629459330636
21.799   16.4627   1.044089718367152
22.4948   17.7013   1.0415933851556465
23.9162   17.7139   1.0163513024540276
24.6128   18.9519   0.9996743769848249
26.0341   18.9635   0.9658929392018553
6.97021   10.1024   0.8108850072605859
7.65834   11.344   0.8738246245099748
9.07903   11.3682   0.8938643982730267
9.76828   12.6095   0.9488063530563023
11.1892   12.6326   0.9633204347464032
11.8797   13.8734   1.0090906847256098
13.3008   13.8949   1.0175983294011448
13.9929   15.1353   1.052796039126287
15.4142   15.155   1.0546800699738286
16.1079   16.3947   1.0779660523411676
17.5293   16.4125   1.072510820458237
18.2244   17.6515   1.0827752490706448
19.6459   17.6677   1.0694642303508792
20.3422   18.906   1.0658183804007135
21.7638   18.9207   1.0442756772040604
9.03467   13.8266   0.9764226556158958
9.72541   15.0675   1.0217202992991765
11.1465   15.0909   1.03209984497625
11.8388   16.3312   1.0665524834718636
13.2601   16.3531   1.0704600412906589
13.954   17.5928   1.09287292033429
15.3755   17.6129   1.0897707557096583
16.0709   18.8518   1.0989280094710476
17.4925   18.8702   1.0882462497063796
11.1058   17.5489   1.0819995609980628
11.7999   18.7884   1.1033112208257465
13.2214   18.8108   1.1022433714928839
18.5154   0.439898   0.5743850991878188
14.2564   0.381903   0.5172876334584069
15.6765   0.400355   0.5370609809286095
16.3636   1.642   0.6006484320299178
17.7838   1.65834   0.615212304818426
18.4715   2.89976   0.6752003184240948
19.8919   2.91394   0.6835315823720207
20.5804   4.15509   0.7383789363192858
9.99789   0.315514   0.4375427402483089
11.418   0.337461   0.46449739169235366
12.1042   1.57945   0.5331047461803347
13.5244   1.59975   0.5561423865342395
14.2111   2.84156   0.6225873191769964
15.6314   2.85996   0.6407440712952408
16.3188   4.10155   0.7033737057923044
17.7392   4.11787   0.7159132297282954
18.4275   5.3592   0.7733192792113746
19.848   5.3734   0.7793139881331534
20.5372   6.61441   0.8300502216131264
21.9578   6.62659   0.8285296241535363
22.648   7.86726   0.8711587602727758
5.74014   0.243068   0.3418514586741432
7.16011   0.267398   0.37362656776631925
7.84545   1.50967   0.4452936699527626
9.26553   1.53287   0.47472865217932664
9.95144   2.77496   0.5461460026403192
11.3716   2.79686   0.5718381078592091
12.0581   4.03879   0.6406859929793991
13.4784   4.05911   0.6619955437916478
14.1657   5.30084   0.72669165400464
15.5861   5.31931   0.7427603987828102
16.2742   6.56077   0.80212899311769
17.6947   6.57721   0.8121026585968047
18.3839   7.81834   0.8647458958561176
19.8046   7.83272   0.8679315381411145
20.4949   9.07346   0.9122177385361461
21.9157   9.08592   0.9075614136795361
22.6072   10.3263   0.9423152391848497
24.0281   10.337   0.9290520437521245
24.7206   11.577   0.9529216284668957
26.7311   20.2011   0.9351767533466588
28.1522   20.2119   0.8931809335179509
28.8494   21.4489   0.8489123452983821
30.2702   21.4594   0.7996793482390289
30.9674   22.696   0.743131199721825
22.461   20.1584   1.026252059681245
23.8825   20.1718   0.9963154169237769
24.5803   21.4089   0.9637334226849241
26.0016   21.4214   0.9255715801600652
26.6997   22.6578   0.8789399353767012
28.1207   22.6697   0.8333020760804564
28.8189   23.9056   0.7737046271026164
30.2397   23.9171   0.7216408525021287
30.9376   25.1526   0.6508892225256143
32.3581   25.164   0.5941165037263306
33.0558   26.3991   0.5146312563379717
18.1893   20.1083   1.0833648969760832
19.611   20.1252   1.0647478433882835
20.3088   21.3625   1.0452538926021748
21.7304   21.3779   1.0184099812943694
22.429   22.6145   0.9841479614366927
23.8505   22.6288   0.9492480287048266
24.5494   23.8647   0.9007516305841469
25.9707   23.8782   0.8581567805477025
26.6698   25.1134   0.7961849722269316
28.0908   25.1263   0.7468706983139715
28.7899   26.361   0.6731539645578856
30.2106   26.3737   0.6185405645549852
30.9094   27.608   0.5353766804783341
32.3298   27.6206   0.4775650950394086
33.0283   28.8547   0.3886435127465792
34.4486   28.8677   0.33076877119824866
35.1467   30.1017   0.24205406420880554
13.9172   20.0495   1.1101726937733605
15.3389   20.0702   1.1016308319940935
16.0361   21.3081   1.0955084025236856
17.4579   21.3271   1.079103187837012
18.1563   22.5641   1.0583448067619539
19.578   22.5817   1.0339343257673566
20.2773   23.8179   0.9983916716399434
21.699   23.8341   0.966001702897049
22.3988   25.0695   0.9159036412199697
23.8203   25.0847   0.8758996517866644
24.5203   26.3193   0.8121280810315571
25.9415   26.3337   0.7651720721510944
26.6415   27.5677   0.6892886623179004
28.0625   27.5817   0.6366373614546976
28.7623   28.8152   0.5508706290954348
30.183   28.829   0.4943522731817874
30.8826   30.0621   0.40216985217691226
32.3031   30.0761   0.3446416254604191
33.0023   31.3092   0.25232746580584503
34.4227   31.3236   0.1999517941904993
35.1216   32.5569   0.1289107443155901
36.542   32.572   0.10998513535928524
37.2406   33.8058   0.14164310784503356
13.185   21.2676   1.110508451115973
13.8826   22.5052   1.1032264409449208
15.3045   22.5265   1.0888484329786217
16.0034   23.7632   1.0668193708402558
17.4253   23.783   1.044552061890645
18.1253   25.0187   1.0076821175350874
19.5471   25.0371   0.9774360388281164
20.2477   26.2719   0.926014616515312
21.6694   26.289   0.8881217990793837
22.3703   27.5231   0.8229786570744103
23.7917   27.5392   0.7780098007094766
24.4927   28.7725   0.7006400216944507
25.9139   28.788   0.6496806446247254
26.6148   30.0207   0.5620314404016921
28.0357   30.0358   0.5067549901086315
28.7363   31.2681   0.4123858508726984
30.157   31.2831   0.3554535412680535
30.8574   32.5153   0.26059865694205103
32.2779   32.5306   0.2080915904115292
32.9779   33.763   0.13498199879983888
34.3983   33.7789   0.11633890149042944
35.0981   35.0117   0.14872837657958748
36.5185   35.0283   0.18651289499657087
37.218   36.2619   0.26930258075258023
38.6385   36.2794   0.31141465925675427
39.3377   37.514   0.3943116026697661
15.2723   24.9817   1.0509143114450379
15.9729   26.2171   1.0130559609419407
17.3949   26.2375   0.9846047633441557
18.0962   27.4719   0.9322916871880813
19.5181   27.4911   0.8961230105292459
20.2199   28.7246   0.8300392942505785
21.6415   28.7425   0.7867881671708091
22.3434   29.9752   0.7081968794057206
23.7648   29.9923   0.6587593566697934
24.4667   31.2243   0.5699849120810129
25.8878   31.2408   0.5158660000426462
26.5895   32.4724   0.4200333915297687
28.0103   32.4886   0.36383294243374864
28.7117   33.72   0.2671241846033392
30.1324   33.7363   0.21491042319999465
30.8335   34.9678   0.1399112933254472
32.254   34.9845   0.12131710514184961
32.9548   36.2164   0.15335664315575073
34.3753   36.2337   0.19306335747624526
35.0758   37.4664   0.2783056054052827
36.4964   37.4846   0.32408011355218724
37.1965   38.7183   0.41034021250664604
38.6172   38.7373   0.4501645588004448
17.3663   28.6907   0.9008401689534055
18.0689   29.9236   0.8339869543344185
19.4907   29.9436   0.7922952164439709
20.1936   31.1757   0.7130342838882291
21.6152   31.1945   0.6650238116037651
22.318   32.4259   0.5753896592744766
23.7393   32.444   0.522535443773913
24.442   33.6749   0.4257404491001528
25.863   33.6924   0.3702393820219546
26.5654   34.9231   0.2724000367107173
27.9862   34.9405   0.2204095732948091
28.6883   36.1712   0.14377165923783627
30.109   36.1888   0.12503623474817066
30.8107   37.4199   0.1555353014591839
32.2313   37.438   0.1966727484935301
32.9328   38.6699   0.2834105502623347
34.3534   38.6886   0.3320129063756428
19.4649   32.3945   0.6689390555200072
20.1686   33.6253   0.578875392463699
21.5901   33.645   0.5271467727303282
22.2937   34.8753   0.4297786523316405
23.7149   34.8943   0.3752560992175885
24.4182   36.1243   0.27648515330845314
25.8392   36.143   0.22502899813135135
26.5422   37.373   0.14645579537867193
27.9631   37.3916   0.12703527069282708
28.6657   38.622   0.15538191657976383
30.0865   38.6409   0.1973470547031335
21.5659   36.0942   0.3789746825316965
22.2701   37.3236   0.2795329139833086
23.6913   37.3436   0.22859558175957992
24.3952   38.573   0.1478321345310299
25.8162   38.5928   0.12744842093960493
39.317   39.9723   0.5276427105532668
40.7378   39.992   0.5577492716265964
41.437   41.2283   0.622612801024843
35.0545   39.9216   0.42076722781129067
36.4753   39.9411   0.4645067383795401
37.1759   41.1753   0.5449090658082311
38.5968   41.1957   0.5801698802936961
39.2969   42.4312   0.6482148255015463
40.7178   42.4523   0.672717838324509
41.4171   43.6892   0.726119666446239
42.8381   43.711   0.7386504315303675
43.5363   44.9492   0.7763649270800411
30.7888   39.8721   0.2848889608250925
32.2096   39.8915   0.33562447765322584
32.9115   41.1237   0.4260741954167127
34.3324   41.1438   0.4730848655368282
35.0338   42.3773   0.5555099279040839
36.4548   42.3983   0.5949730582135639
37.1557   43.6331   0.6652911693386601
38.5767   43.6548   0.6949769060911296
39.2768   44.891   0.7509005593285965
40.6978   44.9134   0.7693793667625868
41.3969   46.151   0.8095490164282858
42.8179   46.1739   0.816062595638352
43.5156   47.4129   0.8400301958858375
44.9364   47.4362   0.8341735610770705
45.6326   48.6763   0.8423938093314775
26.5197   39.8225   0.15266459969488747
27.9406   39.8424   0.19526487139267987
28.6438   41.0728   0.2830812074299511
30.0647   41.0931   0.33555676121932004
30.7674   42.3245   0.4270771593049675
32.1884   42.3454   0.4765208180132311
32.8906   43.5781   0.5605178052479698
34.3116   43.5997   0.6031577239827067
35.0133   44.8338   0.6753859489210597
36.4344   44.8561   0.7091855821997491
37.1352   46.0917   0.7670181940475745
38.5564   46.1147   0.7905127702953328
39.2562   47.3517   0.8325961626142638
40.6772   47.3752   0.8447851442822601
41.3757   48.6136   0.8704941355345256
42.7967   48.6375   0.8708966873286427
43.4936   49.8771   0.8802684363306472
44.9143   49.9013   0.8690968703199897
45.6094   51.1421   0.8631961654224393
47.0297   51.1665   0.8413762178716502
47.7229   52.4083   0.8220077189418584
23.6683   39.7921   0.12604784805778987
24.3726   41.0213   0.14759386843632305
25.7937   41.0422   0.19046062585216844
26.4976   42.272   0.27826983307573827
27.9186   42.2931   0.3319033142347345
28.6221   43.524   0.42421293002453503
30.0432   43.5455   0.4755254567318148
30.7462   44.7776   0.5606457883548229
32.1673   44.7998   0.6059121388452298
32.8697   46.0332   0.6794841720010868
34.2908   46.0561   0.7164667193945573
34.9924   47.2911   0.7759712687980143
36.4136   47.3146   0.8033265649784027
37.114   48.551   0.8471514858630664
38.5352   48.5752   0.8639469891144961
39.2343   49.813   0.8911701633246023
40.6554   49.8375   0.8967697642093001
41.3529   51.0767   0.9073547762589882
42.7738   51.1015   0.90176806885141
43.4695   52.3418   0.8964738367626786
44.8901   52.3668   0.8802194442296761
45.5838   53.6081   0.8604788550568826
47.004   53.6332   0.8349094861121182
47.6957   54.8755   0.8030701775063
49.1156   54.9006   0.7701063627837405
49.8056   56.1436   0.7289806718974097
25.7713   43.4915   0.325357464952014
26.4755   44.7218   0.41818515038198045
27.8967   44.7442   0.4708336648966396
28.6003   45.9756   0.5568041037923477
30.0216   45.9985   0.6039728884643761
30.7246   47.2313   0.6785881961838118
32.1459   47.2548   0.7182264336544564
32.848   48.4891   0.7789422892615341
34.2693   48.5133   0.8094421906473617
34.9704   49.7491   0.8546011993906877
36.3917   49.7738   0.8750819275930694
37.0914   51.0111   0.9037640510664294
38.5126   51.0362   0.9136292902485131
39.2107   52.2748   0.9254642078438259
40.6317   52.3002   0.9244194123881216
41.3279   53.5401   0.9199550641199841
42.7487   53.5656   0.9084594102104944
43.4429   54.8065   0.8889104960568297
44.8634   54.8322   0.8679185560869198
45.5555   56.074   0.8353267683966569
46.9756   56.0997   0.8064959888306957
47.6658   57.3423   0.7634931892296113
49.0856   57.368   0.7289602321114665
49.7742   58.6112   0.678670774381808
51.1938   58.6366   0.6409191602690643
27.8744   47.1956   0.5981620014678295
28.578   48.4279   0.6736942184700706
29.9994   48.452   0.7151679662848434
30.7021   49.6858   0.7770740891317897
32.1235   49.7105   0.8099657400162081
32.8251   50.9457   0.8563711928830868
34.2466   50.971   0.8798803668681321
34.9468   52.2077   0.9096907056796865
36.3681   52.2334   0.9229484221775347
37.0667   53.4715   0.9359949465675542
38.4879   53.4975   0.9388513247580791
39.1846   54.7369   0.9353000962258062
40.6055   54.763   0.927844264949672
41.3001   56.0035   0.9088023162382447
42.7208   56.0297   0.8917364296696632
43.4133   57.2711   0.8590328340639835
44.8336   57.2973   0.8338018769467971
45.5241   58.5396   0.7897432114301444
46.9441   58.5657   0.7581986744910587
29.9761   50.9062   0.805905155710024
30.6782   52.1409   0.8534078626307576
32.0998   52.1667   0.8791871984964302
32.8004   53.4029   0.9102492021419194
34.2219   53.4291   0.9262847402391973
34.9209   54.6668   0.94055739325147
36.3423   54.6933   0.9463954406060937
37.0394   55.9322   0.9440412385060323
38.4605   55.9589   0.9398763588898263
39.1555   57.199   0.9217047900493954
40.5764   57.2257   0.908100985573741
41.2692   58.4668   0.8757388309307753
42.6897   58.4934   0.8535235497629806
32.074   54.6234   0.9245817378685356
32.7734   55.8605   0.9400723695546025
34.1949   55.8876   0.9485615689031487
34.8923   57.1261   0.9474173842610256
36.3136   57.1533   0.9459987579273033
37.009   58.3929   0.9289192053133565
38.43   58.4202   0.9181369287856811
34.1649   58.3461   0.9471628107141867
51.8813   59.8802   0.5863991217592358
47.6329   59.8086   0.7058806839686149
49.0527   59.8346   0.670409322727542
49.7402   61.0779   0.6128682240090473
51.1597   61.1036   0.5756852351763088
51.8465   62.3472   0.5159938953127245
53.266   62.3722   0.47949498433247373
53.9524   63.6158   0.4205297016858601
43.3805   59.7354   0.8092101890114809
44.8007   59.762   0.7803431168402781
45.4896   61.0045   0.7267814802263471
46.9096   61.031   0.6932657931846931
47.5971   62.2741   0.6335017205975041
49.0169   62.3003   0.5976881210129574
49.7035   63.5437   0.5348188852312531
51.1231   63.5695   0.49893721047843287
51.8092   64.8129   0.43598474743963034
53.2288   64.8381   0.40239109085564867
53.9148   66.0814   0.34318114750085194
55.3345   66.1055   0.31447136594609665
56.0206   67.3486   0.26457643508068424
39.1231   59.6609   0.8865140777224002
40.5439   59.6881   0.8671674636424047
41.2349   60.9297   0.8231193230631868
42.6553   60.9567   0.7965693001867457
43.3445   62.199   0.7425585566135484
44.7646   62.2259   0.7107860859639855
45.4522   63.4687   0.649589047013572
46.8722   63.4955   0.6147864669948433
47.5587   64.7386   0.5496843275917562
48.9785   64.765   0.5141210363328861
49.6644   66.0083   0.4481340089749952
51.0841   66.0343   0.4142165255032687
51.7698   67.2775   0.35104035380565524
53.1895   67.3027   0.3217895741008441
53.8753   68.5457   0.2675799132969444
55.295   68.5698   0.24715478955505216
55.981   69.8126   0.21350084308967598
57.4008   69.8352   0.20782802987084678
58.0871   71.0777   0.2081478801237202
34.8606   59.5855   0.9314505515592346
36.2818   59.6132   0.9231061694084827
36.9753   60.8536   0.8926514773415204
38.3962   60.8813   0.8757957866991597
39.0875   62.1225   0.8323510497380292
40.5081   62.1501   0.808080460102828
41.1975   63.392   0.7541122595476079
42.6178   63.4194   0.7239712356164458
43.3056   64.6619   0.6621500585214805
44.7257   64.6892   0.6282319476117083
45.4123   65.932   0.5615297409754927
46.8322   65.959   0.5261302025164479
47.5181   67.2021   0.4575756221653418
48.9379   67.2287   0.42329249934295027
49.6233   68.4718   0.35671104552564503
51.0431   68.4978   0.3264913321973501
51.7285   69.7408   0.26825184062741525
53.1483   69.766   0.2469519993845003
53.8339   71.0088   0.20985185250551916
55.2537   71.0327   0.20450559894536727
55.9395   72.2753   0.2050509692734992
57.3594   72.2978   0.2171579379161626
58.0456   73.5401   0.2516563132528162
59.4655   73.5608   0.27153775059832463
60.1521   74.8028   0.32261746697908733
36.2468   62.073   0.8801778513459647
36.9384   63.314   0.8379344246419298
38.3592   63.3421   0.8155502988780025
39.0489   64.5837   0.7622207685441281
40.4694   64.6116   0.7337042524069232
41.1575   65.8538   0.6717685911085757
42.5777   65.8816   0.6387925250032314
43.2645   67.1242   0.5710594539975686
44.6845   67.1517   0.5359194249138616
45.3704   68.3945   0.4652448495147458
46.7902   68.4217   0.4304657709969497
47.4756   69.6647   0.36088998323589044
48.8954   69.6914   0.3296044295818864
49.5806   70.9344   0.26752773687974013
51.0003   70.9603   0.24478572262287146
51.6855   72.2031   0.20415192871976606
53.1053   72.2281   0.19873905001282358
53.7908   73.4708   0.19966113793123996
55.2107   73.4945   0.2140290400856935
55.8964   74.7369   0.25213222721421663
57.3163   74.7592   0.2752552451816301
58.0025   76.0014   0.33059505440947123
59.4225   76.0219   0.35419287118743376
60.109   77.2638   0.4152653850250496
61.529   77.2824   0.4360277399432263
62.216   78.5241   0.49802025059228133
38.3195   65.8025   0.7404546306155434
39.008   67.0444   0.6788760196088813
40.4283   67.0727   0.6468669183070044
41.1154   68.315   0.5785432827369108
42.5355   68.3431   0.5437081754029469
43.2216   69.5857   0.47155454615558723
44.6415   69.6135   0.4363094085623199
45.3269   70.8563   0.36408364423577355
46.7467   70.8836   0.33153740362136924
47.4316   72.1265   0.2657352253654013
48.8514   72.1532   0.2415320268618594
49.5362   73.3961   0.19713581612685938
50.9561   73.4219   0.19143262522359686
51.641   74.6646   0.19222138278556516
53.0609   74.6893   0.20875710766343017
53.7462   75.9318   0.25055620128026695
55.1661   75.9554   0.27667667050187034
55.8518   77.1977   0.3361455934561672
57.2718   77.2198   0.3628358582058893
57.9579   78.4618   0.42779447168003504
59.378   78.4822   0.45181668849213547
40.3854   69.5334   0.5496902855244948
41.0717   70.7757   0.47623777674602985
42.4917   70.8041   0.4407335816567683
43.1772   72.0467   0.3660907674334325
44.5971   72.0747   0.3327373739152254
45.2819   73.3175   0.26321888230139984
46.7017   73.3449   0.23751366276489697
47.3862   74.5877   0.18887096124073727
48.806   74.6143   0.18244582757629507
49.4906   75.857   0.18330709206138665
50.9104   75.8826   0.20178220932480473
51.5952   77.1252   0.24755865971522828
53.0151   77.1498   0.27628532353348
53.7004   78.3921   0.3396564146310199
55.1204   78.4155   0.3691257102939307
42.4465   73.2646   0.33272903389996045
43.1314   74.5072   0.2595978620867251
44.5512   74.5354   0.23248875241611508
45.2355   75.7781   0.179480054602175
46.6553   75.8055   0.1722492089967226
47.3395   77.0483   0.17324003578849914
48.7593   77.0747   0.19370536905310973
49.4437   78.3174   0.24352201132547208
50.8636   78.3427   0.27450469941332045
44.5039   76.9954   0.1605401507411837
45.1877   78.2382   0.16187606370307328
46.6076   78.2655   0.1845739418227905
28.2196   15.294   0.9305492195472522
28.9149   16.5327   0.9168389389636548
30.3355   16.5412   0.8732047812512254
31.031   17.7796   0.8468508841584802
32.4514   17.7876   0.7954272625451053
33.1469   19.0258   0.7574307625123242
34.567   19.0337   0.7000672396277373
30.3021   19.0006   0.8503533265649053
35.5571   0.59249   0.4067870112491305
36.9764   0.596144   0.35418675952807654
37.6675   1.83617   0.3661550633269999
31.2964   0.562743   0.5226169309503856
32.7162   0.567706   0.48642644652711836
33.407   1.80785   0.5097507131922413
34.8266   1.81187   0.4635566697826698
35.5175   3.05201   0.4802483845886411
36.9367   3.05539   0.42493148341820886
37.6276   4.29557   0.43538021314708414
39.0466   4.29863   0.372557697679165
39.7374   5.53889   0.37758630126105003
27.0355   0.528832   0.5864111514296082
28.4557   0.536018   0.5679978412362152
29.1458   1.77642   0.603879466118861
30.5658   1.78222   0.5752540802984356
31.2563   3.0225   0.6039261448223608
32.6762   3.02719   0.564893284169674
33.367   4.26741   0.5860315261144236
34.7866   4.27131   0.5372538230668993
35.4775   5.51151   0.5509536663822103
36.8968   5.51492   0.4935206359413957
37.5878   6.75514   0.5002234821557261
39.0068   6.75837   0.43582326980095953
39.6978   7.99865   0.43667680050582003
41.1166   8.00202   0.36771866161509936
41.8075   9.24239   0.3640697674896939
22.7751   0.488547   0.6007226962284672
24.1953   0.498898   0.5983174300327533
24.8845   1.73966   0.6456543552087283
26.3047   1.74819   0.634298204001872
26.9945   2.98875   0.6752179073454723
28.4147   2.9957   0.6540969986171777
29.1051   4.2361   0.687415326858516
30.5252   4.24178   0.6561228714958798
31.216   5.48206   0.6812059601177893
32.6359   5.48677   0.6398443111413905
33.3271   6.72696   0.6563985042639877
34.7467   6.73102   0.6055665595952276
35.4381   7.97117   0.6139122224715842
36.8574   7.97489   0.5548164868675051
37.5489   9.21503   0.5556111679943091
38.968   9.21871   0.49033873200064415
39.6595   10.4589   0.4847533290241548
41.0783   10.4628   0.4156824870017973
41.7697   11.7031   0.40548188615522673
43.1884   11.7075   0.3358078915094159
43.8796   12.9479   0.3229625674904138
19.9356   0.454176   0.5845728797412686
20.6237   1.6954   0.6412732416061026
22.044   1.70754   0.6445331488759913
22.7327   2.94851   0.6961555498593686
24.1531   2.95867   0.691360306135665
24.8426   4.1994   0.7363447165560423
26.263   4.20781   0.7225036154926835
26.9532   5.44831   0.7596517041381526
28.3736   5.45527   0.7359980791415153
29.0645   6.69559   0.7644976209904121
30.4847   6.70142   0.730738557967211
31.1762   7.94157   0.7498036260248415
32.5961   7.94658   0.7062413131501155
33.288   9.18662   0.7160107890248575
34.7077   9.19112   0.6633630325093489
35.3999   10.4311   0.6640940370158431
36.8193   10.4354   0.6039511735231574
37.5115   11.6753   0.5965867581500603
38.9306   11.6796   0.5309409854211661
39.6227   12.9196   0.5168824721346239
41.0416   12.9243   0.44854371024460926
41.7336   14.1643   0.4296532322699324
43.1524   14.1696   0.3617052529339315
43.8441   15.4098   0.3402888478924929
45.263   15.416   0.27644147662751367
45.9544   16.6564   0.25487728419771005
22.0008   4.16717   0.7394432314248335
22.6901   5.40803   0.7876852191072268
24.1106   5.41821   0.7804192847437845
24.8009   6.6588   0.8207108416488721
26.2214   6.66735   0.8041558881833799
26.9125   7.90767   0.835370703101323
28.3329   7.9149   0.8090565740416421
29.0248   9.155   0.8303262879133706
30.4451   9.16123   0.7940873765524792
31.1375   10.4011   0.8050455266629336
32.5576   10.4067   0.7593957137092623
33.2504   11.6465   0.7600274797663568
34.6702   11.6516   0.7059484187955944
35.3632   12.8913   0.6969081575071419
36.7826   12.8963   0.6360149447929662
37.4756   14.1359   0.6184768710307609
38.8948   14.1411   0.5529823686158524
39.5876   15.3807   0.5285379361975824
41.0067   15.3863   0.4614436693682127
41.6992   16.626   0.43227605762984345
43.1182   16.6323   0.3668695817317108
43.8104   17.8722   0.3353237241830636
45.2294   17.8794   0.2750875133480246
45.9212   19.1196   0.24412089218253982
47.3404   19.1279   0.19262004049423295
24.0687   7.87766   0.8610752806230128
24.76   9.118   0.8943063278877096
26.1807   9.12688   0.8750001485714158
26.8729   10.3669   0.897763370827747
28.2935   10.3746   0.8687722083492305
28.9865   11.6144   0.8804410826398327
30.4069   11.6212   0.8417945355013893
31.1004   12.8608   0.8422224409263847
32.5206   12.867   0.7946375148456054
33.2144   14.1064   0.7839938902823158
34.6342   14.1124   0.7287123300727104
35.3281   15.3516   0.7078619992625668
36.7477   15.3575   0.6466476784153793
37.4413   16.5967   0.6171167312591678
38.8607   16.6029   0.5523896903455022
39.5541   17.842   0.5159733035729652
40.9732   17.8487   0.45082257041989365
41.6663   19.088   0.4101041087333806
43.0854   19.0954   0.34781894715498085
26.1415   11.5864   0.9304385041473721
26.835   12.826   0.9424795594600446
28.2557   12.8344   0.9106102020074227
28.9499   14.0737   0.910506672133708
30.3704   14.0813   0.869477256746834
31.0649   15.3203   0.8571898914476305
32.4852   15.3274   0.807807576097178
33.1799   16.5662   0.78405372902627
34.5999   16.5732   0.7276508297253571
35.2945   17.8118   0.6935366032157201
36.7142   17.8188   0.632279495160169
37.4085   19.0574   0.5895310509209842
38.8279   19.0646   0.5258353924946461
35.2622   20.2716   0.651928408646225
36.682   20.2797   0.5906588016782618
37.3769   21.5176   0.5346829060293586
38.7965   21.5261   0.47243646133633693
39.491   22.7639   0.411236209495224
40.9106   22.773   0.3513064189564433
41.6047   24.011   0.28851961805048865
43.0242   24.021   0.23458043396668782
43.718   25.2593   0.1747445278113162
45.1377   25.2702   0.13129866716764416
45.8312   26.509   0.08470608006513107
47.2511   26.521   0.06249631989165539
47.9444   27.7603   0.06743900948264395
49.3644   27.7735   0.0741701422406608
50.0574   29.0134   0.11005203314796086
51.4774   29.0278   0.11036127038051036
52.17   30.2683   0.14259901822943946
53.5898   30.284   0.12887400824060666
54.282   31.5252   0.1527692050120056
30.9985   20.2382   0.8088302850413062
32.419   20.2473   0.755615206305431
33.1152   21.4846   0.7028871459914453
34.5353   21.4937   0.6446586228384761
35.2312   22.7307   0.5825953312548936
36.6511   22.7401   0.5218201510099041
37.3467   23.977   0.4532367593212183
38.7664   23.9868   0.3928170311990048
39.4615   25.2239   0.3213419518207983
40.8813   25.2344   0.26509126730241456
41.576   26.4716   0.1956826256978359
42.9958   26.4831   0.14879795025470013
43.6903   27.7207   0.09472486473994057
45.1103   27.7331   0.07295793308475818
45.8046   28.9713   0.0869711446400481
47.2247   28.9848   0.10143510240542804
47.9188   30.2237   0.14976331326463074
49.3389   30.2382   0.15869231235318243
50.0327   31.4778   0.2031518151531028
51.4528   31.4935   0.19815292074557087
52.1462   32.7338   0.23326124838901302
53.566   32.7506   0.2132878571320916
54.2588   33.9917   0.2383091689381677
55.6781   34.0098   0.20457472962221113
56.3703   35.2517   0.22048904734702873
32.3878   22.7062   0.6879596645152969
33.0848   23.9424   0.6210098388914624
34.505   23.9528   0.5621290777036884
35.2016   25.1888   0.48751625613921884
36.6216   25.1995   0.42756298951148725
37.3178   26.4355   0.3487986525203325
38.7377   26.4468   0.2914212415044575
39.4335   27.6829   0.21395490179007307
40.8535   27.695   0.16450623088503416
41.549   28.9315   0.10461142385036055
42.9691   28.9445   0.08358546524366627
43.6644   30.1815   0.10467139055157372
45.0846   30.1955   0.12585769742053887
45.7798   31.4333   0.18460858593250845
47.2001   31.4482   0.20197088899145776
47.895   32.6868   0.25711929138047923
49.3152   32.7027   0.26129823956544396
50.0098   33.9421   0.30666894202054457
51.4299   33.9591   0.29576512640945385
52.1238   35.1994   0.3297977258866406
53.5436   35.2174   0.30418170556428936
54.2368   36.4586   0.3273917683754418
55.6561   36.4777   0.2888089160673529
56.3485   37.7197   0.3026855959572606
57.7673   37.74   0.25415432319754305
58.4588   38.9826   0.2606964134774386
34.476   26.4108   0.45566774079366196
35.1734   27.6458   0.37108007222161543
36.5934   27.6579   0.31319963282226354
37.2904   28.893   0.22933133235561093
38.7105   28.9058   0.17834531112423402
39.4072   30.1412   0.11376682293181947
40.8273   30.1548   0.09348422326788841
41.5238   31.3908   0.11981598390866047
42.944   31.4053   0.14663389785448827
43.6403   32.642   0.21391806842808184
45.0606   32.6575   0.23892310478478118
45.7566   33.895   0.30333155127681716
47.1771   33.9114   0.3163887482196553
47.8727   35.1499   0.3708139560480443
49.2931   35.1672   0.36935981102442633
49.9882   36.4067   0.41173355461997463
51.4083   36.4249   0.3953327332766655
52.1027   37.6653   0.42538233390680286
53.5223   37.6845   0.3949592510626896
54.2158   38.9258   0.413652378211463
55.635   38.946   0.37139559771219566
36.5669   30.1154   0.19013439983337974
37.2647   31.3496   0.12185655501448849
38.6849   31.364   0.1023094326052119
39.3825   32.5989   0.13208943939618992
40.8028   32.6141   0.16357044354039135
41.5002   33.8497   0.2376501209761924
42.9206   33.8658   0.26935277982601
43.6177   35.1024   0.34142555557544424
45.0382   35.1194   0.3627685074534453
45.735   36.3569   0.42483456780257683
47.1555   36.3747   0.43257815478824235
47.8518   37.6134   0.4822192965861065
49.2721   37.632   0.4752920260218954
49.9676   38.8717   0.5116337068645899
51.3877   38.8911   0.49026054297689503
38.661   33.8218   0.1767630334657116
39.3594   35.0564   0.25589695191619494
40.7799   35.0732   0.293376583932665
41.4781   36.3087   0.3716024354064431
42.8987   36.3264   0.4001489347730434
43.5965   37.563   0.468664848265795
45.0171   37.5815   0.4848663836563642
45.7144   38.8193   0.5406177022628846
47.135   38.8384   0.5429558821856504
40.7584   37.5324   0.42900975513384443
41.4571   38.7682   0.5025868581648332
42.8779   38.7873   0.5263408211415859
48.0319   20.3684   0.1646925317068138
43.7781   20.3348   0.30562069628871685
45.1973   20.3432   0.2497522972867316
45.8896   21.5829   0.20907249938717468
47.3091   21.5924   0.16325914982015582
48.001   22.8325   0.12729434394347444
49.4206   22.8432   0.09449645495996128
50.1122   24.0838   0.06703357367767354
39.5219   20.3032   0.47698819691895844
40.9412   20.3111   0.41412395487341613
41.6348   21.5497   0.3617783437410256
43.0541   21.5584   0.3032685113888339
43.7473   22.7973   0.2508617946200651
45.1668   22.8069   0.20025171659688687
45.8596   24.0462   0.1517826076993005
47.2793   24.0568   0.11300668121841302
47.9718   25.2966   0.07503932302466723
49.3916   25.3085   0.053934219193380754
50.0839   26.5487   0.048140004154549484
51.5037   26.5619   0.046438023213743115
52.1957   27.8027   0.06724834570455994
56.3274   40.1882   0.38071813720914316
57.7461   40.2093   0.3296867300938872
58.4376   41.4522   0.33207947843852303
59.8559   41.474   0.2760714943633247
60.5469   42.7173   0.27449100167400603
52.0821   40.1318   0.5137062584785211
53.5017   40.1521   0.47928473791682646
54.1951   41.3937   0.4913304488834388
55.6142   41.4148   0.4463461213004984
56.3064   42.6573   0.44939628391876946
57.725   42.6791   0.39706076361182013
58.4163   43.9222   0.3937251071496445
59.8347   43.9445   0.33763355875860435
60.5254   45.1879   0.3307553930021397
61.9436   45.2102   0.2746834177739893
62.6342   46.4537   0.2668397646528723
47.8315   40.0774   0.5846545475748902
49.2519   40.0973   0.5727095686296846
49.9474   41.3373   0.6004601735335987
51.3674   41.3579   0.5747794446568188
52.0617   42.599   0.5895507018060457
53.4812   42.6203   0.5520790704237927
54.1742   43.8624   0.5558326096946822
55.5933   43.8842   0.5091915258525023
56.285   45.1271   0.5045425056424881
57.7037   45.1494   0.45195913532088267
58.3945   46.3929   0.44166577861546047
59.8129   46.4153   0.38661805441546776
60.5033   47.6589   0.3735265987851463
61.9216   47.6811   0.31932763738831005
62.612   48.9246   0.30574173741902044
64.0305   48.946   0.25552209297827766
64.7213   50.1891   0.24321381539707304
43.5762   40.0243   0.5871409200524187
44.9969   40.0441   0.5979207054451287
45.6945   41.2823   0.6443131536760687
47.1151   41.3028   0.6414096195100305
47.8116   42.5422   0.6729913966760639
49.2319   42.5632   0.656217433477655
49.9272   43.8038   0.6736067250258118
51.3471   43.8254   0.6444054856998057
52.0409   45.067   0.6490398678047468
53.4603   45.0891   0.6092535596941567
54.1527   46.3317   0.6037000662580723
55.5717   46.3542   0.5562742219445386
56.2628   47.5975   0.543080040141415
57.6815   47.6202   0.49130330754026025
58.3718   48.8638   0.47339105399236414
59.7903   48.8864   0.4203600123703514
60.4802   50.1301   0.4004699988763211
61.8987   50.152   0.34912390350705125
62.5887   51.3955   0.3292912085069992
64.0074   51.4164   0.282200690998446
64.6978   52.6594   0.2641758126702763
66.1167   52.679   0.22395144563052002
66.8077   53.9215   0.20934399919749272
42.8579   41.2488   0.6408745665104851
43.5563   42.4863   0.6911570660855619
44.9771   42.5074   0.696389294863153
45.6746   43.7462   0.7313152603357875
47.0952   43.7678   0.7231827569847046
47.7913   45.0078   0.7429929811243163
49.2116   45.0299   0.7220088849868809
49.9062   46.271   0.7277590054406761
51.3261   46.2935   0.6955694142211828
52.0191   47.5357   0.6893890991305293
53.4385   47.5586   0.648165966400583
54.13   48.8015   0.6324861658566134
55.549   48.8246   0.5852557133424681
56.2394   50.0682   0.5632475565859126
57.6581   50.0912   0.5129720167806413
58.3477   51.335   0.487386961253581
59.7664   51.3575   0.4371717511459324
60.4558   52.6012   0.4102745544144821
61.8745   52.6228   0.36253103315440144
62.5641   53.8662   0.33645995304047616
63.9829   53.8865   0.2933457516310723
64.6729   55.1295   0.26976673256723077
66.092   55.1484   0.2336437673039906
66.7825   56.3908   0.21465940463906633
68.2019   56.4082   0.18783122743569827
68.8929   57.6501   0.17555118911588255
44.9572   44.9714   0.7760209339959858
45.6542   46.2109   0.7980612570473535
47.0747   46.2336   0.7850171144631185
47.7702   47.4742   0.7920250627347597
49.1903   47.4972   0.7673200114684894
49.8841   48.7389   0.7608801942487389
51.3038   48.7622   0.7262914979538186
51.9959   50.0048   0.7088357285013231
53.4152   50.0284   0.666878317236359
54.1058   51.2717   0.641288788300562
55.5248   51.2952   0.5949125061721268
56.2143   52.539   0.5641721900271235
57.6331   52.5621   0.51632334830027
58.3221   53.806   0.48311722180025585
59.7409   53.8283   0.4362370227296166
60.4298   55.072   0.4029027798365254
61.8487   55.0932   0.3591738715441349
62.5378   56.3365   0.3275233884778316
63.9568   56.3562   0.28891682194015744
64.6464   57.5991   0.26119806660846634
66.0656   57.6173   0.22999715215628302
66.7556   58.8596   0.20854575037626377
68.1751   58.8762   0.18699240626293037
47.0531   48.6999   0.8247709803333286
47.7475   49.9411   0.8185225959006899
49.1676   49.9649   0.7904868626359307
49.8602   51.2072   0.7718110455286327
51.2798   51.2312   0.7355119917445267
51.9708   52.4742   0.7071035426300742
53.3901   52.4982   0.6650941061233359
54.0796   53.7418   0.6300701945021675
55.4987   53.7656   0.5852188735849181
56.1874   55.0095   0.5464780141963622
57.6063   55.0327   0.5013618354043295
58.2946   56.2765   0.46153671576592886
59.7136   56.2986   0.41835665406444855
60.402   57.5422   0.3794522499603877
61.8211   57.563   0.3402172982080727
62.5097   58.8062   0.30447372628849195
63.9289   58.8253   0.271064660182768
49.1428   52.4328   0.791226427768941
49.8342   53.6755   0.7608064405615942
51.2537   53.7001   0.7233505789034798
51.9435   54.9434   0.6848825008715
53.3627   54.9679   0.6434146252611914
54.0513   56.2116   0.5999395802912139
55.4705   56.2356   0.5571481041877456
56.1584   57.4795   0.5115810590708001
57.5775   57.5026   0.4697017138567839
58.2652   58.7463   0.4243163089017437
59.6844   58.7682   0.3853167528151338
51.2251   56.1687   0.6910710961977811
51.9137   57.4122   0.6437898803181038
53.333   57.437   0.6035154761893005
54.0207   58.6807   0.5530393656874711
55.4399   58.7048   0.5127447708168272
68.8655   60.1181   0.17483586588569003
70.2852   60.1332   0.1637597630677322
70.9762   61.3747   0.16198073959579035
64.618   60.0681   0.2413484824895298
66.0374   60.0855   0.21618038763958608
66.7268   61.3278   0.19612470522604167
68.1464   61.3437   0.18141427727717782
68.8364   62.5855   0.17437861107372174
70.2561   62.5999   0.16925321267261223
70.9467   63.8413   0.17450561595547318
72.3666   63.8542   0.17368480071670112
73.0577   65.0952   0.1859245008061055
60.3722   60.0116   0.3424818973318179
61.7915   60.032   0.30832069343461094
62.4797   61.275   0.2710077858660132
63.8991   61.2936   0.2440073974288486
64.5877   62.5362   0.21647598019179676
66.0072   62.5531   0.19926708207829855
66.6963   63.7952   0.18676686001536802
68.1159   63.8105   0.18046719923575721
68.8055   65.0522   0.18457827607819646
70.2253   65.0658   0.18496737550173137
70.9155   66.3071   0.20060221833270506
72.3354   66.3192   0.20123903696847692
73.0263   67.5601   0.22153216470752202
74.4463   67.5707   0.21738495808127953
75.1379   68.8111   0.2377494900099671
56.1272   59.9486   0.46173430671761834
57.5465   59.9716   0.42351105062324035
58.2337   61.2152   0.37453168090296557
59.653   61.2368   0.34019200460915966
60.3405   62.48   0.2962915456100605
61.7599   62.4999   0.2682760518570358
62.4477   63.7427   0.23409314385517624
63.8673   63.7609   0.2155647002642112
64.5555   65.0033   0.19773343167000493
65.9752   65.0197   0.19076066156313162
66.6639   66.2617   0.19354493018418675
68.0836   66.2763   0.19526832820506373
68.7729   67.5179   0.2141000233535741
70.1928   67.5309   0.21786631221921549
70.8827   68.772   0.24428802672255379
72.3027   68.7834   0.24444561767395392
72.9933   70.0241   0.2724544916128213
74.4133   70.0339   0.26567555401278725
75.1046   71.2742   0.2920118490746511
76.5246   71.2826   0.2764448950514415
77.2164   72.5226   0.2992266365148633
53.3007   59.9051   0.5477843097424379
53.9877   61.1489   0.4919589515396595
55.4071   61.173   0.45466151145660094
56.0938   62.4166   0.40031954736185826
57.5132   62.4395   0.36634635251357556
58.2001   63.6828   0.3165369330741669
59.6196   63.7042   0.2883844309251101
60.3067   64.9471   0.24817223857636492
61.7263   64.9668   0.22889187403663455
62.4138   66.2093   0.20633005113167296
63.8335   66.2271   0.19916548395743477
64.5214   67.4693   0.2008604988543086
65.9412   67.4853   0.20417881868596965
66.6297   68.7271   0.2259803088766781
68.0495   68.7412   0.2328966079615561
68.7386   69.9826   0.2649514106397687
70.1585   69.9949   0.2694591991378284
70.8482   71.2359   0.30455741659004604
72.2682   71.2465   0.30305789875863026
72.9586   72.4872   0.33731855863560095
74.3786   72.4962   0.3276211989478105
75.0695   73.7365   0.35871800902659073
76.4895   73.744   0.3394192245586584
77.1809   74.984   0.36628867031345297
78.6008   74.9902   0.33682649836377454
79.2924   76.2301   0.3585176983079061
55.3719   63.6399   0.38685947060915993
56.0583   64.8833   0.3320128160177007
57.4778   64.9061   0.30356885545127493
58.1644   66.1491   0.2583465308456916
59.584   66.1703   0.2386486538826478
60.271   67.413   0.21209521446745777
61.6907   67.4324   0.20519407886194116
62.378   68.6747   0.20596798294880392
63.7977   68.6922   0.21106856705819801
64.4855   69.9342   0.23585067309635077
65.9054   69.9497   0.24598721511493807
66.5937   71.1913   0.28321756654557734
68.0136   71.2049   0.29196588841849325
68.7025   72.4462   0.33358348280453254
70.1225   72.4579   0.3371402230526599
70.8119   73.6988   0.3785502872803073
72.232   73.7087   0.3748025613573038
72.9221   74.9493   0.4135705260291148
74.3421   74.9576   0.4008144832712505
75.0327   76.1979   0.4353559233546737
76.4526   76.2046   0.4126855219171156
77.1435   77.4447   0.4419726914640755
78.5634   77.4502   0.40893116780211286
79.2545   78.6902   0.432389222807414
80.6741   78.6947   0.3892495472058989
57.4403   67.3713   0.24463938767091423
58.1267   68.6141   0.21439491598449625
59.5465   68.6351   0.20806941149529018
60.2332   69.8775   0.2083778779045319
61.653   69.8967   0.21572151028582653
62.3402   71.1388   0.24350622168642724
63.7601   71.156   0.25692841415460943
64.4477   72.3978   0.29903354326897924
65.8676   72.4129   0.31175769437176376
66.5558   73.6544   0.35916553286750363
67.9758   73.6675   0.36756245727767706
68.6645   74.9086   0.4152726935400441
70.0845   74.9198   0.41713428293536414
70.7738   76.1606   0.4626460418073414
72.1939   76.17   0.4564238600248669
72.8837   77.4105   0.4978084470958701
74.3038   77.4182   0.48221251539129434
74.994   78.6585   0.5184006751538809
76.414   78.6647   0.49259871091995233
59.5069   71.0986   0.21775024684256902
60.1936   72.3408   0.24885411389005224
61.6135   72.3597   0.2654013941184177
62.3005   73.6017   0.3122230773021045
63.7205   73.6186   0.32875986677208685
64.408   74.8602   0.381217549438639
65.828   74.875   0.3941330993458957
66.516   76.1163   0.44730071540295807
67.9361   76.1291   0.45449727171898463
68.6247   77.3701   0.5056812434726028
70.0448   77.3808   0.5055231547614747
70.7339   78.6216   0.5529749542248736
72.1541   78.6304   0.5442302545798026
61.5721   74.8216   0.34290094779688207
62.2591   76.0634   0.39994940930072864
63.6791   76.08   0.4169388444364476
64.3665   77.3216   0.47487111935766196
65.7866   77.3361   0.4867375884396061
66.4746   78.5773   0.542882455048969
67.8948   78.5897   0.5481880243128254
63.6361   78.5406   0.5141169614008074
52.5991   0.713044   0.3281613790134371
54.0188   0.721301   0.3757709291909114
54.7088   1.96234   0.3598112128602986
56.1288   1.97236   0.3975022621319273
56.8179   3.21384   0.37210821759267937
48.3375   0.678177   0.16638238719587853
49.7566   0.683619   0.2236459035372664
50.4471   1.9242   0.217619507397659
51.8664   1.93079   0.2713988511397946
52.5562   3.17179   0.25935637663261574
53.9758   3.17988   0.30527677671254405
54.665   4.42128   0.28543317974615384
56.0849   4.43124   0.3205208018210354
56.7733   5.67298   0.29134724985830823
58.1934   5.68508   0.3136864722935943
58.8812   6.92709   0.2744142714947589
44.0771   0.648041   0.08592317861904451
45.4959   0.651851   0.07216570465948645
46.1868   1.89209   0.0700398465161071
47.6056   1.89644   0.10844290156575673
48.2959   3.13702   0.10414717903044758
49.7149   3.14227   0.15835972373049798
50.4046   4.38321   0.15003415244536802
51.8238   4.38974   0.20208975258533143
52.5131   5.63102   0.18770938308992646
53.9326   5.63918   0.23139023661338992
54.6213   6.88079   0.20910181347850806
56.0411   6.89088   0.24107356242442052
56.7292   8.13276   0.20977478399464458
58.1492   8.145   0.22823543633712912
58.8368   9.38709   0.18727087760781308
60.2569   9.40163   0.19171770940630276
60.9439   10.6439   0.14112536979579596
39.8173   0.620218   0.24802397861698866
41.2362   0.623473   0.18549420476122505
41.9273   1.86353   0.18915921045510792
43.346   1.86678   0.12492730846376054
44.0366   3.10705   0.12635333632318443
45.4553   3.11064   0.06937515693675857
46.1455   4.35118   0.06927373239547553
47.5642   4.35547   0.05486028071382987
48.2541   5.5963   0.05091870874246535
49.6729   5.60163   0.09238937222429812
50.3624   6.84277   0.0835254338510124
51.7815   6.84949   0.13217311980883234
52.4705   8.09094   0.11702844995982896
53.89   8.09936   0.15758386211792264
54.5786   9.34108   0.13476738329432703
55.9983   9.35145   0.16304555069059856
56.6864   10.5934   0.13135665190617446
58.1063   10.6059   0.14568036930211364
58.7939   11.8481   0.10489065735326597
60.2138   11.8628   0.10479150728947527
60.9009   13.1052   0.055980443013609306
62.3207   13.1222   0.0427941584798671
63.0072   14.3647   0.022397544508272978
39.0866   1.83934   0.30586910010656443
39.7775   3.07947   0.31286043869431707
41.1963   3.08247   0.2468463862405115
41.8869   4.32275   0.25014962802290935
43.3055   4.32591   0.18123180984584428
43.9959   5.56639   0.18226027652782617
45.4144   5.57004   0.11421815135957955
46.1045   6.81075   0.11482398747648484
47.5231   6.81524   0.0545662908763248
48.2128   8.0562   0.05557195785645834
49.6317   8.06186   0.035698453748029324
50.3211   9.30309   0.02992494778608679
51.7403   9.31023   0.06600038181707683
52.4294   10.5517   0.052065919755633364
53.8488   10.5606   0.0882566144829944
54.5375   11.8024   0.06658956374688343
55.9572   11.8132   0.09058255902766336
56.6455   13.0552   0.06060709529419841
58.0652   13.068   0.07027296777566829
58.753   14.3103   0.03255656615799706
60.1727   14.3253   0.028776031693060165
60.8599   15.5679   0.024803830349362416
62.2795   15.585   0.04312934036129087
62.9661   16.8279   0.09424229411469127
64.3856   16.8472   0.1251462344619281
65.0717   18.0903   0.18199401089046677
41.1561   5.54193   0.3095450532636555
41.8467   6.78232   0.3104773532803963
43.2653   6.78568   0.24007481250643428
43.9557   8.02623   0.2385634592723711
45.3742   8.03022   0.16895595313572212
46.0644   9.27096   0.16711289716835032
47.4831   9.27591   0.10204561774030248
48.173   10.5169   0.10200794086736523
49.5919   10.5231   0.04586687257705563
50.2816   11.7644   0.04909470439874079
51.7007   11.772   0.015777832550765702
52.3901   13.0136   0.014962954253753167
53.8095   13.023   0.027832534918689113
54.4985   14.2649   0.009777525249262795
55.9181   14.2761   0.028174279050226615
56.6065   15.5183   0.0037563279941985363
58.0262   15.5315   0.010469479452198692
58.7141   16.774   0.030269786916988457
60.1337   16.7893   0.04206352339022403
60.8211   18.0321   0.08219896593023533
62.2405   18.0494   0.1068749736842073
62.9273   19.2926   0.153120801983271
64.3465   19.312   0.1888221650124783
43.226   9.2462   0.2935332519494161
43.9168   10.4867   0.2874399067631354
45.3354   10.4913   0.21856726653366948
46.0259   11.732   0.21218242151507194
47.4447   11.7376   0.14865910668371346
48.135   12.9785   0.1441308780241057
49.5539   12.9854   0.08934729990324256
50.2439   14.2267   0.08890809861874041
51.6632   14.235   0.04571258032533224
52.3528   15.4766   0.05101460575168595
53.7723   15.4866   0.021653175286779465
54.4615   16.7286   0.03411539242043095
55.8811   16.7404   0.0206431586730325
56.5697   17.9827   0.04136834538629854
57.9894   17.9964   0.043937341749359
58.6775   19.239   0.07198013614880024
60.0969   19.2547   0.08918800367762561
45.2983   12.9532   0.2562029468995227
45.9893   14.1938   0.2430945906432295
47.4081   14.2002   0.18262729806904518
48.0988   15.4411   0.1716290767906181
49.5179   15.4488   0.12093250183470086
50.2082   16.69   0.11410718645203721
51.6276   16.6991   0.07601670868960288
52.3175   17.9407   0.07514073462510196
53.7371   17.9514   0.05164426396028911
54.4265   19.1934   0.05795955486371385
55.8461   19.2059   0.05054443589555627
47.3734   16.6637   0.1984929721677806
48.0645   17.9045   0.1794200378998956
49.4837   17.913   0.13383788701260838
50.1744   19.1541   0.11931621851198491
51.5939   19.1641   0.08719019440281095
55.7015   31.5421   0.1249909596730917
56.3931   32.784   0.1404372457719094
57.8122   32.8024   0.10155560053488055
58.5032   34.045   0.11010626685162052
59.9218   34.0647   0.06745917283809569
60.6123   35.3078   0.0718791346636856
62.0305   35.3289   0.05410369673136725
62.7207   36.5724   0.057811849996344256
64.1387   36.5944   0.09303531587521056
64.829   37.838   0.0959081331274875
66.2471   37.8605   0.15033791936833435
66.938   39.1038   0.15109407665424854
68.3562   39.1265   0.2081434841641686
57.7892   35.271   0.17587319295446893
58.4805   36.5136   0.1846467167322485
59.899   36.5342   0.13367108887115187
60.5898   37.7773   0.13788477073266575
62.008   37.7989   0.08959626108270645
62.6985   39.0423   0.09243808738826334
64.1165   39.0645   0.071232085467159
59.8772   39.0039   0.20619810862372417
65.0329   20.5555   0.2384943814851824
66.4519   20.5769   0.2825280517046054
67.138   21.8208   0.333018693169016
60.7845   20.4977   0.12350506062506009
62.2038   20.5154   0.1534542928692447
62.8908   21.7588   0.1923835232030018
64.3098   21.7784   0.2328287568149595
64.9965   23.0222   0.2740235573814778
66.4153   23.0438   0.3219196483596496
67.1019   24.2879   0.36287613589212436
68.5206   24.3111   0.4150541290000613
69.2073   25.5555   0.4532742767905534
56.5351   20.4482   0.06447650734957545
57.9546   20.4625   0.07312858538218754
58.643   21.7053   0.09413384088626116
60.0624   21.7214   0.11730396412739078
60.7502   22.9646   0.14404266728993845
62.1693   22.9826   0.17952796439552296
62.8568   24.2262   0.21008324540524362
64.2756   24.2462   0.25522245199041543
64.9627   25.4902   0.2873411039165818
66.3814   25.5119   0.33885102921490384
67.0685   26.7562   0.3699000946201553
68.487   26.7795   0.4247178475176194
69.1745   28.0239   0.4524776790074835
70.5931   28.0483   0.5075785062431233
71.2813   29.2925   0.5301249475359546
52.2842   20.4057   0.07897423630526475
53.7038   20.4172   0.061840197282997875
54.3936   21.6591   0.06091321695658547
55.8132   21.6723   0.059856912716911376
56.5025   22.9147   0.06640873436529286
57.922   22.9296   0.08130565785970813
58.6108   24.1724   0.09467037551420217
60.03   24.1891   0.12393675806636184
60.7183   25.4324   0.14270504546090934
62.1372   25.4509   0.18366194488788384
62.8252   26.6946   0.20584173532109507
64.2438   26.7149   0.2554251553782443
64.9315   27.959   0.2785482722976394
66.35   27.981   0.33344476304179754
67.0378   29.2253   0.3551883303263207
68.4562   29.2486   0.4121940077196671
69.1446   30.4929   0.4303192303395223
70.5631   30.5171   0.4868292205691833
71.2525   31.761   0.4996587735645193
72.6712   31.7856   0.5535252207442763
73.3621   33.0287   0.5600966434464686
49.4513   20.378   0.12499543991682273
50.1424   21.6189   0.10257070731938886
51.562   21.6298   0.07696583657701651
52.2528   22.8712   0.061916799012869804
53.6724   22.8836   0.051345204255120354
54.3627   24.1255   0.04408843385741814
55.7823   24.1394   0.04848608047677203
56.4721   25.3818   0.04831531848182252
57.8915   25.3974   0.06840979462036072
58.5808   26.6402   0.0747133856815486
59.9999   26.6575   0.10938116839748863
60.6887   27.9008   0.12077172682378882
62.1075   27.9199   0.1667134667625851
62.796   29.1636   0.18105261666156588
64.2144   29.1844   0.2347667778881842
64.9028   30.4285   0.2498023618783448
66.3211   30.4507   0.307615165425894
67.0097   31.6949   0.3210539051312105
68.428   31.7181   0.3798879571663202
69.1174   32.9621   0.3897582455830783
70.5358   32.986   0.4471972607250619
71.2263   34.2294   0.45205890102950175
72.6451   34.2535   0.5062304415975004
73.3372   35.496   0.5051882916299628
74.7563   35.5201   0.5549012704977359
75.4503   36.7615   0.5475236981172602
51.532   24.0958   0.049369119903030674
52.2232   25.337   0.03648410612855828
53.643   25.3504   0.0308060059079426
54.3338   26.592   0.031109001912627013
55.7534   26.6069   0.027849955116660434
56.4438   27.8491   0.028825162618795832
57.8631   27.8656   0.040132405858607306
58.553   29.1083   0.04166353321551037
59.9719   29.1264   0.07697200789897546
60.6614   30.3696   0.08241717054109514
62.0799   30.3894   0.13156545899285124
62.769   31.633   0.13968278347741947
64.1873   31.6543   0.19616273856163452
64.8764   32.8982   0.2048191885541983
66.2945   32.9206   0.2646154568425654
66.984   34.1646   0.27151865497604494
68.4022   34.1878   0.33158801244918523
69.0925   35.4313   0.33506014385480076
70.5109   35.4548   0.3928608023206161
71.2026   36.6977   0.39166017157735067
72.6213   36.7211   0.44562337236729427
73.3145   37.963   0.43909867911438744
74.7337   37.9862   0.4880022643390091
75.4286   39.227   0.47574377557672654
76.8482   39.2498   0.518682031691863
53.6154   27.8172   0.05959345601658007
54.307   29.0586   0.07826506244806858
55.7265   29.0745   0.058124521503407856
56.4176   30.3165   0.0700163552321893
57.8367   30.3339   0.0423576439382565
58.5272   31.5765   0.047926088928683025
59.946   31.5955   0.04219312740245761
60.636   32.8386   0.045227646412346036
62.0543   32.859   0.08516026068536997
62.744   34.1026   0.08943097897261283
64.1622   34.1243   0.1452574955036736
64.8519   35.3681   0.14961236579908646
66.27   35.3906   0.2096819019371964
66.9602   36.6342   0.21218616825797051
68.3784   36.6572   0.27209977949274444
69.0696   37.9004   0.2713900698257024
70.488   37.9234   0.32869990873135346
71.1806   39.1657   0.32370733695731924
72.5994   39.1884   0.37661387388145845
69.0481   40.3692   0.2057415125831443
70.4666   40.3916   0.26066073735796735
71.1598   41.6335   0.2542966771312569
72.5787   41.6553   0.3049247448141911
73.2733   42.8962   0.29401498261142994
74.6927   42.9175   0.33896044016964494
75.3886   44.1574   0.3230328001921795
76.8084   44.1781   0.3610367432824534
77.5055   45.4171   0.3395945082005865
78.9256   45.4373   0.3696224425004517
79.6238   46.6755   0.3421094269382241
81.0442   46.6952   0.36310380058600233
81.7432   47.9326   0.3289152778452225
64.8072   40.3079   0.07480414427021474
66.2253   40.3304   0.10081046572653103
66.9167   41.5734   0.10257650803180933
68.335   41.5956   0.14883799918031637
69.0274   42.838   0.1472504668922996
70.446   42.8596   0.19616454827516666
71.1396   44.1011   0.19075232632919822
72.5587   44.122   0.2367233406320541
73.2536   45.3627   0.227115587311834
74.673   45.3828   0.26768445976559946
75.369   46.6226   0.2532540424159088
76.7888   46.6421   0.2869929790081978
77.4858   47.8811   0.26731294394398564
78.906   47.9   0.2926750074741585
79.6038   49.1383   0.26732949706308123
81.0242   49.1567   0.2832309305143065
81.7226   50.3943   0.2519442795540336
83.1433   50.4121   0.2575565568957626
83.8423   51.649   0.2202936449378403
60.5682   40.2471   0.20846325815356637
61.9863   40.2691   0.15349456016419724
62.677   41.5125   0.15405927430700478
64.0951   41.5348   0.1078015769828998
64.7861   42.778   0.10930059469188766
66.2042   42.8001   0.08971254092934647
66.8959   44.043   0.09269525338440696
68.3144   44.0645   0.1091815460597656
69.007   45.3067   0.11046886439174042
70.4258   45.3274   0.14461714974372641
71.1195   46.5688   0.14241365805287137
72.5387   46.5886   0.17948075105704028
73.2335   47.8291   0.1730223395980984
74.6531   47.8481   0.20686041187235432
75.3489   49.0879   0.195949126050615
76.7688   49.1062   0.22349662189840758
77.4653   50.3453   0.2077408241054213
78.8855   50.363   0.22714418328453934
79.5827   51.6014   0.20623089002377817
81.0032   51.6185   0.2162609766000303
81.7009   52.8563   0.19013587247018934
83.1216   52.8727   0.18999078925042703
83.8197   54.11   0.1597111142031136
85.2405   54.1257   0.149871745168997
85.9391   55.3623   0.1190163854265419
61.965   42.7395   0.21783523590089957
62.6558   43.9829   0.21479709029686914
64.0739   44.0051   0.16302186969851473
64.765   45.2483   0.16089798009919049
66.1833   45.2699   0.1217557390844521
66.8751   46.5126   0.12206260688679449
68.2937   46.5334   0.1064395603147634
68.9864   47.7754   0.1086694989405972
70.4053   47.7952   0.1180519377223431
71.099   49.0365   0.11931529658848737
72.5183   49.0552   0.14117666237732232
73.2128   50.2958   0.13932458505231485
74.6325   50.3136   0.16280912136609235
75.3277   51.5535   0.15698238754713822
76.7478   51.5706   0.17634996455911103
77.4436   52.8099   0.16618465633144516
78.8639   52.8262   0.17834657271728163
79.5603   54.065   0.16368365831688594
80.9808   54.0806   0.16721187158811193
81.6778   55.3188   0.14853534932803197
83.0984   55.3337   0.14294537418188813
83.7958   56.5713   0.12272884746464628
85.2164   56.5854   0.11064194502989959
85.9143   57.8225   0.09734526182613666
87.3349   57.8358   0.09095850702380624
88.0333   59.0723   0.10284906416686186
64.0525   46.4755   0.21469014881917461
64.7435   47.7187   0.20781821383121854
66.162   47.7397   0.16419753347721552
66.8537   48.9823   0.15998428047780427
68.2725   49.0022   0.13075572645203368
68.965   50.2442   0.13007420958821878
70.3841   50.263   0.11987614441580868
71.0774   51.5042   0.12148571932535836
72.4969   51.5219   0.1268426190205833
73.1909   52.7626   0.12828729477231787
74.6107   52.7793   0.13984655877067448
75.3053   54.0194   0.13885186350927847
76.7254   54.0352   0.1491520700493308
77.4205   55.2748   0.14461026934488597
78.8408   55.2898   0.14953748693889476
79.5365   56.5288   0.1413011677234095
80.9569   56.543   0.13878764354221027
81.6531   57.7816   0.12819937597351602
83.0737   57.7949   0.11888944444314757
83.7704   59.0329   0.10948703119547398
85.1909   59.0454   0.09973113856765671
66.14   50.2094   0.2001990259716606
66.8314   51.452   0.19085083180326956
68.2504   51.471   0.158645800448671
68.9425   52.713   0.15354771245446538
70.3618   52.7308   0.13567866449814936
71.0546   53.9721   0.13487368164322922
72.4742   53.9887   0.13045006707549178
73.1675   55.2295   0.13220173977675986
74.5874   55.2451   0.1350786807753159
75.2813   56.4854   0.1366752355037267
76.7014   56.5   0.13983708377966445
77.3959   57.7398   0.13943403458266507
78.8161   57.7535   0.13837011960680295
79.5111   58.9928   0.1351554290437518
80.9315   59.0056   0.12834738018362357
68.2269   53.9397   0.1787179341868069
68.9185   55.1816   0.1692737723334591
70.338   55.1985   0.150658454790963
71.0301   56.4399   0.14725287773080004
72.4498   56.4555   0.13983011120642017
73.1425   57.6964   0.14108242271806712
74.5625   57.7109   0.1399635666879061
75.2557   58.9514   0.14287004584586746
76.6758   58.9648   0.14183740691368277
70.3125   57.666   0.1595647204114981
71.004   58.9075   0.155286187408931
72.4238   58.9221   0.14882919740427258
77.5448   40.4895   0.5001144069110586
73.2934   40.4297   0.36677634874675225
74.7127   40.452   0.41429237260659274
75.4083   41.6923   0.3991336117141737
76.8279   41.714   0.44012381212563206
77.525   42.9533   0.41909867573162224
78.945   42.9747   0.452631538892287
79.6433   44.213   0.42509298982693294
85.8881   60.2829   0.10139023621631224
87.3086   60.2946   0.10673996439946797
88.0062   61.5316   0.12719956760932952
89.4265   61.5427   0.154382447188796
90.1245   62.7793   0.18634685401154455
81.6271   60.2444   0.123409764605559
83.0475   60.2563   0.11276351360258745
83.7436   61.4946   0.10989094594187714
85.1639   61.5056   0.10411267934310366
85.8606   62.7434   0.11085332651751911
87.2808   62.7536   0.12336786453529992
87.9778   63.991   0.14256651079408544
89.398   64.0007   0.1749821990946477
90.0952   65.2378   0.20143259418475715
91.5152   65.247   0.24656542742241527
92.2125   66.484   0.27542145885896535
77.3696   60.2048   0.14376512094385513
78.7899   60.2172   0.13883871938331752
79.4843   61.4567   0.13854995488992028
80.9046   61.4682   0.12867765928863328
81.5996   62.7072   0.12661437517122442
83.0199   62.7177   0.11456216652979845
83.7155   63.9562   0.11361734022587355
85.1357   63.9658   0.10905759946010214
85.8317   65.2039   0.11485821694593452
87.2518   65.2127   0.13015625225090371
87.9481   66.4505   0.14494047053877054
89.3681   66.4588   0.18026474974325404
90.0645   67.6964   0.20037694478157994
91.4843   67.7044   0.24804427024223105
92.1807   68.942   0.26980819112843896
93.6005   68.9499   0.3239147109965839
94.2966   70.1877   0.34438045821445845
73.1159   60.1631   0.15086394532822756
74.5359   60.1766   0.1488223773496476
75.2285   61.4172   0.1535402878725958
76.6486   61.4295   0.15022136998442717
77.3419   62.6695   0.1543597745528292
78.7621   62.6808   0.1463836739530742
79.456   63.9203   0.14828570396366667
80.8762   63.9305   0.13485380973484132
81.5708   65.1696   0.134502676553304
82.9909   65.1788   0.11873811519473097
83.686   66.4175   0.11784230988910356
85.106   66.4259   0.10964916780349684
85.8015   67.6642   0.11244758779092892
87.2214   67.6718   0.12544165974668256
87.917   68.9099   0.1349057448739637
89.3367   68.9171   0.1705370634202435
90.0323   70.1551   0.18438299813160935
91.4519   70.162   0.23360774815917365
92.1472   71.4001   0.24856478028875953
93.5668   71.4071   0.30417324011161995
94.2617   72.6455   0.3175468469375859
95.6814   72.6528   0.3748430204765716
96.3757   73.8915   0.38446860730103544
72.396   61.3884   0.15827687765431475
73.0876   62.6295   0.1640103045543175
74.5076   62.6419   0.1619032427099606
75.1998   63.8825   0.17037620138974685
76.6199   63.8937   0.16485566414291353
77.3127   65.1338   0.1725396765964277
78.7329   65.1439   0.16099145940079965
79.4264   66.3835   0.1659115728332408
80.8465   66.3925   0.147747791861668
81.5406   67.6317   0.14954601298596973
82.9606   67.6397   0.12727713855991724
83.6552   68.8785   0.12673476239769482
85.0751   68.8857   0.10900458705944902
85.7698   70.1243   0.1090789163862613
87.1895   70.1308   0.11211141779497588
87.8843   71.3692   0.11644797121462137
89.3038   71.3753   0.14777540390741412
89.9983   72.6138   0.15573121074466567
91.4178   72.6197   0.20479536127559272
92.1119   73.8584   0.2135650954627207
93.5313   73.8645   0.27012249073336997
94.2249   75.1035   0.27720512260779334
95.6444   75.11   0.33513322723955763
96.3373   76.3495   0.33823818530733574
97.7569   76.3569   0.3933502510486046
98.449   77.5968   0.3904725086353701
74.4777   65.1067   0.18345383615504174
75.1696   66.3472   0.1974067121452571
76.5896   66.3574   0.18909026944822124
77.2822   67.5975   0.20164161276878997
78.7022   67.6065   0.18555589454393048
79.3954   68.8461   0.19485661394985432
80.8154   68.854   0.17063698309568565
81.5091   70.0933   0.17611751758414615
82.9289   70.1002   0.1455304779075479
83.6228   71.3392   0.14738812706591747
85.0425   71.3452   0.11613207997793719
85.7365   72.5841   0.11580595839593728
87.1559   72.5896   0.0988418939519109
87.8498   73.8285   0.09919369939668486
89.269   73.8335   0.11610900051245404
89.9625   75.0726   0.11913311882092283
91.3817   75.0776   0.16404054376891333
92.0746   76.3169   0.16769075704999858
93.4938   76.3221   0.22376116731908205
94.1861   77.5618   0.22564691444821766
95.6054   77.5677   0.28373729046426044
96.297   78.8078   0.28161541151009417
97.7165   78.8146   0.33629101980278764
76.5579   68.8204   0.22591445283558914
77.2501   70.0604   0.2437446614800021
78.6701   70.0684   0.22293873597919617
79.3629   71.3081   0.2369929534817432
80.7827   71.3149   0.20686599527229563
81.4758   72.5543   0.21659810710160995
82.8955   72.5602   0.17836883135794232
83.5887   73.7994   0.18388216335469454
85.0082   73.8045   0.14053828659835543
85.7013   75.0437   0.14259582742843518
87.1206   75.0483   0.1022926683589734
87.8133   76.2876   0.10197063302734892
89.2324   76.2918   0.08691541865514968
89.9248   77.5313   0.08636417081174726
91.3437   77.5357   0.11595197281634131
92.0355   78.7755   0.1156639096693522
93.4545   78.7802   0.1683964370169345
78.6363   72.5297   0.2738495024644049
79.3286   73.7694   0.2922838517605814
80.7483   73.7753   0.2570057586903485
81.4408   75.0149   0.270692094454195
82.8603   75.0198   0.22623485584674824
83.5527   76.2593   0.23542155806128026
84.972   76.2635   0.18371121359350004
85.6642   77.5031   0.18892265613207385
87.0833   77.5069   0.13368892998300066
87.7751   78.7466   0.1356069319762025
89.194   78.7502   0.0862357814367219
80.7121   76.2352   0.31889435554741924
81.4038   77.4749   0.33535051811500327
82.8233   77.4791   0.2863759242673881
83.5149   78.7189   0.2978326039909028
84.9341   78.7225   0.24097657562509764
73.9132   1.01749   0.3572598275779126
69.652   0.940041   0.45285324316935277
71.0723   0.96507   0.4263836209612187
71.7584   2.20713   0.3500018999948426
73.1785   2.23311   0.3162226879906002
73.8637   3.47521   0.232613116784071
75.2836   3.50198   0.19413114124220343
75.9679   4.74422   0.10899164234013402
65.3895   0.868791   0.5079166259544957
66.8101   0.890464   0.49663271011483034
67.4972   2.13258   0.43339622933292815
68.9176   2.15599   0.41182397938925175
69.6038   3.39815   0.33873119372151045
71.0239   3.42289   0.3084046272350654
71.7092   4.66508   0.22737554925717005
73.1291   4.69085   0.19068416924328047
73.8136   5.93313   0.10542210821265219
75.2334   5.95983   0.06981410244356162
75.9172   7.20229   0.05310696752780624
77.3368   7.22991   0.09425389965407341
78.0202   8.47256   0.17982302522202206
61.126   0.806747   0.5092478827064467
62.5467   0.823789   0.5171061419331613
63.2348   2.06573   0.4697448734153482
64.6554   2.08507   0.4654162291970509
65.3426   3.32722   0.40682956640342605
66.763   3.34866   0.3912245293945661
67.4493   4.59089   0.3223146755889337
68.8695   4.61408   0.2967307737663886
69.555   5.85634   0.2191889880901887
70.975   5.88094   0.18560441912842435
71.6598   7.12325   0.10210566536681615
73.0795   7.14901   0.06507559911364395
73.7637   8.39145   0.039658875425304836
75.1833   8.41824   0.08168610652981456
75.867   9.66086   0.16833211220679217
77.2865   9.68862   0.21590585008285423
77.9702   10.9314   0.30438610349357226
79.3898   10.96   0.351992769812108
80.0738   12.2028   0.43786658927120664
56.8622   0.755157   0.44858604439394
58.2825   0.767405   0.47743751237727267
58.9717   2.00895   0.44678239401301567
60.3922   2.02345   0.4633574202492055
61.0804   3.26536   0.4214520561107746
62.5009   3.28222   0.42525172839155134
63.1882   4.52436   0.3722129035914795
64.6086   4.54354   0.3635910455443027
65.2951   5.78578   0.3000437436441573
66.7153   5.80708   0.2802177348063465
67.4011   7.04935   0.20746912758287817
68.8211   7.07247   0.17794833070304483
69.5063   8.3148   0.09805430587179782
70.9261   8.33942   0.06190211951137117
71.6106   9.58185   0.02863243091321583
73.0303   9.60773   0.07100852061548635
73.7144   10.8503   0.1569359742060433
75.1339   10.8773   0.20368949408351955
75.8178   12.1201   0.2905992601504693
77.2373   12.148   0.3383813381379047
77.9215   13.3909   0.4229871983878466
79.341   13.4195   0.4698188799952601
80.0258   14.6624   0.5497809836653131
81.4455   14.6914   0.5941510666488775
82.1311   15.9342   0.6679235435287484
58.2381   3.22594   0.3979388733210178
58.9265   4.46778   0.36212523261987845
60.3468   4.48218   0.37494732216672855
61.0343   5.72427   0.32838806936306514
62.4546   5.74105   0.327926744868423
63.1414   6.98328   0.2708597720223507
64.5616   7.00237   0.2579578626442709
65.2478   8.24466   0.19139361561974833
66.6678   8.26591   0.16724315950136703
67.3534   9.50825   0.09278552742750326
68.7732   9.53138   0.05944366745079101
69.4582   10.7738   0.02158610664293208
70.8778   10.7985   0.06212954208747985
71.5624   12.0411   0.1453462761820889
72.9819   12.0672   0.19063378504347028
73.6662   13.31   0.2746099233458258
75.0856   13.3371   0.32215643715437264
75.7699   14.5801   0.40429094721499587
77.1894   14.6081   0.4519112634135148
77.8741   15.8512   0.5298557539557349
79.2937   15.8797   0.5757391249515691
79.9792   17.1228   0.6475622749975474
81.399   17.1515   0.6904975959407822
82.0855   18.3944   0.7546688015281927
83.5055   18.4231   0.793840997933466
84.1933   19.6657   0.8493446532474319
60.3014   6.9415   0.2831263950959007
60.9886   8.18368   0.2335773028356999
62.4087   8.20046   0.2287678886994433
63.0953   9.44275   0.1696536766474574
64.5153   9.46184   0.15227744547371527
65.2013   10.7042   0.0848889274287298
66.6211   10.7255   0.05667706767291374
67.3066   11.9679   0.019448907424326246
68.7262   11.9911   0.05522734829774061
69.4113   13.2338   0.13306513442671597
70.8307   13.2586   0.1763081677064332
71.5154   14.5015   0.2558272268543752
72.9348   14.5276   0.30283171894634714
73.6194   15.7707   0.3811676402844296
75.0388   15.7979   0.429391068840514
75.7236   17.0412   0.5041334247994266
77.143   17.069   0.5515488917584721
77.8284   18.3124   0.6204835694843173
79.248   18.3407   0.6655689070261614
79.9343   19.584   0.727062603906982
81.3542   19.6123   0.7686952126818539
62.3639   10.6607   0.13187706396489107
63.0504   11.9031   0.07316481394768934
64.4702   11.9223   0.05165162146535198
65.1562   13.1648   0.020502926620364435
66.5758   13.1861   0.049826197928399034
67.2613   14.4288   0.12030103906450526
68.6808   14.452   0.16041087868346
69.3659   15.695   0.23399164514999157
70.7852   15.7198   0.27966413785110067
71.4701   16.9631   0.3530371793451792
72.8894   16.9892   0.40135850557824204
73.5744   18.2327   0.47185740430770007
74.9937   18.2598   0.5206128984187764
75.6791   19.5034   0.5858039091709781
77.0986   19.5311   0.6330558664130678
64.4269   14.384   0.045817136532087285
65.1129   15.6268   0.10718376742772187
66.5323   15.6481   0.14325114310189438
67.2179   16.8911   0.20918800156796616
68.6372   16.9143   0.25260217734611895
69.3225   18.1577   0.3195304993267468
70.7417   18.1825   0.36750495234758473
71.4269   19.4262   0.43252082030810896
72.8461   19.4523   0.48222494750893824
66.4909   18.1117   0.22214164400219968
67.1767   19.3551   0.2811335092087024
68.5958   19.3783   0.32771000900186087
82.0417   20.8553   0.8215109311506433
83.4619   20.8836   0.8588952206177427
84.1509   22.126   0.9021933163130841
85.5714   22.1543   0.9349272752465824
86.2622   23.396   0.9681911226612229
77.7847   20.7747   0.6912196033099749
79.2044   20.8027   0.7353484752143008
79.8917   22.046   0.7850477374019998
81.3116   22.074   0.8253245361674398
82.0005   23.3168   0.8657097492809013
83.4207   23.3447   0.9014300361092921
84.1113   24.5868   0.9318927942633749
85.5319   24.6146   0.9626435789013505
86.2245   25.8557   0.9828312978329492
87.6454   25.8835   1.008153495257543
88.3402   27.1235   1.0177443736027243
73.5316   20.6961   0.5428559845852303
74.9508   20.723   0.5920784914181557
75.637   21.9669   0.6462967584631683
77.0564   21.9943   0.6931088514800549
77.7436   23.238   0.7392866899924538
79.1633   23.2656   0.7826649410827076
79.852   24.5087   0.8198203888657554
81.2719   24.5364   0.858768542740125
81.9624   25.7787   0.8863720719878297
83.3827   25.8063   0.9205587542357074
84.0752   27.0476   0.9381898581843648
85.4958   27.0751   0.9670210390679207
86.1904   28.3154   0.9745704592280645
87.6114   28.3428   0.9975552115046061
88.3081   29.5818   0.9945085268613839
89.7294   29.6092   1.0108780094551466
90.4282   30.8469   0.9964565319169708
69.2814   20.6221   0.38609785029186483
70.7004   20.6469   0.43620424115315454
71.3862   21.8909   0.49133447874131364
72.8052   21.9168   0.5421603913972325
73.4914   23.161   0.5917221898830568
74.9106   23.1876   0.6411345412625965
75.5978   24.4316   0.6834612571316665
77.0172   24.4586   0.7299452102726605
77.7057   25.7021   0.7637843281974311
79.1253   25.7293   0.806242426321017
79.8156   26.972   0.8309276623148375
81.2356   26.9992   0.8687397020972386
81.9279   28.2409   0.8839301216725234
83.3482   28.268   0.9165922812243175
84.0427   29.5085   0.9220677035879737
85.4634   29.5355   0.9490775837622558
86.1599   30.7748   0.9445738351235434
87.5809   30.8018   0.965153423036979
88.2795   32.0398   0.9499635624591081
89.7008   32.0667   0.9633373811910347
90.4012   33.3034   0.936795874243691
91.8228   33.3301   0.9419632105342534
92.5248   34.5655   0.9031249193771583
68.5569   21.844   0.38253802425379896
69.2429   23.0882   0.43110881457005723
70.6618   23.1128   0.48302787704231
71.3482   24.3571   0.5273206045661394
72.7671   24.3828   0.5790620951158872
73.4543   25.627   0.6170248050119221
74.8734   25.6533   0.666648528086576
75.5618   26.8971   0.6969386917082433
76.9811   26.9238   0.743043814320527
77.6712   28.1668   0.7647965023455572
79.0909   28.1935   0.8065314686979053
79.7829   29.4355   0.8193020078090867
81.2029   29.4621   0.8559833234356845
81.897   30.703   0.8597469046178647
83.3175   30.7296   0.8908728528808149
84.0137   31.9692   0.8851227937410704
85.4345   31.9956   0.9101188548755601
86.1327   33.234   0.8944707820829034
87.5538   33.2604   0.9124524809544864
88.2538   34.4975   0.8861532937364736
89.6752   34.5236   0.8961058754410668
90.3768   35.7594   0.8585020151403245
91.7984   35.7853   0.8594607902632897
92.5013   37.0198   0.8099096616289979
93.9231   37.0454   0.8013884451375615
94.627   38.2786   0.7395379165397811
70.626   25.58   0.5068362260138862
71.3132   26.8244   0.5399675175415648
72.732   26.8499   0.592626138471803
73.4203   28.0939   0.61909063149106
74.8394   28.1198   0.6689076244146124
75.5292   29.3632   0.6876536991829518
76.9486   29.3893   0.7334367866421756
77.6402   30.6317   0.7439937701352093
79.06   30.6578   0.7850152482595478
79.7537   31.899   0.7870487977247658
81.1738   31.925   0.8226274734045783
81.8696   33.165   0.8159442689301752
83.2901   33.1909   0.8455611154730329
83.9879   34.4296   0.829676394746771
85.4087   34.4554   0.852362769013288
86.1083   35.6929   0.8267360280041025
87.5294   35.7185   0.8416909409040823
88.2306   36.9547   0.8055356540836662
89.652   36.98   0.8117705402390493
90.3544   38.2151   0.7643772694160916
91.776   38.24   0.761014835597836
92.4794   39.4738   0.7021080686048254
93.9011   39.4983   0.6887943742511249
72.7001   29.3176   0.583386544239751
73.3897   30.5613   0.5992240399049421
74.8087   30.5867   0.6491553049925717
75.5   31.8295   0.6576135111142396
76.9194   31.8549   0.7029748999786559
77.6126   33.0966   0.7036265699929191
79.0324   33.1219   0.7439262194599682
79.7277   34.3623   0.7365301555265743
81.1479   34.3875   0.7709706738910362
81.8451   35.6267   0.7551908169462854
83.2657   35.6518   0.7829739267689569
83.9647   36.8897   0.7583252138759465
85.3855   36.9146   0.7784730502721335
86.0861   38.1514   0.7442136588372992
87.5072   38.1761   0.7558446004305379
88.2091   39.4117   0.7112169289323743
89.6304   39.436   0.7133379073062067
74.7811   33.0535   0.6100103441745899
75.4739   34.2956   0.609592413010529
76.8933   34.3203   0.6546073174048708
77.5879   35.5612   0.6469734229471864
79.0078   35.5856   0.6862917528281972
79.7043   36.8253   0.6711459602798773
81.1246   36.8496   0.704013707252921
81.8229   38.0881   0.6807884105946561
83.2435   38.1122   0.7063228581888019
83.9433   39.3496   0.6744740914223469
85.3642   39.3735   0.6915853815690433
76.8698   36.7852   0.5917340787887739
77.5655   38.0255   0.5776558404448104
78.9855   38.049   0.6156943559916701
79.6829   39.2881   0.5945321353804182
81.1032   39.3113   0.6255076898008528
83.1639   47.9519   0.3398459356826268
83.8635   49.1886   0.29889509865502933
85.2844   49.2074   0.2991135403153788
85.9845   50.4433   0.2514783092037962
87.4055   50.4614   0.24087610923460068
88.1061   51.6966   0.18810587444308996
89.5271   51.714   0.16796505588961103
90.2279   52.9485   0.11577948868431177
91.6489   52.9652   0.09347325820789999
92.35   54.1992   0.07780109253731003
93.7709   54.2152   0.09278949293966687
94.4721   55.4488   0.1459118226875403
95.8929   55.4644   0.18736939451254755
96.5943   56.6977   0.2541549724085665
98.0151   56.7131   0.3033063632698802
98.7165   57.9465   0.37038181650831753
100.137   57.962   0.42222195584786926
100.839   59.1957   0.4852645567110803
102.26   59.2117   0.5366319874923612
85.2631   51.6663   0.21535619331702643
85.9625   52.9025   0.1733764113136527
87.3834   52.9191   0.1585410041598067
88.0832   54.1547   0.11684703676174477
89.504   54.1705   0.09790204287960305
90.2042   55.4055   0.08122690440980616
91.6249   55.4206   0.08802244032063557
92.3253   56.6552   0.1283040919066879
93.746   56.6697   0.16425754168378068
94.4465   57.904   0.2221785993294624
95.8672   57.9181   0.268846071200603
96.5677   59.1523   0.3289994224918955
97.9884   59.1664   0.3802785557982462
87.3599   55.3772   0.103658574175028
88.0589   56.6133   0.08777681926340523
89.4796   56.6275   0.08707209656371111
90.179   57.863   0.1128748421925823
91.5996   57.8766   0.14122382943398704
92.2992   59.1118   0.18851541051065657
93.7197   59.1248   0.23119310110814342
89.4538   59.0849   0.1206836360075394
94.6053   40.7309   0.6185625756542332
96.0271   40.7548   0.5955371189103151
96.7318   41.9863   0.5149296748100655
90.3333   40.6704   0.6579977659536554
91.7548   40.6943   0.6500498442427308
92.4584   41.9275   0.583867639110099
93.88   41.9508   0.5657829442462899
94.5842   43.183   0.4895176094891776
96.0058   43.2057   0.4619289231039754
96.7103   44.4368   0.37707068302905716
98.1319   44.4591   0.3415076719489631
98.8367   45.6894   0.25118799732471325
86.0653   40.6097   0.650356040949879
87.4865   40.6333   0.658153842198007
88.1886   41.8684   0.6069229440382019
89.6099   41.8916   0.6047326764777972
90.3128   43.1256   0.5434640466489018
91.7343   43.1482   0.5308146004020606
92.4377   44.3812   0.45975551111433066
93.8592   44.4031   0.43706796954249477
94.5631   45.6351   0.35758796120674996
95.9845   45.6565   0.32599611960880726
96.6887   46.8877   0.24068919792961282
98.11   46.9086   0.20288740719916543
98.8143   48.1391   0.12055330771074019
100.236   48.1597   0.09041332866342532
100.94   49.3899   0.08872102343863542
81.8022   40.5493   0.5965079295365646
83.2229   40.5724   0.6193677017733491
83.9232   41.8092   0.5818748834586339
85.3441   41.832   0.5956285587511729
86.0454   43.0678   0.549227976344977
87.4665   43.0903   0.5530173415002471
88.1686   44.3251   0.49717937406935886
89.5899   44.347   0.4903949734652665
90.2925   45.5808   0.42556336778439946
91.7139   45.6021   0.40821643768961535
92.417   46.835   0.3351096984570882
93.8383   46.8555   0.3081401791392996
94.5417   48.0876   0.22920231237926006
95.9629   48.1076   0.19490697781249242
96.6665   49.339   0.11796897897328788
98.0877   49.3585   0.08835185340443753
98.7914   50.5895   0.08341276880669775
100.213   50.6089   0.11730941991161364
100.916   51.8397   0.1954501726783574
102.338   51.8591   0.24554722560028822
103.041   53.09   0.3300935170523652
78.9648   40.512   0.5363048200417364
79.6628   41.7505   0.5109753516560267
81.0832   41.7727   0.5393322816223768
81.7825   43.0103   0.506546986961723
83.2032   43.0322   0.5260062832324347
83.9035   44.2688   0.48519391999488076
85.3244   44.2904   0.49487628757094443
86.0256   45.526   0.4455360142569849
87.4467   45.5472   0.4447745271483054
88.1485   46.7819   0.3868738941825875
89.5697   46.8024   0.37541383831712777
90.2719   48.0362   0.3097886053424172
91.6931   48.0561   0.28799932291586994
92.3956   49.2891   0.21656447077025254
93.8168   49.3082   0.1864743950251609
94.5195   50.5406   0.11643173965890398
95.9407   50.5592   0.08859147814547842
96.6435   51.7911   0.0794348160443549
98.0646   51.8092   0.10837665800346119
98.7676   53.0409   0.18058360944448848
100.189   53.0589   0.22870614333681438
100.892   54.2905   0.3087016358881157
102.313   54.3088   0.3602630427895711
103.016   55.5407   0.43770574590699834
104.437   55.5596   0.4889844680559909
105.14   56.792   0.559867127093561
81.0637   44.234   0.45023142937827076
81.763   45.4714   0.4155897135396885
83.1837   45.492   0.43125139999772627
83.8838   46.7285   0.38903124553176877
85.3047   46.7488   0.3942631735275317
86.0055   47.9845   0.34442601527759054
87.4265   48.0041   0.33875539848096975
88.1277   49.239   0.281651309246023
89.5488   49.258   0.26546026067944845
90.2504   50.4921   0.20275241058986257
91.6715   50.5104   0.17743159245184884
92.3734   51.7438   0.11574441671199656
93.7944   51.7614   0.09024527688472149
94.4964   52.9943   0.07730498043464253
95.9174   53.0114   0.09999429983754043
96.6196   54.244   0.16378586630109362
98.0405   54.2607   0.20904769790648187
98.7427   55.4932   0.28321163464801286
100.164   55.51   0.3340991020640453
100.866   56.7426   0.4066864762934727
102.287   56.7597   0.4585729276789024
102.989   57.9927   0.5258087960466223
104.41   58.0106   0.5757430850648567
105.112   59.2442   0.6347713682894014
106.533   59.2632   0.6802778329476877
102.961   60.4458   0.5926147146333759
104.382   60.4628   0.6406296980315536
105.083   61.6975   0.6873632227578059
106.504   61.7158   0.7298148874886
107.204   62.9512   0.76494164483312
108.626   62.9711   0.8000189060266019
109.325   64.2074   0.8222489525685053
98.689   60.4007   0.43801108433463004
100.11   60.4151   0.4904435951258815
100.81   61.6497   0.5426774364205708
102.231   61.6648   0.5930548794167362
102.931   62.8999   0.6374369066817513
104.352   62.916   0.6834139741035433
105.052   64.1518   0.7178828943497702
106.473   64.1694   0.7572761187308114
107.172   65.4059   0.7799129502707343
108.593   65.4252   0.8108941854520845
109.291   66.6627   0.8208156187597809
110.712   66.684   0.8422757802525266
111.408   67.9224   0.8385860480594706
94.4194   60.3598   0.28342353466146736
95.84   60.3726   0.3330761024150514
96.5397   61.6076   0.3847138417057536
97.9603   61.6204   0.43733104166066356
98.6599   62.8556   0.4851288076377256
100.081   62.8689   0.5374990697666368
100.78   64.1045   0.578940618716634
102.201   64.1186   0.628186699954718
102.9   65.3547   0.6612037583075304
104.321   65.3701   0.7049307767433604
105.019   66.6069   0.7276707565925684
106.44   66.6239   0.7639055046273721
107.137   67.8615   0.7747977671625029
108.559   67.8803   0.8020360403373423
109.255   69.1188   0.8002048800151113
110.676   69.1397   0.8171913117501914
111.37   70.3791   0.802141172113737
112.792   70.402   0.8086207083670331
113.484   71.6422   0.7802363808487782
90.1524   60.321   0.1554776189681311
91.5728   60.333   0.192171668047087
92.2717   61.5688   0.2350378054696742
93.6921   61.5804   0.2817670136832881
94.391   62.8161   0.32618930086684367
95.8114   62.8276   0.3781057656265006
96.5102   64.0634   0.42059913219121275
97.9307   64.0752   0.47412931780264445
98.6293   65.3112   0.5120402034996859
100.05   65.3235   0.564004042538704
100.748   66.56   0.5950099915127487
102.169   66.5733   0.6430145021692754
102.867   67.8104   0.6653597598292226
104.288   67.825   0.706700389132482
104.984   69.0628   0.7184881209873958
106.405   69.0792   0.7514653218878441
107.101   70.3178   0.751619271972187
108.522   70.3362   0.7747682556739145
109.216   71.5757   0.7621660449009797
110.638   71.5962   0.7748078342402088
111.33   72.8365   0.7492831040401223
112.751   72.8591   0.7509614171180835
113.442   74.1   0.7126285989209241
114.863   74.1245   0.7041727699932728
115.553   75.3659   0.6534301798968266
91.5447   62.7898   0.2279730905172809
92.2428   64.0263   0.26414249942029755
93.663   64.0365   0.3138869541729953
94.3611   65.273   0.35014879694209694
95.7813   65.2833   0.40374864705655883
96.4792   66.5198   0.43720186413143614
97.8995   66.5305   0.4913626969968318
98.597   67.7674   0.519723205177522
100.018   67.7788   0.5713668523812016
100.715   69.0162   0.5925685192448242
102.135   69.0287   0.6389878324350161
102.831   70.2667   0.6512712952372467
104.252   70.2807   0.6902657531704726
104.947   71.5195   0.6920074349311583
106.368   71.5353   0.7218288993937563
107.062   72.7749   0.7117044892369305
108.483   72.7928   0.7309940150233808
109.176   74.0332   0.7084323609209305
110.597   74.0534   0.716681114583048
111.288   75.2944   0.6814968085031662
112.709   75.3167   0.6788313634475068
113.398   76.5582   0.6309827652162938
114.819   76.5823   0.6180552483394991
115.507   77.8241   0.5585228374918966
116.928   77.8495   0.5362282443139281
117.615   79.0914   0.4664328461847434
93.6325   66.4931   0.32766026612941473
94.3296   67.7301   0.35569117222669483
95.7497   67.7393   0.4108012293068255
96.4465   68.9767   0.43568962576586706
97.8667   68.9864   0.4902716287936704
98.563   70.2241   0.5097871516623385
99.9834   70.2346   0.5608824208334589
100.679   71.4729   0.5729036306395713
102.1   71.4847   0.617902298102218
102.794   72.7236   0.6208098420611575
104.215   72.737   0.6574530553583299
104.908   73.9767   0.6497102815871078
106.329   73.9921   0.6763791022791876
107.022   75.2325   0.6568898233341723
108.443   75.2501   0.6724176826943189
109.133   76.4911   0.6404446658377293
110.554   76.511   0.6445246077536535
111.244   77.7526   0.600468958398349
112.664   77.7746   0.5933014073807706
113.353   79.0164   0.5373139864176254
114.773   79.0402   0.5197813194026876
95.7165   70.1959   0.4007291479291209
96.4121   71.4339   0.41760136494029837
97.8321   71.4427   0.4725300202103575
98.527   72.6812   0.4836685331918958
99.9472   72.691   0.5341767216942367
100.641   73.9301   0.5377263709360015
102.062   73.9413   0.5812771456026824
102.755   75.1811   0.5756223849017676
104.175   75.194   0.6096967852957749
104.867   76.4344   0.5932832797239463
106.288   76.4495   0.6168017509702768
106.979   77.6905   0.5886169212654362
108.4   77.7078   0.6003880162028576
109.089   78.9494   0.5601383400553817
110.51   78.969   0.5600503995177589
97.7955   73.8996   0.43950293514378325
98.489   75.1389   0.44323687797835776
99.9091   75.148   0.4930526138253394
100.602   76.3879   0.48905232848847474
102.022   76.3985   0.5308227576131248
102.713   77.639   0.5173633346111783
104.134   77.6515   0.548930168600707
104.824   78.8926   0.5248112136759269
106.245   78.9073   0.5449900549551334
99.8689   77.6055   0.43937056114400663
100.56   78.846   0.4286797405989693
101.98   78.8562   0.46861997396611416
107.235   60.4975   0.7283821593092464
90.9468   1.35537   0.23366792698186117
92.3667   1.38263   0.2692148474731633
93.0507   2.62523   0.34389427794018246
86.6898   1.27094   0.13472391806951017
88.1096   1.30022   0.16344310936836834
88.793   2.54295   0.2280095965085687
90.2129   2.57135   0.265900995861242
90.8967   3.81395   0.34410761746871926
92.3167   3.84127   0.3812906173773483
93.0013   5.08363   0.4610814462760351
94.4214   5.10992   0.4956560832875952
95.1068   6.35203   0.5734812622047916
82.4321   1.18411   0.1309291243383271
83.8519   1.21395   0.11568480280486036
84.5354   2.45648   0.11901433359053458
85.9552   2.48632   0.151069209635851
86.6385   3.72902   0.22123783152977924
88.0584   3.75838   0.2617678444729231
88.742   5.00099   0.34318887642229956
90.162   5.02947   0.3823209782368735
90.8465   6.27183   0.4641223291331712
92.2666   6.2993   0.5003169819224602
92.952   7.54136   0.5794978616008855
94.3722   7.56794   0.6123520481716374
95.0585   8.80977   0.6874544526003153
96.4789   8.83562   0.7164566460016959
97.1661   10.0773   0.7861544238252424
78.1733   1.09899   0.2382557292070821
79.5932   1.1277   0.19995054913652902
80.2773   2.36987   0.12089677249620694
81.6971   2.39924   0.10031038630171885
82.3806   3.64172   0.10225365568037428
83.8003   3.67155   0.1375434389565682
84.4835   4.91422   0.2127751160262876
85.9034   4.94409   0.2560871259942598
86.5869   6.18672   0.34034288607226704
88.0069   6.21613   0.3816844802975358
88.6912   7.45851   0.46515942009164923
90.1113   7.48713   0.5032559086588043
90.7967   8.72918   0.5834806595766469
92.217   8.75691   0.6179708103947948
92.9034   9.99868   0.6936785638896442
94.3238   10.0257   0.7243749322691941
95.0112   11.2672   0.7942211845575513
96.4317   11.2936   0.8207588744570465
97.12   12.535   0.8836507511454963
98.5408   12.5607   0.9053142990144356
99.2302   13.8019   0.9600741690098741
75.3333   1.04454   0.320832627549004
76.0184   2.28653   0.23584558507633993
77.4383   2.31429   0.1967538972930402
78.1225   3.55648   0.11377966250609219
79.5422   3.58501   0.08703692549716918
80.2257   4.82747   0.085154105009685
81.6454   4.85678   0.12295897689879817
82.3286   6.09944   0.20272299721541176
83.7483   6.12925   0.24826355431274985
84.4318   7.37192   0.3348104163552851
85.8517   7.40178   0.3785084522173843
86.536   8.64424   0.463346039693877
87.956   8.67368   0.5035745296378676
88.6414   9.9158   0.5845927064204619
90.0616   9.94454   0.6211093060806602
90.7481   11.1863   0.6969981994237859
92.1685   11.2143   0.7295127757620145
92.856   12.4559   0.7993356053623538
94.2765   12.4833   0.8275742021112057
94.965   13.7246   0.8901392587679747
96.3858   13.7514   0.9136110003716027
97.0754   14.9926   0.9678236926217494
98.4963   15.0187   0.985919175186283
99.1872   16.2595   1.0303930948914595
100.608   16.2847   1.0427211755785917
101.301   17.525   1.0761077315956793
77.3876   4.77182   0.07694006498568069
78.0712   6.01428   0.06848971017605683
79.4908   6.04277   0.10823289703227844
80.1741   7.28544   0.19149355733287748
81.5937   7.31472   0.2386153800575309
82.2772   8.55744   0.3267534018185578
83.6969   8.58721   0.3723033703849589
84.3811   9.82978   0.45815224554726275
85.801   9.85957   0.5005428981615855
86.4863   11.1018   0.582072856264574
87.9064   11.1312   0.620705767654852
88.5928   12.3731   0.6966518642765561
90.0132   12.402   0.7312056755797225
90.7007   13.6436   0.800687029993617
92.1213   13.6718   0.8308353025720553
92.8099   14.9132   0.8928026097632104
94.2306   14.9409   0.9181113766858573
94.9204   16.1821   0.971343265792273
96.3413   16.2092   0.9915075440963613
97.0324   17.45   1.0348676727002337
98.4536   17.4765   1.0490995472308624
99.1462   18.7167   1.0813539522284092
100.568   18.7423   1.0892241091712949
101.262   19.9818   1.1093568632320252
102.684   20.0061   1.110210745759561
79.4398   8.5011   0.2276257948915281
80.1233   9.74386   0.3164294930944328
81.5429   9.77313   0.36332353364460085
82.227   11.0158   0.4496017571140035
83.6468   11.0455   0.4938613165656935
84.3319   12.288   0.5754272586522113
85.7519   12.3176   0.6162567646687532
86.4381   13.5597   0.6919297290910398
87.8584   13.589   0.7287018937809894
88.5458   14.8308   0.7975208900085308
89.9663   14.8596   0.8298382312234103
90.6548   16.1012   0.8906945043054877
92.0755   16.1295   0.9182751548419451
92.7653   17.3707   0.9702238349989147
94.1863   17.3986   0.9924932694985897
94.8775   18.6394   1.0344327334341272
96.2987   18.6669   1.050914083072445
96.9914   19.9071   1.081817341328932
98.4129   19.9339   1.091875720949963
81.4935   12.232   0.4835991521911508
82.1783   13.4747   0.5648223348983282
83.5982   13.5042   0.6074793329817892
84.2842   14.7466   0.6825213110225924
85.7043   14.776   0.7213737588795415
86.3914   16.0181   0.7892091104390516
87.8118   16.0471   0.8237350362829048
88.5002   17.2889   0.8832424412356996
89.9208   17.3176   0.913067478338813
90.6105   18.559   0.9634384982965953
92.0314   18.5873   0.9880575286894976
92.7226   19.8282   1.0282823250450233
94.1438   19.8563   1.047328955008883
83.5511   15.9633   0.70890837912949
84.2379   17.2059   0.7751450767437014
85.6581   17.2348   0.8119390987013732
86.3462   18.477   0.8697134988029107
87.7668   18.5057   0.9019144859685967
88.4563   19.7474   0.9503154265821413
89.8771   19.7759   0.9774513287115633
85.6137   19.6943   0.8841393894629961
103.38   21.2447   1.1170444261532306
99.1074   21.1733   1.11062495469893
100.529   21.1993   1.113876204970732
101.225   22.4377   1.1193607104057202
102.647   22.4625   1.1150401069019895
103.345   23.7   1.1066203549546694
104.767   23.7234   1.094323699825605
105.467   24.9598   1.0711939740308478
94.8367   21.0965   1.0764785460008024
96.2581   21.1242   1.0892531891162855
96.9528   22.3636   1.1064273948163068
98.3745   22.3907   1.1122342469102446
99.0711   23.6291   1.1165077429198595
100.493   23.6553   1.1148171374714335
101.191   24.8926   1.1052264609572109
102.613   24.9178   1.095416016862999
103.313   26.154   1.0714271790467131
104.735   26.1779   1.053287852393636
105.437   27.413   1.0146349294204289
106.859   27.4355   0.9882504389070613
107.561   28.6695   0.9351072024105043
90.5682   21.017   1.0156592588068103
91.9893   21.0453   1.0374408609650967
92.6822   22.2856   1.064627047373867
94.1036   22.3137   1.0802585662701314
94.7984   23.5531   1.0958375700805285
96.22   23.5809   1.1046243207534412
96.9168   24.8193   1.1074986591414009
98.3387   24.8465   1.1088206392379234
99.0374   26.0838   1.0982262562878378
100.459   26.1103   1.0914168268814612
101.16   27.3463   1.066614353925542
102.582   27.3718   1.051204133363259
103.284   28.6066   1.0119569012561747
104.706   28.631   0.9879869685375405
105.408   29.8646   0.93442215834172
106.831   29.8877   0.9021777263931966
107.534   31.1203   0.8348890944311096
108.956   31.1422   0.7950747197590928
109.66   32.3738   0.7154317088304097
86.303   20.9363   0.9301468109927591
87.7236   20.9648   0.9599903853685198
88.4146   22.2061   0.9958687363302448
89.8356   22.2344   1.0204417768790135
90.5284   23.475   1.0455076279013933
91.9497   23.5031   1.0642290636888272
92.6445   24.7427   1.0778518311901686
94.0661   24.7707   1.089955600013138
94.763   26.0091   1.0914331541601612
96.1848   26.0369   1.0962142400096797
96.8836   27.2741   1.0845803750760006
98.3057   27.3014   1.081231473829726
99.0063   28.5374   1.055829744797901
100.428   28.564   1.0437902088063489
101.131   29.7987   1.004105422752013
102.553   29.8245   0.98323421421348
103.256   31.0579   0.9293539691635251
104.678   31.0826   0.8998731021649663
105.382   32.3148   0.8323140272757632
106.804   32.3384   0.7947888335904058
107.509   33.5696   0.714943389367299
108.93   33.592   0.6703747981539876
109.635   34.8224   0.5800767190639529
111.057   34.8438   0.5300543745692511
111.761   36.0736   0.4322731659494939
87.683   23.4241   0.9956638689839055
88.3757   24.6649   1.0183871316940343
89.7968   24.6929   1.040305325373276
90.4917   25.9327   1.0519675945579317
91.9131   25.9606   1.0676486688044888
92.61   27.1992   1.0675540314194878
94.0317   27.2271   1.0760368441647343
94.7306   28.4644   1.0633980675175227
96.1525   28.492   1.0639802112821455
96.8532   29.728   1.038034127569995
98.2754   29.7552   1.0298221739698556
98.9777   30.9899   0.9900241512205639
100.4   31.0165   0.9728487960623678
101.103   32.2499   0.9189632691245059
102.526   32.2756   0.8926785367644946
103.23   33.5078   0.8254251328860776
104.652   33.5326   0.7907604694216837
105.357   34.7636   0.7110284171536305
106.779   34.7874   0.6688937509051791
107.484   36.0175   0.5788118951783897
108.906   36.0404   0.5306212679491852
109.611   37.2698   0.4330404138183863
111.033   37.2918   0.38116207838660915
111.738   38.5208   0.281227132403685
113.159   38.5422   0.23091405327524014
113.864   39.7711   0.14827056349795206
89.7614   27.1512   1.0369323700222692
90.4582   28.39   1.0353551564559853
91.8798   28.4177   1.047728046775497
92.5786   29.6552   1.0342004544574512
94.0004   29.6828   1.0388762101424784
94.7011   30.9189   1.012415907618998
96.1232   30.9462   1.008498834902649
96.8255   32.1811   0.9687809298288235
98.2477   32.2079   0.9556904362815407
98.9512   33.4414   0.9021538560578221
100.373   33.4677   0.8799822043655203
101.078   34.6999   0.8131580473684066
102.5   34.7254   0.7819635605320753
103.205   35.9564   0.7028724564243513
104.627   35.9812   0.6637265476082748
105.333   37.2111   0.5741724915040767
106.755   37.2351   0.5285489002921109
107.46   38.4643   0.4312936934387056
108.882   38.4875   0.38119123809447636
109.588   39.7161   0.28128514002698174
111.009   39.7387   0.23173892638053156
91.8498   30.8742   1.005325285666286
92.5504   32.1106   0.9787695132154453
93.9722   32.1377   0.9793481556627349
94.6744   33.3728   0.9399093307335552
96.0964   33.3995   0.9313187531667124
96.7999   34.6332   0.8786291197086523
98.2221   34.6596   0.8606104228976078
98.9266   35.8919   0.7949424696165115
100.349   35.9177   0.7677412389601072
101.054   37.1489   0.6898361689560776
102.476   37.174   0.6541432946992571
103.182   38.4041   0.565845791713608
104.604   38.4286   0.5229306837430756
105.309   39.6577   0.42662386243622047
106.731   39.6817   0.378847317530425
93.9466   34.5919   0.8993122983702598
94.6499   35.8259   0.8479092227355455
96.0719   35.852   0.8345494473067486
96.7762   37.0847   0.7704777803415209
98.1982   37.1103   0.7475966091415887
98.9032   38.3417   0.6714341144148107
100.325   38.3668   0.6396576428058987
101.031   39.5971   0.5530918549391232
102.453   39.6217   0.5135350913034071
96.0489   38.3037   0.7212771034768802
96.7536   39.5356   0.6477020148185442
98.1755   39.5602   0.6200932268618978
111.714   40.9672   0.1461369220970503
113.136   40.9894   0.12286358288768724
113.841   42.2182   0.1405640423436951
115.262   42.2402   0.1830745476575083
115.967   43.4695   0.27102717575918167
107.437   40.9102   0.27917865247901724
108.859   40.9336   0.23098800834675318
109.564   42.162   0.14323746018412464
110.986   42.185   0.11815836830289034
111.691   43.4134   0.13093693138301615
113.113   43.4363   0.17405875444803076
113.818   44.6653   0.26190175638968244
115.239   44.6882   0.3164285701386651
115.944   45.918   0.40967596951737306
117.365   45.9411   0.4630724025462954
118.069   47.1721   0.5495149133554079
103.159   40.8511   0.4188996657912259
104.58   40.8751   0.37353721367489107
105.286   42.1038   0.2747923943634525
106.708   42.1275   0.22800546046092518
107.414   43.3559   0.13928366738422482
108.835   43.3793   0.11205592353819886
109.541   44.6077   0.12143743244980484
110.963   44.6311   0.1640659928199636
111.668   45.8598   0.25147604259650913
113.089   45.8833   0.3061044429602407
113.795   47.1127   0.39948773448004515
115.216   47.1365   0.4529964790150112
115.921   48.367   0.5400186756029828
117.342   48.3912   0.5893146273426443
118.046   49.623   0.6653940636945915
119.468   49.6477   0.7083271348748404
120.171   50.8809   0.7710264586899755
98.8808   40.791   0.5360738568518325
100.303   40.8152   0.5002237699270187
101.008   42.045   0.4078713645256311
102.43   42.0687   0.3654003968251816
103.136   43.2978   0.268528210808474
104.557   43.3212   0.22339879140227964
105.263   44.5498   0.13413564030487826
106.685   44.5732   0.10552023502627432
107.39   45.8016   0.11170304382602829
108.812   45.825   0.15376387742249437
109.517   47.0537   0.24103319273494508
110.939   47.0773   0.2952886892517239
111.644   48.3067   0.3880420209204169
113.066   48.3307   0.441689042200507
113.771   49.5609   0.5286384870589744
115.192   49.5854   0.5781880144036176
115.897   50.8169   0.654862031270711
117.318   50.8419   0.6984357164406773
118.022   52.0747   0.7619496177569742
119.444   52.1004   0.7982438850376515
120.146   53.3347   0.8466333090541602
121.568   53.3609   0.874220670082788
122.269   54.5967   0.9065137726477203
98.1536   42.0097   0.48297249404080944
98.8587   43.2402   0.39394664613371094
100.28   43.2632   0.35461614458453555
100.986   44.4928   0.2604541802313804
102.407   44.5156   0.21741628273889474
103.113   45.7447   0.12886931364758772
104.534   45.7674   0.09906265693994439
105.24   46.9962   0.10332400495528828
106.661   47.019   0.1434608308912199
107.367   48.248   0.2309753450046114
108.788   48.2711   0.2840610145725726
109.493   49.5005   0.37608883259144726
110.915   49.5242   0.4292932913521983
111.62   50.7544   0.515683439718594
113.041   50.7788   0.5653493875472058
113.746   52.01   0.6421354997194896
115.168   52.0351   0.6863541724212077
115.871   53.2676   0.7501091253944316
117.293   53.2934   0.787368763667952
117.996   54.5273   0.8365972806553909
119.418   54.5538   0.8655919650736136
120.119   55.7891   0.8988870896836826
121.541   55.8162   0.918786727157072
122.24   57.0529   0.935486964099447
123.662   57.0804   0.9461123664766281
124.36   58.3185   0.9462357634331936
100.258   45.7113   0.21047111440765306
100.963   46.941   0.12420426723747935
102.385   46.9627   0.09406832623152353
103.09   48.1921   0.09529286437084893
104.511   48.214   0.13449312250074252
105.216   49.4434   0.22030024965941297
106.637   49.4655   0.2721809692098245
107.342   50.6953   0.36312203182952235
108.764   50.7181   0.41577635815423636
109.468   51.9484   0.5010932547939543
110.89   51.972   0.5509695998873246
111.594   53.2033   0.6269373573172993
113.016   53.2278   0.6718032524482183
113.72   54.4602   0.7358683577923427
115.142   54.4856   0.7740560251041253
115.844   55.7193   0.8236086267153843
117.266   55.7457   0.8539316248974502
117.968   56.9807   0.8880504152355307
119.39   57.0078   0.9096118347954794
120.09   58.2443   0.9276601748485289
121.511   58.2719   0.9396955996491627
122.209   59.5097   0.9413285611304929
123.631   59.5377   0.944374639642552
102.361   49.4105   0.12565747092791812
103.066   50.6405   0.2085876554353144
104.487   50.6614   0.2597013669582813
105.191   51.8916   0.34816421412891063
106.613   51.9131   0.40034804857773293
107.317   53.1438   0.4841089650068459
108.739   53.1661   0.5342885082050716
109.443   54.3976   0.6092291194616346
110.864   54.4209   0.6547578560047981
111.568   55.6534   0.7183938822122605
112.99   55.6779   0.7575998548046318
113.692   56.9116   0.8076684777803337
115.114   56.9372   0.8392894971343322
115.816   58.1721   0.874149300749021
117.238   58.1988   0.8973095619684444
117.938   59.435   0.9162101287368534
119.359   59.4625   0.9301883733954103
104.463   53.1099   0.3822863978746823
105.166   54.3411   0.4633744705958689
106.588   54.3618   0.5138922260552294
107.291   55.5937   0.5872754038779412
108.713   55.6154   0.6340523716539508
109.416   56.8481   0.6966501632813992
110.837   56.8711   0.7374243893444274
111.54   58.1049   0.7872624213056282
112.962   58.1292   0.8207832905219276
113.663   59.3641   0.8561800803569305
115.085   59.3898   0.8813213318648312
106.561   56.8119   0.6081098009405876
107.264   58.0449   0.6691807603331101
108.685   58.0661   0.7121730758741187
109.387   59.3   0.7613298365360428
110.809   59.3226   0.7973594923245091
110.747   64.2291   0.8486098337870012
111.444   65.4665   0.857138156891875
112.866   65.49   0.8736698747238568
113.562   66.7284   0.8680020622095317
114.984   66.7536   0.8748952908777121
115.678   67.993   0.8549832746902115
117.1   68.0197   0.852262260105421
117.793   69.2598   0.8190907947230286
119.214   69.2877   0.8071818506383807
119.905   70.5284   0.761501365724319
121.326   70.5569   0.7415305320753823
122.016   71.7981   0.6843638579001672
123.436   71.827   0.6571955721092492
124.125   73.0684   0.5900437695629012
125.545   73.0977   0.557395425169598
126.232   74.3392   0.48223815693078403
127.653   74.3688   0.4461322449677917
128.339   75.6106   0.36598997254023635
129.759   75.6403   0.32962289058861427
130.444   76.8824   0.2496754893857188
131.864   76.912   0.2189116260046616
132.548   78.1545   0.15595669270665682
133.968   78.1837   0.14687767018849543
88.8433   0.0842744   91.47665967135714
90.2632   0.112619   91.4687363741916
112.83   67.9456   0.8500395343747266
113.524   69.1849   0.8325208946326818
114.946   69.21   0.8340427866722431
115.639   70.4502   0.8031107831426475
117.06   70.4767   0.7947928346430939
117.751   71.7175   0.7511644094337824
119.172   71.7451   0.7341165302593303
119.862   72.9863   0.6788451738062227
121.282   73.0146   0.653930332680784
121.971   74.256   0.5880276269020014
123.391   74.2847   0.5565797337309384
124.079   75.5262   0.48176469360051494
125.499   75.5554   0.44593425524397606
126.185   76.797   0.36486106944972735
127.605   76.8266   0.3270923111294437
128.291   78.0686   0.2449721004522759
129.71   78.0984   0.21121079517865776
84.5864   -0.00145865   91.49984277422176
86.0062   0.0283172   91.4906679855211
114.906   71.667   0.7766863845851807
115.597   72.9079   0.7353867893836528
117.018   72.9342   0.7222092217633319
117.707   74.1754   0.66881516878731
119.128   74.2027   0.6469332964069809
119.817   75.4442   0.5828820635428733
121.237   75.4721   0.5535028635878937
121.924   76.7137   0.4796366332965016
123.345   76.7421   0.4447212610163822
124.031   77.9838   0.36348101738605243
125.451   78.0127   0.3253070703197181
126.136   79.2546   0.24101055993461926
81.7479   -0.0581003   91.515285329884
116.974   75.3918   0.6354931942987276
117.662   76.6334   0.5733720955888955
119.083   76.6603   0.5470785044214432
119.77   77.902   0.4750015263133375
121.19   77.9294   0.44181647773708294
121.876   79.1712   0.3612856625995559
123.296   79.1992   0.3234757177903807
119.035   79.1177   0.43592436270527457
124.327   60.7767   0.9300632720412105
125.748   60.8048   0.9239032687462484
126.442   62.0449   0.8948390078667781
120.058   60.7   0.9333318005939791
121.479   60.7281   0.9379570352633432
122.176   61.9668   0.9254841111548066
123.597   61.9952   0.9212935688476279
124.291   63.235   0.8937380824380268
125.712   63.2635   0.8809365527664317
126.404   64.5042   0.8401380422287767
127.825   64.5327   0.8196195031842519
128.515   65.7741   0.767446499763986
115.785   60.6259   0.9013365631105849
117.207   60.6528   0.9174266510190328
117.905   61.8901   0.921665221216469
119.327   61.9179   0.928539396040901
120.023   63.1564   0.9175705367981241
121.445   63.1848   0.9153208235367501
122.139   64.4243   0.8897250193177647
123.56   64.453   0.8788523937499387
124.253   65.6934   0.8397801200314311
125.674   65.7223   0.8210719883177118
126.364   66.9634   0.7700204218071126
127.785   66.9923   0.7444914640209116
128.474   68.2339   0.6837311898692319
129.894   68.2627   0.6526961008003641
130.582   69.5047   0.5841587198698648
111.51   60.5576   0.833092731933247
112.932   60.5817   0.8606916811495283
113.631   61.8178   0.8815250705453601
115.053   61.8435   0.9002808561776708
115.752   63.0807   0.9060511574960876
117.173   63.1076   0.9153269689023708
117.87   64.346   0.9060159711616592
119.291   64.3739   0.9059936699558107
119.986   65.6133   0.8823703587496574
121.407   65.6418   0.873450456522863
122.1   66.8821   0.8364127031555623
123.521   66.911   0.8195749630143674
124.212   68.1519   0.770118757075818
125.633   68.181   0.7461236157635005
126.322   69.4224   0.6861122138542673
127.742   69.4515   0.6561412195556701
128.43   70.6932   0.5878821735688238
129.851   70.7224   0.5540878359971423
130.537   71.9644   0.47944328131698566
131.957   71.9935   0.44375566475257644
132.643   73.2358   0.36685283152784365
108.656   60.518   0.7674048605527612
109.357   61.7532   0.8030375146903169
110.779   61.7753   0.8341789376386805
111.478   63.0115   0.8558276987805423
112.9   63.0353   0.8778395753211421
113.598   64.2726   0.8850027627075522
115.02   64.2981   0.8975759466474124
115.716   65.5364   0.8899977078622181
117.138   65.5633   0.8930447693145097
117.832   66.8026   0.8710722874710224
119.254   66.8305   0.8650456750946764
119.946   68.0707   0.8297554217960852
121.368   68.0993   0.8152338069535631
122.059   69.3401   0.7675299603272842
123.479   69.3691   0.7451802802007036
124.169   70.6103   0.6865055061687385
125.59   70.6395   0.6578827327115371
126.278   71.881   0.5900509554267322
127.698   71.9104   0.5563893420977787
128.385   73.1521   0.48145834710803004
129.806   73.1816   0.44579067957955665
130.491   74.4237   0.3666264584014721
131.911   74.4531   0.331474961347008
132.596   75.6954   0.25474022061701135
134.016   75.7244   0.2259632713517811
134.701   76.9671   0.16899825442885757
