2.93417e-011	3.07954e-011	3.15075e-011	3.03944e-011	2.84832e-011	2.75203e-011	2.78495e-011	2.81981e-011	2.75488e-011	2.66115e-011	2.69114e-011	2.85957e-011	2.98341e-011	2.88184e-011	2.60748e-011	2.41942e-011	2.50575e-011	2.76737e-011	2.91638e-011	2.78397e-011	2.49469e-011	2.32186e-011	2.40014e-011	2.61473e-011	2.76349e-011	2.7797e-011	2.76527e-011	2.83156e-011	2.96317e-011	3.06133e-011	3.08878e-011	3.12354e-011	3.25684e-011	3.46588e-011	3.61752e-011	3.60067e-011	3.44145e-011	3.2831e-011	3.25855e-011	3.37978e-011	3.53353e-011	3.57298e-011	3.43045e-011	3.17321e-011	2.96106e-011	2.92408e-011	3.04808e-011	3.17508e-011	3.14129e-011	2.93372e-011	2.70179e-011	2.5975e-011	2.61251e-011	2.6013e-011	2.46992e-011	2.30216e-011	2.25355e-011	2.33053e-011	2.34157e-011	2.12118e-011	1.77684e-011	1.63091e-011	1.86812e-011	2.28079e-011	2.44592e-011	2.18342e-011	1.7833e-011	1.71223e-011	2.10139e-011	2.59521e-011	2.74684e-011	2.51422e-011	2.28333e-011	2.39396e-011	2.73351e-011	2.88678e-011	2.66163e-011	2.34574e-011	2.36233e-011	2.7269e-011	2.97691e-011	2.70016e-011	2.05548e-011	1.64753e-011	1.85931e-011	2.40162e-011	2.6176e-011	2.21466e-011	1.59082e-011	1.38118e-011	1.74837e-011	2.23054e-011	2.30385e-011	1.98522e-011	1.77157e-011	2.0095e-011	2.46424e-011	2.60866e-011	2.28188e-011	1.91507e-011	2.03274e-011	2.60949e-011	3.05485e-011	2.87257e-011	2.2423e-011	1.84345e-011	2.10931e-011	2.75651e-011	3.11816e-011	2.88887e-011	2.43258e-011	2.32718e-011	2.70029e-011	3.12484e-011	3.16341e-011	2.89095e-011	2.77523e-011	3.07562e-011	3.49785e-011	3.53274e-011	3.08293e-011	2.62366e-011	2.68207e-011	3.22525e-011	3.67188e-011	3.53141e-011	2.94944e-011	2.54204e-011	2.71332e-011	3.23225e-011	3.53037e-011	3.34994e-011	2.99033e-011	2.89741e-011	3.11508e-011	3.25746e-011	3.0156e-011	2.56514e-011	2.36473e-011	2.58104e-011	2.8447e-011	2.66121e-011	2.01257e-011	1.43159e-011	1.43172e-011	1.93455e-011	2.357e-011	2.26314e-011	1.83419e-011	1.62795e-011	1.92811e-011	2.44803e-011	2.71236e-011	2.63007e-011	2.56295e-011	2.82609e-011	3.25647e-011	3.40033e-011	3.0991e-011
2.88393e-011	2.97562e-011	3.01207e-011	2.93605e-011	2.8506e-011	2.86295e-011	2.92576e-011	2.89203e-011	2.72215e-011	2.57106e-011	2.61895e-011	2.83519e-011	2.97322e-011	2.83174e-011	2.49143e-011	2.24603e-011	2.29372e-011	2.53312e-011	2.68778e-011	2.60838e-011	2.41188e-011	2.32238e-011	2.42126e-011	2.59284e-011	2.69711e-011	2.73716e-011	2.82354e-011	3.00298e-011	3.17902e-011	3.22469e-011	3.14521e-011	3.08957e-011	3.19255e-011	3.4254e-011	3.61771e-011	3.62143e-011	3.44615e-011	3.24271e-011	3.16967e-011	3.27026e-011	3.45161e-011	3.56364e-011	3.51184e-011	3.32729e-011	3.14246e-011	3.08184e-011	3.15151e-011	3.23346e-011	3.20313e-011	3.05497e-011	2.8955e-011	2.80508e-011	2.73384e-011	2.57197e-011	2.32065e-011	2.13869e-011	2.16751e-011	2.32314e-011	2.33409e-011	2.03832e-011	1.61554e-011	1.44833e-011	1.71512e-011	2.16319e-011	2.35135e-011	2.12403e-011	1.78554e-011	1.76042e-011	2.11641e-011	2.49942e-011	2.55714e-011	2.34981e-011	2.2559e-011	2.48515e-011	2.79596e-011	2.78073e-011	2.38945e-011	2.04371e-011	2.16165e-011	2.63508e-011	2.89999e-011	2.56428e-011	1.88127e-011	1.50114e-011	1.75759e-011	2.29924e-011	2.49187e-011	2.13098e-011	1.64746e-011	1.58339e-011	1.96493e-011	2.3053e-011	2.21456e-011	1.87309e-011	1.79815e-011	2.18816e-011	2.64518e-011	2.62998e-011	2.1218e-011	1.68934e-011	1.85939e-011	2.50219e-011	2.95395e-011	2.75214e-011	2.14944e-011	1.82428e-011	2.12632e-011	2.71703e-011	2.99266e-011	2.77428e-011	2.46619e-011	2.53085e-011	2.92866e-011	3.18782e-011	3.00248e-011	2.62603e-011	2.57658e-011	3.00007e-011	3.45701e-011	3.40863e-011	2.85125e-011	2.35652e-011	2.45248e-011	3.04191e-011	3.51639e-011	3.43098e-011	2.97283e-011	2.70923e-011	2.93225e-011	3.36015e-011	3.51235e-011	3.28322e-011	3.02994e-011	3.09205e-011	3.34544e-011	3.3443e-011	2.88588e-011	2.3072e-011	2.12927e-011	2.44606e-011	2.78348e-011	2.62088e-011	1.9895e-011	1.45586e-011	1.5008e-011	2.0017e-011	2.40114e-011	2.34753e-011	2.05781e-011	2.00234e-011	2.31976e-011	2.67217e-011	2.69701e-011	2.47985e-011	2.4511e-011	2.82593e-011	3.28618e-011	3.32743e-011	2.88062e-011
2.94778e-011	2.98586e-011	2.95467e-011	2.87059e-011	2.8577e-011	2.96549e-011	3.06214e-011	2.96825e-011	2.68866e-011	2.44975e-011	2.46458e-011	2.68317e-011	2.82721e-011	2.6875e-011	2.35272e-011	2.11144e-011	2.14272e-011	2.34593e-011	2.48556e-011	2.46143e-011	2.38962e-011	2.42653e-011	2.5727e-011	2.69328e-011	2.70974e-011	2.7099e-011	2.83611e-011	3.09215e-011	3.31009e-011	3.32526e-011	3.16084e-011	3.01364e-011	3.05864e-011	3.28245e-011	3.50883e-011	3.57071e-011	3.45091e-011	3.27517e-011	3.19372e-011	3.26749e-011	3.43853e-011	3.58517e-011	3.61338e-011	3.52214e-011	3.39483e-011	3.31841e-011	3.30074e-011	3.2728e-011	3.1794e-011	3.05281e-011	2.96828e-011	2.92381e-011	2.80528e-011	2.5178e-011	2.14756e-011	1.93239e-011	2.01731e-011	2.2529e-011	2.30412e-011	2.00339e-011	1.5667e-011	1.39696e-011	1.65516e-011	2.07404e-011	2.2435e-011	2.05962e-011	1.82435e-011	1.87692e-011	2.19025e-011	2.41513e-011	2.32177e-011	2.09869e-011	2.12631e-011	2.48282e-011	2.79427e-011	2.65239e-011	2.12925e-011	1.75656e-011	1.94393e-011	2.49031e-011	2.77564e-011	2.44562e-011	1.81483e-011	1.51842e-011	1.80508e-011	2.28073e-011	2.38796e-011	2.04986e-011	1.72555e-011	1.83e-011	2.2254e-011	2.39765e-011	2.10241e-011	1.69227e-011	1.71121e-011	2.22567e-011	2.69819e-011	2.58436e-011	1.9742e-011	1.52351e-011	1.73353e-011	2.39496e-011	2.82907e-011	2.64546e-011	2.15168e-011	1.96655e-011	2.30891e-011	2.78568e-011	2.89526e-011	2.62437e-011	2.43136e-011	2.65655e-011	3.08415e-011	3.19143e-011	2.79255e-011	2.30225e-011	2.28472e-011	2.79802e-011	3.30071e-011	3.24652e-011	2.69695e-011	2.25601e-011	2.40409e-011	2.98688e-011	3.42288e-011	3.3648e-011	3.04938e-011	2.96072e-011	3.23796e-011	3.53361e-011	3.46868e-011	3.11422e-011	2.90713e-011	3.09911e-011	3.41179e-011	3.33667e-011	2.74703e-011	2.09614e-011	1.94186e-011	2.32625e-011	2.72431e-011	2.62868e-011	2.10578e-011	1.69619e-011	1.79199e-011	2.21835e-011	2.48525e-011	2.37914e-011	2.18046e-011	2.2664e-011	2.60944e-011	2.80184e-011	2.58197e-011	2.20661e-011	2.18297e-011	2.65453e-011	3.18345e-011	3.22553e-011	2.76523e-011
3.10546e-011	3.09511e-011	2.96813e-011	2.82233e-011	2.82164e-011	2.98081e-011	3.10079e-011	2.9694e-011	2.61433e-011	2.30372e-011	2.26949e-011	2.45851e-011	2.5963e-011	2.49118e-011	2.23265e-011	2.06884e-011	2.12349e-011	2.28469e-011	2.37394e-011	2.36767e-011	2.40057e-011	2.56415e-011	2.76712e-011	2.83826e-011	2.74549e-011	2.65727e-011	2.7611e-011	3.04553e-011	3.2974e-011	3.31975e-011	3.13152e-011	2.94173e-011	2.94197e-011	3.13943e-011	3.3808e-011	3.50956e-011	3.48993e-011	3.40312e-011	3.35695e-011	3.40364e-011	3.51834e-011	3.63191e-011	3.68511e-011	3.66732e-011	3.60978e-011	3.53766e-011	3.43392e-011	3.26815e-011	3.06628e-011	2.92298e-011	2.90443e-011	2.93497e-011	2.82752e-011	2.47873e-011	2.03118e-011	1.78382e-011	1.89271e-011	2.17552e-011	2.26956e-011	2.01067e-011	1.62138e-011	1.47762e-011	1.69699e-011	2.01505e-011	2.09798e-011	1.92916e-011	1.80924e-011	1.96647e-011	2.25294e-011	2.31509e-011	2.04977e-011	1.78118e-011	1.90183e-011	2.3764e-011	2.71797e-011	2.51777e-011	1.93793e-011	1.57408e-011	1.80669e-011	2.37048e-011	2.64588e-011	2.35026e-011	1.8394e-011	1.67815e-011	1.98925e-011	2.3413e-011	2.29229e-011	1.92699e-011	1.74041e-011	2.01095e-011	2.4293e-011	2.45076e-011	1.96581e-011	1.48012e-011	1.55773e-011	2.1583e-011	2.6496e-011	2.50508e-011	1.89673e-011	1.50402e-011	1.75786e-011	2.38182e-011	2.73813e-011	2.55598e-011	2.19836e-011	2.18655e-011	2.57165e-011	2.89839e-011	2.78357e-011	2.39845e-011	2.26799e-011	2.62408e-011	3.09201e-011	3.10312e-011	2.56675e-011	2.01363e-011	2.02532e-011	2.59061e-011	3.12064e-011	3.10302e-011	2.65218e-011	2.34621e-011	2.56257e-011	3.08165e-011	3.38764e-011	3.27964e-011	3.06757e-011	3.14604e-011	3.48352e-011	3.65273e-011	3.36618e-011	2.86369e-011	2.66499e-011	2.95859e-011	3.34899e-011	3.28292e-011	2.68227e-011	2.05478e-011	1.94545e-011	2.34804e-011	2.73971e-011	2.68195e-011	2.28843e-011	2.03777e-011	2.18566e-011	2.48522e-011	2.53052e-011	2.27975e-011	2.10576e-011	2.31e-011	2.70565e-011	2.8068e-011	2.42326e-011	1.94292e-011	1.92866e-011	2.47369e-011	3.07216e-011	3.17645e-011	2.80723e-011
3.27789e-011	3.22897e-011	3.0002e-011	2.75987e-011	2.71701e-011	2.87598e-011	3.00157e-011	2.86392e-011	2.49766e-011	2.17473e-011	2.11478e-011	2.26128e-011	2.37236e-011	2.30568e-011	2.16022e-011	2.12452e-011	2.23695e-011	2.35459e-011	2.35551e-011	2.30803e-011	2.38727e-011	2.63991e-011	2.89282e-011	2.93161e-011	2.74827e-011	2.56804e-011	2.61782e-011	2.89163e-011	3.1652e-011	3.23049e-011	3.09224e-011	2.93611e-011	2.93389e-011	3.10046e-011	3.3222e-011	3.48532e-011	3.56008e-011	3.58457e-011	3.60271e-011	3.62864e-011	3.65346e-011	3.66773e-011	3.67486e-011	3.68586e-011	3.69532e-011	3.65847e-011	3.5089e-011	3.23002e-011	2.91751e-011	2.7357e-011	2.7637e-011	2.87705e-011	2.82759e-011	2.49036e-011	2.02881e-011	1.76675e-011	1.86222e-011	2.12875e-011	2.22257e-011	2.01041e-011	1.70771e-011	1.62175e-011	1.79313e-011	1.96036e-011	1.89448e-011	1.69687e-011	1.68024e-011	1.95841e-011	2.25299e-011	2.19368e-011	1.78613e-011	1.47216e-011	1.6558e-011	2.21634e-011	2.5949e-011	2.39888e-011	1.85004e-011	1.54988e-011	1.81318e-011	2.32787e-011	2.52967e-011	2.25076e-011	1.88549e-011	1.89102e-011	2.23067e-011	2.43079e-011	2.18053e-011	1.74143e-011	1.65252e-011	2.06692e-011	2.52124e-011	2.44606e-011	1.84207e-011	1.32275e-011	1.4452e-011	2.08435e-011	2.56996e-011	2.43333e-011	1.91228e-011	1.65013e-011	1.95657e-011	2.48693e-011	2.68615e-011	2.4464e-011	2.19972e-011	2.35762e-011	2.78849e-011	2.9684e-011	2.62698e-011	2.1093e-011	2.00354e-011	2.45445e-011	2.96791e-011	2.95262e-011	2.38937e-011	1.86407e-011	1.9258e-011	2.49799e-011	2.99698e-011	2.99762e-011	2.67623e-011	2.54791e-011	2.84183e-011	3.25612e-011	3.35713e-011	3.11927e-011	2.94831e-011	3.164e-011	3.57407e-011	3.66986e-011	3.23178e-011	2.6293e-011	2.43973e-011	2.80437e-011	3.26038e-011	3.25046e-011	2.73567e-011	2.22077e-011	2.17823e-011	2.53951e-011	2.82274e-011	2.71401e-011	2.40492e-011	2.3057e-011	2.51076e-011	2.68074e-011	2.4853e-011	2.0546e-011	1.86409e-011	2.16438e-011	2.64123e-011	2.74337e-011	2.32324e-011	1.83927e-011	1.86157e-011	2.43733e-011	3.04649e-011	3.19413e-011	2.94719e-011
3.37085e-011	3.29922e-011	2.99556e-011	2.67146e-011	2.56663e-011	2.68844e-011	2.79972e-011	2.68094e-011	2.37079e-011	2.11159e-011	2.07221e-011	2.17728e-011	2.23206e-011	2.17205e-011	2.12598e-011	2.22463e-011	2.40848e-011	2.48635e-011	2.37903e-011	2.24275e-011	2.30463e-011	2.59265e-011	2.8794e-011	2.91637e-011	2.70001e-011	2.47579e-011	2.48364e-011	2.7274e-011	3.00254e-011	3.12187e-011	3.08369e-011	3.02798e-011	3.07069e-011	3.20876e-011	3.36827e-011	3.50174e-011	3.6172e-011	3.73053e-011	3.82051e-011	3.84216e-011	3.77662e-011	3.66124e-011	3.57153e-011	3.56623e-011	3.62988e-011	3.65881e-011	3.52604e-011	3.20084e-011	2.81857e-011	2.59837e-011	2.64324e-011	2.81206e-011	2.82755e-011	2.54928e-011	2.13306e-011	1.88326e-011	1.93468e-011	2.11173e-011	2.13323e-011	1.93464e-011	1.72939e-011	1.73121e-011	1.87367e-011	1.8846e-011	1.64459e-011	1.3857e-011	1.44703e-011	1.84421e-011	2.18175e-011	2.06896e-011	1.59021e-011	1.26339e-011	1.48541e-011	2.07683e-011	2.46093e-011	2.29615e-011	1.84652e-011	1.6644e-011	1.95478e-011	2.36142e-011	2.41593e-011	2.10469e-011	1.87074e-011	2.05013e-011	2.43206e-011	2.49432e-011	2.05047e-011	1.52631e-011	1.50052e-011	2.0226e-011	2.51529e-011	2.40709e-011	1.78367e-011	1.30558e-011	1.47743e-011	2.0998e-011	2.52079e-011	2.37989e-011	1.98225e-011	1.89342e-011	2.25918e-011	2.65724e-011	2.6358e-011	2.2747e-011	2.08856e-011	2.38768e-011	2.86933e-011	2.94587e-011	2.44066e-011	1.83317e-011	1.74711e-011	2.25545e-011	2.79653e-011	2.79876e-011	2.30478e-011	1.89751e-011	2.03539e-011	2.56533e-011	2.94812e-011	2.89712e-011	2.67437e-011	2.72179e-011	3.09764e-011	3.40305e-011	3.28146e-011	2.88066e-011	2.70692e-011	3.02608e-011	3.51826e-011	3.61256e-011	3.1356e-011	2.52956e-011	2.37886e-011	2.776e-011	3.23983e-011	3.26517e-011	2.86722e-011	2.51202e-011	2.54801e-011	2.82013e-011	2.90383e-011	2.64708e-011	2.35106e-011	2.37353e-011	2.65102e-011	2.74354e-011	2.37249e-011	1.80626e-011	1.60256e-011	1.97733e-011	2.53555e-011	2.69846e-011	2.35023e-011	1.96094e-011	2.04614e-011	2.59247e-011	3.10734e-011	3.2085e-011	3.04105e-011
3.33009e-011	3.2554e-011	2.93136e-011	2.57841e-011	2.43499e-011	2.50739e-011	2.5828e-011	2.48533e-011	2.26988e-011	2.13141e-011	2.15602e-011	2.2267e-011	2.1943e-011	2.08761e-011	2.08664e-011	2.28311e-011	2.52912e-011	2.58015e-011	2.3799e-011	2.14905e-011	2.15877e-011	2.43717e-011	2.738e-011	2.80354e-011	2.62715e-011	2.43783e-011	2.44931e-011	2.66117e-011	2.90675e-011	3.05306e-011	3.11532e-011	3.18667e-011	3.30489e-011	3.4214e-011	3.48638e-011	3.52472e-011	3.60729e-011	3.75838e-011	3.91016e-011	3.95423e-011	3.8376e-011	3.61638e-011	3.4242e-011	3.37645e-011	3.47373e-011	3.5801e-011	3.51703e-011	3.22214e-011	2.83387e-011	2.59262e-011	2.6188e-011	2.78235e-011	2.82032e-011	2.60331e-011	2.26837e-011	2.06156e-011	2.05991e-011	2.0955e-011	1.97715e-011	1.74332e-011	1.62349e-011	1.73479e-011	1.88914e-011	1.78618e-011	1.39844e-011	1.07568e-011	1.18665e-011	1.67548e-011	2.06589e-011	1.96109e-011	1.49575e-011	1.20895e-011	1.45414e-011	2.00829e-011	2.33124e-011	2.17856e-011	1.85709e-011	1.83139e-011	2.15768e-011	2.42688e-011	2.28466e-011	1.89301e-011	1.75508e-011	2.09348e-011	2.53396e-011	2.50879e-011	1.93485e-011	1.36238e-011	1.3846e-011	1.96706e-011	2.47312e-011	2.37017e-011	1.81505e-011	1.45548e-011	1.68934e-011	2.23955e-011	2.51649e-011	2.31577e-011	2.02472e-011	2.1139e-011	2.54344e-011	2.80505e-011	2.5496e-011	2.04075e-011	1.87434e-011	2.27686e-011	2.80944e-011	2.84408e-011	2.2786e-011	1.66982e-011	1.62697e-011	2.15243e-011	2.66846e-011	2.678e-011	2.29536e-011	2.06092e-011	2.29235e-011	2.74087e-011	2.93071e-011	2.74717e-011	2.56179e-011	2.75395e-011	3.21605e-011	3.45073e-011	3.16069e-011	2.63459e-011	2.45561e-011	2.84794e-011	3.40995e-011	3.5495e-011	3.13397e-011	2.62334e-011	2.54726e-011	2.9305e-011	3.30957e-011	3.28822e-011	2.96858e-011	2.77058e-011	2.88983e-011	3.06205e-011	2.91423e-011	2.46192e-011	2.12884e-011	2.24274e-011	2.61022e-011	2.70416e-011	2.2751e-011	1.67514e-011	1.49522e-011	1.91396e-011	2.50327e-011	2.71352e-011	2.47619e-011	2.23514e-011	2.39543e-011	2.85666e-011	3.17343e-011	3.12022e-011	2.9561e-011
3.17373e-011	3.11085e-011	2.82643e-011	2.52026e-011	2.39025e-011	2.42173e-011	2.43744e-011	2.3339e-011	2.20453e-011	2.19936e-011	2.30778e-011	2.35258e-011	2.21639e-011	2.0177e-011	1.99829e-011	2.23503e-011	2.51923e-011	2.56523e-011	2.3237e-011	2.04402e-011	2.01265e-011	2.25975e-011	2.55172e-011	2.65643e-011	2.5734e-011	2.4915e-011	2.55975e-011	2.74722e-011	2.926e-011	3.04099e-011	3.15397e-011	3.33005e-011	3.52827e-011	3.63652e-011	3.60502e-011	3.51648e-011	3.51104e-011	3.6473e-011	3.8411e-011	3.93541e-011	3.8318e-011	3.57349e-011	3.31946e-011	3.22826e-011	3.33094e-011	3.4923e-011	3.51123e-011	3.29644e-011	2.96091e-011	2.72488e-011	2.7024e-011	2.78757e-011	2.77288e-011	2.57852e-011	2.33182e-011	2.1982e-011	2.1648e-011	2.05317e-011	1.76548e-011	1.45985e-011	1.4011e-011	1.6262e-011	1.83381e-011	1.68688e-011	1.22003e-011	8.63358e-012	9.99528e-012	1.52636e-011	1.93794e-011	1.86593e-011	1.48067e-011	1.28908e-011	1.55496e-011	2.01113e-011	2.195e-011	2.00339e-011	1.80008e-011	1.94634e-011	2.32835e-011	2.47324e-011	2.13627e-011	1.64892e-011	1.57366e-011	2.03874e-011	2.54157e-011	2.48976e-011	1.88109e-011	1.33297e-011	1.40765e-011	1.99512e-011	2.45543e-011	2.34799e-011	1.90439e-011	1.71521e-011	2.02332e-011	2.46156e-011	2.52646e-011	2.20066e-011	1.96937e-011	2.21225e-011	2.70873e-011	2.86766e-011	2.42833e-011	1.80513e-011	1.64954e-011	2.117e-011	2.68147e-011	2.71749e-011	2.19028e-011	1.67661e-011	1.71055e-011	2.21017e-011	2.62146e-011	2.57596e-011	2.28414e-011	2.22958e-011	2.56086e-011	2.91703e-011	2.88505e-011	2.52661e-011	2.32962e-011	2.62851e-011	3.17854e-011	3.40299e-011	3.04725e-011	2.48928e-011	2.33931e-011	2.77453e-011	3.35694e-011	3.52926e-011	3.21671e-011	2.86147e-011	2.8835e-011	3.21161e-011	3.41577e-011	3.24898e-011	2.93432e-011	2.85992e-011	3.06819e-011	3.17666e-011	2.84484e-011	2.22894e-011	1.85733e-011	2.04014e-011	2.49565e-011	2.64739e-011	2.26964e-011	1.74404e-011	1.63112e-011	2.05029e-011	2.57617e-011	2.74883e-011	2.58355e-011	2.48946e-011	2.72712e-011	3.08253e-011	3.15403e-011	2.88562e-011	2.66891e-011
2.98134e-011	2.92875e-011	2.72073e-011	2.52229e-011	2.45812e-011	2.46603e-011	2.39966e-011	2.2429e-011	2.14991e-011	2.24405e-011	2.42662e-011	2.45571e-011	2.22804e-011	1.92964e-011	1.85459e-011	2.08116e-011	2.37511e-011	2.43786e-011	2.22353e-011	1.97449e-011	1.95084e-011	2.16814e-011	2.42337e-011	2.54468e-011	2.56146e-011	2.61956e-011	2.77957e-011	2.95291e-011	3.03621e-011	3.05771e-011	3.14814e-011	3.37342e-011	3.63427e-011	3.75481e-011	3.66335e-011	3.47047e-011	3.3683e-011	3.45839e-011	3.66974e-011	3.82647e-011	3.79295e-011	3.5783e-011	3.32801e-011	3.21167e-011	3.28675e-011	3.44638e-011	3.50728e-011	3.37373e-011	3.12375e-011	2.92179e-011	2.84163e-011	2.79539e-011	2.65581e-011	2.42877e-011	2.25483e-011	2.21826e-011	2.19868e-011	1.98439e-011	1.55167e-011	1.16896e-011	1.14421e-011	1.46095e-011	1.73657e-011	1.6081e-011	1.14468e-011	8.05183e-012	9.51032e-012	1.44684e-011	1.80971e-011	1.74782e-011	1.4715e-011	1.4175e-011	1.71689e-011	2.04501e-011	2.03558e-011	1.7538e-011	1.6364e-011	1.94727e-011	2.4067e-011	2.47667e-011	2.0028e-011	1.45167e-011	1.42288e-011	1.96824e-011	2.50829e-011	2.46702e-011	1.91186e-011	1.46841e-011	1.61124e-011	2.14862e-011	2.48256e-011	2.31708e-011	1.97586e-011	1.97151e-011	2.36291e-011	2.68094e-011	2.51137e-011	2.02701e-011	1.8128e-011	2.17163e-011	2.73203e-011	2.84215e-011	2.31416e-011	1.66048e-011	1.5389e-011	2.03286e-011	2.57954e-011	2.61232e-011	2.17507e-011	1.82274e-011	1.95931e-011	2.39655e-011	2.62553e-011	2.4446e-011	2.18583e-011	2.2826e-011	2.7137e-011	3.00321e-011	2.78806e-011	2.28067e-011	2.06449e-011	2.4385e-011	3.0628e-011	3.32201e-011	3.00213e-011	2.51817e-011	2.44436e-011	2.88813e-011	3.40856e-011	3.54085e-011	3.30222e-011	3.10821e-011	3.23615e-011	3.4935e-011	3.48006e-011	3.10912e-011	2.74093e-011	2.75233e-011	3.05635e-011	3.16542e-011	2.7543e-011	2.07193e-011	1.70372e-011	1.9345e-011	2.436e-011	2.6381e-011	2.35847e-011	1.97355e-011	1.95497e-011	2.33002e-011	2.69184e-011	2.71622e-011	2.5425e-011	2.56008e-011	2.8797e-011	3.16009e-011	3.02492e-011	2.56593e-011	2.29414e-011
2.84635e-011	2.77975e-011	2.64247e-011	2.56974e-011	2.59866e-011	2.59854e-011	2.43869e-011	2.18685e-011	2.06801e-011	2.20163e-011	2.4276e-011	2.45349e-011	2.17818e-011	1.82188e-011	1.70078e-011	1.89319e-011	2.16964e-011	2.25589e-011	2.12201e-011	1.98039e-011	2.02426e-011	2.22618e-011	2.41426e-011	2.50077e-011	2.57343e-011	2.75202e-011	3.00776e-011	3.17865e-011	3.16407e-011	3.0605e-011	3.07094e-011	3.28622e-011	3.58128e-011	3.73582e-011	3.64697e-011	3.41945e-011	3.26138e-011	3.30329e-011	3.50428e-011	3.70457e-011	3.75877e-011	3.64141e-011	3.45484e-011	3.34021e-011	3.35965e-011	3.44641e-011	3.47302e-011	3.37705e-011	3.21389e-011	3.07368e-011	2.95777e-011	2.77416e-011	2.47634e-011	2.17463e-011	2.0472e-011	2.1158e-011	2.1577e-011	1.91427e-011	1.40463e-011	9.73384e-012	9.59231e-012	1.31691e-011	1.63039e-011	1.54379e-011	1.14828e-011	8.80838e-012	1.03473e-011	1.43746e-011	1.66899e-011	1.56173e-011	1.38501e-011	1.49021e-011	1.849e-011	2.06281e-011	1.85739e-011	1.46583e-011	1.4017e-011	1.84945e-011	2.39337e-011	2.44799e-011	1.92867e-011	1.38359e-011	1.40508e-011	1.97488e-011	2.49179e-011	2.45151e-011	1.99761e-011	1.7185e-011	1.94762e-011	2.39515e-011	2.53086e-011	2.24046e-011	1.95897e-011	2.12173e-011	2.60158e-011	2.82699e-011	2.46216e-011	1.84347e-011	1.63313e-011	2.06805e-011	2.67157e-011	2.77391e-011	2.2557e-011	1.67129e-011	1.62222e-011	2.10368e-011	2.55639e-011	2.52988e-011	2.17247e-011	1.99934e-011	2.24965e-011	2.60951e-011	2.61793e-011	2.2511e-011	1.9726e-011	2.18022e-011	2.70665e-011	2.97906e-011	2.67216e-011	2.1031e-011	1.9028e-011	2.32687e-011	2.98252e-011	3.27158e-011	3.03933e-011	2.70223e-011	2.74037e-011	3.15952e-011	3.53124e-011	3.52621e-011	3.28979e-011	3.22331e-011	3.45673e-011	3.66555e-011	3.46443e-011	2.90689e-011	2.47609e-011	2.5476e-011	2.94192e-011	3.10307e-011	2.71997e-011	2.08512e-011	1.77725e-011	2.02838e-011	2.49364e-011	2.66907e-011	2.45545e-011	2.21746e-011	2.30094e-011	2.60999e-011	2.75204e-011	2.55561e-011	2.30718e-011	2.39869e-011	2.81097e-011	3.08404e-011	2.8486e-011	2.29852e-011	2.01894e-011
2.8213e-011	2.70007e-011	2.5881e-011	2.61022e-011	2.72398e-011	2.72517e-011	2.48213e-011	2.12584e-011	1.94223e-011	2.0604e-011	2.29249e-011	2.326e-011	2.06332e-011	1.72621e-011	1.6102e-011	1.77342e-011	2.00713e-011	2.09697e-011	2.05433e-011	2.05874e-011	2.21138e-011	2.41404e-011	2.51203e-011	2.50704e-011	2.56533e-011	2.80707e-011	3.13503e-011	3.31726e-011	3.23737e-011	3.02981e-011	2.9493e-011	3.11826e-011	3.41722e-011	3.61503e-011	3.58734e-011	3.40962e-011	3.26431e-011	3.27862e-011	3.43964e-011	3.63175e-011	3.73786e-011	3.71978e-011	3.6277e-011	3.54189e-011	3.49693e-011	3.45791e-011	3.37452e-011	3.25365e-011	3.15524e-011	3.0988e-011	2.99505e-011	2.72063e-011	2.28745e-011	1.90286e-011	1.79486e-011	1.95095e-011	2.07488e-011	1.86771e-011	1.36336e-011	9.33908e-012	9.15673e-012	1.24612e-011	1.52578e-011	1.4544e-011	1.15324e-011	1.00176e-011	1.17959e-011	1.45905e-011	1.50039e-011	1.29168e-011	1.18275e-011	1.44597e-011	1.89227e-011	2.04229e-011	1.69467e-011	1.22079e-011	1.19272e-011	1.73241e-011	2.33627e-011	2.41132e-011	1.93376e-011	1.47633e-011	1.56584e-011	2.10482e-011	2.51559e-011	2.42248e-011	2.06626e-011	1.97542e-011	2.30655e-011	2.65484e-011	2.5629e-011	2.10799e-011	1.8427e-011	2.13704e-011	2.7019e-011	2.88288e-011	2.40991e-011	1.73484e-011	1.5494e-011	2.02185e-011	2.61944e-011	2.71229e-011	2.26263e-011	1.82363e-011	1.88092e-011	2.31605e-011	2.59642e-011	2.43105e-011	2.10064e-011	2.08358e-011	2.44696e-011	2.74564e-011	2.55782e-011	2.01891e-011	1.70679e-011	1.99126e-011	2.59702e-011	2.8942e-011	2.59602e-011	2.07505e-011	1.94611e-011	2.39579e-011	3.00996e-011	3.26607e-011	3.10393e-011	2.93077e-011	3.09501e-011	3.47223e-011	3.64453e-011	3.43436e-011	3.13492e-011	3.15223e-011	3.48837e-011	3.69858e-011	3.39948e-011	2.74366e-011	2.29252e-011	2.40957e-011	2.85917e-011	3.07089e-011	2.7702e-011	2.2614e-011	2.05649e-011	2.29637e-011	2.63138e-011	2.67052e-011	2.44144e-011	2.31311e-011	2.49745e-011	2.75892e-011	2.70294e-011	2.29526e-011	1.96087e-011	2.10561e-011	2.61441e-011	2.94181e-011	2.72326e-011	2.20551e-011	1.98343e-011
2.88966e-011	2.67644e-011	2.52964e-011	2.58581e-011	2.74846e-011	2.75473e-011	2.46356e-011	2.03925e-011	1.79841e-011	1.875e-011	2.08091e-011	2.12205e-011	1.92107e-011	1.68131e-011	1.63635e-011	1.79277e-011	1.96097e-011	2.01004e-011	2.02099e-011	2.15633e-011	2.42352e-011	2.63884e-011	2.64521e-011	2.51878e-011	2.50505e-011	2.74585e-011	3.10872e-011	3.31528e-011	3.22801e-011	2.98561e-011	2.85545e-011	2.97548e-011	3.24991e-011	3.47399e-011	3.52953e-011	3.45998e-011	3.39062e-011	3.40678e-011	3.50344e-011	3.62034e-011	3.70353e-011	3.73774e-011	3.73538e-011	3.70162e-011	3.61317e-011	3.44212e-011	3.212e-011	3.01786e-011	2.95286e-011	2.98836e-011	2.94865e-011	2.66087e-011	2.16125e-011	1.72175e-011	1.61125e-011	1.80813e-011	1.98737e-011	1.8402e-011	1.40395e-011	1.03064e-011	1.0079e-011	1.24906e-011	1.40849e-011	1.29118e-011	1.0725e-011	1.06168e-011	1.29469e-011	1.4664e-011	1.31131e-011	9.76933e-012	9.02865e-012	1.30084e-011	1.84642e-011	1.99284e-011	1.59145e-011	1.10215e-011	1.11307e-011	1.68854e-011	2.29025e-011	2.37444e-011	1.98788e-011	1.68318e-011	1.86419e-011	2.33317e-011	2.56211e-011	2.34659e-011	2.04869e-011	2.13603e-011	2.57938e-011	2.85346e-011	2.5646e-011	1.96119e-011	1.69503e-011	2.0803e-011	2.70808e-011	2.88295e-011	2.39845e-011	1.76784e-011	1.64863e-011	2.12161e-011	2.63843e-011	2.66982e-011	2.28778e-011	2.02341e-011	2.20512e-011	2.57728e-011	2.63937e-011	2.27759e-011	1.91886e-011	2.01691e-011	2.48494e-011	2.76233e-011	2.45776e-011	1.82556e-011	1.51252e-011	1.85091e-011	2.49708e-011	2.81979e-011	2.59093e-011	2.20279e-011	2.19294e-011	2.64353e-011	3.13419e-011	3.26385e-011	3.10504e-011	3.06596e-011	3.35365e-011	3.70023e-011	3.68664e-011	3.27386e-011	2.89313e-011	2.96387e-011	3.39273e-011	3.64961e-011	3.35535e-011	2.71738e-011	2.31285e-011	2.46178e-011	2.89735e-011	3.09284e-011	2.85204e-011	2.48572e-011	2.39979e-011	2.60866e-011	2.75227e-011	2.57304e-011	2.25305e-011	2.1883e-011	2.47332e-011	2.73945e-011	2.5756e-011	2.04635e-011	1.67347e-011	1.86578e-011	2.44646e-011	2.83716e-011	2.70044e-011	2.30326e-011	2.18734e-011
2.98026e-011	2.66462e-011	2.44284e-011	2.47478e-011	2.64105e-011	2.65136e-011	2.36123e-011	1.94055e-011	1.69445e-011	1.73788e-011	1.89458e-011	1.92412e-011	1.79721e-011	1.69792e-011	1.7722e-011	1.94564e-011	2.03295e-011	1.99145e-011	1.99055e-011	2.19998e-011	2.55387e-011	2.78914e-011	2.73162e-011	2.50296e-011	2.40482e-011	2.60412e-011	2.9646e-011	3.19862e-011	3.16054e-011	2.96986e-011	2.86241e-011	2.95769e-011	3.18217e-011	3.38631e-011	3.49482e-011	3.53848e-011	3.57597e-011	3.62061e-011	3.64544e-011	3.63613e-011	3.61941e-011	3.63715e-011	3.69403e-011	3.7288e-011	3.64396e-011	3.38839e-011	3.03321e-011	2.75415e-011	2.69355e-011	2.80571e-011	2.85578e-011	2.62408e-011	2.14146e-011	1.69783e-011	1.57219e-011	1.74445e-011	1.90767e-011	1.79073e-011	1.44542e-011	1.17172e-011	1.16269e-011	1.28514e-011	1.26171e-011	1.03655e-011	8.66292e-012	9.988e-012	1.32142e-011	1.43887e-011	1.13896e-011	7.0271e-012	6.45475e-012	1.13548e-011	1.75758e-011	1.93538e-011	1.56563e-011	1.14237e-011	1.21129e-011	1.76693e-011	2.28033e-011	2.31706e-011	2.02025e-011	1.89977e-011	2.19518e-011	2.58566e-011	2.59796e-011	2.21476e-011	1.93104e-011	2.16466e-011	2.71909e-011	2.96407e-011	2.5585e-011	1.87841e-011	1.62949e-011	2.06612e-011	2.707e-011	2.8746e-011	2.44176e-011	1.93969e-011	1.9278e-011	2.36999e-011	2.72642e-011	2.61697e-011	2.25495e-011	2.14962e-011	2.4579e-011	2.7771e-011	2.63275e-011	2.0765e-011	1.66882e-011	1.84518e-011	2.39908e-011	2.69282e-011	2.36874e-011	1.75385e-011	1.50046e-011	1.87531e-011	2.49664e-011	2.79128e-011	2.6264e-011	2.40127e-011	2.53368e-011	2.96901e-011	3.28001e-011	3.20851e-011	2.9833e-011	3.03104e-011	3.43214e-011	3.78466e-011	3.65896e-011	3.12002e-011	2.69649e-011	2.80886e-011	3.30041e-011	3.60745e-011	3.37924e-011	2.84879e-011	2.54811e-011	2.71111e-011	3.0479e-011	3.12246e-011	2.86315e-011	2.60396e-011	2.63351e-011	2.82006e-011	2.77816e-011	2.37403e-011	1.9407e-011	1.91234e-011	2.29546e-011	2.61911e-011	2.45711e-011	1.93027e-011	1.59503e-011	1.82966e-011	2.41855e-011	2.80951e-011	2.73616e-011	2.4802e-011	2.48722e-011
3.01356e-011	2.62554e-011	2.33368e-011	2.31352e-011	2.44626e-011	2.45213e-011	2.20428e-011	1.86327e-011	1.68261e-011	1.72373e-011	1.81679e-011	1.79706e-011	1.71219e-011	1.74306e-011	1.94585e-011	2.15049e-011	2.15757e-011	1.99835e-011	1.92947e-011	2.14601e-011	2.54101e-011	2.79879e-011	2.72763e-011	2.46313e-011	2.32199e-011	2.47691e-011	2.80523e-011	3.04933e-011	3.08485e-011	3.00868e-011	2.99187e-011	3.09654e-011	3.25223e-011	3.37569e-011	3.46657e-011	3.5759e-011	3.7107e-011	3.80214e-011	3.77417e-011	3.63236e-011	3.47678e-011	3.42334e-011	3.50058e-011	3.60804e-011	3.57962e-011	3.31983e-011	2.90989e-011	2.57378e-011	2.49692e-011	2.64304e-011	2.7607e-011	2.61075e-011	2.20731e-011	1.81361e-011	1.67423e-011	1.76151e-011	1.82034e-011	1.66682e-011	1.39561e-011	1.24613e-011	1.28583e-011	1.30755e-011	1.09282e-011	7.31008e-012	5.74681e-012	8.30918e-012	1.26048e-011	1.38648e-011	1.02887e-011	5.55442e-012	5.17623e-012	1.04408e-011	1.6796e-011	1.87485e-011	1.58502e-011	1.29574e-011	1.4504e-011	1.94789e-011	2.29335e-011	2.20874e-011	1.96333e-011	2.02372e-011	2.45038e-011	2.78778e-011	2.60809e-011	2.06602e-011	1.77602e-011	2.11541e-011	2.75874e-011	3.01062e-011	2.58224e-011	1.92582e-011	1.73683e-011	2.18852e-011	2.76717e-011	2.87706e-011	2.50186e-011	2.16834e-011	2.29012e-011	2.68541e-011	2.8294e-011	2.51525e-011	2.1163e-011	2.13056e-011	2.55575e-011	2.85429e-011	2.57144e-011	1.88968e-011	1.46103e-011	1.69229e-011	2.29458e-011	2.60858e-011	2.33213e-011	1.82937e-011	1.69405e-011	2.08855e-011	2.60778e-011	2.78565e-011	2.62513e-011	2.54053e-011	2.81437e-011	3.23832e-011	3.36887e-011	3.08419e-011	2.76454e-011	2.86329e-011	3.36262e-011	3.75915e-011	3.61738e-011	3.06687e-011	2.67334e-011	2.82453e-011	3.32125e-011	3.62277e-011	3.44958e-011	3.05558e-011	2.88569e-011	3.04821e-011	3.22309e-011	3.08833e-011	2.72853e-011	2.52425e-011	2.66006e-011	2.86185e-011	2.70693e-011	2.15385e-011	1.64995e-011	1.65505e-011	2.11594e-011	2.50843e-011	2.41633e-011	1.98925e-011	1.75628e-011	2.01882e-011	2.52874e-011	2.80952e-011	2.71659e-011	2.56436e-011	2.68778e-011
2.9491e-011	2.55219e-011	2.24131e-011	2.18082e-011	2.25935e-011	2.2408e-011	2.0463e-011	1.83007e-011	1.76957e-011	1.84128e-011	1.8645e-011	1.75364e-011	1.65119e-011	1.75766e-011	2.05878e-011	2.29641e-011	2.24588e-011	1.98579e-011	1.83558e-011	2.01538e-011	2.40684e-011	2.6813e-011	2.64707e-011	2.43251e-011	2.3238e-011	2.46288e-011	2.73819e-011	2.95145e-011	3.03605e-011	3.08395e-011	3.19103e-011	3.33326e-011	3.41566e-011	3.41144e-011	3.40932e-011	3.51158e-011	3.7048e-011	3.85156e-011	3.81421e-011	3.58705e-011	3.31333e-011	3.17358e-011	3.23843e-011	3.40278e-011	3.45969e-011	3.26911e-011	2.89014e-011	2.54926e-011	2.44646e-011	2.5654e-011	2.68182e-011	2.5823e-011	2.27704e-011	1.97478e-011	1.84126e-011	1.81567e-011	1.70501e-011	1.44681e-011	1.21079e-011	1.18886e-011	1.31668e-011	1.29516e-011	9.4038e-012	4.63097e-012	3.0214e-012	6.42253e-012	1.15938e-011	1.32969e-011	9.98461e-012	5.68835e-012	5.70699e-012	1.07843e-011	1.63835e-011	1.79017e-011	1.57804e-011	1.45884e-011	1.7286e-011	2.16154e-011	2.30011e-011	2.04309e-011	1.8035e-011	2.01671e-011	2.5777e-011	2.90661e-011	2.60991e-011	1.97507e-011	1.69385e-011	2.09835e-011	2.77946e-011	3.03598e-011	2.64982e-011	2.10682e-011	2.02505e-011	2.46281e-011	2.89779e-011	2.86956e-011	2.50879e-011	2.33668e-011	2.59998e-011	2.95562e-011	2.8889e-011	2.36103e-011	1.89798e-011	1.99256e-011	2.51345e-011	2.82437e-011	2.49545e-011	1.79699e-011	1.40998e-011	1.68269e-011	2.27295e-011	2.56075e-011	2.33778e-011	1.99098e-011	2.0077e-011	2.40906e-011	2.76667e-011	2.74816e-011	2.52005e-011	2.52798e-011	2.9289e-011	3.36676e-011	3.37484e-011	2.93961e-011	2.55693e-011	2.69425e-011	3.26404e-011	3.71117e-011	3.61968e-011	3.15654e-011	2.86311e-011	3.04845e-011	3.47597e-011	3.67492e-011	3.48515e-011	3.19817e-011	3.15724e-011	3.32176e-011	3.32709e-011	2.96097e-011	2.4664e-011	2.28236e-011	2.51482e-011	2.77511e-011	2.60707e-011	2.0253e-011	1.53311e-011	1.57953e-011	2.06783e-011	2.4758e-011	2.44311e-011	2.14651e-011	2.0445e-011	2.31781e-011	2.67669e-011	2.74703e-011	2.54326e-011	2.43812e-011	2.66656e-011
2.80483e-011	2.46939e-011	2.21278e-011	2.15131e-011	2.17031e-011	2.09617e-011	1.92737e-011	1.82976e-011	1.90313e-011	2.02387e-011	1.98181e-011	1.75662e-011	1.58339e-011	1.69755e-011	2.04466e-011	2.30696e-011	2.239e-011	1.93916e-011	1.74815e-011	1.88823e-011	2.2444e-011	2.51531e-011	2.54149e-011	2.44212e-011	2.43872e-011	2.60223e-011	2.81279e-011	2.94218e-011	3.01162e-011	3.13823e-011	3.35711e-011	3.55106e-011	3.57724e-011	3.43969e-011	3.30517e-011	3.34066e-011	3.54489e-011	3.74368e-011	3.74694e-011	3.51576e-011	3.19561e-011	2.99777e-011	3.03046e-011	3.21229e-011	3.33696e-011	3.24437e-011	2.95917e-011	2.66796e-011	2.54309e-011	2.57788e-011	2.60496e-011	2.48437e-011	2.25391e-011	2.0644e-011	1.97313e-011	1.85499e-011	1.5652e-011	1.169e-011	9.30449e-012	1.0182e-011	1.25669e-011	1.25885e-011	8.51785e-012	3.22884e-012	1.60604e-012	5.31206e-012	1.07358e-011	1.27239e-011	1.01371e-011	6.96769e-012	7.69481e-012	1.22169e-011	1.62307e-011	1.65208e-011	1.47753e-011	1.52958e-011	1.93805e-011	2.33436e-011	2.28676e-011	1.85991e-011	1.60248e-011	1.92878e-011	2.60316e-011	2.95827e-011	2.63556e-011	2.00675e-011	1.77741e-011	2.21076e-011	2.85265e-011	3.06249e-011	2.72848e-011	2.34793e-011	2.40842e-011	2.81836e-011	3.05292e-011	2.81682e-011	2.41225e-011	2.36516e-011	2.7619e-011	3.10539e-011	2.88576e-011	2.20298e-011	1.69779e-011	1.84709e-011	2.42565e-011	2.75358e-011	2.44951e-011	1.83684e-011	1.55883e-011	1.86282e-011	2.36762e-011	2.54492e-011	2.32391e-011	2.12051e-011	2.29403e-011	2.70246e-011	2.88598e-011	2.64575e-011	2.31264e-011	2.37206e-011	2.87978e-011	3.36192e-011	3.33509e-011	2.85909e-011	2.48782e-011	2.66779e-011	3.25973e-011	3.71196e-011	3.67159e-011	3.33834e-011	3.18448e-011	3.39682e-011	3.69279e-011	3.69753e-011	3.40574e-011	3.17044e-011	3.24297e-011	3.43429e-011	3.32492e-011	2.78738e-011	2.19228e-011	2.02485e-011	2.33603e-011	2.66774e-011	2.55677e-011	2.05083e-011	1.64903e-011	1.73943e-011	2.18174e-011	2.50245e-011	2.45013e-011	2.24972e-011	2.27376e-011	2.55477e-011	2.74509e-011	2.57198e-011	2.21605e-011	2.12218e-011	2.44869e-011
2.6389e-011	2.40897e-011	2.26644e-011	2.24676e-011	2.21077e-011	2.04805e-011	1.8516e-011	1.82135e-011	1.99811e-011	2.166e-011	2.07682e-011	1.75166e-011	1.49379e-011	1.56984e-011	1.91158e-011	2.18214e-011	2.1376e-011	1.87941e-011	1.72446e-011	1.85772e-011	2.16236e-011	2.39307e-011	2.45964e-011	2.48948e-011	2.62835e-011	2.84782e-011	2.99367e-011	2.99805e-011	2.98123e-011	3.11272e-011	3.3975e-011	3.64271e-011	3.65012e-011	3.42469e-011	3.17788e-011	3.1286e-011	3.30627e-011	3.53794e-011	3.61105e-011	3.4521e-011	3.17422e-011	2.97316e-011	2.96783e-011	3.11144e-011	3.2395e-011	3.21403e-011	3.0385e-011	2.83573e-011	2.70897e-011	2.6338e-011	2.50552e-011	2.28997e-011	2.08825e-011	2.01161e-011	2.00406e-011	1.85435e-011	1.43745e-011	9.22592e-012	6.62238e-012	8.22615e-012	1.15681e-011	1.22094e-011	8.45674e-012	3.46184e-012	2.04835e-012	5.52831e-012	1.03033e-011	1.19243e-011	1.00086e-011	8.34411e-012	1.01252e-011	1.40584e-011	1.60698e-011	1.45628e-011	1.27093e-011	1.46909e-011	2.02446e-011	2.43047e-011	2.26846e-011	1.733e-011	1.47002e-011	1.8681e-011	2.60379e-011	2.98093e-011	2.6969e-011	2.16718e-011	2.04198e-011	2.47735e-011	2.99631e-011	3.07637e-011	2.7537e-011	2.53643e-011	2.75457e-011	3.14432e-011	3.17273e-011	2.71004e-011	2.2285e-011	2.26545e-011	2.77308e-011	3.13343e-011	2.84777e-011	2.11527e-011	1.6302e-011	1.82223e-011	2.4001e-011	2.70281e-011	2.4384e-011	1.96819e-011	1.84471e-011	2.17215e-011	2.53014e-011	2.51377e-011	2.22232e-011	2.11644e-011	2.43153e-011	2.864e-011	2.91702e-011	2.50322e-011	2.08733e-011	2.18247e-011	2.76896e-011	3.3028e-011	3.31024e-011	2.89916e-011	2.61975e-011	2.84886e-011	3.39831e-011	3.76718e-011	3.71549e-011	3.4919e-011	3.48113e-011	3.72016e-011	3.866e-011	3.64038e-011	3.2007e-011	2.97477e-011	3.14411e-011	3.39553e-011	3.25988e-011	2.6639e-011	2.05217e-011	1.91875e-011	2.27056e-011	2.63117e-011	2.57663e-011	2.18897e-011	1.91994e-011	2.04859e-011	2.37744e-011	2.50815e-011	2.33927e-011	2.17251e-011	2.3036e-011	2.6136e-011	2.6851e-011	2.32419e-011	1.85039e-011	1.76905e-011	2.18313e-011
2.50923e-011	2.38122e-011	2.37089e-011	2.41728e-011	2.33672e-011	2.0674e-011	1.79411e-011	1.76426e-011	1.98746e-011	2.18432e-011	2.07711e-011	1.70584e-011	1.40193e-011	1.43708e-011	1.73987e-011	1.99376e-011	1.99169e-011	1.83967e-011	1.79749e-011	1.97097e-011	2.22037e-011	2.36618e-011	2.4161e-011	2.53376e-011	2.80241e-011	3.08916e-011	3.18574e-011	3.06063e-011	2.91941e-011	2.99317e-011	3.28819e-011	3.57154e-011	3.60371e-011	3.37014e-011	3.08377e-011	2.9788e-011	3.11085e-011	3.33817e-011	3.46748e-011	3.41322e-011	3.24239e-011	3.09413e-011	3.05819e-011	3.11169e-011	3.15795e-011	3.12546e-011	3.02942e-011	2.93055e-011	2.83696e-011	2.67358e-011	2.37973e-011	2.03146e-011	1.8156e-011	1.83262e-011	1.93447e-011	1.82425e-011	1.36991e-011	8.00575e-012	5.23316e-012	7.06477e-012	1.07694e-011	1.18699e-011	8.8771e-012	4.86446e-012	4.00209e-012	6.91521e-012	1.01952e-011	1.05997e-011	8.9127e-012	8.78135e-012	1.19103e-011	1.55725e-011	1.57711e-011	1.24416e-011	1.02121e-011	1.32682e-011	2.01067e-011	2.46128e-011	2.27357e-011	1.72636e-011	1.50094e-011	1.93469e-011	2.65268e-011	2.99781e-011	2.76324e-011	2.38796e-011	2.40998e-011	2.83681e-011	3.1726e-011	3.0473e-011	2.67601e-011	2.58922e-011	2.9608e-011	3.35612e-011	3.22819e-011	2.5882e-011	2.04522e-011	2.13774e-011	2.71665e-011	3.09732e-011	2.81773e-011	2.14296e-011	1.75232e-011	1.98208e-011	2.48816e-011	2.68427e-011	2.41545e-011	2.08625e-011	2.13065e-011	2.4817e-011	2.67168e-011	2.42475e-011	2.01719e-011	1.96359e-011	2.39601e-011	2.87573e-011	2.87647e-011	2.39177e-011	1.96568e-011	2.10371e-011	2.72658e-011	3.27454e-011	3.32789e-011	3.03773e-011	2.90274e-011	3.18238e-011	3.62939e-011	3.82219e-011	3.67293e-011	3.50358e-011	3.61715e-011	3.89726e-011	3.93095e-011	3.51749e-011	2.95265e-011	2.72841e-011	2.97657e-011	3.30122e-011	3.21019e-011	2.66528e-011	2.12722e-011	2.04641e-011	2.38052e-011	2.67842e-011	2.60951e-011	2.31317e-011	2.17749e-011	2.34103e-011	2.53045e-011	2.42433e-011	2.08418e-011	1.90528e-011	2.12746e-011	2.50129e-011	2.54383e-011	2.11138e-011	1.61028e-011	1.56762e-011	2.03933e-011
2.43933e-011	2.36536e-011	2.45772e-011	2.56672e-011	2.45669e-011	2.09307e-011	1.72905e-011	1.65328e-011	1.86658e-011	2.06542e-011	1.96891e-011	1.62523e-011	1.35151e-011	1.38287e-011	1.63528e-011	1.83919e-011	1.8621e-011	1.83337e-011	1.94487e-011	2.19483e-011	2.39491e-011	2.42174e-011	2.39007e-011	2.52321e-011	2.87074e-011	3.2154e-011	3.29253e-011	3.08012e-011	2.83405e-011	2.83007e-011	3.09266e-011	3.3891e-011	3.4721e-011	3.3073e-011	3.07285e-011	2.97064e-011	3.05593e-011	3.22948e-011	3.35659e-011	3.37881e-011	3.32954e-011	3.27051e-011	3.22451e-011	3.16501e-011	3.0645e-011	2.94673e-011	2.87579e-011	2.87411e-011	2.8534e-011	2.66449e-011	2.25801e-011	1.79477e-011	1.54396e-011	1.61904e-011	1.81937e-011	1.79039e-011	1.3839e-011	8.41909e-012	5.72791e-012	7.29537e-012	1.04748e-011	1.13525e-011	9.02182e-012	6.36138e-012	6.43188e-012	8.78126e-012	1.01389e-011	8.70505e-012	6.721e-012	7.88321e-012	1.2492e-011	1.6382e-011	1.54752e-011	1.09007e-011	8.39759e-012	1.21178e-011	1.9722e-011	2.46166e-011	2.31135e-011	1.84681e-011	1.71506e-011	2.15985e-011	2.77424e-011	3.00015e-011	2.77396e-011	2.55998e-011	2.75256e-011	3.18132e-011	3.32326e-011	2.96548e-011	2.50681e-011	2.50858e-011	3.01119e-011	3.43837e-011	3.23562e-011	2.51883e-011	1.97476e-011	2.11064e-011	2.7023e-011	3.06236e-011	2.80949e-011	2.25997e-011	2.02054e-011	2.28606e-011	2.65812e-011	2.66145e-011	2.31629e-011	2.08651e-011	2.28616e-011	2.67308e-011	2.72655e-011	2.28339e-011	1.77195e-011	1.7501e-011	2.26988e-011	2.80315e-011	2.82141e-011	2.37569e-011	2.02752e-011	2.22367e-011	2.82623e-011	3.30791e-011	3.35479e-011	3.17679e-011	3.19816e-011	3.52843e-011	3.84604e-011	3.81411e-011	3.5106e-011	3.3459e-011	3.56036e-011	3.90475e-011	3.9018e-011	3.40292e-011	2.79372e-011	2.59364e-011	2.89207e-011	3.25763e-011	3.22116e-011	2.78246e-011	2.37529e-011	2.35486e-011	2.61189e-011	2.74631e-011	2.56477e-011	2.29517e-011	2.26956e-011	2.47905e-011	2.56196e-011	2.25628e-011	1.76607e-011	1.57096e-011	1.87232e-011	2.32854e-011	2.4178e-011	2.02966e-011	1.59978e-011	1.62175e-011	2.09631e-011
2.41215e-011	2.32721e-011	2.4628e-011	2.60823e-011	2.48701e-011	2.07452e-011	1.6555e-011	1.53175e-011	1.70076e-011	1.87153e-011	1.79764e-011	1.54198e-011	1.3771e-011	1.45863e-011	1.66588e-011	1.78376e-011	1.78183e-011	1.83967e-011	2.09364e-011	2.43018e-011	2.59549e-011	2.50043e-011	2.35158e-011	2.43679e-011	2.80058e-011	3.17886e-011	3.27017e-011	3.04544e-011	2.767e-011	2.71543e-011	2.92705e-011	3.20012e-011	3.3225e-011	3.26207e-011	3.14724e-011	3.10679e-011	3.15756e-011	3.23232e-011	3.2777e-011	3.30258e-011	3.33922e-011	3.37797e-011	3.35357e-011	3.20326e-011	2.94594e-011	2.70131e-011	2.60603e-011	2.67749e-011	2.75503e-011	2.61421e-011	2.18688e-011	1.67379e-011	1.39476e-011	1.48208e-011	1.72569e-011	1.76335e-011	1.4476e-011	1.00117e-011	7.77032e-012	8.77188e-012	1.05846e-011	1.03443e-011	8.17581e-012	6.88117e-012	8.21607e-012	1.03637e-011	9.99015e-012	6.65457e-012	4.0742e-012	6.15243e-012	1.2091e-011	1.65776e-011	1.54438e-011	1.05789e-011	8.23685e-012	1.22707e-011	1.98401e-011	2.45498e-011	2.35121e-011	2.0281e-011	2.03974e-011	2.48911e-011	2.93735e-011	2.96257e-011	2.68179e-011	2.59928e-011	2.96336e-011	3.42079e-011	3.41322e-011	2.86394e-011	2.32721e-011	2.38626e-011	2.97857e-011	3.43897e-011	3.23257e-011	2.54892e-011	2.08301e-011	2.26099e-011	2.79512e-011	3.05392e-011	2.78912e-011	2.37409e-011	2.3096e-011	2.61409e-011	2.82502e-011	2.58896e-011	2.11475e-011	1.93646e-011	2.26501e-011	2.70535e-011	2.69156e-011	2.14645e-011	1.59953e-011	1.61672e-011	2.18431e-011	2.73879e-011	2.79503e-011	2.4568e-011	2.25218e-011	2.51689e-011	3.04251e-011	3.36547e-011	3.32094e-011	3.20247e-011	3.36155e-011	3.74926e-011	3.96006e-011	3.72804e-011	3.27924e-011	3.10441e-011	3.39887e-011	3.81851e-011	3.84819e-011	3.37534e-011	2.82015e-011	2.67587e-011	2.98045e-011	3.308e-011	3.26663e-011	2.9183e-011	2.65203e-011	2.69237e-011	2.84184e-011	2.75523e-011	2.39483e-011	2.09713e-011	2.15731e-011	2.43607e-011	2.48729e-011	2.0853e-011	1.53121e-011	1.35141e-011	1.71182e-011	2.22296e-011	2.37136e-011	2.08575e-011	1.7883e-011	1.88425e-011	2.29872e-011
2.39264e-011	2.25089e-011	2.37031e-011	2.51591e-011	2.39919e-011	2.00118e-011	1.60064e-011	1.47e-011	1.5889e-011	1.70144e-011	1.63344e-011	1.484e-011	1.47228e-011	1.64603e-011	1.82139e-011	1.82733e-011	1.743e-011	1.81871e-011	2.16164e-011	2.56752e-011	2.71944e-011	2.53999e-011	2.29259e-011	2.30878e-011	2.64132e-011	3.02032e-011	3.14497e-011	2.98205e-011	2.76412e-011	2.72725e-011	2.89201e-011	3.09877e-011	3.20875e-011	3.22872e-011	3.24858e-011	3.30525e-011	3.34302e-011	3.30012e-011	3.20232e-011	3.14978e-011	3.21016e-011	3.33078e-011	3.36226e-011	3.18312e-011	2.82243e-011	2.46738e-011	2.3245e-011	2.43292e-011	2.60009e-011	2.55221e-011	2.19115e-011	1.71139e-011	1.43248e-011	1.48809e-011	1.68986e-011	1.72488e-011	1.48563e-011	1.16884e-011	1.02954e-011	1.07717e-011	1.07963e-011	8.77242e-012	6.18575e-012	6.00403e-012	8.77103e-012	1.12586e-011	9.87147e-012	5.19339e-012	2.10795e-012	4.70527e-012	1.1473e-011	1.64965e-011	1.57517e-011	1.15436e-011	9.95564e-012	1.40863e-011	2.07499e-011	2.43564e-011	2.33457e-011	2.16298e-011	2.34853e-011	2.81734e-011	3.08616e-011	2.87646e-011	2.4969e-011	2.50324e-011	3.01788e-011	3.52932e-011	3.44938e-011	2.80422e-011	2.24709e-011	2.35011e-011	2.97221e-011	3.42376e-011	3.23688e-011	2.66181e-011	2.34091e-011	2.56517e-011	2.97911e-011	3.0473e-011	2.69886e-011	2.38199e-011	2.48516e-011	2.83976e-011	2.91196e-011	2.45839e-011	1.85759e-011	1.70512e-011	2.12996e-011	2.62777e-011	2.61532e-011	2.0801e-011	1.59113e-011	1.66906e-011	2.23366e-011	2.73548e-011	2.78713e-011	2.56045e-011	2.52242e-011	2.85935e-011	3.2755e-011	3.38059e-011	3.17856e-011	3.06398e-011	3.33152e-011	3.79026e-011	3.95602e-011	3.61301e-011	3.09223e-011	2.9298e-011	3.28104e-011	3.75122e-011	3.83271e-011	3.453e-011	3.02348e-011	2.95667e-011	3.21789e-011	3.41179e-011	3.27e-011	2.94958e-011	2.8007e-011	2.90627e-011	2.96665e-011	2.67815e-011	2.14523e-011	1.80744e-011	1.93814e-011	2.30116e-011	2.39172e-011	2.00793e-011	1.4955e-011	1.37175e-011	1.75291e-011	2.23986e-011	2.38409e-011	2.18166e-011	2.02407e-011	2.18989e-011	2.50516e-011
2.3594e-011	2.15965e-011	2.22908e-011	2.34037e-011	2.23142e-011	1.90118e-011	1.59738e-011	1.5205e-011	1.60447e-011	1.63198e-011	1.52703e-011	1.45178e-011	1.5845e-011	1.86124e-011	2.01978e-011	1.91315e-011	1.71447e-011	1.74599e-011	2.11037e-011	2.55034e-011	2.71021e-011	2.51331e-011	2.23766e-011	2.21582e-011	2.499e-011	2.84149e-011	2.98759e-011	2.92323e-011	2.83608e-011	2.87678e-011	3.01284e-011	3.1164e-011	3.14225e-011	3.1721e-011	3.28791e-011	3.44377e-011	3.49566e-011	3.35705e-011	3.10713e-011	2.93337e-011	2.96132e-011	3.13216e-011	3.24075e-011	3.10633e-011	2.73559e-011	2.33646e-011	2.15452e-011	2.25789e-011	2.46417e-011	2.49729e-011	2.24498e-011	1.86604e-011	1.62637e-011	1.62485e-011	1.70333e-011	1.64329e-011	1.42395e-011	1.23355e-011	1.21295e-011	1.24784e-011	1.09196e-011	7.02191e-012	3.68337e-012	4.23569e-012	8.3176e-012	1.15463e-011	1.00319e-011	4.96286e-012	1.81931e-012	4.61118e-012	1.14169e-011	1.63808e-011	1.60879e-011	1.31338e-011	1.28494e-011	1.7059e-011	2.2184e-011	2.38177e-011	2.21604e-011	2.16744e-011	2.5331e-011	3.05116e-011	3.18204e-011	2.77172e-011	2.29711e-011	2.35867e-011	2.98143e-011	3.54617e-011	3.46287e-011	2.83217e-011	2.3371e-011	2.48562e-011	3.06691e-011	3.42752e-011	3.22402e-011	2.7755e-011	2.634e-011	2.91301e-011	3.17622e-011	2.99898e-011	2.50799e-011	2.23989e-011	2.4843e-011	2.90302e-011	2.89785e-011	2.31244e-011	1.64789e-011	1.52671e-011	2.00879e-011	2.53424e-011	2.5499e-011	2.10395e-011	1.75108e-011	1.90952e-011	2.41837e-011	2.77618e-011	2.74111e-011	2.57889e-011	2.69257e-011	3.10477e-011	3.42127e-011	3.3161e-011	2.95095e-011	2.8165e-011	3.16655e-011	3.70286e-011	3.88856e-011	3.54449e-011	3.05392e-011	2.94436e-011	3.31946e-011	3.77288e-011	3.85891e-011	3.56967e-011	3.2879e-011	3.30577e-011	3.49186e-011	3.48692e-011	3.16937e-011	2.81484e-011	2.75237e-011	2.93621e-011	2.9673e-011	2.56497e-011	1.93713e-011	1.59171e-011	1.77997e-011	2.20763e-011	2.3567e-011	2.058e-011	1.66187e-011	1.61985e-011	1.97211e-011	2.33291e-011	2.36804e-011	2.17801e-011	2.13041e-011	2.36377e-011	2.58977e-011
2.32113e-011	2.10767e-011	2.12775e-011	2.17825e-011	2.05984e-011	1.81435e-011	1.65368e-011	1.67895e-011	1.75018e-011	1.67618e-011	1.48503e-011	1.42049e-011	1.64403e-011	2.00088e-011	2.15611e-011	1.96903e-011	1.67351e-011	1.63975e-011	1.97454e-011	2.40716e-011	2.58405e-011	2.43714e-011	2.22506e-011	2.2308e-011	2.4741e-011	2.74321e-011	2.86494e-011	2.87963e-011	2.9402e-011	3.09409e-011	3.22473e-011	3.2112e-011	3.09717e-011	3.0581e-011	3.20188e-011	3.431e-011	3.52307e-011	3.34747e-011	2.99883e-011	2.71951e-011	2.68903e-011	2.87137e-011	3.04825e-011	3.00515e-011	2.71335e-011	2.35523e-011	2.16631e-011	2.22681e-011	2.39278e-011	2.43885e-011	2.27741e-011	2.0291e-011	1.86818e-011	1.81683e-011	1.73178e-011	1.50692e-011	1.24295e-011	1.14918e-011	1.26466e-011	1.34439e-011	1.10391e-011	5.82085e-012	1.81617e-012	2.72413e-012	7.65145e-012	1.15764e-011	1.05443e-011	6.03244e-012	3.45467e-012	6.26564e-012	1.22469e-011	1.61951e-011	1.58722e-011	1.42769e-011	1.56564e-011	2.01465e-011	2.35968e-011	2.28597e-011	2.00598e-011	2.03683e-011	2.5639e-011	3.15748e-011	3.2248e-011	2.70518e-011	2.19045e-011	2.2929e-011	2.96233e-011	3.53582e-011	3.47198e-011	2.93592e-011	2.57797e-011	2.78218e-011	3.2599e-011	3.43644e-011	3.1435e-011	2.78997e-011	2.82749e-011	3.17435e-011	3.30311e-011	2.89165e-011	2.25141e-011	2.00146e-011	2.35196e-011	2.83615e-011	2.81969e-011	2.21429e-011	1.58266e-011	1.51897e-011	2.01131e-011	2.495e-011	2.50459e-011	2.16496e-011	1.98436e-011	2.23364e-011	2.65171e-011	2.79831e-011	2.60307e-011	2.44572e-011	2.67844e-011	3.17176e-011	3.43728e-011	3.19642e-011	2.73091e-011	2.59505e-011	3.00543e-011	3.59861e-011	3.82995e-011	3.56179e-011	3.18572e-011	3.16331e-011	3.52236e-011	3.86965e-011	3.86985e-011	3.61399e-011	3.45982e-011	3.56361e-011	3.68115e-011	3.47934e-011	2.97668e-011	2.56627e-011	2.56987e-011	2.84232e-011	2.90922e-011	2.5037e-011	1.88976e-011	1.58898e-011	1.81199e-011	2.23929e-011	2.39468e-011	2.17203e-011	1.91055e-011	1.95483e-011	2.2409e-011	2.40092e-011	2.24142e-011	1.99437e-011	2.02116e-011	2.33105e-011	2.52359e-011
2.30619e-011	2.1453e-011	2.14189e-011	2.11482e-011	1.95071e-011	1.76187e-011	1.73842e-011	1.87895e-011	1.9549e-011	1.78224e-011	1.47767e-011	1.36517e-011	1.60997e-011	2.00249e-011	2.16285e-011	1.95192e-011	1.6258e-011	1.55846e-011	1.84644e-011	2.23285e-011	2.4118e-011	2.3498e-011	2.27261e-011	2.37271e-011	2.60078e-011	2.76829e-011	2.80281e-011	2.83146e-011	3.00031e-011	3.2642e-011	3.41162e-011	3.30213e-011	3.04122e-011	2.88918e-011	2.99908e-011	3.26068e-011	3.4064e-011	3.26413e-011	2.91032e-011	2.59319e-011	2.51474e-011	2.66985e-011	2.86895e-011	2.90859e-011	2.73891e-011	2.48902e-011	2.33452e-011	2.33231e-011	2.38149e-011	2.34761e-011	2.21417e-011	2.08615e-011	2.0351e-011	1.97535e-011	1.74885e-011	1.34821e-011	1.00211e-011	9.64906e-012	1.20628e-011	1.37403e-011	1.13932e-011	5.812e-012	1.6075e-012	2.58573e-012	7.5987e-012	1.16189e-011	1.1104e-011	7.73934e-012	6.31467e-012	9.17955e-012	1.37163e-011	1.57367e-011	1.46564e-011	1.41258e-011	1.72734e-011	2.23859e-011	2.45729e-011	2.17609e-011	1.78088e-011	1.85583e-011	2.50187e-011	3.16912e-011	3.23958e-011	2.72017e-011	2.24979e-011	2.3971e-011	3.04208e-011	3.53927e-011	3.45822e-011	3.04052e-011	2.8637e-011	3.13859e-011	3.48082e-011	3.41149e-011	2.96425e-011	2.65532e-011	2.84692e-011	3.27435e-011	3.32381e-011	2.75553e-011	2.02266e-011	1.79337e-011	2.2097e-011	2.72969e-011	2.73217e-011	2.19456e-011	1.68531e-011	1.70804e-011	2.16191e-011	2.5137e-011	2.43849e-011	2.16561e-011	2.14979e-011	2.49351e-011	2.8216e-011	2.7499e-011	2.37519e-011	2.18996e-011	2.51014e-011	3.08567e-011	3.35915e-011	3.0883e-011	2.62478e-011	2.53261e-011	2.97776e-011	3.56947e-011	3.81033e-011	3.62895e-011	3.40291e-011	3.48351e-011	3.79556e-011	3.96602e-011	3.79794e-011	3.50807e-011	3.44549e-011	3.63927e-011	3.73334e-011	3.40585e-011	2.78344e-011	2.34605e-011	2.40628e-011	2.75381e-011	2.88196e-011	2.54839e-011	2.03574e-011	1.82157e-011	2.04492e-011	2.38006e-011	2.44207e-011	2.22781e-011	2.07287e-011	2.19838e-011	2.41765e-011	2.37104e-011	2.00217e-011	1.67509e-011	1.75727e-011	2.15527e-011	2.38057e-011
2.33479e-011	2.28067e-011	2.2859e-011	2.17529e-011	1.92497e-011	1.73515e-011	1.79706e-011	2.0269e-011	2.11491e-011	1.8706e-011	1.46903e-011	1.28883e-011	1.50256e-011	1.88187e-011	2.04484e-011	1.86755e-011	1.59898e-011	1.5662e-011	1.82246e-011	2.13155e-011	2.27148e-011	2.27842e-011	2.35513e-011	2.5865e-011	2.82518e-011	2.8828e-011	2.78146e-011	2.74923e-011	2.95515e-011	3.29362e-011	3.4737e-011	3.32123e-011	2.96575e-011	2.71624e-011	2.76386e-011	3.01513e-011	3.20268e-011	3.1398e-011	2.87104e-011	2.6035e-011	2.51346e-011	2.61046e-011	2.75973e-011	2.81773e-011	2.75045e-011	2.63429e-011	2.55207e-011	2.49714e-011	2.39247e-011	2.20746e-011	2.03082e-011	1.98597e-011	2.05884e-011	2.04921e-011	1.75665e-011	1.23546e-011	8.15159e-012	7.97974e-012	1.12147e-011	1.37519e-011	1.20743e-011	7.07967e-012	3.32891e-012	4.25454e-012	8.52342e-012	1.16642e-011	1.11361e-011	9.00156e-012	9.12286e-012	1.22971e-011	1.52702e-011	1.4927e-011	1.25407e-011	1.26223e-011	1.73741e-011	2.33959e-011	2.5056e-011	2.10524e-011	1.64768e-011	1.75216e-011	2.45515e-011	3.14909e-011	3.24339e-011	2.80632e-011	2.46158e-011	2.66973e-011	3.22803e-011	3.55166e-011	3.37766e-011	3.04974e-011	3.06068e-011	3.42352e-011	3.64326e-011	3.33046e-011	2.71377e-011	2.41425e-011	2.72273e-011	3.22951e-011	3.26241e-011	2.64746e-011	1.92002e-011	1.74037e-011	2.17752e-011	2.66588e-011	2.65895e-011	2.21782e-011	1.88095e-011	2.0095e-011	2.39016e-011	2.53709e-011	2.29831e-011	2.0311e-011	2.14711e-011	2.58666e-011	2.86262e-011	2.63324e-011	2.13019e-011	1.92914e-011	2.31268e-011	2.95063e-011	3.26149e-011	3.04505e-011	2.6784e-011	2.67506e-011	3.12343e-011	3.63027e-011	3.79638e-011	3.65229e-011	3.56248e-011	3.74723e-011	4.00941e-011	3.98898e-011	3.62723e-011	3.27033e-011	3.27213e-011	3.55996e-011	3.68783e-011	3.33853e-011	2.7042e-011	2.29917e-011	2.40587e-011	2.77731e-011	2.92747e-011	2.6698e-011	2.29049e-011	2.17945e-011	2.37167e-011	2.53808e-011	2.41445e-011	2.13199e-011	2.04116e-011	2.24703e-011	2.43966e-011	2.25442e-011	1.74296e-011	1.37084e-011	1.50609e-011	1.98343e-011	2.26985e-011
2.39684e-011	2.46555e-011	2.50082e-011	2.31406e-011	1.95558e-011	1.71075e-011	1.78899e-011	2.05725e-011	2.1539e-011	1.88312e-011	1.44537e-011	1.22996e-011	1.39763e-011	1.72385e-011	1.86979e-011	1.75639e-011	1.61558e-011	1.68769e-011	1.94397e-011	2.15658e-011	2.20381e-011	2.22111e-011	2.41361e-011	2.76945e-011	3.03633e-011	3.00383e-011	2.76199e-011	2.62643e-011	2.80373e-011	3.16644e-011	3.38194e-011	3.24989e-011	2.89157e-011	2.61344e-011	2.61124e-011	2.81611e-011	3.0029e-011	3.014e-011	2.87496e-011	2.72489e-011	2.66746e-011	2.69299e-011	2.72325e-011	2.70943e-011	2.67729e-011	2.67651e-011	2.69213e-011	2.62535e-011	2.39035e-011	2.04214e-011	1.78029e-011	1.77396e-011	1.95913e-011	2.04412e-011	1.77739e-011	1.23231e-011	7.86515e-012	7.6526e-012	1.09962e-011	1.38069e-011	1.28125e-011	8.97559e-012	6.28854e-012	7.25036e-012	1.01882e-011	1.15133e-011	1.01868e-011	8.95522e-012	1.07476e-011	1.46176e-011	1.64551e-011	1.40175e-011	1.02786e-011	1.06069e-011	1.6549e-011	2.3465e-011	2.52504e-011	2.11396e-011	1.68007e-011	1.8209e-011	2.51013e-011	3.1426e-011	3.22129e-011	2.89274e-011	2.72537e-011	3.01636e-011	3.45652e-011	3.53899e-011	3.20111e-011	2.91122e-011	3.08729e-011	3.55149e-011	3.69963e-011	3.21338e-011	2.47752e-011	2.18637e-011	2.56939e-011	3.12418e-011	3.17135e-011	2.60289e-011	1.97957e-011	1.88689e-011	2.29983e-011	2.66691e-011	2.57447e-011	2.19819e-011	2.03607e-011	2.27859e-011	2.58195e-011	2.50527e-011	2.07179e-011	1.76977e-011	1.98137e-011	2.51288e-011	2.78929e-011	2.50235e-011	1.97117e-011	1.80107e-011	2.22653e-011	2.87462e-011	3.19598e-011	3.05789e-011	2.83784e-011	2.94935e-011	3.37253e-011	3.71999e-011	3.7236e-011	3.54596e-011	3.55334e-011	3.83903e-011	4.08236e-011	3.92426e-011	3.41874e-011	3.0156e-011	3.07137e-011	3.4424e-011	3.63352e-011	3.34381e-011	2.79557e-011	2.47947e-011	2.61337e-011	2.92923e-011	3.01079e-011	2.76896e-011	2.50114e-011	2.48977e-011	2.6436e-011	2.62111e-011	2.28072e-011	1.89447e-011	1.84069e-011	2.13084e-011	2.35279e-011	2.13322e-011	1.59247e-011	1.24417e-011	1.43099e-011	1.94043e-011	2.24879e-011
2.45432e-011	2.61856e-011	2.68682e-011	2.4464e-011	1.99493e-011	1.6775e-011	1.72074e-011	1.97347e-011	2.06486e-011	1.81313e-011	1.42125e-011	1.24055e-011	1.38358e-011	1.63182e-011	1.72361e-011	1.66029e-011	1.66792e-011	1.88391e-011	2.16968e-011	2.28374e-011	2.1977e-011	2.15656e-011	2.39319e-011	2.83024e-011	3.13025e-011	3.05268e-011	2.72015e-011	2.49691e-011	2.61551e-011	2.95469e-011	3.1879e-011	3.11855e-011	2.84701e-011	2.62977e-011	2.61877e-011	2.75364e-011	2.87593e-011	2.90234e-011	2.87374e-011	2.86343e-011	2.87456e-011	2.84116e-011	2.72007e-011	2.56442e-011	2.49092e-011	2.55945e-011	2.67999e-011	2.65766e-011	2.36824e-011	1.91208e-011	1.57202e-011	1.56779e-011	1.82356e-011	2.00337e-011	1.82429e-011	1.35035e-011	9.47042e-012	9.15265e-012	1.18291e-011	1.39433e-011	1.30575e-011	1.04181e-011	9.1925e-012	1.04904e-011	1.20088e-011	1.10622e-011	8.33767e-012	7.52525e-012	1.08368e-011	1.57188e-011	1.71666e-011	1.3504e-011	8.93041e-012	9.36857e-012	1.58913e-011	2.32205e-011	2.53135e-011	2.19173e-011	1.86734e-011	2.06634e-011	2.68134e-011	3.15141e-011	3.13434e-011	2.88636e-011	2.90888e-011	3.30547e-011	3.63978e-011	3.47673e-011	2.95214e-011	2.66082e-011	2.96338e-011	3.52586e-011	3.66166e-011	3.1092e-011	2.35201e-011	2.0997e-011	2.51276e-011	3.04779e-011	3.08342e-011	2.59889e-011	2.14255e-011	2.16642e-011	2.52273e-011	2.69144e-011	2.43054e-011	2.05816e-011	2.04039e-011	2.39739e-011	2.65362e-011	2.40185e-011	1.81358e-011	1.48173e-011	1.76151e-011	2.36417e-011	2.67189e-011	2.41712e-011	1.96156e-011	1.87704e-011	2.32007e-011	2.90015e-011	3.15411e-011	3.05413e-011	2.97618e-011	3.20705e-011	3.5958e-011	3.75581e-011	3.55611e-011	3.30023e-011	3.36971e-011	3.7528e-011	4.02483e-011	3.82306e-011	3.27614e-011	2.88784e-011	2.99534e-011	3.40939e-011	3.63671e-011	3.42414e-011	3.00905e-011	2.81212e-011	2.95031e-011	3.13569e-011	3.05356e-011	2.74739e-011	2.54497e-011	2.62526e-011	2.76701e-011	2.60491e-011	2.09778e-011	1.63401e-011	1.61429e-011	1.98226e-011	2.26327e-011	2.09091e-011	1.62285e-011	1.36185e-011	1.5859e-011	2.04734e-011	2.28215e-011
2.46877e-011	2.67356e-011	2.76118e-011	2.50058e-011	2.01016e-011	1.65309e-011	1.65007e-011	1.84797e-011	1.90959e-011	1.70025e-011	1.4211e-011	1.34835e-011	1.50634e-011	1.66728e-011	1.6606e-011	1.59575e-011	1.71658e-011	2.06812e-011	2.39755e-011	2.43161e-011	2.21022e-011	2.07152e-011	2.28517e-011	2.74451e-011	3.06791e-011	2.99827e-011	2.66215e-011	2.42032e-011	2.49465e-011	2.77612e-011	2.98621e-011	2.97589e-011	2.83705e-011	2.74981e-011	2.77758e-011	2.8363e-011	2.83408e-011	2.7915e-011	2.8047e-011	2.90859e-011	3.00672e-011	2.95289e-011	2.70526e-011	2.39595e-011	2.23521e-011	2.32221e-011	2.53143e-011	2.59663e-011	2.34511e-011	1.87847e-011	1.51089e-011	1.48904e-011	1.74962e-011	1.96869e-011	1.8775e-011	1.52936e-011	1.23031e-011	1.2019e-011	1.34907e-011	1.39699e-011	1.23518e-011	1.05256e-011	1.08755e-011	1.29261e-011	1.34778e-011	1.05181e-011	6.31878e-012	5.54679e-012	9.97638e-012	1.58704e-011	1.7578e-011	1.3768e-011	9.23615e-012	9.88963e-012	1.63086e-011	2.31504e-011	2.51195e-011	2.26973e-011	2.11198e-011	2.39818e-011	2.9098e-011	3.14567e-011	2.95577e-011	2.73429e-011	2.92633e-011	3.44417e-011	3.72141e-011	3.37691e-011	2.70996e-011	2.41268e-011	2.79722e-011	3.42413e-011	3.57673e-011	3.0535e-011	2.38038e-011	2.21143e-011	2.61268e-011	3.03756e-011	2.98624e-011	2.56051e-011	2.28399e-011	2.4399e-011	2.73411e-011	2.6769e-011	2.20642e-011	1.7912e-011	1.87842e-011	2.34252e-011	2.59845e-011	2.26572e-011	1.6195e-011	1.30451e-011	1.63288e-011	2.2579e-011	2.57705e-011	2.39033e-011	2.07475e-011	2.11355e-011	2.55022e-011	2.98589e-011	3.08137e-011	2.94771e-011	2.97274e-011	3.31546e-011	3.68875e-011	3.69687e-011	3.3267e-011	3.00197e-011	3.11813e-011	3.58656e-011	3.9174e-011	3.75648e-011	3.27344e-011	2.96782e-011	3.12057e-011	3.50999e-011	3.69353e-011	3.50858e-011	3.21453e-011	3.13869e-011	3.27088e-011	3.29424e-011	3.00255e-011	2.58414e-011	2.41164e-011	2.57962e-011	2.75436e-011	2.54471e-011	1.97668e-011	1.50632e-011	1.52939e-011	1.94054e-011	2.25222e-011	2.14076e-011	1.7907e-011	1.6476e-011	1.88459e-011	2.21768e-011	2.27606e-011
2.43413e-011	2.62273e-011	2.70565e-011	2.45718e-011	2.00142e-011	1.6752e-011	1.65434e-011	1.77983e-011	1.77829e-011	1.5983e-011	1.45322e-011	1.52995e-011	1.7373e-011	1.81615e-011	1.67924e-011	1.55173e-011	1.71646e-011	2.15514e-011	2.52307e-011	2.51312e-011	2.20251e-011	1.98237e-011	2.1426e-011	2.57167e-011	2.89262e-011	2.86585e-011	2.61235e-011	2.44244e-011	2.51803e-011	2.72525e-011	2.85665e-011	2.85319e-011	2.82992e-011	2.89323e-011	2.99414e-011	2.99182e-011	2.83876e-011	2.66133e-011	2.63714e-011	2.80036e-011	2.98308e-011	2.9598e-011	2.66056e-011	2.25301e-011	2.01129e-011	2.07944e-011	2.33606e-011	2.49027e-011	2.33903e-011	1.95714e-011	1.6324e-011	1.59257e-011	1.7875e-011	1.95189e-011	1.88807e-011	1.66416e-011	1.50683e-011	1.51447e-011	1.53595e-011	1.37432e-011	1.07443e-011	9.1969e-012	1.09573e-011	1.40949e-011	1.44418e-011	1.03354e-011	5.17568e-012	4.32314e-012	9.28643e-012	1.57171e-011	1.78486e-011	1.47035e-011	1.11037e-011	1.22508e-011	1.79972e-011	2.33215e-011	2.43155e-011	2.25697e-011	2.28235e-011	2.68437e-011	3.10651e-011	3.09933e-011	2.70712e-011	2.46866e-011	2.79072e-011	3.42595e-011	3.70255e-011	3.2805e-011	2.56786e-011	2.29586e-011	2.71783e-011	3.33946e-011	3.4825e-011	3.031e-011	2.51532e-011	2.46941e-011	2.82992e-011	3.06436e-011	2.83894e-011	2.41142e-011	2.28845e-011	2.57899e-011	2.83675e-011	2.59222e-011	1.9418e-011	1.48178e-011	1.64286e-011	2.19104e-011	2.47716e-011	2.15643e-011	1.56321e-011	1.32807e-011	1.68698e-011	2.26051e-011	2.51913e-011	2.37042e-011	2.20232e-011	2.37624e-011	2.79495e-011	3.04725e-011	2.93015e-011	2.70773e-011	2.79358e-011	3.23724e-011	3.63238e-011	3.5709e-011	3.12369e-011	2.78825e-011	2.95176e-011	3.47217e-011	3.84427e-011	3.7541e-011	3.39655e-011	3.21777e-011	3.40236e-011	3.69582e-011	3.74036e-011	3.50229e-011	3.28261e-011	3.31559e-011	3.45643e-011	3.34889e-011	2.87922e-011	2.36268e-011	2.21284e-011	2.46184e-011	2.69926e-011	2.52411e-011	2.00244e-011	1.6014e-011	1.66969e-011	2.05928e-011	2.31698e-011	2.20874e-011	1.9575e-011	1.92867e-011	2.16224e-011	2.32829e-011	2.15829e-011
2.38968e-011	2.52513e-011	2.57454e-011	2.35299e-011	1.99281e-011	1.77219e-011	1.78136e-011	1.83588e-011	1.73637e-011	1.54088e-011	1.4982e-011	1.71648e-011	1.9859e-011	2.00086e-011	1.7347e-011	1.51026e-011	1.6533e-011	2.11416e-011	2.49843e-011	2.48478e-011	2.16479e-011	1.93145e-011	2.05491e-011	2.42116e-011	2.69885e-011	2.71064e-011	2.58548e-011	2.55762e-011	2.68561e-011	2.81982e-011	2.82256e-011	2.74986e-011	2.77515e-011	2.95802e-011	3.143e-011	3.11432e-011	2.8363e-011	2.51391e-011	2.40426e-011	2.56938e-011	2.81316e-011	2.85899e-011	2.59918e-011	2.19146e-011	1.92147e-011	1.95526e-011	2.19919e-011	2.39107e-011	2.34063e-011	2.09594e-011	1.87568e-011	1.83634e-011	1.91824e-011	1.93643e-011	1.81159e-011	1.66605e-011	1.65724e-011	1.74287e-011	1.68603e-011	1.34051e-011	8.92099e-012	7.25094e-012	1.00231e-011	1.42622e-011	1.50576e-011	1.08789e-011	5.65127e-012	4.86789e-012	9.72264e-012	1.5792e-011	1.78819e-011	1.56392e-011	1.35733e-011	1.55699e-011	2.03933e-011	2.3461e-011	2.26514e-011	2.10064e-011	2.29014e-011	2.82671e-011	3.20818e-011	3.01795e-011	2.46282e-011	2.19988e-011	2.60596e-011	3.32245e-011	3.62481e-011	3.22049e-011	2.57184e-011	2.37568e-011	2.79613e-011	3.32054e-011	3.37691e-011	2.97575e-011	2.63966e-011	2.74088e-011	3.0565e-011	3.06649e-011	2.61722e-011	2.13574e-011	2.12512e-011	2.54088e-011	2.8043e-011	2.46054e-011	1.72286e-011	1.26344e-011	1.47902e-011	2.06368e-011	2.36438e-011	2.1014e-011	1.63965e-011	1.5349e-011	1.90669e-011	2.35221e-011	2.45768e-011	2.2767e-011	2.22046e-011	2.52182e-011	2.93317e-011	3.02232e-011	2.7089e-011	2.39467e-011	2.51879e-011	3.04753e-011	3.49247e-011	3.44609e-011	3.03117e-011	2.76061e-011	2.97453e-011	3.48896e-011	3.83252e-011	3.77527e-011	3.54319e-011	3.50141e-011	3.70745e-011	3.86459e-011	3.71122e-011	3.36056e-011	3.17146e-011	3.30122e-011	3.48435e-011	3.3239e-011	2.77077e-011	2.22397e-011	2.11121e-011	2.41683e-011	2.69912e-011	2.58288e-011	2.16587e-011	1.88011e-011	1.98321e-011	2.27871e-011	2.38066e-011	2.18625e-011	1.97939e-011	2.04586e-011	2.28416e-011	2.30932e-011	1.94181e-011
2.40019e-011	2.47324e-011	2.45961e-011	2.25115e-011	2.0066e-011	1.93506e-011	2.01443e-011	2.01143e-011	1.79145e-011	1.52771e-011	1.52266e-011	1.83199e-011	2.15039e-011	2.12863e-011	1.775e-011	1.47069e-011	1.56326e-011	1.99069e-011	2.35682e-011	2.36427e-011	2.1147e-011	1.95817e-011	2.09466e-011	2.38836e-011	2.57466e-011	2.57892e-011	2.56776e-011	2.70189e-011	2.91562e-011	2.9944e-011	2.84884e-011	2.64752e-011	2.64259e-011	2.88282e-011	3.13864e-011	3.12641e-011	2.79548e-011	2.38377e-011	2.19477e-011	2.32307e-011	2.58531e-011	2.70133e-011	2.54333e-011	2.23099e-011	2.00559e-011	2.01105e-011	2.18044e-011	2.32188e-011	2.31106e-011	2.19665e-011	2.11419e-011	2.10891e-011	2.07643e-011	1.90364e-011	1.64885e-011	1.52155e-011	1.64019e-011	1.83649e-011	1.77831e-011	1.33558e-011	7.8984e-012	5.99932e-012	9.22875e-012	1.41121e-011	1.55101e-011	1.20569e-011	7.67126e-012	7.29433e-012	1.15262e-011	1.62065e-011	1.73582e-011	1.56821e-011	1.53292e-011	1.85136e-011	2.25862e-011	2.32877e-011	2.03257e-011	1.83071e-011	2.14424e-011	2.8118e-011	3.20746e-011	2.93525e-011	2.31245e-011	2.05706e-011	2.50302e-011	3.22895e-011	3.52805e-011	3.18552e-011	2.68176e-011	2.61038e-011	3.00478e-011	3.34914e-011	3.227e-011	2.81487e-011	2.63628e-011	2.89119e-011	3.18579e-011	3.00214e-011	2.34937e-011	1.80536e-011	1.87217e-011	2.38734e-011	2.68489e-011	2.33584e-011	1.62697e-011	1.23814e-011	1.49539e-011	2.04564e-011	2.29336e-011	2.06773e-011	1.75839e-011	1.80648e-011	2.18128e-011	2.4526e-011	2.34036e-011	2.06406e-011	2.07275e-011	2.48538e-011	2.91773e-011	2.91433e-011	2.48767e-011	2.13401e-011	2.29631e-011	2.87978e-011	3.36337e-011	3.37229e-011	3.06476e-011	2.9168e-011	3.17732e-011	3.61881e-011	3.84013e-011	3.73698e-011	3.58604e-011	3.66769e-011	3.90054e-011	3.9354e-011	3.59635e-011	3.13235e-011	2.95874e-011	3.17532e-011	3.42786e-011	3.29454e-011	2.76712e-011	2.27464e-011	2.21552e-011	2.52825e-011	2.7839e-011	2.68022e-011	2.35959e-011	2.1947e-011	2.31946e-011	2.47661e-011	2.35892e-011	2.01483e-011	1.80605e-011	1.95316e-011	2.22654e-011	2.18759e-011	1.72156e-011
2.51367e-011	2.53704e-011	2.43495e-011	2.2004e-011	2.04271e-011	2.11348e-011	2.27591e-011	2.23431e-011	1.89811e-011	1.53755e-011	1.50858e-011	1.8413e-011	2.17599e-011	2.14445e-011	1.77411e-011	1.45653e-011	1.51828e-011	1.88224e-011	2.18867e-011	2.21008e-011	2.07442e-011	2.06511e-011	2.26944e-011	2.49924e-011	2.55429e-011	2.48427e-011	2.52407e-011	2.78602e-011	3.08935e-011	3.14248e-011	2.87484e-011	2.53772e-011	2.45438e-011	2.68862e-011	2.98252e-011	3.01753e-011	2.72099e-011	2.31785e-011	2.10434e-011	2.18433e-011	2.41038e-011	2.55e-011	2.49589e-011	2.33014e-011	2.21084e-011	2.21095e-011	2.26627e-011	2.27116e-011	2.2099e-011	2.17248e-011	2.22732e-011	2.29541e-011	2.19687e-011	1.85918e-011	1.46159e-011	1.30891e-011	1.51332e-011	1.82179e-011	1.82765e-011	1.39474e-011	8.42167e-012	6.48791e-012	9.5885e-012	1.42425e-011	1.57548e-011	1.32302e-011	1.02946e-011	1.07343e-011	1.41469e-011	1.67009e-011	1.60372e-011	1.43041e-011	1.54696e-011	2.00573e-011	2.3883e-011	2.27978e-011	1.80402e-011	1.55511e-011	1.94614e-011	2.70743e-011	3.14106e-011	2.88061e-011	2.3023e-011	2.11032e-011	2.56061e-011	3.20261e-011	3.41797e-011	3.11649e-011	2.7867e-011	2.87279e-011	3.24029e-011	3.36626e-011	3.00814e-011	2.5277e-011	2.46418e-011	2.86263e-011	3.17475e-011	2.87976e-011	2.1114e-011	1.54806e-011	1.67202e-011	2.23818e-011	2.55549e-011	2.25355e-011	1.66409e-011	1.40906e-011	1.69763e-011	2.1378e-011	2.23916e-011	1.98341e-011	1.79715e-011	1.99434e-011	2.37879e-011	2.48422e-011	2.15601e-011	1.7697e-011	1.81353e-011	2.31689e-011	2.79457e-011	2.78158e-011	2.35275e-011	2.04047e-011	2.25084e-011	2.83835e-011	3.29963e-011	3.33796e-011	3.15165e-011	3.14731e-011	3.4469e-011	3.76891e-011	3.79812e-011	3.57946e-011	3.45847e-011	3.64397e-011	3.92575e-011	3.90081e-011	3.45602e-011	2.93846e-011	2.7951e-011	3.08017e-011	3.3927e-011	3.32063e-011	2.8896e-011	2.51243e-011	2.51118e-011	2.76884e-011	2.90111e-011	2.72268e-011	2.44533e-011	2.38114e-011	2.52781e-011	2.55676e-011	2.23083e-011	1.73986e-011	1.5197e-011	1.74111e-011	2.07716e-011	2.05499e-011	1.60519e-011
2.7247e-011	2.72045e-011	2.51636e-011	2.21071e-011	2.08004e-011	2.24263e-011	2.46943e-011	2.40845e-011	1.99303e-011	1.55376e-011	1.4757e-011	1.77593e-011	2.08501e-011	2.05704e-011	1.74088e-011	1.49807e-011	1.58318e-011	1.88115e-011	2.0867e-011	2.08116e-011	2.04768e-011	2.20577e-011	2.51107e-011	2.69712e-011	2.60806e-011	2.41243e-011	2.4278e-011	2.75036e-011	3.11911e-011	3.17897e-011	2.85618e-011	2.43858e-011	2.2835e-011	2.47162e-011	2.75794e-011	2.83846e-011	2.63711e-011	2.33805e-011	2.17544e-011	2.21971e-011	2.35726e-011	2.44058e-011	2.4315e-011	2.40172e-011	2.4172e-011	2.44529e-011	2.38936e-011	2.21641e-011	2.03375e-011	2.00613e-011	2.16985e-011	2.34006e-011	2.25164e-011	1.83552e-011	1.34602e-011	1.15818e-011	1.39544e-011	1.7725e-011	1.85747e-011	1.51237e-011	1.04471e-011	8.8691e-012	1.13947e-011	1.48193e-011	1.55164e-011	1.35319e-011	1.221e-011	1.38389e-011	1.6645e-011	1.69623e-011	1.40926e-011	1.17864e-011	1.4058e-011	2.00208e-011	2.41448e-011	2.22644e-011	1.66531e-011	1.40261e-011	1.82863e-011	2.61081e-011	3.05015e-011	2.84454e-011	2.39631e-011	2.32481e-011	2.76019e-011	3.23412e-011	3.26885e-011	2.94474e-011	2.76995e-011	3.02488e-011	3.38984e-011	3.32258e-011	2.74068e-011	2.17709e-011	2.19018e-011	2.70346e-011	3.05844e-011	2.74483e-011	1.97967e-011	1.47231e-011	1.64465e-011	2.19219e-011	2.46363e-011	2.19568e-011	1.75944e-011	1.67305e-011	1.98797e-011	2.26776e-011	2.15014e-011	1.79544e-011	1.68309e-011	2.0108e-011	2.42672e-011	2.42651e-011	1.9551e-011	1.50432e-011	1.58039e-011	2.14446e-011	2.65993e-011	2.68564e-011	2.34212e-011	2.14218e-011	2.40663e-011	2.93621e-011	3.28422e-011	3.27729e-011	3.1734e-011	3.30154e-011	3.63965e-011	3.84138e-011	3.67196e-011	3.32098e-011	3.20467e-011	3.47795e-011	3.83053e-011	3.82087e-011	3.37761e-011	2.89519e-011	2.80852e-011	3.12531e-011	3.43929e-011	3.39506e-011	3.06552e-011	2.8213e-011	2.87134e-011	3.02776e-011	2.96404e-011	2.63707e-011	2.34836e-011	2.36227e-011	2.54941e-011	2.51033e-011	2.05896e-011	1.49022e-011	1.28517e-011	1.57044e-011	1.96156e-011	1.9897e-011	1.62869e-011
2.96938e-011	2.95767e-011	2.65863e-011	2.25838e-011	2.09824e-011	2.28498e-011	2.5355e-011	2.46912e-011	2.03475e-011	1.58073e-011	1.47713e-011	1.71911e-011	1.96086e-011	1.92509e-011	1.70234e-011	1.60398e-011	1.77116e-011	2.01956e-011	2.09448e-011	2.00493e-011	2.01628e-011	2.30675e-011	2.71121e-011	2.87806e-011	2.67076e-011	2.34593e-011	2.29075e-011	2.60639e-011	2.9978e-011	3.08436e-011	2.78686e-011	2.38496e-011	2.21478e-011	2.34894e-011	2.57758e-011	2.66113e-011	2.559e-011	2.41486e-011	2.36488e-011	2.40097e-011	2.41949e-011	2.36885e-011	2.31664e-011	2.36384e-011	2.50524e-011	2.59559e-011	2.47661e-011	2.15303e-011	1.83481e-011	1.76945e-011	1.99652e-011	2.26824e-011	2.25429e-011	1.86606e-011	1.37594e-011	1.17649e-011	1.39431e-011	1.75696e-011	1.87144e-011	1.63065e-011	1.30715e-011	1.22971e-011	1.41116e-011	1.55936e-011	1.45628e-011	1.24353e-011	1.25019e-011	1.55468e-011	1.82699e-011	1.69246e-011	1.21799e-011	9.1858e-012	1.20989e-011	1.90642e-011	2.37065e-011	2.19493e-011	1.66186e-011	1.44615e-011	1.87614e-011	2.58577e-011	2.94658e-011	2.77313e-011	2.48811e-011	2.57759e-011	3.00206e-011	3.26741e-011	3.0574e-011	2.64805e-011	2.58459e-011	2.99847e-011	3.39723e-011	3.21398e-011	2.49122e-011	1.88495e-011	1.95287e-011	2.53047e-011	2.91249e-011	2.63561e-011	1.9733e-011	1.59646e-011	1.81425e-011	2.26859e-011	2.39947e-011	2.10045e-011	1.79536e-011	1.88077e-011	2.22858e-011	2.34787e-011	2.00083e-011	1.52225e-011	1.44761e-011	1.88086e-011	2.3484e-011	2.32251e-011	1.81913e-011	1.38814e-011	1.51116e-011	2.09037e-011	2.58967e-011	2.63956e-011	2.41015e-011	2.35709e-011	2.67418e-011	3.09628e-011	3.25302e-011	3.1236e-011	3.04592e-011	3.28148e-011	3.67009e-011	3.79865e-011	3.49418e-011	3.05901e-011	2.95772e-011	3.302e-011	3.72083e-011	3.7679e-011	3.40732e-011	3.03441e-011	3.02239e-011	3.31959e-011	3.54545e-011	3.44711e-011	3.17086e-011	3.04184e-011	3.13884e-011	3.19054e-011	2.92332e-011	2.43353e-011	2.11331e-011	2.19309e-011	2.44248e-011	2.40907e-011	1.94256e-011	1.39451e-011	1.24321e-011	1.56322e-011	1.95105e-011	1.99201e-011	1.72126e-011
3.15867e-011	3.15153e-011	2.78891e-011	2.31218e-011	2.10171e-011	2.259e-011	2.48602e-011	2.41597e-011	2.02262e-011	1.63823e-011	1.56763e-011	1.75698e-011	1.89737e-011	1.81711e-011	1.67791e-011	1.74486e-011	2.02812e-011	2.25027e-011	2.18859e-011	1.97267e-011	1.9594e-011	2.31321e-011	2.78311e-011	2.9516e-011	2.68581e-011	2.28601e-011	2.16829e-011	2.43605e-011	2.80019e-011	2.90614e-011	2.69055e-011	2.39849e-011	2.29078e-011	2.38976e-011	2.51793e-011	2.534e-011	2.47689e-011	2.47546e-011	2.56267e-011	2.62299e-011	2.52974e-011	2.3096e-011	2.14433e-011	2.1956e-011	2.42562e-011	2.60018e-011	2.49148e-011	2.10331e-011	1.70035e-011	1.58797e-011	1.82718e-011	2.15874e-011	2.23435e-011	1.9503e-011	1.55123e-011	1.38382e-011	1.54535e-011	1.79891e-011	1.84883e-011	1.66774e-011	1.50048e-011	1.54147e-011	1.67678e-011	1.62111e-011	1.30317e-011	1.01975e-011	1.12134e-011	1.56446e-011	1.88304e-011	1.68024e-011	1.11167e-011	7.78323e-012	1.09414e-011	1.8188e-011	2.30007e-011	2.1773e-011	1.76008e-011	1.65535e-011	2.07641e-011	2.62991e-011	2.81077e-011	2.60195e-011	2.46245e-011	2.72892e-011	3.16919e-011	3.2478e-011	2.7985e-011	2.28332e-011	2.28963e-011	2.83129e-011	3.28581e-011	3.07652e-011	2.3323e-011	1.7624e-011	1.87958e-011	2.45196e-011	2.79465e-011	2.54523e-011	2.03001e-011	1.83094e-011	2.09602e-011	2.40498e-011	2.31616e-011	1.91249e-011	1.68877e-011	1.9274e-011	2.32594e-011	2.33634e-011	1.82293e-011	1.25886e-011	1.21517e-011	1.72234e-011	2.23497e-011	2.23721e-011	1.79993e-011	1.47232e-011	1.65827e-011	2.19591e-011	2.59149e-011	2.59665e-011	2.45119e-011	2.54048e-011	2.90825e-011	3.21094e-011	3.15346e-011	2.86962e-011	2.78239e-011	3.10219e-011	3.55643e-011	3.67987e-011	3.34276e-011	2.91218e-011	2.85786e-011	3.24546e-011	3.68302e-011	3.76621e-011	3.50789e-011	3.27599e-011	3.34091e-011	3.57321e-011	3.63253e-011	3.39846e-011	3.11436e-011	3.07143e-011	3.2231e-011	3.21337e-011	2.80669e-011	2.20988e-011	1.88083e-011	2.01949e-011	2.32904e-011	2.34031e-011	1.93914e-011	1.49094e-011	1.41852e-011	1.72561e-011	2.01817e-011	1.98387e-011	1.74876e-011
3.23045e-011	3.22972e-011	2.85199e-011	2.35837e-011	2.12498e-011	2.23302e-011	2.39601e-011	2.306e-011	1.98654e-011	1.73919e-011	1.76417e-011	1.92565e-011	1.94504e-011	1.77274e-011	1.66616e-011	1.86468e-011	2.25866e-011	2.4746e-011	2.30145e-011	1.95963e-011	1.87999e-011	2.22814e-011	2.7116e-011	2.88906e-011	2.63542e-011	2.25315e-011	2.13092e-011	2.3464e-011	2.63658e-011	2.72192e-011	2.59328e-011	2.46152e-011	2.47834e-011	2.57397e-011	2.5804e-011	2.46179e-011	2.3669e-011	2.44623e-011	2.65362e-011	2.76582e-011	2.60761e-011	2.24709e-011	1.95505e-011	1.95957e-011	2.2274e-011	2.48117e-011	2.44455e-011	2.0969e-011	1.70116e-011	1.56916e-011	1.7749e-011	2.08923e-011	2.20609e-011	2.03953e-011	1.78798e-011	1.69958e-011	1.79748e-011	1.87528e-011	1.76786e-011	1.57182e-011	1.53248e-011	1.71287e-011	1.85542e-011	1.65344e-011	1.15184e-011	7.84373e-012	9.34204e-012	1.47907e-011	1.86482e-011	1.6836e-011	1.13474e-011	8.32693e-012	1.14772e-011	1.80916e-011	2.2203e-011	2.12426e-011	1.85726e-011	1.91029e-011	2.33233e-011	2.6894e-011	2.62101e-011	2.30881e-011	2.26945e-011	2.70379e-011	3.19543e-011	3.16074e-011	2.55049e-011	1.96726e-011	2.02022e-011	2.63692e-011	3.12832e-011	2.94809e-011	2.28762e-011	1.83804e-011	2.00872e-011	2.5024e-011	2.7088e-011	2.42239e-011	2.0386e-011	2.02857e-011	2.35032e-011	2.50835e-011	2.17922e-011	1.63693e-011	1.45284e-011	1.81588e-011	2.28099e-011	2.2584e-011	1.68842e-011	1.12492e-011	1.13e-011	1.66846e-011	2.17667e-011	2.2019e-011	1.87424e-011	1.69978e-011	1.95621e-011	2.40282e-011	2.61137e-011	2.4898e-011	2.37021e-011	2.5748e-011	2.99815e-011	3.21512e-011	2.99102e-011	2.58783e-011	2.49427e-011	2.87967e-011	3.39662e-011	3.5611e-011	3.28085e-011	2.94075e-011	2.96353e-011	3.35337e-011	3.72805e-011	3.77296e-011	3.57674e-011	3.47399e-011	3.61036e-011	3.76346e-011	3.63117e-011	3.22955e-011	2.90498e-011	2.92778e-011	3.14807e-011	3.141e-011	2.6969e-011	2.09005e-011	1.79826e-011	1.97977e-011	2.30484e-011	2.33563e-011	2.01387e-011	1.69492e-011	1.70393e-011	1.95187e-011	2.06746e-011	1.87226e-011	1.60809e-011
3.18759e-011	3.18392e-011	2.83837e-011	2.40629e-011	2.21217e-011	2.28545e-011	2.358e-011	2.21465e-011	1.95957e-011	1.87026e-011	2.02644e-011	2.18729e-011	2.08659e-011	1.78901e-011	1.65333e-011	1.91573e-011	2.37988e-011	2.59936e-011	2.36614e-011	1.95085e-011	1.81524e-011	2.11767e-011	2.56066e-011	2.73213e-011	2.54018e-011	2.26628e-011	2.21845e-011	2.40607e-011	2.58823e-011	2.59163e-011	2.50148e-011	2.51796e-011	2.6805e-011	2.80382e-011	2.69986e-011	2.41833e-011	2.2199e-011	2.30373e-011	2.5849e-011	2.76172e-011	2.6068e-011	2.19082e-011	1.8233e-011	1.77239e-011	2.0278e-011	2.32023e-011	2.37082e-011	2.13864e-011	1.84154e-011	1.73777e-011	1.88172e-011	2.09212e-011	2.15804e-011	2.05974e-011	1.96184e-011	1.98883e-011	2.05086e-011	1.94595e-011	1.63755e-011	1.36515e-011	1.40503e-011	1.71966e-011	1.92324e-011	1.67184e-011	1.07919e-011	6.63917e-012	8.25743e-012	1.40249e-011	1.81925e-011	1.69723e-011	1.25599e-011	1.05469e-011	1.36316e-011	1.88069e-011	2.11715e-011	1.97548e-011	1.84005e-011	2.07043e-011	2.52362e-011	2.7051e-011	2.3879e-011	1.94665e-011	1.9632e-011	2.5326e-011	3.09477e-011	3.03343e-011	2.38083e-011	1.81117e-011	1.90821e-011	2.53024e-011	2.98969e-011	2.82966e-011	2.30427e-011	2.0333e-011	2.26715e-011	2.62986e-011	2.61518e-011	2.21356e-011	1.91126e-011	2.07332e-011	2.46782e-011	2.51967e-011	2.00432e-011	1.35461e-011	1.19895e-011	1.65182e-011	2.17548e-011	2.17606e-011	1.65547e-011	1.18727e-011	1.26647e-011	1.78437e-011	2.20347e-011	2.1886e-011	1.95068e-011	1.93496e-011	2.26292e-011	2.59963e-011	2.58499e-011	2.29184e-011	2.15335e-011	2.44373e-011	2.93113e-011	3.12273e-011	2.82799e-011	2.39178e-011	2.32605e-011	2.75509e-011	3.29575e-011	3.49243e-011	3.30353e-011	3.10069e-011	3.2138e-011	3.5639e-011	3.79425e-011	3.7142e-011	3.51508e-011	3.50815e-011	3.71463e-011	3.81555e-011	3.53558e-011	3.00526e-011	2.65401e-011	2.73425e-011	3.02318e-011	3.06077e-011	2.66512e-011	2.13787e-011	1.92361e-011	2.11592e-011	2.37662e-011	2.34723e-011	2.0573e-011	1.84981e-011	1.93051e-011	2.10175e-011	2.01399e-011	1.628e-011	1.3059e-011
3.09694e-011	3.06909e-011	2.78015e-011	2.47247e-011	2.38315e-011	2.45501e-011	2.42743e-011	2.19169e-011	1.95588e-011	1.99308e-011	2.27345e-011	2.45034e-011	2.25383e-011	1.83546e-011	1.63503e-011	1.89416e-011	2.37003e-011	2.5877e-011	2.35319e-011	1.95155e-011	1.81922e-011	2.07546e-011	2.43426e-011	2.56055e-011	2.4346e-011	2.31842e-011	2.40724e-011	2.60266e-011	2.66427e-011	2.52967e-011	2.40301e-011	2.5056e-011	2.78988e-011	2.96078e-011	2.79035e-011	2.37705e-011	2.06358e-011	2.09925e-011	2.39746e-011	2.62713e-011	2.53254e-011	2.16413e-011	1.81359e-011	1.73832e-011	1.94237e-011	2.20338e-011	2.29617e-011	2.19117e-011	2.04635e-011	2.01903e-011	2.10039e-011	2.14727e-011	2.07105e-011	1.96112e-011	1.981e-011	2.13971e-011	2.21857e-011	1.98879e-011	1.50936e-011	1.14499e-011	1.21614e-011	1.62783e-011	1.91227e-011	1.69918e-011	1.12871e-011	7.34519e-012	8.89475e-012	1.41101e-011	1.77048e-011	1.67723e-011	1.37659e-011	1.32699e-011	1.64507e-011	1.98083e-011	1.97001e-011	1.70932e-011	1.65735e-011	2.05641e-011	2.57669e-011	2.65373e-011	2.16237e-011	1.62758e-011	1.67626e-011	2.32656e-011	2.93708e-011	2.90185e-011	2.31465e-011	1.84991e-011	2.00233e-011	2.55789e-011	2.88549e-011	2.67967e-011	2.27805e-011	2.20497e-011	2.51618e-011	2.73956e-011	2.47494e-011	1.91599e-011	1.64858e-011	1.95083e-011	2.4299e-011	2.44665e-011	1.85191e-011	1.18102e-011	1.0732e-011	1.57413e-011	2.10828e-011	2.13295e-011	1.71779e-011	1.4098e-011	1.58133e-011	2.03141e-011	2.2746e-011	2.13473e-011	1.92922e-011	2.0466e-011	2.44756e-011	2.69758e-011	2.49302e-011	2.05053e-011	1.88822e-011	2.24193e-011	2.78976e-011	3.00456e-011	2.73511e-011	2.36174e-011	2.36484e-011	2.80581e-011	3.29666e-011	3.46016e-011	3.3334e-011	3.2657e-011	3.46659e-011	3.75549e-011	3.80151e-011	3.54839e-011	3.30107e-011	3.36059e-011	3.64197e-011	3.74322e-011	3.406e-011	2.83747e-011	2.50742e-011	2.63756e-011	2.96179e-011	3.03079e-011	2.71077e-011	2.30733e-011	2.18697e-011	2.35224e-011	2.46781e-011	2.2888e-011	1.96172e-011	1.82837e-011	1.97536e-011	2.0942e-011	1.84897e-011	1.31924e-011	9.6427e-012
3.04893e-011	2.96613e-011	2.72261e-011	2.55873e-011	2.61112e-011	2.71299e-011	2.59266e-011	2.23944e-011	1.969e-011	2.06848e-011	2.42852e-011	2.6216e-011	2.37175e-011	1.88243e-011	1.63104e-011	1.85017e-011	2.28136e-011	2.47399e-011	2.27841e-011	1.97596e-011	1.92651e-011	2.16646e-011	2.41509e-011	2.44314e-011	2.34049e-011	2.37114e-011	2.61543e-011	2.84808e-011	2.80384e-011	2.51079e-011	2.2885e-011	2.40052e-011	2.75185e-011	2.9721e-011	2.79578e-011	2.33324e-011	1.95671e-011	1.93642e-011	2.2016e-011	2.44331e-011	2.42334e-011	2.17603e-011	1.93365e-011	1.88582e-011	2.01916e-011	2.17223e-011	2.22036e-011	2.19116e-011	2.19882e-011	2.28098e-011	2.3295e-011	2.20987e-011	1.94855e-011	1.7613e-011	1.84397e-011	2.12453e-011	2.27161e-011	2.01235e-011	1.45349e-011	1.03427e-011	1.10369e-011	1.54565e-011	1.87464e-011	1.73442e-011	1.27252e-011	9.7256e-012	1.12225e-011	1.51305e-011	1.70963e-011	1.56775e-011	1.38574e-011	1.50889e-011	1.87035e-011	2.04606e-011	1.78517e-011	1.37539e-011	1.36007e-011	1.89393e-011	2.49855e-011	2.55476e-011	2.00632e-011	1.46153e-011	1.54315e-011	2.20538e-011	2.79261e-011	2.77252e-011	2.30569e-011	2.0132e-011	2.23894e-011	2.67742e-011	2.78383e-011	2.44904e-011	2.12059e-011	2.23081e-011	2.63567e-011	2.7596e-011	2.29119e-011	1.59919e-011	1.35096e-011	1.75527e-011	2.30761e-011	2.34471e-011	1.78109e-011	1.19258e-011	1.16616e-011	1.66721e-011	2.12842e-011	2.1182e-011	1.79841e-011	1.66802e-011	1.93925e-011	2.29931e-011	2.32016e-011	1.99962e-011	1.77446e-011	1.99057e-011	2.4673e-011	2.68337e-011	2.37763e-011	1.86816e-011	1.7161e-011	2.11413e-011	2.68914e-011	2.92824e-011	2.73317e-011	2.48581e-011	2.5839e-011	3.00067e-011	3.36002e-011	3.40189e-011	3.27198e-011	3.30559e-011	3.58722e-011	3.82806e-011	3.7142e-011	3.30833e-011	3.01444e-011	3.12676e-011	3.48155e-011	3.6251e-011	3.3188e-011	2.80866e-011	2.55186e-011	2.71357e-011	3.00558e-011	3.03678e-011	2.75479e-011	2.46656e-011	2.43508e-011	2.55167e-011	2.48301e-011	2.10868e-011	1.70283e-011	1.61688e-011	1.83468e-011	1.95266e-011	1.6439e-011	1.07158e-011	7.4566e-012
3.10302e-011	2.93337e-011	2.69406e-011	2.64391e-011	2.83013e-011	2.97621e-011	2.78608e-011	2.32277e-011	1.98846e-011	2.08749e-011	2.4653e-011	2.65781e-011	2.40052e-011	1.92043e-011	1.67844e-011	1.86227e-011	2.20874e-011	2.33707e-011	2.18225e-011	2.02612e-011	2.12182e-011	2.38488e-011	2.5189e-011	2.40353e-011	2.25831e-011	2.37613e-011	2.74676e-011	3.02855e-011	2.91799e-011	2.49916e-011	2.17337e-011	2.24213e-011	2.59801e-011	2.84698e-011	2.71418e-011	2.30146e-011	1.95422e-011	1.91233e-011	2.11161e-011	2.30219e-011	2.31621e-011	2.20162e-011	2.11882e-011	2.14744e-011	2.21591e-011	2.21075e-011	2.12831e-011	2.09251e-011	2.20908e-011	2.41026e-011	2.47613e-011	2.24816e-011	1.83144e-011	1.5493e-011	1.64454e-011	2.00823e-011	2.24172e-011	2.03833e-011	1.51197e-011	1.10947e-011	1.16483e-011	1.55611e-011	1.84237e-011	1.74079e-011	1.41698e-011	1.26386e-011	1.43021e-011	1.65672e-011	1.6166e-011	1.34759e-011	1.23192e-011	1.5183e-011	1.95956e-011	2.04529e-011	1.60634e-011	1.08112e-011	1.07865e-011	1.69292e-011	2.35717e-011	2.44208e-011	1.94464e-011	1.48675e-011	1.61972e-011	2.22505e-011	2.6866e-011	2.61246e-011	2.25644e-011	2.16228e-011	2.48156e-011	2.79432e-011	2.64436e-011	2.13125e-011	1.82502e-011	2.08439e-011	2.59151e-011	2.6822e-011	2.11285e-011	1.37299e-011	1.16393e-011	1.62808e-011	2.20446e-011	2.26509e-011	1.79768e-011	1.36996e-011	1.45419e-011	1.91147e-011	2.21026e-011	2.07771e-011	1.79773e-011	1.82308e-011	2.19523e-011	2.48085e-011	2.30009e-011	1.80902e-011	1.55089e-011	1.83835e-011	2.38451e-011	2.61517e-011	2.30836e-011	1.83592e-011	1.74459e-011	2.16338e-011	2.69935e-011	2.90679e-011	2.76988e-011	2.6598e-011	2.85781e-011	3.22626e-011	3.40306e-011	3.26179e-011	3.07276e-011	3.17045e-011	3.52902e-011	3.76246e-011	3.56583e-011	3.08781e-011	2.79229e-011	2.95366e-011	3.35632e-011	3.53896e-011	3.30314e-011	2.91018e-011	2.75727e-011	2.92255e-011	3.10511e-011	3.00836e-011	2.69404e-011	2.48218e-011	2.52868e-011	2.60757e-011	2.3807e-011	1.83874e-011	1.36719e-011	1.32484e-011	1.61584e-011	1.77458e-011	1.49206e-011	9.81204e-012	7.46835e-012
3.25278e-011	2.97752e-011	2.69468e-011	2.69775e-011	2.97126e-011	3.15358e-011	2.9268e-011	2.39928e-011	2.0182e-011	2.08546e-011	2.42485e-011	2.58605e-011	2.35071e-011	1.95821e-011	1.80523e-011	1.9895e-011	2.23332e-011	2.25164e-011	2.09989e-011	2.08087e-011	2.33931e-011	2.65368e-011	2.69046e-011	2.4189e-011	2.18038e-011	2.31127e-011	2.74735e-011	3.06848e-011	2.94215e-011	2.47588e-011	2.09913e-011	2.11828e-011	2.42823e-011	2.66291e-011	2.58508e-011	2.29323e-011	2.0657e-011	2.0573e-011	2.17988e-011	2.25396e-011	2.22316e-011	2.19072e-011	2.26289e-011	2.39684e-011	2.43137e-011	2.27014e-011	2.01765e-011	1.90741e-011	2.07131e-011	2.37482e-011	2.5051e-011	2.26202e-011	1.78053e-011	1.44126e-011	1.51885e-011	1.90226e-011	2.18671e-011	2.07123e-011	1.66125e-011	1.35068e-011	1.40071e-011	1.67298e-011	1.81256e-011	1.66787e-011	1.45496e-011	1.46851e-011	1.68785e-011	1.77378e-011	1.49261e-011	1.06252e-011	9.63326e-012	1.37772e-011	1.91462e-011	1.99142e-011	1.48963e-011	9.33943e-012	9.48995e-012	1.57698e-011	2.22737e-011	2.32667e-011	1.93582e-011	1.63886e-011	1.84948e-011	2.35087e-011	2.59437e-011	2.37791e-011	2.08044e-011	2.1723e-011	2.60315e-011	2.82732e-011	2.46076e-011	1.78731e-011	1.48352e-011	1.85064e-011	2.4448e-011	2.55482e-011	1.99655e-011	1.31874e-011	1.18949e-011	1.6687e-011	2.18535e-011	2.21201e-011	1.83842e-011	1.60058e-011	1.81121e-011	2.20202e-011	2.28391e-011	1.96403e-011	1.66578e-011	1.80898e-011	2.2802e-011	2.53679e-011	2.23526e-011	1.65064e-011	1.3916e-011	1.73169e-011	2.31659e-011	2.56978e-011	2.32366e-011	1.9676e-011	1.97723e-011	2.38824e-011	2.80534e-011	2.8935e-011	2.75273e-011	2.74996e-011	3.03974e-011	3.36312e-011	3.36496e-011	3.04323e-011	2.78371e-011	2.9246e-011	3.35478e-011	3.62042e-011	3.42904e-011	2.97948e-011	2.74293e-011	2.9461e-011	3.34045e-011	3.50418e-011	3.31321e-011	3.04076e-011	2.99448e-011	3.14087e-011	3.16493e-011	2.88024e-011	2.4794e-011	2.30801e-011	2.42777e-011	2.50733e-011	2.20056e-011	1.58038e-011	1.10281e-011	1.11365e-011	1.45794e-011	1.65265e-011	1.43315e-011	1.04316e-011	9.33801e-012
3.43173e-011	3.05917e-011	2.70851e-011	2.70728e-011	3.00532e-011	3.19759e-011	2.96668e-011	2.44641e-011	2.07932e-011	2.12584e-011	2.39198e-011	2.48247e-011	2.26686e-011	2.00537e-011	2.00338e-011	2.23138e-011	2.37582e-011	2.24911e-011	2.04403e-011	2.10693e-011	2.49628e-011	2.86677e-011	2.84063e-011	2.44623e-011	2.11124e-011	2.20496e-011	2.63962e-011	2.96952e-011	2.86642e-011	2.4454e-011	2.10879e-011	2.11534e-011	2.35156e-011	2.51449e-011	2.45498e-011	2.29609e-011	2.23788e-011	2.31229e-011	2.3701e-011	2.28786e-011	2.13485e-011	2.10306e-011	2.28021e-011	2.52097e-011	2.5675e-011	2.30851e-011	1.91675e-011	1.71363e-011	1.87199e-011	2.2362e-011	2.44644e-011	2.27091e-011	1.83493e-011	1.51201e-011	1.56601e-011	1.89578e-011	2.14746e-011	2.08327e-011	1.81479e-011	1.64815e-011	1.71955e-011	1.84497e-011	1.7653e-011	1.4948e-011	1.33487e-011	1.50249e-011	1.81073e-011	1.82559e-011	1.37347e-011	8.14291e-012	7.07869e-012	1.19642e-011	1.80276e-011	1.91686e-011	1.45901e-011	9.73587e-012	1.03169e-011	1.60931e-011	2.14243e-011	2.18304e-011	1.88849e-011	1.78336e-011	2.09829e-011	2.48913e-011	2.47536e-011	2.06092e-011	1.76698e-011	2.00911e-011	2.55809e-011	2.75575e-011	2.27118e-011	1.52089e-011	1.23982e-011	1.67182e-011	2.30125e-011	2.43287e-011	1.95601e-011	1.42972e-011	1.42029e-011	1.87499e-011	2.24014e-011	2.14243e-011	1.80863e-011	1.74371e-011	2.0842e-011	2.41922e-011	2.29424e-011	1.78584e-011	1.44765e-011	1.67576e-011	2.23535e-011	2.50878e-011	2.18777e-011	1.6192e-011	1.41714e-011	1.79245e-011	2.35503e-011	2.58262e-011	2.39392e-011	2.18093e-011	2.30752e-011	2.68808e-011	2.92804e-011	2.82538e-011	2.61707e-011	2.67924e-011	3.05063e-011	3.35912e-011	3.25003e-011	2.81721e-011	2.52646e-011	2.70708e-011	3.18798e-011	3.49052e-011	3.35527e-011	3.00723e-011	2.87475e-011	3.10252e-011	3.4168e-011	3.47355e-011	3.2589e-011	3.06977e-011	3.11669e-011	3.24406e-011	3.11654e-011	2.65067e-011	2.16076e-011	2.01797e-011	2.20951e-011	2.32768e-011	2.0277e-011	1.43532e-011	1.0242e-011	1.09241e-011	1.43817e-011	1.60758e-011	1.41925e-011	1.14828e-011	1.16269e-011
3.55454e-011	3.12464e-011	2.72507e-011	2.69454e-011	2.96365e-011	3.12917e-011	2.91191e-011	2.46808e-011	2.19347e-011	2.26112e-011	2.44449e-011	2.42519e-011	2.19532e-011	2.05684e-011	2.22299e-011	2.52247e-011	2.58724e-011	2.30967e-011	2.00976e-011	2.08593e-011	2.54216e-011	2.94844e-011	2.89857e-011	2.45384e-011	2.07536e-011	2.12801e-011	2.51074e-011	2.80278e-011	2.72912e-011	2.41994e-011	2.2121e-011	2.26353e-011	2.42257e-011	2.45906e-011	2.34831e-011	2.27485e-011	2.37802e-011	2.55956e-011	2.58359e-011	2.35273e-011	2.04401e-011	1.9457e-011	2.16051e-011	2.48307e-011	2.58218e-011	2.31547e-011	1.87422e-011	1.6167e-011	1.74167e-011	2.10639e-011	2.36269e-011	2.28512e-011	1.97586e-011	1.74544e-011	1.79133e-011	2.0081e-011	2.12789e-011	2.03095e-011	1.87075e-011	1.86413e-011	1.99407e-011	1.9989e-011	1.69563e-011	1.26217e-011	1.10148e-011	1.38549e-011	1.79666e-011	1.81903e-011	1.30906e-011	7.06507e-012	6.01485e-012	1.10127e-011	1.70334e-011	1.83697e-011	1.47704e-011	1.14008e-011	1.27549e-011	1.76116e-011	2.08376e-011	1.97267e-011	1.71925e-011	1.79496e-011	2.23477e-011	2.55149e-011	2.31563e-011	1.71593e-011	1.40228e-011	1.75086e-011	2.39922e-011	2.61905e-011	2.12772e-011	1.41471e-011	1.20327e-011	1.6586e-011	2.23839e-011	2.3332e-011	1.94016e-011	1.60487e-011	1.74051e-011	2.14996e-011	2.30328e-011	2.00805e-011	1.65075e-011	1.7186e-011	2.18385e-011	2.50184e-011	2.24257e-011	1.61615e-011	1.2665e-011	1.55883e-011	2.17531e-011	2.47633e-011	2.20664e-011	1.74755e-011	1.65629e-011	2.0462e-011	2.50894e-011	2.6249e-011	2.43669e-011	2.34394e-011	2.58245e-011	2.93013e-011	2.98699e-011	2.68058e-011	2.38119e-011	2.4799e-011	2.9228e-011	3.25235e-011	3.11858e-011	2.67733e-011	2.42218e-011	2.64408e-011	3.12941e-011	3.42214e-011	3.33102e-011	3.10249e-011	3.08801e-011	3.32074e-011	3.49943e-011	3.3777e-011	3.0743e-011	2.92422e-011	3.05064e-011	3.18379e-011	2.96525e-011	2.39156e-011	1.86406e-011	1.76045e-011	2.01036e-011	2.17036e-011	1.92325e-011	1.43083e-011	1.13598e-011	1.25021e-011	1.52742e-011	1.58034e-011	1.34919e-011	1.15428e-011	1.27292e-011
3.56651e-011	3.14018e-011	2.75132e-011	2.70936e-011	2.9216e-011	3.02157e-011	2.81048e-011	2.48082e-011	2.35943e-011	2.49547e-011	2.60675e-011	2.4516e-011	2.15961e-011	2.09426e-011	2.3962e-011	2.76649e-011	2.78046e-011	2.38523e-011	1.99256e-011	2.03681e-011	2.49145e-011	2.8936e-011	2.84692e-011	2.43594e-011	2.10272e-011	2.15383e-011	2.46131e-011	2.66224e-011	2.58393e-011	2.3987e-011	2.36745e-011	2.51277e-011	2.61147e-011	2.49192e-011	2.26296e-011	2.19749e-011	2.4076e-011	2.68915e-011	2.71926e-011	2.39733e-011	1.96578e-011	1.78314e-011	1.98027e-011	2.33875e-011	2.50179e-011	2.30656e-011	1.92415e-011	1.68713e-011	1.7788e-011	2.07913e-011	2.30365e-011	2.28728e-011	2.12581e-011	2.03789e-011	2.10609e-011	2.18899e-011	2.10838e-011	1.8938e-011	1.77778e-011	1.91322e-011	2.13532e-011	2.08823e-011	1.6301e-011	1.06409e-011	8.78611e-012	1.22568e-011	1.71275e-011	1.78576e-011	1.32227e-011	7.79176e-012	7.07782e-012	1.16115e-011	1.65678e-011	1.73335e-011	1.45826e-011	1.30302e-011	1.54833e-011	1.93932e-011	2.01055e-011	1.68699e-011	1.41554e-011	1.63491e-011	2.20504e-011	2.50671e-011	2.14347e-011	1.44004e-011	1.12745e-011	1.53963e-011	2.23305e-011	2.47447e-011	2.04857e-011	1.4706e-011	1.379e-011	1.82344e-011	2.26044e-011	2.22459e-011	1.86188e-011	1.70575e-011	1.99419e-011	2.367e-011	2.31007e-011	1.80601e-011	1.39577e-011	1.55803e-011	2.13229e-011	2.47448e-011	2.18049e-011	1.54837e-011	1.25025e-011	1.59329e-011	2.20791e-011	2.49289e-011	2.28181e-011	1.97394e-011	2.02222e-011	2.40819e-011	2.70817e-011	2.63315e-011	2.37633e-011	2.3588e-011	2.69521e-011	3.03165e-011	2.95724e-011	2.50495e-011	2.14659e-011	2.27631e-011	2.77172e-011	3.13259e-011	3.03494e-011	2.67216e-011	2.51247e-011	2.77023e-011	3.19543e-011	3.39506e-011	3.28495e-011	3.14457e-011	3.23644e-011	3.46676e-011	3.50021e-011	3.18642e-011	2.77464e-011	2.64093e-011	2.83847e-011	3.00863e-011	2.77919e-011	2.20099e-011	1.71299e-011	1.66403e-011	1.93428e-011	2.08812e-011	1.87496e-011	1.49454e-011	1.32777e-011	1.46836e-011	1.62147e-011	1.48624e-011	1.14748e-011	9.83814e-012	1.18996e-011
3.47081e-011	3.10629e-011	2.80396e-011	2.79854e-011	2.95352e-011	2.95512e-011	2.71818e-011	2.49445e-011	2.54284e-011	2.77507e-011	2.83599e-011	2.54474e-011	2.15775e-011	2.10401e-011	2.47771e-011	2.8901e-011	2.88098e-011	2.43342e-011	2.00125e-011	2.0137e-011	2.41792e-011	2.76563e-011	2.7212e-011	2.40411e-011	2.2019e-011	2.31067e-011	2.54568e-011	2.61021e-011	2.46671e-011	2.36223e-011	2.49775e-011	2.75669e-011	2.82479e-011	2.56177e-011	2.1886e-011	2.06741e-011	2.31308e-011	2.66044e-011	2.72838e-011	2.4005e-011	1.93468e-011	1.70708e-011	1.86063e-011	2.19724e-011	2.39168e-011	2.29721e-011	2.05238e-011	1.91227e-011	1.9923e-011	2.17913e-011	2.28079e-011	2.24245e-011	2.19032e-011	2.25565e-011	2.38248e-011	2.3605e-011	2.07697e-011	1.70574e-011	1.57587e-011	1.81164e-011	2.13695e-011	2.11371e-011	1.61136e-011	9.98443e-012	8.00288e-012	1.15213e-011	1.6429e-011	1.74605e-011	1.3799e-011	9.76141e-012	9.7955e-012	1.35192e-011	1.64954e-011	1.57234e-011	1.32284e-011	1.33797e-011	1.71607e-011	2.04968e-011	1.90203e-011	1.37444e-011	1.05883e-011	1.37637e-011	2.05551e-011	2.38687e-011	2.00525e-011	1.31464e-011	1.05567e-011	1.49381e-011	2.14661e-011	2.34877e-011	1.99259e-011	1.59739e-011	1.66069e-011	2.07781e-011	2.30822e-011	2.06171e-011	1.66152e-011	1.64323e-011	2.0779e-011	2.44776e-011	2.2455e-011	1.59632e-011	1.15744e-011	1.39036e-011	2.0391e-011	2.41531e-011	2.16223e-011	1.62871e-011	1.44798e-011	1.82842e-011	2.36519e-011	2.54869e-011	2.344e-011	2.17291e-011	2.36164e-011	2.7388e-011	2.85923e-011	2.56647e-011	2.2062e-011	2.2282e-011	2.64707e-011	3.00329e-011	2.88044e-011	2.38507e-011	2.0387e-011	2.20752e-011	2.71704e-011	3.07278e-011	3.01346e-011	2.76409e-011	2.72848e-011	3.00933e-011	3.31658e-011	3.34403e-011	3.14247e-011	3.04055e-011	3.21844e-011	3.45906e-011	3.39015e-011	2.93947e-011	2.45835e-011	2.34745e-011	2.60458e-011	2.81962e-011	2.63206e-011	2.13184e-011	1.74748e-011	1.757e-011	1.9896e-011	2.05367e-011	1.80603e-011	1.50006e-011	1.44479e-011	1.60125e-011	1.62034e-011	1.28768e-011	8.29631e-012	6.81752e-012	9.69343e-012
3.31918e-011	3.04677e-011	2.88905e-011	2.97124e-011	3.08696e-011	2.97173e-011	2.66766e-011	2.50439e-011	2.69075e-011	3.01451e-011	3.04851e-011	2.65287e-011	2.17769e-011	2.09719e-011	2.47584e-011	2.88316e-011	2.86533e-011	2.43923e-011	2.05309e-011	2.07624e-011	2.41161e-011	2.65508e-011	2.57986e-011	2.36777e-011	2.34246e-011	2.55731e-011	2.74046e-011	2.64811e-011	2.38345e-011	2.28876e-011	2.53456e-011	2.89175e-011	2.96136e-011	2.61018e-011	2.12806e-011	1.93554e-011	2.15964e-011	2.52152e-011	2.63224e-011	2.37247e-011	1.97799e-011	1.78106e-011	1.89628e-011	2.15444e-011	2.30967e-011	2.28124e-011	2.19218e-011	2.19635e-011	2.29791e-011	2.35817e-011	2.27558e-011	2.13126e-011	2.11906e-011	2.31278e-011	2.52757e-011	2.46791e-011	2.04941e-011	1.55069e-011	1.38211e-011	1.66485e-011	2.06553e-011	2.10642e-011	1.66095e-011	1.10441e-011	9.31612e-012	1.23822e-011	1.63427e-011	1.68879e-011	1.40286e-011	1.17142e-011	1.28682e-011	1.58052e-011	1.64e-011	1.34455e-011	1.05717e-011	1.2034e-011	1.71893e-011	2.05221e-011	1.77711e-011	1.12509e-011	7.86702e-012	1.16059e-011	1.89276e-011	2.24968e-011	1.92109e-011	1.34651e-011	1.20063e-011	1.63709e-011	2.15615e-011	2.22168e-011	1.88093e-011	1.66109e-011	1.89263e-011	2.29178e-011	2.31145e-011	1.8346e-011	1.36084e-011	1.43765e-011	1.99835e-011	2.40126e-011	2.14965e-011	1.46823e-011	1.06711e-011	1.3597e-011	2.02422e-011	2.39189e-011	2.19397e-011	1.81384e-011	1.79217e-011	2.19717e-011	2.59007e-011	2.5859e-011	2.31405e-011	2.23362e-011	2.54681e-011	2.9299e-011	2.9111e-011	2.44659e-011	2.00657e-011	2.0583e-011	2.53957e-011	2.92815e-011	2.82482e-011	2.38545e-011	2.12509e-011	2.33946e-011	2.80646e-011	3.08021e-011	3.00445e-011	2.84719e-011	2.9308e-011	3.22521e-011	3.39262e-011	3.21685e-011	2.88832e-011	2.79122e-011	3.03886e-011	3.31289e-011	3.21295e-011	2.72249e-011	2.24922e-011	2.18321e-011	2.4724e-011	2.69615e-011	2.54457e-011	2.14921e-011	1.89494e-011	1.95307e-011	2.09381e-011	1.99075e-011	1.63625e-011	1.35398e-011	1.38739e-011	1.56933e-011	1.49736e-011	1.02945e-011	5.042e-012	3.91114e-012	7.54394e-012
3.17606e-011	2.98533e-011	2.9873e-011	3.18514e-011	3.28504e-011	3.05658e-011	2.65903e-011	2.50164e-011	2.76404e-011	3.14462e-011	3.16838e-011	2.72522e-011	2.21454e-011	2.11277e-011	2.45165e-011	2.80123e-011	2.76583e-011	2.41314e-011	2.15487e-011	2.24949e-011	2.52462e-011	2.62673e-011	2.4682e-011	2.32267e-011	2.46395e-011	2.80066e-011	2.95952e-011	2.7265e-011	2.32272e-011	2.18013e-011	2.46318e-011	2.87545e-011	2.9675e-011	2.60607e-011	2.10146e-011	1.87788e-011	2.05607e-011	2.37577e-011	2.49677e-011	2.33273e-011	2.08566e-011	1.99532e-011	2.09898e-011	2.24002e-011	2.27538e-011	2.23399e-011	2.25899e-011	2.41231e-011	2.56937e-011	2.53467e-011	2.26902e-011	1.98005e-011	1.94595e-011	2.22101e-011	2.53028e-011	2.50519e-011	2.0596e-011	1.51834e-011	1.32591e-011	1.60219e-011	2.00902e-011	2.09197e-011	1.75052e-011	1.32972e-011	1.22887e-011	1.46365e-011	1.67776e-011	1.58508e-011	1.31541e-011	1.24245e-011	1.49385e-011	1.74778e-011	1.60059e-011	1.09216e-011	7.38033e-012	9.68538e-012	1.59839e-011	1.97258e-011	1.67597e-011	1.0169e-011	7.13301e-012	1.11078e-011	1.81081e-011	2.12952e-011	1.85754e-011	1.45226e-011	1.4638e-011	1.8883e-011	2.20889e-011	2.05237e-011	1.6551e-011	1.56881e-011	1.96224e-011	2.37419e-011	2.24184e-011	1.5922e-011	1.06532e-011	1.21073e-011	1.85935e-011	2.30195e-011	2.07792e-011	1.47624e-011	1.18922e-011	1.53511e-011	2.14045e-011	2.41323e-011	2.22142e-011	1.98843e-011	2.13438e-011	2.55931e-011	2.78304e-011	2.55196e-011	2.16742e-011	2.1348e-011	2.55122e-011	2.96493e-011	2.88404e-011	2.34813e-011	1.90074e-011	1.99393e-011	2.50392e-011	2.89577e-011	2.82672e-011	2.49545e-011	2.36641e-011	2.62356e-011	2.99142e-011	3.10016e-011	2.93194e-011	2.8157e-011	2.99553e-011	3.3075e-011	3.36241e-011	3.02076e-011	2.59035e-011	2.49737e-011	2.80177e-011	3.11876e-011	3.04479e-011	2.60515e-011	2.21593e-011	2.21232e-011	2.48741e-011	2.64531e-011	2.46937e-011	2.14972e-011	2.01524e-011	2.11038e-011	2.13809e-011	1.84067e-011	1.35042e-011	1.06486e-011	1.17344e-011	1.40248e-011	1.30999e-011	8.09604e-012	3.06482e-012	2.62423e-012	6.78935e-012
3.08153e-011	2.92955e-011	3.05977e-011	3.36567e-011	3.46793e-011	3.15473e-011	2.67327e-011	2.49044e-011	2.76628e-011	3.15199e-011	3.16791e-011	2.7394e-011	2.27444e-011	2.19737e-011	2.48418e-011	2.72986e-011	2.64366e-011	2.37319e-011	2.28647e-011	2.50056e-011	2.73918e-011	2.6872e-011	2.39994e-011	2.25809e-011	2.51011e-011	2.94652e-011	3.10466e-011	2.78249e-011	2.27705e-011	2.0747e-011	2.33769e-011	2.74796e-011	2.85886e-011	2.55383e-011	2.12819e-011	1.94902e-011	2.0905e-011	2.31851e-011	2.38628e-011	2.2864e-011	2.20313e-011	2.26381e-011	2.39063e-011	2.40921e-011	2.2727e-011	2.13876e-011	2.20511e-011	2.47527e-011	2.71102e-011	2.64616e-011	2.26512e-011	1.86027e-011	1.7785e-011	2.08071e-011	2.45536e-011	2.50229e-011	2.12715e-011	1.64579e-011	1.47216e-011	1.70019e-011	2.0209e-011	2.06714e-011	1.80837e-011	1.55377e-011	1.56475e-011	1.73553e-011	1.73054e-011	1.42426e-011	1.10294e-011	1.14591e-011	1.53649e-011	1.80611e-011	1.54103e-011	8.97222e-012	4.98272e-012	7.72967e-012	1.46083e-011	1.86848e-011	1.61917e-011	1.05898e-011	8.57551e-012	1.25853e-011	1.83524e-011	2.01539e-011	1.74356e-011	1.503e-011	1.6911e-011	2.11601e-011	2.23105e-011	1.82636e-011	1.33099e-011	1.33231e-011	1.86436e-011	2.3205e-011	2.12787e-011	1.41754e-011	9.06573e-012	1.11195e-011	1.78915e-011	2.22763e-011	2.04901e-011	1.59233e-011	1.47371e-011	1.86721e-011	2.34589e-011	2.43162e-011	2.16831e-011	2.03623e-011	2.33366e-011	2.78814e-011	2.87242e-011	2.44837e-011	1.96539e-011	1.96467e-011	2.46031e-011	2.91563e-011	2.84364e-011	2.34414e-011	1.97527e-011	2.12674e-011	2.61559e-011	2.93958e-011	2.85893e-011	2.62688e-011	2.63506e-011	2.92793e-011	3.16689e-011	3.06572e-011	2.75625e-011	2.63806e-011	2.89085e-011	3.23556e-011	3.2399e-011	2.82164e-011	2.3637e-011	2.30006e-011	2.641e-011	2.97466e-011	2.93333e-011	2.58675e-011	2.32407e-011	2.3849e-011	2.59592e-011	2.60805e-011	2.3306e-011	2.03233e-011	1.99061e-011	2.12268e-011	2.06295e-011	1.61259e-011	1.02233e-011	7.45205e-012	9.23177e-012	1.20845e-011	1.14904e-011	7.0713e-012	3.08164e-012	3.56976e-012	7.81608e-012
3.03622e-011	2.87354e-011	3.07288e-011	3.44823e-011	3.55935e-011	3.20854e-011	2.69362e-011	2.4964e-011	2.74741e-011	3.08537e-011	3.07686e-011	2.70528e-011	2.36281e-011	2.37279e-011	2.62217e-011	2.73417e-011	2.55125e-011	2.32881e-011	2.40379e-011	2.75032e-011	2.97755e-011	2.79007e-011	2.36384e-011	2.17599e-011	2.4672e-011	2.95286e-011	3.11953e-011	2.77694e-011	2.25315e-011	2.0325e-011	2.25287e-011	2.60452e-011	2.69994e-011	2.47573e-011	2.20171e-011	2.14145e-011	2.27661e-011	2.38358e-011	2.32861e-011	2.22058e-011	2.25833e-011	2.46921e-011	2.64941e-011	2.57899e-011	2.27692e-011	2.01459e-011	2.05813e-011	2.39212e-011	2.70686e-011	2.67938e-011	2.2878e-011	1.85098e-011	1.73841e-011	2.01885e-011	2.39351e-011	2.4902e-011	2.22911e-011	1.88498e-011	1.78053e-011	1.94212e-011	2.09644e-011	2.00819e-011	1.76372e-011	1.65711e-011	1.80312e-011	1.9503e-011	1.75802e-011	1.24132e-011	8.36768e-012	9.47143e-012	1.45219e-011	1.77569e-011	1.49514e-011	8.32788e-012	4.50638e-012	7.42417e-012	1.40536e-011	1.78037e-011	1.57942e-011	1.17401e-011	1.12685e-011	1.52841e-011	1.91863e-011	1.87098e-011	1.52324e-011	1.40487e-011	1.76436e-011	2.21949e-011	2.18329e-011	1.5828e-011	1.00659e-011	1.06725e-011	1.69694e-011	2.19999e-011	2.02287e-011	1.3688e-011	9.59225e-012	1.22548e-011	1.85777e-011	2.20412e-011	2.02337e-011	1.71288e-011	1.78009e-011	2.21965e-011	2.54067e-011	2.38945e-011	1.9995e-011	1.91909e-011	2.34134e-011	2.84316e-011	2.85768e-011	2.33603e-011	1.82568e-011	1.86929e-011	2.41151e-011	2.88238e-011	2.84259e-011	2.44638e-011	2.21769e-011	2.43574e-011	2.84959e-011	3.02054e-011	2.8509e-011	2.66861e-011	2.79197e-011	3.11945e-011	3.24419e-011	2.95416e-011	2.51459e-011	2.3854e-011	2.69463e-011	3.08104e-011	3.09402e-011	2.69594e-011	2.2971e-011	2.29258e-011	2.6353e-011	2.92099e-011	2.86219e-011	2.59115e-011	2.45476e-011	2.57133e-011	2.68948e-011	2.51313e-011	2.08879e-011	1.77252e-011	1.80118e-011	1.98202e-011	1.89266e-011	1.38003e-011	7.73716e-012	5.43295e-012	7.78684e-012	1.09319e-011	1.06719e-011	7.20421e-012	4.65905e-012	6.08466e-012	9.87915e-012
3.01337e-011	2.81429e-011	3.02576e-011	3.41707e-011	3.5289e-011	3.1901e-011	2.71714e-011	2.55504e-011	2.77654e-011	3.0253e-011	2.95824e-011	2.64858e-011	2.46928e-011	2.61404e-011	2.85262e-011	2.82458e-011	2.50858e-011	2.27969e-011	2.46342e-011	2.91565e-011	3.14682e-011	2.87029e-011	2.34426e-011	2.10388e-011	2.37927e-011	2.8525e-011	3.01453e-011	2.70863e-011	2.26236e-011	2.09808e-011	2.28811e-011	2.53719e-011	2.55941e-011	2.38755e-011	2.28031e-011	2.38024e-011	2.5439e-011	2.53108e-011	2.31175e-011	2.12328e-011	2.20872e-011	2.53035e-011	2.77936e-011	2.68085e-011	2.28072e-011	1.91944e-011	1.91387e-011	2.25587e-011	2.61824e-011	2.66235e-011	2.35393e-011	1.98582e-011	1.88845e-011	2.11351e-011	2.40393e-011	2.47425e-011	2.30265e-011	2.12229e-011	2.12759e-011	2.23589e-011	2.19173e-011	1.90294e-011	1.60094e-011	1.59515e-011	1.8765e-011	2.05367e-011	1.76062e-011	1.10909e-011	6.43301e-012	7.82873e-012	1.34678e-011	1.71416e-011	1.48337e-011	9.08704e-012	6.16868e-012	9.13786e-012	1.46476e-011	1.7051e-011	1.49288e-011	1.23832e-011	1.36947e-011	1.78834e-011	1.98453e-011	1.67836e-011	1.20845e-011	1.16384e-011	1.66956e-011	2.18274e-011	2.08278e-011	1.39693e-011	8.1103e-012	9.25248e-012	1.59312e-011	2.09699e-011	1.95403e-011	1.42921e-011	1.18725e-011	1.5174e-011	2.0381e-011	2.19554e-011	1.93155e-011	1.72182e-011	1.96069e-011	2.45348e-011	2.63806e-011	2.27276e-011	1.76106e-011	1.70982e-011	2.22745e-011	2.78305e-011	2.79773e-011	2.29096e-011	1.84789e-011	1.96069e-011	2.50406e-011	2.92254e-011	2.87594e-011	2.5862e-011	2.51599e-011	2.79898e-011	3.10335e-011	3.06505e-011	2.74642e-011	2.56326e-011	2.7728e-011	3.14277e-011	3.20562e-011	2.80705e-011	2.30696e-011	2.19237e-011	2.54222e-011	2.95157e-011	2.99114e-011	2.67102e-011	2.39101e-011	2.46173e-011	2.76332e-011	2.92195e-011	2.76744e-011	2.5176e-011	2.47971e-011	2.64525e-011	2.68065e-011	2.3363e-011	1.7819e-011	1.44788e-011	1.53668e-011	1.77397e-011	1.70798e-011	1.22639e-011	6.94608e-012	5.49198e-012	8.12938e-012	1.0905e-011	1.04075e-011	7.63426e-012	6.46146e-012	8.67553e-012	1.16766e-011
2.98486e-011	2.76511e-011	2.95857e-011	3.31551e-011	3.40493e-011	3.10991e-011	2.74933e-011	2.68613e-011	2.8994e-011	3.03623e-011	2.86971e-011	2.59051e-011	2.565e-011	2.85567e-011	3.10625e-011	2.95768e-011	2.50477e-011	2.22856e-011	2.45394e-011	2.95692e-011	3.1902e-011	2.88291e-011	2.33628e-011	2.08669e-011	2.3268e-011	2.73123e-011	2.85106e-011	2.60145e-011	2.30092e-011	2.26544e-011	2.45777e-011	2.58252e-011	2.47252e-011	2.28867e-011	2.30642e-011	2.56074e-011	2.77813e-011	2.6794e-011	2.30748e-011	2.00783e-011	2.07654e-011	2.45e-011	2.76017e-011	2.69472e-011	2.29762e-011	1.92001e-011	1.88352e-011	2.18832e-011	2.53678e-011	2.63101e-011	2.44641e-011	2.22144e-011	2.19186e-011	2.35149e-011	2.48663e-011	2.43672e-011	2.28335e-011	2.2431e-011	2.37849e-011	2.47467e-011	2.26523e-011	1.77836e-011	1.3847e-011	1.42872e-011	1.81855e-011	2.06086e-011	1.76565e-011	1.09437e-011	6.31769e-012	7.79283e-012	1.32314e-011	1.66734e-011	1.48401e-011	1.05283e-011	9.09119e-012	1.21606e-011	1.59581e-011	1.61035e-011	1.30674e-011	1.15882e-011	1.46413e-011	1.93042e-011	1.98416e-011	1.4676e-011	8.90032e-012	8.8993e-012	1.49909e-011	2.06927e-011	1.97855e-011	1.32667e-011	8.24186e-012	1.00056e-011	1.63577e-011	2.05083e-011	1.89452e-011	1.50617e-011	1.45876e-011	1.8571e-011	2.23296e-011	2.14363e-011	1.73338e-011	1.57042e-011	1.95059e-011	2.50864e-011	2.61889e-011	2.12867e-011	1.5635e-011	1.5529e-011	2.13189e-011	2.71446e-011	2.75657e-011	2.34257e-011	2.04292e-011	2.24401e-011	2.7377e-011	3.01642e-011	2.88446e-011	2.65449e-011	2.72398e-011	3.06842e-011	3.26748e-011	3.0259e-011	2.55565e-011	2.35332e-011	2.62722e-011	3.04566e-011	3.1054e-011	2.69891e-011	2.23328e-011	2.17371e-011	2.53962e-011	2.91694e-011	2.94445e-011	2.69906e-011	2.5516e-011	2.69634e-011	2.925e-011	2.90227e-011	2.5929e-011	2.31399e-011	2.34395e-011	2.56048e-011	2.55715e-011	2.12063e-011	1.51008e-011	1.19504e-011	1.3376e-011	1.61327e-011	1.58141e-011	1.18065e-011	7.8018e-012	7.37487e-012	9.88265e-012	1.14829e-011	9.92413e-012	7.2505e-012	7.11265e-012	9.981e-012	1.22427e-011
2.94027e-011	2.75245e-011	2.93243e-011	3.2202e-011	3.25259e-011	3.00126e-011	2.78957e-011	2.87272e-011	3.10746e-011	3.13115e-011	2.83561e-011	2.5395e-011	2.61866e-011	3.02599e-011	3.29651e-011	3.06772e-011	2.51753e-011	2.19366e-011	2.4108e-011	2.90079e-011	3.11373e-011	2.82194e-011	2.34382e-011	2.1588e-011	2.37908e-011	2.67547e-011	2.69972e-011	2.48018e-011	2.3396e-011	2.47118e-011	2.69968e-011	2.70621e-011	2.4324e-011	2.17347e-011	2.24505e-011	2.60843e-011	2.88612e-011	2.75666e-011	2.29896e-011	1.91915e-011	1.94508e-011	2.3124e-011	2.64865e-011	2.64605e-011	2.34128e-011	2.04542e-011	2.02602e-011	2.26727e-011	2.52652e-011	2.59968e-011	2.51288e-011	2.45325e-011	2.53097e-011	2.64299e-011	2.5975e-011	2.36448e-011	2.15502e-011	2.2023e-011	2.46351e-011	2.59839e-011	2.30802e-011	1.6967e-011	1.2329e-011	1.28991e-011	1.73377e-011	2.02947e-011	1.7934e-011	1.20688e-011	8.2508e-012	9.76731e-012	1.41974e-011	1.63914e-011	1.44028e-011	1.14715e-011	1.17869e-011	1.51716e-011	1.71981e-011	1.47511e-011	1.02975e-011	9.37536e-012	1.39047e-011	1.92938e-011	1.92411e-011	1.30515e-011	6.92408e-012	7.3419e-012	1.38821e-011	1.96692e-011	1.9027e-011	1.36242e-011	1.01991e-011	1.27118e-011	1.8102e-011	2.03675e-011	1.7829e-011	1.48686e-011	1.62363e-011	2.09803e-011	2.34493e-011	2.02276e-011	1.46321e-011	1.31901e-011	1.80616e-011	2.43054e-011	2.53281e-011	2.03174e-011	1.51405e-011	1.57545e-011	2.17318e-011	2.71541e-011	2.74987e-011	2.44196e-011	2.31656e-011	2.6115e-011	3.0184e-011	3.09148e-011	2.80404e-011	2.57653e-011	2.75186e-011	3.15867e-011	3.29464e-011	2.91972e-011	2.36046e-011	2.16217e-011	2.4856e-011	2.9377e-011	3.02066e-011	2.67793e-011	2.32365e-011	2.35036e-011	2.69842e-011	2.96808e-011	2.9075e-011	2.68648e-011	2.64748e-011	2.85718e-011	3.01119e-011	2.80878e-011	2.34247e-011	2.02148e-011	2.10181e-011	2.37268e-011	2.38011e-011	1.94364e-011	1.37206e-011	1.12491e-011	1.30574e-011	1.56678e-011	1.5243e-011	1.19195e-011	9.29369e-012	9.84274e-012	1.18846e-011	1.17639e-011	8.5681e-012	5.51185e-012	6.09777e-012	9.60301e-012	1.15341e-011
2.88687e-011	2.79614e-011	2.99172e-011	3.19543e-011	3.13391e-011	2.89566e-011	2.82305e-011	3.06239e-011	3.33935e-011	3.26893e-011	2.8445e-011	2.49845e-011	2.62134e-011	3.08879e-011	3.36776e-011	3.10587e-011	2.53235e-011	2.20647e-011	2.40097e-011	2.82333e-011	2.9749e-011	2.71201e-011	2.36532e-011	2.31501e-011	2.54988e-011	2.72254e-011	2.60129e-011	2.3556e-011	2.33587e-011	2.62508e-011	2.90947e-011	2.83046e-011	2.40957e-011	2.05168e-011	2.1149e-011	2.52352e-011	2.84476e-011	2.73734e-011	2.29e-011	1.91105e-011	1.91324e-011	2.23174e-011	2.5354e-011	2.57496e-011	2.40062e-011	2.25754e-011	2.30842e-011	2.48325e-011	2.5927e-011	2.55791e-011	2.49723e-011	2.57385e-011	2.77463e-011	2.87984e-011	2.68904e-011	2.27626e-011	1.97477e-011	2.05538e-011	2.41232e-011	2.61752e-011	2.34077e-011	1.71733e-011	1.24913e-011	1.30326e-011	1.72751e-011	2.01038e-011	1.82787e-011	1.3797e-011	1.13981e-011	1.308e-011	1.59693e-011	1.60087e-011	1.30286e-011	1.10069e-011	1.3033e-011	1.70417e-011	1.77991e-011	1.32079e-011	7.45609e-012	6.79109e-012	1.23593e-011	1.84319e-011	1.84805e-011	1.24594e-011	6.9672e-012	7.96621e-012	1.4286e-011	1.92507e-011	1.83841e-011	1.4208e-011	1.27403e-011	1.61221e-011	2.02281e-011	1.99778e-011	1.57732e-011	1.31646e-011	1.60553e-011	2.16454e-011	2.33832e-011	1.86656e-011	1.22309e-011	1.10828e-011	1.66669e-011	2.32798e-011	2.4502e-011	2.0237e-011	1.64216e-011	1.80534e-011	2.37448e-011	2.78678e-011	2.73339e-011	2.4878e-011	2.52263e-011	2.90789e-011	3.22378e-011	3.08319e-011	2.6239e-011	2.37063e-011	2.6231e-011	3.09269e-011	3.22052e-011	2.81313e-011	2.26497e-011	2.11892e-011	2.47495e-011	2.91323e-011	2.99107e-011	2.72375e-011	2.51094e-011	2.63392e-011	2.93353e-011	3.0337e-011	2.81564e-011	2.56083e-011	2.5937e-011	2.86233e-011	2.97273e-011	2.65082e-011	2.08891e-011	1.75706e-011	1.88272e-011	2.19524e-011	2.23221e-011	1.85705e-011	1.39664e-011	1.25176e-011	1.44282e-011	1.61602e-011	1.48401e-011	1.16388e-011	1.00874e-011	1.1465e-011	1.29878e-011	1.11737e-011	6.38799e-012	2.91033e-012	4.1013e-012	8.27016e-012	1.03351e-011
2.83454e-011	2.88825e-011	3.13297e-011	3.25626e-011	3.07594e-011	2.80809e-011	2.82881e-011	3.19395e-011	3.51473e-011	3.38331e-011	2.86799e-011	2.4772e-011	2.60108e-011	3.0658e-011	3.32297e-011	3.06271e-011	2.54714e-011	2.2922e-011	2.48357e-011	2.80392e-011	2.84399e-011	2.58485e-011	2.38275e-011	2.50298e-011	2.78493e-011	2.84325e-011	2.55366e-011	2.22889e-011	2.26372e-011	2.66154e-011	2.99949e-011	2.88281e-011	2.38006e-011	1.95657e-011	1.98711e-011	2.38108e-011	2.70574e-011	2.64403e-011	2.29087e-011	2.00749e-011	2.03458e-011	2.28362e-011	2.48794e-011	2.50474e-011	2.43509e-011	2.46291e-011	2.62108e-011	2.75073e-011	2.69273e-011	2.49309e-011	2.38404e-011	2.53906e-011	2.85245e-011	2.99754e-011	2.74348e-011	2.22293e-011	1.85006e-011	1.92777e-011	2.32688e-011	2.58938e-011	2.3836e-011	1.84934e-011	1.45632e-011	1.51118e-011	1.84296e-011	2.01428e-011	1.81982e-011	1.50143e-011	1.43143e-011	1.642e-011	1.77434e-011	1.52872e-011	1.07778e-011	9.12737e-012	1.25829e-011	1.74462e-011	1.77325e-011	1.20463e-011	5.72402e-012	5.32085e-012	1.13612e-011	1.76138e-011	1.79067e-011	1.28448e-011	8.8314e-012	1.06359e-011	1.61509e-011	1.92835e-011	1.73205e-011	1.39356e-011	1.43648e-011	1.8725e-011	2.16825e-011	1.89915e-011	1.30276e-011	1.04519e-011	1.44902e-011	2.08916e-011	2.25186e-011	1.74426e-011	1.12265e-011	1.07476e-011	1.66461e-011	2.29507e-011	2.40373e-011	2.07319e-011	1.871e-011	2.15054e-011	2.65392e-011	2.86269e-011	2.64239e-011	2.39624e-011	2.55386e-011	3.02445e-011	3.28139e-011	2.98549e-011	2.40802e-011	2.14716e-011	2.45955e-011	2.97676e-011	3.12659e-011	2.76853e-011	2.32326e-011	2.27501e-011	2.63873e-011	2.99154e-011	2.99175e-011	2.75599e-011	2.66792e-011	2.88012e-011	3.12178e-011	3.03836e-011	2.64348e-011	2.32873e-011	2.40789e-011	2.73286e-011	2.84361e-011	2.49083e-011	1.92973e-011	1.64305e-011	1.80927e-011	2.12215e-011	2.15635e-011	1.84471e-011	1.5181e-011	1.48335e-011	1.65542e-011	1.68088e-011	1.39133e-011	1.02576e-011	9.40039e-012	1.1505e-011	1.27771e-011	9.87824e-012	4.19766e-012	7.30188e-013	2.55678e-012	7.26289e-012	9.59938e-012
2.78163e-011	2.98869e-011	3.30218e-011	3.36279e-011	3.06501e-011	2.73992e-011	2.79923e-011	3.23427e-011	3.57957e-011	3.42273e-011	2.88362e-011	2.49568e-011	2.61291e-011	3.02426e-011	3.21585e-011	2.9635e-011	2.5625e-011	2.44639e-011	2.67096e-011	2.87883e-011	2.76483e-011	2.46053e-011	2.36761e-011	2.647e-011	2.99064e-011	2.96479e-011	2.52747e-011	2.10757e-011	2.13982e-011	2.57984e-011	2.94556e-011	2.83402e-011	2.33932e-011	1.92956e-011	1.94735e-011	2.28575e-011	2.55663e-011	2.51984e-011	2.29634e-011	2.17576e-011	2.28008e-011	2.46224e-011	2.517e-011	2.43332e-011	2.39897e-011	2.56412e-011	2.83955e-011	2.96296e-011	2.77515e-011	2.41662e-011	2.22289e-011	2.39868e-011	2.79015e-011	3.00223e-011	2.77494e-011	2.25545e-011	1.87691e-011	1.9401e-011	2.3135e-011	2.56953e-011	2.42668e-011	2.03166e-011	1.77578e-011	1.85029e-011	2.044e-011	2.01631e-011	1.72403e-011	1.48453e-011	1.57864e-011	1.86284e-011	1.88841e-011	1.43576e-011	8.41389e-012	6.8256e-012	1.12682e-011	1.69179e-011	1.73816e-011	1.17713e-011	5.89858e-012	5.98947e-012	1.18841e-011	1.74081e-011	1.74315e-011	1.34502e-011	1.13411e-011	1.41529e-011	1.85747e-011	1.92165e-011	1.54176e-011	1.22278e-011	1.42334e-011	1.96432e-011	2.19658e-011	1.76141e-011	1.05185e-011	8.081e-012	1.29024e-011	1.97937e-011	2.15753e-011	1.70421e-011	1.20397e-011	1.26383e-011	1.84277e-011	2.35154e-011	2.36478e-011	2.08952e-011	2.05895e-011	2.45425e-011	2.88235e-011	2.86771e-011	2.45153e-011	2.16708e-011	2.4117e-011	2.961e-011	3.20736e-011	2.85367e-011	2.2597e-011	2.04399e-011	2.40365e-011	2.92486e-011	3.07525e-011	2.79098e-011	2.49507e-011	2.56755e-011	2.9121e-011	3.11273e-011	2.95823e-011	2.6905e-011	2.68728e-011	2.97691e-011	3.18022e-011	2.9581e-011	2.43397e-011	2.08251e-011	2.20096e-011	2.57172e-011	2.70682e-011	2.39383e-011	1.91975e-011	1.7287e-011	1.92121e-011	2.17036e-011	2.12917e-011	1.83153e-011	1.61533e-011	1.67863e-011	1.81942e-011	1.68329e-011	1.22108e-011	7.90484e-012	7.52988e-012	1.03239e-011	1.17358e-011	8.61579e-012	3.05055e-012	2.41185e-013	2.71321e-012	7.52515e-012	9.73598e-012
2.71528e-011	3.04503e-011	3.42389e-011	3.44728e-011	3.06589e-011	2.69222e-011	2.75512e-011	3.20084e-011	3.53478e-011	3.37573e-011	2.88508e-011	2.57188e-011	2.70718e-011	3.03662e-011	3.1152e-011	2.8453e-011	2.57029e-011	2.62681e-011	2.91593e-011	3.02266e-011	2.73858e-011	2.34588e-011	2.30266e-011	2.69124e-011	3.08646e-011	3.0161e-011	2.49359e-011	2.015e-011	2.02414e-011	2.44604e-011	2.79402e-011	2.70377e-011	2.29434e-011	1.9891e-011	2.04262e-011	2.30893e-011	2.46648e-011	2.3961e-011	2.27807e-011	2.33501e-011	2.54998e-011	2.68824e-011	2.58338e-011	2.35048e-011	2.27961e-011	2.52004e-011	2.89506e-011	3.05319e-011	2.81477e-011	2.3681e-011	2.10953e-011	2.26967e-011	2.68571e-011	2.95039e-011	2.80334e-011	2.38205e-011	2.07729e-011	2.13564e-011	2.41926e-011	2.57549e-011	2.42922e-011	2.16095e-011	2.06883e-011	2.192e-011	2.24962e-011	1.99031e-011	1.54423e-011	1.32643e-011	1.55411e-011	1.93286e-011	1.92817e-011	1.37e-011	7.04248e-012	5.54667e-012	1.04364e-011	1.63612e-011	1.71095e-011	1.2353e-011	7.82129e-012	8.71854e-012	1.39481e-011	1.77388e-011	1.65909e-011	1.32465e-011	1.30148e-011	1.69833e-011	2.04473e-011	1.86289e-011	1.28492e-011	9.50606e-012	1.26943e-011	1.90852e-011	2.13487e-011	1.64563e-011	9.32087e-012	7.4575e-012	1.27004e-011	1.94008e-011	2.10028e-011	1.72862e-011	1.4047e-011	1.59777e-011	2.13181e-011	2.44047e-011	2.27228e-011	1.98559e-011	2.08797e-011	2.59058e-011	2.96707e-011	2.77624e-011	2.20834e-011	1.89764e-011	2.20778e-011	2.81713e-011	3.08243e-011	2.75832e-011	2.25109e-011	2.13839e-011	2.52815e-011	2.98453e-011	3.06559e-011	2.81794e-011	2.66382e-011	2.855e-011	3.16633e-011	3.18746e-011	2.84326e-011	2.50497e-011	2.55269e-011	2.91031e-011	3.11202e-011	2.83387e-011	2.27537e-011	1.94714e-011	2.10774e-011	2.49233e-011	2.63085e-011	2.37476e-011	2.02805e-011	1.95621e-011	2.15382e-011	2.27797e-011	2.0866e-011	1.73881e-011	1.59043e-011	1.73517e-011	1.85862e-011	1.60308e-011	1.01956e-011	5.56206e-012	5.67785e-012	9.06299e-012	1.07958e-011	8.09649e-012	3.48973e-012	1.86098e-012	4.83894e-012	9.07155e-012	1.03531e-011
2.62681e-011	3.02542e-011	3.44471e-011	3.45518e-011	3.04872e-011	2.6747e-011	2.74133e-011	3.15363e-011	3.43136e-011	3.26899e-011	2.87611e-011	2.70309e-011	2.89529e-011	3.1373e-011	3.06596e-011	2.73502e-011	2.55408e-011	2.77119e-011	3.13518e-011	3.16738e-011	2.73592e-011	2.24647e-011	2.20323e-011	2.63505e-011	3.04843e-011	2.96578e-011	2.44076e-011	1.98122e-011	1.98906e-011	2.354e-011	2.62758e-011	2.53656e-011	2.24486e-011	2.10752e-011	2.24727e-011	2.44766e-011	2.45085e-011	2.27928e-011	2.20208e-011	2.40014e-011	2.72944e-011	2.85925e-011	2.6342e-011	2.26211e-011	2.11994e-011	2.37525e-011	2.80982e-011	3.02392e-011	2.81969e-011	2.38973e-011	2.13084e-011	2.2666e-011	2.64463e-011	2.90161e-011	2.82545e-011	2.54828e-011	2.37799e-011	2.45532e-011	2.61202e-011	2.58688e-011	2.35114e-011	2.1547e-011	2.21722e-011	2.41964e-011	2.39114e-011	1.94159e-011	1.34905e-011	1.1207e-011	1.43707e-011	1.9015e-011	1.92717e-011	1.37702e-011	7.42923e-012	6.31719e-012	1.10973e-011	1.6404e-011	1.68974e-011	1.31027e-011	1.03778e-011	1.23579e-011	1.66848e-011	1.80768e-011	1.49777e-011	1.16466e-011	1.29704e-011	1.81632e-011	2.11513e-011	1.76052e-011	1.04441e-011	7.0537e-012	1.10616e-011	1.80896e-011	2.05319e-011	1.60185e-011	9.92374e-012	9.15232e-012	1.44594e-011	2.00625e-011	2.0652e-011	1.73742e-011	1.58959e-011	1.92131e-011	2.39962e-011	2.47987e-011	2.09107e-011	1.74761e-011	1.9417e-011	2.53888e-011	2.9048e-011	2.62993e-011	2.01119e-011	1.72947e-011	2.09459e-011	2.72115e-011	2.987e-011	2.72635e-011	2.36703e-011	2.3935e-011	2.7916e-011	3.11289e-011	3.04103e-011	2.76253e-011	2.70892e-011	3.00324e-011	3.29093e-011	3.1625e-011	2.66156e-011	2.26602e-011	2.3529e-011	2.76659e-011	2.99242e-011	2.73525e-011	2.24027e-011	2.00038e-011	2.20211e-011	2.54606e-011	2.62326e-011	2.38397e-011	2.15199e-011	2.19434e-011	2.38223e-011	2.3546e-011	1.98008e-011	1.5471e-011	1.43508e-011	1.6496e-011	1.78555e-011	1.48693e-011	8.77072e-012	4.47724e-012	5.18533e-012	8.85136e-012	1.06307e-011	8.4308e-012	5.11322e-012	4.85247e-012	8.07726e-012	1.10635e-011	1.06219e-011
2.52857e-011	2.94254e-011	3.36353e-011	3.37372e-011	3.00457e-011	2.70042e-011	2.8018e-011	3.15977e-011	3.33707e-011	3.14443e-011	2.85781e-011	2.85679e-011	3.13653e-011	3.30351e-011	3.07056e-011	2.64298e-011	2.50379e-011	2.83283e-011	3.25545e-011	3.24416e-011	2.72378e-011	2.17707e-011	2.11919e-011	2.5361e-011	2.91776e-011	2.8307e-011	2.3729e-011	2.01923e-011	2.07418e-011	2.36894e-011	2.51432e-011	2.36973e-011	2.17387e-011	2.21675e-011	2.47221e-011	2.62969e-011	2.47498e-011	2.16286e-011	2.06014e-011	2.33514e-011	2.75372e-011	2.90881e-011	2.63904e-011	2.19763e-011	2.00384e-011	2.23701e-011	2.67661e-011	2.9302e-011	2.80963e-011	2.4887e-011	2.30712e-011	2.43233e-011	2.71695e-011	2.88024e-011	2.80986e-011	2.66059e-011	2.64819e-011	2.77503e-011	2.81171e-011	2.57622e-011	2.19452e-011	2.00929e-011	2.19239e-011	2.49212e-011	2.45086e-011	1.9091e-011	1.24053e-011	1.00632e-011	1.36037e-011	1.85976e-011	1.92322e-011	1.45569e-011	9.44299e-012	9.10039e-012	1.3328e-011	1.70381e-011	1.63525e-011	1.30535e-011	1.21238e-011	1.53739e-011	1.89489e-011	1.79454e-011	1.27055e-011	9.01018e-012	1.14821e-011	1.78058e-011	2.08491e-011	1.6662e-011	9.22518e-012	6.27583e-012	1.07844e-011	1.77695e-011	2.00438e-011	1.62164e-011	1.18114e-011	1.25027e-011	1.75939e-011	2.12976e-011	1.99652e-011	1.64373e-011	1.63444e-011	2.09623e-011	2.53724e-011	2.42723e-011	1.85358e-011	1.46009e-011	1.72058e-011	2.38935e-011	2.77111e-011	2.50162e-011	1.94377e-011	1.75958e-011	2.16949e-011	2.74618e-011	2.94382e-011	2.71516e-011	2.50593e-011	2.67668e-011	3.06721e-011	3.21512e-011	2.94102e-011	2.58134e-011	2.58613e-011	2.96664e-011	3.25854e-011	3.05475e-011	2.48726e-011	2.0949e-011	2.22781e-011	2.67146e-011	2.90893e-011	2.70313e-011	2.32973e-011	2.219e-011	2.45129e-011	2.6952e-011	2.63296e-011	2.34326e-011	2.18216e-011	2.31875e-011	2.50048e-011	2.34564e-011	1.82027e-011	1.32056e-011	1.23966e-011	1.51324e-011	1.68101e-011	1.40711e-011	8.6392e-012	5.35242e-012	6.67902e-012	1.00806e-011	1.12046e-011	9.0208e-012	6.78448e-012	7.76617e-012	1.10214e-011	1.24513e-011	9.96452e-012
2.45609e-011	2.85037e-011	3.2299e-011	3.23223e-011	2.94179e-011	2.77045e-011	2.94897e-011	3.25276e-011	3.29728e-011	3.03403e-011	2.82384e-011	2.98262e-011	3.35676e-011	3.47093e-011	3.09863e-011	2.57196e-011	2.43307e-011	2.81132e-011	3.2537e-011	3.22056e-011	2.68568e-011	2.15787e-011	2.11049e-011	2.47709e-011	2.77096e-011	2.65523e-011	2.29357e-011	2.10556e-011	2.2562e-011	2.48918e-011	2.47278e-011	2.21694e-011	2.05884e-011	2.24492e-011	2.61392e-011	2.75916e-011	2.4868e-011	2.04916e-011	1.89001e-011	2.18033e-011	2.64233e-011	2.83677e-011	2.60094e-011	2.19077e-011	2.00804e-011	2.21185e-011	2.59811e-011	2.83453e-011	2.78788e-011	2.61785e-011	2.57129e-011	2.71269e-011	2.87509e-011	2.87121e-011	2.72303e-011	2.64338e-011	2.77503e-011	2.97975e-011	2.94651e-011	2.54198e-011	2.02018e-011	1.81212e-011	2.0696e-011	2.45575e-011	2.45827e-011	1.93336e-011	1.2908e-011	1.08424e-011	1.42692e-011	1.87538e-011	1.92105e-011	1.54413e-011	1.20329e-011	1.27969e-011	1.62968e-011	1.77614e-011	1.50889e-011	1.16299e-011	1.21647e-011	1.67516e-011	2.00343e-011	1.73245e-011	1.05095e-011	6.55179e-012	9.81425e-012	1.69067e-011	2.02054e-011	1.62861e-011	9.70708e-012	7.81226e-012	1.25384e-011	1.85889e-011	1.98466e-011	1.63441e-011	1.36975e-011	1.59848e-011	2.07742e-011	2.22461e-011	1.8524e-011	1.42384e-011	1.50886e-011	2.08413e-011	2.52276e-011	2.30896e-011	1.64965e-011	1.26329e-011	1.58151e-011	2.27873e-011	2.65844e-011	2.43458e-011	2.01168e-011	1.97464e-011	2.4142e-011	2.8688e-011	2.90912e-011	2.64207e-011	2.54198e-011	2.84e-011	3.2244e-011	3.21467e-011	2.7563e-011	2.31746e-011	2.36183e-011	2.81204e-011	3.13156e-011	2.93148e-011	2.4034e-011	2.0912e-011	2.2804e-011	2.70787e-011	2.89974e-011	2.71549e-011	2.46413e-011	2.48818e-011	2.73785e-011	2.84584e-011	2.5963e-011	2.20738e-011	2.07606e-011	2.28726e-011	2.48269e-011	2.26515e-011	1.6746e-011	1.17259e-011	1.13781e-011	1.44835e-011	1.63106e-011	1.40269e-011	9.75946e-012	7.85151e-012	9.68354e-012	1.22151e-011	1.18766e-011	9.00399e-012	7.3704e-012	9.33956e-012	1.26017e-011	1.26997e-011	8.54198e-012
2.44952e-011	2.81335e-011	3.1123e-011	3.07828e-011	2.87126e-011	2.86255e-011	3.14906e-011	3.41209e-011	3.31426e-011	2.94935e-011	2.769e-011	3.04124e-011	3.48905e-011	3.57259e-011	3.11339e-011	2.52882e-011	2.38258e-011	2.75675e-011	3.16652e-011	3.11116e-011	2.62321e-011	2.19714e-011	2.20934e-011	2.51592e-011	2.67282e-011	2.48013e-011	2.19511e-011	2.18382e-011	2.45612e-011	2.64911e-011	2.47229e-011	2.07537e-011	1.89661e-011	2.16237e-011	2.61345e-011	2.77205e-011	2.45277e-011	1.95901e-011	1.76411e-011	2.03266e-011	2.48183e-011	2.69604e-011	2.53918e-011	2.24747e-011	2.15038e-011	2.34091e-011	2.62596e-011	2.76751e-011	2.73303e-011	2.69492e-011	2.80242e-011	2.99014e-011	3.04183e-011	2.84726e-011	2.56645e-011	2.49303e-011	2.73011e-011	3.02677e-011	2.99352e-011	2.51454e-011	1.92076e-011	1.69504e-011	1.97849e-011	2.40153e-011	2.4527e-011	2.01501e-011	1.48884e-011	1.3539e-011	1.64915e-011	1.95384e-011	1.88871e-011	1.55288e-011	1.38103e-011	1.58969e-011	1.88455e-011	1.80588e-011	1.31742e-011	9.14747e-012	1.07247e-011	1.65351e-011	2.00139e-011	1.66392e-011	9.34621e-012	5.65103e-012	9.4278e-012	1.66151e-011	1.9799e-011	1.64569e-011	1.14519e-011	1.10883e-011	1.58269e-011	2.01452e-011	1.94405e-011	1.55561e-011	1.43137e-011	1.8134e-011	2.27836e-011	2.23387e-011	1.65155e-011	1.14994e-011	1.30164e-011	1.96409e-011	2.4229e-011	2.19455e-011	1.56759e-011	1.26685e-011	1.63995e-011	2.30055e-011	2.60981e-011	2.40486e-011	2.12918e-011	2.25386e-011	2.7086e-011	2.99475e-011	2.81618e-011	2.45012e-011	2.41005e-011	2.81142e-011	3.20806e-011	3.10446e-011	2.54457e-011	2.08437e-011	2.17575e-011	2.67136e-011	3.01024e-011	2.85397e-011	2.43894e-011	2.26461e-011	2.5111e-011	2.86643e-011	2.9332e-011	2.70266e-011	2.53125e-011	2.67005e-011	2.93329e-011	2.91435e-011	2.49107e-011	2.00626e-011	1.89087e-011	2.16204e-011	2.38862e-011	2.17669e-011	1.61951e-011	1.19335e-011	1.22198e-011	1.52866e-011	1.66762e-011	1.44799e-011	1.13022e-011	1.07688e-011	1.2936e-011	1.42207e-011	1.19495e-011	7.93141e-012	6.51488e-012	9.26359e-012	1.26917e-011	1.2089e-011	7.17422e-012
2.52531e-011	2.86661e-011	3.0577e-011	2.94862e-011	2.79553e-011	2.93703e-011	3.33599e-011	3.57588e-011	3.35495e-011	2.88859e-011	2.70382e-011	3.03174e-011	3.51108e-011	3.57547e-011	3.09428e-011	2.52559e-011	2.40153e-011	2.74161e-011	3.06413e-011	2.95945e-011	2.54303e-011	2.27509e-011	2.39404e-011	2.65055e-011	2.64251e-011	2.32378e-011	2.06466e-011	2.1946e-011	2.58185e-011	2.76008e-011	2.46257e-011	1.94489e-011	1.72074e-011	2.00592e-011	2.4884e-011	2.66651e-011	2.37196e-011	1.91828e-011	1.74863e-011	1.98902e-011	2.36996e-011	2.55034e-011	2.46287e-011	2.32789e-011	2.37018e-011	2.57499e-011	2.73731e-011	2.71995e-011	2.6192e-011	2.65299e-011	2.89537e-011	3.15393e-011	3.14456e-011	2.80146e-011	2.39353e-011	2.29044e-011	2.58454e-011	2.95959e-011	2.97875e-011	2.52934e-011	1.96291e-011	1.75552e-011	2.02217e-011	2.40121e-011	2.44536e-011	2.09955e-011	1.73651e-011	1.71111e-011	1.94819e-011	2.04831e-011	1.79072e-011	1.42725e-011	1.38944e-011	1.73667e-011	2.02098e-011	1.78252e-011	1.1258e-011	6.7538e-012	9.02133e-012	1.56815e-011	1.95162e-011	1.63504e-011	9.73063e-012	6.98408e-012	1.10667e-011	1.74818e-011	1.96842e-011	1.65541e-011	1.32418e-011	1.46203e-011	1.93281e-011	2.15587e-011	1.83652e-011	1.35482e-011	1.32524e-011	1.84219e-011	2.32353e-011	2.16834e-011	1.47272e-011	9.57032e-012	1.16926e-011	1.8757e-011	2.33601e-011	2.13723e-011	1.6277e-011	1.47593e-011	1.89755e-011	2.44967e-011	2.59553e-011	2.33759e-011	2.17069e-011	2.44175e-011	2.90823e-011	3.02977e-011	2.63628e-011	2.16213e-011	2.15572e-011	2.63774e-011	3.06461e-011	2.94428e-011	2.39289e-011	1.99693e-011	2.15426e-011	2.65506e-011	2.96133e-011	2.82803e-011	2.53999e-011	2.52181e-011	2.81704e-011	3.05835e-011	2.93981e-011	2.60229e-011	2.46138e-011	2.68805e-011	2.97462e-011	2.88022e-011	2.35716e-011	1.83499e-011	1.75134e-011	2.06552e-011	2.31407e-011	2.13966e-011	1.68149e-011	1.38723e-011	1.48437e-011	1.73589e-011	1.75292e-011	1.47197e-011	1.21694e-011	1.27612e-011	1.51761e-011	1.52786e-011	1.12374e-011	6.18209e-012	4.91873e-012	8.32298e-012	1.20609e-011	1.14109e-011	6.74492e-012
2.65842e-011	2.99305e-011	3.06794e-011	2.85437e-011	2.71193e-011	2.95966e-011	3.44731e-011	3.67764e-011	3.37792e-011	2.85045e-011	2.66015e-011	2.99729e-011	3.4556e-011	3.49274e-011	3.04183e-011	2.56749e-011	2.51622e-011	2.81682e-011	3.00701e-011	2.80764e-011	2.44481e-011	2.34544e-011	2.59438e-011	2.82066e-011	2.65186e-011	2.18562e-011	1.90324e-011	2.11444e-011	2.58079e-011	2.76164e-011	2.40854e-011	1.83924e-011	1.59309e-011	1.86218e-011	2.3183e-011	2.49249e-011	2.26279e-011	1.93141e-011	1.85815e-011	2.08718e-011	2.35795e-011	2.43501e-011	2.36016e-011	2.36169e-011	2.55769e-011	2.80476e-011	2.85946e-011	2.66633e-011	2.44865e-011	2.48967e-011	2.82333e-011	3.16151e-011	3.15687e-011	2.7565e-011	2.287e-011	2.15883e-011	2.46309e-011	2.86833e-011	2.94284e-011	2.58876e-011	2.13722e-011	1.99523e-011	2.21691e-011	2.46617e-011	2.41196e-011	2.10588e-011	1.9023e-011	2.0095e-011	2.20917e-011	2.10514e-011	1.63047e-011	1.19565e-011	1.24788e-011	1.72065e-011	2.03956e-011	1.74047e-011	1.02252e-011	5.78792e-012	8.51045e-012	1.53612e-011	1.91562e-011	1.64853e-011	1.12855e-011	1.00473e-011	1.43094e-011	1.91762e-011	1.94229e-011	1.57735e-011	1.38135e-011	1.69009e-011	2.17375e-011	2.21461e-011	1.66909e-011	1.09329e-011	1.12946e-011	1.75277e-011	2.26904e-011	2.09031e-011	1.40328e-011	9.60743e-012	1.23858e-011	1.92683e-011	2.32039e-011	2.12816e-011	1.75826e-011	1.78149e-011	2.24233e-011	2.63548e-011	2.54712e-011	2.16772e-011	2.056e-011	2.44501e-011	2.9336e-011	2.94385e-011	2.40959e-011	1.88092e-011	1.91422e-011	2.45168e-011	2.90094e-011	2.80951e-011	2.35264e-011	2.09404e-011	2.32973e-011	2.78359e-011	2.97696e-011	2.7992e-011	2.5997e-011	2.72032e-011	3.05589e-011	3.17861e-011	2.87041e-011	2.41363e-011	2.27912e-011	2.57263e-011	2.89508e-011	2.79061e-011	2.26818e-011	1.79482e-011	1.772e-011	2.10034e-011	2.32328e-011	2.16206e-011	1.81087e-011	1.66358e-011	1.82118e-011	1.97789e-011	1.81519e-011	1.41451e-011	1.17402e-011	1.31715e-011	1.58861e-011	1.52826e-011	1.02264e-011	4.79332e-012	3.92199e-012	7.83787e-012	1.17542e-011	1.1317e-011	7.52449e-012
2.79036e-011	3.13236e-011	3.10571e-011	2.787e-011	2.6256e-011	2.9271e-011	3.46012e-011	3.68317e-011	3.3589e-011	2.84014e-011	2.67844e-011	3.00211e-011	3.38776e-011	3.36758e-011	2.96621e-011	2.63898e-011	2.70689e-011	2.97948e-011	3.01318e-011	2.67626e-011	2.32284e-011	2.35934e-011	2.72856e-011	2.94412e-011	2.6521e-011	2.06314e-011	1.7405e-011	1.97706e-011	2.46902e-011	2.65088e-011	2.30625e-011	1.77736e-011	1.56945e-011	1.81728e-011	2.19389e-011	2.31283e-011	2.13872e-011	1.96505e-011	2.03778e-011	2.28224e-011	2.42692e-011	2.34633e-011	2.21313e-011	2.29173e-011	2.61728e-011	2.92598e-011	2.92131e-011	2.59612e-011	2.26818e-011	2.27939e-011	2.65306e-011	3.05375e-011	3.10181e-011	2.74287e-011	2.30716e-011	2.19035e-011	2.46715e-011	2.82741e-011	2.90316e-011	2.64599e-011	2.3531e-011	2.31635e-011	2.48887e-011	2.55369e-011	2.32103e-011	1.9835e-011	1.90167e-011	2.14664e-011	2.3526e-011	2.10724e-011	1.4651e-011	9.66249e-012	1.07363e-011	1.63414e-011	2.00009e-011	1.72298e-011	1.05779e-011	6.94086e-012	9.98122e-012	1.6193e-011	1.90686e-011	1.65064e-011	1.28666e-011	1.34109e-011	1.78607e-011	2.08198e-011	1.85375e-011	1.37755e-011	1.26963e-011	1.73002e-011	2.25334e-011	2.18736e-011	1.50893e-011	8.98739e-012	9.97038e-012	1.68387e-011	2.21464e-011	2.05761e-011	1.47243e-011	1.17929e-011	1.5266e-011	2.12759e-011	2.35925e-011	2.10117e-011	1.8367e-011	2.02456e-011	2.52044e-011	2.75016e-011	2.42008e-011	1.90084e-011	1.81184e-011	2.29064e-011	2.81309e-011	2.78486e-011	2.22097e-011	1.72964e-011	1.82853e-011	2.38533e-011	2.80794e-011	2.73137e-011	2.39556e-011	2.30626e-011	2.61869e-011	2.98024e-011	2.99021e-011	2.69708e-011	2.52984e-011	2.75628e-011	3.1323e-011	3.17408e-011	2.7364e-011	2.20993e-011	2.09467e-011	2.43914e-011	2.79201e-011	2.71707e-011	2.27439e-011	1.92356e-011	1.98329e-011	2.28531e-011	2.40949e-011	2.19495e-011	1.90978e-011	1.88908e-011	2.09618e-011	2.15204e-011	1.80642e-011	1.27824e-011	1.0335e-011	1.24117e-011	1.55129e-011	1.47999e-011	9.7123e-012	4.79594e-012	4.6521e-012	8.79218e-012	1.2357e-011	1.18147e-011	8.91272e-012
2.86089e-011	3.21639e-011	3.123e-011	2.73553e-011	2.55878e-011	2.8755e-011	3.40363e-011	3.60492e-011	3.29869e-011	2.86205e-011	2.78175e-011	3.09231e-011	3.3646e-011	3.24322e-011	2.87339e-011	2.70289e-011	2.91124e-011	3.17329e-011	3.05513e-011	2.5649e-011	2.18038e-011	2.29825e-011	2.7497e-011	2.96412e-011	2.6073e-011	1.96405e-011	1.62875e-011	1.85905e-011	2.31875e-011	2.47425e-011	2.17288e-011	1.76197e-011	1.66049e-011	1.90406e-011	2.16368e-011	2.16518e-011	1.99578e-011	1.96012e-011	2.18909e-011	2.47355e-011	2.50942e-011	2.2614e-011	2.02573e-011	2.11785e-011	2.52496e-011	2.89784e-011	2.89467e-011	2.52553e-011	2.15066e-011	2.13556e-011	2.50283e-011	2.91856e-011	3.02071e-011	2.76437e-011	2.44561e-011	2.38786e-011	2.6157e-011	2.85347e-011	2.84315e-011	2.62912e-011	2.48799e-011	2.57918e-011	2.72619e-011	2.60967e-011	2.17368e-011	1.7586e-011	1.75226e-011	2.12013e-011	2.37441e-011	2.08206e-011	1.3757e-011	8.67593e-012	1.01027e-011	1.59519e-011	1.96699e-011	1.73685e-011	1.19897e-011	9.76974e-012	1.30791e-011	1.79148e-011	1.88813e-011	1.56661e-011	1.32454e-011	1.5564e-011	2.03691e-011	2.16504e-011	1.70084e-011	1.1086e-011	1.05851e-011	1.6403e-011	2.21768e-011	2.12793e-011	1.43912e-011	8.88178e-012	1.06119e-011	1.75273e-011	2.22941e-011	2.07285e-011	1.61992e-011	1.51404e-011	1.92949e-011	2.39212e-011	2.38481e-011	1.98691e-011	1.77242e-011	2.09521e-011	2.63143e-011	2.74225e-011	2.23639e-011	1.62664e-011	1.56512e-011	2.10701e-011	2.6539e-011	2.63518e-011	2.13716e-011	1.77026e-011	1.95871e-011	2.48716e-011	2.8024e-011	2.67409e-011	2.42596e-011	2.49384e-011	2.87309e-011	3.12668e-011	2.93234e-011	2.49623e-011	2.3263e-011	2.62959e-011	3.05106e-011	3.07082e-011	2.60193e-011	2.09589e-011	2.03711e-011	2.41252e-011	2.757e-011	2.69853e-011	2.35927e-011	2.16332e-011	2.30967e-011	2.54758e-011	2.50819e-011	2.17237e-011	1.8978e-011	1.96934e-011	2.22188e-011	2.20936e-011	1.73895e-011	1.13637e-011	9.06698e-012	1.16642e-011	1.50663e-011	1.45683e-011	1.01823e-011	6.49945e-012	7.29288e-012	1.12224e-011	1.36483e-011	1.22782e-011	9.80982e-012
2.84407e-011	3.20784e-011	3.09071e-011	2.69853e-011	2.5446e-011	2.8629e-011	3.33992e-011	3.4873e-011	3.21242e-011	2.90666e-011	2.95424e-011	3.26541e-011	3.40287e-011	3.14086e-011	2.76266e-011	2.71887e-011	3.05602e-011	3.32122e-011	3.08437e-011	2.46771e-011	2.04273e-011	2.19263e-011	2.67246e-011	2.87712e-011	2.51136e-011	1.90167e-011	1.61436e-011	1.83583e-011	2.21253e-011	2.29181e-011	2.02456e-011	1.76498e-011	1.81607e-011	2.0805e-011	2.211e-011	2.0497e-011	1.82301e-011	1.86911e-011	2.22657e-011	2.56466e-011	2.53748e-011	2.16765e-011	1.83919e-011	1.9083e-011	2.34305e-011	2.75866e-011	2.80001e-011	2.4803e-011	2.14938e-011	2.14326e-011	2.47002e-011	2.83122e-011	2.93614e-011	2.78172e-011	2.61958e-011	2.66031e-011	2.84034e-011	2.90841e-011	2.73604e-011	2.493e-011	2.46255e-011	2.68458e-011	2.84881e-011	2.61226e-011	2.01987e-011	1.5325e-011	1.56656e-011	2.01951e-011	2.33188e-011	2.07012e-011	1.41025e-011	9.68501e-012	1.13927e-011	1.6709e-011	1.96084e-011	1.73641e-011	1.3396e-011	1.29108e-011	1.65523e-011	1.96686e-011	1.81209e-011	1.36175e-011	1.19253e-011	1.58193e-011	2.12196e-011	2.15208e-011	1.54018e-011	8.90586e-012	8.96534e-012	1.55731e-011	2.16569e-011	2.09562e-011	1.4939e-011	1.08868e-011	1.35045e-011	1.98176e-011	2.30785e-011	2.07862e-011	1.72799e-011	1.80572e-011	2.28771e-011	2.60277e-011	2.34008e-011	1.77661e-011	1.57564e-011	2.00175e-011	2.58478e-011	2.64436e-011	2.07319e-011	1.46971e-011	1.46803e-011	2.04064e-011	2.56462e-011	2.54624e-011	2.15211e-011	1.95606e-011	2.24187e-011	2.69606e-011	2.82562e-011	2.56654e-011	2.34508e-011	2.53331e-011	2.97143e-011	3.14124e-011	2.78794e-011	2.24735e-011	2.08179e-011	2.44356e-011	2.90451e-011	2.9451e-011	2.53371e-011	2.13681e-011	2.17149e-011	2.5479e-011	2.81647e-011	2.71296e-011	2.44377e-011	2.39023e-011	2.61386e-011	2.77267e-011	2.54952e-011	2.06684e-011	1.77109e-011	1.90705e-011	2.20623e-011	2.17689e-011	1.67445e-011	1.0881e-011	9.15582e-012	1.21072e-011	1.53998e-011	1.49195e-011	1.14014e-011	9.22286e-012	1.09499e-011	1.42446e-011	1.48468e-011	1.19594e-011	9.37848e-012
2.76475e-011	3.11811e-011	3.0105e-011	2.68138e-011	2.60592e-011	2.93398e-011	3.32518e-011	3.37594e-011	3.11286e-011	2.94615e-011	3.1416e-011	3.4688e-011	3.47447e-011	3.05814e-011	2.6372e-011	2.67128e-011	3.09861e-011	3.36925e-011	3.06398e-011	2.38703e-011	1.95367e-011	2.11005e-011	2.5622e-011	2.72616e-011	2.38052e-011	1.87743e-011	1.70436e-011	1.93458e-011	2.19421e-011	2.141e-011	1.8628e-011	1.73687e-011	1.94797e-011	2.25398e-011	2.27316e-011	1.94584e-011	1.62609e-011	1.6944e-011	2.1297e-011	2.51759e-011	2.48262e-011	2.07614e-011	1.71701e-011	1.76596e-011	2.18178e-011	2.59265e-011	2.67841e-011	2.46503e-011	2.25613e-011	2.30519e-011	2.57471e-011	2.8123e-011	2.83874e-011	2.73256e-011	2.71644e-011	2.87619e-011	3.03402e-011	2.93928e-011	2.58176e-011	2.26223e-011	2.29356e-011	2.62913e-011	2.84968e-011	2.583e-011	1.93312e-011	1.42706e-011	1.48444e-011	1.96249e-011	2.29154e-011	2.08167e-011	1.54046e-011	1.22984e-011	1.43105e-011	1.84148e-011	1.9512e-011	1.65366e-011	1.36251e-011	1.48829e-011	1.90397e-011	2.06466e-011	1.67045e-011	1.08224e-011	9.53919e-012	1.46928e-011	2.07932e-011	2.08899e-011	1.44942e-011	8.39393e-012	9.20111e-012	1.60448e-011	2.17437e-011	2.102e-011	1.62266e-011	1.41112e-011	1.7691e-011	2.29085e-011	2.38491e-011	2.00452e-011	1.70005e-011	1.93262e-011	2.48411e-011	2.68919e-011	2.22951e-011	1.54584e-011	1.36253e-011	1.86446e-011	2.48271e-011	2.53917e-011	2.00503e-011	1.50756e-011	1.60178e-011	2.16321e-011	2.58403e-011	2.50084e-011	2.18356e-011	2.15434e-011	2.52993e-011	2.88676e-011	2.79578e-011	2.36463e-011	2.1251e-011	2.39706e-011	2.89054e-011	3.02655e-011	2.60697e-011	2.05234e-011	1.93299e-011	2.33864e-011	2.80563e-011	2.86234e-011	2.54612e-011	2.30803e-011	2.45386e-011	2.79778e-011	2.92129e-011	2.69775e-011	2.43843e-011	2.48939e-011	2.77889e-011	2.8769e-011	2.51014e-011	1.91856e-011	1.61293e-011	1.799e-011	2.13747e-011	2.12725e-011	1.67429e-011	1.19041e-011	1.11409e-011	1.41699e-011	1.66686e-011	1.55523e-011	1.25216e-011	1.16762e-011	1.41941e-011	1.66616e-011	1.52316e-011	1.06162e-011	7.67352e-012
2.68352e-011	2.99451e-011	2.90425e-011	2.68301e-011	2.73383e-011	3.08962e-011	3.37671e-011	3.29285e-011	3.00319e-011	2.94713e-011	3.27761e-011	3.62897e-011	3.52956e-011	2.98433e-011	2.51675e-011	2.58657e-011	3.05191e-011	3.31326e-011	2.98651e-011	2.33207e-011	1.9521e-011	2.11657e-011	2.49357e-011	2.5679e-011	2.23255e-011	1.86775e-011	1.85256e-011	2.11492e-011	2.2474e-011	2.02353e-011	1.68157e-011	1.63839e-011	1.9802e-011	2.33583e-011	2.28589e-011	1.83989e-011	1.44148e-011	1.49843e-011	1.95632e-011	2.36808e-011	2.36302e-011	2.00824e-011	1.70515e-011	1.76743e-011	2.13222e-011	2.47356e-011	2.55592e-011	2.44712e-011	2.3955e-011	2.53678e-011	2.75378e-011	2.82838e-011	2.70679e-011	2.57771e-011	2.66335e-011	2.94153e-011	3.11829e-011	2.9212e-011	2.42378e-011	2.03098e-011	2.08808e-011	2.49911e-011	2.7837e-011	2.55965e-011	1.9583e-011	1.50905e-011	1.58785e-011	2.01967e-011	2.28003e-011	2.07873e-011	1.66807e-011	1.52267e-011	1.76602e-011	2.02453e-011	1.89263e-011	1.45505e-011	1.21824e-011	1.49781e-011	1.98716e-011	2.06182e-011	1.51082e-011	8.40871e-012	7.52593e-012	1.35217e-011	2.00647e-011	2.03519e-011	1.46561e-011	9.88228e-012	1.16665e-011	1.81445e-011	2.2484e-011	2.0987e-011	1.71428e-011	1.69909e-011	2.15593e-011	2.55649e-011	2.39488e-011	1.83109e-011	1.53335e-011	1.8873e-011	2.51061e-011	2.66781e-011	2.11915e-011	1.41533e-011	1.28815e-011	1.83752e-011	2.44473e-011	2.49203e-011	2.04278e-011	1.71247e-011	1.92223e-011	2.42942e-011	2.66402e-011	2.43138e-011	2.12805e-011	2.22837e-011	2.68106e-011	2.95346e-011	2.67321e-011	2.09712e-011	1.83987e-011	2.173e-011	2.71246e-011	2.85684e-011	2.4652e-011	1.99704e-011	1.97413e-011	2.40304e-011	2.81343e-011	2.82956e-011	2.58368e-011	2.50198e-011	2.75436e-011	3.045e-011	2.98862e-011	2.60295e-011	2.30892e-011	2.42756e-011	2.77528e-011	2.85371e-011	2.42723e-011	1.8145e-011	1.54544e-011	1.77373e-011	2.12028e-011	2.12059e-011	1.74875e-011	1.41338e-011	1.4507e-011	1.72883e-011	1.83063e-011	1.5806e-011	1.26624e-011	1.27607e-011	1.59247e-011	1.7719e-011	1.46732e-011	8.78442e-012	5.69137e-012
2.65935e-011	2.88779e-011	2.79333e-011	2.68644e-011	2.88354e-011	3.28195e-011	3.46583e-011	3.23247e-011	2.8844e-011	2.89448e-011	3.32174e-011	3.69288e-011	3.52902e-011	2.9161e-011	2.43717e-011	2.5244e-011	2.97547e-011	3.19381e-011	2.86826e-011	2.3045e-011	2.04299e-011	2.23469e-011	2.50541e-011	2.43799e-011	2.07246e-011	1.83084e-011	1.97948e-011	2.29086e-011	2.3128e-011	1.91996e-011	1.48732e-011	1.47392e-011	1.89555e-011	2.29127e-011	2.22137e-011	1.73902e-011	1.32423e-011	1.37349e-011	1.8076e-011	2.19528e-011	2.21838e-011	1.96857e-011	1.79469e-011	1.9137e-011	2.21352e-011	2.42391e-011	2.42901e-011	2.37319e-011	2.46507e-011	2.71555e-011	2.90616e-011	2.82886e-011	2.53989e-011	2.34077e-011	2.47673e-011	2.85285e-011	3.08441e-011	2.87086e-011	2.32797e-011	1.91309e-011	1.98031e-011	2.41014e-011	2.71836e-011	2.55513e-011	2.0706e-011	1.74342e-011	1.85198e-011	2.17687e-011	2.2734e-011	2.00052e-011	1.683e-011	1.70423e-011	2.00998e-011	2.13743e-011	1.77252e-011	1.1819e-011	9.65583e-012	1.36649e-011	1.93701e-011	1.99749e-011	1.40511e-011	7.50765e-012	7.25896e-012	1.358e-011	1.98639e-011	2.00963e-011	1.54666e-011	1.25704e-011	1.54894e-011	2.114e-011	2.32743e-011	2.0174e-011	1.67066e-011	1.82457e-011	2.38246e-011	2.6938e-011	2.32735e-011	1.62089e-011	1.33323e-011	1.7807e-011	2.46174e-011	2.61713e-011	2.08541e-011	1.47152e-011	1.44834e-011	2.01012e-011	2.52739e-011	2.50187e-011	2.1173e-011	1.96041e-011	2.28443e-011	2.71124e-011	2.7144e-011	2.28007e-011	1.93866e-011	2.12655e-011	2.64567e-011	2.87434e-011	2.49015e-011	1.85766e-011	1.62708e-011	2.01001e-011	2.56459e-011	2.7178e-011	2.40324e-011	2.08754e-011	2.19314e-011	2.61777e-011	2.8999e-011	2.79527e-011	2.55677e-011	2.59236e-011	2.93469e-011	3.17748e-011	2.96335e-011	2.43681e-011	2.10865e-011	2.27546e-011	2.67156e-011	2.76601e-011	2.36575e-011	1.82936e-011	1.65182e-011	1.9099e-011	2.20733e-011	2.16178e-011	1.84357e-011	1.65182e-011	1.7969e-011	2.02915e-011	1.94918e-011	1.5221e-011	1.15666e-011	1.22699e-011	1.59957e-011	1.75073e-011	1.36967e-011	7.47716e-012	4.7791e-012
2.7136e-011	2.82282e-011	2.68534e-011	2.66474e-011	2.99486e-011	3.43967e-011	3.53953e-011	3.17708e-011	2.7686e-011	2.80899e-011	3.28391e-011	3.65519e-011	3.4642e-011	2.85981e-011	2.43217e-011	2.54402e-011	2.93798e-011	3.06509e-011	2.7291e-011	2.28566e-011	2.18458e-011	2.42558e-011	2.58053e-011	2.33769e-011	1.89681e-011	1.73367e-011	2.01715e-011	2.38059e-011	2.32942e-011	1.81553e-011	1.31217e-011	1.30042e-011	1.74752e-011	2.15361e-011	2.09593e-011	1.66092e-011	1.31334e-011	1.38708e-011	1.76656e-011	2.06909e-011	2.07621e-011	1.92975e-011	1.91654e-011	2.12573e-011	2.36684e-011	2.41416e-011	2.28058e-011	2.21007e-011	2.39901e-011	2.75387e-011	2.95668e-011	2.78746e-011	2.37594e-011	2.10864e-011	2.25747e-011	2.69253e-011	2.98475e-011	2.82306e-011	2.33528e-011	1.97154e-011	2.05037e-011	2.43425e-011	2.68494e-011	2.53845e-011	2.17984e-011	2.00901e-011	2.16356e-011	2.35596e-011	2.22898e-011	1.81572e-011	1.5377e-011	1.7042e-011	2.09354e-011	2.15129e-011	1.63075e-011	9.39781e-012	7.4327e-012	1.22495e-011	1.84919e-011	1.93043e-011	1.39159e-011	8.49103e-012	9.1791e-012	1.52787e-011	2.03294e-011	1.97307e-011	1.58958e-011	1.49514e-011	1.90785e-011	2.3779e-011	2.3412e-011	1.83215e-011	1.48055e-011	1.7688e-011	2.42664e-011	2.70471e-011	2.23673e-011	1.48826e-011	1.25386e-011	1.77012e-011	2.46295e-011	2.61127e-011	2.1512e-011	1.70152e-011	1.81485e-011	2.35145e-011	2.69353e-011	2.50692e-011	2.12442e-011	2.1065e-011	2.53142e-011	2.88296e-011	2.674e-011	2.05494e-011	1.66998e-011	1.91923e-011	2.49127e-011	2.71541e-011	2.32388e-011	1.74469e-011	1.60283e-011	2.02357e-011	2.53482e-011	2.64431e-011	2.39065e-011	2.2367e-011	2.47377e-011	2.8707e-011	2.9777e-011	2.6954e-011	2.40792e-011	2.5153e-011	2.93056e-011	3.15465e-011	2.85475e-011	2.26825e-011	1.95249e-011	2.16421e-011	2.58373e-011	2.6939e-011	2.36463e-011	1.96907e-011	1.91944e-011	2.18743e-011	2.37059e-011	2.2024e-011	1.87602e-011	1.78873e-011	2.02376e-011	2.2139e-011	1.9746e-011	1.39603e-011	9.86862e-012	1.10309e-011	1.5221e-011	1.67777e-011	1.30513e-011	7.50177e-012	5.77806e-012
2.81859e-011	2.79088e-011	2.57764e-011	2.601e-011	3.02679e-011	3.50817e-011	3.55425e-011	3.11607e-011	2.68323e-011	2.74277e-011	3.21872e-011	3.5549e-011	3.35275e-011	2.81947e-011	2.5075e-011	2.66598e-011	2.97499e-011	2.96127e-011	2.5768e-011	2.24047e-011	2.30513e-011	2.60877e-011	2.66153e-011	2.24699e-011	1.71132e-011	1.58144e-011	1.95092e-011	2.35226e-011	2.27052e-011	1.71462e-011	1.20404e-011	1.20049e-011	1.62822e-011	1.99624e-011	1.94724e-011	1.60984e-011	1.39865e-011	1.53729e-011	1.84938e-011	2.0116e-011	1.9367e-011	1.84594e-011	1.97774e-011	2.28991e-011	2.49741e-011	2.39662e-011	2.11048e-011	1.98071e-011	2.2137e-011	2.6488e-011	2.89599e-011	2.71702e-011	2.27337e-011	1.98606e-011	2.13215e-011	2.57214e-011	2.88626e-011	2.79238e-011	2.42335e-011	2.17407e-011	2.27689e-011	2.56169e-011	2.66529e-011	2.45593e-011	2.18368e-011	2.16994e-011	2.39246e-011	2.47462e-011	2.13135e-011	1.56162e-011	1.28724e-011	1.56596e-011	2.04449e-011	2.0995e-011	1.53318e-011	8.37431e-012	6.87321e-012	1.20237e-011	1.81074e-011	1.88539e-011	1.43551e-011	1.06417e-011	1.2498e-011	1.79598e-011	2.09182e-011	1.86168e-011	1.49851e-011	1.57321e-011	2.10915e-011	2.51172e-011	2.26817e-011	1.59504e-011	1.24016e-011	1.63442e-011	2.37529e-011	2.66201e-011	2.19805e-011	1.52419e-011	1.4009e-011	1.95779e-011	2.58487e-011	2.66286e-011	2.25965e-011	1.99089e-011	2.24815e-011	2.73397e-011	2.84848e-011	2.44004e-011	2.0027e-011	2.07933e-011	2.58986e-011	2.89876e-011	2.55525e-011	1.83709e-011	1.45485e-011	1.75675e-011	2.35217e-011	2.57506e-011	2.23441e-011	1.78979e-011	1.78382e-011	2.22268e-011	2.61843e-011	2.60067e-011	2.34436e-011	2.31467e-011	2.66447e-011	3.02863e-011	2.96559e-011	2.5098e-011	2.16174e-011	2.31393e-011	2.78661e-011	3.02322e-011	2.72344e-011	2.18147e-011	1.9455e-011	2.20263e-011	2.59851e-011	2.67693e-011	2.40276e-011	2.15765e-011	2.24204e-011	2.50129e-011	2.52783e-011	2.18391e-011	1.79648e-011	1.77032e-011	2.07759e-011	2.25187e-011	1.92351e-011	1.27684e-011	8.76021e-012	1.0389e-011	1.47868e-011	1.63459e-011	1.31175e-011	8.86872e-012	8.46335e-012
2.91691e-011	2.76512e-011	2.47207e-011	2.50773e-011	2.98383e-011	3.4788e-011	3.49874e-011	3.05294e-011	2.65828e-011	2.75091e-011	3.19163e-011	3.44598e-011	3.21834e-011	2.783e-011	2.62762e-011	2.85455e-011	3.06895e-011	2.88236e-011	2.40887e-011	2.14021e-011	2.34288e-011	2.70774e-011	2.68956e-011	2.14949e-011	1.5437e-011	1.42592e-011	1.83026e-011	2.23708e-011	2.1513e-011	1.6325e-011	1.19633e-011	1.23315e-011	1.61206e-011	1.88376e-011	1.8025e-011	1.56213e-011	1.51622e-011	1.74934e-011	2.00002e-011	1.99563e-011	1.7861e-011	1.68924e-011	1.91925e-011	2.32531e-011	2.53433e-011	2.34492e-011	1.952e-011	1.76488e-011	2.00333e-011	2.47818e-011	2.77356e-011	2.64927e-011	2.26855e-011	2.03063e-011	2.17678e-011	2.5627e-011	2.82298e-011	2.75361e-011	2.50944e-011	2.40715e-011	2.55308e-011	2.71911e-011	2.62002e-011	2.27906e-011	2.03752e-011	2.15817e-011	2.46915e-011	2.50017e-011	2.01364e-011	1.33631e-011	1.06428e-011	1.41614e-011	1.95603e-011	2.03923e-011	1.51772e-011	9.13746e-012	8.45968e-012	1.34603e-011	1.84314e-011	1.83157e-011	1.4424e-011	1.25272e-011	1.56731e-011	2.03868e-011	2.0915e-011	1.64641e-011	1.25759e-011	1.46566e-011	2.12119e-011	2.50613e-011	2.15242e-011	1.41359e-011	1.10114e-011	1.5796e-011	2.35712e-011	2.64546e-011	2.24299e-011	1.7277e-011	1.7598e-011	2.32628e-011	2.8015e-011	2.7177e-011	2.30936e-011	2.19148e-011	2.58158e-011	3.01704e-011	2.91339e-011	2.29099e-011	1.78865e-011	1.93125e-011	2.51043e-011	2.81182e-011	2.43038e-011	1.72976e-011	1.42317e-011	1.77447e-011	2.33902e-011	2.51182e-011	2.21443e-011	1.92678e-011	2.0704e-011	2.50514e-011	2.72989e-011	2.51582e-011	2.19098e-011	2.23332e-011	2.67065e-011	3.01886e-011	2.84405e-011	2.2859e-011	1.9204e-011	2.11503e-011	2.62251e-011	2.87569e-011	2.63047e-011	2.21363e-011	2.11212e-011	2.40827e-011	2.72078e-011	2.69117e-011	2.41134e-011	2.28048e-011	2.48119e-011	2.72712e-011	2.60232e-011	2.08847e-011	1.63202e-011	1.6434e-011	2.00746e-011	2.1935e-011	1.85827e-011	1.24762e-011	9.25002e-012	1.13655e-011	1.54798e-011	1.65235e-011	1.35972e-011	1.07188e-011	1.16525e-011
2.95732e-011	2.72469e-011	2.38546e-011	2.42833e-011	2.91527e-011	3.38909e-011	3.39266e-011	2.99566e-011	2.70325e-011	2.85571e-011	3.23822e-011	3.36317e-011	3.07241e-011	2.72229e-011	2.72856e-011	3.03438e-011	3.1634e-011	2.8062e-011	2.22845e-011	1.98921e-011	2.2844e-011	2.69268e-011	2.63871e-011	2.04746e-011	1.43623e-011	1.34166e-011	1.73935e-011	2.10325e-011	2.00772e-011	1.5736e-011	1.27826e-011	1.39363e-011	1.71119e-011	1.83588e-011	1.66345e-011	1.47768e-011	1.58116e-011	1.91751e-011	2.12941e-011	1.97616e-011	1.62454e-011	1.48196e-011	1.75745e-011	2.22987e-011	2.46845e-011	2.26917e-011	1.85678e-011	1.65785e-011	1.88536e-011	2.34758e-011	2.65417e-011	2.59917e-011	2.34041e-011	2.21146e-011	2.37169e-011	2.65735e-011	2.78143e-011	2.65965e-011	2.49916e-011	2.54268e-011	2.75449e-011	2.82615e-011	2.53217e-011	2.04177e-011	1.79305e-011	2.01419e-011	2.41804e-011	2.46102e-011	1.93535e-011	1.24254e-011	1.00102e-011	1.38305e-011	1.91702e-011	1.99916e-011	1.55525e-011	1.10394e-011	1.14782e-011	1.59719e-011	1.89828e-011	1.71053e-011	1.32075e-011	1.28759e-011	1.73477e-011	2.15624e-011	2.00273e-011	1.37134e-011	9.55877e-012	1.26853e-011	2.0243e-011	2.42828e-011	2.06629e-011	1.38071e-011	1.17579e-011	1.71648e-011	2.45422e-011	2.67966e-011	2.3265e-011	1.99492e-011	2.19886e-011	2.75188e-011	3.01771e-011	2.70399e-011	2.22963e-011	2.21742e-011	2.72263e-011	3.13352e-011	2.88117e-011	2.12634e-011	1.60638e-011	1.8089e-011	2.42798e-011	2.72616e-011	2.37149e-011	1.78334e-011	1.61515e-011	2.00601e-011	2.4693e-011	2.5071e-011	2.19108e-011	2.0278e-011	2.30423e-011	2.7231e-011	2.76753e-011	2.3456e-011	1.92891e-011	2.00861e-011	2.51099e-011	2.86739e-011	2.66275e-011	2.10959e-011	1.80289e-011	2.05058e-011	2.5537e-011	2.78323e-011	2.58747e-011	2.32053e-011	2.37366e-011	2.69585e-011	2.87737e-011	2.67506e-011	2.32573e-011	2.25786e-011	2.54897e-011	2.79511e-011	2.57307e-011	1.95882e-011	1.47893e-011	1.52932e-011	1.92854e-011	2.12744e-011	1.83562e-011	1.3394e-011	1.14945e-011	1.40251e-011	1.72327e-011	1.6969e-011	1.37243e-011	1.18482e-011	1.39198e-011
2.92294e-011	2.66819e-011	2.34382e-011	2.41516e-011	2.8857e-011	3.29511e-011	3.26558e-011	2.94106e-011	2.79165e-011	3.02744e-011	3.34277e-011	3.30599e-011	2.91275e-011	2.6115e-011	2.75306e-011	3.13249e-011	3.1999e-011	2.71331e-011	2.05802e-011	1.83385e-011	2.17525e-011	2.59305e-011	2.52388e-011	1.95541e-011	1.41903e-011	1.38142e-011	1.74528e-011	2.01021e-011	1.8662e-011	1.51739e-011	1.39041e-011	1.61053e-011	1.87108e-011	1.82609e-011	1.51806e-011	1.33245e-011	1.5403e-011	1.96723e-011	2.17121e-011	1.92761e-011	1.48171e-011	1.29735e-011	1.57977e-011	2.07652e-011	2.34619e-011	2.19807e-011	1.85645e-011	1.71077e-011	1.92962e-011	2.32457e-011	2.57245e-011	2.54573e-011	2.41261e-011	2.42193e-011	2.61625e-011	2.78744e-011	2.72565e-011	2.48508e-011	2.35136e-011	2.51608e-011	2.81324e-011	2.84827e-011	2.42921e-011	1.83451e-011	1.57581e-011	1.85947e-011	2.32891e-011	2.41181e-011	1.93256e-011	1.31863e-011	1.14714e-011	1.51759e-011	1.95438e-011	1.95541e-011	1.55925e-011	1.27263e-011	1.44483e-011	1.8356e-011	1.90532e-011	1.49218e-011	1.0526e-011	1.13956e-011	1.71451e-011	2.13101e-011	1.8608e-011	1.13712e-011	7.41369e-012	1.13933e-011	1.94868e-011	2.36155e-011	2.0479e-011	1.50509e-011	1.4616e-011	2.04019e-011	2.65199e-011	2.71964e-011	2.35325e-011	2.17933e-011	2.54758e-011	3.08494e-011	3.14215e-011	2.5974e-011	2.04211e-011	2.10527e-011	2.7057e-011	3.12221e-011	2.81513e-011	2.04844e-011	1.59297e-011	1.86063e-011	2.46953e-011	2.71854e-011	2.39059e-011	1.95085e-011	1.94802e-011	2.36133e-011	2.66313e-011	2.488e-011	2.081e-011	1.9865e-011	2.36546e-011	2.7749e-011	2.68371e-011	2.11409e-011	1.64362e-011	1.75723e-011	2.30176e-011	2.67124e-011	2.49716e-011	2.04268e-011	1.86617e-011	2.17387e-011	2.61903e-011	2.75027e-011	2.54597e-011	2.39815e-011	2.59151e-011	2.92987e-011	2.97076e-011	2.58264e-011	2.13994e-011	2.10102e-011	2.45919e-011	2.72528e-011	2.48185e-011	1.87109e-011	1.44546e-011	1.54951e-011	1.94709e-011	2.11761e-011	1.86159e-011	1.50287e-011	1.4648e-011	1.74481e-011	1.92527e-011	1.70327e-011	1.28564e-011	1.15022e-011	1.44599e-011
2.83441e-011	2.60777e-011	2.36235e-011	2.4958e-011	2.93475e-011	3.23562e-011	3.13488e-011	2.8694e-011	2.86825e-011	3.19648e-011	3.44957e-011	3.24897e-011	2.73806e-011	2.45193e-011	2.68681e-011	3.11922e-011	3.15203e-011	2.60354e-011	1.93513e-011	1.74238e-011	2.09358e-011	2.47339e-011	2.38072e-011	1.87955e-011	1.4826e-011	1.53921e-011	1.85686e-011	1.97475e-011	1.72868e-011	1.42798e-011	1.45464e-011	1.78485e-011	2.00725e-011	1.81124e-011	1.36621e-011	1.14791e-011	1.40993e-011	1.89743e-011	2.11712e-011	1.85853e-011	1.40371e-011	1.22171e-011	1.494e-011	1.96353e-011	2.22881e-011	2.14592e-011	1.9302e-011	1.8927e-011	2.11636e-011	2.40326e-011	2.51794e-011	2.44733e-011	2.39819e-011	2.54197e-011	2.79258e-011	2.87593e-011	2.63834e-011	2.2611e-011	2.11465e-011	2.36539e-011	2.75121e-011	2.80972e-011	2.36436e-011	1.75278e-011	1.51194e-011	1.81895e-011	2.29018e-011	2.38317e-011	1.97994e-011	1.50499e-011	1.43719e-011	1.76696e-011	2.02555e-011	1.85482e-011	1.44323e-011	1.29662e-011	1.60272e-011	1.95926e-011	1.82963e-011	1.21395e-011	7.2068e-012	8.98918e-012	1.58114e-011	2.02469e-011	1.73427e-011	1.03632e-011	7.30122e-012	1.19721e-011	1.98538e-011	2.34071e-011	2.06322e-011	1.694e-011	1.83657e-011	2.43384e-011	2.85862e-011	2.69341e-011	2.24866e-011	2.18675e-011	2.7004e-011	3.24196e-011	3.15115e-011	2.45077e-011	1.8613e-011	1.99564e-011	2.66262e-011	3.08792e-011	2.79373e-011	2.1206e-011	1.80681e-011	2.14054e-011	2.67218e-011	2.78689e-011	2.42665e-011	2.11004e-011	2.26172e-011	2.68348e-011	2.80364e-011	2.39077e-011	1.85975e-011	1.79339e-011	2.24645e-011	2.66285e-011	2.51182e-011	1.90176e-011	1.46002e-011	1.62631e-011	2.17989e-011	2.52756e-011	2.38817e-011	2.07199e-011	2.06127e-011	2.42419e-011	2.76132e-011	2.72063e-011	2.43524e-011	2.34941e-011	2.65046e-011	3.00662e-011	2.94411e-011	2.42353e-011	1.92312e-011	1.91146e-011	2.31543e-011	2.60438e-011	2.39537e-011	1.87904e-011	1.58065e-011	1.74964e-011	2.09564e-011	2.1646e-011	1.88677e-011	1.63525e-011	1.73468e-011	2.03067e-011	2.06042e-011	1.6318e-011	1.10268e-011	9.91275e-012	1.35519e-011
2.72901e-011	2.5513e-011	2.42659e-011	2.65022e-011	3.05206e-011	3.21192e-011	2.99933e-011	2.75715e-011	2.87899e-011	3.29157e-011	3.49831e-011	3.1672e-011	2.56363e-011	2.28325e-011	2.57063e-011	3.02185e-011	3.03454e-011	2.4918e-011	1.88905e-011	1.76443e-011	2.10202e-011	2.3899e-011	2.2359e-011	1.80325e-011	1.57276e-011	1.74739e-011	2.02064e-011	1.96984e-011	1.58325e-011	1.28364e-011	1.42234e-011	1.84743e-011	2.05754e-011	1.76682e-011	1.23487e-011	9.91712e-012	1.27125e-011	1.77635e-011	2.01085e-011	1.7953e-011	1.41806e-011	1.29969e-011	1.56267e-011	1.95312e-011	2.14943e-011	2.0942e-011	2.00672e-011	2.10285e-011	2.35019e-011	2.51907e-011	2.4578e-011	2.28153e-011	2.25964e-011	2.51115e-011	2.83589e-011	2.88819e-011	2.54268e-011	2.07083e-011	1.90676e-011	2.20587e-011	2.65394e-011	2.76193e-011	2.37073e-011	1.83245e-011	1.65003e-011	1.94448e-011	2.33193e-011	2.35641e-011	1.99777e-011	1.67376e-011	1.72984e-011	2.01531e-011	2.06137e-011	1.66712e-011	1.18822e-011	1.14484e-011	1.58007e-011	1.94429e-011	1.69867e-011	9.69108e-012	4.67778e-012	7.20548e-012	1.46434e-011	1.92204e-011	1.66517e-011	1.08467e-011	9.29307e-012	1.44821e-011	2.13056e-011	2.33051e-011	2.02506e-011	1.80634e-011	2.13155e-011	2.74447e-011	2.97567e-011	2.5674e-011	2.0239e-011	2.04188e-011	2.67845e-011	3.24866e-011	3.09823e-011	2.36274e-011	1.82728e-011	2.04511e-011	2.73191e-011	3.12113e-011	2.84476e-011	2.31285e-011	2.18152e-011	2.57189e-011	2.96436e-011	2.86043e-011	2.39145e-011	2.14211e-011	2.41668e-011	2.84604e-011	2.81725e-011	2.21602e-011	1.59374e-011	1.55081e-011	2.054e-011	2.48112e-011	2.33351e-011	1.78708e-011	1.46075e-011	1.69996e-011	2.21578e-011	2.46944e-011	2.31072e-011	2.10964e-011	2.25675e-011	2.66317e-011	2.87052e-011	2.62744e-011	2.22174e-011	2.15305e-011	2.52949e-011	2.91302e-011	2.81317e-011	2.25941e-011	1.78234e-011	1.82144e-011	2.24404e-011	2.5235e-011	2.35245e-011	1.96991e-011	1.83686e-011	2.07032e-011	2.31862e-011	2.21535e-011	1.84601e-011	1.64736e-011	1.85319e-011	2.1664e-011	2.08251e-011	1.50357e-011	9.04652e-012	8.21213e-012	1.23413e-011
2.63321e-011	2.48985e-011	2.49214e-011	2.81633e-011	3.18365e-011	3.19493e-011	2.85164e-011	2.6002e-011	2.80583e-011	3.28021e-011	3.45931e-011	3.0561e-011	2.42158e-011	2.16807e-011	2.47809e-011	2.90284e-011	2.88438e-011	2.38827e-011	1.91441e-011	1.8959e-011	2.2085e-011	2.35768e-011	2.09168e-011	1.69427e-011	1.61731e-011	1.91268e-011	2.15561e-011	1.95303e-011	1.42867e-011	1.10441e-011	1.30933e-011	1.79806e-011	2.01493e-011	1.70107e-011	1.16637e-011	9.42787e-012	1.22318e-011	1.69491e-011	1.90967e-011	1.75117e-011	1.50389e-011	1.49958e-011	1.76452e-011	2.03846e-011	2.09876e-011	2.00526e-011	2.00546e-011	2.22871e-011	2.52e-011	2.59908e-011	2.37533e-011	2.07748e-011	2.04283e-011	2.36542e-011	2.76628e-011	2.84532e-011	2.48616e-011	2.00204e-011	1.84616e-011	2.15692e-011	2.60732e-011	2.73571e-011	2.42516e-011	2.01748e-011	1.92902e-011	2.18793e-011	2.41619e-011	2.2831e-011	1.90468e-011	1.7067e-011	1.89402e-011	2.16057e-011	2.0236e-011	1.42392e-011	8.70758e-012	9.01842e-012	1.44595e-011	1.84668e-011	1.5759e-011	8.47318e-012	4.10306e-012	7.2705e-012	1.46087e-011	1.86526e-011	1.62856e-011	1.19967e-011	1.22702e-011	1.78375e-011	2.29797e-011	2.26183e-011	1.85903e-011	1.74482e-011	2.23378e-011	2.87769e-011	2.96702e-011	2.38312e-011	1.78482e-011	1.87917e-011	2.6094e-011	3.20831e-011	3.06485e-011	2.40549e-011	2.01262e-011	2.32489e-011	2.96801e-011	3.23548e-011	2.91998e-011	2.51155e-011	2.55991e-011	2.99408e-011	3.21949e-011	2.86094e-011	2.24217e-011	2.01558e-011	2.38064e-011	2.82701e-011	2.71775e-011	2.03324e-011	1.40668e-011	1.4131e-011	1.93861e-011	2.34548e-011	2.21308e-011	1.78407e-011	1.62528e-011	1.94336e-011	2.37195e-011	2.45183e-011	2.19519e-011	2.04908e-011	2.31769e-011	2.75936e-011	2.8578e-011	2.44844e-011	1.94591e-011	1.88668e-011	2.31431e-011	2.7262e-011	2.64615e-011	2.15864e-011	1.79341e-011	1.91165e-011	2.31558e-011	2.51978e-011	2.33565e-011	2.06583e-011	2.09317e-011	2.38266e-011	2.5141e-011	2.21065e-011	1.714e-011	1.52705e-011	1.80894e-011	2.14856e-011	2.01659e-011	1.38868e-011	8.05157e-012	7.75958e-012	1.20967e-011
2.54917e-011	2.40302e-011	2.50772e-011	2.92318e-011	3.26514e-011	3.15146e-011	2.69682e-011	2.42871e-011	2.68254e-011	3.18547e-011	3.34562e-011	2.93057e-011	2.34156e-011	2.15565e-011	2.47073e-011	2.81816e-011	2.7308e-011	2.28206e-011	1.96411e-011	2.07452e-011	2.36151e-011	2.34902e-011	1.93522e-011	1.53178e-011	1.57069e-011	1.96991e-011	2.2027e-011	1.90052e-011	1.28959e-011	9.53318e-012	1.19162e-011	1.70119e-011	1.92137e-011	1.63942e-011	1.18588e-011	1.04066e-011	1.32134e-011	1.70929e-011	1.84398e-011	1.70882e-011	1.59376e-011	1.72529e-011	2.00825e-011	2.158e-011	2.04629e-011	1.85909e-011	1.89231e-011	2.21417e-011	2.56494e-011	2.61e-011	2.29098e-011	1.91189e-011	1.85768e-011	2.21331e-011	2.66455e-011	2.79525e-011	2.4984e-011	2.08682e-011	1.97826e-011	2.26902e-011	2.64246e-011	2.7159e-011	2.45358e-011	2.18697e-011	2.21443e-011	2.43857e-011	2.47638e-011	2.13348e-011	1.68135e-011	1.57196e-011	1.88631e-011	2.1744e-011	1.93271e-011	1.21052e-011	6.26634e-012	7.17558e-012	1.32705e-011	1.75002e-011	1.50437e-011	8.68099e-012	5.61906e-012	9.32622e-012	1.57555e-011	1.82768e-011	1.54543e-011	1.24729e-011	1.4586e-011	2.05159e-011	2.38619e-011	2.09563e-011	1.56944e-011	1.52596e-011	2.15456e-011	2.84854e-011	2.87707e-011	2.23438e-011	1.67205e-011	1.86037e-011	2.63994e-011	3.22191e-011	3.09177e-011	2.56433e-011	2.36698e-011	2.77264e-011	3.31001e-011	3.36599e-011	2.93136e-011	2.59159e-011	2.78922e-011	3.26174e-011	3.34217e-011	2.76765e-011	2.02623e-011	1.81658e-011	2.24724e-011	2.71212e-011	2.58597e-011	1.92974e-011	1.39931e-011	1.48868e-011	1.99727e-011	2.31496e-011	2.14866e-011	1.82342e-011	1.83402e-011	2.22156e-011	2.53275e-011	2.39379e-011	1.98655e-011	1.84115e-011	2.19068e-011	2.66639e-011	2.70983e-011	2.22526e-011	1.70626e-011	1.68514e-011	2.14319e-011	2.55714e-011	2.50922e-011	2.14216e-011	1.94586e-011	2.15867e-011	2.5044e-011	2.5604e-011	2.28835e-011	2.07368e-011	2.22724e-011	2.56562e-011	2.60105e-011	2.13396e-011	1.53565e-011	1.35564e-011	1.69061e-011	2.05652e-011	1.93233e-011	1.35547e-011	8.77411e-012	9.301e-012	1.34292e-011
2.46325e-011	2.27948e-011	2.44873e-011	2.93185e-011	3.25952e-011	3.06863e-011	2.55876e-011	2.29832e-011	2.57798e-011	3.06822e-011	3.19636e-011	2.80624e-011	2.32501e-011	2.24738e-011	2.55925e-011	2.78391e-011	2.5778e-011	2.14509e-011	1.97182e-011	2.21227e-011	2.48256e-011	2.32082e-011	1.76275e-011	1.33322e-011	1.44736e-011	1.91912e-011	2.156e-011	1.82097e-011	1.20636e-011	9.04253e-012	1.16134e-011	1.6417e-011	1.831e-011	1.59491e-011	1.27326e-011	1.25338e-011	1.54269e-011	1.81063e-011	1.80412e-011	1.63305e-011	1.61226e-011	1.87088e-011	2.18902e-011	2.24302e-011	1.97648e-011	1.68348e-011	1.71082e-011	2.09352e-011	2.50415e-011	2.57108e-011	2.24769e-011	1.86512e-011	1.81413e-011	2.16706e-011	2.61238e-011	2.76752e-011	2.55708e-011	2.27131e-011	2.24499e-011	2.49743e-011	2.72508e-011	2.6582e-011	2.37963e-011	2.22826e-011	2.37995e-011	2.5963e-011	2.47244e-011	1.93437e-011	1.39835e-011	1.34837e-011	1.77029e-011	2.10696e-011	1.8461e-011	1.11141e-011	5.69281e-012	7.14302e-012	1.32224e-011	1.70065e-011	1.4653e-011	9.56975e-012	8.19509e-012	1.23669e-011	1.72813e-011	1.74406e-011	1.34347e-011	1.13023e-011	1.5082e-011	2.15069e-011	2.35002e-011	1.86413e-011	1.25433e-011	1.2782e-011	2.01696e-011	2.75752e-011	2.78798e-011	2.19913e-011	1.76909e-011	2.0709e-011	2.83978e-011	3.31787e-011	3.1442e-011	2.73671e-011	2.7403e-011	3.22952e-011	3.62752e-011	3.4258e-011	2.82333e-011	2.50472e-011	2.81675e-011	3.33083e-011	3.32644e-011	2.63635e-011	1.86146e-011	1.70068e-011	2.17371e-011	2.62875e-011	2.50307e-011	1.94149e-011	1.57612e-011	1.76735e-011	2.21321e-011	2.35866e-011	2.07668e-011	1.79542e-011	1.93926e-011	2.38172e-011	2.58224e-011	2.24388e-011	1.69687e-011	1.53749e-011	1.93917e-011	2.44528e-011	2.48846e-011	2.03241e-011	1.59743e-011	1.65767e-011	2.12058e-011	2.47815e-011	2.41847e-011	2.16158e-011	2.14131e-011	2.44644e-011	2.70993e-011	2.57591e-011	2.16451e-011	1.95159e-011	2.1912e-011	2.57607e-011	2.56691e-011	2.02548e-011	1.40633e-011	1.26338e-011	1.63079e-011	1.99492e-011	1.88915e-011	1.41757e-011	1.10225e-011	1.24959e-011	1.59602e-011
2.36694e-011	2.13623e-011	2.3382e-011	2.85756e-011	3.1747e-011	2.95872e-011	2.46658e-011	2.25906e-011	2.55515e-011	2.98712e-011	3.0459e-011	2.68037e-011	2.33436e-011	2.38892e-011	2.69615e-011	2.77266e-011	2.41136e-011	1.95631e-011	1.89343e-011	2.24606e-011	2.51369e-011	2.24841e-011	1.59596e-011	1.15722e-011	1.31891e-011	1.82182e-011	2.05683e-011	1.7406e-011	1.20426e-011	9.9438e-012	1.26935e-011	1.67086e-011	1.77169e-011	1.55116e-011	1.36462e-011	1.48895e-011	1.79909e-011	1.93927e-011	1.7608e-011	1.50541e-011	1.52803e-011	1.88426e-011	2.25022e-011	2.26268e-011	1.90858e-011	1.55007e-011	1.5638e-011	1.96863e-011	2.41366e-011	2.52688e-011	2.27165e-011	1.96499e-011	1.95311e-011	2.27389e-011	2.64e-011	2.74889e-011	2.5926e-011	2.44085e-011	2.51857e-011	2.73699e-011	2.79196e-011	2.53422e-011	2.18441e-011	2.10984e-011	2.38182e-011	2.6303e-011	2.41931e-011	1.76323e-011	1.18332e-011	1.17902e-011	1.66767e-011	2.03852e-011	1.80527e-011	1.14678e-011	7.15442e-012	9.11207e-012	1.44222e-011	1.67826e-011	1.38657e-011	9.86909e-012	1.02421e-011	1.48989e-011	1.81658e-011	1.57198e-011	1.02205e-011	8.58908e-012	1.37956e-011	2.08724e-011	2.22532e-011	1.65522e-011	1.05261e-011	1.16546e-011	1.97268e-011	2.71297e-011	2.75059e-011	2.27581e-011	2.04064e-011	2.46315e-011	3.16029e-011	3.43988e-011	3.13865e-011	2.79712e-011	2.97356e-011	3.53816e-011	3.80924e-011	3.37707e-011	2.62697e-011	2.32195e-011	2.72236e-011	3.27611e-011	3.24785e-011	2.55742e-011	1.8603e-011	1.79436e-011	2.27832e-011	2.65789e-011	2.48832e-011	2.01807e-011	1.832e-011	2.12198e-011	2.47062e-011	2.38752e-011	1.92646e-011	1.62826e-011	1.859e-011	2.3458e-011	2.47699e-011	2.01996e-011	1.41014e-011	1.26801e-011	1.70507e-011	2.21866e-011	2.27981e-011	1.91898e-011	1.64312e-011	1.81677e-011	2.25357e-011	2.48213e-011	2.33346e-011	2.12879e-011	2.25048e-011	2.63536e-011	2.82323e-011	2.51629e-011	1.97382e-011	1.74675e-011	2.04285e-011	2.46844e-011	2.46614e-011	1.95175e-011	1.41212e-011	1.3503e-011	1.72419e-011	2.02638e-011	1.89411e-011	1.51832e-011	1.37357e-011	1.61108e-011	1.86207e-011
2.27136e-011	2.01857e-011	2.23818e-011	2.75834e-011	3.05116e-011	2.84281e-011	2.42995e-011	2.32088e-011	2.6315e-011	2.963e-011	2.90265e-011	2.53053e-011	2.30993e-011	2.4976e-011	2.80473e-011	2.73919e-011	2.22324e-011	1.72851e-011	1.74011e-011	2.17436e-011	2.4487e-011	2.14035e-011	1.47403e-011	1.0747e-011	1.27319e-011	1.7592e-011	1.95811e-011	1.67409e-011	1.26601e-011	1.1934e-011	1.49203e-011	1.77793e-011	1.73276e-011	1.4744e-011	1.38855e-011	1.64689e-011	1.991e-011	2.03014e-011	1.69969e-011	1.35271e-011	1.38276e-011	1.79854e-011	2.21081e-011	2.23571e-011	1.88268e-011	1.53309e-011	1.553e-011	1.94405e-011	2.36997e-011	2.50478e-011	2.34055e-011	2.15874e-011	2.2182e-011	2.49114e-011	2.71576e-011	2.69854e-011	2.53332e-011	2.48867e-011	2.67858e-011	2.8915e-011	2.80331e-011	2.36747e-011	1.93332e-011	1.90521e-011	2.27865e-011	2.58547e-011	2.3683e-011	1.69816e-011	1.14433e-011	1.18289e-011	1.67628e-011	2.01662e-011	1.79488e-011	1.2478e-011	9.69096e-012	1.21464e-011	1.61224e-011	1.62137e-011	1.19834e-011	8.61867e-012	1.05938e-011	1.58734e-011	1.78887e-011	1.33541e-011	6.71364e-012	5.55111e-012	1.19012e-011	1.95736e-011	2.09238e-011	1.54923e-011	1.05483e-011	1.2838e-011	2.10372e-011	2.75599e-011	2.74284e-011	2.37398e-011	2.34667e-011	2.88444e-011	3.47245e-011	3.49795e-011	3.01252e-011	2.68643e-011	2.99927e-011	3.63699e-011	3.83189e-011	3.26203e-011	2.45239e-011	2.19671e-011	2.66561e-011	3.23142e-011	3.19902e-011	2.58387e-011	2.0486e-011	2.11001e-011	2.56462e-011	2.7843e-011	2.48764e-011	2.05179e-011	2.01278e-011	2.38484e-011	2.63209e-011	2.32492e-011	1.68376e-011	1.34752e-011	1.63209e-011	2.15404e-011	2.26569e-011	1.79458e-011	1.2313e-011	1.16248e-011	1.62001e-011	2.08942e-011	2.13159e-011	1.86709e-011	1.77152e-011	2.06569e-011	2.45106e-011	2.49811e-011	2.19584e-011	1.97959e-011	2.19448e-011	2.64546e-011	2.79382e-011	2.38832e-011	1.7871e-011	1.57556e-011	1.91136e-011	2.35395e-011	2.37495e-011	1.9534e-011	1.56938e-011	1.62218e-011	1.97161e-011	2.13822e-011	1.9024e-011	1.56666e-011	1.56066e-011	1.87543e-011	2.03521e-011
2.20186e-011	1.9762e-011	2.2141e-011	2.69757e-011	2.93069e-011	2.72854e-011	2.42344e-011	2.44041e-011	2.76653e-011	2.97075e-011	2.75207e-011	2.33479e-011	2.20741e-011	2.51007e-011	2.82536e-011	2.65507e-011	2.02981e-011	1.51459e-011	1.57853e-011	2.05569e-011	2.32854e-011	2.02475e-011	1.42464e-011	1.1237e-011	1.35971e-011	1.78025e-011	1.8869e-011	1.60712e-011	1.33197e-011	1.41379e-011	1.74419e-011	1.90438e-011	1.68507e-011	1.34668e-011	1.31543e-011	1.67832e-011	2.06568e-011	2.05526e-011	1.64009e-011	1.24315e-011	1.27349e-011	1.70979e-011	2.14272e-011	2.2042e-011	1.92251e-011	1.65662e-011	1.7145e-011	2.06249e-011	2.4009e-011	2.492e-011	2.38805e-011	2.33701e-011	2.48777e-011	2.71925e-011	2.78031e-011	2.59013e-011	2.36155e-011	2.38462e-011	2.68256e-011	2.9298e-011	2.77062e-011	2.22881e-011	1.74584e-011	1.74976e-011	2.18604e-011	2.53759e-011	2.35784e-011	1.75791e-011	1.29855e-011	1.38133e-011	1.81023e-011	2.02525e-011	1.74813e-011	1.2937e-011	1.17749e-011	1.47943e-011	1.7312e-011	1.48545e-011	8.9598e-012	5.87233e-012	9.22544e-012	1.52753e-011	1.67241e-011	1.11492e-011	4.25742e-012	3.81368e-012	1.09279e-011	1.87286e-011	2.00835e-011	1.55429e-011	1.23822e-011	1.599e-011	2.37357e-011	2.83998e-011	2.68815e-011	2.37177e-011	2.52745e-011	3.17166e-011	3.65494e-011	3.442e-011	2.78424e-011	2.46316e-011	2.88499e-011	3.58971e-011	3.7639e-011	3.17066e-011	2.41925e-011	2.26881e-011	2.78154e-011	3.29604e-011	3.21813e-011	2.68381e-011	2.33746e-011	2.53185e-011	2.92152e-011	2.91638e-011	2.42067e-011	1.95413e-011	2.01314e-011	2.44986e-011	2.6253e-011	2.16353e-011	1.41414e-011	1.07224e-011	1.39666e-011	1.93251e-011	2.04618e-011	1.63761e-011	1.21253e-011	1.26601e-011	1.72318e-011	2.07812e-011	2.02402e-011	1.80034e-011	1.85452e-011	2.25482e-011	2.584e-011	2.44862e-011	1.98367e-011	1.72786e-011	1.99823e-011	2.50157e-011	2.65402e-011	2.24822e-011	1.69427e-011	1.55514e-011	1.91845e-011	2.32833e-011	2.33658e-011	2.01047e-011	1.80595e-011	1.983e-011	2.28341e-011	2.2617e-011	1.85869e-011	1.50219e-011	1.58927e-011	1.96886e-011	2.07345e-011
2.17604e-011	2.02942e-011	2.29372e-011	2.70496e-011	2.82965e-011	2.60173e-011	2.39571e-011	2.54133e-011	2.88546e-011	2.96205e-011	2.57944e-011	2.0987e-011	2.03178e-011	2.4201e-011	2.74832e-011	2.52617e-011	1.86791e-011	1.383e-011	1.494e-011	1.96971e-011	2.20706e-011	1.92015e-011	1.43601e-011	1.27856e-011	1.55685e-011	1.87401e-011	1.83202e-011	1.50707e-011	1.33398e-011	1.55947e-011	1.93031e-011	1.9876e-011	1.6148e-011	1.19365e-011	1.18526e-011	1.6154e-011	2.04245e-011	2.03413e-011	1.62121e-011	1.247e-011	1.29537e-011	1.71552e-011	2.11736e-011	2.1932e-011	2.00558e-011	1.86856e-011	1.99261e-011	2.28221e-011	2.47623e-011	2.45023e-011	2.34656e-011	2.39872e-011	2.64781e-011	2.86721e-011	2.796e-011	2.44568e-011	2.13879e-011	2.19778e-011	2.58515e-011	2.89276e-011	2.74003e-011	2.1899e-011	1.72342e-011	1.75716e-011	2.19861e-011	2.53328e-011	2.374e-011	1.87741e-011	1.55555e-011	1.68672e-011	1.99985e-011	2.00657e-011	1.59786e-011	1.19061e-011	1.22499e-011	1.59919e-011	1.74232e-011	1.2872e-011	5.61587e-012	2.77121e-012	7.24168e-012	1.40039e-011	1.54299e-011	9.89464e-012	3.78445e-012	4.39886e-012	1.17776e-011	1.88403e-011	1.96128e-011	1.5909e-011	1.47334e-011	1.96662e-011	2.65765e-011	2.87541e-011	2.52097e-011	2.20384e-011	2.50576e-011	3.25037e-011	3.67052e-011	3.30216e-011	2.55583e-011	2.27694e-011	2.78995e-011	3.53318e-011	3.70537e-011	3.16906e-011	2.57152e-011	2.57118e-011	3.09342e-011	3.47127e-011	3.26316e-011	2.75609e-011	2.57238e-011	2.88419e-011	3.19669e-011	2.95781e-011	2.25081e-011	1.7269e-011	1.84761e-011	2.33451e-011	2.48142e-011	1.96752e-011	1.22512e-011	9.44633e-012	1.30383e-011	1.80808e-011	1.89312e-011	1.55955e-011	1.30934e-011	1.50453e-011	1.93835e-011	2.11912e-011	1.89391e-011	1.63964e-011	1.7888e-011	2.27214e-011	2.56618e-011	2.3062e-011	1.73946e-011	1.46996e-011	1.77965e-011	2.31283e-011	2.48827e-011	2.15623e-011	1.74187e-011	1.72858e-011	2.10427e-011	2.41535e-011	2.33615e-011	2.05265e-011	2.00047e-011	2.29014e-011	2.53763e-011	2.32652e-011	1.74806e-011	1.34511e-011	1.48973e-011	1.92137e-011	2.01525e-011
2.18306e-011	2.14923e-011	2.44746e-011	2.76128e-011	2.73525e-011	2.44025e-011	2.30156e-011	2.55807e-011	2.92384e-011	2.90082e-011	2.39193e-011	1.86619e-011	1.84234e-011	2.28138e-011	2.61281e-011	2.38185e-011	1.76845e-011	1.37515e-011	1.53813e-011	1.96654e-011	2.11321e-011	1.81636e-011	1.45444e-011	1.4575e-011	1.78301e-011	1.98279e-011	1.76359e-011	1.35524e-011	1.24283e-011	1.58333e-011	2.00026e-011	2.00188e-011	1.54169e-011	1.08136e-011	1.09089e-011	1.54983e-011	1.99048e-011	2.00781e-011	1.66615e-011	1.3863e-011	1.4806e-011	1.85402e-011	2.15943e-011	2.18949e-011	2.06783e-011	2.06386e-011	2.27098e-011	2.50862e-011	2.54038e-011	2.35549e-011	2.20006e-011	2.31572e-011	2.65836e-011	2.90552e-011	2.77313e-011	2.33125e-011	1.97721e-011	2.05588e-011	2.49555e-011	2.85134e-011	2.74636e-011	2.26698e-011	1.88204e-011	1.949e-011	2.33205e-011	2.55931e-011	2.35423e-011	1.94168e-011	1.76909e-011	1.95939e-011	2.14676e-011	1.91549e-011	1.33661e-011	9.39932e-012	1.10421e-011	1.56605e-011	1.66517e-011	1.09897e-011	3.22565e-012	8.93541e-013	6.14644e-012	1.31723e-011	1.45988e-011	9.72721e-012	5.15482e-012	7.06933e-012	1.41866e-011	1.95295e-011	1.88159e-011	1.54235e-011	1.60289e-011	2.22205e-011	2.82902e-011	2.80367e-011	2.24992e-011	1.91846e-011	2.33851e-011	3.17389e-011	3.57964e-011	3.16559e-011	2.45067e-011	2.27697e-011	2.86207e-011	3.58151e-011	3.71083e-011	3.2429e-011	2.8375e-011	3.0023e-011	3.49917e-011	3.66826e-011	3.25017e-011	2.70214e-011	2.63139e-011	3.03869e-011	3.29283e-011	2.87749e-011	2.02421e-011	1.47506e-011	1.6455e-011	2.16175e-011	2.30259e-011	1.82001e-011	1.19075e-011	1.03728e-011	1.42173e-011	1.82809e-011	1.80892e-011	1.49971e-011	1.40084e-011	1.72566e-011	2.12374e-011	2.1139e-011	1.69252e-011	1.36829e-011	1.56669e-011	2.11058e-011	2.40291e-011	2.10971e-011	1.54856e-011	1.33133e-011	1.6794e-011	2.20163e-011	2.37197e-011	2.12802e-011	1.89399e-011	2.0326e-011	2.40426e-011	2.56083e-011	2.32109e-011	2.01019e-011	2.0575e-011	2.43809e-011	2.65374e-011	2.31045e-011	1.61748e-011	1.19454e-011	1.38046e-011	1.84073e-011	1.94301e-011
2.18299e-011	2.26811e-011	2.60412e-011	2.81545e-011	2.62521e-011	2.24008e-011	2.13649e-011	2.4757e-011	2.86395e-011	2.78573e-011	2.22045e-011	1.70141e-011	1.72178e-011	2.17289e-011	2.4748e-011	2.24614e-011	1.7275e-011	1.47316e-011	1.69474e-011	2.03781e-011	2.03702e-011	1.68253e-011	1.41486e-011	1.56798e-011	1.9452e-011	2.04471e-011	1.66664e-011	1.17499e-011	1.09608e-011	1.51609e-011	1.97355e-011	1.968e-011	1.5057e-011	1.07856e-011	1.12339e-011	1.57405e-011	1.97731e-011	2.00005e-011	1.75303e-011	1.61009e-011	1.77414e-011	2.08366e-011	2.23911e-011	2.1562e-011	2.04476e-011	2.14633e-011	2.44164e-011	2.65639e-011	2.55907e-011	2.22985e-011	2.00751e-011	2.15381e-011	2.57129e-011	2.8725e-011	2.75429e-011	2.31312e-011	1.97164e-011	2.0663e-011	2.50379e-011	2.84988e-011	2.77586e-011	2.39744e-011	2.13566e-011	2.24299e-011	2.52163e-011	2.56173e-011	2.23454e-011	1.85998e-011	1.82638e-011	2.09404e-011	2.19204e-011	1.76327e-011	1.03903e-011	6.47907e-012	9.18089e-012	1.46283e-011	1.5693e-011	9.95511e-012	2.70995e-012	1.27976e-012	6.88066e-012	1.33366e-011	1.41785e-011	9.936e-012	7.16784e-012	1.04651e-011	1.69652e-011	1.99215e-011	1.70274e-011	1.33974e-011	1.54323e-011	2.28145e-011	2.83907e-011	2.64385e-011	1.96845e-011	1.65982e-011	2.18216e-011	3.07892e-011	3.48608e-011	3.10744e-011	2.52723e-011	2.51398e-011	3.14285e-011	3.7524e-011	3.75187e-011	3.30104e-011	3.06779e-011	3.3852e-011	3.8386e-011	3.77749e-011	3.12574e-011	2.50436e-011	2.50763e-011	2.99103e-011	3.22228e-011	2.7276e-011	1.84552e-011	1.34677e-011	1.57052e-011	2.0758e-011	2.1848e-011	1.75617e-011	1.2924e-011	1.29978e-011	1.69208e-011	1.93689e-011	1.73151e-011	1.37078e-011	1.366e-011	1.79116e-011	2.16131e-011	2.00207e-011	1.43249e-011	1.05841e-011	1.28858e-011	1.86935e-011	2.17827e-011	1.93055e-011	1.48041e-011	1.38714e-011	1.77436e-011	2.22853e-011	2.32349e-011	2.12016e-011	2.04705e-011	2.33089e-011	2.69031e-011	2.677e-011	2.25025e-011	1.87089e-011	1.97093e-011	2.41904e-011	2.63509e-011	2.25013e-011	1.54985e-011	1.17227e-011	1.39616e-011	1.84101e-011	1.92245e-011
2.13085e-011	2.31784e-011	2.69245e-011	2.82039e-011	2.49322e-011	2.03184e-011	1.94859e-011	2.33954e-011	2.7398e-011	2.64455e-011	2.09772e-011	1.64972e-011	1.72625e-011	2.14917e-011	2.36828e-011	2.11558e-011	1.6996e-011	1.60306e-011	1.88726e-011	2.12719e-011	1.94733e-011	1.49794e-011	1.28665e-011	1.56249e-011	1.99352e-011	2.03418e-011	1.56022e-011	1.0303e-011	9.8337e-012	1.44634e-011	1.91786e-011	1.92768e-011	1.53155e-011	1.20784e-011	1.31335e-011	1.72329e-011	2.02509e-011	1.99707e-011	1.81969e-011	1.81692e-011	2.06388e-011	2.31384e-011	2.30386e-011	2.07134e-011	1.92193e-011	2.08994e-011	2.46769e-011	2.69896e-011	2.54348e-011	2.13675e-011	1.87539e-011	2.03388e-011	2.48977e-011	2.83465e-011	2.77096e-011	2.40473e-011	2.13589e-011	2.24948e-011	2.6257e-011	2.87677e-011	2.76925e-011	2.47162e-011	2.34486e-011	2.50615e-011	2.67352e-011	2.49688e-011	2.00637e-011	1.63135e-011	1.71702e-011	2.07856e-011	2.14913e-011	1.61459e-011	8.24649e-012	4.656e-012	8.11886e-012	1.39749e-011	1.51284e-011	9.9246e-012	3.98136e-012	3.76672e-012	9.25845e-012	1.41859e-011	1.35319e-011	9.40562e-012	8.28885e-012	1.29506e-011	1.88166e-011	1.93691e-011	1.42521e-011	1.0222e-011	1.34141e-011	2.18791e-011	2.73923e-011	2.47775e-011	1.7999e-011	1.58209e-011	2.19305e-011	3.0902e-011	3.45716e-011	3.12857e-011	2.7304e-011	2.90204e-011	3.54206e-011	3.96377e-011	3.74596e-011	3.24088e-011	3.13055e-011	3.57603e-011	3.99503e-011	3.7478e-011	2.91811e-011	2.25324e-011	2.31944e-011	2.85722e-011	3.0862e-011	2.59856e-011	1.80474e-011	1.43692e-011	1.71579e-011	2.14847e-011	2.15239e-011	1.73307e-011	1.42083e-011	1.58315e-011	1.96719e-011	2.02154e-011	1.59088e-011	1.12959e-011	1.16684e-011	1.66197e-011	2.02667e-011	1.79991e-011	1.18735e-011	8.35284e-012	1.10523e-011	1.68933e-011	1.99318e-011	1.81585e-011	1.53413e-011	1.60878e-011	2.02978e-011	2.36083e-011	2.30143e-011	2.06272e-011	2.09341e-011	2.49414e-011	2.84892e-011	2.70409e-011	2.13375e-011	1.70161e-011	1.8335e-011	2.32284e-011	2.55586e-011	2.20777e-011	1.60649e-011	1.34569e-011	1.60515e-011	1.97276e-011	1.96073e-011
2.01072e-011	2.27142e-011	2.68195e-011	2.76193e-011	2.35887e-011	1.87129e-011	1.81557e-011	2.22699e-011	2.60934e-011	2.50716e-011	2.02899e-011	1.70372e-011	1.84861e-011	2.20803e-011	2.28723e-011	1.96269e-011	1.62329e-011	1.67541e-011	2.02386e-011	2.17127e-011	1.82547e-011	1.28127e-011	1.10297e-011	1.46852e-011	1.94608e-011	1.97235e-011	1.48538e-011	9.90103e-012	9.94242e-012	1.464e-011	1.89906e-011	1.90518e-011	1.59973e-011	1.42095e-011	1.60734e-011	1.95621e-011	2.10381e-011	1.96253e-011	1.80362e-011	1.91428e-011	2.24683e-011	2.46432e-011	2.32297e-011	1.95794e-011	1.75687e-011	1.95824e-011	2.39933e-011	2.67367e-011	2.53451e-011	2.13876e-011	1.89281e-011	2.05699e-011	2.49864e-011	2.83323e-011	2.80863e-011	2.54496e-011	2.38726e-011	2.52761e-011	2.80113e-011	2.88198e-011	2.66617e-011	2.40274e-011	2.40127e-011	2.63675e-011	2.72963e-011	2.37316e-011	1.73861e-011	1.35508e-011	1.53691e-011	1.989e-011	2.08114e-011	1.53871e-011	7.81988e-012	4.95828e-012	8.80419e-012	1.42781e-011	1.49444e-011	1.02475e-011	5.91821e-012	7.07543e-012	1.21513e-011	1.48756e-011	1.19953e-011	7.42659e-012	7.6395e-012	1.36191e-011	1.91619e-011	1.79601e-011	1.13303e-011	7.26422e-012	1.14829e-011	2.07448e-011	2.63278e-011	2.38486e-011	1.81252e-011	1.74982e-011	2.42782e-011	3.23985e-011	3.47745e-011	3.14907e-011	2.91914e-011	3.26793e-011	3.89761e-011	4.09883e-011	3.62836e-011	3.0304e-011	3.00181e-011	3.55168e-011	3.96302e-011	3.61826e-011	2.72612e-011	2.0985e-011	2.23791e-011	2.79338e-011	2.9968e-011	2.5461e-011	1.90688e-011	1.71867e-011	2.04285e-011	2.33763e-011	2.14929e-011	1.66127e-011	1.4441e-011	1.7295e-011	2.1026e-011	1.99198e-011	1.3706e-011	8.22223e-012	8.81942e-012	1.4211e-011	1.7957e-011	1.58142e-011	1.0411e-011	7.98896e-012	1.12479e-011	1.66477e-011	1.89897e-011	1.75177e-011	1.62955e-011	1.87406e-011	2.32039e-011	2.50217e-011	2.24612e-011	1.91697e-011	1.99411e-011	2.4775e-011	2.84616e-011	2.64665e-011	2.03264e-011	1.61524e-011	1.78364e-011	2.27808e-011	2.50525e-011	2.22017e-011	1.77823e-011	1.67974e-011	1.96723e-011	2.19793e-011	2.01063e-011
1.85511e-011	2.16132e-011	2.59687e-011	2.66169e-011	2.25312e-011	1.80625e-011	1.79895e-011	2.19941e-011	2.51452e-011	2.37964e-011	1.97973e-011	1.79991e-011	2.01971e-011	2.29607e-011	2.19955e-011	1.76391e-011	1.46481e-011	1.63966e-011	2.05147e-011	2.14096e-011	1.68671e-011	1.09255e-011	9.49561e-012	1.37162e-011	1.86949e-011	1.90253e-011	1.47022e-011	1.08029e-011	1.16077e-011	1.60391e-011	1.93852e-011	1.88719e-011	1.65038e-011	1.6199e-011	1.89678e-011	2.185e-011	2.16273e-011	1.87542e-011	1.69113e-011	1.87761e-011	2.28873e-011	2.51179e-011	2.3098e-011	1.87877e-011	1.65228e-011	1.8667e-011	2.33476e-011	2.64347e-011	2.56119e-011	2.24711e-011	2.07125e-011	2.24156e-011	2.61269e-011	2.85706e-011	2.81035e-011	2.62863e-011	2.59281e-011	2.77486e-011	2.94211e-011	2.82506e-011	2.45868e-011	2.18923e-011	2.29348e-011	2.62092e-011	2.69983e-011	2.2494e-011	1.54344e-011	1.17485e-011	1.42502e-011	1.9285e-011	2.04329e-011	1.55099e-011	9.05054e-012	7.27403e-012	1.11106e-011	1.52827e-011	1.45545e-011	9.85932e-012	7.03448e-012	9.60263e-012	1.42622e-011	1.4721e-011	9.50743e-012	4.3081e-012	5.59778e-012	1.28009e-011	1.84167e-011	1.64351e-011	9.45694e-012	6.06928e-012	1.12371e-011	2.07157e-011	2.59508e-011	2.3772e-011	1.96514e-011	2.09162e-011	2.80868e-011	3.4543e-011	3.46864e-011	3.06631e-011	2.95699e-011	3.45815e-011	4.07886e-011	4.09051e-011	3.41192e-011	2.74655e-011	2.7884e-011	3.41926e-011	3.8394e-011	3.48211e-011	2.65079e-011	2.15274e-011	2.37733e-011	2.89306e-011	2.9992e-011	2.54609e-011	2.05768e-011	2.05172e-011	2.40461e-011	2.52263e-011	2.0906e-011	1.47669e-011	1.29817e-011	1.67024e-011	2.04421e-011	1.83921e-011	1.12719e-011	5.66776e-012	6.64014e-012	1.21939e-011	1.58694e-011	1.41876e-011	1.0238e-011	9.53965e-012	1.34373e-011	1.78825e-011	1.87123e-011	1.67561e-011	1.6552e-011	2.03825e-011	2.50684e-011	2.56003e-011	2.1326e-011	1.71615e-011	1.81205e-011	2.34652e-011	2.73986e-011	2.5617e-011	2.01659e-011	1.70065e-011	1.92111e-011	2.37226e-011	2.52882e-011	2.26878e-011	1.98162e-011	2.05084e-011	2.35764e-011	2.42201e-011	2.01458e-011
1.73282e-011	2.06085e-011	2.49545e-011	2.55432e-011	2.19033e-011	1.84141e-011	1.90398e-011	2.26501e-011	2.4572e-011	2.24084e-011	1.89394e-011	1.85266e-011	2.14835e-011	2.34651e-011	2.08009e-011	1.53006e-011	1.24966e-011	1.51688e-011	1.98352e-011	2.05484e-011	1.5714e-011	1.0009e-011	9.16006e-012	1.36152e-011	1.83034e-011	1.85171e-011	1.49996e-011	1.25768e-011	1.43312e-011	1.82616e-011	2.00625e-011	1.8374e-011	1.62199e-011	1.71441e-011	2.08181e-011	2.33278e-011	2.17367e-011	1.75953e-011	1.53873e-011	1.76871e-011	2.23885e-011	2.49378e-011	2.3054e-011	1.89488e-011	1.69339e-011	1.91108e-011	2.35388e-011	2.64644e-011	2.60798e-011	2.40151e-011	2.33036e-011	2.51315e-011	2.77549e-011	2.85966e-011	2.71922e-011	2.57316e-011	2.64936e-011	2.89477e-011	2.99389e-011	2.71426e-011	2.21213e-011	1.9249e-011	2.1116e-011	2.52916e-011	2.64167e-011	2.18945e-011	1.50483e-011	1.19046e-011	1.47481e-011	1.95501e-011	2.03618e-011	1.59075e-011	1.08856e-011	1.04047e-011	1.39795e-011	1.61876e-011	1.3311e-011	8.04726e-012	6.43297e-012	1.04014e-011	1.49454e-011	1.37214e-011	6.81368e-012	1.32851e-012	3.59429e-012	1.17615e-011	1.75713e-011	1.55867e-011	9.36236e-012	7.37217e-012	1.33521e-011	2.2223e-011	2.62121e-011	2.385e-011	2.12585e-011	2.44066e-011	3.17534e-011	3.61361e-011	3.35865e-011	2.83771e-011	2.80653e-011	3.43385e-011	4.06435e-011	3.96466e-011	3.1877e-011	2.53734e-011	2.66464e-011	3.34206e-011	3.74781e-011	3.41151e-011	2.71804e-011	2.41179e-011	2.72e-011	3.13016e-011	3.04735e-011	2.51245e-011	2.12108e-011	2.26599e-011	2.63704e-011	2.58907e-011	1.93396e-011	1.20024e-011	1.03846e-011	1.46856e-011	1.85408e-011	1.63274e-011	9.51426e-012	4.80347e-012	6.45663e-012	1.17945e-011	1.48147e-011	1.32728e-011	1.08119e-011	1.19762e-011	1.64659e-011	1.96254e-011	1.83933e-011	1.52877e-011	1.54446e-011	2.02263e-011	2.51843e-011	2.50433e-011	1.99468e-011	1.5566e-011	1.68044e-011	2.23511e-011	2.63441e-011	2.51073e-011	2.10927e-011	1.96067e-011	2.24402e-011	2.60149e-011	2.6059e-011	2.29389e-011	2.10754e-011	2.31685e-011	2.64104e-011	2.55835e-011	1.95438e-011
1.70962e-011	2.03937e-011	2.42998e-011	2.45825e-011	2.14996e-011	1.92713e-011	2.07253e-011	2.37644e-011	2.40635e-011	2.0649e-011	1.73384e-011	1.80621e-011	2.17478e-011	2.32228e-011	1.93567e-011	1.31338e-011	1.05715e-011	1.38795e-011	1.8845e-011	1.95727e-011	1.51157e-011	1.03746e-011	1.03891e-011	1.47594e-011	1.85193e-011	1.80903e-011	1.51831e-011	1.42834e-011	1.70598e-011	2.04469e-011	2.05179e-011	1.7341e-011	1.50001e-011	1.67971e-011	2.1293e-011	2.37849e-011	2.15211e-011	1.67802e-011	1.44705e-011	1.6994e-011	2.19185e-011	2.47115e-011	2.33791e-011	2.01663e-011	1.8901e-011	2.10773e-011	2.46979e-011	2.6709e-011	2.61915e-011	2.50014e-011	2.54259e-011	2.75253e-011	2.90515e-011	2.80462e-011	2.5291e-011	2.37754e-011	2.54603e-011	2.87386e-011	2.9653e-011	2.60478e-011	2.03271e-011	1.74641e-011	1.98798e-011	2.45917e-011	2.60666e-011	2.2071e-011	1.61787e-011	1.39419e-011	1.67836e-011	2.04782e-011	2.00592e-011	1.55683e-011	1.18995e-011	1.28026e-011	1.61446e-011	1.6301e-011	1.11114e-011	5.05683e-012	4.41462e-012	9.71468e-012	1.45228e-011	1.25312e-011	5.04556e-012	0	3.2199e-012	1.18167e-011	1.74138e-011	1.56023e-011	1.07375e-011	1.05808e-011	1.71636e-011	2.4615e-011	2.6378e-011	2.30741e-011	2.15665e-011	2.63783e-011	3.38747e-011	3.6381e-011	3.14691e-011	2.52735e-011	2.56269e-011	3.2917e-011	3.94371e-011	3.81323e-011	3.06303e-011	2.52835e-011	2.76179e-011	3.43202e-011	3.75199e-011	3.40073e-011	2.85048e-011	2.7482e-011	3.12515e-011	3.38282e-011	3.04806e-011	2.36659e-011	2.0129e-011	2.26802e-011	2.6591e-011	2.50298e-011	1.71675e-011	9.38423e-012	8.13478e-012	1.27799e-011	1.66075e-011	1.46273e-011	8.98777e-012	5.97588e-012	8.5343e-012	1.32024e-011	1.47511e-011	1.25671e-011	1.10493e-011	1.37748e-011	1.87566e-011	2.06841e-011	1.74691e-011	1.31186e-011	1.32864e-011	1.86411e-011	2.39019e-011	2.37893e-011	1.90157e-011	1.53999e-011	1.723e-011	2.26235e-011	2.61114e-011	2.51216e-011	2.26217e-011	2.30068e-011	2.64705e-011	2.87917e-011	2.67524e-011	2.24359e-011	2.09301e-011	2.40076e-011	2.74858e-011	2.5805e-011	1.86911e-011
1.80571e-011	2.11982e-011	2.41519e-011	2.3632e-011	2.08503e-011	1.98412e-011	2.21525e-011	2.46329e-011	2.32854e-011	1.85201e-011	1.51392e-011	1.67129e-011	2.10331e-011	2.2347e-011	1.80195e-011	1.18086e-011	9.76573e-012	1.34357e-011	1.82344e-011	1.87995e-011	1.49942e-011	1.16676e-011	1.27476e-011	1.67862e-011	1.90558e-011	1.73848e-011	1.46415e-011	1.50278e-011	1.88048e-011	2.18336e-011	2.04704e-011	1.60018e-011	1.33905e-011	1.57549e-011	2.08738e-011	2.36018e-011	2.14052e-011	1.69251e-011	1.49976e-011	1.76206e-011	2.22401e-011	2.47955e-011	2.39111e-011	2.18457e-011	2.16383e-011	2.38454e-011	2.62858e-011	2.67286e-011	2.54047e-011	2.46392e-011	2.60972e-011	2.869e-011	2.95171e-011	2.70206e-011	2.30376e-011	2.13172e-011	2.36848e-011	2.77839e-011	2.9097e-011	2.55591e-011	1.99969e-011	1.74955e-011	2.0133e-011	2.46764e-011	2.59592e-011	2.24473e-011	1.78318e-011	1.67404e-011	1.93757e-011	2.13264e-011	1.8911e-011	1.37971e-011	1.12025e-011	1.35142e-011	1.69288e-011	1.55627e-011	8.62096e-012	2.07994e-012	2.32571e-012	8.72982e-012	1.39215e-011	1.19091e-011	4.9422e-012	1.1059e-012	5.22086e-012	1.34733e-011	1.79711e-011	1.58659e-011	1.2349e-011	1.41013e-011	2.11099e-011	2.6688e-011	2.56808e-011	2.09379e-011	2.0092e-011	2.63092e-011	3.40894e-011	3.54018e-011	2.91475e-011	2.27819e-011	2.39882e-011	3.19737e-011	3.84686e-011	3.71993e-011	3.08076e-011	2.73567e-011	3.0822e-011	3.6799e-011	3.81825e-011	3.37112e-011	2.91374e-011	2.98671e-011	3.41648e-011	3.51876e-011	2.93804e-011	2.10745e-011	1.76661e-011	2.10041e-011	2.51617e-011	2.32464e-011	1.53039e-011	8.18843e-012	7.73739e-012	1.24364e-011	1.57057e-011	1.37135e-011	9.41256e-012	8.37951e-012	1.18678e-011	1.55004e-011	1.49312e-011	1.13534e-011	1.00679e-011	1.3857e-011	1.92615e-011	2.04109e-011	1.59754e-011	1.09894e-011	1.12802e-011	1.69314e-011	2.23276e-011	2.26186e-011	1.90349e-011	1.70332e-011	1.97532e-011	2.46056e-011	2.68071e-011	2.52995e-011	2.37961e-011	2.57947e-011	2.98245e-011	3.09476e-011	2.68717e-011	2.12206e-011	1.96901e-011	2.33597e-011	2.71082e-011	2.52935e-011	1.82742e-011
1.9786e-011	2.26581e-011	2.42536e-011	2.24393e-011	1.95508e-011	1.95103e-011	2.26352e-011	2.47657e-011	2.21722e-011	1.64164e-011	1.3029e-011	1.52091e-011	1.99359e-011	2.12693e-011	1.71366e-011	1.16934e-011	1.05131e-011	1.42767e-011	1.82903e-011	1.81739e-011	1.4845e-011	1.30054e-011	1.52227e-011	1.88488e-011	1.93975e-011	1.61575e-011	1.31989e-011	1.45357e-011	1.92179e-011	2.22066e-011	2.0078e-011	1.49874e-011	1.23837e-011	1.51116e-011	2.04858e-011	2.33806e-011	2.1679e-011	1.81449e-011	1.70691e-011	1.97198e-011	2.34692e-011	2.50644e-011	2.40982e-011	2.29908e-011	2.39097e-011	2.62743e-011	2.75356e-011	2.61981e-011	2.36788e-011	2.29286e-011	2.52204e-011	2.85074e-011	2.92494e-011	2.60583e-011	2.14517e-011	1.96628e-011	2.24268e-011	2.70063e-011	2.87452e-011	2.57909e-011	2.10788e-011	1.92841e-011	2.1829e-011	2.53768e-011	2.55973e-011	2.20637e-011	1.8649e-011	1.88261e-011	2.13177e-011	2.14288e-011	1.68036e-011	1.08012e-011	9.04259e-012	1.27188e-011	1.65803e-011	1.45489e-011	6.90188e-012	5.77223e-013	1.7242e-012	8.74534e-012	1.3932e-011	1.20767e-011	6.26664e-012	4.15408e-012	9.03513e-012	1.61611e-011	1.85623e-011	1.53971e-011	1.28225e-011	1.63185e-011	2.37255e-011	2.7548e-011	2.39969e-011	1.79577e-011	1.766e-011	2.50461e-011	3.31945e-011	3.40648e-011	2.7707e-011	2.22341e-011	2.45795e-011	3.2765e-011	3.85234e-011	3.69504e-011	3.18008e-011	3.0467e-011	3.49533e-011	3.96767e-011	3.85069e-011	3.23549e-011	2.80952e-011	3.0147e-011	3.49048e-011	3.48155e-011	2.73565e-011	1.82799e-011	1.52284e-011	1.91426e-011	2.34068e-011	2.15597e-011	1.45031e-011	9.02024e-012	9.73587e-012	1.41042e-011	1.60105e-011	1.32436e-011	9.79209e-012	1.04851e-011	1.47728e-011	1.72975e-011	1.45292e-011	9.34145e-012	7.87124e-012	1.22878e-011	1.80607e-011	1.9049e-011	1.45198e-011	9.958e-012	1.0817e-011	1.65283e-011	2.15764e-011	2.20572e-011	1.98733e-011	1.9847e-011	2.35795e-011	2.75923e-011	2.78709e-011	2.50656e-011	2.38218e-011	2.69308e-011	3.14584e-011	3.1821e-011	2.64294e-011	1.99968e-011	1.84989e-011	2.2445e-011	2.62877e-011	2.47439e-011	1.8737e-011
2.14448e-011	2.40556e-011	2.41937e-011	2.08893e-011	1.76135e-011	1.82495e-011	2.20806e-011	2.4149e-011	2.09777e-011	1.4943e-011	1.18747e-011	1.44633e-011	1.91788e-011	2.0367e-011	1.67183e-011	1.25376e-011	1.24752e-011	1.61095e-011	1.87648e-011	1.73536e-011	1.40649e-011	1.34935e-011	1.68151e-011	2.01625e-011	1.92297e-011	1.45973e-011	1.13585e-011	1.33642e-011	1.87534e-011	2.19403e-011	1.9778e-011	1.49311e-011	1.28225e-011	1.57812e-011	2.08762e-011	2.34703e-011	2.21868e-011	1.98618e-011	1.99185e-011	2.25876e-011	2.50812e-011	2.5091e-011	2.34116e-011	2.28323e-011	2.47687e-011	2.75059e-011	2.79958e-011	2.5247e-011	2.16497e-011	2.07443e-011	2.36199e-011	2.76108e-011	2.87545e-011	2.5719e-011	2.12845e-011	1.97255e-011	2.25548e-011	2.69466e-011	2.86004e-011	2.61825e-011	2.26237e-011	2.1779e-011	2.40639e-011	2.60151e-011	2.44128e-011	2.02576e-011	1.77692e-011	1.92686e-011	2.19369e-011	2.06995e-011	1.43478e-011	7.70073e-012	6.68873e-012	1.15282e-011	1.59594e-011	1.39724e-011	6.67971e-012	1.35346e-012	3.401e-012	1.03211e-011	1.46379e-011	1.24851e-011	7.8675e-012	7.63517e-012	1.31644e-011	1.86995e-011	1.83991e-011	1.36335e-011	1.15907e-011	1.66006e-011	2.45201e-011	2.71879e-011	2.20272e-011	1.54828e-011	1.59535e-011	2.42214e-011	3.24975e-011	3.32649e-011	2.76933e-011	2.39528e-011	2.75984e-011	3.53549e-011	3.93891e-011	3.66893e-011	3.2318e-011	3.28622e-011	3.81871e-011	4.15112e-011	3.7701e-011	2.97458e-011	2.55189e-011	2.85517e-011	3.37502e-011	3.31949e-011	2.52875e-011	1.66109e-011	1.44439e-011	1.87168e-011	2.2595e-011	2.06269e-011	1.47379e-011	1.13131e-011	1.33119e-011	1.6974e-011	1.67951e-011	1.24354e-011	9.09558e-012	1.09851e-011	1.59074e-011	1.76239e-011	1.32749e-011	7.01763e-012	5.47678e-012	1.02623e-011	1.62382e-011	1.74586e-011	1.37935e-011	1.06758e-011	1.25896e-011	1.81042e-011	2.20819e-011	2.20223e-011	2.07752e-011	2.25245e-011	2.72017e-011	3.03268e-011	2.85603e-011	2.41554e-011	2.26684e-011	2.63945e-011	3.13341e-011	3.15309e-011	2.59245e-011	1.97352e-011	1.86706e-011	2.26136e-011	2.60506e-011	2.45956e-011	1.98798e-011
2.2261e-011	2.4762e-011	2.37343e-011	1.9202e-011	1.55732e-011	1.66688e-011	2.09985e-011	2.31652e-011	2.00463e-011	1.45119e-011	1.21873e-011	1.5005e-011	1.9139e-011	1.96754e-011	1.63519e-011	1.35433e-011	1.46998e-011	1.81104e-011	1.91284e-011	1.60563e-011	1.24266e-011	1.28025e-011	1.71238e-011	2.04673e-011	1.86766e-011	1.331e-011	1.009e-011	1.25849e-011	1.83225e-011	2.16411e-011	1.98845e-011	1.59809e-011	1.48331e-011	1.79266e-011	2.21592e-011	2.37426e-011	2.23809e-011	2.10942e-011	2.23345e-011	2.51154e-011	2.63425e-011	2.45754e-011	2.18233e-011	2.13754e-011	2.41275e-011	2.74407e-011	2.77843e-011	2.44178e-011	2.0314e-011	1.93451e-011	2.25e-011	2.68734e-011	2.84685e-011	2.60911e-011	2.2472e-011	2.14494e-011	2.40386e-011	2.74598e-011	2.81954e-011	2.58164e-011	2.33349e-011	2.35841e-011	2.57058e-011	2.59754e-011	2.23063e-011	1.72221e-011	1.54107e-011	1.82087e-011	2.14332e-011	1.96561e-011	1.25427e-011	5.8993e-012	5.65346e-012	1.12078e-011	1.58402e-011	1.40669e-011	7.76883e-012	4.00161e-012	6.8912e-012	1.29718e-011	1.54201e-011	1.21968e-011	8.39944e-012	9.94403e-012	1.61214e-011	2.01341e-011	1.72657e-011	1.09804e-011	9.35726e-012	1.56696e-011	2.41747e-011	2.63887e-011	2.08244e-011	1.48679e-011	1.64666e-011	2.51762e-011	3.28834e-011	3.32253e-011	2.86396e-011	2.69565e-011	3.1857e-011	3.86291e-011	4.01149e-011	3.54993e-011	3.12819e-011	3.32741e-011	3.93082e-011	4.15437e-011	3.57696e-011	2.66708e-011	2.27118e-011	2.65295e-011	3.20148e-011	3.14072e-011	2.4074e-011	1.68883e-011	1.61046e-011	2.04204e-011	2.31201e-011	2.02873e-011	1.51426e-011	1.35963e-011	1.67491e-011	1.95314e-011	1.70368e-011	1.07517e-011	7.04714e-012	9.64901e-012	1.5067e-011	1.64886e-011	1.16323e-011	5.40637e-012	4.34696e-012	9.36982e-012	1.51384e-011	1.64544e-011	1.39942e-011	1.28571e-011	1.60964e-011	2.11706e-011	2.34056e-011	2.19601e-011	2.08627e-011	2.38323e-011	2.92808e-011	3.17852e-011	2.85107e-011	2.29329e-011	2.12082e-011	2.52163e-011	3.03634e-011	3.07794e-011	2.59279e-011	2.1015e-011	2.08653e-011	2.45227e-011	2.68112e-011	2.4735e-011	2.09124e-011
2.19736e-011	2.45866e-011	2.2966e-011	1.78603e-011	1.42298e-011	1.56654e-011	2.01379e-011	2.22554e-011	1.94878e-011	1.49996e-011	1.37605e-011	1.66538e-011	1.96494e-011	1.89033e-011	1.5463e-011	1.3824e-011	1.61693e-011	1.9448e-011	1.89979e-011	1.43927e-011	1.03554e-011	1.1419e-011	1.65468e-011	2.01043e-011	1.8169e-011	1.29418e-011	1.02542e-011	1.31247e-011	1.86814e-011	2.16731e-011	2.02689e-011	1.75928e-011	1.76792e-011	2.08635e-011	2.38186e-011	2.37717e-011	2.17321e-011	2.10761e-011	2.33846e-011	2.64725e-011	2.68348e-011	2.36713e-011	1.99722e-011	1.94779e-011	2.27868e-011	2.6694e-011	2.73946e-011	2.42537e-011	2.03937e-011	1.96052e-011	2.26885e-011	2.68027e-011	2.8375e-011	2.66146e-011	2.4091e-011	2.38345e-011	2.60379e-011	2.79282e-011	2.70082e-011	2.40665e-011	2.23888e-011	2.38091e-011	2.61124e-011	2.51755e-011	1.98589e-011	1.4022e-011	1.27756e-011	1.66898e-011	2.06031e-011	1.89605e-011	1.20873e-011	6.20421e-012	6.75317e-012	1.23546e-011	1.63508e-011	1.43423e-011	9.09861e-012	7.10841e-012	1.07848e-011	1.55724e-011	1.55038e-011	1.06262e-011	7.24452e-012	1.03742e-011	1.73183e-011	2.03462e-011	1.57533e-011	8.69217e-012	7.72908e-012	1.50985e-011	2.39617e-011	2.60532e-011	2.0999e-011	1.65513e-011	1.95353e-011	2.81057e-011	3.42489e-011	3.33368e-011	2.93191e-011	2.95246e-011	3.55127e-011	4.10723e-011	3.97894e-011	3.30377e-011	2.86623e-011	3.17493e-011	3.84182e-011	4.01182e-011	3.35205e-011	2.44652e-011	2.1373e-011	2.5818e-011	3.11211e-011	3.03041e-011	2.39185e-011	1.87856e-011	1.96031e-011	2.35932e-011	2.43285e-011	1.97557e-011	1.46067e-011	1.44039e-011	1.84756e-011	2.05312e-011	1.61827e-011	8.42177e-012	4.451e-012	7.51267e-012	1.32466e-011	1.4756e-011	1.04053e-011	5.37262e-012	5.45735e-012	1.05962e-011	1.55077e-011	1.62436e-011	1.46075e-011	1.53458e-011	1.98817e-011	2.44039e-011	2.46347e-011	2.13579e-011	1.98016e-011	2.34074e-011	2.9422e-011	3.1756e-011	2.79677e-011	2.22313e-011	2.07475e-011	2.48577e-011	2.97831e-011	3.02972e-011	2.65891e-011	2.35505e-011	2.46262e-011	2.77532e-011	2.81974e-011	2.46487e-011	2.09666e-011
2.09612e-011	2.38157e-011	2.21847e-011	1.72874e-011	1.41626e-011	1.58761e-011	2.0001e-011	2.15866e-011	1.90234e-011	1.57337e-011	1.57403e-011	1.86389e-011	2.01833e-011	1.77328e-011	1.37646e-011	1.29752e-011	1.63965e-011	1.97719e-011	1.8414e-011	1.29007e-011	8.77044e-012	1.03788e-011	1.59765e-011	1.96848e-011	1.80532e-011	1.36914e-011	1.20289e-011	1.51846e-011	1.99668e-011	2.19221e-011	2.03971e-011	1.88004e-011	2.01648e-011	2.34965e-011	2.51305e-011	2.32606e-011	2.02064e-011	1.9802e-011	2.29755e-011	2.65673e-011	2.66936e-011	2.29336e-011	1.88473e-011	1.83689e-011	2.19099e-011	2.61006e-011	2.72339e-011	2.48226e-011	2.18115e-011	2.14621e-011	2.41566e-011	2.72615e-011	2.80211e-011	2.63985e-011	2.48919e-011	2.55529e-011	2.74961e-011	2.7795e-011	2.4968e-011	2.11265e-011	1.9989e-011	2.25743e-011	2.5456e-011	2.40921e-011	1.80165e-011	1.20031e-011	1.13225e-011	1.59327e-011	2.01908e-011	1.8842e-011	1.2828e-011	8.27764e-012	9.61283e-012	1.45704e-011	1.69431e-011	1.39193e-011	9.37676e-012	9.11429e-012	1.36177e-011	1.71552e-011	1.46204e-011	8.0964e-012	5.00596e-012	9.53626e-012	1.73237e-011	2.0021e-011	1.48556e-011	8.11006e-012	8.22198e-012	1.62701e-011	2.48226e-011	2.64845e-011	2.2195e-011	1.96816e-011	2.40914e-011	3.1976e-011	3.56726e-011	3.26641e-011	2.8593e-011	3.0285e-011	3.7207e-011	4.17581e-011	3.82496e-011	2.99422e-011	2.56387e-011	2.96399e-011	3.67744e-011	3.83238e-011	3.19436e-011	2.41146e-011	2.25031e-011	2.7328e-011	3.16679e-011	2.99102e-011	2.41127e-011	2.09399e-011	2.32573e-011	2.66704e-011	2.50702e-011	1.83082e-011	1.26231e-011	1.32423e-011	1.80149e-011	1.97383e-011	1.452e-011	6.38417e-012	2.77467e-012	6.24998e-012	1.19468e-011	1.34672e-011	1.00783e-011	6.94794e-012	8.61015e-012	1.37024e-011	1.70799e-011	1.6357e-011	1.47448e-011	1.67923e-011	2.23836e-011	2.64721e-011	2.50544e-011	2.02344e-011	1.81575e-011	2.20308e-011	2.83606e-011	3.08608e-011	2.75397e-011	2.27922e-011	2.22149e-011	2.63151e-011	3.03797e-011	3.03403e-011	2.74495e-011	2.62558e-011	2.85901e-011	3.1091e-011	2.9402e-011	2.39e-011	1.97392e-011
1.99779e-011	2.29429e-011	2.15982e-011	1.74986e-011	1.53285e-011	1.72805e-011	2.0556e-011	2.09709e-011	1.81511e-011	1.58664e-011	1.71052e-011	2.0077e-011	2.02666e-011	1.61628e-011	1.15679e-011	1.13762e-011	1.56848e-011	1.93496e-011	1.77648e-011	1.2217e-011	8.54739e-012	1.06356e-011	1.62013e-011	1.96139e-011	1.82534e-011	1.50745e-011	1.47308e-011	1.81151e-011	2.16764e-011	2.19604e-011	1.97288e-011	1.88237e-011	2.13459e-011	2.4991e-011	2.56801e-011	2.2366e-011	1.84358e-011	1.81108e-011	2.18859e-011	2.6002e-011	2.64109e-011	2.29057e-011	1.91606e-011	1.88978e-011	2.2292e-011	2.6137e-011	2.72641e-011	2.55573e-011	2.36555e-011	2.39474e-011	2.61091e-011	2.7678e-011	2.69214e-011	2.48463e-011	2.40843e-011	2.57565e-011	2.78127e-011	2.70005e-011	2.26458e-011	1.80205e-011	1.728e-011	2.08614e-011	2.44735e-011	2.33352e-011	1.74406e-011	1.19563e-011	1.1872e-011	1.65516e-011	2.03517e-011	1.88549e-011	1.37666e-011	1.0805e-011	1.29275e-011	1.68142e-011	1.68892e-011	1.22237e-011	7.97182e-012	9.27934e-012	1.47472e-011	1.75249e-011	1.32726e-011	5.77305e-012	3.20826e-012	8.92932e-012	1.73519e-011	2.00371e-011	1.52102e-011	9.75119e-012	1.12808e-011	1.94893e-011	2.67487e-011	2.71543e-011	2.32568e-011	2.25917e-011	2.83093e-011	3.52382e-011	3.61589e-011	3.07416e-011	2.62802e-011	2.91136e-011	3.68657e-011	4.08763e-011	3.61999e-011	2.75094e-011	2.39278e-011	2.87423e-011	3.58953e-011	3.7153e-011	3.14318e-011	2.55131e-011	2.57085e-011	3.05696e-011	3.31098e-011	2.94843e-011	2.3525e-011	2.17945e-011	2.53343e-011	2.81905e-011	2.4551e-011	1.59364e-011	9.77947e-012	1.09637e-011	1.62288e-011	1.79631e-011	1.2901e-011	5.65391e-012	3.22007e-012	7.11458e-012	1.21971e-011	1.31106e-011	1.0397e-011	9.18337e-012	1.24687e-011	1.73759e-011	1.88479e-011	1.61009e-011	1.38211e-011	1.65259e-011	2.28628e-011	2.68198e-011	2.46156e-011	1.92194e-011	1.71443e-011	2.1182e-011	2.74539e-011	3.0045e-011	2.76732e-011	2.46816e-011	2.55191e-011	2.95059e-011	3.20559e-011	3.05878e-011	2.7731e-011	2.78602e-011	3.12607e-011	3.32723e-011	2.97814e-011	2.25638e-011	1.78151e-011
1.9672e-011	2.23033e-011	2.11051e-011	1.7996e-011	1.7023e-011	1.92096e-011	2.132e-011	2.00823e-011	1.65376e-011	1.49169e-011	1.72627e-011	2.04895e-011	1.98054e-011	1.46114e-011	9.69909e-012	9.99937e-012	1.48905e-011	1.87864e-011	1.7425e-011	1.26001e-011	9.93931e-012	1.24619e-011	1.74159e-011	1.98228e-011	1.82728e-011	1.6154e-011	1.71812e-011	2.08226e-011	2.30742e-011	2.14681e-011	1.81989e-011	1.76219e-011	2.10979e-011	2.52377e-011	2.56017e-011	2.16491e-011	1.74082e-011	1.72159e-011	2.12545e-011	2.55888e-011	2.63805e-011	2.36496e-011	2.08306e-011	2.09978e-011	2.38999e-011	2.6664e-011	2.70336e-011	2.55768e-011	2.47033e-011	2.57816e-011	2.75508e-011	2.75506e-011	2.50373e-011	2.21586e-011	2.18648e-011	2.45558e-011	2.71469e-011	2.59968e-011	2.0945e-011	1.6038e-011	1.56598e-011	1.98349e-011	2.38642e-011	2.31096e-011	1.79858e-011	1.3589e-011	1.41204e-011	1.82262e-011	2.06074e-011	1.81826e-011	1.36762e-011	1.22963e-011	1.52926e-011	1.81477e-011	1.59094e-011	9.53144e-012	5.41537e-012	8.12775e-012	1.46482e-011	1.72792e-011	1.23889e-011	4.96534e-012	3.36486e-012	9.95188e-012	1.83738e-011	2.07505e-011	1.655e-011	1.28836e-011	1.59616e-011	2.3819e-011	2.88702e-011	2.71344e-011	2.30153e-011	2.38431e-011	3.07265e-011	3.68297e-011	3.53935e-011	2.80575e-011	2.34213e-011	2.72383e-011	3.56488e-011	3.94707e-011	3.46599e-011	2.68304e-011	2.46872e-011	3.01421e-011	3.65524e-011	3.67983e-011	3.14363e-011	2.74327e-011	2.93888e-011	3.39863e-011	3.42307e-011	2.81733e-011	2.14685e-011	2.06355e-011	2.51139e-011	2.76835e-011	2.2869e-011	1.34608e-011	7.50047e-012	9.26666e-012	1.47093e-011	1.64108e-011	1.20472e-011	6.55169e-012	5.88823e-012	1.01332e-011	1.3937e-011	1.33518e-011	1.05269e-011	1.06891e-011	1.5327e-011	2.0046e-011	1.97961e-011	1.51706e-011	1.20883e-011	1.50444e-011	2.18223e-011	2.5915e-011	2.38816e-011	1.91319e-011	1.78803e-011	2.21319e-011	2.78163e-011	2.99188e-011	2.82586e-011	2.71178e-011	2.95139e-011	3.33186e-011	3.39904e-011	3.04858e-011	2.69241e-011	2.77064e-011	3.18742e-011	3.37126e-011	2.92749e-011	2.12747e-011	1.64085e-011
2.02036e-011	2.1876e-011	2.03373e-011	1.80235e-011	1.82602e-011	2.07499e-011	2.17287e-011	1.87926e-011	1.4354e-011	1.3125e-011	1.63831e-011	2.00242e-011	1.9096e-011	1.36655e-011	9.02844e-012	9.82616e-012	1.48515e-011	1.85539e-011	1.74016e-011	1.36575e-011	1.23495e-011	1.52731e-011	1.91539e-011	1.98936e-011	1.75624e-011	1.61276e-011	1.84038e-011	2.24359e-011	2.37102e-011	2.057e-011	1.64072e-011	1.59991e-011	2.0168e-011	2.48208e-011	2.5387e-011	2.16643e-011	1.78445e-011	1.79638e-011	2.18624e-011	2.57877e-011	2.6552e-011	2.45937e-011	2.29508e-011	2.37169e-011	2.59646e-011	2.71374e-011	2.6079e-011	2.43009e-011	2.41848e-011	2.61495e-011	2.79219e-011	2.68504e-011	2.29433e-011	1.93321e-011	1.93302e-011	2.2878e-011	2.61823e-011	2.5343e-011	2.04827e-011	1.59373e-011	1.5931e-011	2.01031e-011	2.37883e-011	2.2992e-011	1.87054e-011	1.56709e-011	1.68658e-011	2.00105e-011	2.02961e-011	1.62857e-011	1.19385e-011	1.20112e-011	1.60488e-011	1.83368e-011	1.44457e-011	6.93493e-012	3.15507e-012	7.08348e-012	1.44695e-011	1.72562e-011	1.26106e-011	6.24433e-012	6.00943e-012	1.3006e-011	2.04692e-011	2.17135e-011	1.77996e-011	1.59174e-011	2.04933e-011	2.77211e-011	3.01498e-011	2.58718e-011	2.11671e-011	2.31633e-011	3.11053e-011	3.6783e-011	3.39557e-011	2.5832e-011	2.17029e-011	2.64596e-011	3.5111e-011	3.86149e-011	3.41602e-011	2.79839e-011	2.77203e-011	3.35204e-011	3.83226e-011	3.65882e-011	3.0844e-011	2.82782e-011	3.17098e-011	3.59574e-011	3.4039e-011	2.57585e-011	1.83242e-011	1.81229e-011	2.32985e-011	2.58631e-011	2.08712e-011	1.19896e-011	7.15951e-012	9.62406e-012	1.47299e-011	1.58291e-011	1.19665e-011	8.36516e-012	9.61569e-012	1.40734e-011	1.61398e-011	1.33877e-011	9.69706e-012	1.05406e-011	1.61385e-011	2.08277e-011	1.95678e-011	1.39525e-011	1.06042e-011	1.37649e-011	2.0652e-011	2.48341e-011	2.35267e-011	2.03436e-011	2.06201e-011	2.51401e-011	2.96556e-011	3.04053e-011	2.86795e-011	2.88833e-011	3.2627e-011	3.62859e-011	3.52403e-011	2.97621e-011	2.52603e-011	2.62175e-011	3.08228e-011	3.2768e-011	2.83679e-011	2.08213e-011	1.66401e-011
2.11943e-011	2.138e-011	1.89553e-011	1.70476e-011	1.83467e-011	2.12755e-011	2.15133e-011	1.73477e-011	1.22844e-011	1.13607e-011	1.52574e-011	1.92576e-011	1.85255e-011	1.36395e-011	9.89882e-012	1.12335e-011	1.58631e-011	1.86725e-011	1.72747e-011	1.45143e-011	1.46375e-011	1.79839e-011	2.06581e-011	1.94641e-011	1.60015e-011	1.48914e-011	1.82103e-011	2.27917e-011	2.36824e-011	1.98085e-011	1.53318e-011	1.51584e-011	1.96829e-011	2.45461e-011	2.54355e-011	2.24887e-011	1.96788e-011	2.02971e-011	2.3679e-011	2.64571e-011	2.64699e-011	2.48557e-011	2.43074e-011	2.58006e-011	2.75296e-011	2.70952e-011	2.43865e-011	2.19353e-011	2.22903e-011	2.51556e-011	2.73783e-011	2.6019e-011	2.15145e-011	1.76085e-011	1.78191e-011	2.18267e-011	2.55638e-011	2.52048e-011	2.10988e-011	1.74424e-011	1.78339e-011	2.14017e-011	2.38216e-011	2.22177e-011	1.8432e-011	1.67855e-011	1.87799e-011	2.10225e-011	1.91571e-011	1.34204e-011	9.03771e-012	1.04097e-011	1.55976e-011	1.79043e-011	1.33626e-011	5.70102e-012	2.68512e-012	7.54211e-012	1.51923e-011	1.78454e-011	1.37421e-011	8.98952e-012	1.03282e-011	1.72711e-011	2.28476e-011	2.20374e-011	1.77974e-011	1.73925e-011	2.33585e-011	3.00417e-011	3.01538e-011	2.37207e-011	1.86149e-011	2.1644e-011	3.04832e-011	3.60571e-011	3.2844e-011	2.52067e-011	2.23864e-011	2.79908e-011	3.61562e-011	3.86377e-011	3.42957e-011	2.98814e-011	3.15346e-011	3.73693e-011	3.99687e-011	3.55855e-011	2.88315e-011	2.71554e-011	3.1739e-011	3.57943e-011	3.24417e-011	2.29213e-011	1.54362e-011	1.59296e-011	2.15113e-011	2.40366e-011	1.9462e-011	1.2094e-011	9.13818e-012	1.23292e-011	1.64539e-011	1.60528e-011	1.19313e-011	9.73398e-012	1.26319e-011	1.72047e-011	1.75546e-011	1.2635e-011	7.86553e-012	8.9477e-012	1.51457e-011	1.9987e-011	1.86173e-011	1.32691e-011	1.06001e-011	1.41602e-011	2.07341e-011	2.45018e-011	2.37792e-011	2.23981e-011	2.44855e-011	2.92693e-011	3.22164e-011	3.09135e-011	2.82942e-011	2.90956e-011	3.37818e-011	3.74478e-011	3.53567e-011	2.87089e-011	2.37002e-011	2.47017e-011	2.93756e-011	3.1401e-011	2.76568e-011	2.15544e-011	1.87981e-011
2.20164e-011	2.05666e-011	1.69818e-011	1.51499e-011	1.72886e-011	2.07694e-011	2.08225e-011	1.62301e-011	1.11536e-011	1.06169e-011	1.47778e-011	1.87457e-011	1.82099e-011	1.42672e-011	1.18415e-011	1.37461e-011	1.7536e-011	1.87673e-011	1.65089e-011	1.43547e-011	1.57878e-011	1.96617e-011	2.14056e-011	1.85853e-011	1.41217e-011	1.31877e-011	1.72953e-011	2.24381e-011	2.34714e-011	1.97499e-011	1.57161e-011	1.59664e-011	2.04362e-011	2.48815e-011	2.57053e-011	2.35614e-011	2.20165e-011	2.32762e-011	2.59481e-011	2.70638e-011	2.56757e-011	2.38544e-011	2.41317e-011	2.64472e-011	2.8062e-011	2.65357e-011	2.25406e-011	1.9461e-011	2.0081e-011	2.36843e-011	2.65613e-011	2.55747e-011	2.13271e-011	1.77076e-011	1.81017e-011	2.19859e-011	2.54357e-011	2.51569e-011	2.18708e-011	1.93816e-011	2.02505e-011	2.28716e-011	2.337e-011	2.02885e-011	1.65716e-011	1.62086e-011	1.92105e-011	2.10161e-011	1.75948e-011	1.06192e-011	6.34903e-012	8.83988e-012	1.50166e-011	1.76351e-011	1.32845e-011	6.42989e-012	4.60648e-012	9.98917e-012	1.69785e-011	1.86796e-011	1.47972e-011	1.17103e-011	1.46428e-011	2.1268e-011	2.44808e-011	2.11279e-011	1.61592e-011	1.69255e-011	2.41869e-011	3.06741e-011	2.93366e-011	2.18076e-011	1.69847e-011	2.10513e-011	3.04055e-011	3.57556e-011	3.2676e-011	2.64036e-011	2.54471e-011	3.16738e-011	3.84847e-011	3.89482e-011	3.39945e-011	3.09269e-011	3.42423e-011	3.99581e-011	4.03434e-011	3.33885e-011	2.55854e-011	2.45292e-011	3.00006e-011	3.40789e-011	3.02319e-011	2.08074e-011	1.42931e-011	1.56937e-011	2.12225e-011	2.31748e-011	1.88948e-011	1.33083e-011	1.24824e-011	1.62855e-011	1.89004e-011	1.62381e-011	1.10524e-011	9.54419e-012	1.36383e-011	1.83506e-011	1.7532e-011	1.1225e-011	5.89746e-012	7.20747e-012	1.3699e-011	1.86545e-011	1.77751e-011	1.37409e-011	1.26395e-011	1.68166e-011	2.25863e-011	2.51129e-011	2.42359e-011	2.42046e-011	2.79151e-011	3.29366e-011	3.43306e-011	3.08741e-011	2.70021e-011	2.78357e-011	3.30365e-011	3.68627e-011	3.46024e-011	2.80054e-011	2.33874e-011	2.45831e-011	2.88821e-011	3.05088e-011	2.73576e-011	2.30405e-011	2.20713e-011
2.22035e-011	1.94672e-011	1.49085e-011	1.30509e-011	1.57717e-011	1.9743e-011	2.00233e-011	1.57878e-011	1.13923e-011	1.13968e-011	1.53816e-011	1.86497e-011	1.78597e-011	1.47853e-011	1.37961e-011	1.63153e-011	1.91047e-011	1.84319e-011	1.49158e-011	1.29924e-011	1.55199e-011	2.00497e-011	2.14129e-011	1.77411e-011	1.28655e-011	1.22008e-011	1.6778e-011	2.21869e-011	2.34993e-011	2.05086e-011	1.75364e-011	1.84012e-011	2.24204e-011	2.56973e-011	2.57444e-011	2.39978e-011	2.36409e-011	2.56495e-011	2.77246e-011	2.71604e-011	2.41632e-011	2.17901e-011	2.26005e-011	2.57515e-011	2.77163e-011	2.59005e-011	2.14041e-011	1.80878e-011	1.88481e-011	2.27857e-011	2.60647e-011	2.56406e-011	2.21943e-011	1.93489e-011	1.99363e-011	2.31224e-011	2.54066e-011	2.44672e-011	2.1674e-011	2.03992e-011	2.19267e-011	2.36968e-011	2.22078e-011	1.74578e-011	1.35755e-011	1.43505e-011	1.84996e-011	2.04488e-011	1.64094e-011	9.09491e-012	5.32806e-012	8.67214e-012	1.52742e-011	1.79279e-011	1.40633e-011	8.59494e-012	8.23115e-012	1.3731e-011	1.91389e-011	1.8938e-011	1.46566e-011	1.29692e-011	1.74332e-011	2.38062e-011	2.48618e-011	1.92385e-011	1.36695e-011	1.54809e-011	2.3891e-011	3.04753e-011	2.86441e-011	2.12845e-011	1.76008e-011	2.26876e-011	3.18734e-011	3.63135e-011	3.31706e-011	2.84711e-011	2.95166e-011	3.60805e-011	4.08761e-011	3.85636e-011	3.23348e-011	3.00819e-011	3.47302e-011	4.03991e-011	3.91641e-011	3.05232e-011	2.23371e-011	2.20012e-011	2.80924e-011	3.2157e-011	2.8435e-011	2.01876e-011	1.55231e-011	1.79586e-011	2.28179e-011	2.32966e-011	1.85826e-011	1.43557e-011	1.54274e-011	1.96787e-011	2.06539e-011	1.55797e-011	9.03298e-012	7.7359e-012	1.26139e-011	1.75513e-011	1.63746e-011	9.92751e-012	5.07206e-012	6.92571e-012	1.3383e-011	1.80166e-011	1.75778e-011	1.52373e-011	1.61417e-011	2.10237e-011	2.55862e-011	2.61123e-011	2.41973e-011	2.47278e-011	2.95832e-011	3.48518e-011	3.51787e-011	3.02209e-011	2.54626e-011	2.6192e-011	3.15332e-011	3.54663e-011	3.36567e-011	2.81951e-011	2.4894e-011	2.65234e-011	2.99628e-011	3.03795e-011	2.71365e-011	2.42449e-011	2.49638e-011
2.17005e-011	1.83935e-011	1.34556e-011	1.17162e-011	1.47267e-011	1.88391e-011	1.93548e-011	1.59071e-011	1.26988e-011	1.33851e-011	1.68125e-011	1.86909e-011	1.69978e-011	1.4398e-011	1.47243e-011	1.79426e-011	1.99477e-011	1.76056e-011	1.29192e-011	1.10731e-011	1.44452e-011	1.96318e-011	2.11245e-011	1.74948e-011	1.30012e-011	1.28359e-011	1.74935e-011	2.25466e-011	2.3765e-011	2.15632e-011	1.99315e-011	2.15463e-011	2.48916e-011	2.64621e-011	2.50858e-011	2.31995e-011	2.37627e-011	2.6602e-011	2.8476e-011	2.67545e-011	2.25208e-011	1.96318e-011	2.07488e-011	2.45669e-011	2.71064e-011	2.56835e-011	2.15273e-011	1.85057e-011	1.93304e-011	2.30143e-011	2.60073e-011	2.57747e-011	2.31958e-011	2.13919e-011	2.22637e-011	2.44462e-011	2.49406e-011	2.26755e-011	1.99373e-011	1.97913e-011	2.22285e-011	2.36359e-011	2.07185e-011	1.47089e-011	1.07491e-011	1.24797e-011	1.76451e-011	2.00375e-011	1.61837e-011	9.44563e-012	6.61133e-012	1.04496e-011	1.65959e-011	1.84835e-011	1.47961e-011	1.08109e-011	1.19955e-011	1.73845e-011	2.06985e-011	1.80306e-011	1.2899e-011	1.23152e-011	1.82378e-011	2.46722e-011	2.43377e-011	1.7403e-011	1.18823e-011	1.47701e-011	2.39789e-011	3.05444e-011	2.87433e-011	2.24832e-011	2.05882e-011	2.65476e-011	3.4713e-011	3.72307e-011	3.33169e-011	2.98445e-011	3.2698e-011	3.94186e-011	4.20693e-011	3.69293e-011	2.93253e-011	2.76205e-011	3.33338e-011	3.91151e-011	3.71271e-011	2.81189e-011	2.06322e-011	2.13164e-011	2.76245e-011	3.11726e-011	2.75146e-011	2.08309e-011	1.83949e-011	2.17985e-011	2.54106e-011	2.35724e-011	1.7578e-011	1.39954e-011	1.64828e-011	2.10907e-011	2.0804e-011	1.39628e-011	6.53063e-012	5.44972e-012	1.08156e-011	1.59264e-011	1.50031e-011	9.5536e-012	6.21687e-012	8.98702e-012	1.50148e-011	1.85487e-011	1.78679e-011	1.68517e-011	1.9635e-011	2.51702e-011	2.84237e-011	2.67007e-011	2.32762e-011	2.37273e-011	2.92112e-011	3.47481e-011	3.475e-011	2.94521e-011	2.47552e-011	2.56441e-011	3.07837e-011	3.44086e-011	3.30576e-011	2.92029e-011	2.77605e-011	2.99868e-011	3.21864e-011	3.06207e-011	2.63982e-011	2.41773e-011	2.61637e-011
2.08028e-011	1.76815e-011	1.31131e-011	1.17738e-011	1.47587e-011	1.84047e-011	1.87134e-011	1.5995e-011	1.41503e-011	1.56201e-011	1.83332e-011	1.84403e-011	1.53768e-011	1.28327e-011	1.42359e-011	1.82441e-011	1.99529e-011	1.66631e-011	1.13854e-011	9.73849e-012	1.3668e-011	1.92289e-011	2.09963e-011	1.80179e-011	1.45757e-011	1.51413e-011	1.94926e-011	2.343e-011	2.38439e-011	2.20421e-011	2.16841e-011	2.41398e-011	2.68909e-011	2.67145e-011	2.37052e-011	2.13406e-011	2.25284e-011	2.62036e-011	2.83458e-011	2.62872e-011	2.16099e-011	1.85758e-011	1.98402e-011	2.39088e-011	2.67915e-011	2.59774e-011	2.27003e-011	2.04233e-011	2.12897e-011	2.41503e-011	2.60132e-011	2.52599e-011	2.32296e-011	2.2523e-011	2.38908e-011	2.52042e-011	2.38538e-011	2.00427e-011	1.70903e-011	1.7929e-011	2.14498e-011	2.30906e-011	1.96399e-011	1.3191e-011	9.49061e-012	1.19176e-011	1.75763e-011	2.016e-011	1.67837e-011	1.1206e-011	9.61278e-012	1.35954e-011	1.83962e-011	1.85602e-011	1.44248e-011	1.16919e-011	1.44173e-011	1.97696e-011	2.11225e-011	1.61462e-011	1.02175e-011	1.0604e-011	1.7854e-011	2.46196e-011	2.37865e-011	1.67576e-011	1.21551e-011	1.61573e-011	2.5525e-011	3.1401e-011	2.94613e-011	2.45873e-011	2.47195e-011	3.13151e-011	3.77605e-011	3.75198e-011	3.21353e-011	2.93831e-011	3.37368e-011	4.06313e-011	4.1606e-011	3.44103e-011	2.60626e-011	2.50364e-011	3.15759e-011	3.74305e-011	3.53143e-011	2.70872e-011	2.12987e-011	2.32364e-011	2.91866e-011	3.1323e-011	2.7036e-011	2.15769e-011	2.12025e-011	2.53792e-011	2.74845e-011	2.30313e-011	1.53725e-011	1.19267e-011	1.5376e-011	2.03288e-011	1.9476e-011	1.20631e-011	4.81905e-012	4.36347e-012	9.96701e-012	1.48665e-011	1.4221e-011	1.02817e-011	9.06097e-012	1.29439e-011	1.81574e-011	1.97955e-011	1.79599e-011	1.74722e-011	2.16198e-011	2.77014e-011	2.99526e-011	2.64688e-011	2.18137e-011	2.2027e-011	2.77467e-011	3.34543e-011	3.37223e-011	2.92238e-011	2.56678e-011	2.71451e-011	3.17435e-011	3.43277e-011	3.28057e-011	3.02741e-011	3.06732e-011	3.3532e-011	3.44099e-011	3.05664e-011	2.48234e-011	2.25912e-011	2.53349e-011
1.98635e-011	1.73742e-011	1.37691e-011	1.31109e-011	1.5802e-011	1.83219e-011	1.77434e-011	1.53305e-011	1.47262e-011	1.70566e-011	1.92195e-011	1.77013e-011	1.32784e-011	1.06031e-011	1.28245e-011	1.76031e-011	1.94913e-011	1.61337e-011	1.10925e-011	9.93908e-012	1.40892e-011	1.94252e-011	2.11078e-011	1.88689e-011	1.67985e-011	1.82525e-011	2.20606e-011	2.43142e-011	2.3259e-011	2.13205e-011	2.19661e-011	2.53252e-011	2.78514e-011	2.64388e-011	2.2174e-011	1.93705e-011	2.09478e-011	2.52838e-011	2.79323e-011	2.6246e-011	2.19759e-011	1.93027e-011	2.05984e-011	2.43127e-011	2.68703e-011	2.63226e-011	2.39953e-011	2.2712e-011	2.37014e-011	2.54516e-011	2.55901e-011	2.36647e-011	2.17423e-011	2.20558e-011	2.42052e-011	2.51711e-011	2.25241e-011	1.75165e-011	1.4377e-011	1.60044e-011	2.05071e-011	2.27009e-011	1.94941e-011	1.34703e-011	1.04365e-011	1.32305e-011	1.85523e-011	2.05583e-011	1.7367e-011	1.30809e-011	1.2882e-011	1.68367e-011	1.97789e-011	1.76021e-011	1.25223e-011	1.07523e-011	1.49785e-011	2.05975e-011	2.0672e-011	1.42331e-011	8.08917e-012	9.47994e-012	1.77348e-011	2.4718e-011	2.38941e-011	1.77151e-011	1.47431e-011	1.97836e-011	2.8486e-011	3.26491e-011	2.98706e-011	2.60977e-011	2.8136e-011	3.51907e-011	3.96934e-011	3.65159e-011	2.94873e-011	2.71882e-011	3.27845e-011	3.99706e-011	4.00564e-011	3.20765e-011	2.40978e-011	2.41266e-011	3.115e-011	3.66072e-011	3.43532e-011	2.74024e-011	2.38227e-011	2.7021e-011	3.2015e-011	3.18312e-011	2.60386e-011	2.11091e-011	2.23178e-011	2.70908e-011	2.7905e-011	2.133e-011	1.24135e-011	9.11055e-012	1.32292e-011	1.84466e-011	1.76189e-011	1.08226e-011	4.93968e-012	5.62166e-012	1.1159e-011	1.51187e-011	1.41296e-011	1.14292e-011	1.22863e-011	1.72376e-011	2.14428e-011	2.0804e-011	1.72412e-011	1.65818e-011	2.15056e-011	2.8028e-011	2.98673e-011	2.56879e-011	2.07591e-011	2.10807e-011	2.67779e-011	3.22936e-011	3.28938e-011	2.97849e-011	2.80889e-011	3.0486e-011	3.42532e-011	3.50305e-011	3.24217e-011	3.04337e-011	3.22139e-011	3.56557e-011	3.5527e-011	2.98333e-011	2.27485e-011	2.02578e-011	2.33295e-011
1.90069e-011	1.71025e-011	1.46981e-011	1.49135e-011	1.72032e-011	1.81829e-011	1.61687e-011	1.3572e-011	1.39276e-011	1.71641e-011	1.91895e-011	1.66851e-011	1.14396e-011	8.76879e-012	1.15561e-011	1.68388e-011	1.90514e-011	1.62557e-011	1.21816e-011	1.18295e-011	1.58623e-011	2.02219e-011	2.11037e-011	1.92237e-011	1.84734e-011	2.09021e-011	2.42125e-011	2.46991e-011	2.19411e-011	1.95216e-011	2.08696e-011	2.51222e-011	2.78821e-011	2.60609e-011	2.13504e-011	1.84834e-011	2.02773e-011	2.48473e-011	2.7785e-011	2.67165e-011	2.34046e-011	2.15197e-011	2.27884e-011	2.55661e-011	2.69733e-011	2.60055e-011	2.43167e-011	2.40795e-011	2.54135e-011	2.62158e-011	2.45945e-011	2.12644e-011	1.91515e-011	2.03339e-011	2.34664e-011	2.47079e-011	2.16382e-011	1.61857e-011	1.31308e-011	1.52755e-011	2.02712e-011	2.27984e-011	2.01285e-011	1.51049e-011	1.3067e-011	1.59317e-011	2.00758e-011	2.0563e-011	1.69358e-011	1.37437e-011	1.49938e-011	1.90328e-011	2.02136e-011	1.57616e-011	9.71118e-012	8.75437e-012	1.43711e-011	2.05193e-011	2.01449e-011	1.33882e-011	7.87549e-012	1.03414e-011	1.90033e-011	2.55503e-011	2.45798e-011	1.95882e-011	1.85715e-011	2.44738e-011	3.17956e-011	3.33421e-011	2.89806e-011	2.58206e-011	2.94918e-011	3.69931e-011	3.99083e-011	3.44356e-011	2.63301e-011	2.4627e-011	3.12571e-011	3.86941e-011	3.85038e-011	3.09236e-011	2.441e-011	2.58333e-011	3.28232e-011	3.70046e-011	3.39582e-011	2.80363e-011	2.65925e-011	3.08669e-011	3.4548e-011	3.16104e-011	2.38435e-011	1.89168e-011	2.12345e-011	2.65095e-011	2.66034e-011	1.90164e-011	9.92224e-012	7.24007e-012	1.18416e-011	1.69753e-011	1.62497e-011	1.06956e-011	6.92334e-012	9.05596e-012	1.41751e-011	1.63757e-011	1.41174e-011	1.18791e-011	1.4298e-011	2.01249e-011	2.34611e-011	2.08615e-011	1.57477e-011	1.47236e-011	2.00052e-011	2.68134e-011	2.8775e-011	2.50546e-011	2.10471e-011	2.20725e-011	2.75488e-011	3.2227e-011	3.26003e-011	3.06935e-011	3.09497e-011	3.43627e-011	3.71846e-011	3.57562e-011	3.14049e-011	2.91831e-011	3.17303e-011	3.5663e-011	3.51251e-011	2.86128e-011	2.10695e-011	1.85844e-011	2.16776e-011
1.80671e-011	1.62882e-011	1.4957e-011	1.6133e-011	1.81542e-011	1.76508e-011	1.41077e-011	1.10716e-011	1.20957e-011	1.61839e-011	1.84919e-011	1.58382e-011	1.06125e-011	8.31195e-012	1.1408e-011	1.66392e-011	1.88316e-011	1.67119e-011	1.39798e-011	1.46423e-011	1.83392e-011	2.11313e-011	2.05143e-011	1.84381e-011	1.87282e-011	2.21703e-011	2.53114e-011	2.45059e-011	2.04097e-011	1.75528e-011	1.93688e-011	2.43338e-011	2.75692e-011	2.60726e-011	2.1795e-011	1.93761e-011	2.12521e-011	2.54353e-011	2.80033e-011	2.72363e-011	2.49654e-011	2.41024e-011	2.54026e-011	2.6954e-011	2.66349e-011	2.46106e-011	2.31183e-011	2.38478e-011	2.58313e-011	2.62385e-011	2.3412e-011	1.89887e-011	1.66569e-011	1.84874e-011	2.25212e-011	2.43835e-011	2.16544e-011	1.65687e-011	1.39635e-011	1.63034e-011	2.10066e-011	2.31386e-011	2.0732e-011	1.68626e-011	1.60263e-011	1.88538e-011	2.13364e-011	1.96665e-011	1.50745e-011	1.2694e-011	1.5397e-011	1.98436e-011	1.9892e-011	1.3906e-011	7.38452e-012	7.26057e-012	1.39728e-011	2.0548e-011	2.02121e-011	1.40687e-011	9.93246e-012	1.34588e-011	2.17434e-011	2.68303e-011	2.50137e-011	2.09715e-011	2.18623e-011	2.84762e-011	3.41274e-011	3.27559e-011	2.65481e-011	2.37181e-011	2.87778e-011	3.68123e-011	3.88397e-011	3.22631e-011	2.41832e-011	2.35059e-011	3.08856e-011	3.81339e-011	3.76947e-011	3.10984e-011	2.66887e-011	2.9608e-011	3.5975e-011	3.79263e-011	3.31905e-011	2.76401e-011	2.78916e-011	3.30204e-011	3.54647e-011	3.01106e-011	2.06912e-011	1.57667e-011	1.89074e-011	2.45737e-011	2.44974e-011	1.71015e-011	9.09683e-012	7.67077e-012	1.25387e-011	1.69071e-011	1.57203e-011	1.12407e-011	9.6502e-012	1.32253e-011	1.76641e-011	1.76053e-011	1.34141e-011	1.0894e-011	1.42364e-011	2.07194e-011	2.3616e-011	1.99937e-011	1.42558e-011	1.32646e-011	1.87098e-011	2.54774e-011	2.76669e-011	2.50943e-011	2.28918e-011	2.5123e-011	3.01959e-011	3.3304e-011	3.2538e-011	3.10655e-011	3.28121e-011	3.71256e-011	3.9171e-011	3.57881e-011	2.97357e-011	2.69521e-011	2.97699e-011	3.40268e-011	3.36404e-011	2.74912e-011	2.06871e-011	1.87783e-011	2.1664e-011
1.67893e-011	1.45585e-011	1.39596e-011	1.60907e-011	1.81754e-011	1.67222e-011	1.2108e-011	8.75205e-012	1.02169e-011	1.49041e-011	1.76278e-011	1.5456e-011	1.10384e-011	9.51943e-012	1.26787e-011	1.71467e-011	1.86019e-011	1.67777e-011	1.53549e-011	1.71312e-011	2.05155e-011	2.1605e-011	1.92055e-011	1.65615e-011	1.75749e-011	2.19965e-011	2.53973e-011	2.41136e-011	1.95017e-011	1.66047e-011	1.87262e-011	2.39764e-011	2.74804e-011	2.65832e-011	2.3319e-011	2.17791e-011	2.36567e-011	2.68502e-011	2.82268e-011	2.70925e-011	2.55588e-011	2.57602e-011	2.73055e-011	2.78034e-011	2.57396e-011	2.24257e-011	2.08106e-011	2.23424e-011	2.51934e-011	2.58576e-011	2.26983e-011	1.78825e-011	1.55373e-011	1.77147e-011	2.21804e-011	2.44756e-011	2.23833e-011	1.82194e-011	1.63892e-011	1.86627e-011	2.22832e-011	2.311e-011	2.03574e-011	1.74713e-011	1.79507e-011	2.09102e-011	2.18298e-011	1.80055e-011	1.2351e-011	1.06119e-011	1.46847e-011	1.9816e-011	1.95186e-011	1.30661e-011	6.87321e-012	7.66736e-012	1.49218e-011	2.12985e-011	2.08559e-011	1.56956e-011	1.33313e-011	1.78109e-011	2.50138e-011	2.76889e-011	2.42363e-011	2.06641e-011	2.32297e-011	3.05359e-011	3.47742e-011	3.09854e-011	2.34014e-011	2.10287e-011	2.72889e-011	3.58118e-011	3.75332e-011	3.1033e-011	2.4135e-011	2.49148e-011	3.25902e-011	3.87946e-011	3.74858e-011	3.17141e-011	2.94452e-011	3.37228e-011	3.90489e-011	3.82186e-011	3.12432e-011	2.55271e-011	2.70042e-011	3.28359e-011	3.44938e-011	2.77261e-011	1.77096e-011	1.33144e-011	1.71495e-011	2.28888e-011	2.2754e-011	1.62662e-011	1.02423e-011	1.05085e-011	1.53379e-011	1.81102e-011	1.55346e-011	1.13918e-011	1.14988e-011	1.62718e-011	2.00208e-011	1.78436e-011	1.17797e-011	8.74286e-012	1.25631e-011	1.94823e-011	2.23927e-011	1.88778e-011	1.37848e-011	1.35597e-011	1.90975e-011	2.52637e-011	2.71951e-011	2.56887e-011	2.55116e-011	2.91328e-011	3.36863e-011	3.47499e-011	3.21003e-011	3.02148e-011	3.276e-011	3.7749e-011	3.94325e-011	3.49632e-011	2.8019e-011	2.49544e-011	2.77782e-011	3.2029e-011	3.19546e-011	2.69468e-011	2.18524e-011	2.10697e-011	2.35654e-011
1.5125e-011	1.20855e-011	1.1866e-011	1.4845e-011	1.73382e-011	1.5697e-011	1.08358e-011	7.58639e-012	9.32977e-012	1.41252e-011	1.69399e-011	1.53829e-011	1.22084e-011	1.17723e-011	1.48384e-011	1.79543e-011	1.79365e-011	1.58169e-011	1.54033e-011	1.83065e-011	2.16575e-011	2.14593e-011	1.76026e-011	1.44248e-011	1.59281e-011	2.1141e-011	2.50351e-011	2.40181e-011	1.98045e-011	1.74146e-011	1.97203e-011	2.46319e-011	2.77502e-011	2.71577e-011	2.50099e-011	2.45794e-011	2.64938e-011	2.83894e-011	2.79995e-011	2.58707e-011	2.46307e-011	2.58074e-011	2.79047e-011	2.79221e-011	2.46839e-011	2.03757e-011	1.85681e-011	2.06525e-011	2.42983e-011	2.55915e-011	2.28618e-011	1.8421e-011	1.63736e-011	1.8559e-011	2.26987e-011	2.47352e-011	2.30233e-011	1.99431e-011	1.91233e-011	2.12768e-011	2.33743e-011	2.22597e-011	1.86114e-011	1.64302e-011	1.82735e-011	2.17293e-011	2.16946e-011	1.63734e-011	1.00704e-011	8.96489e-012	1.41396e-011	1.98798e-011	1.97127e-011	1.37002e-011	8.59048e-012	1.03404e-011	1.74068e-011	2.25827e-011	2.13414e-011	1.6965e-011	1.63993e-011	2.17329e-011	2.75316e-011	2.73901e-011	2.19412e-011	1.85258e-011	2.25346e-011	3.06006e-011	3.40391e-011	2.89163e-011	2.10041e-011	1.95372e-011	2.67589e-011	3.53553e-011	3.6815e-011	3.10332e-011	2.60626e-011	2.85002e-011	3.59119e-011	4.00884e-011	3.69948e-011	3.14319e-011	3.09248e-011	3.63321e-011	4.05829e-011	3.71556e-011	2.81633e-011	2.22661e-011	2.46966e-011	3.10989e-011	3.24695e-011	2.54763e-011	1.61931e-011	1.30708e-011	1.74714e-011	2.26503e-011	2.19483e-011	1.63047e-011	1.24577e-011	1.44739e-011	1.89627e-011	1.9535e-011	1.48245e-011	1.02469e-011	1.13885e-011	1.70483e-011	2.03767e-011	1.68688e-011	9.7949e-012	6.66149e-012	1.08109e-011	1.78609e-011	2.09077e-011	1.82607e-011	1.484e-011	1.60459e-011	2.16075e-011	2.64879e-011	2.72748e-011	2.61072e-011	2.7529e-011	3.23951e-011	3.64773e-011	3.5581e-011	3.09498e-011	2.82397e-011	3.10184e-011	3.64133e-011	3.81703e-011	3.37225e-011	2.7123e-011	2.44819e-011	2.72318e-011	3.09374e-011	3.07543e-011	2.69168e-011	2.38816e-011	2.45047e-011	2.65167e-011
1.33741e-011	9.59181e-012	9.52553e-012	1.31039e-011	1.61127e-011	1.48913e-011	1.06115e-011	7.99575e-012	9.90506e-012	1.41769e-011	1.63808e-011	1.50551e-011	1.31119e-011	1.3892e-011	1.68917e-011	1.84746e-011	1.66315e-011	1.3791e-011	1.40358e-011	1.79966e-011	2.16947e-011	2.09822e-011	1.64841e-011	1.31956e-011	1.5056e-011	2.06462e-011	2.48341e-011	2.4383e-011	2.11893e-011	1.9771e-011	2.21859e-011	2.61425e-011	2.80451e-011	2.70953e-011	2.57657e-011	2.6476e-011	2.86198e-011	2.93798e-011	2.721e-011	2.38567e-011	2.25785e-011	2.45506e-011	2.74226e-011	2.7637e-011	2.41111e-011	1.94843e-011	1.7637e-011	1.99358e-011	2.39122e-011	2.56735e-011	2.36772e-011	2.01421e-011	1.86932e-011	2.06335e-011	2.36946e-011	2.45957e-011	2.26671e-011	2.05137e-011	2.08612e-011	2.31214e-011	2.38184e-011	2.07299e-011	1.6027e-011	1.43533e-011	1.7502e-011	2.17613e-011	2.15381e-011	1.57167e-011	9.50198e-012	9.1111e-012	1.48777e-011	2.06433e-011	2.04799e-011	1.52994e-011	1.17265e-011	1.44017e-011	2.06179e-011	2.3626e-011	2.0764e-011	1.67009e-011	1.77497e-011	2.39391e-011	2.85257e-011	2.5935e-011	1.88429e-011	1.56698e-011	2.09442e-011	2.97214e-011	3.28989e-011	2.75826e-011	2.05139e-011	2.04489e-011	2.82383e-011	3.60778e-011	3.66779e-011	3.15251e-011	2.86259e-011	3.26525e-011	3.93528e-011	4.08478e-011	3.53355e-011	2.94326e-011	3.0238e-011	3.65929e-011	4.01101e-011	3.49651e-011	2.49563e-011	1.94331e-011	2.27421e-011	2.94264e-011	3.06437e-011	2.4211e-011	1.66799e-011	1.53949e-011	2.01201e-011	2.39109e-011	2.17215e-011	1.62393e-011	1.41483e-011	1.76573e-011	2.16748e-011	2.00192e-011	1.31108e-011	7.81715e-012	9.52584e-012	1.57908e-011	1.90559e-011	1.52877e-011	8.50632e-012	6.11611e-012	1.06347e-011	1.73305e-011	2.00952e-011	1.83391e-011	1.69483e-011	1.98771e-011	2.53688e-011	2.84366e-011	2.72678e-011	2.55492e-011	2.78308e-011	3.36086e-011	3.74571e-011	3.52874e-011	2.93772e-011	2.6107e-011	2.8874e-011	3.43406e-011	3.63129e-011	3.26969e-011	2.75422e-011	2.60699e-011	2.87403e-011	3.12541e-011	3.01118e-011	2.67857e-011	2.54862e-011	2.74641e-011	2.90696e-011
1.20372e-011	7.97244e-012	7.99206e-012	1.17597e-011	1.49863e-011	1.43282e-011	1.1122e-011	9.55494e-012	1.1585e-011	1.47898e-011	1.56221e-011	1.38897e-011	1.28472e-011	1.48324e-011	1.79967e-011	1.8386e-011	1.49737e-011	1.1411e-011	1.20717e-011	1.68893e-011	2.11453e-011	2.06548e-011	1.64586e-011	1.36633e-011	1.58085e-011	2.11734e-011	2.50075e-011	2.48438e-011	2.27999e-011	2.25987e-011	2.51471e-011	2.78149e-011	2.79092e-011	2.59697e-011	2.5008e-011	2.67534e-011	2.94186e-011	2.96182e-011	2.6252e-011	2.19703e-011	2.05626e-011	2.30563e-011	2.66321e-011	2.74409e-011	2.44041e-011	2.0202e-011	1.85776e-011	2.07213e-011	2.42799e-011	2.58466e-011	2.43416e-011	2.18702e-011	2.12604e-011	2.29349e-011	2.45176e-011	2.36611e-011	2.09527e-011	1.94431e-011	2.10386e-011	2.38158e-011	2.37248e-011	1.92584e-011	1.38305e-011	1.2614e-011	1.68176e-011	2.18374e-011	2.1901e-011	1.64549e-011	1.10714e-011	1.14694e-011	1.7159e-011	2.19913e-011	2.11611e-011	1.66509e-011	1.47161e-011	1.82914e-011	2.33456e-011	2.37145e-011	1.87865e-011	1.46895e-011	1.71391e-011	2.42543e-011	2.81734e-011	2.41004e-011	1.63255e-011	1.38294e-011	2.01619e-011	2.92573e-011	3.22207e-011	2.73776e-011	2.19731e-011	2.36016e-011	3.14431e-011	3.75247e-011	3.63287e-011	3.1222e-011	3.00845e-011	3.54931e-011	4.13646e-011	4.02148e-011	3.23897e-011	2.60995e-011	2.79596e-011	3.51168e-011	3.83427e-011	3.26251e-011	2.29583e-011	1.86412e-011	2.27871e-011	2.91717e-011	2.97775e-011	2.394e-011	1.84916e-011	1.91952e-011	2.39357e-011	2.56525e-011	2.11578e-011	1.50524e-011	1.40584e-011	1.86891e-011	2.23587e-011	1.90993e-011	1.07636e-011	5.17348e-012	7.33423e-012	1.39096e-011	1.72318e-011	1.40073e-011	8.66368e-012	7.83192e-012	1.27647e-011	1.84775e-011	2.01115e-011	1.85808e-011	1.88603e-011	2.33728e-011	2.87498e-011	2.99357e-011	2.65772e-011	2.38151e-011	2.63294e-011	3.2649e-011	3.65591e-011	3.41131e-011	2.81504e-011	2.5116e-011	2.7914e-011	3.30039e-011	3.4833e-011	3.2165e-011	2.89461e-011	2.90801e-011	3.16806e-011	3.25021e-011	2.95615e-011	2.58348e-011	2.55556e-011	2.8608e-011	3.0073e-011
1.14619e-011	7.75182e-012	7.90665e-012	1.1355e-011	1.41398e-011	1.36622e-011	1.15407e-011	1.12119e-011	1.34307e-011	1.5367e-011	1.44034e-011	1.17616e-011	1.12134e-011	1.42857e-011	1.79304e-011	1.78305e-011	1.36283e-011	9.78059e-012	1.07632e-011	1.60501e-011	2.06714e-011	2.07167e-011	1.74893e-011	1.57135e-011	1.8112e-011	2.26437e-011	2.52841e-011	2.47404e-011	2.35493e-011	2.45876e-011	2.74358e-011	2.89475e-011	2.7204e-011	2.40392e-011	2.31037e-011	2.56863e-011	2.90875e-011	2.9418e-011	2.57643e-011	2.12317e-011	1.98204e-011	2.24678e-011	2.62811e-011	2.75463e-011	2.53177e-011	2.20551e-011	2.09231e-011	2.26466e-011	2.50541e-011	2.55771e-011	2.39773e-011	2.24147e-011	2.28214e-011	2.45005e-011	2.47597e-011	2.20992e-011	1.84021e-011	1.7304e-011	2.0101e-011	2.37349e-011	2.36171e-011	1.87081e-011	1.32172e-011	1.25106e-011	1.72882e-011	2.25303e-011	2.2777e-011	1.8111e-011	1.40514e-011	1.52801e-011	2.02951e-011	2.32457e-011	2.09166e-011	1.66195e-011	1.61955e-011	2.0724e-011	2.47855e-011	2.27787e-011	1.6022e-011	1.19209e-011	1.56003e-011	2.35999e-011	2.73518e-011	2.28774e-011	1.557e-011	1.42839e-011	2.13361e-011	2.99496e-011	3.21168e-011	2.7707e-011	2.42045e-011	2.75383e-011	3.4982e-011	3.85687e-011	3.4855e-011	2.92226e-011	2.94214e-011	3.60189e-011	4.13078e-011	3.8255e-011	2.90276e-011	2.29026e-011	2.57852e-011	3.34834e-011	3.65614e-011	3.10992e-011	2.28969e-011	2.04755e-011	2.5296e-011	3.05718e-011	2.96603e-011	2.37992e-011	2.01012e-011	2.25646e-011	2.71043e-011	2.65644e-011	1.95754e-011	1.25186e-011	1.21434e-011	1.75659e-011	2.11453e-011	1.72668e-011	8.80297e-012	3.83386e-012	6.58264e-012	1.3051e-011	1.60703e-011	1.35097e-011	1.01012e-011	1.12424e-011	1.65391e-011	2.07091e-011	2.0353e-011	1.81394e-011	1.93353e-011	2.5022e-011	3.036e-011	3.01608e-011	2.51832e-011	2.15999e-011	2.41024e-011	3.06105e-011	3.46827e-011	3.27687e-011	2.79446e-011	2.60576e-011	2.90489e-011	3.32274e-011	3.41262e-011	3.18075e-011	3.02742e-011	3.20098e-011	3.45874e-011	3.3642e-011	2.85772e-011	2.38472e-011	2.38996e-011	2.76588e-011	2.93113e-011
1.15358e-011	8.72361e-012	9.12728e-012	1.18139e-011	1.34037e-011	1.24242e-011	1.10197e-011	1.1899e-011	1.45007e-011	1.54313e-011	1.28349e-011	9.21634e-012	8.88964e-012	1.28248e-011	1.71218e-011	1.72348e-011	1.31962e-011	9.731e-012	1.10437e-011	1.62499e-011	2.06069e-011	2.09224e-011	1.88243e-011	1.83505e-011	2.1041e-011	2.43882e-011	2.52116e-011	2.36318e-011	2.28253e-011	2.49726e-011	2.8381e-011	2.92901e-011	2.629e-011	2.22017e-011	2.11956e-011	2.43268e-011	2.83893e-011	2.92684e-011	2.61303e-011	2.20926e-011	2.0914e-011	2.33168e-011	2.66169e-011	2.76966e-011	2.60484e-011	2.38766e-011	2.34665e-011	2.47593e-011	2.56446e-011	2.45203e-011	2.22552e-011	2.13069e-011	2.28269e-011	2.49604e-011	2.45269e-011	2.06195e-011	1.61867e-011	1.53942e-011	1.9142e-011	2.36177e-011	2.39519e-011	1.94403e-011	1.45942e-011	1.44813e-011	1.92152e-011	2.37723e-011	2.35615e-011	1.9545e-011	1.69751e-011	1.90925e-011	2.3167e-011	2.37393e-011	1.9404e-011	1.49427e-011	1.58403e-011	2.14194e-011	2.49965e-011	2.14782e-011	1.37512e-011	1.00439e-011	1.47687e-011	2.32879e-011	2.6922e-011	2.27173e-011	1.67447e-011	1.70401e-011	2.4354e-011	3.14873e-011	3.19046e-011	2.73681e-011	2.55262e-011	3.04018e-011	3.72776e-011	3.8269e-011	3.20109e-011	2.57497e-011	2.70323e-011	3.46647e-011	3.97519e-011	3.58688e-011	2.65831e-011	2.15125e-011	2.54535e-011	3.31628e-011	3.56772e-011	3.05888e-011	2.43125e-011	2.40506e-011	2.92606e-011	3.26831e-011	2.93742e-011	2.27015e-011	2.01243e-011	2.39519e-011	2.82931e-011	2.59551e-011	1.71286e-011	9.51896e-012	9.67414e-012	1.5602e-011	1.91971e-011	1.55209e-011	8.16514e-012	4.76811e-012	8.2633e-012	1.40572e-011	1.59699e-011	1.34832e-011	1.17435e-011	1.47602e-011	2.03146e-011	2.27363e-011	2.00268e-011	1.65645e-011	1.80023e-011	2.44048e-011	2.98547e-011	2.91286e-011	2.37059e-011	2.01467e-011	2.27741e-011	2.90962e-011	3.3022e-011	3.18308e-011	2.87688e-011	2.8626e-011	3.19382e-011	3.47449e-011	3.3862e-011	3.09608e-011	3.03738e-011	3.33623e-011	3.60414e-011	3.37974e-011	2.70667e-011	2.14132e-011	2.14491e-011	2.55365e-011	2.75218e-011
1.16727e-011	1.00244e-011	1.08303e-011	1.25788e-011	1.2495e-011	1.04215e-011	9.25211e-012	1.11602e-011	1.43855e-011	1.49223e-011	1.14018e-011	7.23127e-012	7.06678e-012	1.15115e-011	1.62744e-011	1.6916e-011	1.37472e-011	1.12739e-011	1.29715e-011	1.75352e-011	2.07903e-011	2.06972e-011	1.9428e-011	2.02753e-011	2.34021e-011	2.56572e-011	2.45947e-011	2.17188e-011	2.09373e-011	2.39726e-011	2.81321e-011	2.9124e-011	2.57929e-011	2.14786e-011	2.05301e-011	2.38297e-011	2.80844e-011	2.93928e-011	2.71127e-011	2.40866e-011	2.33877e-011	2.52611e-011	2.73181e-011	2.73813e-011	2.57368e-011	2.44957e-011	2.49868e-011	2.61444e-011	2.56934e-011	2.28778e-011	1.97047e-011	1.91018e-011	2.16879e-011	2.4643e-011	2.42854e-011	2.00197e-011	1.54361e-011	1.49515e-011	1.91753e-011	2.39897e-011	2.46926e-011	2.09819e-011	1.72858e-011	1.78588e-011	2.20169e-011	2.49797e-011	2.34849e-011	1.96742e-011	1.85207e-011	2.1648e-011	2.49669e-011	2.3358e-011	1.71517e-011	1.24948e-011	1.45473e-011	2.1157e-011	2.47293e-011	2.07187e-011	1.31267e-011	1.03602e-011	1.58452e-011	2.41274e-011	2.70838e-011	2.31466e-011	1.88282e-011	2.0807e-011	2.79626e-011	3.28249e-011	3.06898e-011	2.5423e-011	2.48401e-011	3.10713e-011	3.75486e-011	3.65437e-011	2.85293e-011	2.21522e-011	2.4509e-011	3.29359e-011	3.79599e-011	3.40844e-011	2.59308e-011	2.2712e-011	2.76336e-011	3.4575e-011	3.56362e-011	3.03644e-011	2.57833e-011	2.75137e-011	3.28494e-011	3.41009e-011	2.80785e-011	2.02152e-011	1.828e-011	2.31122e-011	2.74191e-011	2.4163e-011	1.47614e-011	7.56612e-012	8.47095e-012	1.45497e-011	1.78503e-011	1.45824e-011	8.96852e-012	7.69257e-012	1.19482e-011	1.64942e-011	1.64089e-011	1.30908e-011	1.22851e-011	1.67293e-011	2.2481e-011	2.34633e-011	1.88236e-011	1.42746e-011	1.56992e-011	2.24374e-011	2.80417e-011	2.75636e-011	2.29381e-011	2.04475e-011	2.35119e-011	2.92221e-011	3.22851e-011	3.12929e-011	2.9837e-011	3.15074e-011	3.51869e-011	3.64668e-011	3.33667e-011	2.91904e-011	2.87838e-011	3.25455e-011	3.54873e-011	3.27867e-011	2.54959e-011	1.96679e-011	1.97459e-011	2.37657e-011	2.58275e-011
1.11448e-011	1.06205e-011	1.20093e-011	1.3022e-011	1.13265e-011	7.99779e-012	6.73302e-012	9.40526e-012	1.33704e-011	1.4153e-011	1.06416e-011	6.64044e-012	6.74672e-012	1.12356e-011	1.58721e-011	1.67898e-011	1.46837e-011	1.35433e-011	1.5715e-011	1.92937e-011	2.07939e-011	1.95966e-011	1.86561e-011	2.06615e-011	2.4441e-011	2.61116e-011	2.37171e-011	1.98423e-011	1.89908e-011	2.26182e-011	2.74453e-011	2.89463e-011	2.61161e-011	2.23492e-011	2.16996e-011	2.47576e-011	2.84485e-011	2.95565e-011	2.79212e-011	2.6055e-011	2.60493e-011	2.73754e-011	2.78305e-011	2.62892e-011	2.40762e-011	2.34574e-011	2.4948e-011	2.64479e-011	2.53176e-011	2.13534e-011	1.74685e-011	1.70489e-011	2.04356e-011	2.42172e-011	2.44219e-011	2.06042e-011	1.65265e-011	1.64142e-011	2.05242e-011	2.4815e-011	2.52735e-011	2.22511e-011	1.99121e-011	2.13005e-011	2.46778e-011	2.55545e-011	2.22276e-011	1.82162e-011	1.83116e-011	2.25879e-011	2.56537e-011	2.2648e-011	1.53249e-011	1.0815e-011	1.38514e-011	2.11628e-011	2.47913e-011	2.09552e-011	1.43902e-011	1.30044e-011	1.88642e-011	2.59423e-011	2.72669e-011	2.30598e-011	2.02233e-011	2.37882e-011	3.06015e-011	3.29831e-011	2.81354e-011	2.19611e-011	2.2379e-011	2.98088e-011	3.62099e-011	3.41871e-011	2.57025e-011	2.01161e-011	2.36424e-011	3.23814e-011	3.69578e-011	3.32684e-011	2.6821e-011	2.58357e-011	3.15013e-011	3.68937e-011	3.55656e-011	2.932e-011	2.5848e-011	2.91824e-011	3.45533e-011	3.39309e-011	2.57185e-011	1.702e-011	1.56567e-011	2.12169e-011	2.55733e-011	2.22138e-011	1.35344e-011	7.82261e-012	9.74747e-012	1.54762e-011	1.77276e-011	1.43604e-011	1.03361e-011	1.116e-011	1.6044e-011	1.90233e-011	1.64577e-011	1.16799e-011	1.11059e-011	1.64542e-011	2.2418e-011	2.26651e-011	1.71822e-011	1.24057e-011	1.40231e-011	2.0781e-011	2.62667e-011	2.62852e-011	2.31976e-011	2.2525e-011	2.62765e-011	3.09693e-011	3.23271e-011	3.06094e-011	3.00303e-011	3.31319e-011	3.71869e-011	3.72336e-011	3.22151e-011	2.67505e-011	2.61301e-011	3.02257e-011	3.34788e-011	3.11256e-011	2.45391e-011	1.9586e-011	2.00115e-011	2.35382e-011	2.49974e-011
9.56853e-012	9.91834e-012	1.20519e-011	1.28355e-011	1.01359e-011	5.92942e-012	4.5255e-012	7.64075e-012	1.2163e-011	1.34935e-011	1.07208e-011	7.58954e-012	8.1464e-012	1.22113e-011	1.59138e-011	1.64206e-011	1.50713e-011	1.52894e-011	1.80735e-011	2.0723e-011	2.03446e-011	1.77353e-011	1.67309e-011	1.96408e-011	2.42248e-011	2.59652e-011	2.31622e-011	1.90109e-011	1.82445e-011	2.20943e-011	2.71221e-011	2.90264e-011	2.70667e-011	2.43851e-011	2.42809e-011	2.6798e-011	2.9188e-011	2.92703e-011	2.77072e-011	2.68314e-011	2.76857e-011	2.87643e-011	2.78242e-011	2.4646e-011	2.1605e-011	2.13102e-011	2.37442e-011	2.59748e-011	2.49526e-011	2.07052e-011	1.66302e-011	1.63389e-011	2.00388e-011	2.41667e-011	2.48667e-011	2.18903e-011	1.88113e-011	1.91839e-011	2.26985e-011	2.5599e-011	2.49996e-011	2.2228e-011	2.12107e-011	2.36006e-011	2.64196e-011	2.5373e-011	2.02631e-011	1.59522e-011	1.7124e-011	2.25557e-011	2.5843e-011	2.24029e-011	1.5006e-011	1.11796e-011	1.49594e-011	2.22708e-011	2.54291e-011	2.1799e-011	1.66502e-011	1.68434e-011	2.2721e-011	2.77922e-011	2.6626e-011	2.15163e-011	1.97874e-011	2.47819e-011	3.13771e-011	3.17478e-011	2.48357e-011	1.81957e-011	1.96078e-011	2.80124e-011	3.44627e-011	3.22414e-011	2.45049e-011	2.05872e-011	2.52873e-011	3.3598e-011	3.68529e-011	3.28436e-011	2.79711e-011	2.91351e-011	3.52677e-011	3.86809e-011	3.45191e-011	2.68593e-011	2.4019e-011	2.85843e-011	3.40713e-011	3.2336e-011	2.31247e-011	1.45756e-011	1.40713e-011	2.00629e-011	2.41995e-011	2.10122e-011	1.38141e-011	1.02748e-011	1.33173e-011	1.81287e-011	1.8421e-011	1.40688e-011	1.09478e-011	1.3426e-011	1.87762e-011	2.03226e-011	1.55452e-011	9.39816e-012	8.78792e-012	1.46353e-011	2.07895e-011	2.10185e-011	1.59516e-011	1.20936e-011	1.4346e-011	2.07993e-011	2.55214e-011	2.55936e-011	2.39962e-011	2.53062e-011	2.98157e-011	3.32773e-011	3.24024e-011	2.91943e-011	2.86705e-011	3.26321e-011	3.70652e-011	3.65356e-011	3.05775e-011	2.45527e-011	2.38276e-011	2.79094e-011	3.12311e-011	2.95508e-011	2.45137e-011	2.1288e-011	2.2378e-011	2.50226e-011	2.50293e-011
7.22379e-012	8.1221e-012	1.10445e-011	1.21497e-011	9.3219e-012	4.98633e-012	3.65467e-012	6.85759e-012	1.14031e-011	1.30455e-011	1.12344e-011	9.38951e-012	1.05775e-011	1.39277e-011	1.60334e-011	1.53889e-011	1.42516e-011	1.56268e-011	1.91907e-011	2.13554e-011	1.95972e-011	1.58476e-011	1.46817e-011	1.81968e-011	2.34877e-011	2.57175e-011	2.33591e-011	1.97486e-011	1.93483e-011	2.30276e-011	2.75026e-011	2.91866e-011	2.78966e-011	2.6453e-011	2.70957e-011	2.9037e-011	2.97612e-011	2.82335e-011	2.61666e-011	2.59564e-011	2.77567e-011	2.90761e-011	2.74223e-011	2.31562e-011	1.94538e-011	1.92775e-011	2.23707e-011	2.53515e-011	2.49385e-011	2.11939e-011	1.75365e-011	1.74018e-011	2.08316e-011	2.44762e-011	2.50821e-011	2.284e-011	2.09832e-011	2.20182e-011	2.479e-011	2.58314e-011	2.36015e-011	2.06433e-011	2.07889e-011	2.436e-011	2.71358e-011	2.4892e-011	1.86516e-011	1.43098e-011	1.63805e-011	2.2671e-011	2.62569e-011	2.30377e-011	1.646e-011	1.38051e-011	1.80189e-011	2.44189e-011	2.61747e-011	2.22403e-011	1.84051e-011	2.01658e-011	2.59066e-011	2.86954e-011	2.47631e-011	1.8495e-011	1.76063e-011	2.38822e-011	3.05391e-011	2.9779e-011	2.20003e-011	1.5782e-011	1.83234e-011	2.7265e-011	3.34054e-011	3.12025e-011	2.48751e-011	2.31202e-011	2.8825e-011	3.59135e-011	3.68625e-011	3.17349e-011	2.78981e-011	3.08541e-011	3.72994e-011	3.8878e-011	3.22544e-011	2.34654e-011	2.11906e-011	2.67187e-011	3.23771e-011	3.03119e-011	2.14248e-011	1.41863e-011	1.49166e-011	2.09085e-011	2.41197e-011	2.06777e-011	1.4932e-011	1.3648e-011	1.76859e-011	2.11739e-011	1.89173e-011	1.28982e-011	9.97102e-012	1.35438e-011	1.92593e-011	1.99184e-011	1.39045e-011	7.23333e-012	6.84327e-012	1.29227e-011	1.90197e-011	1.95215e-011	1.5712e-011	1.36656e-011	1.69282e-011	2.2736e-011	2.58759e-011	2.51066e-011	2.4311e-011	2.7224e-011	3.24132e-011	3.47759e-011	3.18038e-011	2.69893e-011	2.60739e-011	3.03927e-011	3.51445e-011	3.47325e-011	2.90673e-011	2.36134e-011	2.32376e-011	2.70156e-011	2.98144e-011	2.84484e-011	2.50383e-011	2.38471e-011	2.57739e-011	2.73366e-011	2.52995e-011
4.97175e-012	6.11606e-012	9.64082e-012	1.13378e-011	9.10952e-012	5.428e-012	4.49943e-012	7.46334e-012	1.12945e-011	1.25677e-011	1.14084e-011	1.08932e-011	1.28699e-011	1.55448e-011	1.5874e-011	1.37037e-011	1.23332e-011	1.45671e-011	1.9009e-011	2.12872e-011	1.90433e-011	1.48908e-011	1.37606e-011	1.75458e-011	2.309e-011	2.5713e-011	2.41951e-011	2.17031e-011	2.19457e-011	2.51619e-011	2.83394e-011	2.89713e-011	2.77732e-011	2.7384e-011	2.89172e-011	3.05655e-011	2.9831e-011	2.66678e-011	2.38309e-011	2.39658e-011	2.66416e-011	2.86017e-011	2.70453e-011	2.25584e-011	1.86814e-011	1.85224e-011	2.17685e-011	2.50337e-011	2.51798e-011	2.23229e-011	1.95529e-011	1.96848e-011	2.2394e-011	2.47282e-011	2.44433e-011	2.24987e-011	2.18474e-011	2.3781e-011	2.60783e-011	2.5414e-011	2.15358e-011	1.82213e-011	1.93356e-011	2.41134e-011	2.73232e-011	2.47926e-011	1.83871e-011	1.45102e-011	1.72614e-011	2.376e-011	2.71555e-011	2.42138e-011	1.88951e-011	1.76983e-011	2.20727e-011	2.67855e-011	2.6254e-011	2.13634e-011	1.84989e-011	2.17219e-011	2.74441e-011	2.83227e-011	2.2136e-011	1.50619e-011	1.49944e-011	2.23462e-011	2.91815e-011	2.80765e-011	2.06439e-011	1.57776e-011	1.95302e-011	2.83194e-011	3.32977e-011	3.06485e-011	2.56905e-011	2.61109e-011	3.25636e-011	3.79155e-011	3.59906e-011	2.92311e-011	2.59491e-011	3.0322e-011	3.70902e-011	3.74662e-011	2.94661e-011	2.05109e-011	1.91334e-011	2.53773e-011	3.09681e-011	2.88957e-011	2.11943e-011	1.60897e-011	1.82486e-011	2.36967e-011	2.50638e-011	2.05078e-011	1.55967e-011	1.61613e-011	2.09682e-011	2.31104e-011	1.84158e-011	1.0739e-011	7.72498e-012	1.19718e-011	1.79685e-011	1.83843e-011	1.23803e-011	6.40373e-012	6.79026e-012	1.28736e-011	1.83388e-011	1.87541e-011	1.62729e-011	1.63187e-011	2.0712e-011	2.56246e-011	2.65801e-011	2.41508e-011	2.3305e-011	2.71862e-011	3.29161e-011	3.46456e-011	3.04001e-011	2.4649e-011	2.34702e-011	2.78254e-011	3.26496e-011	3.26791e-011	2.82164e-011	2.43337e-011	2.48033e-011	2.80275e-011	2.95287e-011	2.76127e-011	2.52073e-011	2.57751e-011	2.85468e-011	2.91609e-011	2.51182e-011
3.78917e-012	4.94481e-012	8.61528e-012	1.06888e-011	9.30598e-012	6.77793e-012	6.56157e-012	9.10022e-012	1.15825e-011	1.17106e-011	1.0607e-011	1.11781e-011	1.4064e-011	1.64387e-011	1.54124e-011	1.19351e-011	1.02159e-011	1.30027e-011	1.82056e-011	2.09926e-011	1.91205e-011	1.54316e-011	1.46897e-011	1.84072e-011	2.34747e-011	2.58745e-011	2.50076e-011	2.38008e-011	2.48899e-011	2.75938e-011	2.90896e-011	2.80708e-011	2.63743e-011	2.66909e-011	2.91733e-011	3.10045e-011	2.9502e-011	2.52656e-011	2.18194e-011	2.20695e-011	2.53196e-011	2.79491e-011	2.70118e-011	2.30898e-011	1.96151e-011	1.94677e-011	2.22775e-011	2.50198e-011	2.51568e-011	2.30827e-011	2.14229e-011	2.2024e-011	2.39125e-011	2.45003e-011	2.27448e-011	2.06331e-011	2.10253e-011	2.40691e-011	2.64303e-011	2.47507e-011	1.97854e-011	1.62966e-011	1.8172e-011	2.38773e-011	2.76104e-011	2.54272e-011	1.97237e-011	1.68149e-011	1.99972e-011	2.58557e-011	2.81629e-011	2.50147e-011	2.09116e-011	2.12512e-011	2.56933e-011	2.84224e-011	2.52424e-011	1.90652e-011	1.68921e-011	2.14506e-011	2.74157e-011	2.7178e-011	1.98314e-011	1.27905e-011	1.3702e-011	2.17385e-011	2.84217e-011	2.72142e-011	2.08529e-011	1.79358e-011	2.2816e-011	3.06764e-011	3.34776e-011	2.95752e-011	2.54947e-011	2.7784e-011	3.47996e-011	3.84269e-011	3.38385e-011	2.56343e-011	2.28249e-011	2.83513e-011	3.54652e-011	3.53665e-011	2.72984e-011	1.9395e-011	1.93804e-011	2.59773e-011	3.08397e-011	2.84031e-011	2.19777e-011	1.92097e-011	2.27156e-011	2.71523e-011	2.59877e-011	1.95848e-011	1.48048e-011	1.66492e-011	2.20328e-011	2.32185e-011	1.69289e-011	8.39867e-012	5.58834e-012	1.02855e-011	1.63353e-011	1.68262e-011	1.1757e-011	7.5026e-012	9.1686e-012	1.499e-011	1.90418e-011	1.85229e-011	1.67514e-011	1.85501e-011	2.39452e-011	2.79545e-011	2.6703e-011	2.23926e-011	2.09987e-011	2.52872e-011	3.13881e-011	3.30468e-011	2.86875e-011	2.3165e-011	2.22873e-011	2.65038e-011	3.08885e-011	3.10709e-011	2.79911e-011	2.61226e-011	2.77274e-011	3.02481e-011	2.9846e-011	2.64987e-011	2.42041e-011	2.59145e-011	2.94349e-011	2.95657e-011	2.42608e-011
4.19219e-012	5.21293e-012	8.40556e-012	1.02042e-011	9.35849e-012	8.0553e-012	8.7574e-012	1.09295e-011	1.1844e-011	1.03774e-011	8.81195e-012	1.01112e-011	1.3938e-011	1.65324e-011	1.49833e-011	1.09277e-011	9.0998e-012	1.21576e-011	1.76954e-011	2.09031e-011	1.9821e-011	1.72278e-011	1.72167e-011	2.06177e-011	2.44731e-011	2.58078e-011	2.50007e-011	2.48787e-011	2.69306e-011	2.93725e-011	2.93701e-011	2.66648e-011	2.41946e-011	2.48767e-011	2.8215e-011	3.06235e-011	2.91809e-011	2.47557e-011	2.11823e-011	2.14234e-011	2.47264e-011	2.75684e-011	2.72182e-011	2.42462e-011	2.1624e-011	2.15846e-011	2.35226e-011	2.49473e-011	2.42989e-011	2.25705e-011	2.20093e-011	2.33494e-011	2.47317e-011	2.37401e-011	2.04557e-011	1.79453e-011	1.91555e-011	2.33452e-011	2.62549e-011	2.44287e-011	1.92595e-011	1.60263e-011	1.84369e-011	2.44539e-011	2.82519e-011	2.64839e-011	2.19443e-011	2.03523e-011	2.37743e-011	2.82666e-011	2.85989e-011	2.45791e-011	2.13754e-011	2.32058e-011	2.78588e-011	2.89147e-011	2.34758e-011	1.62644e-011	1.47374e-011	2.04447e-011	2.677e-011	2.61651e-011	1.88414e-011	1.27886e-011	1.48316e-011	2.29289e-011	2.86442e-011	2.69098e-011	2.16642e-011	2.08162e-011	2.66233e-011	3.29972e-011	3.29489e-011	2.72031e-011	2.35108e-011	2.73042e-011	3.48416e-011	3.72491e-011	3.09493e-011	2.22024e-011	2.02147e-011	2.66865e-011	3.39264e-011	3.36986e-011	2.64953e-011	2.05833e-011	2.22269e-011	2.86704e-011	3.18833e-011	2.82477e-011	2.25558e-011	2.17826e-011	2.63799e-011	2.9648e-011	2.5902e-011	1.75668e-011	1.26193e-011	1.5315e-011	2.11343e-011	2.1922e-011	1.52415e-011	7.1195e-012	5.16634e-012	1.0177e-011	1.5774e-011	1.6063e-011	1.21229e-011	1.00049e-011	1.3147e-011	1.84461e-011	2.04272e-011	1.81212e-011	1.62053e-011	1.90943e-011	2.52394e-011	2.86275e-011	2.58218e-011	2.02146e-011	1.83962e-011	2.27828e-011	2.899e-011	3.08775e-011	2.73456e-011	2.31664e-011	2.3243e-011	2.72044e-011	3.04596e-011	2.99921e-011	2.77403e-011	2.76678e-011	3.04152e-011	3.22868e-011	2.98987e-011	2.47563e-011	2.19407e-011	2.41723e-011	2.82795e-011	2.85111e-011	2.30911e-011
5.90819e-012	6.76585e-012	8.9268e-012	9.6649e-012	8.71108e-012	8.34713e-012	1.00497e-011	1.21669e-011	1.18453e-011	8.9223e-012	6.73644e-012	8.43892e-012	1.30606e-011	1.62258e-011	1.499e-011	1.12624e-011	9.77032e-012	1.28561e-011	1.80539e-011	2.1084e-011	2.06155e-011	1.9311e-011	2.02614e-011	2.33026e-011	2.55437e-011	2.51865e-011	2.38206e-011	2.44019e-011	2.74347e-011	3.00534e-011	2.92272e-011	2.54021e-011	2.23249e-011	2.31351e-011	2.70156e-011	3.00315e-011	2.9189e-011	2.53768e-011	2.2248e-011	2.24553e-011	2.52138e-011	2.74738e-011	2.71597e-011	2.50341e-011	2.34781e-011	2.37554e-011	2.47539e-011	2.44608e-011	2.24558e-011	2.05917e-011	2.0959e-011	2.3273e-011	2.47186e-011	2.28286e-011	1.85111e-011	1.57022e-011	1.74796e-011	2.254e-011	2.60964e-011	2.47332e-011	2.0182e-011	1.76898e-011	2.0419e-011	2.5954e-011	2.89558e-011	2.71373e-011	2.3756e-011	2.36344e-011	2.7276e-011	3.01174e-011	2.80553e-011	2.27634e-011	2.01595e-011	2.33768e-011	2.85026e-011	2.86097e-011	2.1897e-011	1.44164e-011	1.36933e-011	2.02014e-011	2.65904e-011	2.5879e-011	1.93461e-011	1.49677e-011	1.81574e-011	2.55908e-011	2.93215e-011	2.62541e-011	2.16823e-011	2.26678e-011	2.92259e-011	3.4028e-011	3.11873e-011	2.36707e-011	2.02518e-011	2.5289e-011	3.33416e-011	3.51877e-011	2.84344e-011	2.03806e-011	1.97496e-011	2.68695e-011	3.36165e-011	3.29574e-011	2.68137e-011	2.32199e-011	2.65053e-011	3.22925e-011	3.308e-011	2.74582e-011	2.18048e-011	2.24681e-011	2.78963e-011	3.02342e-011	2.45973e-011	1.50619e-011	1.02502e-011	1.3609e-011	1.96485e-011	2.03671e-011	1.42809e-011	7.71383e-012	7.2477e-012	1.23897e-011	1.67992e-011	1.60982e-011	1.27616e-011	1.25181e-011	1.69976e-011	2.16551e-011	2.13969e-011	1.69828e-011	1.43833e-011	1.77598e-011	2.43859e-011	2.75753e-011	2.42722e-011	1.85277e-011	1.69256e-011	2.13278e-011	2.7197e-011	2.90847e-011	2.66556e-011	2.43954e-011	2.58385e-011	2.94591e-011	3.09855e-011	2.8975e-011	2.66495e-011	2.77245e-011	3.14173e-011	3.29352e-011	2.91302e-011	2.26199e-011	1.92537e-011	2.16135e-011	2.6043e-011	2.67319e-011	2.22092e-011
8.00964e-012	8.82749e-012	9.73509e-012	8.89603e-012	7.23076e-012	7.37245e-012	1.00295e-011	1.25151e-011	1.16967e-011	8.0028e-012	5.4618e-012	7.34378e-012	1.23723e-011	1.60261e-011	1.55345e-011	1.28257e-011	1.21108e-011	1.50663e-011	1.92328e-011	2.12437e-011	2.07821e-011	2.0551e-011	2.25582e-011	2.54547e-011	2.6224e-011	2.41079e-011	2.18871e-011	2.28082e-011	2.66972e-011	2.98615e-011	2.90372e-011	2.49965e-011	2.18143e-011	2.26332e-011	2.6531e-011	2.97024e-011	2.9443e-011	2.66378e-011	2.43955e-011	2.46517e-011	2.64323e-011	2.73354e-011	2.62976e-011	2.45803e-011	2.40729e-011	2.49522e-011	2.53637e-011	2.35481e-011	2.01167e-011	1.7844e-011	1.88851e-011	2.22152e-011	2.42241e-011	2.22831e-011	1.77477e-011	1.49984e-011	1.70897e-011	2.24235e-011	2.61925e-011	2.53612e-011	2.18871e-011	2.05149e-011	2.34363e-011	2.78208e-011	2.9154e-011	2.66093e-011	2.4084e-011	2.54389e-011	2.94841e-011	3.09533e-011	2.67826e-011	2.03633e-011	1.82671e-011	2.26935e-011	2.8413e-011	2.82811e-011	2.14246e-011	1.46218e-011	1.49073e-011	2.16639e-011	2.73509e-011	2.61499e-011	2.05263e-011	1.80529e-011	2.22766e-011	2.84925e-011	2.94967e-011	2.44386e-011	2.00443e-011	2.25239e-011	2.97691e-011	3.33954e-011	2.85708e-011	2.00938e-011	1.72889e-011	2.33927e-011	3.17567e-011	3.33916e-011	2.71574e-011	2.08289e-011	2.19509e-011	2.92655e-011	3.46057e-011	3.27017e-011	2.7148e-011	2.56123e-011	3.02869e-011	3.51508e-011	3.33032e-011	2.54978e-011	1.95536e-011	2.12188e-011	2.72848e-011	2.91528e-011	2.2754e-011	1.32862e-011	9.33681e-012	1.33036e-011	1.91197e-011	1.95647e-011	1.43851e-011	9.92899e-012	1.12451e-011	1.62719e-011	1.87997e-011	1.62379e-011	1.26742e-011	1.36525e-011	1.91418e-011	2.32759e-011	2.12564e-011	1.52164e-011	1.20387e-011	1.55995e-011	2.24183e-011	2.56685e-011	2.28135e-011	1.81304e-011	1.75311e-011	2.19556e-011	2.68821e-011	2.80385e-011	2.62416e-011	2.57633e-011	2.8607e-011	3.18861e-011	3.14959e-011	2.74844e-011	2.43925e-011	2.59259e-011	3.02781e-011	3.1856e-011	2.76399e-011	2.08312e-011	1.7468e-011	1.98291e-011	2.41526e-011	2.51459e-011	2.19151e-011
9.43817e-012	1.04831e-011	1.03837e-011	8.00631e-012	5.39888e-012	5.68009e-012	9.10107e-012	1.22399e-011	1.17058e-011	8.15952e-012	5.80157e-012	7.74431e-012	1.25937e-011	1.61727e-011	1.62647e-011	1.48051e-011	1.51545e-011	1.79779e-011	2.07126e-011	2.10477e-011	1.99351e-011	2.0355e-011	2.33882e-011	2.65236e-011	2.6452e-011	2.31284e-011	2.02257e-011	2.12549e-011	2.56799e-011	2.94131e-011	2.91406e-011	2.5711e-011	2.30176e-011	2.38277e-011	2.71452e-011	2.96835e-011	2.94655e-011	2.75629e-011	2.64068e-011	2.69115e-011	2.76586e-011	2.68303e-011	2.45117e-011	2.2712e-011	2.3071e-011	2.4799e-011	2.52241e-011	2.25809e-011	1.81875e-011	1.55477e-011	1.69712e-011	2.10408e-011	2.37233e-011	2.23249e-011	1.83475e-011	1.61076e-011	1.83058e-011	2.3163e-011	2.632e-011	2.55683e-011	2.31835e-011	2.31374e-011	2.6301e-011	2.92841e-011	2.84975e-011	2.4764e-011	2.27633e-011	2.55049e-011	3.0224e-011	3.09908e-011	2.55856e-011	1.87046e-011	1.7243e-011	2.25567e-011	2.86027e-011	2.84997e-011	2.22827e-011	1.69056e-011	1.83107e-011	2.46664e-011	2.86618e-011	2.61778e-011	2.10724e-011	2.03531e-011	2.54823e-011	3.03442e-011	2.8551e-011	2.14581e-011	1.70826e-011	2.08019e-011	2.87108e-011	3.17506e-011	2.61247e-011	1.7906e-011	1.6299e-011	2.32374e-011	3.13389e-011	3.2506e-011	2.70735e-011	2.29192e-011	2.58651e-011	3.2868e-011	3.59545e-011	3.19623e-011	2.63099e-011	2.62983e-011	3.20575e-011	3.60962e-011	3.21342e-011	2.27712e-011	1.68237e-011	1.93246e-011	2.58156e-011	2.75321e-011	2.13852e-011	1.32239e-011	1.08836e-011	1.53625e-011	2.02713e-011	1.97168e-011	1.50215e-011	1.25194e-011	1.55069e-011	2.02197e-011	2.05664e-011	1.57281e-011	1.13679e-011	1.2945e-011	1.90968e-011	2.29931e-011	2.01478e-011	1.3606e-011	1.0541e-011	1.42809e-011	2.09062e-011	2.40402e-011	2.19944e-011	1.90755e-011	2.00161e-011	2.44501e-011	2.78544e-011	2.73934e-011	2.53465e-011	2.6003e-011	2.99796e-011	3.30596e-011	3.11451e-011	2.54357e-011	2.14979e-011	2.30723e-011	2.77619e-011	2.96693e-011	2.60079e-011	2.01222e-011	1.75749e-011	1.99702e-011	2.36117e-011	2.42293e-011	2.19148e-011
9.60421e-012	1.11929e-011	1.07066e-011	7.39397e-012	4.10222e-012	4.34534e-012	8.18078e-012	1.18897e-011	1.2065e-011	9.40618e-012	7.79018e-012	9.77117e-012	1.38395e-011	1.65259e-011	1.65842e-011	1.61478e-011	1.76492e-011	2.05323e-011	2.19331e-011	2.0477e-011	1.83804e-011	1.90569e-011	2.29524e-011	2.6651e-011	2.65379e-011	2.29207e-011	1.98741e-011	2.09264e-011	2.53793e-011	2.92366e-011	2.95106e-011	2.71021e-011	2.53482e-011	2.62304e-011	2.8532e-011	2.96674e-011	2.87362e-011	2.72895e-011	2.71837e-011	2.82147e-011	2.8298e-011	2.59604e-011	2.22976e-011	2.01217e-011	2.10695e-011	2.36907e-011	2.46496e-011	2.20269e-011	1.74469e-011	1.47406e-011	1.6262e-011	2.04841e-011	2.34286e-011	2.26433e-011	1.96689e-011	1.83247e-011	2.05503e-011	2.43213e-011	2.60236e-011	2.46732e-011	2.30797e-011	2.44051e-011	2.8042e-011	2.98972e-011	2.71977e-011	2.23138e-011	2.06808e-011	2.4623e-011	3.01363e-011	3.08672e-011	2.52829e-011	1.88411e-011	1.82378e-011	2.3946e-011	2.96047e-011	2.9182e-011	2.37773e-011	2.01533e-011	2.26679e-011	2.81128e-011	2.96426e-011	2.51659e-011	2.00763e-011	2.08079e-011	2.67862e-011	3.06112e-011	2.66909e-011	1.82621e-011	1.42161e-011	1.90224e-011	2.74106e-011	3.02107e-011	2.47707e-011	1.79109e-011	1.7997e-011	2.53889e-011	3.23406e-011	3.2251e-011	2.72212e-011	2.5076e-011	2.96309e-011	3.59801e-011	3.64552e-011	3.00537e-011	2.39276e-011	2.49985e-011	3.16033e-011	3.51704e-011	3.01158e-011	2.04263e-011	1.52431e-011	1.85906e-011	2.51143e-011	2.65298e-011	2.1046e-011	1.48833e-011	1.45585e-011	1.93368e-011	2.26205e-011	2.01846e-011	1.5181e-011	1.40203e-011	1.83134e-011	2.26907e-011	2.11606e-011	1.44132e-011	9.33382e-012	1.12129e-011	1.77179e-011	2.15886e-011	1.88461e-011	1.30595e-011	1.10083e-011	1.50482e-011	2.09605e-011	2.33237e-011	2.17141e-011	2.05252e-011	2.30927e-011	2.75031e-011	2.91084e-011	2.64898e-011	2.34534e-011	2.45078e-011	2.92247e-011	3.2349e-011	2.97509e-011	2.33337e-011	1.91266e-011	2.06833e-011	2.53296e-011	2.7436e-011	2.47722e-011	2.0627e-011	1.95542e-011	2.20527e-011	2.44504e-011	2.37892e-011	2.15147e-011
8.70223e-012	1.10302e-011	1.08465e-011	7.48864e-012	4.12329e-012	4.34443e-012	8.12411e-012	1.1892e-011	1.26334e-011	1.11329e-011	1.06276e-011	1.27288e-011	1.56531e-011	1.67727e-011	1.60949e-011	1.62119e-011	1.87822e-011	2.20428e-011	2.26742e-011	1.9937e-011	1.70246e-011	1.77377e-011	2.21758e-011	2.64481e-011	2.68409e-011	2.37835e-011	2.12346e-011	2.23357e-011	2.62429e-011	2.94446e-011	2.9727e-011	2.82329e-011	2.76062e-011	2.87431e-011	2.99658e-011	2.93298e-011	2.71332e-011	2.56404e-011	2.63815e-011	2.81781e-011	2.82149e-011	2.50837e-011	2.05377e-011	1.79962e-011	1.92121e-011	2.24476e-011	2.4065e-011	2.20544e-011	1.80311e-011	1.56719e-011	1.70817e-011	2.07408e-011	2.31608e-011	2.25519e-011	2.06002e-011	2.03908e-011	2.27565e-011	2.52414e-011	2.50368e-011	2.2582e-011	2.14151e-011	2.4029e-011	2.84242e-011	2.97856e-011	2.59464e-011	2.04651e-011	1.92664e-011	2.40892e-011	3.01461e-011	3.11011e-011	2.61052e-011	2.08727e-011	2.13104e-011	2.68431e-011	3.11685e-011	2.96509e-011	2.4709e-011	2.2769e-011	2.63356e-011	3.07243e-011	2.96215e-011	2.29961e-011	1.77104e-011	1.96432e-011	2.64434e-011	2.97605e-011	2.48066e-011	1.62131e-011	1.31064e-011	1.88325e-011	2.71801e-011	2.95277e-011	2.46301e-011	1.96951e-011	2.16543e-011	2.90292e-011	3.39447e-011	3.17089e-011	2.64005e-011	2.5769e-011	3.16138e-011	3.72901e-011	3.55004e-011	2.7181e-011	2.08237e-011	2.2818e-011	3.00496e-011	3.34332e-011	2.82927e-011	1.95718e-011	1.59977e-011	2.01795e-011	2.61019e-011	2.65454e-011	2.14017e-011	1.71982e-011	1.88353e-011	2.36635e-011	2.49046e-011	2.00771e-011	1.41691e-011	1.37236e-011	1.89182e-011	2.31172e-011	2.05105e-011	1.29157e-011	7.83524e-012	1.00764e-011	1.66012e-011	2.03138e-011	1.8112e-011	1.39057e-011	1.35335e-011	1.79438e-011	2.25963e-011	2.33263e-011	2.13147e-011	2.12439e-011	2.51352e-011	2.95351e-011	2.95609e-011	2.49538e-011	2.07871e-011	2.17918e-011	2.68651e-011	3.02026e-011	2.78079e-011	2.19163e-011	1.83608e-011	2.00773e-011	2.42233e-011	2.59332e-011	2.39777e-011	2.16699e-011	2.23067e-011	2.49678e-011	2.58305e-011	2.32528e-011	2.01783e-011
7.56124e-012	1.05324e-011	1.10454e-011	8.40542e-012	5.64221e-012	5.98766e-012	9.2456e-012	1.23105e-011	1.30004e-011	1.24268e-011	1.31279e-011	1.55395e-011	1.73835e-011	1.67631e-011	1.49609e-011	1.51929e-011	1.86197e-011	2.25204e-011	2.31278e-011	2.00119e-011	1.68604e-011	1.75845e-011	2.21006e-011	2.65194e-011	2.74239e-011	2.53597e-011	2.37916e-011	2.5048e-011	2.79842e-011	2.97604e-011	2.929e-011	2.82465e-011	2.86814e-011	3.03223e-011	3.08252e-011	2.86481e-011	2.51302e-011	2.32876e-011	2.45778e-011	2.71767e-011	2.76995e-011	2.46353e-011	1.9969e-011	1.73291e-011	1.85043e-011	2.17723e-011	2.36574e-011	2.23349e-011	1.92989e-011	1.76672e-011	1.89166e-011	2.14591e-011	2.25547e-011	2.14549e-011	2.02314e-011	2.12329e-011	2.40208e-011	2.55156e-011	2.35681e-011	1.99623e-011	1.89976e-011	2.26949e-011	2.79664e-011	2.94613e-011	2.54551e-011	2.02016e-011	1.9644e-011	2.48911e-011	3.08206e-011	3.16736e-011	2.74656e-011	2.38364e-011	2.53998e-011	3.03124e-011	3.25283e-011	2.91672e-011	2.4174e-011	2.36497e-011	2.82378e-011	3.18368e-011	2.86464e-011	2.04455e-011	1.52194e-011	1.82133e-011	2.56718e-011	2.88204e-011	2.38122e-011	1.6195e-011	1.46132e-011	2.09679e-011	2.84396e-011	2.95825e-011	2.49e-011	2.18316e-011	2.55229e-011	3.2511e-011	3.49152e-011	3.00912e-011	2.40759e-011	2.45123e-011	3.13755e-011	3.66298e-011	3.34677e-011	2.43857e-011	1.85718e-011	2.15496e-011	2.90572e-011	3.21441e-011	2.74013e-011	2.04602e-011	1.90157e-011	2.38688e-011	2.8459e-011	2.70379e-011	2.14813e-011	1.86829e-011	2.19083e-011	2.66485e-011	2.59791e-011	1.8996e-011	1.22175e-011	1.21941e-011	1.79628e-011	2.21418e-011	1.93497e-011	1.21969e-011	8.11225e-012	1.09439e-011	1.7054e-011	2.00337e-011	1.81064e-011	1.55683e-011	1.70426e-011	2.17848e-011	2.48308e-011	2.3319e-011	2.01371e-011	2.04255e-011	2.51664e-011	2.96397e-011	2.87485e-011	2.3032e-011	1.82991e-011	1.92366e-011	2.43161e-011	2.77422e-011	2.60201e-011	2.15633e-011	1.94658e-011	2.15592e-011	2.4747e-011	2.52208e-011	2.31491e-011	2.21299e-011	2.42748e-011	2.71752e-011	2.66804e-011	2.22144e-011	1.80357e-011
7.13706e-012	1.03063e-011	1.13887e-011	9.77233e-012	8.07592e-012	8.75181e-012	1.12089e-011	1.29064e-011	1.28007e-011	1.2631e-011	1.44011e-011	1.73721e-011	1.86168e-011	1.66973e-011	1.39108e-011	1.40417e-011	1.8007e-011	2.25386e-011	2.365e-011	2.1027e-011	1.83432e-011	1.91869e-011	2.32684e-011	2.70809e-011	2.79656e-011	2.679e-011	2.63894e-011	2.79748e-011	2.98631e-011	2.98342e-011	2.80485e-011	2.69339e-011	2.81949e-011	3.05487e-011	3.09393e-011	2.79471e-011	2.35784e-011	2.13891e-011	2.28912e-011	2.60084e-011	2.71522e-011	2.47522e-011	2.06929e-011	1.83417e-011	1.92591e-011	2.1868e-011	2.32682e-011	2.22139e-011	2.01858e-011	1.95377e-011	2.07895e-011	2.20753e-011	2.14219e-011	1.93105e-011	1.84281e-011	2.05639e-011	2.4083e-011	2.52127e-011	2.2224e-011	1.79172e-011	1.71499e-011	2.15959e-011	2.75011e-011	2.93742e-011	2.59307e-011	2.16607e-011	2.19663e-011	2.71375e-011	3.20441e-011	3.20389e-011	2.82948e-011	2.62641e-011	2.89715e-011	3.3139e-011	3.30132e-011	2.75484e-011	2.22255e-011	2.28603e-011	2.84429e-011	3.1728e-011	2.74431e-011	1.87587e-011	1.41963e-011	1.81368e-011	2.5791e-011	2.85997e-011	2.39515e-011	1.79801e-011	1.82248e-011	2.48127e-011	3.05237e-011	2.95482e-011	2.44141e-011	2.27715e-011	2.78969e-011	3.44002e-011	3.44805e-011	2.7412e-011	2.08648e-011	2.22064e-011	2.98626e-011	3.49421e-011	3.13774e-011	2.28474e-011	1.84971e-011	2.25263e-011	2.97269e-011	3.18934e-011	2.7313e-011	2.22316e-011	2.29423e-011	2.81943e-011	3.09309e-011	2.70359e-011	2.04376e-011	1.8422e-011	2.27918e-011	2.74803e-011	2.555e-011	1.73803e-011	1.04484e-011	1.09576e-011	1.70122e-011	2.1073e-011	1.85958e-011	1.28222e-011	1.05277e-011	1.41131e-011	1.93065e-011	2.07278e-011	1.83014e-011	1.68884e-011	1.99099e-011	2.48986e-011	2.63982e-011	2.26785e-011	1.81207e-011	1.8293e-011	2.34427e-011	2.80518e-011	2.70282e-011	2.14084e-011	1.70972e-011	1.82589e-011	2.29907e-011	2.59896e-011	2.4737e-011	2.19242e-011	2.1634e-011	2.4233e-011	2.61805e-011	2.47582e-011	2.17099e-011	2.11754e-011	2.43749e-011	2.76251e-011	2.63975e-011	2.08061e-011	1.59427e-011
7.96404e-012	1.06628e-011	1.17129e-011	1.08886e-011	1.03773e-011	1.16005e-011	1.33108e-011	1.34131e-011	1.20533e-011	1.17865e-011	1.43507e-011	1.80638e-011	1.93704e-011	1.70088e-011	1.38372e-011	1.39116e-011	1.80164e-011	2.27821e-011	2.44139e-011	2.27442e-011	2.10677e-011	2.22014e-011	2.54654e-011	2.79133e-011	2.80075e-011	2.72355e-011	2.79047e-011	3.00289e-011	3.11948e-011	2.95752e-011	2.64156e-011	2.49184e-011	2.66873e-011	2.97699e-011	3.05759e-011	2.76389e-011	2.31892e-011	2.09133e-011	2.23076e-011	2.53636e-011	2.6751e-011	2.50963e-011	2.20612e-011	2.03653e-011	2.09893e-011	2.24286e-011	2.25884e-011	2.11539e-011	1.98427e-011	2.02741e-011	2.18576e-011	2.22252e-011	1.99833e-011	1.67639e-011	1.59462e-011	1.89946e-011	2.33674e-011	2.47368e-011	2.1609e-011	1.73444e-011	1.69426e-011	2.16993e-011	2.76033e-011	2.95441e-011	2.68678e-011	2.40102e-011	2.53394e-011	3.00638e-011	3.31939e-011	3.15573e-011	2.77446e-011	2.70676e-011	3.09204e-011	3.45813e-011	3.25486e-011	2.54178e-011	1.99376e-011	2.15801e-011	2.80047e-011	3.12981e-011	2.68638e-011	1.88395e-011	1.55916e-011	2.02799e-011	2.73651e-011	2.91295e-011	2.45825e-011	2.03086e-011	2.23421e-011	2.88162e-011	3.22181e-011	2.85794e-011	2.25127e-011	2.18529e-011	2.81299e-011	3.4315e-011	3.28291e-011	2.45669e-011	1.824e-011	2.0583e-011	2.87196e-011	3.35365e-011	3.01013e-011	2.30325e-011	2.07804e-011	2.57656e-011	3.19322e-011	3.22769e-011	2.71422e-011	2.34337e-011	2.59446e-011	3.13667e-011	3.2213e-011	2.59308e-011	1.8259e-011	1.67264e-011	2.18935e-011	2.66261e-011	2.42635e-011	1.61957e-011	1.01777e-011	1.15433e-011	1.753e-011	2.09742e-011	1.86521e-011	1.44792e-011	1.42468e-011	1.85697e-011	2.24503e-011	2.16504e-011	1.79454e-011	1.69038e-011	2.09492e-011	2.61301e-011	2.65669e-011	2.13875e-011	1.598e-011	1.60405e-011	2.12671e-011	2.58805e-011	2.51991e-011	2.06497e-011	1.76888e-011	1.94248e-011	2.3453e-011	2.52583e-011	2.37214e-011	2.20734e-011	2.34185e-011	2.65534e-011	2.73289e-011	2.39265e-011	1.95262e-011	1.88776e-011	2.26522e-011	2.63258e-011	2.51534e-011	1.9611e-011	1.49962e-011
9.88985e-012	1.15046e-011	1.17527e-011	1.11439e-011	1.16269e-011	1.35817e-011	1.49364e-011	1.37908e-011	1.12569e-011	1.06594e-011	1.36908e-011	1.81041e-011	1.99568e-011	1.80193e-011	1.52342e-011	1.54721e-011	1.93054e-011	2.36069e-011	2.52443e-011	2.44327e-011	2.39668e-011	2.55779e-011	2.79459e-011	2.86336e-011	2.73529e-011	2.64346e-011	2.78977e-011	3.07215e-011	3.17353e-011	2.924e-011	2.51863e-011	2.33198e-011	2.52582e-011	2.87798e-011	3.01375e-011	2.78592e-011	2.4055e-011	2.20694e-011	2.31342e-011	2.54504e-011	2.6351e-011	2.50311e-011	2.3033e-011	2.22457e-011	2.27668e-011	2.29476e-011	2.14827e-011	1.91541e-011	1.81618e-011	1.96021e-011	2.18545e-011	2.19441e-011	1.87817e-011	1.48317e-011	1.40115e-011	1.76201e-011	2.26128e-011	2.44572e-011	2.18794e-011	1.83784e-011	1.85791e-011	2.3205e-011	2.82692e-011	2.95471e-011	2.73297e-011	2.5925e-011	2.83678e-011	3.25632e-011	3.36523e-011	3.00365e-011	2.58024e-011	2.62e-011	3.11675e-011	3.47487e-011	3.1694e-011	2.38781e-011	1.87983e-011	2.13586e-011	2.82086e-011	3.13688e-011	2.72312e-011	2.06104e-011	1.90924e-011	2.42318e-011	2.99017e-011	2.9707e-011	2.46156e-011	2.1663e-011	2.52401e-011	3.14677e-011	3.26193e-011	2.65147e-011	1.96086e-011	1.97587e-011	2.6961e-011	3.30355e-011	3.08972e-011	2.27439e-011	1.76111e-011	2.11032e-011	2.91977e-011	3.31759e-011	2.9713e-011	2.43026e-011	2.42738e-011	2.99533e-011	3.44838e-011	3.23005e-011	2.59419e-011	2.29906e-011	2.68325e-011	3.23499e-011	3.17923e-011	2.39655e-011	1.59016e-011	1.49908e-011	2.07002e-011	2.53969e-011	2.31414e-011	1.62037e-011	1.20152e-011	1.44983e-011	1.99679e-011	2.20131e-011	1.91482e-011	1.61258e-011	1.76968e-011	2.26075e-011	2.50944e-011	2.1975e-011	1.67214e-011	1.55567e-011	2.01418e-011	2.5476e-011	2.55183e-011	2.00285e-011	1.47927e-011	1.51208e-011	2.01578e-011	2.43306e-011	2.3869e-011	2.07095e-011	1.95646e-011	2.20806e-011	2.5144e-011	2.50896e-011	2.24101e-011	2.11247e-011	2.36038e-011	2.72554e-011	2.7306e-011	2.25406e-011	1.71475e-011	1.62651e-011	2.02393e-011	2.42277e-011	2.36422e-011	1.91878e-011	1.58045e-011
1.22255e-011	1.24956e-011	1.14092e-011	1.04361e-011	1.15609e-011	1.43339e-011	1.58815e-011	1.4259e-011	1.11385e-011	1.03135e-011	1.34873e-011	1.82415e-011	2.06618e-011	1.96291e-011	1.78394e-011	1.85125e-011	2.17762e-011	2.48933e-011	2.57633e-011	2.53046e-011	2.5924e-011	2.81849e-011	2.99383e-011	2.9044e-011	2.63105e-011	2.49232e-011	2.68419e-011	3.03499e-011	3.17146e-011	2.92119e-011	2.50521e-011	2.30971e-011	2.48977e-011	2.82862e-011	2.98253e-011	2.8289e-011	2.55369e-011	2.4193e-011	2.48921e-011	2.59813e-011	2.56703e-011	2.40509e-011	2.27935e-011	2.30117e-011	2.37872e-011	2.30903e-011	2.01823e-011	1.68461e-011	1.58649e-011	1.8081e-011	2.11356e-011	2.15486e-011	1.83224e-011	1.43163e-011	1.36197e-011	1.73601e-011	2.23727e-011	2.44e-011	2.25741e-011	2.02793e-011	2.13006e-011	2.55036e-011	2.90227e-011	2.88633e-011	2.65585e-011	2.63779e-011	2.99711e-011	3.38711e-011	3.32694e-011	2.79809e-011	2.33943e-011	2.46778e-011	3.06022e-011	3.43961e-011	3.12033e-011	2.38044e-011	1.97993e-011	2.31529e-011	2.97364e-011	3.21072e-011	2.80619e-011	2.29914e-011	2.32785e-011	2.85833e-011	3.22603e-011	2.94828e-011	2.33158e-011	2.12475e-011	2.60941e-011	3.21828e-011	3.17138e-011	2.40712e-011	1.70295e-011	1.81089e-011	2.59637e-011	3.18627e-011	2.96353e-011	2.25771e-011	1.93853e-011	2.40208e-011	3.13776e-011	3.36206e-011	2.94507e-011	2.52883e-011	2.71739e-011	3.3262e-011	3.59673e-011	3.11828e-011	2.34809e-011	2.09667e-011	2.57709e-011	3.14086e-011	3.01868e-011	2.20643e-011	1.47125e-011	1.48249e-011	2.07942e-011	2.50224e-011	2.28087e-011	1.73541e-011	1.53859e-011	1.90155e-011	2.35412e-011	2.34795e-011	1.9291e-011	1.66935e-011	1.95273e-011	2.48593e-011	2.62633e-011	2.14286e-011	1.50959e-011	1.38224e-011	1.8628e-011	2.39699e-011	2.40822e-011	1.92976e-011	1.52625e-011	1.6326e-011	2.09136e-011	2.39558e-011	2.30426e-011	2.08832e-011	2.14377e-011	2.47414e-011	2.68158e-011	2.47132e-011	2.04502e-011	1.88916e-011	2.19589e-011	2.60703e-011	2.60267e-011	2.09714e-011	1.55255e-011	1.47419e-011	1.86492e-011	2.25493e-011	2.25088e-011	1.95774e-011	1.80134e-011
1.41823e-011	1.33508e-011	1.09212e-011	9.30246e-012	1.07134e-011	1.42115e-011	1.63625e-011	1.50867e-011	1.21935e-011	1.14816e-011	1.45191e-011	1.8999e-011	2.15002e-011	2.12909e-011	2.07321e-011	2.20709e-011	2.47116e-011	2.62419e-011	2.57322e-011	2.504e-011	2.64228e-011	2.94347e-011	3.10831e-011	2.92847e-011	2.55773e-011	2.37546e-011	2.58059e-011	2.97081e-011	3.15546e-011	2.96522e-011	2.61274e-011	2.44767e-011	2.59306e-011	2.85203e-011	2.9522e-011	2.83169e-011	2.66129e-011	2.61438e-011	2.6668e-011	2.64684e-011	2.45943e-011	2.21736e-011	2.12505e-011	2.23993e-011	2.37838e-011	2.28719e-011	1.91837e-011	1.51778e-011	1.40968e-011	1.67218e-011	2.0355e-011	2.13264e-011	1.86934e-011	1.53143e-011	1.49783e-011	1.84585e-011	2.27157e-011	2.42328e-011	2.28673e-011	2.18531e-011	2.38521e-011	2.76133e-011	2.93301e-011	2.73319e-011	2.45222e-011	2.52594e-011	2.99691e-011	3.39633e-011	3.24534e-011	2.63454e-011	2.18825e-011	2.39536e-011	3.04448e-011	3.43225e-011	3.14379e-011	2.52312e-011	2.28007e-011	2.67508e-011	3.22823e-011	3.29645e-011	2.83853e-011	2.45493e-011	2.64646e-011	3.18045e-011	3.34525e-011	2.81518e-011	2.09083e-011	1.95301e-011	2.5422e-011	3.15447e-011	3.0301e-011	2.23811e-011	1.62059e-011	1.84393e-011	2.64974e-011	3.17005e-011	2.92993e-011	2.36484e-011	2.26419e-011	2.82108e-011	3.41858e-011	3.39073e-011	2.83205e-011	2.48014e-011	2.81266e-011	3.44567e-011	3.56583e-011	2.8962e-011	2.0528e-011	1.85943e-011	2.41251e-011	2.98056e-011	2.84701e-011	2.11409e-011	1.55206e-011	1.70141e-011	2.28513e-011	2.58715e-011	2.30768e-011	1.87599e-011	1.88217e-011	2.34158e-011	2.67941e-011	2.43971e-011	1.85477e-011	1.58673e-011	1.94507e-011	2.50735e-011	2.5939e-011	2.04579e-011	1.40734e-011	1.31376e-011	1.79726e-011	2.29406e-011	2.3075e-011	1.94219e-011	1.71714e-011	1.92603e-011	2.31673e-011	2.44181e-011	2.22143e-011	2.02805e-011	2.20159e-011	2.59834e-011	2.73461e-011	2.36557e-011	1.80867e-011	1.61192e-011	1.9386e-011	2.37956e-011	2.41237e-011	1.98088e-011	1.53792e-011	1.52228e-011	1.88581e-011	2.20173e-011	2.18971e-011	2.01867e-011	2.04419e-011
1.53082e-011	1.40231e-011	1.07821e-011	8.65074e-012	1.00888e-011	1.39891e-011	1.67582e-011	1.63113e-011	1.43199e-011	1.41189e-011	1.68503e-011	2.0409e-011	2.22308e-011	2.23229e-011	2.28482e-011	2.49971e-011	2.72533e-011	2.73251e-011	2.53193e-011	2.40484e-011	2.58321e-011	2.95394e-011	3.15404e-011	2.96851e-011	2.5811e-011	2.38795e-011	2.58e-011	2.95493e-011	3.15166e-011	3.03009e-011	2.78172e-011	2.68189e-011	2.78903e-011	2.92043e-011	2.89581e-011	2.74518e-011	2.64818e-011	2.69624e-011	2.76667e-011	2.65814e-011	2.33497e-011	2.00162e-011	1.91025e-011	2.09376e-011	2.30702e-011	2.25491e-011	1.89137e-011	1.48645e-011	1.37732e-011	1.63822e-011	2.00255e-011	2.1284e-011	1.94422e-011	1.71325e-011	1.74157e-011	2.04211e-011	2.32874e-011	2.35483e-011	2.2099e-011	2.21545e-011	2.52102e-011	2.87863e-011	2.9007e-011	2.5373e-011	2.20269e-011	2.34439e-011	2.90985e-011	3.34462e-011	3.1837e-011	2.5936e-011	2.2252e-011	2.50319e-011	3.14619e-011	3.48093e-011	3.20625e-011	2.72616e-011	2.65819e-011	3.09235e-011	3.48318e-011	3.31459e-011	2.74514e-011	2.44122e-011	2.7698e-011	3.31417e-011	3.32732e-011	2.62394e-011	1.8545e-011	1.7979e-011	2.46786e-011	3.07904e-011	2.93485e-011	2.21897e-011	1.77301e-011	2.12195e-011	2.88498e-011	3.24889e-011	2.92802e-011	2.47124e-011	2.56584e-011	3.18624e-011	3.61483e-011	3.31218e-011	2.58988e-011	2.2674e-011	2.70504e-011	3.3578e-011	3.39084e-011	2.64732e-011	1.84122e-011	1.75174e-011	2.3555e-011	2.88992e-011	2.74612e-011	2.13967e-011	1.80225e-011	2.09908e-011	2.62559e-011	2.73212e-011	2.3165e-011	1.92997e-011	2.08596e-011	2.61647e-011	2.85415e-011	2.42565e-011	1.71396e-011	1.43879e-011	1.84112e-011	2.41604e-011	2.49281e-011	1.98371e-011	1.45103e-011	1.44859e-011	1.91819e-011	2.31629e-011	2.27374e-011	1.99318e-011	1.94286e-011	2.2553e-011	2.56805e-011	2.48559e-011	2.08622e-011	1.84937e-011	2.08152e-011	2.52705e-011	2.63876e-011	2.20529e-011	1.60839e-011	1.40903e-011	1.73621e-011	2.17148e-011	2.24109e-011	1.93442e-011	1.6644e-011	1.75412e-011	2.0754e-011	2.25115e-011	2.14364e-011	2.017e-011	2.1777e-011
1.56653e-011	1.46653e-011	1.143e-011	9.23367e-012	1.05689e-011	1.43633e-011	1.73035e-011	1.76185e-011	1.68047e-011	1.74159e-011	1.98479e-011	2.20989e-011	2.2603e-011	2.23657e-011	2.36006e-011	2.65932e-011	2.88941e-011	2.81188e-011	2.50715e-011	2.32719e-011	2.51592e-011	2.92778e-011	3.1751e-011	3.04447e-011	2.71711e-011	2.55708e-011	2.71978e-011	3.01591e-011	3.15413e-011	3.05984e-011	2.91338e-011	2.89958e-011	2.98582e-011	2.98372e-011	2.80065e-011	2.57036e-011	2.50479e-011	2.63836e-011	2.76172e-011	2.63191e-011	2.2399e-011	1.84765e-011	1.74365e-011	1.9579e-011	2.22419e-011	2.23471e-011	1.93968e-011	1.59501e-011	1.50741e-011	1.73105e-011	2.02477e-011	2.11437e-011	1.98193e-011	1.86767e-011	1.97935e-011	2.23802e-011	2.36431e-011	2.22355e-011	2.02472e-011	2.10482e-011	2.51336e-011	2.88998e-011	2.83307e-011	2.37966e-011	2.02957e-011	2.22646e-011	2.84868e-011	3.30618e-011	3.17782e-011	2.68529e-011	2.44961e-011	2.78759e-011	3.3532e-011	3.54787e-011	3.22588e-011	2.85933e-011	2.95563e-011	3.41865e-011	3.63725e-011	3.22531e-011	2.53357e-011	2.28588e-011	2.72854e-011	3.29708e-011	3.23499e-011	2.4769e-011	1.76181e-011	1.81487e-011	2.52845e-011	3.09258e-011	2.92664e-011	2.32853e-011	2.09154e-011	2.55413e-011	3.21056e-011	3.33454e-011	2.85893e-011	2.452e-011	2.69622e-011	3.35748e-011	3.63436e-011	3.1093e-011	2.27473e-011	1.9944e-011	2.51475e-011	3.17872e-011	3.17837e-011	2.47272e-011	1.81409e-011	1.87368e-011	2.4953e-011	2.92651e-011	2.71709e-011	2.21326e-011	2.09029e-011	2.51615e-011	2.95491e-011	2.83019e-011	2.23716e-011	1.84363e-011	2.09623e-011	2.67655e-011	2.85543e-011	2.33459e-011	1.59661e-011	1.36363e-011	1.79724e-011	2.35213e-011	2.42084e-011	2.00337e-011	1.64679e-011	1.77363e-011	2.2102e-011	2.445e-011	2.26587e-011	1.99775e-011	2.07181e-011	2.46782e-011	2.71479e-011	2.45479e-011	1.89467e-011	1.59797e-011	1.84794e-011	2.32019e-011	2.4457e-011	2.04665e-011	1.52113e-011	1.3834e-011	1.70331e-011	2.07811e-011	2.131e-011	1.9287e-011	1.84155e-011	2.05216e-011	2.32783e-011	2.32968e-011	2.06444e-011	1.90603e-011	2.13972e-011
1.56809e-011	1.5423e-011	1.29139e-011	1.11855e-011	1.24124e-011	1.55684e-011	1.79556e-011	1.85008e-011	1.87038e-011	2.02583e-011	2.25987e-011	2.36165e-011	2.26297e-011	2.16758e-011	2.32212e-011	2.69487e-011	2.96829e-011	2.88571e-011	2.55792e-011	2.36346e-011	2.54341e-011	2.94656e-011	3.20679e-011	3.14033e-011	2.91499e-011	2.82504e-011	2.9569e-011	3.12801e-011	3.13735e-011	3.00641e-011	2.9279e-011	3.00386e-011	3.10178e-011	3.00592e-011	2.68615e-011	2.36589e-011	2.29857e-011	2.49184e-011	2.6814e-011	2.5908e-011	2.2121e-011	1.82081e-011	1.71056e-011	1.91291e-011	2.17741e-011	2.22489e-011	2.01719e-011	1.77553e-011	1.73709e-011	1.90817e-011	2.07518e-011	2.05861e-011	1.92513e-011	1.90837e-011	2.1157e-011	2.36263e-011	2.35905e-011	2.06581e-011	1.80234e-011	1.92888e-011	2.42229e-011	2.84161e-011	2.77983e-011	2.33036e-011	2.02577e-011	2.27226e-011	2.89408e-011	3.31698e-011	3.20617e-011	2.83648e-011	2.75925e-011	3.14557e-011	3.58036e-011	3.56415e-011	3.1321e-011	2.83434e-011	3.07061e-011	3.56692e-011	3.65404e-011	3.06295e-011	2.30052e-011	2.11835e-011	2.65313e-011	3.24212e-011	3.1614e-011	2.45396e-011	1.88561e-011	2.06946e-011	2.77238e-011	3.20777e-011	2.96195e-011	2.45822e-011	2.41689e-011	2.96669e-011	3.47859e-011	3.32693e-011	2.6646e-011	2.26935e-011	2.62324e-011	3.31505e-011	3.49217e-011	2.85163e-011	2.01212e-011	1.82357e-011	2.41039e-011	3.05242e-011	3.02579e-011	2.4153e-011	1.96793e-011	2.19439e-011	2.79084e-011	3.04127e-011	2.68816e-011	2.22283e-011	2.26398e-011	2.78739e-011	3.13753e-011	2.80945e-011	2.06842e-011	1.66711e-011	1.98567e-011	2.5969e-011	2.75705e-011	2.24714e-011	1.59965e-011	1.47553e-011	1.93224e-011	2.41327e-011	2.42478e-011	2.08212e-011	1.90796e-011	2.16793e-011	2.55609e-011	2.59072e-011	2.22002e-011	1.89725e-011	2.03343e-011	2.48531e-011	2.69688e-011	2.33885e-011	1.70199e-011	1.38562e-011	1.63888e-011	2.10565e-011	2.24689e-011	1.93832e-011	1.56573e-011	1.54498e-011	1.85352e-011	2.10948e-011	2.06439e-011	1.89469e-011	1.94688e-011	2.26766e-011	2.51273e-011	2.36206e-011	1.94112e-011	1.71974e-011	1.97861e-011
1.58122e-011	1.62424e-011	1.47772e-011	1.39111e-011	1.51374e-011	1.7321e-011	1.85067e-011	1.86053e-011	1.93924e-011	2.18519e-011	2.4437e-011	2.47387e-011	2.26581e-011	2.1033e-011	2.26131e-011	2.6796e-011	3.00603e-011	2.97716e-011	2.70549e-011	2.54763e-011	2.71096e-011	3.04795e-011	3.25305e-011	3.20948e-011	3.08291e-011	3.08218e-011	3.19879e-011	3.23789e-011	3.08453e-011	2.86711e-011	2.81279e-011	2.96581e-011	3.10737e-011	2.98396e-011	2.59491e-011	2.21755e-011	2.13456e-011	2.34909e-011	2.583e-011	2.55478e-011	2.25055e-011	1.92151e-011	1.82572e-011	1.98229e-011	2.1777e-011	2.20068e-011	2.05389e-011	1.92548e-011	1.961e-011	2.09176e-011	2.11697e-011	1.95524e-011	1.77416e-011	1.82186e-011	2.12365e-011	2.39713e-011	2.33023e-011	1.94923e-011	1.6508e-011	1.80759e-011	2.34904e-011	2.7989e-011	2.77207e-011	2.40059e-011	2.19828e-011	2.4909e-011	3.04939e-011	3.35539e-011	3.20299e-011	2.93264e-011	3.00946e-011	3.43856e-011	3.7299e-011	3.4862e-011	2.92245e-011	2.66423e-011	3.01574e-011	3.5552e-011	3.57788e-011	2.9154e-011	2.17645e-011	2.0909e-011	2.68714e-011	3.25615e-011	3.15963e-011	2.55244e-011	2.1803e-011	2.49432e-011	3.12764e-011	3.34935e-011	2.94807e-011	2.48296e-011	2.59562e-011	3.20755e-011	3.57997e-011	3.18869e-011	2.37935e-011	2.00515e-011	2.44694e-011	3.15969e-011	3.28782e-011	2.64345e-011	1.91502e-011	1.87256e-011	2.50059e-011	3.05628e-011	2.95464e-011	2.42603e-011	2.1903e-011	2.5682e-011	3.10162e-011	3.12344e-011	2.57712e-011	2.09624e-011	2.24723e-011	2.83959e-011	3.12888e-011	2.68098e-011	1.88701e-011	1.52952e-011	1.90642e-011	2.52032e-011	2.66854e-011	2.23084e-011	1.75563e-011	1.78827e-011	2.25388e-011	2.59867e-011	2.47652e-011	2.14329e-011	2.1056e-011	2.47424e-011	2.81252e-011	2.66113e-011	2.10677e-011	1.70959e-011	1.86523e-011	2.34509e-011	2.55041e-011	2.18653e-011	1.58527e-011	1.32146e-011	1.58064e-011	1.9964e-011	2.10846e-011	1.87982e-011	1.6806e-011	1.79989e-011	2.09577e-011	2.19738e-011	1.99038e-011	1.77674e-011	1.9033e-011	2.30895e-011	2.55387e-011	2.32295e-011	1.81774e-011	1.56184e-011	1.82564e-011
1.62664e-011	1.68582e-011	1.62718e-011	1.64061e-011	1.78342e-011	1.90792e-011	1.88258e-011	1.80295e-011	1.89485e-011	2.21357e-011	2.52603e-011	2.55555e-011	2.3163e-011	2.12973e-011	2.2806e-011	2.70131e-011	3.04896e-011	3.08363e-011	2.91224e-011	2.83266e-011	2.98317e-011	3.21132e-011	3.29199e-011	3.20638e-011	3.14182e-011	3.22973e-011	3.35906e-011	3.30281e-011	3.00787e-011	2.6944e-011	2.63121e-011	2.83421e-011	3.03093e-011	2.93935e-011	2.56265e-011	2.1875e-011	2.09468e-011	2.28817e-011	2.51281e-011	2.52178e-011	2.30918e-011	2.0824e-011	2.02805e-011	2.127e-011	2.2031e-011	2.13625e-011	1.99927e-011	1.96579e-011	2.09051e-011	2.21558e-011	2.13196e-011	1.83746e-011	1.59347e-011	1.67449e-011	2.05231e-011	2.37514e-011	2.31401e-011	1.93124e-011	1.65334e-011	1.8356e-011	2.37318e-011	2.80082e-011	2.79575e-011	2.5297e-011	2.46169e-011	2.79809e-011	3.24662e-011	3.36573e-011	3.10634e-011	2.8896e-011	3.09788e-011	3.5735e-011	3.75393e-011	3.33262e-011	2.6758e-011	2.4604e-011	2.90466e-011	3.4827e-011	3.49384e-011	2.86251e-011	2.24253e-011	2.28362e-011	2.89656e-011	3.3703e-011	3.20507e-011	2.68287e-011	2.50428e-011	2.92887e-011	3.4521e-011	3.41443e-011	2.81619e-011	2.34793e-011	2.57416e-011	3.23352e-011	3.50747e-011	2.97116e-011	2.11586e-011	1.81405e-011	2.33287e-011	3.03809e-011	3.12905e-011	2.54644e-011	2.00483e-011	2.13668e-011	2.76699e-011	3.15798e-011	2.90374e-011	2.39784e-011	2.32829e-011	2.82298e-011	3.27901e-011	3.08282e-011	2.3607e-011	1.85968e-011	2.0894e-011	2.7288e-011	2.99164e-011	2.52402e-011	1.79697e-011	1.55772e-011	1.9929e-011	2.56269e-011	2.6584e-011	2.2878e-011	2.00272e-011	2.20119e-011	2.65692e-011	2.82117e-011	2.50584e-011	2.11505e-011	2.15093e-011	2.59261e-011	2.89598e-011	2.62213e-011	1.95919e-011	1.52725e-011	1.69106e-011	2.16884e-011	2.3708e-011	2.06061e-011	1.58465e-011	1.43963e-011	1.7105e-011	2.02459e-011	2.03342e-011	1.82075e-011	1.75707e-011	2.00477e-011	2.29423e-011	2.2507e-011	1.87461e-011	1.58161e-011	1.7313e-011	2.19231e-011	2.4665e-011	2.24586e-011	1.76537e-011	1.54445e-011	1.81518e-011
1.69447e-011	1.69866e-011	1.67916e-011	1.78205e-011	1.96942e-011	2.04075e-011	1.90234e-011	1.73427e-011	1.81213e-011	2.17517e-011	2.54729e-011	2.63043e-011	2.4397e-011	2.28792e-011	2.43524e-011	2.81027e-011	3.11548e-011	3.17314e-011	3.09851e-011	3.11624e-011	3.26909e-011	3.3803e-011	3.3014e-011	3.1225e-011	3.07381e-011	3.23355e-011	3.4026e-011	3.31368e-011	2.94396e-011	2.56896e-011	2.48497e-011	2.7005e-011	2.93055e-011	2.89333e-011	2.58877e-011	2.27523e-011	2.19219e-011	2.3318e-011	2.48261e-011	2.46939e-011	2.32164e-011	2.2057e-011	2.21788e-011	2.27525e-011	2.22239e-011	2.03023e-011	1.85699e-011	1.88505e-011	2.09886e-011	2.25792e-011	2.13043e-011	1.76215e-011	1.4783e-011	1.57323e-011	1.99096e-011	2.35173e-011	2.33374e-011	2.01938e-011	1.81859e-011	2.02884e-011	2.50857e-011	2.83846e-011	2.79934e-011	2.61857e-011	2.68672e-011	3.06801e-011	3.39543e-011	3.30519e-011	2.90826e-011	2.70996e-011	3.02282e-011	3.55128e-011	3.67853e-011	3.17464e-011	2.50976e-011	2.36715e-011	2.8778e-011	3.45818e-011	3.4631e-011	2.91686e-011	2.47453e-011	2.65313e-011	3.2316e-011	3.52675e-011	3.21678e-011	2.72649e-011	2.70475e-011	3.21533e-011	3.62455e-011	3.34815e-011	2.57959e-011	2.1122e-011	2.43009e-011	3.12601e-011	3.34794e-011	2.77515e-011	1.99286e-011	1.82606e-011	2.40546e-011	3.04527e-011	3.0571e-011	2.53332e-011	2.19083e-011	2.48816e-011	3.07953e-011	3.24811e-011	2.78362e-011	2.24428e-011	2.28635e-011	2.86342e-011	3.25642e-011	2.91087e-011	2.09941e-011	1.62962e-011	1.9342e-011	2.59577e-011	2.84237e-011	2.42299e-011	1.85505e-011	1.79207e-011	2.2773e-011	2.74346e-011	2.71467e-011	2.35371e-011	2.21958e-011	2.55799e-011	2.9909e-011	2.97332e-011	2.46171e-011	1.98965e-011	2.05486e-011	2.53636e-011	2.82428e-011	2.51154e-011	1.85045e-011	1.46119e-011	1.64409e-011	2.08226e-011	2.24395e-011	1.9866e-011	1.66715e-011	1.67214e-011	1.95632e-011	2.13238e-011	1.97364e-011	1.70191e-011	1.70865e-011	2.05223e-011	2.35061e-011	2.21715e-011	1.73223e-011	1.38577e-011	1.53997e-011	2.0253e-011	2.33419e-011	2.18787e-011	1.82807e-011	1.71517e-011	2.00318e-011
1.7609e-011	1.65843e-011	1.6262e-011	1.79287e-011	2.04315e-011	2.12027e-011	1.94001e-011	1.72844e-011	1.78985e-011	2.16177e-011	2.56463e-011	2.71111e-011	2.61502e-011	2.54619e-011	2.70244e-011	2.99571e-011	3.19159e-011	3.20634e-011	3.18882e-011	3.29899e-011	3.47669e-011	3.50248e-011	3.28218e-011	3.00001e-011	2.93439e-011	3.1377e-011	3.35522e-011	3.29051e-011	2.92717e-011	2.55155e-011	2.45511e-011	2.64328e-011	2.85467e-011	2.84685e-011	2.62996e-011	2.41527e-011	2.36727e-011	2.44239e-011	2.47286e-011	2.37553e-011	2.24241e-011	2.21825e-011	2.3125e-011	2.36551e-011	2.21948e-011	1.91477e-011	1.68779e-011	1.74415e-011	2.02817e-011	2.2435e-011	2.13753e-011	1.77466e-011	1.5007e-011	1.60426e-011	2.01425e-011	2.36472e-011	2.37836e-011	2.16065e-011	2.07331e-011	2.318e-011	2.70244e-011	2.86936e-011	2.73125e-011	2.59039e-011	2.77473e-011	3.20635e-011	3.44068e-011	3.17958e-011	2.6712e-011	2.48721e-011	2.88017e-011	3.45517e-011	3.57684e-011	3.08658e-011	2.50775e-011	2.47371e-011	3.01496e-011	3.52934e-011	3.47981e-011	3.00975e-011	2.75212e-011	3.05731e-011	3.56224e-011	3.62645e-011	3.12162e-011	2.61721e-011	2.71138e-011	3.28998e-011	3.61582e-011	3.18135e-011	2.33393e-011	1.91764e-011	2.32056e-011	3.02887e-011	3.21396e-011	2.67627e-011	2.05331e-011	2.06153e-011	2.66999e-011	3.16824e-011	3.02513e-011	2.50659e-011	2.32453e-011	2.75301e-011	3.28078e-011	3.22114e-011	2.55048e-011	1.96763e-011	2.08914e-011	2.72347e-011	3.08092e-011	2.68015e-011	1.89931e-011	1.54117e-011	1.92821e-011	2.57197e-011	2.76957e-011	2.40449e-011	2.02589e-011	2.1557e-011	2.67115e-011	2.98324e-011	2.76621e-011	2.34862e-011	2.30364e-011	2.74063e-011	3.15141e-011	2.99886e-011	2.35504e-011	1.8388e-011	1.92392e-011	2.41638e-011	2.69157e-011	2.40129e-011	1.83804e-011	1.56699e-011	1.78365e-011	2.13887e-011	2.19385e-011	1.93447e-011	1.74152e-011	1.88645e-011	2.18341e-011	2.21953e-011	1.87714e-011	1.50706e-011	1.53032e-011	1.93296e-011	2.25642e-011	2.10996e-011	1.61875e-011	1.29162e-011	1.46121e-011	1.93599e-011	2.24663e-011	2.18048e-011	1.98329e-011	2.02148e-011	2.33525e-011
1.8115e-011	1.59702e-011	1.52293e-011	1.72303e-011	2.03625e-011	2.166e-011	2.02103e-011	1.83142e-011	1.89308e-011	2.23816e-011	2.6147e-011	2.78548e-011	2.78089e-011	2.8156e-011	2.99766e-011	3.20116e-011	3.25079e-011	3.16873e-011	3.1588e-011	3.33947e-011	3.56216e-011	3.55879e-011	3.26091e-011	2.91131e-011	2.82037e-011	3.03251e-011	3.27724e-011	3.25849e-011	2.96072e-011	2.64423e-011	2.55632e-011	2.68647e-011	2.81712e-011	2.78068e-011	2.62368e-011	2.51361e-011	2.52361e-011	2.55117e-011	2.4551e-011	2.24149e-011	2.078e-011	2.11162e-011	2.28755e-011	2.37636e-011	2.20144e-011	1.83984e-011	1.57754e-011	1.63994e-011	1.95804e-011	2.21845e-011	2.16872e-011	1.87664e-011	1.6668e-011	1.78516e-011	2.14152e-011	2.41373e-011	2.4074e-011	2.26925e-011	2.30272e-011	2.59065e-011	2.87387e-011	2.85449e-011	2.58167e-011	2.44123e-011	2.71356e-011	3.19988e-011	3.39148e-011	3.04223e-011	2.49652e-011	2.353e-011	2.80217e-011	3.39075e-011	3.51299e-011	3.09133e-011	2.66297e-011	2.75866e-011	3.28884e-011	3.65837e-011	3.47929e-011	3.03466e-011	2.93005e-011	3.33985e-011	3.76147e-011	3.60177e-011	2.91475e-011	2.39268e-011	2.5791e-011	3.21287e-011	3.49598e-011	3.00562e-011	2.19736e-011	1.90093e-011	2.38146e-011	3.05189e-011	3.16496e-011	2.66899e-011	2.23008e-011	2.41416e-011	3.01167e-011	3.30419e-011	2.94148e-011	2.37004e-011	2.29463e-011	2.81599e-011	3.28231e-011	3.0471e-011	2.2454e-011	1.66764e-011	1.86723e-011	2.53653e-011	2.87051e-011	2.48689e-011	1.83774e-011	1.65957e-011	2.12814e-011	2.69856e-011	2.77994e-011	2.42015e-011	2.20033e-011	2.49861e-011	3.02241e-011	3.16455e-011	2.74452e-011	2.24198e-011	2.24052e-011	2.73808e-011	3.13623e-011	2.92197e-011	2.25184e-011	1.77157e-011	1.89404e-011	2.36674e-011	2.59935e-011	2.33985e-011	1.91642e-011	1.80352e-011	2.05922e-011	2.29503e-011	2.17941e-011	1.84614e-011	1.71689e-011	1.96473e-011	2.2766e-011	2.21113e-011	1.73277e-011	1.28564e-011	1.30691e-011	1.73629e-011	2.08556e-011	1.98584e-011	1.58604e-011	1.36039e-011	1.56858e-011	1.99508e-011	2.24307e-011	2.20508e-011	2.14823e-011	2.33791e-011	2.68269e-011
1.85276e-011	1.56941e-011	1.45743e-011	1.66328e-011	2.01354e-011	2.20462e-011	2.14197e-011	2.02978e-011	2.11598e-011	2.4086e-011	2.69688e-011	2.82593e-011	2.87054e-011	3.00005e-011	3.22511e-011	3.36395e-011	3.28012e-011	3.08858e-011	3.05255e-011	3.27361e-011	3.54584e-011	3.56547e-011	3.2693e-011	2.91572e-011	2.81316e-011	2.99942e-011	3.22241e-011	3.22539e-011	3.00783e-011	2.78616e-011	2.73106e-011	2.79336e-011	2.79914e-011	2.67445e-011	2.52737e-011	2.50091e-011	2.58243e-011	2.59963e-011	2.41461e-011	2.09898e-011	1.88751e-011	1.94456e-011	2.18251e-011	2.32842e-011	2.18692e-011	1.84194e-011	1.58859e-011	1.65007e-011	1.95716e-011	2.21771e-011	2.21335e-011	2.01917e-011	1.91121e-011	2.05744e-011	2.33208e-011	2.46801e-011	2.37985e-011	2.27747e-011	2.41498e-011	2.75516e-011	2.9645e-011	2.79019e-011	2.39879e-011	2.24776e-011	2.58148e-011	3.11475e-011	3.30591e-011	2.95677e-011	2.46324e-011	2.39886e-011	2.87653e-011	3.41793e-011	3.49719e-011	3.14001e-011	2.8773e-011	3.10132e-011	3.58635e-011	3.75593e-011	3.3904e-011	2.92069e-011	2.92733e-011	3.42131e-011	3.78082e-011	3.46294e-011	2.67242e-011	2.17823e-011	2.45234e-011	3.12022e-011	3.37722e-011	2.90527e-011	2.23025e-011	2.10518e-011	2.64171e-011	3.2033e-011	3.17183e-011	2.66998e-011	2.38458e-011	2.71394e-011	3.26949e-011	3.33618e-011	2.74426e-011	2.10308e-011	2.10048e-011	2.68655e-011	3.11122e-011	2.78614e-011	1.97033e-011	1.48204e-011	1.77455e-011	2.44573e-011	2.73067e-011	2.38061e-011	1.90605e-011	1.93403e-011	2.46622e-011	2.90867e-011	2.80648e-011	2.38688e-011	2.26665e-011	2.68861e-011	3.20874e-011	3.21066e-011	2.6388e-011	2.08382e-011	2.11712e-011	2.64685e-011	3.03375e-011	2.81912e-011	2.22304e-011	1.86216e-011	2.04473e-011	2.46117e-011	2.59226e-011	2.3184e-011	2.01429e-011	2.0533e-011	2.34275e-011	2.44725e-011	2.13652e-011	1.68669e-011	1.56579e-011	1.87391e-011	2.20433e-011	2.09959e-011	1.5786e-011	1.12695e-011	1.16295e-011	1.59075e-011	1.93775e-011	1.89584e-011	1.63753e-011	1.56713e-011	1.83247e-011	2.17964e-011	2.29784e-011	2.21085e-011	2.23122e-011	2.54012e-011	2.92125e-011
1.90382e-011	1.621e-011	1.5011e-011	1.69181e-011	2.03122e-011	2.24742e-011	2.26514e-011	2.25429e-011	2.38668e-011	2.62169e-011	2.78409e-011	2.81432e-011	2.85426e-011	3.05065e-011	3.33038e-011	3.45151e-011	3.29163e-011	3.02563e-011	2.95849e-011	3.18869e-011	3.48981e-011	3.55269e-011	3.31668e-011	3.02089e-011	2.932e-011	3.06647e-011	3.20915e-011	3.17728e-011	3.01121e-011	2.88735e-011	2.88504e-011	2.89528e-011	2.77145e-011	2.52892e-011	2.34813e-011	2.37068e-011	2.52188e-011	2.56791e-011	2.35762e-011	1.99429e-011	1.75107e-011	1.80767e-011	2.07119e-011	2.26251e-011	2.18613e-011	1.91775e-011	1.72338e-011	1.79094e-011	2.04685e-011	2.24608e-011	2.23921e-011	2.12752e-011	2.13211e-011	2.32151e-011	2.51526e-011	2.4944e-011	2.28719e-011	2.17881e-011	2.39183e-011	2.78828e-011	2.96927e-011	2.71254e-011	2.26601e-011	2.12545e-011	2.49801e-011	3.04821e-011	3.24534e-011	2.95017e-011	2.57586e-011	2.62036e-011	3.09565e-011	3.51843e-011	3.48271e-011	3.14197e-011	3.01834e-011	3.35318e-011	3.78102e-011	3.74706e-011	3.19431e-011	2.68694e-011	2.77782e-011	3.34028e-011	3.67119e-011	3.28774e-011	2.5063e-011	2.1113e-011	2.47348e-011	3.13293e-011	3.33486e-011	2.89572e-011	2.39007e-011	2.44867e-011	3.00649e-011	3.39255e-011	3.14672e-011	2.57914e-011	2.39503e-011	2.82958e-011	3.33494e-011	3.21228e-011	2.45263e-011	1.78489e-011	1.8548e-011	2.48519e-011	2.88073e-011	2.54013e-011	1.81794e-011	1.49752e-011	1.89088e-011	2.51408e-011	2.68826e-011	2.33152e-011	2.0112e-011	2.22569e-011	2.79399e-011	3.07965e-011	2.76733e-011	2.25434e-011	2.18686e-011	2.69049e-011	3.2065e-011	3.12964e-011	2.50481e-011	1.97795e-011	2.06843e-011	2.60533e-011	2.95713e-011	2.75862e-011	2.28899e-011	2.09659e-011	2.34896e-011	2.67315e-011	2.6398e-011	2.28391e-011	2.04069e-011	2.19273e-011	2.50692e-011	2.5022e-011	2.03069e-011	1.47973e-011	1.34789e-011	1.68237e-011	2.02687e-011	1.93684e-011	1.46989e-011	1.10168e-011	1.18568e-011	1.58462e-011	1.87435e-011	1.84754e-011	1.7178e-011	1.80996e-011	2.13927e-011	2.39725e-011	2.35199e-011	2.16031e-011	2.19436e-011	2.57884e-011	3.00157e-011
1.97624e-011	1.75635e-011	1.66696e-011	1.83161e-011	2.10707e-011	2.28443e-011	2.33871e-011	2.41798e-011	2.60992e-011	2.80647e-011	2.84906e-011	2.76287e-011	2.76173e-011	2.99177e-011	3.32475e-011	3.47271e-011	3.3113e-011	3.03576e-011	2.95788e-011	3.16997e-011	3.45557e-011	3.53855e-011	3.37693e-011	3.17457e-011	3.12454e-011	3.19904e-011	3.2193e-011	3.09445e-011	2.92964e-011	2.88007e-011	2.94048e-011	2.93346e-011	2.7177e-011	2.37345e-011	2.14303e-011	2.18071e-011	2.38143e-011	2.47637e-011	2.30064e-011	1.95923e-011	1.72464e-011	1.77226e-011	2.01763e-011	2.21131e-011	2.18858e-011	2.02089e-011	1.92155e-011	2.01139e-011	2.19537e-011	2.28254e-011	2.21532e-011	2.14403e-011	2.24681e-011	2.49196e-011	2.63371e-011	2.48404e-011	2.16704e-011	2.03604e-011	2.29604e-011	2.73997e-011	2.93031e-011	2.67113e-011	2.25236e-011	2.16135e-011	2.55199e-011	3.06645e-011	3.23116e-011	2.98967e-011	2.7564e-011	2.91824e-011	3.36526e-011	3.61624e-011	3.4053e-011	3.0272e-011	3.00047e-011	3.42458e-011	3.80893e-011	3.62282e-011	2.94692e-011	2.43951e-011	2.60955e-011	3.22097e-011	3.5393e-011	3.16365e-011	2.489e-011	2.25414e-011	2.69368e-011	3.28129e-011	3.36025e-011	2.91224e-011	2.55395e-011	2.77193e-011	3.3177e-011	3.49688e-011	3.01384e-011	2.35577e-011	2.23669e-011	2.7453e-011	3.21218e-011	2.97517e-011	2.1582e-011	1.54955e-011	1.71321e-011	2.36175e-011	2.70922e-011	2.37852e-011	1.8052e-011	1.6903e-011	2.17186e-011	2.69116e-011	2.68491e-011	2.25813e-011	2.0369e-011	2.39226e-011	2.97413e-011	3.11603e-011	2.63039e-011	2.05012e-011	2.02624e-011	2.58304e-011	3.09403e-011	2.9979e-011	2.42281e-011	2.01403e-011	2.19199e-011	2.70614e-011	2.97105e-011	2.75333e-011	2.40021e-011	2.37587e-011	2.68996e-011	2.9011e-011	2.6706e-011	2.18693e-011	1.94884e-011	2.16703e-011	2.49818e-011	2.43158e-011	1.88151e-011	1.29906e-011	1.17649e-011	1.51401e-011	1.84845e-011	1.78844e-011	1.43249e-011	1.21081e-011	1.3705e-011	1.71666e-011	1.88801e-011	1.80555e-011	1.74674e-011	1.96956e-011	2.36049e-011	2.54948e-011	2.36311e-011	2.06669e-011	2.08407e-011	2.50677e-011	2.96841e-011
2.05878e-011	1.93071e-011	1.90176e-011	2.04234e-011	2.21866e-011	2.29808e-011	2.33083e-011	2.46634e-011	2.72073e-011	2.91468e-011	2.8853e-011	2.7138e-011	2.66835e-011	2.90396e-011	3.26968e-011	3.46172e-011	3.3551e-011	3.13412e-011	3.07741e-011	3.25301e-011	3.46972e-011	3.51806e-011	3.40131e-011	3.29299e-011	3.29886e-011	3.32699e-011	3.21969e-011	2.97347e-011	2.76743e-011	2.7569e-011	2.87582e-011	2.88823e-011	2.64303e-011	2.25152e-011	1.98847e-011	2.01828e-011	2.23277e-011	2.3646e-011	2.2525e-011	1.98818e-011	1.80785e-011	1.85275e-011	2.04332e-011	2.18271e-011	2.16821e-011	2.08564e-011	2.09236e-011	2.22341e-011	2.34214e-011	2.30115e-011	2.13725e-011	2.06369e-011	2.23595e-011	2.5409e-011	2.67302e-011	2.45904e-011	2.08606e-011	1.94774e-011	2.23228e-011	2.69596e-011	2.9018e-011	2.69129e-011	2.36707e-011	2.36161e-011	2.75035e-011	3.1675e-011	3.2335e-011	3.00149e-011	2.8882e-011	3.15609e-011	3.56457e-011	3.63409e-011	3.23642e-011	2.79963e-011	2.83889e-011	3.33365e-011	3.70067e-011	3.44355e-011	2.74776e-011	2.31026e-011	2.56551e-011	3.19054e-011	3.4726e-011	3.12463e-011	2.60206e-011	2.55124e-011	3.04183e-011	3.49236e-011	3.37567e-011	2.85766e-011	2.59641e-011	2.93359e-011	3.45094e-011	3.44407e-011	2.7698e-011	2.05619e-011	2.00088e-011	2.56398e-011	3.00378e-011	2.72577e-011	1.9628e-011	1.5004e-011	1.77563e-011	2.39997e-011	2.64406e-011	2.29197e-011	1.85839e-011	1.93704e-011	2.47755e-011	2.8539e-011	2.62949e-011	2.09353e-011	1.92359e-011	2.37483e-011	2.96045e-011	3.00712e-011	2.43768e-011	1.86889e-011	1.91479e-011	2.50486e-011	2.99205e-011	2.90015e-011	2.43697e-011	2.20496e-011	2.4856e-011	2.94232e-011	3.0587e-011	2.75878e-011	2.46961e-011	2.57493e-011	2.93264e-011	3.03724e-011	2.62987e-011	2.02686e-011	1.77311e-011	2.0218e-011	2.35998e-011	2.27864e-011	1.74352e-011	1.22072e-011	1.14843e-011	1.47072e-011	1.74905e-011	1.68598e-011	1.43828e-011	1.37846e-011	1.62358e-011	1.9052e-011	1.92155e-011	1.72706e-011	1.6758e-011	1.98137e-011	2.42702e-011	2.59057e-011	2.33563e-011	1.99292e-011	2.00644e-011	2.44218e-011	2.92124e-011
2.12056e-011	2.07274e-011	2.11665e-011	2.24892e-011	2.32623e-011	2.28424e-011	2.25491e-011	2.40932e-011	2.71751e-011	2.94334e-011	2.90839e-011	2.71546e-011	2.65254e-011	2.8754e-011	3.23529e-011	3.44959e-011	3.41149e-011	3.28162e-011	3.27425e-011	3.40867e-011	3.5168e-011	3.47318e-011	3.35005e-011	3.3091e-011	3.37595e-011	3.38773e-011	3.18819e-011	2.83747e-011	2.57672e-011	2.5732e-011	2.73053e-011	2.78106e-011	2.56433e-011	2.19338e-011	1.93711e-011	1.95105e-011	2.13753e-011	2.26483e-011	2.20402e-011	2.03728e-011	1.9438e-011	2.00245e-011	2.12219e-011	2.16271e-011	2.10261e-011	2.06431e-011	2.1635e-011	2.35035e-011	2.43454e-011	2.29231e-011	2.03688e-011	1.94012e-011	2.15129e-011	2.50594e-011	2.66177e-011	2.455e-011	2.10073e-011	1.99191e-011	2.28505e-011	2.72322e-011	2.9112e-011	2.75174e-011	2.54849e-011	2.64594e-011	3.01713e-011	3.29007e-011	3.19801e-011	2.92079e-011	2.88615e-011	3.23941e-011	3.61863e-011	3.54634e-011	3.01173e-011	2.54439e-011	2.64222e-011	3.18855e-011	3.55232e-011	3.29362e-011	2.67514e-011	2.37489e-011	2.71532e-011	3.29988e-011	3.48375e-011	3.12746e-011	2.74308e-011	2.85995e-011	3.36972e-011	3.64428e-011	3.29735e-011	2.67598e-011	2.47217e-011	2.89433e-011	3.38659e-011	3.25596e-011	2.49061e-011	1.80477e-011	1.839e-011	2.43679e-011	2.8362e-011	2.54966e-011	1.90671e-011	1.64047e-011	2.02293e-011	2.56919e-011	2.63979e-011	2.20535e-011	1.86158e-011	2.08985e-011	2.65908e-011	2.89002e-011	2.4691e-011	1.842e-011	1.71283e-011	2.23114e-011	2.81668e-011	2.82411e-011	2.27386e-011	1.81182e-011	1.96526e-011	2.56555e-011	2.98425e-011	2.87092e-011	2.52102e-011	2.47311e-011	2.84788e-011	3.21884e-011	3.14605e-011	2.71509e-011	2.43437e-011	2.61954e-011	3.00267e-011	3.03283e-011	2.518e-011	1.86005e-011	1.61232e-011	1.8718e-011	2.19581e-011	2.11826e-011	1.66077e-011	1.26888e-011	1.28286e-011	1.57291e-011	1.7406e-011	1.61158e-011	1.42231e-011	1.49567e-011	1.81892e-011	2.04469e-011	1.91662e-011	1.60318e-011	1.52663e-011	1.87387e-011	2.36234e-011	2.54491e-011	2.31113e-011	2.01089e-011	2.06179e-011	2.49394e-011	2.94649e-011
2.1323e-011	2.12604e-011	2.23808e-011	2.38694e-011	2.40182e-011	2.26282e-011	2.16791e-011	2.31551e-011	2.65665e-011	2.92724e-011	2.93889e-011	2.79017e-011	2.74975e-011	2.95186e-011	3.26009e-011	3.44468e-011	3.44502e-011	3.40506e-011	3.46182e-011	3.56623e-011	3.55869e-011	3.39392e-011	3.22163e-011	3.21128e-011	3.33116e-011	3.35855e-011	3.1261e-011	2.72549e-011	2.42987e-011	2.41389e-011	2.57634e-011	2.65341e-011	2.49256e-011	2.19431e-011	1.98778e-011	1.99192e-011	2.1166e-011	2.18659e-011	2.13353e-011	2.04769e-011	2.05031e-011	2.1424e-011	2.20194e-011	2.13212e-011	1.99264e-011	1.95618e-011	2.11881e-011	2.36511e-011	2.45466e-011	2.26946e-011	1.96805e-011	1.85746e-011	2.08376e-011	2.46127e-011	2.64551e-011	2.49244e-011	2.22017e-011	2.17957e-011	2.47041e-011	2.83192e-011	2.94296e-011	2.79481e-011	2.69666e-011	2.89272e-011	3.2411e-011	3.35898e-011	3.09076e-011	2.74027e-011	2.75014e-011	3.1681e-011	3.53802e-011	3.39349e-011	2.81374e-011	2.38124e-011	2.54723e-011	3.11635e-011	3.45787e-011	3.22094e-011	2.73145e-011	2.60299e-011	3.01292e-011	3.4972e-011	3.51041e-011	3.08441e-011	2.79018e-011	3.03602e-011	3.54303e-011	3.64843e-011	3.10084e-011	2.40021e-011	2.2492e-011	2.73611e-011	3.21176e-011	3.02644e-011	2.28081e-011	1.71589e-011	1.8672e-011	2.46612e-011	2.77696e-011	2.45915e-011	1.93839e-011	1.86616e-011	2.32872e-011	2.7511e-011	2.6007e-011	2.03907e-011	1.73648e-011	2.06743e-011	2.6471e-011	2.76765e-011	2.22819e-011	1.58467e-011	1.52505e-011	2.09523e-011	2.66639e-011	2.6639e-011	2.20392e-011	1.91746e-011	2.20082e-011	2.77957e-011	3.07025e-011	2.87768e-011	2.59564e-011	2.69618e-011	3.14014e-011	3.41733e-011	3.16104e-011	2.59924e-011	2.30389e-011	2.53131e-011	2.92414e-011	2.91894e-011	2.38492e-011	1.76396e-011	1.56893e-011	1.82842e-011	2.1003e-011	2.00288e-011	1.63088e-011	1.39419e-011	1.50827e-011	1.75361e-011	1.77237e-011	1.52198e-011	1.33022e-011	1.48749e-011	1.87244e-011	2.07012e-011	1.85509e-011	1.47325e-011	1.38355e-011	1.74881e-011	2.25764e-011	2.47742e-011	2.32954e-011	2.1488e-011	2.28031e-011	2.69603e-011	3.06687e-011
2.09111e-011	2.08446e-011	2.2484e-011	2.43686e-011	2.44474e-011	2.26864e-011	2.14011e-011	2.27231e-011	2.6151e-011	2.91052e-011	2.98202e-011	2.91574e-011	2.93125e-011	3.11424e-011	3.33531e-011	3.43387e-011	3.41984e-011	3.43942e-011	3.55963e-011	3.65721e-011	3.56386e-011	3.2929e-011	3.05929e-011	3.04934e-011	3.2019e-011	3.26114e-011	3.05106e-011	2.66762e-011	2.37827e-011	2.34532e-011	2.47482e-011	2.53939e-011	2.42181e-011	2.21392e-011	2.08637e-011	2.09634e-011	2.14617e-011	2.11939e-011	2.02421e-011	1.9796e-011	2.06439e-011	2.20483e-011	2.23616e-011	2.08346e-011	1.86832e-011	1.81047e-011	2.00434e-011	2.29836e-011	2.42226e-011	2.25736e-011	1.97557e-011	1.88328e-011	2.11073e-011	2.47111e-011	2.65399e-011	2.55765e-011	2.39519e-011	2.4462e-011	2.72883e-011	2.9754e-011	2.95439e-011	2.76422e-011	2.73175e-011	3.00808e-011	3.34152e-011	3.33581e-011	2.92906e-011	2.52399e-011	2.56776e-011	3.03133e-011	3.40367e-011	3.25061e-011	2.71898e-011	2.39183e-011	2.63569e-011	3.18425e-011	3.44922e-011	3.20389e-011	2.83716e-011	2.87313e-011	3.3258e-011	3.66795e-011	3.46711e-011	2.93001e-011	2.68257e-011	3.02023e-011	3.51978e-011	3.50437e-011	2.84267e-011	2.13974e-011	2.06911e-011	2.606e-011	3.05591e-011	2.8527e-011	2.20071e-011	1.81807e-011	2.09243e-011	2.64386e-011	2.79768e-011	2.39061e-011	1.94796e-011	2.0296e-011	2.53735e-011	2.81977e-011	2.4545e-011	1.77403e-011	1.49946e-011	1.9036e-011	2.48636e-011	2.5472e-011	1.99006e-011	1.42909e-011	1.48422e-011	2.09091e-011	2.61052e-011	2.58206e-011	2.22567e-011	2.13192e-011	2.5391e-011	3.06285e-011	3.17784e-011	2.85426e-011	2.58544e-011	2.78312e-011	3.26888e-011	3.46901e-011	3.08424e-011	2.44857e-011	2.1598e-011	2.41199e-011	2.79501e-011	2.77479e-011	2.28851e-011	1.78267e-011	1.68368e-011	1.93256e-011	2.1043e-011	1.93268e-011	1.6058e-011	1.50128e-011	1.7058e-011	1.90564e-011	1.77543e-011	1.39065e-011	1.16196e-011	1.35975e-011	1.78672e-011	1.9884e-011	1.76534e-011	1.40023e-011	1.34268e-011	1.71691e-011	2.20919e-011	2.44304e-011	2.39268e-011	2.3647e-011	2.60073e-011	2.99172e-011	3.23782e-011
2.03029e-011	1.9987e-011	2.19284e-011	2.42833e-011	2.47527e-011	2.32766e-011	2.21412e-011	2.33602e-011	2.64536e-011	2.91852e-011	3.02037e-011	3.03481e-011	3.12067e-011	3.29469e-011	3.41947e-011	3.4005e-011	3.32729e-011	3.36675e-011	3.53702e-011	3.6522e-011	3.52596e-011	3.20137e-011	2.92906e-011	2.90491e-011	3.0604e-011	3.14061e-011	2.97893e-011	2.66314e-011	2.42264e-011	2.38045e-011	2.44666e-011	2.44968e-011	2.33366e-011	2.19832e-011	2.15637e-011	2.1907e-011	2.17843e-011	2.04776e-011	1.8806e-011	1.83669e-011	1.97489e-011	2.16675e-011	2.20791e-011	2.02641e-011	1.77541e-011	1.70083e-011	1.90048e-011	2.21514e-011	2.37562e-011	2.27135e-011	2.06607e-011	2.02954e-011	2.25288e-011	2.55385e-011	2.68322e-011	2.60757e-011	2.54256e-011	2.68658e-011	2.96178e-011	3.08485e-011	2.91096e-011	2.64637e-011	2.64315e-011	2.97789e-011	3.3116e-011	3.24132e-011	2.77561e-011	2.37451e-011	2.46323e-011	2.94942e-011	3.30951e-011	3.17322e-011	2.74509e-011	2.56679e-011	2.88472e-011	3.36215e-011	3.48217e-011	3.1689e-011	2.88011e-011	3.04509e-011	3.51626e-011	3.71216e-011	3.3114e-011	2.67506e-011	2.4645e-011	2.87175e-011	3.36795e-011	3.29353e-011	2.62353e-011	2.01361e-011	2.05909e-011	2.6217e-011	3.00521e-011	2.76901e-011	2.22311e-011	2.0314e-011	2.40715e-011	2.86226e-011	2.8038e-011	2.25704e-011	1.84277e-011	2.03013e-011	2.55724e-011	2.72074e-011	2.20479e-011	1.47337e-011	1.25644e-011	1.72264e-011	2.29791e-011	2.33267e-011	1.8364e-011	1.437e-011	1.63833e-011	2.25512e-011	2.66731e-011	2.56111e-011	2.27131e-011	2.33991e-011	2.84216e-011	3.29023e-011	3.22076e-011	2.75727e-011	2.47566e-011	2.73083e-011	3.23667e-011	3.38962e-011	2.9573e-011	2.33813e-011	2.10633e-011	2.37853e-011	2.72067e-011	2.6703e-011	2.24985e-011	1.89273e-011	1.90849e-011	2.1343e-011	2.16659e-011	1.86728e-011	1.52886e-011	1.50845e-011	1.78014e-011	1.94821e-011	1.71186e-011	1.23451e-011	9.79405e-012	1.19512e-011	1.64071e-011	1.8613e-011	1.69309e-011	1.42481e-011	1.4505e-011	1.83063e-011	2.26046e-011	2.45208e-011	2.4591e-011	2.56689e-011	2.90576e-011	3.27339e-011	3.3871e-011
2.00486e-011	1.94894e-011	2.15023e-011	2.41555e-011	2.51435e-011	2.43573e-011	2.37827e-011	2.50167e-011	2.74987e-011	2.94754e-011	3.02618e-011	3.08788e-011	3.2381e-011	3.41892e-011	3.46963e-011	3.34327e-011	3.19776e-011	3.22744e-011	3.42599e-011	3.57058e-011	3.46179e-011	3.14891e-011	2.8819e-011	2.84473e-011	2.97054e-011	3.03573e-011	2.90994e-011	2.67745e-011	2.51262e-011	2.47597e-011	2.46784e-011	2.37388e-011	2.21322e-011	2.11209e-011	2.141e-011	2.21357e-011	2.17159e-011	1.96605e-011	1.73209e-011	1.66634e-011	1.82588e-011	2.05658e-011	2.13312e-011	1.97924e-011	1.74978e-011	1.68534e-011	1.87682e-011	2.17541e-011	2.3446e-011	2.30249e-011	2.1995e-011	2.24414e-011	2.46456e-011	2.67637e-011	2.70288e-011	2.59714e-011	2.59203e-011	2.81308e-011	3.08888e-011	3.11468e-011	2.81594e-011	2.4869e-011	2.49852e-011	2.87198e-011	3.21497e-011	3.13694e-011	2.6987e-011	2.37178e-011	2.52297e-011	2.9996e-011	3.30213e-011	3.15868e-011	2.8349e-011	2.80754e-011	3.1811e-011	3.54773e-011	3.47511e-011	3.04673e-011	2.78959e-011	3.04452e-011	3.52292e-011	3.60742e-011	3.07779e-011	2.40951e-011	2.26228e-011	2.72784e-011	3.21428e-011	3.11919e-011	2.51911e-011	2.07276e-011	2.25146e-011	2.79919e-011	3.05183e-011	2.72828e-011	2.25036e-011	2.21469e-011	2.6551e-011	2.98665e-011	2.7068e-011	2.01739e-011	1.61399e-011	1.87594e-011	2.41065e-011	2.49851e-011	1.92738e-011	1.24505e-011	1.1376e-011	1.65872e-011	2.19728e-011	2.19926e-011	1.78915e-011	1.58007e-011	1.92729e-011	2.51888e-011	2.77091e-011	2.53301e-011	2.25691e-011	2.43678e-011	2.99932e-011	3.37365e-011	3.15925e-011	2.60352e-011	2.32828e-011	2.62464e-011	3.13166e-011	3.25805e-011	2.84757e-011	2.32849e-011	2.20351e-011	2.49086e-011	2.75009e-011	2.62358e-011	2.23868e-011	2.0145e-011	2.13488e-011	2.32886e-011	2.21176e-011	1.76598e-011	1.38072e-011	1.40012e-011	1.71314e-011	1.8701e-011	1.59524e-011	1.10513e-011	8.70863e-012	1.1015e-011	1.53521e-011	1.75743e-011	1.66226e-011	1.53186e-011	1.67231e-011	2.05571e-011	2.3842e-011	2.4731e-011	2.47439e-011	2.66938e-011	3.09105e-011	3.44907e-011	3.46598e-011
2.05979e-011	1.99929e-011	2.18644e-011	2.44219e-011	2.5659e-011	2.55606e-011	2.57171e-011	2.70917e-011	2.88734e-011	2.97624e-011	2.98433e-011	3.05012e-011	3.24508e-011	3.44774e-011	3.46768e-011	3.28122e-011	3.08708e-011	3.09718e-011	3.29803e-011	3.4613e-011	3.39375e-011	3.14151e-011	2.92351e-011	2.88462e-011	2.95489e-011	2.95961e-011	2.82946e-011	2.66122e-011	2.57562e-011	2.56041e-011	2.49073e-011	2.29574e-011	2.0649e-011	1.96065e-011	2.03275e-011	2.14619e-011	2.11122e-011	1.88292e-011	1.61963e-011	1.53516e-011	1.69054e-011	1.9333e-011	2.04526e-011	1.9533e-011	1.79496e-011	1.77437e-011	1.95501e-011	2.20187e-011	2.33347e-011	2.32004e-011	2.3082e-011	2.43844e-011	2.6617e-011	2.77952e-011	2.68243e-011	2.51191e-011	2.52855e-011	2.80366e-011	3.0913e-011	3.06929e-011	2.71286e-011	2.3692e-011	2.40568e-011	2.79897e-011	3.13992e-011	3.07959e-011	2.72489e-011	2.52172e-011	2.74309e-011	3.17145e-011	3.3558e-011	3.15005e-011	2.89036e-011	2.98368e-011	3.39001e-011	3.6352e-011	3.37158e-011	2.82836e-011	2.58695e-011	2.90712e-011	3.39209e-011	3.41787e-011	2.85652e-011	2.24966e-011	2.20751e-011	2.71633e-011	3.16018e-011	3.03604e-011	2.52702e-011	2.26364e-011	2.56201e-011	3.04705e-011	3.10867e-011	2.64242e-011	2.18147e-011	2.25289e-011	2.7256e-011	2.94058e-011	2.48757e-011	1.7133e-011	1.34858e-011	1.67659e-011	2.2107e-011	2.25853e-011	1.71563e-011	1.17042e-011	1.21409e-011	1.77146e-011	2.22304e-011	2.14739e-011	1.79598e-011	1.75458e-011	2.2186e-011	2.75455e-011	2.82428e-011	2.43643e-011	2.1448e-011	2.39459e-011	2.99002e-011	3.31057e-011	3.023e-011	2.46177e-011	2.24547e-011	2.5833e-011	3.06633e-011	3.15839e-011	2.79728e-011	2.42123e-011	2.42723e-011	2.71787e-011	2.85396e-011	2.59979e-011	2.19881e-011	2.06234e-011	2.2592e-011	2.42232e-011	2.18413e-011	1.6243e-011	1.20031e-011	1.23774e-011	1.56792e-011	1.7255e-011	1.4725e-011	1.05132e-011	8.95099e-012	1.14615e-011	1.53133e-011	1.70854e-011	1.65618e-011	1.65476e-011	1.91142e-011	2.29676e-011	2.51072e-011	2.46632e-011	2.41452e-011	2.64627e-011	3.12389e-011	3.49219e-011	3.47616e-011
2.20078e-011	2.16113e-011	2.3187e-011	2.51834e-011	2.61502e-011	2.63938e-011	2.71905e-011	2.88063e-011	3.00349e-011	2.98744e-011	2.909e-011	2.94857e-011	3.16411e-011	3.39421e-011	3.42619e-011	3.24109e-011	3.04484e-011	3.0435e-011	3.22098e-011	3.37048e-011	3.33167e-011	3.154e-011	3.01026e-011	2.98409e-011	2.98901e-011	2.90035e-011	2.72205e-011	2.58035e-011	2.55744e-011	2.57477e-011	2.47442e-011	2.20854e-011	1.9158e-011	1.78935e-011	1.875e-011	2.01726e-011	2.0129e-011	1.81378e-011	1.5732e-011	1.49345e-011	1.63111e-011	1.85199e-011	1.97294e-011	1.94223e-011	1.87683e-011	1.92436e-011	2.09945e-011	2.27221e-011	2.32316e-011	2.29086e-011	2.33413e-011	2.53547e-011	2.77002e-011	2.81684e-011	2.61699e-011	2.38411e-011	2.4038e-011	2.71164e-011	3.01661e-011	2.99546e-011	2.65819e-011	2.36584e-011	2.4491e-011	2.83979e-011	3.14237e-011	3.08164e-011	2.81689e-011	2.74811e-011	3.03117e-011	3.37812e-011	3.39726e-011	3.07967e-011	2.8366e-011	3.01132e-011	3.43501e-011	3.58217e-011	3.18323e-011	2.58084e-011	2.37832e-011	2.75466e-011	3.24154e-011	3.24631e-011	2.73217e-011	2.26362e-011	2.35457e-011	2.87648e-011	3.21995e-011	3.01719e-011	2.56726e-011	2.4584e-011	2.84088e-011	3.22808e-011	3.07577e-011	2.45175e-011	1.98419e-011	2.12877e-011	2.61654e-011	2.74851e-011	2.2087e-011	1.44684e-011	1.17713e-011	1.57186e-011	2.08389e-011	2.09331e-011	1.61487e-011	1.24774e-011	1.45087e-011	2.01102e-011	2.32038e-011	2.1121e-011	1.76913e-011	1.84636e-011	2.38733e-011	2.85618e-011	2.76727e-011	2.26636e-011	1.97509e-011	2.27908e-011	2.88853e-011	3.17491e-011	2.88435e-011	2.40542e-011	2.30405e-011	2.68427e-011	3.10702e-011	3.12667e-011	2.79483e-011	2.55426e-011	2.68225e-011	2.96053e-011	2.95383e-011	2.5471e-011	2.0938e-011	2.00047e-011	2.24269e-011	2.38458e-011	2.081e-011	1.48004e-011	1.06472e-011	1.12184e-011	1.44449e-011	1.59117e-011	1.38482e-011	1.08139e-011	1.04231e-011	1.31726e-011	1.62028e-011	1.69827e-011	1.63281e-011	1.71638e-011	2.06663e-011	2.45707e-011	2.57812e-011	2.41951e-011	2.30973e-011	2.54881e-011	3.05568e-011	3.44569e-011	3.45752e-011
2.38724e-011	2.38751e-011	2.51088e-011	2.6219e-011	2.64273e-011	2.65528e-011	2.77383e-011	2.96512e-011	3.06474e-011	2.98312e-011	2.84079e-011	2.84844e-011	3.06251e-011	3.30912e-011	3.37364e-011	3.23669e-011	3.08409e-011	3.0882e-011	3.22248e-011	3.31671e-011	3.26736e-011	3.14355e-011	3.07412e-011	3.07265e-011	3.02263e-011	2.83704e-011	2.58785e-011	2.43819e-011	2.45118e-011	2.50235e-011	2.40599e-011	2.1201e-011	1.80334e-011	1.65975e-011	1.73617e-011	1.88242e-011	1.90793e-011	1.76794e-011	1.59358e-011	1.5485e-011	1.66709e-011	1.83581e-011	1.92475e-011	1.92398e-011	1.94024e-011	2.06107e-011	2.23974e-011	2.33778e-011	2.28971e-011	2.20385e-011	2.26326e-011	2.51171e-011	2.76524e-011	2.78203e-011	2.53468e-011	2.27934e-011	2.30859e-011	2.63189e-011	2.94422e-011	2.94714e-011	2.682e-011	2.49231e-011	2.63887e-011	3.0003e-011	3.2137e-011	3.1036e-011	2.89375e-011	2.9351e-011	3.26115e-011	3.51398e-011	3.36116e-011	2.9225e-011	2.67462e-011	2.90385e-011	3.33992e-011	3.43218e-011	2.98394e-011	2.41029e-011	2.29187e-011	2.71808e-011	3.1823e-011	3.16381e-011	2.72507e-011	2.42427e-011	2.64499e-011	3.13746e-011	3.31955e-011	2.97988e-011	2.53726e-011	2.53399e-011	2.96323e-011	3.24647e-011	2.91131e-011	2.17417e-011	1.72293e-011	1.93266e-011	2.42781e-011	2.5115e-011	1.96937e-011	1.31411e-011	1.19089e-011	1.64308e-011	2.09001e-011	2.02369e-011	1.59205e-011	1.38978e-011	1.72627e-011	2.25241e-011	2.38586e-011	2.01747e-011	1.65029e-011	1.80353e-011	2.389e-011	2.80043e-011	2.61391e-011	2.08113e-011	1.84379e-011	2.20693e-011	2.81073e-011	3.06173e-011	2.80438e-011	2.46012e-011	2.50441e-011	2.91692e-011	3.23873e-011	3.13637e-011	2.78738e-011	2.64095e-011	2.85931e-011	3.11429e-011	2.97816e-011	2.44062e-011	1.93935e-011	1.86735e-011	2.12959e-011	2.25822e-011	1.94608e-011	1.38573e-011	1.04076e-011	1.1304e-011	1.41762e-011	1.51689e-011	1.33811e-011	1.15335e-011	1.23807e-011	1.53508e-011	1.7394e-011	1.68583e-011	1.56109e-011	1.67969e-011	2.09109e-011	2.49337e-011	2.56931e-011	2.35879e-011	2.22989e-011	2.4736e-011	2.98356e-011	3.38374e-011	3.45044e-011
2.55378e-011	2.60137e-011	2.69984e-011	2.71995e-011	2.64523e-011	2.61428e-011	2.74491e-011	2.96456e-011	3.07435e-011	2.98251e-011	2.82433e-011	2.81611e-011	3.0117e-011	3.24712e-011	3.33207e-011	3.256e-011	3.17202e-011	3.19711e-011	3.28002e-011	3.28755e-011	3.18471e-011	3.07625e-011	3.06135e-011	3.09054e-011	3.01185e-011	2.75795e-011	2.44842e-011	2.27596e-011	2.2987e-011	2.3727e-011	2.30243e-011	2.04564e-011	1.75436e-011	1.61657e-011	1.67241e-011	1.7923e-011	1.82327e-011	1.74016e-011	1.64986e-011	1.66117e-011	1.76813e-011	1.86855e-011	1.88925e-011	1.87524e-011	1.93901e-011	2.11968e-011	2.3109e-011	2.35577e-011	2.22535e-011	2.08312e-011	2.13642e-011	2.40857e-011	2.68253e-011	2.70911e-011	2.47959e-011	2.25983e-011	2.32082e-011	2.64387e-011	2.93448e-011	2.9475e-011	2.7637e-011	2.6929e-011	2.90337e-011	3.21104e-011	3.29265e-011	3.0844e-011	2.88249e-011	2.99584e-011	3.34758e-011	3.52097e-011	3.23793e-011	2.72167e-011	2.48724e-011	2.76297e-011	3.2079e-011	3.28075e-011	2.85971e-011	2.39468e-011	2.39816e-011	2.85624e-011	3.24959e-011	3.16491e-011	2.77637e-011	2.62249e-011	2.94176e-011	3.36611e-011	3.35326e-011	2.8503e-011	2.38466e-011	2.44958e-011	2.90241e-011	3.10395e-011	2.65963e-011	1.89953e-011	1.52226e-011	1.80425e-011	2.29223e-011	2.33585e-011	1.83628e-011	1.33988e-011	1.38184e-011	1.86317e-011	2.19011e-011	1.99321e-011	1.56134e-011	1.47826e-011	1.90544e-011	2.37442e-011	2.33978e-011	1.83604e-011	1.4559e-011	1.66943e-011	2.28016e-011	2.65168e-011	2.43673e-011	1.96282e-011	1.84152e-011	2.27136e-011	2.83963e-011	3.02514e-011	2.79125e-011	2.58352e-011	2.76754e-011	3.19154e-011	3.3836e-011	3.12778e-011	2.72397e-011	2.62694e-011	2.89965e-011	3.12967e-011	2.90662e-011	2.30227e-011	1.79847e-011	1.75236e-011	2.0144e-011	2.12306e-011	1.83297e-011	1.36922e-011	1.14087e-011	1.27252e-011	1.49641e-011	1.50151e-011	1.30371e-011	1.20116e-011	1.38788e-011	1.70273e-011	1.81846e-011	1.64322e-011	1.45058e-011	1.57378e-011	2.01594e-011	2.43268e-011	2.51363e-011	2.32774e-011	2.24013e-011	2.50262e-011	2.98816e-011	3.36067e-011	3.46317e-011
2.64822e-011	2.74041e-011	2.83458e-011	2.79347e-011	2.6426e-011	2.56546e-011	2.69008e-011	2.92709e-011	3.06365e-011	3.00565e-011	2.88022e-011	2.88101e-011	3.04714e-011	3.23564e-011	3.30342e-011	3.26628e-011	3.24803e-011	3.30214e-011	3.34025e-011	3.25542e-011	3.07655e-011	2.95001e-011	2.96223e-011	3.01997e-011	2.94265e-011	2.66851e-011	2.33728e-011	2.15091e-011	2.16531e-011	2.24047e-011	2.19572e-011	1.99509e-011	1.76868e-011	1.66415e-011	1.69946e-011	1.7675e-011	1.76807e-011	1.71297e-011	1.69504e-011	1.76741e-011	1.87382e-011	1.90971e-011	1.84834e-011	1.78933e-011	1.86296e-011	2.07952e-011	2.2886e-011	2.31482e-011	2.14748e-011	1.97968e-011	2.0289e-011	2.30733e-011	2.59137e-011	2.64664e-011	2.48139e-011	2.34561e-011	2.45938e-011	2.76544e-011	2.99332e-011	2.97389e-011	2.84096e-011	2.86999e-011	3.13058e-011	3.37279e-011	3.31126e-011	2.98863e-011	2.76857e-011	2.92509e-011	3.29383e-011	3.42151e-011	3.08163e-011	2.56708e-011	2.3918e-011	2.71525e-011	3.1527e-011	3.20949e-011	2.84911e-011	2.53078e-011	2.66417e-011	3.12089e-011	3.38625e-011	3.17749e-011	2.78824e-011	2.73397e-011	3.112e-011	3.45144e-011	3.25825e-011	2.62188e-011	2.14881e-011	2.27253e-011	2.74017e-011	2.89111e-011	2.41905e-011	1.73245e-011	1.48876e-011	1.84381e-011	2.29018e-011	2.26414e-011	1.79885e-011	1.45818e-011	1.64485e-011	2.11567e-011	2.2797e-011	1.91595e-011	1.44735e-011	1.43964e-011	1.92047e-011	2.33142e-011	2.17721e-011	1.61143e-011	1.27138e-011	1.55442e-011	2.17614e-011	2.5124e-011	2.31302e-011	1.95988e-011	1.99347e-011	2.48391e-011	2.97717e-011	3.05013e-011	2.79898e-011	2.69158e-011	2.98198e-011	3.39577e-011	3.45632e-011	3.05677e-011	2.59727e-011	2.52665e-011	2.82626e-011	3.03433e-011	2.77585e-011	2.1844e-011	1.74218e-011	1.74041e-011	1.98184e-011	2.04339e-011	1.76739e-011	1.41168e-011	1.31303e-011	1.48571e-011	1.62775e-011	1.50616e-011	1.24645e-011	1.17946e-011	1.43342e-011	1.76271e-011	1.82351e-011	1.57751e-011	1.35136e-011	1.47747e-011	1.92607e-011	2.34552e-011	2.4574e-011	2.35168e-011	2.35661e-011	2.65334e-011	3.08784e-011	3.38157e-011	3.4681e-011
2.6632e-011	2.7913e-011	2.90373e-011	2.84823e-011	2.66889e-011	2.56946e-011	2.68132e-011	2.91452e-011	3.0673e-011	3.05582e-011	2.98992e-011	3.01923e-011	3.15187e-011	3.26453e-011	3.27281e-011	3.2348e-011	3.25863e-011	3.34115e-011	3.35334e-011	3.19986e-011	2.95517e-011	2.79876e-011	2.8149e-011	2.8903e-011	2.83376e-011	2.58525e-011	2.28055e-011	2.10485e-011	2.10348e-011	2.15374e-011	2.11244e-011	1.96473e-011	1.81753e-011	1.76501e-011	1.7879e-011	1.79287e-011	1.73355e-011	1.66866e-011	1.69167e-011	1.81272e-011	1.9283e-011	1.92155e-011	1.79406e-011	1.68587e-011	1.74619e-011	1.97453e-011	2.19985e-011	2.23936e-011	2.08912e-011	1.94437e-011	2.00904e-011	2.28184e-011	2.55207e-011	2.62418e-011	2.53219e-011	2.49837e-011	2.67175e-011	2.94475e-011	3.07367e-011	2.97595e-011	2.84843e-011	2.94073e-011	3.23352e-011	3.41842e-011	3.24341e-011	2.83776e-011	2.61144e-011	2.80272e-011	3.18501e-011	3.29871e-011	2.97295e-011	2.53903e-011	2.4679e-011	2.83347e-011	3.22689e-011	3.23313e-011	2.9156e-011	2.73156e-011	2.97088e-011	3.38885e-011	3.48681e-011	3.11897e-011	2.69279e-011	2.6977e-011	3.10606e-011	3.37139e-011	3.05671e-011	2.3663e-011	1.94141e-011	2.13571e-011	2.60956e-011	2.72287e-011	2.27375e-011	1.72211e-011	1.64152e-011	2.04931e-011	2.40254e-011	2.25371e-011	1.7793e-011	1.55295e-011	1.84087e-011	2.26836e-011	2.26183e-011	1.74249e-011	1.24196e-011	1.29278e-011	1.80688e-011	2.17373e-011	1.9658e-011	1.42961e-011	1.19738e-011	1.56508e-011	2.17549e-011	2.45483e-011	2.27192e-011	2.05213e-011	2.24036e-011	2.76824e-011	3.15021e-011	3.07298e-011	2.76544e-011	2.71377e-011	3.07025e-011	3.4609e-011	3.41804e-011	2.92776e-011	2.45377e-011	2.41519e-011	2.72431e-011	2.90681e-011	2.64769e-011	2.13086e-011	1.80264e-011	1.85994e-011	2.05798e-011	2.03296e-011	1.73439e-011	1.45936e-011	1.47158e-011	1.67592e-011	1.73651e-011	1.49018e-011	1.15732e-011	1.09596e-011	1.38509e-011	1.7246e-011	1.77089e-011	1.52355e-011	1.32334e-011	1.47114e-011	1.90582e-011	2.29744e-011	2.42831e-011	2.41524e-011	2.53278e-011	2.87003e-011	3.23545e-011	3.41027e-011	3.42771e-011
2.64133e-011	2.79371e-011	2.93614e-011	2.90632e-011	2.74973e-011	2.66267e-011	2.76285e-011	2.96536e-011	3.10065e-011	3.11433e-011	3.10428e-011	3.16838e-011	3.27129e-011	3.29965e-011	3.22448e-011	3.15172e-011	3.18832e-011	3.29183e-011	3.30067e-011	3.12085e-011	2.84816e-011	2.67469e-011	2.6821e-011	2.7569e-011	2.72052e-011	2.52211e-011	2.28028e-011	2.14146e-011	2.12603e-011	2.12999e-011	2.06057e-011	1.93901e-011	1.85853e-011	1.86094e-011	1.88265e-011	1.83178e-011	1.70428e-011	1.6032e-011	1.63328e-011	1.78082e-011	1.91018e-011	1.89154e-011	1.73716e-011	1.60456e-011	1.65069e-011	1.8735e-011	2.10424e-011	2.17132e-011	2.07664e-011	1.99728e-011	2.09913e-011	2.35671e-011	2.58085e-011	2.63336e-011	2.5876e-011	2.6401e-011	2.86349e-011	3.09417e-011	3.11114e-011	2.91444e-011	2.7625e-011	2.88731e-011	3.20002e-011	3.35214e-011	3.12328e-011	2.70245e-011	2.51254e-011	2.74475e-011	3.13122e-011	3.23856e-011	2.96313e-011	2.6538e-011	2.7055e-011	3.09171e-011	3.39223e-011	3.29415e-011	2.97171e-011	2.8782e-011	3.18422e-011	3.53969e-011	3.47088e-011	2.95938e-011	2.50333e-011	2.55548e-011	2.98341e-011	3.20032e-011	2.83893e-011	2.189e-011	1.87748e-011	2.1532e-011	2.60855e-011	2.66278e-011	2.237e-011	1.8272e-011	1.89698e-011	2.31869e-011	2.52973e-011	2.21419e-011	1.69005e-011	1.53285e-011	1.88071e-011	2.25316e-011	2.11023e-011	1.49779e-011	1.01541e-011	1.13708e-011	1.67501e-011	2.00711e-011	1.79565e-011	1.35975e-011	1.28356e-011	1.73647e-011	2.29974e-011	2.47907e-011	2.27858e-011	2.16261e-011	2.47284e-011	3.00788e-011	3.26248e-011	3.0322e-011	2.66103e-011	2.64015e-011	3.03254e-011	3.39693e-011	3.2949e-011	2.78932e-011	2.36542e-011	2.38128e-011	2.68547e-011	2.82317e-011	2.56544e-011	2.14481e-011	1.95027e-011	2.06688e-011	2.20123e-011	2.05709e-011	1.69696e-011	1.46069e-011	1.54883e-011	1.77336e-011	1.77335e-011	1.44226e-011	1.06599e-011	1.00944e-011	1.31165e-011	1.65024e-011	1.70739e-011	1.51514e-011	1.39611e-011	1.58775e-011	1.99001e-011	2.31176e-011	2.41949e-011	2.47027e-011	2.68608e-011	3.05954e-011	3.35503e-011	3.40379e-011	3.32888e-011
2.65013e-011	2.81297e-011	2.97711e-011	2.98622e-011	2.88264e-011	2.8347e-011	2.92714e-011	3.07561e-011	3.15342e-011	3.15229e-011	3.17174e-011	3.26414e-011	3.34807e-011	3.30878e-011	3.15759e-011	3.03973e-011	3.06796e-011	3.18058e-011	3.20104e-011	3.036e-011	2.78204e-011	2.6189e-011	2.61538e-011	2.66826e-011	2.63208e-011	2.47941e-011	2.31147e-011	2.22494e-011	2.20271e-011	2.15188e-011	2.03001e-011	1.9016e-011	1.85896e-011	1.90431e-011	1.93447e-011	1.85035e-011	1.67231e-011	1.53316e-011	1.54965e-011	1.70133e-011	1.84187e-011	1.83788e-011	1.70171e-011	1.58513e-011	1.63351e-011	1.84144e-011	2.05788e-011	2.14195e-011	2.10986e-011	2.1126e-011	2.26165e-011	2.49511e-011	2.64433e-011	2.63614e-011	2.59366e-011	2.69763e-011	2.95302e-011	3.14483e-011	3.06955e-011	2.79394e-011	2.62224e-011	2.76904e-011	3.0968e-011	3.24232e-011	3.02183e-011	2.65916e-011	2.55364e-011	2.83157e-011	3.19759e-011	3.2731e-011	3.03724e-011	2.84811e-011	3.00733e-011	3.38212e-011	3.54946e-011	3.30726e-011	2.93975e-011	2.89461e-011	3.23519e-011	3.52876e-011	3.33665e-011	2.74755e-011	2.31224e-011	2.4263e-011	2.87026e-011	3.05501e-011	2.70059e-011	2.15909e-011	2.00081e-011	2.34799e-011	2.74003e-011	2.68601e-011	2.24465e-011	1.94045e-011	2.11847e-011	2.51418e-011	2.56124e-011	2.07597e-011	1.49865e-011	1.3911e-011	1.77624e-011	2.10214e-011	1.88225e-011	1.26598e-011	8.73361e-012	1.08885e-011	1.63676e-011	1.92124e-011	1.71768e-011	1.40614e-011	1.49395e-011	2.01006e-011	2.48526e-011	2.52209e-011	2.26394e-011	2.20823e-011	2.59711e-011	3.11585e-011	3.2562e-011	2.91321e-011	2.51369e-011	2.52892e-011	2.94142e-011	3.27746e-011	3.15334e-011	2.69829e-011	2.38201e-011	2.4716e-011	2.7524e-011	2.81222e-011	2.52858e-011	2.18608e-011	2.11032e-011	2.27268e-011	2.33447e-011	2.06519e-011	1.62963e-011	1.40311e-011	1.53434e-011	1.76908e-011	1.73984e-011	1.38595e-011	1.0237e-011	9.94203e-012	1.29575e-011	1.61049e-011	1.67454e-011	1.55789e-011	1.54718e-011	1.79398e-011	2.14935e-011	2.36514e-011	2.40231e-011	2.46919e-011	2.7479e-011	3.14726e-011	3.39093e-011	3.34576e-011	3.19885e-011
2.74168e-011	2.89943e-011	3.05765e-011	3.08688e-011	3.03443e-011	3.03341e-011	3.12209e-011	3.20681e-011	3.20193e-011	3.1514e-011	3.16903e-011	3.27657e-011	3.35506e-011	3.28223e-011	3.08999e-011	2.94313e-011	2.95616e-011	3.0633e-011	3.09438e-011	2.96576e-011	2.76456e-011	2.63796e-011	2.62761e-011	2.64074e-011	2.57627e-011	2.44352e-011	2.33518e-011	2.30043e-011	2.28018e-011	2.18256e-011	2.00411e-011	1.84815e-011	1.81421e-011	1.88273e-011	1.92584e-011	1.83712e-011	1.64474e-011	1.49009e-011	1.49216e-011	1.63254e-011	1.77425e-011	1.79581e-011	1.70907e-011	1.64406e-011	1.71507e-011	1.90365e-011	2.08148e-011	2.15227e-011	2.15881e-011	2.23014e-011	2.41993e-011	2.62327e-011	2.68565e-011	2.59462e-011	2.52366e-011	2.64702e-011	2.919e-011	3.08788e-011	2.96615e-011	2.66608e-011	2.51084e-011	2.68741e-011	3.02543e-011	3.17394e-011	2.99744e-011	2.73861e-011	2.74383e-011	3.05776e-011	3.36512e-011	3.36202e-011	3.12289e-011	3.01507e-011	3.24551e-011	3.58192e-011	3.60628e-011	3.22266e-011	2.80852e-011	2.79674e-011	3.15884e-011	3.40983e-011	3.1599e-011	2.58184e-011	2.2349e-011	2.43096e-011	2.87687e-011	3.01671e-011	2.67777e-011	2.26114e-011	2.25275e-011	2.63721e-011	2.91493e-011	2.70352e-011	2.20253e-011	1.95769e-011	2.1991e-011	2.54665e-011	2.44821e-011	1.84198e-011	1.25548e-011	1.21105e-011	1.6276e-011	1.91926e-011	1.67619e-011	1.13355e-011	8.88283e-012	1.20689e-011	1.73527e-011	1.93471e-011	1.7126e-011	1.50411e-011	1.72662e-011	2.27004e-011	2.6286e-011	2.50771e-011	2.17781e-011	2.15518e-011	2.58974e-011	3.08234e-011	3.14388e-011	2.75735e-011	2.39291e-011	2.46968e-011	2.89294e-011	3.18815e-011	3.05271e-011	2.6792e-011	2.4969e-011	2.662e-011	2.89723e-011	2.846e-011	2.50085e-011	2.19944e-011	2.20797e-011	2.39725e-011	2.39464e-011	2.0286e-011	1.54166e-011	1.32405e-011	1.4781e-011	1.71247e-011	1.67876e-011	1.35892e-011	1.06899e-011	1.09445e-011	1.38466e-011	1.64325e-011	1.68334e-011	1.62414e-011	1.71407e-011	2.01211e-011	2.31534e-011	2.41337e-011	2.35522e-011	2.40017e-011	2.70455e-011	3.11758e-011	3.33744e-011	3.25559e-011	3.09033e-011
2.92151e-011	3.05961e-011	3.17665e-011	3.18764e-011	3.15921e-011	3.19486e-011	3.28361e-011	3.31377e-011	3.22937e-011	3.11923e-011	3.11544e-011	3.2248e-011	3.30729e-011	3.23586e-011	3.04723e-011	2.90245e-011	2.905e-011	2.9913e-011	3.01555e-011	2.91808e-011	2.77784e-011	2.70026e-011	2.68871e-011	2.6543e-011	2.53988e-011	2.39699e-011	2.32041e-011	2.32398e-011	2.31276e-011	2.18969e-011	1.9738e-011	1.79226e-011	1.75102e-011	1.82381e-011	1.87777e-011	1.80761e-011	1.63987e-011	1.50442e-011	1.50664e-011	1.629e-011	1.75626e-011	1.79432e-011	1.76184e-011	1.76236e-011	1.867e-011	2.03322e-011	2.15166e-011	2.17478e-011	2.18123e-011	2.28884e-011	2.50223e-011	2.67633e-011	2.66464e-011	2.50199e-011	2.40071e-011	2.5302e-011	2.81157e-011	2.97703e-011	2.85997e-011	2.59905e-011	2.50638e-011	2.72431e-011	3.05814e-011	3.19234e-011	3.05456e-011	2.90114e-011	3.00974e-011	3.33493e-011	3.54644e-011	3.42386e-011	3.13961e-011	3.07048e-011	3.33789e-011	3.62808e-011	3.53819e-011	3.06446e-011	2.64675e-011	2.6838e-011	3.06792e-011	3.29453e-011	3.04071e-011	2.54483e-011	2.33494e-011	2.61481e-011	3.02791e-011	3.0805e-011	2.72401e-011	2.40238e-011	2.5055e-011	2.88376e-011	3.01397e-011	2.62861e-011	2.05531e-011	1.8465e-011	2.12541e-011	2.42625e-011	2.23225e-011	1.58802e-011	1.06489e-011	1.11338e-011	1.55621e-011	1.80934e-011	1.56416e-011	1.13042e-011	1.05043e-011	1.45476e-011	1.92143e-011	1.99052e-011	1.70976e-011	1.56277e-011	1.87521e-011	2.41334e-011	2.65351e-011	2.40143e-011	2.02767e-011	2.04223e-011	2.50765e-011	2.9725e-011	2.99296e-011	2.63139e-011	2.3641e-011	2.52641e-011	2.94641e-011	3.17361e-011	3.0083e-011	2.70753e-011	2.6489e-011	2.8725e-011	3.04406e-011	2.867e-011	2.44279e-011	2.15369e-011	2.21269e-011	2.41291e-011	2.36754e-011	1.95799e-011	1.47338e-011	1.28871e-011	1.45712e-011	1.67509e-011	1.64074e-011	1.38358e-011	1.20036e-011	1.29745e-011	1.56611e-011	1.73798e-011	1.71467e-011	1.67345e-011	1.83227e-011	2.16687e-011	2.42516e-011	2.42587e-011	2.28561e-011	2.29911e-011	2.60369e-011	3.01606e-011	3.23336e-011	3.16991e-011	3.04609e-011
3.14568e-011	3.25563e-011	3.306e-011	3.26365e-011	3.22627e-011	3.28013e-011	3.37307e-011	3.3729e-011	3.23907e-011	3.08763e-011	3.06161e-011	3.16252e-011	3.24788e-011	3.19684e-011	3.04452e-011	2.93007e-011	2.93071e-011	2.98298e-011	2.97488e-011	2.88326e-011	2.7875e-011	2.75407e-011	2.7455e-011	2.66916e-011	2.50193e-011	2.33207e-011	2.26194e-011	2.28543e-011	2.28638e-011	2.16381e-011	1.94469e-011	1.76026e-011	1.71335e-011	1.77845e-011	1.83508e-011	1.79235e-011	1.67463e-011	1.58768e-011	1.60823e-011	1.71181e-011	1.80747e-011	1.83805e-011	1.83912e-011	1.89319e-011	2.02731e-011	2.16893e-011	2.21969e-011	2.17523e-011	2.15106e-011	2.26356e-011	2.4836e-011	2.63775e-011	2.58571e-011	2.3928e-011	2.28939e-011	2.43197e-011	2.72026e-011	2.89178e-011	2.81128e-011	2.63246e-011	2.63205e-011	2.89112e-011	3.19363e-011	3.27517e-011	3.13903e-011	3.05718e-011	3.23689e-011	3.54592e-011	3.64489e-011	3.39516e-011	3.05612e-011	3.00723e-011	3.29606e-011	3.55243e-011	3.40236e-011	2.91747e-011	2.56243e-011	2.67569e-011	3.07829e-011	3.27666e-011	3.03473e-011	2.64598e-011	2.57986e-011	2.91746e-011	3.24944e-011	3.16415e-011	2.74457e-011	2.47178e-011	2.63956e-011	2.98049e-011	2.96611e-011	2.43986e-011	1.82938e-011	1.66897e-011	1.98162e-011	2.24905e-011	2.0137e-011	1.41241e-011	1.01823e-011	1.17886e-011	1.6271e-011	1.8117e-011	1.5463e-011	1.20933e-011	1.27108e-011	1.72292e-011	2.08944e-011	2.0015e-011	1.64097e-011	1.52593e-011	1.89276e-011	2.40878e-011	2.55587e-011	2.23357e-011	1.87682e-011	1.95653e-011	2.44852e-011	2.87935e-011	2.87741e-011	2.58083e-011	2.44437e-011	2.69679e-011	3.09035e-011	3.21572e-011	2.98789e-011	2.72757e-011	2.75897e-011	3.01514e-011	3.11801e-011	2.83056e-011	2.34388e-011	2.06458e-011	2.15426e-011	2.35418e-011	2.28888e-011	1.89162e-011	1.46911e-011	1.34942e-011	1.52807e-011	1.70646e-011	1.65204e-011	1.45106e-011	1.37497e-011	1.5419e-011	1.78131e-011	1.85204e-011	1.74134e-011	1.68324e-011	1.87452e-011	2.22756e-011	2.45694e-011	2.40479e-011	2.22817e-011	2.22968e-011	2.52337e-011	2.9157e-011	3.13036e-011	3.11281e-011	3.06856e-011
3.34739e-011	3.4313e-011	3.41274e-011	3.30539e-011	3.23998e-011	3.29675e-011	3.39687e-011	3.39365e-011	3.25183e-011	3.09416e-011	3.05919e-011	3.14426e-011	3.21904e-011	3.18347e-011	3.07455e-011	3.00198e-011	3.0061e-011	3.01711e-011	2.9564e-011	2.84199e-011	2.76262e-011	2.75672e-011	2.75297e-011	2.65167e-011	2.44998e-011	2.25833e-011	2.18358e-011	2.21178e-011	2.22323e-011	2.1214e-011	1.93339e-011	1.77708e-011	1.73848e-011	1.79196e-011	1.83949e-011	1.81658e-011	1.75149e-011	1.72338e-011	1.77234e-011	1.85821e-011	1.9092e-011	1.90592e-011	1.90779e-011	1.98688e-011	2.13532e-011	2.25287e-011	2.2455e-011	2.13986e-011	2.07955e-011	2.18238e-011	2.4003e-011	2.54796e-011	2.49535e-011	2.32403e-011	2.25913e-011	2.42959e-011	2.7183e-011	2.88531e-011	2.83969e-011	2.74771e-011	2.83796e-011	3.12086e-011	3.36043e-011	3.35051e-011	3.17453e-011	3.12228e-011	3.33793e-011	3.61628e-011	3.61788e-011	3.27696e-011	2.91644e-011	2.90167e-011	3.2147e-011	3.45568e-011	3.29663e-011	2.87089e-011	2.63288e-011	2.8356e-011	3.23412e-011	3.37138e-011	3.11575e-011	2.81165e-011	2.85694e-011	3.20908e-011	3.41943e-011	3.16847e-011	2.6643e-011	2.41286e-011	2.616e-011	2.91332e-011	2.79236e-011	2.19802e-011	1.62026e-011	1.54311e-011	1.8927e-011	2.1305e-011	1.88302e-011	1.36988e-011	1.13319e-011	1.39612e-011	1.81005e-011	1.88054e-011	1.556e-011	1.27731e-011	1.43626e-011	1.89563e-011	2.14599e-011	1.9129e-011	1.49167e-011	1.41051e-011	1.81739e-011	2.30929e-011	2.4001e-011	2.07714e-011	1.80353e-011	1.97796e-011	2.48807e-011	2.8642e-011	2.83009e-011	2.59939e-011	2.58933e-011	2.91299e-011	3.25366e-011	3.25343e-011	2.94093e-011	2.69173e-011	2.77783e-011	3.04394e-011	3.08869e-011	2.73343e-011	2.2321e-011	1.98629e-011	2.10152e-011	2.29028e-011	2.21521e-011	1.86586e-011	1.5462e-011	1.51282e-011	1.69523e-011	1.80891e-011	1.70365e-011	1.52913e-011	1.5343e-011	1.75456e-011	1.96344e-011	1.94371e-011	1.75304e-011	1.66762e-011	1.86614e-011	2.22045e-011	2.4355e-011	2.37829e-011	2.22151e-011	2.24433e-011	2.52474e-011	2.87175e-011	3.05931e-011	3.07805e-011	3.11596e-011
