4.84621e-011	4.6715e-011	4.57717e-011	4.5301e-011	4.58483e-011	4.72686e-011	4.87749e-011	4.95675e-011	4.87039e-011	4.6496e-011	4.31392e-011	3.96641e-011	3.71875e-011	3.62053e-011	3.69508e-011	3.8646e-011	4.02132e-011	4.01075e-011	3.80179e-011	3.41685e-011	2.89432e-011	2.4457e-011	2.14977e-011	2.08188e-011	2.2408e-011	2.52534e-011	2.9154e-011	3.22277e-011	3.3909e-011	3.50977e-011	3.56049e-011	3.64452e-011	3.80261e-011	4.00462e-011	4.21266e-011	4.39418e-011	4.43768e-011	4.34126e-011	4.19254e-011	3.94091e-011	3.72161e-011	3.60541e-011	3.52647e-011	3.44976e-011	3.30382e-011	3.01381e-011	2.55628e-011	2.03128e-011	1.5271e-011	1.1745e-011	1.12144e-011	1.37108e-011	1.85072e-011	2.42069e-011	2.9254e-011	3.24699e-011	3.31091e-011	3.21024e-011	3.00899e-011	2.81286e-011	2.80116e-011	2.96419e-011	3.28333e-011	3.70204e-011	4.10498e-011	4.42364e-011	4.63178e-011	4.72897e-011	4.72171e-011	4.68709e-011	4.63703e-011	4.59331e-011	4.52451e-011	4.42321e-011	4.28109e-011	4.06328e-011	3.88728e-011	3.7664e-011	3.68523e-011	3.68351e-011	3.67338e-011	3.56885e-011	3.33004e-011	2.92769e-011	2.38343e-011	1.84862e-011	1.47234e-011	1.33889e-011	1.55148e-011	2.06035e-011	2.7533e-011	3.48696e-011	4.10111e-011	4.52418e-011	4.66906e-011	4.62113e-011	4.53656e-011	4.45383e-011	4.51433e-011	4.77529e-011	5.14475e-011	5.56354e-011	5.94949e-011	6.12328e-011	6.08632e-011	5.89212e-011	5.50563e-011	5.08966e-011	4.69745e-011	4.33386e-011	4.03621e-011	3.77517e-011	3.58678e-011	3.42373e-011	3.28483e-011	3.21592e-011	3.15925e-011	3.09429e-011	3.01766e-011	2.83667e-011	2.53653e-011	2.20654e-011	1.85218e-011	1.56147e-011	1.48223e-011	1.62529e-011	1.9943e-011	2.53193e-011	3.13958e-011	3.70222e-011	4.08596e-011	4.29766e-011	4.36102e-011	4.30484e-011	4.28928e-011	4.391e-011	4.56545e-011	4.84823e-011	5.15004e-011	5.28796e-011	5.29846e-011	5.14567e-011	4.78488e-011	4.38001e-011	3.99105e-011	3.62335e-011	3.36484e-011	3.19589e-011	3.04743e-011	2.92804e-011	2.82559e-011	2.73481e-011	2.7053e-011	2.76995e-011	2.94731e-011	3.19735e-011	3.47926e-011	3.74458e-011	3.91877e-011	3.99749e-011
5.16997e-011	4.85046e-011	4.60757e-011	4.48905e-011	4.51145e-011	4.66421e-011	4.85496e-011	5.00138e-011	4.97094e-011	4.77498e-011	4.4596e-011	4.08356e-011	3.80533e-011	3.67846e-011	3.6987e-011	3.80849e-011	3.91072e-011	3.90719e-011	3.73693e-011	3.45005e-011	3.06411e-011	2.7089e-011	2.50592e-011	2.45352e-011	2.54408e-011	2.67986e-011	2.86214e-011	2.97671e-011	3.02435e-011	3.10228e-011	3.17982e-011	3.33481e-011	3.62104e-011	3.96507e-011	4.26327e-011	4.48415e-011	4.51542e-011	4.32047e-011	4.08458e-011	3.80388e-011	3.55652e-011	3.48306e-011	3.49529e-011	3.53221e-011	3.49161e-011	3.27478e-011	2.87316e-011	2.3426e-011	1.83862e-011	1.47089e-011	1.35092e-011	1.51536e-011	1.89195e-011	2.38069e-011	2.82273e-011	3.13245e-011	3.23328e-011	3.18048e-011	3.08404e-011	2.96452e-011	2.95335e-011	3.07113e-011	3.28978e-011	3.55344e-011	3.81113e-011	3.99669e-011	4.0863e-011	4.14941e-011	4.20006e-011	4.26279e-011	4.34219e-011	4.39499e-011	4.3757e-011	4.24538e-011	4.04983e-011	3.78093e-011	3.51306e-011	3.38383e-011	3.35871e-011	3.45352e-011	3.59271e-011	3.63617e-011	3.51183e-011	3.20143e-011	2.73243e-011	2.20507e-011	1.78836e-011	1.59082e-011	1.69549e-011	2.11329e-011	2.74001e-011	3.4473e-011	4.07558e-011	4.53833e-011	4.76996e-011	4.78429e-011	4.71293e-011	4.62668e-011	4.64002e-011	4.80349e-011	5.0676e-011	5.34629e-011	5.58271e-011	5.70889e-011	5.66338e-011	5.49595e-011	5.21365e-011	4.84981e-011	4.4703e-011	4.08285e-011	3.70351e-011	3.33409e-011	3.01785e-011	2.78818e-011	2.6438e-011	2.63414e-011	2.69401e-011	2.75849e-011	2.80205e-011	2.7428e-011	2.52968e-011	2.22742e-011	1.88929e-011	1.60221e-011	1.51278e-011	1.66695e-011	2.08286e-011	2.6787e-011	3.34001e-011	3.95247e-011	4.35904e-011	4.55519e-011	4.60759e-011	4.52456e-011	4.48837e-011	4.57756e-011	4.70934e-011	4.9468e-011	5.21018e-011	5.30752e-011	5.26372e-011	5.07146e-011	4.6813e-011	4.22829e-011	3.79205e-011	3.38513e-011	3.06119e-011	2.81722e-011	2.62431e-011	2.45953e-011	2.32591e-011	2.25805e-011	2.2717e-011	2.38872e-011	2.63413e-011	2.95222e-011	3.27891e-011	3.6e-011	3.82581e-011	3.95611e-011
5.59963e-011	5.17648e-011	4.75925e-011	4.49774e-011	4.43291e-011	4.53605e-011	4.69895e-011	4.8423e-011	4.83191e-011	4.67072e-011	4.42879e-011	4.10975e-011	3.85169e-011	3.72824e-011	3.70086e-011	3.74806e-011	3.77276e-011	3.73634e-011	3.59559e-011	3.37519e-011	3.15963e-011	2.98962e-011	2.90409e-011	2.93913e-011	3.04725e-011	3.11838e-011	3.18796e-011	3.12837e-011	2.9784e-011	2.94111e-011	2.99189e-011	3.18695e-011	3.57357e-011	4.0306e-011	4.44764e-011	4.70641e-011	4.74385e-011	4.54492e-011	4.19952e-011	3.85016e-011	3.59048e-011	3.49156e-011	3.51672e-011	3.58636e-011	3.56349e-011	3.39984e-011	3.08654e-011	2.59267e-011	2.11673e-011	1.77879e-011	1.60547e-011	1.68405e-011	1.9441e-011	2.30445e-011	2.64675e-011	2.8959e-011	3.00286e-011	3.00306e-011	2.97303e-011	2.96406e-011	3.04679e-011	3.19434e-011	3.39729e-011	3.54727e-011	3.60743e-011	3.67732e-011	3.66074e-011	3.63821e-011	3.73944e-011	3.88546e-011	4.08157e-011	4.27059e-011	4.34192e-011	4.24778e-011	4.03033e-011	3.72578e-011	3.42893e-011	3.27962e-011	3.26115e-011	3.37643e-011	3.57292e-011	3.71493e-011	3.70971e-011	3.48965e-011	3.10329e-011	2.6248e-011	2.17458e-011	1.91132e-011	1.90865e-011	2.18829e-011	2.69538e-011	3.32195e-011	3.88085e-011	4.30855e-011	4.56161e-011	4.62411e-011	4.62634e-011	4.61221e-011	4.62335e-011	4.72508e-011	4.87342e-011	5.03713e-011	5.14163e-011	5.17532e-011	5.13234e-011	4.99797e-011	4.81552e-011	4.57514e-011	4.25987e-011	3.90319e-011	3.51746e-011	3.09371e-011	2.71992e-011	2.44313e-011	2.25893e-011	2.25336e-011	2.38681e-011	2.56575e-011	2.72721e-011	2.77774e-011	2.65533e-011	2.3793e-011	2.03738e-011	1.73839e-011	1.61205e-011	1.75448e-011	2.16368e-011	2.74771e-011	3.38749e-011	3.97307e-011	4.3638e-011	4.53999e-011	4.58156e-011	4.50241e-011	4.42556e-011	4.48226e-011	4.60218e-011	4.78178e-011	4.98028e-011	5.0623e-011	4.99132e-011	4.77172e-011	4.3989e-011	3.95111e-011	3.50149e-011	3.10214e-011	2.75908e-011	2.46111e-011	2.23884e-011	2.04081e-011	1.88656e-011	1.85072e-011	1.91742e-011	2.11307e-011	2.44344e-011	2.83167e-011	3.20955e-011	3.55729e-011	3.81393e-011	3.98161e-011
6.03553e-011	5.50831e-011	4.9859e-011	4.58377e-011	4.37028e-011	4.32868e-011	4.37503e-011	4.43944e-011	4.44554e-011	4.32356e-011	4.16643e-011	3.98994e-011	3.82121e-011	3.73377e-011	3.70968e-011	3.70505e-011	3.66866e-011	3.58926e-011	3.44834e-011	3.28942e-011	3.18887e-011	3.20424e-011	3.34369e-011	3.54203e-011	3.74462e-011	3.82216e-011	3.75107e-011	3.57091e-011	3.26836e-011	3.03943e-011	3.00789e-011	3.1941e-011	3.61563e-011	4.15436e-011	4.64985e-011	4.94319e-011	4.98526e-011	4.79469e-011	4.41916e-011	4.0288e-011	3.72648e-011	3.55145e-011	3.51336e-011	3.54149e-011	3.50865e-011	3.3531e-011	3.08726e-011	2.68685e-011	2.27692e-011	1.97266e-011	1.82495e-011	1.86476e-011	2.04368e-011	2.30113e-011	2.50528e-011	2.62401e-011	2.7123e-011	2.73714e-011	2.79733e-011	2.9402e-011	3.1454e-011	3.3832e-011	3.60373e-011	3.72157e-011	3.66199e-011	3.5685e-011	3.43607e-011	3.34166e-011	3.44295e-011	3.65016e-011	3.91857e-011	4.19608e-011	4.35706e-011	4.34149e-011	4.15755e-011	3.87301e-011	3.56315e-011	3.3613e-011	3.31487e-011	3.41166e-011	3.60481e-011	3.78167e-011	3.84954e-011	3.70259e-011	3.3895e-011	2.96063e-011	2.52688e-011	2.25279e-011	2.1952e-011	2.36849e-011	2.7146e-011	3.14994e-011	3.60165e-011	3.93183e-011	4.17025e-011	4.30526e-011	4.3775e-011	4.46408e-011	4.54495e-011	4.63424e-011	4.7065e-011	4.7639e-011	4.76264e-011	4.72349e-011	4.65886e-011	4.54823e-011	4.42866e-011	4.30156e-011	4.11293e-011	3.84332e-011	3.50999e-011	3.09318e-011	2.65654e-011	2.32832e-011	2.12064e-011	2.09113e-011	2.25884e-011	2.50952e-011	2.75148e-011	2.87251e-011	2.80443e-011	2.55798e-011	2.21941e-011	1.92412e-011	1.77578e-011	1.85907e-011	2.19885e-011	2.71267e-011	3.2797e-011	3.79e-011	4.14621e-011	4.29757e-011	4.30946e-011	4.24349e-011	4.16658e-011	4.17659e-011	4.27944e-011	4.42901e-011	4.57077e-011	4.63663e-011	4.5532e-011	4.3346e-011	4.01825e-011	3.64031e-011	3.24424e-011	2.88167e-011	2.55503e-011	2.22817e-011	1.95846e-011	1.74272e-011	1.58447e-011	1.57075e-011	1.70757e-011	1.97687e-011	2.37672e-011	2.82725e-011	3.24561e-011	3.59989e-011	3.84931e-011	4.02256e-011
6.31457e-011	5.74863e-011	5.14856e-011	4.60702e-011	4.23139e-011	4.00626e-011	3.89771e-011	3.85514e-011	3.83277e-011	3.77758e-011	3.72424e-011	3.67324e-011	3.67405e-011	3.71628e-011	3.75668e-011	3.77496e-011	3.69826e-011	3.55078e-011	3.4048e-011	3.27827e-011	3.29804e-011	3.48495e-011	3.81911e-011	4.22865e-011	4.55638e-011	4.69749e-011	4.56558e-011	4.22487e-011	3.78863e-011	3.41901e-011	3.25291e-011	3.35816e-011	3.71354e-011	4.20193e-011	4.69463e-011	5.01159e-011	5.06315e-011	4.90917e-011	4.55267e-011	4.12873e-011	3.78739e-011	3.54804e-011	3.41772e-011	3.3625e-011	3.27864e-011	3.10241e-011	2.84767e-011	2.51881e-011	2.23089e-011	2.06123e-011	2.00646e-011	2.09479e-011	2.24185e-011	2.40066e-011	2.52053e-011	2.50685e-011	2.51899e-011	2.57101e-011	2.7001e-011	2.99205e-011	3.36333e-011	3.72112e-011	3.99406e-011	4.09828e-011	4.00044e-011	3.81627e-011	3.57708e-011	3.3908e-011	3.40405e-011	3.57487e-011	3.85323e-011	4.15918e-011	4.37598e-011	4.44372e-011	4.30065e-011	4.03961e-011	3.75352e-011	3.51164e-011	3.41535e-011	3.4768e-011	3.61995e-011	3.75902e-011	3.81378e-011	3.69039e-011	3.43238e-011	3.11977e-011	2.76442e-011	2.5402e-011	2.47936e-011	2.57324e-011	2.79811e-011	3.03114e-011	3.32778e-011	3.56789e-011	3.7503e-011	3.9479e-011	4.12267e-011	4.28889e-011	4.47979e-011	4.62675e-011	4.69236e-011	4.73277e-011	4.64384e-011	4.48102e-011	4.38744e-011	4.27406e-011	4.18671e-011	4.15429e-011	4.07213e-011	3.90303e-011	3.62312e-011	3.23578e-011	2.78929e-011	2.40558e-011	2.16978e-011	2.12102e-011	2.27046e-011	2.52105e-011	2.76983e-011	2.90666e-011	2.86955e-011	2.66856e-011	2.34485e-011	2.05015e-011	1.8881e-011	1.91386e-011	2.16419e-011	2.57695e-011	3.04734e-011	3.4706e-011	3.76803e-011	3.88855e-011	3.88115e-011	3.82293e-011	3.77745e-011	3.79649e-011	3.89289e-011	4.03313e-011	4.13077e-011	4.16797e-011	4.11679e-011	3.94032e-011	3.69796e-011	3.424e-011	3.11267e-011	2.80285e-011	2.50118e-011	2.17207e-011	1.86981e-011	1.62817e-011	1.46807e-011	1.46131e-011	1.63784e-011	1.96814e-011	2.40894e-011	2.89074e-011	3.32647e-011	3.66045e-011	3.8867e-011	4.03509e-011
6.36697e-011	5.79522e-011	5.17106e-011	4.54047e-011	4.02009e-011	3.64582e-011	3.38725e-011	3.20345e-011	3.09406e-011	3.0551e-011	3.09462e-011	3.23704e-011	3.4238e-011	3.6662e-011	3.85884e-011	3.9456e-011	3.89104e-011	3.68824e-011	3.50512e-011	3.39489e-011	3.47916e-011	3.81952e-011	4.33372e-011	4.89044e-011	5.32914e-011	5.53519e-011	5.42065e-011	5.01838e-011	4.47611e-011	3.94844e-011	3.6047e-011	3.54102e-011	3.74737e-011	4.11144e-011	4.52703e-011	4.83267e-011	4.88832e-011	4.75885e-011	4.46362e-011	4.05916e-011	3.71361e-011	3.44379e-011	3.24775e-011	3.08668e-011	2.91409e-011	2.68622e-011	2.42557e-011	2.20368e-011	2.04348e-011	2.04756e-011	2.18387e-011	2.38578e-011	2.57972e-011	2.68475e-011	2.7067e-011	2.62097e-011	2.55737e-011	2.61056e-011	2.79935e-011	3.16923e-011	3.66122e-011	4.13939e-011	4.49062e-011	4.64248e-011	4.54252e-011	4.26182e-011	3.93743e-011	3.64752e-011	3.51579e-011	3.58794e-011	3.81258e-011	4.08352e-011	4.30342e-011	4.40346e-011	4.29807e-011	4.07508e-011	3.83908e-011	3.60578e-011	3.50815e-011	3.52386e-011	3.5921e-011	3.65546e-011	3.64283e-011	3.53584e-011	3.32776e-011	3.10997e-011	2.91455e-011	2.79186e-011	2.77276e-011	2.85736e-011	2.98612e-011	3.11424e-011	3.27909e-011	3.39718e-011	3.49766e-011	3.70593e-011	3.93501e-011	4.20234e-011	4.50637e-011	4.75213e-011	4.86563e-011	4.87257e-011	4.75821e-011	4.52088e-011	4.32757e-011	4.18428e-011	4.1055e-011	4.10386e-011	4.08769e-011	3.98881e-011	3.74424e-011	3.39698e-011	2.99556e-011	2.59098e-011	2.34113e-011	2.2615e-011	2.34738e-011	2.55087e-011	2.76244e-011	2.88462e-011	2.85578e-011	2.68133e-011	2.39409e-011	2.11238e-011	1.93633e-011	1.94747e-011	2.13831e-011	2.46002e-011	2.84675e-011	3.14703e-011	3.34124e-011	3.45504e-011	3.43625e-011	3.39798e-011	3.41206e-011	3.46436e-011	3.56116e-011	3.70539e-011	3.80217e-011	3.81673e-011	3.79122e-011	3.67904e-011	3.51152e-011	3.344e-011	3.13654e-011	2.89356e-011	2.63486e-011	2.31868e-011	1.98285e-011	1.7072e-011	1.51535e-011	1.48828e-011	1.6611e-011	2.00987e-011	2.47636e-011	2.96203e-011	3.39232e-011	3.69532e-011	3.86484e-011	3.96452e-011
6.13754e-011	5.62761e-011	5.04897e-011	4.43726e-011	3.88405e-011	3.37361e-011	2.97911e-011	2.648e-011	2.39916e-011	2.35533e-011	2.46011e-011	2.76493e-011	3.20125e-011	3.65664e-011	4.02697e-011	4.22314e-011	4.19061e-011	3.99121e-011	3.77189e-011	3.65794e-011	3.76627e-011	4.12649e-011	4.72455e-011	5.40879e-011	5.91655e-011	6.19118e-011	6.13676e-011	5.6821e-011	5.06304e-011	4.42246e-011	3.8809e-011	3.61743e-011	3.63684e-011	3.82438e-011	4.09832e-011	4.32485e-011	4.34488e-011	4.23528e-011	4.02935e-011	3.71016e-011	3.4685e-011	3.24829e-011	3.03312e-011	2.80226e-011	2.52286e-011	2.24947e-011	1.98396e-011	1.83882e-011	1.86862e-011	2.06227e-011	2.38531e-011	2.76181e-011	3.05191e-011	3.18949e-011	3.19087e-011	3.05376e-011	2.91326e-011	2.92548e-011	3.10497e-011	3.49907e-011	4.04096e-011	4.59905e-011	5.02094e-011	5.1954e-011	5.1169e-011	4.79014e-011	4.35e-011	3.95429e-011	3.70119e-011	3.63001e-011	3.72574e-011	3.8938e-011	4.01563e-011	4.07338e-011	4.01158e-011	3.83318e-011	3.70152e-011	3.5753e-011	3.49709e-011	3.50126e-011	3.51838e-011	3.51167e-011	3.44147e-011	3.31894e-011	3.17532e-011	3.04411e-011	2.98753e-011	3.03564e-011	3.14761e-011	3.29985e-011	3.4491e-011	3.50067e-011	3.53311e-011	3.56227e-011	3.54436e-011	3.67693e-011	3.93282e-011	4.26606e-011	4.65427e-011	4.98787e-011	5.1799e-011	5.17939e-011	5.0143e-011	4.74918e-011	4.47371e-011	4.26187e-011	4.13874e-011	4.08726e-011	4.04679e-011	3.96743e-011	3.75497e-011	3.43799e-011	3.10043e-011	2.73149e-011	2.47055e-011	2.37679e-011	2.42012e-011	2.56597e-011	2.72912e-011	2.81831e-011	2.77315e-011	2.60254e-011	2.37014e-011	2.15493e-011	2.03339e-011	2.07298e-011	2.24499e-011	2.4684e-011	2.76944e-011	2.99304e-011	3.05802e-011	3.12864e-011	3.12521e-011	3.10023e-011	3.1728e-011	3.27494e-011	3.39182e-011	3.54221e-011	3.63062e-011	3.63983e-011	3.62943e-011	3.559e-011	3.46237e-011	3.37658e-011	3.27012e-011	3.10752e-011	2.8784e-011	2.57387e-011	2.207e-011	1.86788e-011	1.63104e-011	1.56852e-011	1.71765e-011	2.0607e-011	2.52368e-011	2.98725e-011	3.37565e-011	3.64076e-011	3.76567e-011	3.81412e-011
5.67017e-011	5.2763e-011	4.83405e-011	4.33132e-011	3.80281e-011	3.23843e-011	2.70462e-011	2.23941e-011	1.88238e-011	1.77392e-011	1.9444e-011	2.35483e-011	2.95632e-011	3.60505e-011	4.14816e-011	4.45459e-011	4.51452e-011	4.36631e-011	4.12238e-011	3.97114e-011	4.05896e-011	4.40253e-011	4.9826e-011	5.69499e-011	6.25593e-011	6.56447e-011	6.54969e-011	6.09197e-011	5.41618e-011	4.71386e-011	4.05738e-011	3.63969e-011	3.45928e-011	3.44556e-011	3.49027e-011	3.545e-011	3.53138e-011	3.44401e-011	3.36537e-011	3.23835e-011	3.12032e-011	3.00306e-011	2.84093e-011	2.58701e-011	2.24577e-011	1.93267e-011	1.67349e-011	1.56779e-011	1.72849e-011	2.10638e-011	2.62578e-011	3.16648e-011	3.61212e-011	3.83285e-011	3.8392e-011	3.68744e-011	3.47514e-011	3.39445e-011	3.52391e-011	3.88838e-011	4.41288e-011	4.98663e-011	5.4353e-011	5.59055e-011	5.49915e-011	5.17646e-011	4.68314e-011	4.23337e-011	3.87531e-011	3.64231e-011	3.5504e-011	3.54076e-011	3.53602e-011	3.51378e-011	3.47795e-011	3.39626e-011	3.35087e-011	3.37194e-011	3.41321e-011	3.45642e-011	3.47425e-011	3.43954e-011	3.31802e-011	3.17386e-011	3.0654e-011	3.02043e-011	3.11155e-011	3.32051e-011	3.61396e-011	3.89194e-011	4.09868e-011	4.15928e-011	4.07432e-011	3.96718e-011	3.86932e-011	3.88794e-011	4.10308e-011	4.45136e-011	4.85862e-011	5.21553e-011	5.44381e-011	5.46049e-011	5.29233e-011	5.01497e-011	4.67312e-011	4.37535e-011	4.16478e-011	4.02015e-011	3.90965e-011	3.79248e-011	3.597e-011	3.31879e-011	3.02088e-011	2.72791e-011	2.52207e-011	2.45379e-011	2.49655e-011	2.61745e-011	2.7163e-011	2.76995e-011	2.70985e-011	2.54611e-011	2.38485e-011	2.2546e-011	2.22133e-011	2.32535e-011	2.51867e-011	2.71604e-011	2.91074e-011	3.03159e-011	3.04429e-011	3.04688e-011	3.02865e-011	3.02647e-011	3.12207e-011	3.25986e-011	3.40165e-011	3.5386e-011	3.61764e-011	3.61706e-011	3.5856e-011	3.5425e-011	3.51181e-011	3.48761e-011	3.45056e-011	3.35823e-011	3.14825e-011	2.83381e-011	2.45103e-011	2.06202e-011	1.78742e-011	1.6956e-011	1.80681e-011	2.11295e-011	2.52955e-011	2.95881e-011	3.30087e-011	3.51059e-011	3.60339e-011	3.61979e-011
5.14e-011	4.90991e-011	4.61656e-011	4.27008e-011	3.82811e-011	3.27632e-011	2.6893e-011	2.13188e-011	1.6789e-011	1.49602e-011	1.62983e-011	2.06239e-011	2.74434e-011	3.50093e-011	4.19221e-011	4.63306e-011	4.77215e-011	4.6773e-011	4.43352e-011	4.23654e-011	4.25444e-011	4.53783e-011	5.06517e-011	5.71086e-011	6.24281e-011	6.5053e-011	6.47413e-011	6.06752e-011	5.43718e-011	4.76323e-011	4.08988e-011	3.56291e-011	3.19029e-011	2.95748e-011	2.81005e-011	2.68508e-011	2.61276e-011	2.57504e-011	2.58912e-011	2.67099e-011	2.75835e-011	2.78856e-011	2.73396e-011	2.53829e-011	2.19307e-011	1.86373e-011	1.59516e-011	1.5105e-011	1.74296e-011	2.22611e-011	2.91925e-011	3.62033e-011	4.18921e-011	4.51817e-011	4.52969e-011	4.34696e-011	4.10305e-011	3.92368e-011	3.97354e-011	4.26637e-011	4.67984e-011	5.14749e-011	5.54444e-011	5.65778e-011	5.55737e-011	5.28329e-011	4.78654e-011	4.29773e-011	3.88613e-011	3.51866e-011	3.26103e-011	3.07041e-011	2.91589e-011	2.80744e-011	2.75211e-011	2.75866e-011	2.85188e-011	3.02346e-011	3.22182e-011	3.41867e-011	3.51113e-011	3.51895e-011	3.39518e-011	3.21304e-011	3.13065e-011	3.14666e-011	3.35445e-011	3.7368e-011	4.18734e-011	4.60635e-011	4.88321e-011	4.95699e-011	4.84517e-011	4.63964e-011	4.4415e-011	4.35052e-011	4.43997e-011	4.68163e-011	5.01948e-011	5.33103e-011	5.55377e-011	5.59765e-011	5.42274e-011	5.13808e-011	4.77794e-011	4.39942e-011	4.09558e-011	3.8547e-011	3.64723e-011	3.45265e-011	3.23208e-011	2.96837e-011	2.73495e-011	2.54997e-011	2.44947e-011	2.49232e-011	2.60072e-011	2.74079e-011	2.82055e-011	2.82683e-011	2.76647e-011	2.62939e-011	2.52516e-011	2.50706e-011	2.57475e-011	2.75628e-011	3.00023e-011	3.20456e-011	3.35716e-011	3.40111e-011	3.32494e-011	3.23552e-011	3.17085e-011	3.1445e-011	3.21263e-011	3.34688e-011	3.49352e-011	3.59491e-011	3.64121e-011	3.63448e-011	3.58023e-011	3.54358e-011	3.54796e-011	3.55988e-011	3.56493e-011	3.51038e-011	3.31688e-011	3.00957e-011	2.6325e-011	2.2331e-011	1.93299e-011	1.81617e-011	1.90006e-011	2.16424e-011	2.526e-011	2.90991e-011	3.21158e-011	3.38269e-011	3.44672e-011	3.44693e-011
4.63863e-011	4.54142e-011	4.4163e-011	4.22295e-011	3.92266e-011	3.47442e-011	2.89054e-011	2.29414e-011	1.75587e-011	1.44559e-011	1.49583e-011	1.88185e-011	2.56488e-011	3.37726e-011	4.13633e-011	4.67045e-011	4.86099e-011	4.80216e-011	4.57955e-011	4.38686e-011	4.38223e-011	4.59586e-011	5.00203e-011	5.49527e-011	5.92518e-011	6.13663e-011	6.07965e-011	5.75689e-011	5.21359e-011	4.59728e-011	3.99112e-011	3.43183e-011	2.94535e-011	2.55463e-011	2.23015e-011	1.95008e-011	1.81022e-011	1.77166e-011	1.86451e-011	2.10641e-011	2.39917e-011	2.64579e-011	2.74944e-011	2.65925e-011	2.3636e-011	2.0023e-011	1.71674e-011	1.62963e-011	1.87676e-011	2.43369e-011	3.20227e-011	3.98197e-011	4.61106e-011	4.9946e-011	5.02348e-011	4.85105e-011	4.61833e-011	4.37494e-011	4.3192e-011	4.48389e-011	4.74959e-011	5.07268e-011	5.34407e-011	5.41159e-011	5.29417e-011	5.03921e-011	4.62525e-011	4.16951e-011	3.73618e-011	3.32666e-011	2.96265e-011	2.62317e-011	2.37052e-011	2.13732e-011	2.01585e-011	2.08788e-011	2.30256e-011	2.66819e-011	3.09322e-011	3.46292e-011	3.68996e-011	3.76689e-011	3.6754e-011	3.48872e-011	3.39952e-011	3.46563e-011	3.73089e-011	4.19768e-011	4.75553e-011	5.27677e-011	5.60499e-011	5.73603e-011	5.64137e-011	5.36009e-011	5.06696e-011	4.84017e-011	4.74577e-011	4.83639e-011	5.04655e-011	5.2529e-011	5.42208e-011	5.47235e-011	5.29889e-011	5.02448e-011	4.67861e-011	4.28564e-011	3.93954e-011	3.6233e-011	3.32919e-011	3.02647e-011	2.74956e-011	2.50566e-011	2.33346e-011	2.29809e-011	2.3697e-011	2.53884e-011	2.76876e-011	2.97934e-011	3.08675e-011	3.08515e-011	3.01986e-011	2.90876e-011	2.84727e-011	2.91168e-011	3.08801e-011	3.34872e-011	3.64374e-011	3.8727e-011	3.96673e-011	3.94242e-011	3.79237e-011	3.57975e-011	3.41478e-011	3.33552e-011	3.34402e-011	3.42262e-011	3.53605e-011	3.59782e-011	3.59001e-011	3.55589e-011	3.48633e-011	3.44418e-011	3.47404e-011	3.51849e-011	3.54314e-011	3.52177e-011	3.36932e-011	3.08237e-011	2.72265e-011	2.35419e-011	2.06775e-011	1.94073e-011	2.02061e-011	2.26803e-011	2.59599e-011	2.94462e-011	3.1964e-011	3.32071e-011	3.38192e-011	3.39206e-011
4.26722e-011	4.25211e-011	4.26154e-011	4.24132e-011	4.09085e-011	3.7561e-011	3.22774e-011	2.59646e-011	1.99585e-011	1.57869e-011	1.52443e-011	1.83422e-011	2.44526e-011	3.19825e-011	3.90149e-011	4.42805e-011	4.65873e-011	4.66634e-011	4.54431e-011	4.3826e-011	4.37205e-011	4.53356e-011	4.83137e-011	5.18932e-011	5.4669e-011	5.59577e-011	5.51733e-011	5.24766e-011	4.82771e-011	4.33833e-011	3.83528e-011	3.36168e-011	2.87976e-011	2.40164e-011	1.97397e-011	1.52925e-011	1.24481e-011	1.19378e-011	1.3342e-011	1.70463e-011	2.18533e-011	2.61383e-011	2.88029e-011	2.89437e-011	2.66117e-011	2.29677e-011	1.99724e-011	1.91013e-011	2.12236e-011	2.64691e-011	3.38298e-011	4.14404e-011	4.75802e-011	5.15509e-011	5.23583e-011	5.0686e-011	4.84446e-011	4.59937e-011	4.45611e-011	4.48826e-011	4.60722e-011	4.76e-011	4.88748e-011	4.88812e-011	4.73624e-011	4.49656e-011	4.17261e-011	3.83265e-011	3.49301e-011	3.13365e-011	2.7554e-011	2.31402e-011	1.931e-011	1.62629e-011	1.44384e-011	1.54696e-011	1.88359e-011	2.39735e-011	3.04311e-011	3.60485e-011	3.98142e-011	4.14002e-011	4.11047e-011	3.97211e-011	3.87079e-011	3.92995e-011	4.204e-011	4.65965e-011	5.23029e-011	5.81268e-011	6.18006e-011	6.33302e-011	6.27326e-011	5.941e-011	5.55184e-011	5.21287e-011	4.94461e-011	4.85362e-011	4.90431e-011	4.9656e-011	5.00499e-011	4.99971e-011	4.8389e-011	4.62123e-011	4.36955e-011	4.03672e-011	3.7034e-011	3.34777e-011	2.99107e-011	2.62415e-011	2.27795e-011	2.05653e-011	1.96149e-011	2.03118e-011	2.29536e-011	2.64852e-011	3.01168e-011	3.3266e-011	3.50753e-011	3.52781e-011	3.4756e-011	3.37932e-011	3.3407e-011	3.43799e-011	3.67228e-011	4.00516e-011	4.32304e-011	4.5658e-011	4.63613e-011	4.5086e-011	4.26401e-011	3.96448e-011	3.67742e-011	3.49983e-011	3.42403e-011	3.39795e-011	3.41935e-011	3.42275e-011	3.35435e-011	3.29544e-011	3.2451e-011	3.21053e-011	3.25815e-011	3.35533e-011	3.42278e-011	3.42679e-011	3.31853e-011	3.07926e-011	2.7583e-011	2.43805e-011	2.2281e-011	2.16465e-011	2.27239e-011	2.5316e-011	2.8249e-011	3.11052e-011	3.34016e-011	3.42216e-011	3.44999e-011	3.47547e-011
4.06245e-011	4.07949e-011	4.18021e-011	4.28146e-011	4.2554e-011	4.01692e-011	3.56809e-011	2.95811e-011	2.37154e-011	1.93502e-011	1.78824e-011	1.96408e-011	2.39866e-011	3.02084e-011	3.61026e-011	4.05454e-011	4.30348e-011	4.35657e-011	4.32741e-011	4.2726e-011	4.2996e-011	4.43856e-011	4.67529e-011	4.90337e-011	5.05204e-011	5.09128e-011	4.93324e-011	4.67413e-011	4.37613e-011	4.05634e-011	3.73527e-011	3.39632e-011	2.98838e-011	2.47168e-011	1.9444e-011	1.41811e-011	1.00033e-011	8.8312e-012	1.04208e-011	1.47451e-011	2.06414e-011	2.61128e-011	2.97715e-011	3.0695e-011	2.92369e-011	2.62115e-011	2.3149e-011	2.21529e-011	2.37432e-011	2.79929e-011	3.42902e-011	4.10091e-011	4.64612e-011	5.00104e-011	5.10686e-011	4.97919e-011	4.76363e-011	4.53743e-011	4.38858e-011	4.34825e-011	4.36862e-011	4.38307e-011	4.3279e-011	4.22317e-011	4.05241e-011	3.84074e-011	3.65373e-011	3.46468e-011	3.26026e-011	3.01164e-011	2.67233e-011	2.22134e-011	1.74393e-011	1.36488e-011	1.1534e-011	1.25032e-011	1.64865e-011	2.26622e-011	3.00705e-011	3.71001e-011	4.24822e-011	4.5233e-011	4.5696e-011	4.49525e-011	4.38377e-011	4.39591e-011	4.62156e-011	5.02191e-011	5.5446e-011	6.09785e-011	6.46829e-011	6.60807e-011	6.54151e-011	6.20816e-011	5.79636e-011	5.40481e-011	5.03399e-011	4.77631e-011	4.6122e-011	4.50703e-011	4.4192e-011	4.3214e-011	4.20856e-011	4.06469e-011	3.91152e-011	3.72562e-011	3.47432e-011	3.13741e-011	2.76679e-011	2.36072e-011	1.97342e-011	1.75963e-011	1.7103e-011	1.87577e-011	2.26127e-011	2.77784e-011	3.31763e-011	3.75033e-011	4.02055e-011	4.09567e-011	4.02733e-011	3.92613e-011	3.89286e-011	3.97747e-011	4.22732e-011	4.58384e-011	4.87969e-011	5.09249e-011	5.14392e-011	4.93705e-011	4.61865e-011	4.24516e-011	3.83774e-011	3.53525e-011	3.34119e-011	3.18876e-011	3.09876e-011	3.03196e-011	2.92572e-011	2.84801e-011	2.82707e-011	2.8557e-011	2.95485e-011	3.09304e-011	3.2156e-011	3.25583e-011	3.18472e-011	3.01099e-011	2.77813e-011	2.56623e-011	2.45059e-011	2.48432e-011	2.65498e-011	2.93838e-011	3.23559e-011	3.45642e-011	3.6197e-011	3.67647e-011	3.67196e-011	3.69018e-011
4.00656e-011	3.99932e-011	4.10943e-011	4.24334e-011	4.27242e-011	4.12115e-011	3.78863e-011	3.27228e-011	2.73492e-011	2.32873e-011	2.12692e-011	2.19364e-011	2.46103e-011	2.8914e-011	3.32158e-011	3.65862e-011	3.8796e-011	3.96688e-011	4.00452e-011	4.07545e-011	4.22793e-011	4.42735e-011	4.66952e-011	4.82489e-011	4.80613e-011	4.74543e-011	4.54166e-011	4.2534e-011	4.05856e-011	3.88272e-011	3.72958e-011	3.55159e-011	3.24309e-011	2.76055e-011	2.18312e-011	1.5931e-011	1.11423e-011	9.28657e-012	1.03897e-011	1.42507e-011	2.00281e-011	2.57063e-011	2.99521e-011	3.14838e-011	3.06382e-011	2.84238e-011	2.56187e-011	2.43099e-011	2.53408e-011	2.85146e-011	3.34777e-011	3.89693e-011	4.31223e-011	4.55527e-011	4.62858e-011	4.52787e-011	4.39094e-011	4.27322e-011	4.17503e-011	4.13525e-011	4.08431e-011	4.00666e-011	3.84564e-011	3.61582e-011	3.42502e-011	3.25692e-011	3.17738e-011	3.17185e-011	3.12906e-011	3.00104e-011	2.75673e-011	2.35342e-011	1.8757e-011	1.46818e-011	1.20646e-011	1.23562e-011	1.60626e-011	2.23792e-011	3.02856e-011	3.80589e-011	4.43895e-011	4.82136e-011	4.93565e-011	4.89873e-011	4.79125e-011	4.76067e-011	4.92064e-011	5.23343e-011	5.63841e-011	6.06565e-011	6.37312e-011	6.47333e-011	6.41183e-011	6.1513e-011	5.75689e-011	5.36356e-011	4.95627e-011	4.5859e-011	4.26654e-011	3.99014e-011	3.77042e-011	3.60167e-011	3.51511e-011	3.46709e-011	3.4294e-011	3.38117e-011	3.27614e-011	3.04359e-011	2.72098e-011	2.33076e-011	1.91825e-011	1.66535e-011	1.62292e-011	1.84026e-011	2.32096e-011	2.95354e-011	3.62177e-011	4.16663e-011	4.50882e-011	4.62636e-011	4.54231e-011	4.42245e-011	4.37855e-011	4.40832e-011	4.61017e-011	4.92805e-011	5.17119e-011	5.32934e-011	5.35169e-011	5.10609e-011	4.72773e-011	4.29809e-011	3.80796e-011	3.39039e-011	3.07262e-011	2.80337e-011	2.60686e-011	2.4606e-011	2.33615e-011	2.27054e-011	2.29303e-011	2.39482e-011	2.5935e-011	2.81128e-011	3.01176e-011	3.113e-011	3.0904e-011	2.99889e-011	2.85323e-011	2.75599e-011	2.77293e-011	2.9142e-011	3.16247e-011	3.47839e-011	3.76517e-011	3.96122e-011	4.05592e-011	4.0502e-011	4.00512e-011	3.98456e-011
4.03776e-011	3.97255e-011	4.04071e-011	4.15273e-011	4.20932e-011	4.11864e-011	3.87352e-011	3.49845e-011	3.07839e-011	2.72949e-011	2.54995e-011	2.57296e-011	2.7348e-011	3.02776e-011	3.26157e-011	3.4013e-011	3.54154e-011	3.62036e-011	3.72349e-011	3.93599e-011	4.21771e-011	4.53199e-011	4.80016e-011	4.93503e-011	4.85624e-011	4.64313e-011	4.35157e-011	4.06091e-011	3.89612e-011	3.82095e-011	3.78666e-011	3.70375e-011	3.49749e-011	3.10921e-011	2.54258e-011	1.94427e-011	1.43109e-011	1.14415e-011	1.16804e-011	1.46691e-011	1.96209e-011	2.48705e-011	2.90336e-011	3.07865e-011	3.03803e-011	2.86507e-011	2.64461e-011	2.56106e-011	2.6596e-011	2.92162e-011	3.27445e-011	3.61291e-011	3.90495e-011	4.01899e-011	4.01338e-011	3.96826e-011	3.90172e-011	3.90322e-011	3.93664e-011	3.95357e-011	3.89596e-011	3.76274e-011	3.52178e-011	3.23177e-011	3.02235e-011	2.87982e-011	2.85773e-011	2.96469e-011	3.07422e-011	3.09256e-011	2.95972e-011	2.64434e-011	2.19094e-011	1.74772e-011	1.44311e-011	1.39472e-011	1.68374e-011	2.26202e-011	3.0254e-011	3.7947e-011	4.43793e-011	4.85758e-011	5.00737e-011	5.02952e-011	4.98228e-011	4.93883e-011	5.05196e-011	5.26862e-011	5.54197e-011	5.81718e-011	6.01868e-011	6.07948e-011	6.00747e-011	5.82776e-011	5.53214e-011	5.18328e-011	4.79403e-011	4.39496e-011	3.98716e-011	3.61925e-011	3.3053e-011	3.04603e-011	2.93177e-011	2.94358e-011	3.02433e-011	3.13842e-011	3.18917e-011	3.09543e-011	2.84116e-011	2.47266e-011	2.06062e-011	1.75147e-011	1.67819e-011	1.90236e-011	2.40218e-011	3.0775e-011	3.79502e-011	4.37608e-011	4.74484e-011	4.91601e-011	4.86007e-011	4.71735e-011	4.65069e-011	4.63924e-011	4.74663e-011	4.97425e-011	5.16513e-011	5.26134e-011	5.23309e-011	4.99222e-011	4.5915e-011	4.12019e-011	3.61043e-011	3.13794e-011	2.72533e-011	2.38604e-011	2.08662e-011	1.84367e-011	1.70702e-011	1.66398e-011	1.75626e-011	1.98608e-011	2.29015e-011	2.60787e-011	2.8947e-011	3.06483e-011	3.10007e-011	3.06567e-011	3.00952e-011	3.00897e-011	3.12231e-011	3.38189e-011	3.72687e-011	4.06106e-011	4.34707e-011	4.50656e-011	4.51651e-011	4.44053e-011	4.33515e-011	4.24333e-011
4.05133e-011	3.94844e-011	3.96099e-011	4.02931e-011	4.07419e-011	4.01174e-011	3.83405e-011	3.57053e-011	3.31635e-011	3.1475e-011	3.08452e-011	3.15456e-011	3.26444e-011	3.38119e-011	3.47877e-011	3.43161e-011	3.3977e-011	3.43994e-011	3.57489e-011	3.89225e-011	4.32228e-011	4.75301e-011	5.07295e-011	5.19957e-011	5.08943e-011	4.80795e-011	4.44245e-011	4.0982e-011	3.88769e-011	3.81688e-011	3.83749e-011	3.8241e-011	3.68036e-011	3.37597e-011	2.86159e-011	2.27195e-011	1.75318e-011	1.41453e-011	1.35334e-011	1.56833e-011	1.9577e-011	2.36087e-011	2.66848e-011	2.82249e-011	2.79087e-011	2.69732e-011	2.59912e-011	2.60216e-011	2.75107e-011	2.99732e-011	3.27138e-011	3.43747e-011	3.55106e-011	3.54553e-011	3.45985e-011	3.43587e-011	3.46877e-011	3.56216e-011	3.72608e-011	3.84851e-011	3.84478e-011	3.73521e-011	3.47546e-011	3.12618e-011	2.88106e-011	2.74009e-011	2.74253e-011	2.9172e-011	3.12072e-011	3.25486e-011	3.21165e-011	2.96947e-011	2.56773e-011	2.10493e-011	1.77317e-011	1.67922e-011	1.87591e-011	2.34349e-011	2.98059e-011	3.64791e-011	4.20296e-011	4.61667e-011	4.8076e-011	4.88078e-011	4.93058e-011	4.93735e-011	5.01764e-011	5.16073e-011	5.31727e-011	5.45446e-011	5.54921e-011	5.55429e-011	5.47227e-011	5.33377e-011	5.14586e-011	4.91492e-011	4.62921e-011	4.29405e-011	3.88479e-011	3.433e-011	3.05283e-011	2.73313e-011	2.56159e-011	2.60986e-011	2.77724e-011	3.01559e-011	3.21554e-011	3.24444e-011	3.06343e-011	2.72495e-011	2.32767e-011	1.99954e-011	1.88241e-011	2.0485e-011	2.48201e-011	3.09272e-011	3.77192e-011	4.36199e-011	4.73636e-011	4.92059e-011	4.91066e-011	4.76775e-011	4.65254e-011	4.60531e-011	4.63881e-011	4.76709e-011	4.89194e-011	4.91656e-011	4.82927e-011	4.59743e-011	4.23151e-011	3.79989e-011	3.3348e-011	2.86928e-011	2.40612e-011	1.98996e-011	1.62856e-011	1.3192e-011	1.15721e-011	1.15992e-011	1.3199e-011	1.66527e-011	2.09873e-011	2.51799e-011	2.87207e-011	3.09481e-011	3.17704e-011	3.17948e-011	3.17978e-011	3.27242e-011	3.46776e-011	3.78397e-011	4.21231e-011	4.57532e-011	4.84122e-011	4.9677e-011	4.89087e-011	4.71711e-011	4.53556e-011	4.37514e-011
4.03892e-011	3.93995e-011	3.92977e-011	3.93787e-011	3.92295e-011	3.86267e-011	3.73052e-011	3.61093e-011	3.53182e-011	3.56221e-011	3.69921e-011	3.87468e-011	4.01458e-011	4.02226e-011	3.93275e-011	3.73172e-011	3.55523e-011	3.50082e-011	3.6219e-011	3.95633e-011	4.44147e-011	4.95581e-011	5.33858e-011	5.49312e-011	5.39008e-011	5.05141e-011	4.61796e-011	4.21738e-011	3.93528e-011	3.81428e-011	3.81436e-011	3.81604e-011	3.70448e-011	3.4335e-011	2.97446e-011	2.44973e-011	2.00362e-011	1.69118e-011	1.62329e-011	1.75451e-011	2.01091e-011	2.29265e-011	2.4399e-011	2.51664e-011	2.50331e-011	2.46886e-011	2.52341e-011	2.67276e-011	2.90467e-011	3.18723e-011	3.40974e-011	3.48969e-011	3.48172e-011	3.34275e-011	3.16003e-011	3.11072e-011	3.17101e-011	3.34589e-011	3.60783e-011	3.83272e-011	3.92237e-011	3.83093e-011	3.58544e-011	3.24109e-011	2.93487e-011	2.76907e-011	2.77693e-011	2.95463e-011	3.18877e-011	3.36259e-011	3.35193e-011	3.15363e-011	2.82639e-011	2.39947e-011	2.08976e-011	1.98146e-011	2.08458e-011	2.42167e-011	2.87874e-011	3.39154e-011	3.84426e-011	4.19031e-011	4.41667e-011	4.56121e-011	4.67353e-011	4.78045e-011	4.90613e-011	5.02988e-011	5.14904e-011	5.181e-011	5.12919e-011	5.09108e-011	4.97756e-011	4.8632e-011	4.79401e-011	4.68987e-011	4.53755e-011	4.30044e-011	3.94183e-011	3.47432e-011	3.02536e-011	2.65093e-011	2.44702e-011	2.48797e-011	2.6887e-011	2.97143e-011	3.22765e-011	3.33864e-011	3.25193e-011	2.96207e-011	2.5974e-011	2.26677e-011	2.0795e-011	2.14987e-011	2.47875e-011	2.98268e-011	3.57081e-011	4.11141e-011	4.46839e-011	4.64075e-011	4.64796e-011	4.53564e-011	4.43377e-011	4.38053e-011	4.37828e-011	4.42044e-011	4.46063e-011	4.44578e-011	4.32181e-011	4.11572e-011	3.83029e-011	3.47301e-011	3.08672e-011	2.67449e-011	2.2162e-011	1.7506e-011	1.33977e-011	9.93314e-012	8.11662e-012	8.41293e-012	1.06457e-011	1.47348e-011	1.99143e-011	2.50156e-011	2.91257e-011	3.17687e-011	3.28986e-011	3.30965e-011	3.32734e-011	3.44664e-011	3.70645e-011	4.0749e-011	4.525e-011	4.90181e-011	5.13009e-011	5.20262e-011	5.07157e-011	4.82136e-011	4.57097e-011	4.34981e-011
3.96751e-011	3.95047e-011	3.95698e-011	3.94422e-011	3.85872e-011	3.77941e-011	3.68395e-011	3.6657e-011	3.78959e-011	4.03955e-011	4.35091e-011	4.67741e-011	4.88421e-011	4.88833e-011	4.71152e-011	4.37061e-011	4.0084e-011	3.8106e-011	3.81616e-011	4.08652e-011	4.54487e-011	5.07268e-011	5.5028e-011	5.6653e-011	5.57787e-011	5.24198e-011	4.75059e-011	4.29382e-011	3.95246e-011	3.75639e-011	3.67622e-011	3.61507e-011	3.45425e-011	3.19214e-011	2.83081e-011	2.39593e-011	2.08971e-011	1.91445e-011	1.88749e-011	1.9985e-011	2.14924e-011	2.29099e-011	2.33356e-011	2.30693e-011	2.29291e-011	2.32264e-011	2.48374e-011	2.79918e-011	3.17459e-011	3.53562e-011	3.79415e-011	3.82294e-011	3.68223e-011	3.45866e-011	3.16436e-011	3.01034e-011	3.05379e-011	3.2563e-011	3.56781e-011	3.86048e-011	4.02609e-011	3.96976e-011	3.72883e-011	3.40695e-011	3.08209e-011	2.90677e-011	2.89968e-011	3.02176e-011	3.20278e-011	3.34071e-011	3.33786e-011	3.16445e-011	2.90147e-011	2.57406e-011	2.30496e-011	2.1992e-011	2.26797e-011	2.48877e-011	2.8046e-011	3.16937e-011	3.47846e-011	3.7161e-011	3.94526e-011	4.12762e-011	4.33011e-011	4.56619e-011	4.79862e-011	4.97146e-011	5.08045e-011	5.08107e-011	4.92473e-011	4.78628e-011	4.64926e-011	4.54488e-011	4.54958e-011	4.57035e-011	4.5286e-011	4.38066e-011	4.09008e-011	3.67319e-011	3.21282e-011	2.82369e-011	2.57384e-011	2.54627e-011	2.70522e-011	2.97024e-011	3.23326e-011	3.3792e-011	3.35616e-011	3.11603e-011	2.77469e-011	2.4465e-011	2.21581e-011	2.20786e-011	2.43197e-011	2.82047e-011	3.26432e-011	3.68064e-011	3.98997e-011	4.1288e-011	4.17096e-011	4.13009e-011	4.07986e-011	4.05982e-011	4.06692e-011	4.07557e-011	4.04115e-011	3.99262e-011	3.86897e-011	3.69079e-011	3.50087e-011	3.25031e-011	2.9506e-011	2.62538e-011	2.21663e-011	1.75336e-011	1.32698e-011	9.36323e-012	7.00743e-012	7.14626e-012	9.54057e-012	1.4012e-011	1.9671e-011	2.52727e-011	2.9722e-011	3.23964e-011	3.35292e-011	3.36493e-011	3.37456e-011	3.5024e-011	3.76392e-011	4.12977e-011	4.56725e-011	4.94006e-011	5.13919e-011	5.17308e-011	5.02013e-011	4.72636e-011	4.42077e-011	4.1606e-011
3.88356e-011	3.99493e-011	4.07396e-011	4.06208e-011	3.95267e-011	3.84156e-011	3.75933e-011	3.79538e-011	4.02313e-011	4.44471e-011	4.97351e-011	5.42915e-011	5.75227e-011	5.80648e-011	5.55225e-011	5.11874e-011	4.59254e-011	4.18481e-011	4.03189e-011	4.17646e-011	4.53092e-011	5.00566e-011	5.42081e-011	5.55516e-011	5.46551e-011	5.17068e-011	4.6839e-011	4.25139e-011	3.89617e-011	3.62163e-011	3.43629e-011	3.26614e-011	3.05105e-011	2.77158e-011	2.49428e-011	2.23035e-011	2.07334e-011	2.06967e-011	2.18574e-011	2.34358e-011	2.47518e-011	2.5418e-011	2.47116e-011	2.35064e-011	2.30971e-011	2.35768e-011	2.60487e-011	3.03852e-011	3.55629e-011	4.02029e-011	4.31824e-011	4.36534e-011	4.12316e-011	3.75765e-011	3.37069e-011	3.10502e-011	3.0734e-011	3.24248e-011	3.52722e-011	3.79196e-011	3.95781e-011	3.93276e-011	3.71933e-011	3.46262e-011	3.1887e-011	2.99525e-011	2.96666e-011	3.03582e-011	3.14421e-011	3.22e-011	3.18768e-011	3.0372e-011	2.81826e-011	2.58584e-011	2.43076e-011	2.40139e-011	2.50047e-011	2.70531e-011	2.91167e-011	3.13275e-011	3.31913e-011	3.40708e-011	3.56908e-011	3.78959e-011	4.06672e-011	4.4313e-011	4.78912e-011	5.05449e-011	5.18022e-011	5.14315e-011	4.95741e-011	4.73926e-011	4.54866e-011	4.42918e-011	4.42975e-011	4.47979e-011	4.51223e-011	4.43517e-011	4.21622e-011	3.88109e-011	3.44083e-011	3.03694e-011	2.76672e-011	2.66701e-011	2.75598e-011	2.96811e-011	3.1902e-011	3.3239e-011	3.30511e-011	3.10836e-011	2.81661e-011	2.53625e-011	2.33211e-011	2.30375e-011	2.42533e-011	2.69977e-011	3.00794e-011	3.24658e-011	3.47882e-011	3.60419e-011	3.65284e-011	3.70719e-011	3.74222e-011	3.77044e-011	3.82291e-011	3.8296e-011	3.77068e-011	3.713e-011	3.58465e-011	3.42045e-011	3.30353e-011	3.15583e-011	2.9616e-011	2.72596e-011	2.3857e-011	1.93504e-011	1.47134e-011	1.04813e-011	7.59408e-012	7.2377e-012	9.43573e-012	1.38868e-011	1.95687e-011	2.51147e-011	2.95135e-011	3.19465e-011	3.28325e-011	3.29294e-011	3.28242e-011	3.39399e-011	3.65261e-011	3.99467e-011	4.39341e-011	4.74733e-011	4.93195e-011	4.94239e-011	4.78288e-011	4.48835e-011	4.16101e-011	3.87804e-011
3.78731e-011	4.06695e-011	4.24893e-011	4.30611e-011	4.21071e-011	4.06764e-011	3.96595e-011	4.01871e-011	4.3037e-011	4.80277e-011	5.47696e-011	6.07902e-011	6.49292e-011	6.61645e-011	6.32522e-011	5.77878e-011	5.15251e-011	4.57593e-011	4.25099e-011	4.22453e-011	4.40992e-011	4.69942e-011	4.99402e-011	5.09141e-011	5.00599e-011	4.79928e-011	4.41208e-011	4.02541e-011	3.70666e-011	3.41084e-011	3.14707e-011	2.87177e-011	2.5883e-011	2.2981e-011	2.05303e-011	1.93913e-011	1.99025e-011	2.19524e-011	2.48315e-011	2.79893e-011	2.97313e-011	3.02228e-011	2.89571e-011	2.65675e-011	2.54329e-011	2.58597e-011	2.87069e-011	3.39037e-011	4.00962e-011	4.56972e-011	4.88163e-011	4.90777e-011	4.64841e-011	4.19164e-011	3.72235e-011	3.35959e-011	3.18761e-011	3.22155e-011	3.3918e-011	3.56523e-011	3.67992e-011	3.67866e-011	3.507e-011	3.29571e-011	3.12153e-011	2.98367e-011	2.95427e-011	2.99578e-011	3.04509e-011	3.0395e-011	2.96215e-011	2.80988e-011	2.63289e-011	2.5182e-011	2.49623e-011	2.62203e-011	2.82528e-011	3.06718e-011	3.24189e-011	3.32018e-011	3.37211e-011	3.37153e-011	3.42355e-011	3.63464e-011	3.96974e-011	4.40971e-011	4.86322e-011	5.2113e-011	5.38326e-011	5.36287e-011	5.16922e-011	4.88778e-011	4.63584e-011	4.45327e-011	4.38755e-011	4.40949e-011	4.44939e-011	4.4127e-011	4.24295e-011	3.962e-011	3.58557e-011	3.20369e-011	2.93285e-011	2.80364e-011	2.84053e-011	2.96976e-011	3.1246e-011	3.19349e-011	3.1402e-011	2.9919e-011	2.7668e-011	2.572e-011	2.45518e-011	2.44621e-011	2.52514e-011	2.69059e-011	2.87031e-011	2.99693e-011	3.1144e-011	3.20221e-011	3.25749e-011	3.37079e-011	3.4913e-011	3.60248e-011	3.71171e-011	3.75847e-011	3.70475e-011	3.61916e-011	3.50051e-011	3.35737e-011	3.27229e-011	3.20053e-011	3.10027e-011	2.92893e-011	2.63729e-011	2.21836e-011	1.72027e-011	1.26265e-011	9.47126e-012	8.58039e-012	1.03417e-011	1.42358e-011	1.93333e-011	2.42869e-011	2.81782e-011	3.03738e-011	3.10383e-011	3.09826e-011	3.08969e-011	3.17551e-011	3.40251e-011	3.73289e-011	4.09806e-011	4.41549e-011	4.58949e-011	4.58431e-011	4.42785e-011	4.17791e-011	3.88994e-011	3.62662e-011
3.6467e-011	4.13091e-011	4.4689e-011	4.61069e-011	4.55901e-011	4.38341e-011	4.23731e-011	4.25514e-011	4.53763e-011	5.08059e-011	5.79826e-011	6.45999e-011	6.90852e-011	7.05767e-011	6.78246e-011	6.22412e-011	5.56073e-011	4.88374e-011	4.39319e-011	4.14953e-011	4.11059e-011	4.20575e-011	4.32462e-011	4.36823e-011	4.30105e-011	4.1503e-011	3.94116e-011	3.69057e-011	3.44559e-011	3.20014e-011	2.92438e-011	2.57669e-011	2.24735e-011	1.9133e-011	1.68529e-011	1.68759e-011	1.90118e-011	2.34926e-011	2.87146e-011	3.34106e-011	3.62473e-011	3.65941e-011	3.48023e-011	3.18491e-011	2.96873e-011	2.97299e-011	3.25072e-011	3.75324e-011	4.37738e-011	4.95884e-011	5.26265e-011	5.29148e-011	5.04866e-011	4.53042e-011	3.99047e-011	3.54288e-011	3.21494e-011	3.09188e-011	3.10868e-011	3.14481e-011	3.17334e-011	3.15225e-011	3.02676e-011	2.90682e-011	2.83629e-011	2.80576e-011	2.87267e-011	2.94419e-011	2.99152e-011	2.93315e-011	2.78392e-011	2.64358e-011	2.51142e-011	2.50612e-011	2.66853e-011	2.94211e-011	3.281e-011	3.60354e-011	3.78557e-011	3.81783e-011	3.75869e-011	3.65105e-011	3.61517e-011	3.76578e-011	4.06138e-011	4.49445e-011	4.9712e-011	5.3706e-011	5.59106e-011	5.58313e-011	5.40075e-011	5.08653e-011	4.7509e-011	4.49681e-011	4.34489e-011	4.28472e-011	4.27517e-011	4.22239e-011	4.05389e-011	3.81585e-011	3.51177e-011	3.20683e-011	3.02244e-011	2.93259e-011	2.9484e-011	3.01457e-011	3.07744e-011	3.09762e-011	3.01552e-011	2.88913e-011	2.75958e-011	2.65437e-011	2.64437e-011	2.71669e-011	2.81837e-011	2.95257e-011	3.04828e-011	3.05505e-011	3.06869e-011	3.08347e-011	3.09228e-011	3.20422e-011	3.37825e-011	3.56146e-011	3.7168e-011	3.7989e-011	3.77835e-011	3.66892e-011	3.53597e-011	3.41584e-011	3.34228e-011	3.30666e-011	3.2555e-011	3.11175e-011	2.84425e-011	2.45624e-011	1.96638e-011	1.49967e-011	1.16917e-011	1.03333e-011	1.14193e-011	1.4518e-011	1.8821e-011	2.31064e-011	2.6356e-011	2.81714e-011	2.86389e-011	2.84023e-011	2.85321e-011	2.95349e-011	3.16235e-011	3.49122e-011	3.81463e-011	4.06386e-011	4.23876e-011	4.24189e-011	4.10237e-011	3.92018e-011	3.69632e-011	3.47474e-011
3.55521e-011	4.18214e-011	4.66923e-011	4.90102e-011	4.8808e-011	4.69791e-011	4.51773e-011	4.50508e-011	4.73407e-011	5.21031e-011	5.86749e-011	6.51352e-011	6.95161e-011	7.11611e-011	6.91079e-011	6.37633e-011	5.70999e-011	5.0084e-011	4.3988e-011	3.97728e-011	3.7234e-011	3.60911e-011	3.55271e-011	3.517e-011	3.43307e-011	3.34855e-011	3.27967e-011	3.22855e-011	3.1746e-011	3.05615e-011	2.84215e-011	2.47305e-011	2.06703e-011	1.70458e-011	1.47635e-011	1.55294e-011	1.92788e-011	2.53945e-011	3.25477e-011	3.87214e-011	4.25843e-011	4.314e-011	4.12134e-011	3.80927e-011	3.51062e-011	3.42433e-011	3.62481e-011	4.0339e-011	4.57649e-011	5.10812e-011	5.3897e-011	5.39891e-011	5.16153e-011	4.64929e-011	4.0696e-011	3.55202e-011	3.12921e-011	2.86407e-011	2.71709e-011	2.62364e-011	2.50955e-011	2.41084e-011	2.32901e-011	2.31019e-011	2.41362e-011	2.57651e-011	2.77593e-011	2.94291e-011	3.02984e-011	2.97581e-011	2.78794e-011	2.64287e-011	2.56231e-011	2.63194e-011	2.9408e-011	3.37734e-011	3.84616e-011	4.25397e-011	4.49502e-011	4.51467e-011	4.39545e-011	4.19866e-011	4.03125e-011	4.0459e-011	4.25309e-011	4.61644e-011	5.04376e-011	5.43733e-011	5.68869e-011	5.68485e-011	5.49687e-011	5.18437e-011	4.80758e-011	4.50168e-011	4.27752e-011	4.11616e-011	3.98698e-011	3.85797e-011	3.67333e-011	3.46326e-011	3.27667e-011	3.10161e-011	3.01329e-011	3.03556e-011	3.09952e-011	3.15791e-011	3.16745e-011	3.13655e-011	3.02811e-011	2.91293e-011	2.85646e-011	2.86165e-011	2.96137e-011	3.14392e-011	3.32524e-011	3.44287e-011	3.50368e-011	3.42595e-011	3.281e-011	3.18719e-011	3.14326e-011	3.19653e-011	3.36515e-011	3.57957e-011	3.76012e-011	3.84857e-011	3.84359e-011	3.73517e-011	3.598e-011	3.49301e-011	3.41675e-011	3.37481e-011	3.33572e-011	3.21109e-011	2.95721e-011	2.59282e-011	2.1395e-011	1.68526e-011	1.34617e-011	1.20488e-011	1.27387e-011	1.52311e-011	1.88911e-011	2.23615e-011	2.47772e-011	2.63243e-011	2.66427e-011	2.64806e-011	2.69751e-011	2.83416e-011	3.04764e-011	3.35366e-011	3.66531e-011	3.86994e-011	3.99976e-011	4.0146e-011	3.91357e-011	3.78065e-011	3.62912e-011	3.46715e-011
3.43117e-011	4.13068e-011	4.69289e-011	4.98243e-011	5.03814e-011	4.91469e-011	4.71935e-011	4.66735e-011	4.82933e-011	5.20288e-011	5.7467e-011	6.30834e-011	6.7067e-011	6.86251e-011	6.71667e-011	6.25617e-011	5.63664e-011	4.96599e-011	4.35919e-011	3.85675e-011	3.46832e-011	3.18396e-011	2.90101e-011	2.70457e-011	2.60411e-011	2.57187e-011	2.67179e-011	2.83632e-011	2.97829e-011	3.02968e-011	2.90291e-011	2.56789e-011	2.11451e-011	1.71022e-011	1.4817e-011	1.56549e-011	2.00482e-011	2.71001e-011	3.50873e-011	4.21018e-011	4.69262e-011	4.81143e-011	4.62201e-011	4.30349e-011	3.9523e-011	3.75671e-011	3.83617e-011	4.12534e-011	4.53729e-011	4.96377e-011	5.18908e-011	5.14852e-011	4.8963e-011	4.42251e-011	3.89318e-011	3.40539e-011	2.96652e-011	2.6174e-011	2.30897e-011	2.05976e-011	1.83998e-011	1.65174e-011	1.61294e-011	1.71222e-011	1.96201e-011	2.36608e-011	2.77533e-011	3.06873e-011	3.22802e-011	3.20862e-011	3.04271e-011	2.89869e-011	2.84679e-011	2.97503e-011	3.33888e-011	3.86723e-011	4.45833e-011	4.93762e-011	5.22972e-011	5.27858e-011	5.0801e-011	4.79015e-011	4.52417e-011	4.36506e-011	4.43148e-011	4.69026e-011	5.0006e-011	5.29525e-011	5.50278e-011	5.47294e-011	5.31491e-011	5.07343e-011	4.71104e-011	4.39348e-011	4.12019e-011	3.8697e-011	3.64432e-011	3.41237e-011	3.2051e-011	3.02406e-011	2.91888e-011	2.92107e-011	3.00748e-011	3.15247e-011	3.33015e-011	3.45279e-011	3.4619e-011	3.43085e-011	3.28976e-011	3.1488e-011	3.13437e-011	3.21863e-011	3.42597e-011	3.70866e-011	3.97059e-011	4.11503e-011	4.11384e-011	3.96407e-011	3.71648e-011	3.4792e-011	3.32924e-011	3.30389e-011	3.38808e-011	3.54383e-011	3.69788e-011	3.75841e-011	3.7647e-011	3.69256e-011	3.55428e-011	3.46328e-011	3.41145e-011	3.3665e-011	3.32051e-011	3.20485e-011	2.96686e-011	2.62266e-011	2.20755e-011	1.81642e-011	1.53942e-011	1.43256e-011	1.52804e-011	1.74895e-011	2.04004e-011	2.33892e-011	2.48665e-011	2.56772e-011	2.60915e-011	2.61443e-011	2.69338e-011	2.87655e-011	3.12042e-011	3.40548e-011	3.68012e-011	3.86221e-011	3.95536e-011	3.94788e-011	3.86241e-011	3.7585e-011	3.65703e-011	3.55485e-011
3.29619e-011	3.97662e-011	4.56682e-011	4.91295e-011	5.01954e-011	4.96679e-011	4.80276e-011	4.72139e-011	4.81424e-011	5.09114e-011	5.51057e-011	5.95344e-011	6.26445e-011	6.34747e-011	6.2092e-011	5.84642e-011	5.37203e-011	4.85184e-011	4.32591e-011	3.83053e-011	3.33138e-011	2.89913e-011	2.48097e-011	2.10713e-011	1.95255e-011	1.96457e-011	2.17611e-011	2.54136e-011	2.87705e-011	3.07148e-011	3.05077e-011	2.78462e-011	2.35123e-011	1.92478e-011	1.66703e-011	1.71391e-011	2.11104e-011	2.80465e-011	3.63168e-011	4.35805e-011	4.86903e-011	5.0447e-011	4.86987e-011	4.53834e-011	4.16013e-011	3.90305e-011	3.88416e-011	4.05298e-011	4.30509e-011	4.54414e-011	4.66404e-011	4.57806e-011	4.33096e-011	3.97094e-011	3.5378e-011	3.13324e-011	2.75433e-011	2.38546e-011	2.00149e-011	1.61166e-011	1.27642e-011	1.03753e-011	1.01368e-011	1.22215e-011	1.6261e-011	2.18406e-011	2.7791e-011	3.25844e-011	3.53659e-011	3.60276e-011	3.48866e-011	3.33281e-011	3.27852e-011	3.42412e-011	3.80365e-011	4.36509e-011	5.00288e-011	5.52664e-011	5.82669e-011	5.87852e-011	5.64211e-011	5.28954e-011	4.95738e-011	4.68469e-011	4.58762e-011	4.65404e-011	4.79484e-011	4.94651e-011	5.04792e-011	5.02374e-011	4.89124e-011	4.71511e-011	4.46561e-011	4.19572e-011	3.91629e-011	3.6277e-011	3.32566e-011	3.01591e-011	2.78385e-011	2.61332e-011	2.57137e-011	2.70217e-011	2.97636e-011	3.32444e-011	3.65854e-011	3.89729e-011	3.95872e-011	3.90692e-011	3.76322e-011	3.60077e-011	3.57436e-011	3.69826e-011	3.96859e-011	4.30698e-011	4.61532e-011	4.79746e-011	4.75385e-011	4.55132e-011	4.2321e-011	3.86399e-011	3.57154e-011	3.40125e-011	3.3372e-011	3.37634e-011	3.46099e-011	3.47954e-011	3.47051e-011	3.44277e-011	3.35489e-011	3.30272e-011	3.27709e-011	3.25838e-011	3.21416e-011	3.09611e-011	2.87484e-011	2.56161e-011	2.22227e-011	1.92249e-011	1.75822e-011	1.75073e-011	1.90424e-011	2.14491e-011	2.38042e-011	2.60634e-011	2.71779e-011	2.72915e-011	2.74337e-011	2.77345e-011	2.87993e-011	3.1008e-011	3.37306e-011	3.65164e-011	3.8963e-011	4.02554e-011	4.04968e-011	4.01044e-011	3.91447e-011	3.81418e-011	3.72832e-011	3.65371e-011
3.16015e-011	3.76864e-011	4.32217e-011	4.69059e-011	4.83786e-011	4.82937e-011	4.73843e-011	4.71391e-011	4.80793e-011	5.04162e-011	5.334e-011	5.58402e-011	5.7933e-011	5.81075e-011	5.65071e-011	5.41096e-011	5.07928e-011	4.72887e-011	4.36016e-011	3.93183e-011	3.41495e-011	2.87991e-011	2.33365e-011	1.85739e-011	1.63927e-011	1.63631e-011	1.87624e-011	2.32381e-011	2.79028e-011	3.12972e-011	3.215e-011	3.03131e-011	2.64251e-011	2.18937e-011	1.88151e-011	1.86603e-011	2.18284e-011	2.79771e-011	3.57133e-011	4.23888e-011	4.69714e-011	4.86931e-011	4.70616e-011	4.41794e-011	4.10995e-011	3.84177e-011	3.77162e-011	3.82671e-011	3.94038e-011	4.02094e-011	3.99864e-011	3.87717e-011	3.65155e-011	3.39903e-011	3.14517e-011	2.87623e-011	2.5904e-011	2.28262e-011	1.88383e-011	1.44778e-011	1.06321e-011	7.54564e-012	6.88406e-012	9.31919e-012	1.43396e-011	2.13356e-011	2.87728e-011	3.51021e-011	3.91226e-011	4.04813e-011	3.98665e-011	3.83369e-011	3.75369e-011	3.88416e-011	4.22876e-011	4.74742e-011	5.34011e-011	5.82408e-011	6.08305e-011	6.13198e-011	5.91801e-011	5.5364e-011	5.1726e-011	4.82769e-011	4.58754e-011	4.47804e-011	4.43359e-011	4.42393e-011	4.41655e-011	4.37957e-011	4.30113e-011	4.19905e-011	4.0694e-011	3.92953e-011	3.7329e-011	3.48539e-011	3.17934e-011	2.80955e-011	2.52298e-011	2.352e-011	2.35271e-011	2.60501e-011	3.03207e-011	3.55944e-011	4.0701e-011	4.43642e-011	4.59166e-011	4.5291e-011	4.36142e-011	4.19306e-011	4.11719e-011	4.21755e-011	4.48484e-011	4.79628e-011	5.0965e-011	5.29609e-011	5.23285e-011	4.98986e-011	4.62121e-011	4.13457e-011	3.70121e-011	3.37999e-011	3.1458e-011	3.0319e-011	3.01286e-011	2.97836e-011	2.95204e-011	2.95057e-011	2.92468e-011	2.9687e-011	3.03892e-011	3.08352e-011	3.08056e-011	2.97412e-011	2.79406e-011	2.53016e-011	2.26939e-011	2.10527e-011	2.06291e-011	2.17165e-011	2.42647e-011	2.71177e-011	2.95111e-011	3.12603e-011	3.17274e-011	3.1302e-011	3.10968e-011	3.12022e-011	3.22663e-011	3.43876e-011	3.71425e-011	3.97407e-011	4.15726e-011	4.24687e-011	4.20816e-011	4.09464e-011	3.96868e-011	3.85728e-011	3.75827e-011	3.67931e-011
3.13997e-011	3.60409e-011	4.02154e-011	4.35411e-011	4.51296e-011	4.57573e-011	4.61097e-011	4.67711e-011	4.83051e-011	5.04587e-011	5.27041e-011	5.39145e-011	5.43731e-011	5.36912e-011	5.19822e-011	5.02923e-011	4.84777e-011	4.65231e-011	4.42925e-011	4.12981e-011	3.68449e-011	3.13385e-011	2.52861e-011	1.95016e-011	1.6104e-011	1.54512e-011	1.75679e-011	2.21925e-011	2.74161e-011	3.16589e-011	3.32628e-011	3.20438e-011	2.85826e-011	2.40454e-011	2.08749e-011	2.03314e-011	2.26473e-011	2.74986e-011	3.35017e-011	3.90551e-011	4.24889e-011	4.3775e-011	4.26451e-011	4.02747e-011	3.82455e-011	3.64355e-011	3.56515e-011	3.55224e-011	3.55896e-011	3.50698e-011	3.38526e-011	3.22726e-011	3.02481e-011	2.84705e-011	2.74785e-011	2.66561e-011	2.5409e-011	2.35003e-011	2.01234e-011	1.54388e-011	1.10753e-011	7.56106e-012	6.25359e-012	8.5967e-012	1.39418e-011	2.15976e-011	2.99667e-011	3.71602e-011	4.19208e-011	4.3673e-011	4.35534e-011	4.24208e-011	4.14656e-011	4.25357e-011	4.53956e-011	4.946e-011	5.42381e-011	5.82918e-011	6.03001e-011	6.04512e-011	5.8715e-011	5.52188e-011	5.14534e-011	4.78377e-011	4.46621e-011	4.22881e-011	4.05844e-011	3.90556e-011	3.76437e-011	3.67649e-011	3.62969e-011	3.62697e-011	3.66593e-011	3.68598e-011	3.63729e-011	3.47418e-011	3.20215e-011	2.83126e-011	2.4787e-011	2.28153e-011	2.29599e-011	2.60652e-011	3.1513e-011	3.80567e-011	4.41622e-011	4.8783e-011	5.12447e-011	5.10902e-011	4.94351e-011	4.76384e-011	4.62705e-011	4.63903e-011	4.8358e-011	5.09469e-011	5.34136e-011	5.51067e-011	5.45034e-011	5.18076e-011	4.76649e-011	4.22655e-011	3.69811e-011	3.25294e-011	2.89938e-011	2.62758e-011	2.44176e-011	2.33415e-011	2.27666e-011	2.30828e-011	2.41203e-011	2.56662e-011	2.76366e-011	2.93226e-011	3.007e-011	2.94828e-011	2.80415e-011	2.59993e-011	2.41033e-011	2.35393e-011	2.4571e-011	2.70287e-011	3.03588e-011	3.39748e-011	3.66096e-011	3.79241e-011	3.78978e-011	3.67684e-011	3.56185e-011	3.52165e-011	3.60361e-011	3.76702e-011	4.00652e-011	4.24951e-011	4.35756e-011	4.37216e-011	4.29741e-011	4.11468e-011	3.94548e-011	3.81158e-011	3.67248e-011	3.56364e-011
3.27332e-011	3.60275e-011	3.84467e-011	4.06052e-011	4.22308e-011	4.33665e-011	4.49922e-011	4.7095e-011	4.95013e-011	5.19394e-011	5.37318e-011	5.41453e-011	5.36084e-011	5.18013e-011	4.94479e-011	4.77465e-011	4.66691e-011	4.61229e-011	4.53804e-011	4.35817e-011	4.02178e-011	3.48369e-011	2.84588e-011	2.22282e-011	1.76642e-011	1.60511e-011	1.75964e-011	2.17633e-011	2.66865e-011	3.07444e-011	3.2523e-011	3.15308e-011	2.87934e-011	2.50028e-011	2.22179e-011	2.16377e-011	2.32789e-011	2.68808e-011	3.08724e-011	3.46848e-011	3.69801e-011	3.74667e-011	3.67642e-011	3.54188e-011	3.41545e-011	3.36738e-011	3.37343e-011	3.36949e-011	3.36053e-011	3.22583e-011	2.97788e-011	2.78709e-011	2.59633e-011	2.47926e-011	2.52525e-011	2.60104e-011	2.64111e-011	2.57098e-011	2.30909e-011	1.86465e-011	1.37071e-011	9.70064e-012	8.01051e-012	9.84722e-012	1.48841e-011	2.22086e-011	3.01909e-011	3.72081e-011	4.23464e-011	4.44159e-011	4.47401e-011	4.43904e-011	4.35234e-011	4.41067e-011	4.63887e-011	4.93341e-011	5.27825e-011	5.57348e-011	5.69705e-011	5.66799e-011	5.50366e-011	5.21621e-011	4.91186e-011	4.61026e-011	4.31557e-011	4.03233e-011	3.74075e-011	3.4955e-011	3.2487e-011	3.07914e-011	3.06715e-011	3.14971e-011	3.34119e-011	3.55694e-011	3.6719e-011	3.61617e-011	3.39407e-011	3.04074e-011	2.67503e-011	2.45122e-011	2.45175e-011	2.73512e-011	3.26737e-011	3.95985e-011	4.64384e-011	5.15807e-011	5.47267e-011	5.52467e-011	5.35853e-011	5.14643e-011	4.96344e-011	4.87781e-011	4.96528e-011	5.14122e-011	5.2967e-011	5.38765e-011	5.30699e-011	5.0279e-011	4.63154e-011	4.12457e-011	3.57868e-011	3.06214e-011	2.59575e-011	2.20574e-011	1.87639e-011	1.67161e-011	1.59915e-011	1.65608e-011	1.88645e-011	2.21191e-011	2.5438e-011	2.83427e-011	3.01144e-011	3.02409e-011	2.92667e-011	2.77791e-011	2.66687e-011	2.6852e-011	2.87271e-011	3.24877e-011	3.67478e-011	4.0805e-011	4.37915e-011	4.46311e-011	4.38576e-011	4.21327e-011	3.99029e-011	3.86274e-011	3.88031e-011	3.97033e-011	4.13127e-011	4.30534e-011	4.34993e-011	4.30562e-011	4.19549e-011	3.98512e-011	3.78183e-011	3.6254e-011	3.46959e-011	3.32676e-011
3.6117e-011	3.76112e-011	3.86367e-011	3.9464e-011	4.06525e-011	4.2108e-011	4.44569e-011	4.77859e-011	5.14338e-011	5.45668e-011	5.65841e-011	5.65418e-011	5.47023e-011	5.20531e-011	4.89205e-011	4.66336e-011	4.57338e-011	4.58176e-011	4.61769e-011	4.54363e-011	4.29523e-011	3.79931e-011	3.16541e-011	2.54611e-011	2.0526e-011	1.84123e-011	1.91126e-011	2.20575e-011	2.59213e-011	2.89079e-011	3.03668e-011	2.96631e-011	2.75348e-011	2.49936e-011	2.30703e-011	2.271e-011	2.41706e-011	2.66742e-011	2.93146e-011	3.15746e-011	3.22986e-011	3.16753e-011	3.10144e-011	3.03093e-011	3.03208e-011	3.13053e-011	3.26165e-011	3.33657e-011	3.31602e-011	3.16866e-011	2.87085e-011	2.59586e-011	2.40537e-011	2.33973e-011	2.46775e-011	2.67448e-011	2.83326e-011	2.8395e-011	2.63886e-011	2.25351e-011	1.75797e-011	1.34751e-011	1.14494e-011	1.22816e-011	1.62477e-011	2.24125e-011	2.93438e-011	3.56598e-011	4.04296e-011	4.27128e-011	4.3396e-011	4.34705e-011	4.32178e-011	4.38979e-011	4.57262e-011	4.79733e-011	5.013e-011	5.15718e-011	5.21326e-011	5.12109e-011	4.96686e-011	4.78054e-011	4.58132e-011	4.39686e-011	4.191e-011	3.9314e-011	3.58555e-011	3.25247e-011	2.92796e-011	2.70026e-011	2.70057e-011	2.85673e-011	3.13443e-011	3.47256e-011	3.72239e-011	3.79385e-011	3.65767e-011	3.36438e-011	3.00548e-011	2.72838e-011	2.66557e-011	2.88121e-011	3.34694e-011	3.99152e-011	4.67651e-011	5.2081e-011	5.5494e-011	5.6333e-011	5.48227e-011	5.27374e-011	5.07384e-011	4.92815e-011	4.91359e-011	4.97289e-011	5.02625e-011	5.0176e-011	4.91653e-011	4.67185e-011	4.32146e-011	3.89831e-011	3.40727e-011	2.88353e-011	2.3537e-011	1.86324e-011	1.44072e-011	1.16333e-011	1.0676e-011	1.15273e-011	1.44432e-011	1.8867e-011	2.37159e-011	2.79932e-011	3.09037e-011	3.19699e-011	3.14718e-011	3.03243e-011	2.96126e-011	3.03337e-011	3.28243e-011	3.70862e-011	4.20164e-011	4.62771e-011	4.92251e-011	4.97552e-011	4.82874e-011	4.59072e-011	4.29594e-011	4.06421e-011	3.97645e-011	3.97082e-011	4.02267e-011	4.10328e-011	4.1036e-011	4.0171e-011	3.88468e-011	3.69836e-011	3.50383e-011	3.33454e-011	3.18173e-011	3.02314e-011
4.22676e-011	4.26845e-011	4.21263e-011	4.13103e-011	4.15869e-011	4.24751e-011	4.50439e-011	4.90513e-011	5.36468e-011	5.76567e-011	5.98206e-011	5.97857e-011	5.72201e-011	5.3296e-011	4.92805e-011	4.63451e-011	4.50265e-011	4.50894e-011	4.55411e-011	4.49541e-011	4.29413e-011	3.89449e-011	3.31528e-011	2.7826e-011	2.34134e-011	2.09396e-011	2.09441e-011	2.26359e-011	2.5176e-011	2.7165e-011	2.78248e-011	2.72245e-011	2.56834e-011	2.42038e-011	2.38079e-011	2.46206e-011	2.65374e-011	2.89833e-011	3.03985e-011	3.08885e-011	3.0518e-011	2.84146e-011	2.70133e-011	2.67827e-011	2.77272e-011	3.00549e-011	3.26752e-011	3.44403e-011	3.45139e-011	3.27852e-011	2.97237e-011	2.65428e-011	2.449e-011	2.40548e-011	2.53576e-011	2.76751e-011	2.97943e-011	3.03788e-011	2.88411e-011	2.56176e-011	2.10537e-011	1.68256e-011	1.45066e-011	1.46039e-011	1.73409e-011	2.21039e-011	2.75903e-011	3.26103e-011	3.63604e-011	3.85493e-011	3.94147e-011	4.00863e-011	4.08046e-011	4.22526e-011	4.42256e-011	4.62373e-011	4.77236e-011	4.77291e-011	4.72814e-011	4.60678e-011	4.45163e-011	4.36542e-011	4.3048e-011	4.23965e-011	4.14576e-011	3.9495e-011	3.63023e-011	3.27422e-011	2.91419e-011	2.6369e-011	2.5927e-011	2.74337e-011	3.05535e-011	3.45577e-011	3.79293e-011	3.97672e-011	3.91192e-011	3.66321e-011	3.32767e-011	3.00071e-011	2.85703e-011	2.98797e-011	3.35176e-011	3.88748e-011	4.47897e-011	4.94948e-011	5.24576e-011	5.37434e-011	5.27564e-011	5.11895e-011	4.9667e-011	4.80937e-011	4.72515e-011	4.67545e-011	4.6362e-011	4.55965e-011	4.42674e-011	4.24131e-011	3.97423e-011	3.63572e-011	3.25501e-011	2.79942e-011	2.28672e-011	1.7944e-011	1.30199e-011	9.20344e-012	7.80786e-012	8.48039e-012	1.16617e-011	1.69173e-011	2.28148e-011	2.82922e-011	3.21473e-011	3.3957e-011	3.38893e-011	3.281e-011	3.22411e-011	3.29965e-011	3.55455e-011	3.98768e-011	4.475e-011	4.8726e-011	5.14878e-011	5.19852e-011	5.00812e-011	4.71956e-011	4.37708e-011	4.0528e-011	3.85014e-011	3.74637e-011	3.69519e-011	3.6823e-011	3.64453e-011	3.54711e-011	3.4209e-011	3.27566e-011	3.14302e-011	3.01716e-011	2.89386e-011	2.75094e-011
5.03614e-011	4.99201e-011	4.82777e-011	4.5551e-011	4.40787e-011	4.41186e-011	4.62821e-011	5.03831e-011	5.54676e-011	6.00702e-011	6.22272e-011	6.19783e-011	5.93266e-011	5.47108e-011	5.01228e-011	4.64568e-011	4.41503e-011	4.33392e-011	4.32582e-011	4.24883e-011	4.06118e-011	3.76091e-011	3.30602e-011	2.86118e-011	2.53228e-011	2.34565e-011	2.32747e-011	2.43242e-011	2.57614e-011	2.63699e-011	2.60776e-011	2.52967e-011	2.41304e-011	2.3887e-011	2.50033e-011	2.74963e-011	3.04499e-011	3.31666e-011	3.43023e-011	3.31028e-011	3.09611e-011	2.79563e-011	2.54987e-011	2.51226e-011	2.66643e-011	2.96218e-011	3.29778e-011	3.54321e-011	3.59388e-011	3.43954e-011	3.1595e-011	2.83168e-011	2.59275e-011	2.53655e-011	2.6408e-011	2.84464e-011	3.04707e-011	3.11899e-011	2.99069e-011	2.70206e-011	2.30735e-011	1.92479e-011	1.70486e-011	1.68972e-011	1.89802e-011	2.23162e-011	2.63038e-011	2.97336e-011	3.1808e-011	3.34298e-011	3.45545e-011	3.58743e-011	3.79729e-011	4.05167e-011	4.30868e-011	4.51732e-011	4.61244e-011	4.55266e-011	4.41957e-011	4.25255e-011	4.09946e-011	4.05774e-011	4.08921e-011	4.13995e-011	4.15004e-011	4.05045e-011	3.80446e-011	3.44417e-011	3.06831e-011	2.76224e-011	2.64314e-011	2.75192e-011	3.05077e-011	3.45182e-011	3.82468e-011	4.05247e-011	4.0324e-011	3.82146e-011	3.52268e-011	3.19915e-011	3.04213e-011	3.08869e-011	3.33027e-011	3.71087e-011	4.12634e-011	4.50712e-011	4.75897e-011	4.88393e-011	4.88146e-011	4.80165e-011	4.70479e-011	4.60594e-011	4.50547e-011	4.39871e-011	4.30786e-011	4.16878e-011	3.98917e-011	3.84761e-011	3.65754e-011	3.43386e-011	3.18898e-011	2.85185e-011	2.39937e-011	1.90953e-011	1.3968e-011	9.31372e-012	7.07963e-012	7.33239e-012	1.03268e-011	1.58748e-011	2.23463e-011	2.8355e-011	3.25736e-011	3.47376e-011	3.50997e-011	3.40936e-011	3.36357e-011	3.4462e-011	3.6519e-011	4.03009e-011	4.48731e-011	4.84719e-011	5.08163e-011	5.12578e-011	4.92596e-011	4.60585e-011	4.23326e-011	3.86459e-011	3.58463e-011	3.39889e-011	3.26736e-011	3.15972e-011	3.07037e-011	2.98115e-011	2.89613e-011	2.83869e-011	2.80283e-011	2.76037e-011	2.6887e-011	2.57803e-011
5.94092e-011	5.82726e-011	5.52755e-011	5.13854e-011	4.80734e-011	4.67101e-011	4.79003e-011	5.11433e-011	5.55446e-011	5.99135e-011	6.19851e-011	6.17751e-011	5.94464e-011	5.47215e-011	4.97584e-011	4.56429e-011	4.24518e-011	4.06259e-011	3.95787e-011	3.8313e-011	3.64514e-011	3.38539e-011	3.06191e-011	2.79064e-011	2.62948e-011	2.57193e-011	2.66133e-011	2.75064e-011	2.84194e-011	2.79841e-011	2.62182e-011	2.49934e-011	2.40925e-011	2.47833e-011	2.75977e-011	3.16381e-011	3.58815e-011	3.90701e-011	3.98675e-011	3.81002e-011	3.4583e-011	3.03452e-011	2.69027e-011	2.56737e-011	2.66267e-011	2.94062e-011	3.26355e-011	3.53071e-011	3.63327e-011	3.49582e-011	3.24038e-011	2.95675e-011	2.70938e-011	2.62614e-011	2.69628e-011	2.84735e-011	2.99166e-011	3.03216e-011	2.89026e-011	2.6278e-011	2.31477e-011	2.02619e-011	1.91028e-011	1.94831e-011	2.13285e-011	2.36823e-011	2.58415e-011	2.77687e-011	2.86926e-011	2.92054e-011	3.04732e-011	3.24326e-011	3.55871e-011	3.94788e-011	4.29831e-011	4.55271e-011	4.65399e-011	4.55978e-011	4.3611e-011	4.15268e-011	3.96475e-011	3.91071e-011	3.98026e-011	4.10368e-011	4.1962e-011	4.16857e-011	3.9906e-011	3.66048e-011	3.27181e-011	2.94716e-011	2.78132e-011	2.83854e-011	3.08228e-011	3.42695e-011	3.73788e-011	3.93363e-011	3.94886e-011	3.78458e-011	3.55543e-011	3.30788e-011	3.1468e-011	3.13969e-011	3.27735e-011	3.51688e-011	3.78292e-011	4.0255e-011	4.21076e-011	4.31599e-011	4.38222e-011	4.4039e-011	4.40482e-011	4.39814e-011	4.36534e-011	4.26063e-011	4.13743e-011	3.97214e-011	3.75464e-011	3.6127e-011	3.49359e-011	3.37561e-011	3.25191e-011	3.03159e-011	2.67159e-011	2.19185e-011	1.65423e-011	1.16536e-011	8.6938e-012	8.36519e-012	1.0792e-011	1.56943e-011	2.16364e-011	2.74427e-011	3.1731e-011	3.40434e-011	3.47658e-011	3.4002e-011	3.33791e-011	3.40268e-011	3.57501e-011	3.88619e-011	4.27317e-011	4.5868e-011	4.76859e-011	4.78331e-011	4.60115e-011	4.29967e-011	3.95175e-011	3.60448e-011	3.29969e-011	3.03852e-011	2.8525e-011	2.68116e-011	2.53102e-011	2.46825e-011	2.44195e-011	2.47508e-011	2.57023e-011	2.63547e-011	2.62773e-011	2.55232e-011
6.71736e-011	6.6023e-011	6.24558e-011	5.76709e-011	5.28425e-011	4.97141e-011	4.90691e-011	5.06702e-011	5.37497e-011	5.71541e-011	5.90406e-011	5.88383e-011	5.67634e-011	5.2752e-011	4.80665e-011	4.37427e-011	4.02326e-011	3.76447e-011	3.54766e-011	3.35773e-011	3.10949e-011	2.86594e-011	2.67361e-011	2.5798e-011	2.66714e-011	2.84418e-011	3.06946e-011	3.2333e-011	3.27931e-011	3.16352e-011	2.90551e-011	2.68053e-011	2.5946e-011	2.7166e-011	3.08884e-011	3.61519e-011	4.14855e-011	4.50189e-011	4.60196e-011	4.39742e-011	3.94354e-011	3.41414e-011	2.94405e-011	2.66592e-011	2.64433e-011	2.83702e-011	3.08578e-011	3.31848e-011	3.44256e-011	3.32716e-011	3.11534e-011	2.88936e-011	2.68291e-011	2.63724e-011	2.69914e-011	2.80191e-011	2.86116e-011	2.82403e-011	2.68243e-011	2.45089e-011	2.24459e-011	2.1163e-011	2.11366e-011	2.25479e-011	2.48159e-011	2.67749e-011	2.78986e-011	2.84004e-011	2.79742e-011	2.76739e-011	2.87417e-011	3.09208e-011	3.46299e-011	3.94096e-011	4.38961e-011	4.70123e-011	4.82898e-011	4.74073e-011	4.4816e-011	4.20099e-011	3.97653e-011	3.87723e-011	3.92748e-011	4.0666e-011	4.18617e-011	4.17988e-011	4.03917e-011	3.75159e-011	3.39441e-011	3.11398e-011	2.94706e-011	2.94933e-011	3.11466e-011	3.35934e-011	3.5995e-011	3.73778e-011	3.75406e-011	3.64905e-011	3.47875e-011	3.3328e-011	3.244e-011	3.2386e-011	3.33526e-011	3.48053e-011	3.59837e-011	3.73054e-011	3.81869e-011	3.85219e-011	3.93889e-011	4.04689e-011	4.16588e-011	4.27827e-011	4.33304e-011	4.28344e-011	4.14025e-011	3.94629e-011	3.72622e-011	3.5616e-011	3.48048e-011	3.43282e-011	3.37413e-011	3.23014e-011	2.94951e-011	2.51349e-011	2.00348e-011	1.5187e-011	1.16035e-011	1.04338e-011	1.18816e-011	1.56644e-011	2.07524e-011	2.58249e-011	2.97826e-011	3.20329e-011	3.27529e-011	3.23503e-011	3.19372e-011	3.24176e-011	3.40796e-011	3.66818e-011	3.95568e-011	4.22406e-011	4.35007e-011	4.3251e-011	4.1947e-011	3.95112e-011	3.65732e-011	3.3729e-011	3.08598e-011	2.78965e-011	2.55096e-011	2.32872e-011	2.14847e-011	2.10489e-011	2.14159e-011	2.24984e-011	2.4431e-011	2.61075e-011	2.68135e-011	2.65502e-011
7.21787e-011	7.16013e-011	6.78048e-011	6.24581e-011	5.64893e-011	5.16032e-011	4.9063e-011	4.86899e-011	4.99632e-011	5.20566e-011	5.33778e-011	5.29623e-011	5.11942e-011	4.80574e-011	4.45009e-011	4.11903e-011	3.80914e-011	3.53254e-011	3.21996e-011	2.92072e-011	2.63191e-011	2.38198e-011	2.30428e-011	2.40783e-011	2.69259e-011	3.13471e-011	3.55315e-011	3.827e-011	3.88464e-011	3.72523e-011	3.41311e-011	3.11417e-011	2.9681e-011	3.07948e-011	3.44825e-011	3.99696e-011	4.59762e-011	4.9857e-011	5.09303e-011	4.89069e-011	4.36002e-011	3.72162e-011	3.1421e-011	2.71312e-011	2.54543e-011	2.59838e-011	2.72734e-011	2.84039e-011	2.90108e-011	2.80764e-011	2.6746e-011	2.58927e-011	2.50936e-011	2.53623e-011	2.63928e-011	2.73172e-011	2.75242e-011	2.64447e-011	2.49376e-011	2.31072e-011	2.18151e-011	2.233e-011	2.41494e-011	2.68418e-011	3.00565e-011	3.23465e-011	3.28471e-011	3.26501e-011	3.1028e-011	2.92657e-011	2.95484e-011	3.14837e-011	3.52425e-011	4.03936e-011	4.54439e-011	4.91305e-011	5.04368e-011	4.95027e-011	4.67561e-011	4.33075e-011	4.0578e-011	3.91001e-011	3.88682e-011	3.95323e-011	4.02854e-011	3.99995e-011	3.87438e-011	3.66593e-011	3.37116e-011	3.14099e-011	3.03716e-011	3.03861e-011	3.15342e-011	3.31245e-011	3.46407e-011	3.54017e-011	3.53978e-011	3.47652e-011	3.39099e-011	3.34758e-011	3.38159e-011	3.47028e-011	3.57406e-011	3.69477e-011	3.70563e-011	3.66056e-011	3.64765e-011	3.62012e-011	3.66479e-011	3.827e-011	4.03296e-011	4.24479e-011	4.38294e-011	4.39323e-011	4.26965e-011	4.07127e-011	3.85135e-011	3.66839e-011	3.57003e-011	3.53156e-011	3.49576e-011	3.38717e-011	3.16497e-011	2.79116e-011	2.30911e-011	1.83487e-011	1.46051e-011	1.27703e-011	1.32792e-011	1.60058e-011	1.99943e-011	2.39877e-011	2.74157e-011	2.9155e-011	2.97317e-011	2.98534e-011	3.0006e-011	3.08207e-011	3.26065e-011	3.50213e-011	3.71207e-011	3.90033e-011	3.99577e-011	3.95662e-011	3.85398e-011	3.68956e-011	3.47005e-011	3.25214e-011	3.01242e-011	2.73364e-011	2.47712e-011	2.22595e-011	2.01648e-011	1.94894e-011	2.0095e-011	2.18114e-011	2.4397e-011	2.68449e-011	2.82963e-011	2.82608e-011
7.40952e-011	7.42036e-011	7.06033e-011	6.49502e-011	5.84449e-011	5.25914e-011	4.85896e-011	4.65749e-011	4.60029e-011	4.5891e-011	4.58818e-011	4.52187e-011	4.38588e-011	4.22552e-011	4.03352e-011	3.84528e-011	3.64542e-011	3.39576e-011	3.05721e-011	2.65964e-011	2.30141e-011	2.04666e-011	2.01482e-011	2.2613e-011	2.74039e-011	3.34435e-011	3.93431e-011	4.36871e-011	4.49763e-011	4.34525e-011	4.00131e-011	3.60924e-011	3.36626e-011	3.40444e-011	3.72428e-011	4.23971e-011	4.82433e-011	5.22374e-011	5.30037e-011	5.07634e-011	4.52787e-011	3.85611e-011	3.23268e-011	2.71629e-011	2.39816e-011	2.25114e-011	2.20834e-011	2.18894e-011	2.14854e-011	2.10039e-011	2.05742e-011	2.0998e-011	2.23945e-011	2.42867e-011	2.61298e-011	2.7416e-011	2.74813e-011	2.61379e-011	2.46097e-011	2.31321e-011	2.27604e-011	2.44772e-011	2.79649e-011	3.2446e-011	3.67397e-011	3.9727e-011	4.02216e-011	3.8829e-011	3.62601e-011	3.34806e-011	3.22592e-011	3.33317e-011	3.6793e-011	4.15427e-011	4.63503e-011	5.00491e-011	5.1117e-011	5.01556e-011	4.77392e-011	4.40005e-011	4.09327e-011	3.89508e-011	3.77575e-011	3.74689e-011	3.73318e-011	3.66226e-011	3.53334e-011	3.37877e-011	3.20331e-011	3.08452e-011	3.05611e-011	3.13092e-011	3.26381e-011	3.38253e-011	3.50058e-011	3.49378e-011	3.42519e-011	3.40352e-011	3.39347e-011	3.47033e-011	3.649e-011	3.85036e-011	4.00875e-011	4.10427e-011	4.06357e-011	3.89696e-011	3.73596e-011	3.61755e-011	3.60777e-011	3.74332e-011	3.96278e-011	4.20759e-011	4.38271e-011	4.45842e-011	4.3922e-011	4.20098e-011	3.99407e-011	3.80438e-011	3.67162e-011	3.6123e-011	3.5698e-011	3.4683e-011	3.27156e-011	2.9476e-011	2.51457e-011	2.0868e-011	1.74061e-011	1.57346e-011	1.59518e-011	1.78066e-011	2.07978e-011	2.3283e-011	2.54261e-011	2.69558e-011	2.74146e-011	2.79215e-011	2.88624e-011	3.02246e-011	3.22839e-011	3.46487e-011	3.64726e-011	3.77871e-011	3.82453e-011	3.76468e-011	3.67547e-011	3.5601e-011	3.41509e-011	3.26209e-011	3.08125e-011	2.83802e-011	2.55531e-011	2.28243e-011	2.05214e-011	1.94626e-011	2.006e-011	2.20731e-011	2.50503e-011	2.79713e-011	2.98092e-011	2.99017e-011
7.23156e-011	7.26635e-011	6.95083e-011	6.46005e-011	5.87981e-011	5.28226e-011	4.80455e-011	4.43535e-011	4.20048e-011	4.01961e-011	3.84174e-011	3.73689e-011	3.6471e-011	3.61612e-011	3.64405e-011	3.64115e-011	3.56939e-011	3.40782e-011	3.08797e-011	2.65955e-011	2.26001e-011	1.95158e-011	1.90284e-011	2.18122e-011	2.75894e-011	3.51941e-011	4.23974e-011	4.78636e-011	5.00753e-011	4.85521e-011	4.48481e-011	4.02867e-011	3.68587e-011	3.63321e-011	3.85703e-011	4.25904e-011	4.72428e-011	5.05351e-011	5.08896e-011	4.86719e-011	4.38817e-011	3.73941e-011	3.12643e-011	2.58487e-011	2.16171e-011	1.86009e-011	1.62953e-011	1.461e-011	1.33252e-011	1.30034e-011	1.37714e-011	1.57594e-011	1.89096e-011	2.29067e-011	2.6388e-011	2.86631e-011	2.93283e-011	2.80456e-011	2.62896e-011	2.51052e-011	2.54056e-011	2.81601e-011	3.2937e-011	3.87604e-011	4.41199e-011	4.75756e-011	4.83135e-011	4.61818e-011	4.25852e-011	3.90032e-011	3.65635e-011	3.63916e-011	3.85278e-011	4.19684e-011	4.5699e-011	4.87035e-011	4.95895e-011	4.85743e-011	4.64714e-011	4.31673e-011	4.00174e-011	3.7638e-011	3.58252e-011	3.45419e-011	3.3467e-011	3.22687e-011	3.07715e-011	2.94899e-011	2.87436e-011	2.91746e-011	3.06291e-011	3.27108e-011	3.49193e-011	3.6215e-011	3.70027e-011	3.67179e-011	3.54526e-011	3.5179e-011	3.56883e-011	3.73387e-011	4.04218e-011	4.35901e-011	4.59603e-011	4.69566e-011	4.62033e-011	4.38761e-011	4.12211e-011	3.86626e-011	3.71986e-011	3.74435e-011	3.89375e-011	4.11733e-011	4.28961e-011	4.38679e-011	4.38716e-011	4.23043e-011	4.04435e-011	3.86995e-011	3.72217e-011	3.63694e-011	3.56679e-011	3.44284e-011	3.23315e-011	2.94308e-011	2.58022e-011	2.25829e-011	2.0251e-011	1.91994e-011	1.96099e-011	2.09045e-011	2.30175e-011	2.47155e-011	2.55321e-011	2.63829e-011	2.67885e-011	2.7558e-011	2.92452e-011	3.1377e-011	3.38746e-011	3.64973e-011	3.81935e-011	3.88922e-011	3.90213e-011	3.79776e-011	3.6733e-011	3.57606e-011	3.47704e-011	3.36805e-011	3.21836e-011	3.00448e-011	2.7166e-011	2.40782e-011	2.15853e-011	2.02967e-011	2.0791e-011	2.28464e-011	2.57705e-011	2.86122e-011	3.0453e-011	3.06946e-011
6.79821e-011	6.83899e-011	6.62734e-011	6.23222e-011	5.77086e-011	5.25747e-011	4.77055e-011	4.30905e-011	3.92002e-011	3.57444e-011	3.27156e-011	3.11311e-011	3.03415e-011	3.07701e-011	3.24914e-011	3.45241e-011	3.57104e-011	3.53339e-011	3.28771e-011	2.84706e-011	2.38168e-011	2.0151e-011	1.90612e-011	2.16493e-011	2.75609e-011	3.56984e-011	4.35647e-011	4.94847e-011	5.21541e-011	5.06827e-011	4.70932e-011	4.26854e-011	3.8614e-011	3.72148e-011	3.82039e-011	4.06921e-011	4.37427e-011	4.59105e-011	4.58924e-011	4.3698e-011	3.98139e-011	3.45223e-011	2.90337e-011	2.38951e-011	1.94703e-011	1.54712e-011	1.20301e-011	9.21036e-012	6.82659e-012	6.11388e-012	7.54431e-012	1.1036e-011	1.63415e-011	2.23378e-011	2.77255e-011	3.13002e-011	3.26323e-011	3.18171e-011	2.99001e-011	2.86816e-011	2.9322e-011	3.25183e-011	3.79981e-011	4.4535e-011	5.0242e-011	5.37386e-011	5.46149e-011	5.23737e-011	4.81782e-011	4.39055e-011	4.02901e-011	3.85271e-011	3.9003e-011	4.07695e-011	4.30027e-011	4.49706e-011	4.55378e-011	4.46346e-011	4.27602e-011	4.01522e-011	3.76992e-011	3.56245e-011	3.38052e-011	3.20688e-011	2.99899e-011	2.81269e-011	2.64305e-011	2.53735e-011	2.59161e-011	2.78345e-011	3.11031e-011	3.50754e-011	3.85775e-011	4.07018e-011	4.13009e-011	4.05969e-011	3.9221e-011	3.86158e-011	3.92637e-011	4.14342e-011	4.4847e-011	4.86917e-011	5.18523e-011	5.30036e-011	5.22012e-011	4.94626e-011	4.54258e-011	4.1593e-011	3.87256e-011	3.72656e-011	3.7459e-011	3.88723e-011	4.0161e-011	4.10199e-011	4.12664e-011	4.01449e-011	3.90124e-011	3.80321e-011	3.68467e-011	3.60876e-011	3.51091e-011	3.37468e-011	3.16231e-011	2.89667e-011	2.6402e-011	2.42332e-011	2.32042e-011	2.35443e-011	2.47118e-011	2.61466e-011	2.7856e-011	2.87324e-011	2.87166e-011	2.90099e-011	2.89398e-011	2.95012e-011	3.14824e-011	3.41296e-011	3.70347e-011	3.97462e-011	4.151e-011	4.17268e-011	4.1022e-011	3.96451e-011	3.79988e-011	3.66629e-011	3.56986e-011	3.47287e-011	3.31569e-011	3.10265e-011	2.82301e-011	2.49953e-011	2.25974e-011	2.13521e-011	2.15564e-011	2.34718e-011	2.62263e-011	2.89189e-011	3.06781e-011	3.09315e-011
6.27652e-011	6.3018e-011	6.18476e-011	5.93174e-011	5.59035e-011	5.20917e-011	4.81411e-011	4.37119e-011	3.93515e-011	3.47304e-011	3.01434e-011	2.7438e-011	2.63245e-011	2.7104e-011	3.00086e-011	3.34799e-011	3.63698e-011	3.72474e-011	3.55126e-011	3.14155e-011	2.61426e-011	2.1864e-011	2.01882e-011	2.20576e-011	2.72817e-011	3.46932e-011	4.20371e-011	4.75639e-011	5.04845e-011	4.94528e-011	4.62123e-011	4.24517e-011	3.84659e-011	3.63097e-011	3.61568e-011	3.72171e-011	3.87048e-011	3.96895e-011	3.91851e-011	3.70824e-011	3.3849e-011	3.00512e-011	2.62173e-011	2.23647e-011	1.87191e-011	1.4633e-011	1.0013e-011	6.27799e-012	3.05474e-012	1.56854e-012	3.46409e-012	7.93334e-012	1.48266e-011	2.28203e-011	2.99281e-011	3.46334e-011	3.65034e-011	3.60691e-011	3.43905e-011	3.30919e-011	3.3844e-011	3.69805e-011	4.20072e-011	4.83731e-011	5.41156e-011	5.73771e-011	5.81452e-011	5.60357e-011	5.14574e-011	4.65526e-011	4.22147e-011	3.90701e-011	3.79815e-011	3.82715e-011	3.88054e-011	3.92297e-011	3.91206e-011	3.81307e-011	3.69055e-011	3.56494e-011	3.43601e-011	3.3376e-011	3.21086e-011	3.04339e-011	2.79706e-011	2.53231e-011	2.33917e-011	2.25353e-011	2.39174e-011	2.75358e-011	3.24992e-011	3.79226e-011	4.28299e-011	4.59712e-011	4.69733e-011	4.6352e-011	4.4814e-011	4.35998e-011	4.37886e-011	4.5821e-011	4.91899e-011	5.30715e-011	5.65281e-011	5.78813e-011	5.68758e-011	5.3899e-011	4.90373e-011	4.39641e-011	3.98529e-011	3.69817e-011	3.55059e-011	3.52692e-011	3.55597e-011	3.57866e-011	3.61055e-011	3.59917e-011	3.57262e-011	3.59769e-011	3.59762e-011	3.57353e-011	3.48925e-011	3.34926e-011	3.1426e-011	2.90179e-011	2.73112e-011	2.65168e-011	2.69083e-011	2.85607e-011	3.114e-011	3.34132e-011	3.51612e-011	3.57301e-011	3.48112e-011	3.39466e-011	3.33123e-011	3.33682e-011	3.49837e-011	3.76819e-011	4.08584e-011	4.33872e-011	4.48916e-011	4.50076e-011	4.35127e-011	4.15282e-011	3.95147e-011	3.75082e-011	3.60021e-011	3.47164e-011	3.27471e-011	3.04201e-011	2.78519e-011	2.47196e-011	2.23774e-011	2.15806e-011	2.20022e-011	2.3881e-011	2.65306e-011	2.9111e-011	3.06981e-011	3.09353e-011
5.82347e-011	5.78259e-011	5.6934e-011	5.54663e-011	5.37975e-011	5.17873e-011	4.91736e-011	4.56769e-011	4.10185e-011	3.57719e-011	3.02799e-011	2.61214e-011	2.43182e-011	2.50521e-011	2.84093e-011	3.2863e-011	3.67006e-011	3.83689e-011	3.72447e-011	3.37386e-011	2.86702e-011	2.42384e-011	2.20156e-011	2.2811e-011	2.67238e-011	3.25057e-011	3.87124e-011	4.35302e-011	4.5999e-011	4.55593e-011	4.30451e-011	3.97322e-011	3.65568e-011	3.45972e-011	3.38946e-011	3.42235e-011	3.43053e-011	3.35679e-011	3.26303e-011	3.05112e-011	2.80359e-011	2.60757e-011	2.40613e-011	2.2023e-011	1.96068e-011	1.60145e-011	1.09731e-011	6.17229e-012	1.99613e-012	0	1.86851e-012	6.89182e-012	1.44171e-011	2.31013e-011	3.10277e-011	3.68069e-011	3.92598e-011	3.93856e-011	3.82731e-011	3.67607e-011	3.70772e-011	3.99637e-011	4.42791e-011	4.9816e-011	5.50489e-011	5.78064e-011	5.81493e-011	5.5986e-011	5.14348e-011	4.66087e-011	4.22521e-011	3.86426e-011	3.64252e-011	3.5034e-011	3.41819e-011	3.30488e-011	3.19312e-011	3.11286e-011	3.05409e-011	3.08072e-011	3.14524e-011	3.18639e-011	3.15886e-011	3.03287e-011	2.78208e-011	2.49199e-011	2.27944e-011	2.20564e-011	2.37159e-011	2.79802e-011	3.41728e-011	4.09743e-011	4.69119e-011	5.11498e-011	5.27813e-011	5.21356e-011	5.04565e-011	4.86911e-011	4.80438e-011	4.93634e-011	5.22167e-011	5.55962e-011	5.86585e-011	5.98645e-011	5.85955e-011	5.55503e-011	5.07149e-011	4.51793e-011	4.01933e-011	3.5977e-011	3.29575e-011	3.08893e-011	2.97998e-011	2.93909e-011	2.95547e-011	3.05112e-011	3.18648e-011	3.34359e-011	3.48446e-011	3.5732e-011	3.5522e-011	3.44524e-011	3.26264e-011	3.05104e-011	2.93116e-011	2.94572e-011	3.13655e-011	3.45534e-011	3.82979e-011	4.17259e-011	4.36482e-011	4.39439e-011	4.26829e-011	4.04293e-011	3.85806e-011	3.80449e-011	3.88496e-011	4.09358e-011	4.37261e-011	4.57305e-011	4.67639e-011	4.66729e-011	4.47939e-011	4.23434e-011	3.99146e-011	3.7279e-011	3.50532e-011	3.31053e-011	3.07268e-011	2.81073e-011	2.54994e-011	2.29437e-011	2.12399e-011	2.09265e-011	2.20026e-011	2.43915e-011	2.71353e-011	2.98106e-011	3.12682e-011	3.13583e-011
5.56313e-011	5.42638e-011	5.3064e-011	5.23527e-011	5.19301e-011	5.17158e-011	5.06817e-011	4.82538e-011	4.39404e-011	3.81956e-011	3.2188e-011	2.72335e-011	2.47096e-011	2.49419e-011	2.7784e-011	3.19993e-011	3.59538e-011	3.81691e-011	3.76641e-011	3.48832e-011	3.05161e-011	2.61775e-011	2.35603e-011	2.35161e-011	2.60059e-011	3.01642e-011	3.49034e-011	3.83843e-011	3.98937e-011	3.96521e-011	3.77867e-011	3.56368e-011	3.38579e-011	3.29016e-011	3.24613e-011	3.22533e-011	3.16812e-011	2.96867e-011	2.77192e-011	2.57181e-011	2.39598e-011	2.35464e-011	2.36422e-011	2.33095e-011	2.20807e-011	1.91879e-011	1.45259e-011	9.3108e-012	4.67279e-012	2.01384e-012	2.91748e-012	7.35179e-012	1.46105e-011	2.31783e-011	3.12168e-011	3.73952e-011	4.02613e-011	4.06825e-011	3.99123e-011	3.85407e-011	3.86276e-011	4.09223e-011	4.44509e-011	4.88001e-011	5.27693e-011	5.47359e-011	5.43726e-011	5.23495e-011	4.84372e-011	4.4257e-011	4.06185e-011	3.72831e-011	3.46122e-011	3.20003e-011	2.98377e-011	2.75922e-011	2.55679e-011	2.49095e-011	2.5242e-011	2.65716e-011	2.89432e-011	3.10574e-011	3.20566e-011	3.17613e-011	2.9781e-011	2.67658e-011	2.43685e-011	2.33928e-011	2.49157e-011	2.92888e-011	3.58097e-011	4.3427e-011	5.00824e-011	5.49834e-011	5.72353e-011	5.6476e-011	5.46194e-011	5.25691e-011	5.11894e-011	5.16583e-011	5.35116e-011	5.57282e-011	5.77712e-011	5.86531e-011	5.73236e-011	5.44514e-011	5.02213e-011	4.48612e-011	3.95172e-011	3.44937e-011	3.01401e-011	2.65706e-011	2.42957e-011	2.3183e-011	2.31929e-011	2.46143e-011	2.72272e-011	3.04968e-011	3.37069e-011	3.61489e-011	3.72369e-011	3.67517e-011	3.53231e-011	3.35054e-011	3.25778e-011	3.33692e-011	3.60843e-011	4.05159e-011	4.54237e-011	4.96572e-011	5.18692e-011	5.18888e-011	5.02163e-011	4.72364e-011	4.43222e-011	4.25694e-011	4.20432e-011	4.27877e-011	4.4486e-011	4.58091e-011	4.62251e-011	4.58384e-011	4.40061e-011	4.13407e-011	3.85737e-011	3.5646e-011	3.2808e-011	3.01411e-011	2.73539e-011	2.43973e-011	2.17473e-011	1.96928e-011	1.89322e-011	1.98414e-011	2.20634e-011	2.52613e-011	2.85767e-011	3.13881e-011	3.30617e-011	3.32721e-011
5.45402e-011	5.22853e-011	5.04422e-011	4.99023e-011	5.02918e-011	5.09917e-011	5.09831e-011	4.96086e-011	4.61237e-011	4.07197e-011	3.48999e-011	2.95777e-011	2.62395e-011	2.5646e-011	2.75554e-011	3.10972e-011	3.47045e-011	3.69324e-011	3.69251e-011	3.48044e-011	3.12506e-011	2.77183e-011	2.55119e-011	2.52982e-011	2.71111e-011	2.96397e-011	3.24199e-011	3.44843e-011	3.44044e-011	3.37271e-011	3.26437e-011	3.16928e-011	3.16367e-011	3.21007e-011	3.24864e-011	3.21977e-011	3.09286e-011	2.84145e-011	2.57187e-011	2.35413e-011	2.22856e-011	2.25708e-011	2.38819e-011	2.50849e-011	2.50501e-011	2.30803e-011	1.90891e-011	1.36798e-011	8.56208e-012	5.28614e-012	5.07578e-012	8.42993e-012	1.47346e-011	2.24181e-011	2.98161e-011	3.55461e-011	3.8429e-011	3.89622e-011	3.85676e-011	3.76933e-011	3.81332e-011	4.01835e-011	4.3123e-011	4.63626e-011	4.8687e-011	4.97319e-011	4.89909e-011	4.68618e-011	4.40774e-011	4.10663e-011	3.82675e-011	3.59412e-011	3.34428e-011	3.05198e-011	2.77135e-011	2.46233e-011	2.18486e-011	2.10477e-011	2.16842e-011	2.39048e-011	2.75525e-011	3.11196e-011	3.36049e-011	3.42023e-011	3.28191e-011	3.00011e-011	2.70955e-011	2.56005e-011	2.6595e-011	3.05564e-011	3.68559e-011	4.43001e-011	5.07062e-011	5.54739e-011	5.80972e-011	5.75429e-011	5.60076e-011	5.42843e-011	5.23859e-011	5.19386e-011	5.2694e-011	5.37159e-011	5.47303e-011	5.5018e-011	5.38352e-011	5.14283e-011	4.78204e-011	4.33574e-011	3.85013e-011	3.35074e-011	2.88859e-011	2.44396e-011	2.0753e-011	1.89015e-011	1.83123e-011	1.98427e-011	2.3485e-011	2.81826e-011	3.32835e-011	3.74636e-011	3.98714e-011	4.022e-011	3.90489e-011	3.73776e-011	3.6472e-011	3.7437e-011	4.05914e-011	4.53092e-011	5.03649e-011	5.50548e-011	5.77587e-011	5.76883e-011	5.58718e-011	5.24387e-011	4.83827e-011	4.53011e-011	4.33439e-011	4.24809e-011	4.27695e-011	4.32169e-011	4.30453e-011	4.22968e-011	4.05909e-011	3.82204e-011	3.56709e-011	3.28853e-011	2.99456e-011	2.67504e-011	2.35062e-011	2.03523e-011	1.76777e-011	1.6367e-011	1.66344e-011	1.87365e-011	2.25438e-011	2.70097e-011	3.11718e-011	3.43348e-011	3.60814e-011	3.64771e-011
5.54364e-011	5.206e-011	4.9313e-011	4.80429e-011	4.81532e-011	4.92375e-011	4.97491e-011	4.91485e-011	4.6867e-011	4.21703e-011	3.67194e-011	3.1709e-011	2.80388e-011	2.67488e-011	2.78164e-011	3.04873e-011	3.31876e-011	3.49262e-011	3.49765e-011	3.33662e-011	3.10777e-011	2.88863e-011	2.80632e-011	2.84003e-011	2.99789e-011	3.15172e-011	3.20658e-011	3.22759e-011	3.1174e-011	2.95508e-011	2.88623e-011	2.90091e-011	3.02128e-011	3.21491e-011	3.36032e-011	3.37913e-011	3.25328e-011	2.9753e-011	2.63953e-011	2.38477e-011	2.25785e-011	2.30942e-011	2.49336e-011	2.69885e-011	2.78984e-011	2.65852e-011	2.31344e-011	1.79713e-011	1.25525e-011	8.82665e-012	7.86695e-012	1.02018e-011	1.50764e-011	2.1366e-011	2.7194e-011	3.14765e-011	3.40301e-011	3.47245e-011	3.49112e-011	3.52535e-011	3.62808e-011	3.84083e-011	4.10695e-011	4.34452e-011	4.47308e-011	4.4697e-011	4.34948e-011	4.13835e-011	3.93886e-011	3.77131e-011	3.6335e-011	3.51428e-011	3.36102e-011	3.10133e-011	2.77957e-011	2.43592e-011	2.09505e-011	1.94641e-011	2.01453e-011	2.28469e-011	2.72534e-011	3.18877e-011	3.5462e-011	3.66991e-011	3.56523e-011	3.31355e-011	3.00169e-011	2.82727e-011	2.88265e-011	3.17324e-011	3.68268e-011	4.30972e-011	4.88264e-011	5.31231e-011	5.573e-011	5.58228e-011	5.46117e-011	5.32152e-011	5.15824e-011	5.0645e-011	5.04874e-011	5.06261e-011	5.05955e-011	5.0042e-011	4.89256e-011	4.68857e-011	4.42988e-011	4.1223e-011	3.76905e-011	3.34824e-011	2.90835e-011	2.43969e-011	1.95434e-011	1.66398e-011	1.55037e-011	1.67484e-011	2.09951e-011	2.68926e-011	3.31926e-011	3.86021e-011	4.21051e-011	4.33561e-011	4.25412e-011	4.12207e-011	4.04483e-011	4.09059e-011	4.36695e-011	4.82906e-011	5.30844e-011	5.75865e-011	6.06284e-011	6.06047e-011	5.86032e-011	5.50137e-011	5.02014e-011	4.59897e-011	4.28586e-011	4.0586e-011	3.92892e-011	3.85477e-011	3.76497e-011	3.65598e-011	3.53311e-011	3.36705e-011	3.18914e-011	2.9778e-011	2.71957e-011	2.39616e-011	2.02734e-011	1.69528e-011	1.43222e-011	1.3439e-011	1.49361e-011	1.83976e-011	2.33357e-011	2.90333e-011	3.41612e-011	3.78351e-011	3.9882e-011	4.04631e-011
5.66618e-011	5.23609e-011	4.8519e-011	4.61005e-011	4.54463e-011	4.61656e-011	4.68572e-011	4.67722e-011	4.52815e-011	4.15559e-011	3.71201e-011	3.30194e-011	2.98381e-011	2.88643e-011	2.9364e-011	3.12234e-011	3.27258e-011	3.32244e-011	3.32472e-011	3.21674e-011	3.11431e-011	3.09061e-011	3.15497e-011	3.29816e-011	3.47951e-011	3.56551e-011	3.51272e-011	3.35502e-011	3.08946e-011	2.82989e-011	2.73343e-011	2.77283e-011	2.97144e-011	3.24495e-011	3.49168e-011	3.58655e-011	3.46869e-011	3.1976e-011	2.83471e-011	2.52099e-011	2.36771e-011	2.40705e-011	2.59056e-011	2.81576e-011	2.93577e-011	2.8227e-011	2.5156e-011	2.05896e-011	1.55999e-011	1.2311e-011	1.11688e-011	1.25732e-011	1.58817e-011	2.00601e-011	2.42635e-011	2.71625e-011	2.87608e-011	2.96925e-011	3.04039e-011	3.18733e-011	3.4198e-011	3.69637e-011	3.979e-011	4.18458e-011	4.22292e-011	4.14288e-011	3.97997e-011	3.74766e-011	3.59333e-011	3.53124e-011	3.53308e-011	3.54763e-011	3.49296e-011	3.3034e-011	2.9677e-011	2.5717e-011	2.1993e-011	1.98804e-011	2.03131e-011	2.30504e-011	2.7433e-011	3.21109e-011	3.58654e-011	3.75213e-011	3.68889e-011	3.49092e-011	3.21193e-011	3.00445e-011	3.00113e-011	3.19368e-011	3.56746e-011	4.04469e-011	4.50003e-011	4.85494e-011	5.07723e-011	5.13508e-011	5.08484e-011	5.0063e-011	4.91339e-011	4.86497e-011	4.8199e-011	4.78269e-011	4.70664e-011	4.5591e-011	4.43163e-011	4.28126e-011	4.12415e-011	3.98068e-011	3.78103e-011	3.48455e-011	3.09735e-011	2.61382e-011	2.10203e-011	1.72265e-011	1.54195e-011	1.61984e-011	2.01102e-011	2.59836e-011	3.27465e-011	3.87811e-011	4.30687e-011	4.53141e-011	4.50085e-011	4.37742e-011	4.3046e-011	4.30334e-011	4.50127e-011	4.89096e-011	5.31297e-011	5.7141e-011	5.98882e-011	5.98291e-011	5.78461e-011	5.44788e-011	4.9704e-011	4.52181e-011	4.12237e-011	3.79099e-011	3.52281e-011	3.30189e-011	3.15558e-011	3.03323e-011	2.95332e-011	2.91165e-011	2.84644e-011	2.72639e-011	2.53801e-011	2.23612e-011	1.86416e-011	1.53067e-011	1.2756e-011	1.20957e-011	1.40211e-011	1.84374e-011	2.45382e-011	3.10676e-011	3.70461e-011	4.13568e-011	4.35095e-011	4.41637e-011
5.71179e-011	5.19875e-011	4.72575e-011	4.38697e-011	4.22609e-011	4.20502e-011	4.23165e-011	4.19188e-011	4.07223e-011	3.82351e-011	3.53548e-011	3.31915e-011	3.16267e-011	3.13674e-011	3.20051e-011	3.31056e-011	3.38014e-011	3.33836e-011	3.27904e-011	3.21256e-011	3.20303e-011	3.344e-011	3.59598e-011	3.88721e-011	4.13264e-011	4.23099e-011	4.08786e-011	3.8019e-011	3.39027e-011	2.96872e-011	2.75262e-011	2.74429e-011	2.95207e-011	3.25346e-011	3.54419e-011	3.71095e-011	3.60963e-011	3.34012e-011	2.99216e-011	2.65082e-011	2.48624e-011	2.50088e-011	2.62597e-011	2.78583e-011	2.87139e-011	2.76695e-011	2.49872e-011	2.14991e-011	1.75833e-011	1.48797e-011	1.42255e-011	1.53242e-011	1.7586e-011	2.00367e-011	2.23838e-011	2.37257e-011	2.44271e-011	2.53133e-011	2.65499e-011	2.89394e-011	3.25629e-011	3.65413e-011	3.98568e-011	4.21336e-011	4.22069e-011	4.03732e-011	3.81485e-011	3.5745e-011	3.42385e-011	3.43306e-011	3.5322e-011	3.64536e-011	3.66218e-011	3.52441e-011	3.21445e-011	2.81042e-011	2.43908e-011	2.19362e-011	2.1697e-011	2.38092e-011	2.75116e-011	3.16779e-011	3.50926e-011	3.68573e-011	3.65315e-011	3.48474e-011	3.27088e-011	3.08633e-011	3.03927e-011	3.1664e-011	3.42833e-011	3.74813e-011	4.08323e-011	4.31811e-011	4.44878e-011	4.53124e-011	4.56024e-011	4.59682e-011	4.64195e-011	4.67481e-011	4.66354e-011	4.59432e-011	4.47154e-011	4.28746e-011	4.11668e-011	4.0062e-011	3.93719e-011	3.90802e-011	3.84948e-011	3.68432e-011	3.37664e-011	2.95175e-011	2.45671e-011	2.0125e-011	1.75073e-011	1.73481e-011	2.01975e-011	2.54227e-011	3.18496e-011	3.8002e-011	4.2644e-011	4.53146e-011	4.56628e-011	4.46587e-011	4.37625e-011	4.35605e-011	4.49661e-011	4.78087e-011	5.12452e-011	5.41899e-011	5.61102e-011	5.62974e-011	5.4641e-011	5.18163e-011	4.79108e-011	4.3597e-011	3.92281e-011	3.52313e-011	3.15522e-011	2.82903e-011	2.6253e-011	2.50505e-011	2.45573e-011	2.51579e-011	2.57128e-011	2.55843e-011	2.47159e-011	2.23902e-011	1.8816e-011	1.54145e-011	1.27505e-011	1.201e-011	1.40922e-011	1.87375e-011	2.54598e-011	3.25865e-011	3.90643e-011	4.38162e-011	4.58521e-011	4.63766e-011
5.5594e-011	5.05436e-011	4.57443e-011	4.18091e-011	3.92918e-011	3.77629e-011	3.70043e-011	3.62244e-011	3.50737e-011	3.39217e-011	3.28416e-011	3.24839e-011	3.33377e-011	3.47201e-011	3.60567e-011	3.70041e-011	3.70066e-011	3.58262e-011	3.46444e-011	3.3781e-011	3.42414e-011	3.65755e-011	4.04002e-011	4.49774e-011	4.83135e-011	4.96199e-011	4.8014e-011	4.3619e-011	3.79852e-011	3.24839e-011	2.85125e-011	2.7296e-011	2.87126e-011	3.12185e-011	3.37186e-011	3.53079e-011	3.43757e-011	3.21835e-011	2.95885e-011	2.65684e-011	2.50074e-011	2.50409e-011	2.57807e-011	2.6725e-011	2.68699e-011	2.58149e-011	2.35816e-011	2.09095e-011	1.87221e-011	1.75638e-011	1.77855e-011	1.94591e-011	2.14815e-011	2.27245e-011	2.40844e-011	2.36226e-011	2.25645e-011	2.31142e-011	2.45568e-011	2.76404e-011	3.24779e-011	3.75395e-011	4.16081e-011	4.39511e-011	4.38878e-011	4.16536e-011	3.85992e-011	3.58228e-011	3.41998e-011	3.42264e-011	3.53992e-011	3.6832e-011	3.71996e-011	3.62662e-011	3.37771e-011	2.98333e-011	2.62136e-011	2.37944e-011	2.30117e-011	2.43704e-011	2.7182e-011	3.04544e-011	3.32181e-011	3.47413e-011	3.45439e-011	3.33262e-011	3.18383e-011	3.08324e-011	3.0943e-011	3.20644e-011	3.41481e-011	3.58748e-011	3.7323e-011	3.86787e-011	3.91719e-011	3.97314e-011	4.08646e-011	4.22454e-011	4.40423e-011	4.56256e-011	4.61979e-011	4.56608e-011	4.4233e-011	4.21105e-011	4.01654e-011	3.90447e-011	3.8672e-011	3.8993e-011	3.92679e-011	3.88109e-011	3.67746e-011	3.30918e-011	2.8481e-011	2.37483e-011	2.02996e-011	1.9166e-011	2.07629e-011	2.49039e-011	3.04891e-011	3.61565e-011	4.03755e-011	4.29517e-011	4.37571e-011	4.33657e-011	4.30054e-011	4.30989e-011	4.41563e-011	4.60368e-011	4.84244e-011	5.0562e-011	5.1678e-011	5.18199e-011	5.07373e-011	4.85483e-011	4.5699e-011	4.21516e-011	3.80819e-011	3.40381e-011	2.99702e-011	2.60415e-011	2.34453e-011	2.19514e-011	2.15676e-011	2.27123e-011	2.4243e-011	2.5289e-011	2.52683e-011	2.36163e-011	2.04365e-011	1.67369e-011	1.37404e-011	1.26529e-011	1.44912e-011	1.9071e-011	2.56485e-011	3.26263e-011	3.88517e-011	4.35722e-011	4.57052e-011	4.62407e-011
5.21616e-011	4.77733e-011	4.34575e-011	3.96143e-011	3.65776e-011	3.41945e-011	3.22056e-011	3.07353e-011	2.95373e-011	2.91204e-011	2.97984e-011	3.16572e-011	3.44362e-011	3.78506e-011	4.08319e-011	4.23172e-011	4.2286e-011	4.0442e-011	3.81546e-011	3.67692e-011	3.718e-011	4.00172e-011	4.46904e-011	5.01788e-011	5.4443e-011	5.59257e-011	5.41447e-011	4.90057e-011	4.2178e-011	3.5549e-011	3.02507e-011	2.73853e-011	2.70002e-011	2.80908e-011	2.94724e-011	3.04286e-011	2.99587e-011	2.82706e-011	2.66043e-011	2.503e-011	2.4209e-011	2.43491e-011	2.49622e-011	2.5324e-011	2.48308e-011	2.36529e-011	2.17126e-011	1.99572e-011	1.92616e-011	2.01593e-011	2.23539e-011	2.51836e-011	2.77309e-011	2.84317e-011	2.80853e-011	2.65468e-011	2.41978e-011	2.34699e-011	2.47074e-011	2.81044e-011	3.35364e-011	3.92927e-011	4.39739e-011	4.63055e-011	4.61254e-011	4.38209e-011	4.02283e-011	3.69678e-011	3.49069e-011	3.42221e-011	3.4879e-011	3.61111e-011	3.63457e-011	3.54734e-011	3.35236e-011	3.01067e-011	2.68974e-011	2.46735e-011	2.39395e-011	2.49273e-011	2.69823e-011	2.94802e-011	3.11124e-011	3.17901e-011	3.18129e-011	3.1122e-011	3.07129e-011	3.10222e-011	3.20348e-011	3.34973e-011	3.52676e-011	3.63173e-011	3.62268e-011	3.60939e-011	3.57135e-011	3.59281e-011	3.73744e-011	3.9551e-011	4.2206e-011	4.4722e-011	4.62766e-011	4.63128e-011	4.50466e-011	4.29154e-011	4.06202e-011	3.91652e-011	3.87574e-011	3.92879e-011	4.00434e-011	4.02281e-011	3.90515e-011	3.59822e-011	3.17152e-011	2.70972e-011	2.35203e-011	2.19335e-011	2.26552e-011	2.55614e-011	2.94487e-011	3.37201e-011	3.74054e-011	3.95957e-011	4.08334e-011	4.12587e-011	4.15006e-011	4.22356e-011	4.34309e-011	4.4861e-011	4.63688e-011	4.76621e-011	4.80793e-011	4.80413e-011	4.71822e-011	4.56214e-011	4.37194e-011	4.13137e-011	3.81726e-011	3.44148e-011	3.03978e-011	2.61475e-011	2.27543e-011	2.09108e-011	2.05436e-011	2.18473e-011	2.40297e-011	2.59118e-011	2.64625e-011	2.51838e-011	2.23204e-011	1.86133e-011	1.55353e-011	1.42576e-011	1.54318e-011	1.91997e-011	2.48955e-011	3.12459e-011	3.6967e-011	4.12424e-011	4.34934e-011	4.40728e-011
4.72189e-011	4.43277e-011	4.11189e-011	3.78375e-011	3.50355e-011	3.21989e-011	2.94531e-011	2.73415e-011	2.55199e-011	2.51699e-011	2.67707e-011	3.0444e-011	3.5666e-011	4.10355e-011	4.56636e-011	4.8168e-011	4.80226e-011	4.58744e-011	4.26636e-011	4.02199e-011	4.01769e-011	4.27639e-011	4.74052e-011	5.29865e-011	5.73574e-011	5.8722e-011	5.71121e-011	5.21059e-011	4.47762e-011	3.74336e-011	3.09511e-011	2.63759e-011	2.40496e-011	2.32478e-011	2.31776e-011	2.32262e-011	2.2948e-011	2.22254e-011	2.16833e-011	2.15339e-011	2.23944e-011	2.36007e-011	2.46497e-011	2.50206e-011	2.39679e-011	2.24084e-011	2.08026e-011	1.99219e-011	2.09576e-011	2.37629e-011	2.78883e-011	3.23026e-011	3.55304e-011	3.64945e-011	3.50087e-011	3.20307e-011	2.87119e-011	2.68182e-011	2.72051e-011	3.01642e-011	3.50383e-011	4.05356e-011	4.52884e-011	4.75812e-011	4.73624e-011	4.51556e-011	4.12681e-011	3.74843e-011	3.48659e-011	3.34138e-011	3.32034e-011	3.36862e-011	3.3541e-011	3.24492e-011	3.0611e-011	2.78805e-011	2.57635e-011	2.47119e-011	2.46544e-011	2.58748e-011	2.74126e-011	2.91589e-011	3.01728e-011	2.98912e-011	2.98689e-011	2.97929e-011	3.02956e-011	3.21963e-011	3.45756e-011	3.67685e-011	3.87071e-011	3.92735e-011	3.82841e-011	3.72907e-011	3.56487e-011	3.46728e-011	3.56984e-011	3.78742e-011	4.09915e-011	4.40996e-011	4.63274e-011	4.71146e-011	4.59948e-011	4.39169e-011	4.15636e-011	3.96734e-011	3.90206e-011	3.93945e-011	4.00142e-011	4.02081e-011	3.9342e-011	3.67415e-011	3.33681e-011	2.977e-011	2.6529e-011	2.49544e-011	2.50287e-011	2.68509e-011	2.95436e-011	3.20891e-011	3.47798e-011	3.66268e-011	3.79635e-011	3.92829e-011	4.04916e-011	4.19508e-011	4.38378e-011	4.54037e-011	4.64788e-011	4.73085e-011	4.68109e-011	4.59206e-011	4.51936e-011	4.40688e-011	4.2914e-011	4.14938e-011	3.92736e-011	3.6065e-011	3.2083e-011	2.77631e-011	2.39598e-011	2.17088e-011	2.12019e-011	2.23334e-011	2.44392e-011	2.63617e-011	2.71656e-011	2.62061e-011	2.37125e-011	2.03143e-011	1.71262e-011	1.55271e-011	1.61254e-011	1.90055e-011	2.36428e-011	2.89429e-011	3.38408e-011	3.75327e-011	3.9681e-011	4.03574e-011
4.12902e-011	3.98462e-011	3.84927e-011	3.68545e-011	3.49512e-011	3.23939e-011	2.89051e-011	2.59472e-011	2.35213e-011	2.26887e-011	2.483e-011	2.94987e-011	3.63489e-011	4.36172e-011	4.96281e-011	5.30193e-011	5.29273e-011	5.05678e-011	4.7046e-011	4.37579e-011	4.27825e-011	4.44915e-011	4.80618e-011	5.28215e-011	5.69737e-011	5.82499e-011	5.66992e-011	5.22754e-011	4.51492e-011	3.74936e-011	3.03874e-011	2.46038e-011	2.06342e-011	1.82286e-011	1.65728e-011	1.52391e-011	1.45403e-011	1.44527e-011	1.5455e-011	1.7599e-011	2.03551e-011	2.33092e-011	2.53562e-011	2.61016e-011	2.51289e-011	2.30782e-011	2.15803e-011	2.13456e-011	2.35249e-011	2.81296e-011	3.39924e-011	3.95568e-011	4.35264e-011	4.48334e-011	4.30607e-011	3.92869e-011	3.48873e-011	3.14371e-011	3.03611e-011	3.20661e-011	3.58076e-011	4.03851e-011	4.46331e-011	4.67757e-011	4.64354e-011	4.4262e-011	4.04651e-011	3.66171e-011	3.37444e-011	3.18015e-011	3.07555e-011	3.00474e-011	2.91943e-011	2.77236e-011	2.60249e-011	2.45303e-011	2.35992e-011	2.40731e-011	2.55917e-011	2.76217e-011	2.93963e-011	3.05703e-011	3.08053e-011	3.01827e-011	2.99308e-011	3.02699e-011	3.16374e-011	3.44913e-011	3.81646e-011	4.15278e-011	4.38564e-011	4.45038e-011	4.29262e-011	4.03726e-011	3.76857e-011	3.55182e-011	3.52257e-011	3.67783e-011	3.97196e-011	4.28819e-011	4.53649e-011	4.65379e-011	4.56302e-011	4.38662e-011	4.19058e-011	3.9895e-011	3.90623e-011	3.90181e-011	3.92267e-011	3.91303e-011	3.83184e-011	3.64365e-011	3.38303e-011	3.14217e-011	2.94139e-011	2.84186e-011	2.84399e-011	2.97454e-011	3.136e-011	3.27715e-011	3.45891e-011	3.55885e-011	3.65277e-011	3.84105e-011	4.05011e-011	4.29573e-011	4.56829e-011	4.77915e-011	4.86194e-011	4.87485e-011	4.78339e-011	4.60984e-011	4.48148e-011	4.37708e-011	4.29785e-011	4.20366e-011	4.04145e-011	3.77383e-011	3.39563e-011	2.99626e-011	2.62398e-011	2.35735e-011	2.27553e-011	2.34162e-011	2.50736e-011	2.67315e-011	2.74416e-011	2.66279e-011	2.43736e-011	2.13591e-011	1.84415e-011	1.67262e-011	1.69879e-011	1.93258e-011	2.2918e-011	2.71848e-011	3.11178e-011	3.36912e-011	3.54088e-011	3.63744e-011
3.57975e-011	3.59773e-011	3.63475e-011	3.66742e-011	3.6096e-011	3.41217e-011	3.0602e-011	2.65848e-011	2.32286e-011	2.18768e-011	2.37765e-011	2.87254e-011	3.6062e-011	4.37751e-011	5.05509e-011	5.5004e-011	5.53706e-011	5.32201e-011	4.98181e-011	4.58235e-011	4.37411e-011	4.42885e-011	4.65849e-011	5.01444e-011	5.35415e-011	5.46025e-011	5.30848e-011	4.90926e-011	4.28194e-011	3.60185e-011	2.93932e-011	2.35588e-011	1.85754e-011	1.41974e-011	1.11781e-011	8.47575e-012	6.86806e-012	7.47533e-012	9.67553e-012	1.39289e-011	1.92325e-011	2.41328e-011	2.74982e-011	2.87297e-011	2.78454e-011	2.57877e-011	2.42485e-011	2.43921e-011	2.7086e-011	3.21596e-011	3.91027e-011	4.58016e-011	5.02363e-011	5.19528e-011	5.02003e-011	4.55754e-011	4.02626e-011	3.55461e-011	3.26957e-011	3.27062e-011	3.50938e-011	3.8182e-011	4.11469e-011	4.2697e-011	4.20126e-011	4.00845e-011	3.71562e-011	3.38211e-011	3.1409e-011	2.94521e-011	2.7895e-011	2.62643e-011	2.44925e-011	2.27424e-011	2.11589e-011	2.07585e-011	2.17315e-011	2.38779e-011	2.69825e-011	3.04371e-011	3.29612e-011	3.43071e-011	3.43928e-011	3.32866e-011	3.24942e-011	3.2836e-011	3.46469e-011	3.81754e-011	4.26361e-011	4.69488e-011	4.96865e-011	5.02355e-011	4.85127e-011	4.47392e-011	4.0574e-011	3.73242e-011	3.57075e-011	3.59845e-011	3.7852e-011	4.02336e-011	4.21719e-011	4.34062e-011	4.30794e-011	4.17963e-011	4.0662e-011	3.93078e-011	3.84969e-011	3.82128e-011	3.80741e-011	3.76679e-011	3.67258e-011	3.54302e-011	3.38838e-011	3.25861e-011	3.20342e-011	3.25646e-011	3.35835e-011	3.51205e-011	3.6379e-011	3.65947e-011	3.71417e-011	3.74221e-011	3.75738e-011	3.93529e-011	4.19928e-011	4.52659e-011	4.86835e-011	5.12854e-011	5.24104e-011	5.18917e-011	5.02624e-011	4.80256e-011	4.59571e-011	4.43078e-011	4.31776e-011	4.1973e-011	4.0436e-011	3.83173e-011	3.48043e-011	3.1088e-011	2.79284e-011	2.52509e-011	2.41676e-011	2.44995e-011	2.56572e-011	2.68672e-011	2.73421e-011	2.65009e-011	2.44489e-011	2.18743e-011	1.96562e-011	1.86274e-011	1.90363e-011	2.11896e-011	2.39829e-011	2.67442e-011	2.97196e-011	3.15598e-011	3.23885e-011	3.34233e-011
3.14234e-011	3.28039e-011	3.50305e-011	3.69477e-011	3.76113e-011	3.64613e-011	3.3362e-011	2.91091e-011	2.51791e-011	2.29657e-011	2.3806e-011	2.78936e-011	3.46617e-011	4.23839e-011	4.92405e-011	5.40148e-011	5.51347e-011	5.33417e-011	4.99587e-011	4.59826e-011	4.33007e-011	4.27845e-011	4.40223e-011	4.60693e-011	4.78538e-011	4.84552e-011	4.68352e-011	4.35963e-011	3.89841e-011	3.36906e-011	2.84183e-011	2.32682e-011	1.81135e-011	1.24758e-011	7.85272e-012	3.87771e-012	1.34997e-012	2.28948e-012	5.70135e-012	1.12474e-011	1.82721e-011	2.4917e-011	2.97094e-011	3.18311e-011	3.15159e-011	2.96554e-011	2.77894e-011	2.77078e-011	3.05306e-011	3.56532e-011	4.26167e-011	4.98278e-011	5.44552e-011	5.6275e-011	5.45929e-011	4.9435e-011	4.35461e-011	3.82244e-011	3.41839e-011	3.26637e-011	3.30658e-011	3.43467e-011	3.54619e-011	3.59856e-011	3.52529e-011	3.37064e-011	3.20702e-011	3.0192e-011	2.85491e-011	2.70685e-011	2.54715e-011	2.3322e-011	2.09966e-011	1.89626e-011	1.75695e-011	1.77778e-011	2.00823e-011	2.41408e-011	2.91428e-011	3.40657e-011	3.7861e-011	3.9599e-011	3.96229e-011	3.83578e-011	3.68914e-011	3.67606e-011	3.85103e-011	4.21883e-011	4.69753e-011	5.16434e-011	5.45632e-011	5.48724e-011	5.28867e-011	4.87458e-011	4.37603e-011	3.93973e-011	3.62686e-011	3.4915e-011	3.50399e-011	3.60864e-011	3.72344e-011	3.8143e-011	3.85005e-011	3.82427e-011	3.79439e-011	3.77476e-011	3.76378e-011	3.75675e-011	3.74221e-011	3.68194e-011	3.56386e-011	3.45993e-011	3.38681e-011	3.4013e-011	3.52757e-011	3.73676e-011	3.9986e-011	4.21679e-011	4.3487e-011	4.33606e-011	4.2357e-011	4.13381e-011	4.08523e-011	4.20003e-011	4.45853e-011	4.81377e-011	5.16662e-011	5.44349e-011	5.58043e-011	5.50782e-011	5.3059e-011	5.02827e-011	4.71799e-011	4.46292e-011	4.26761e-011	4.08338e-011	3.89482e-011	3.68629e-011	3.38911e-011	3.0782e-011	2.80599e-011	2.59587e-011	2.52722e-011	2.56535e-011	2.66293e-011	2.73779e-011	2.72284e-011	2.64747e-011	2.47134e-011	2.2751e-011	2.15983e-011	2.13858e-011	2.23495e-011	2.46271e-011	2.70982e-011	2.8912e-011	3.06313e-011	3.14811e-011	3.17405e-011	3.25585e-011
2.87836e-011	3.03667e-011	3.33155e-011	3.65228e-011	3.8518e-011	3.83498e-011	3.60606e-011	3.19212e-011	2.75154e-011	2.44857e-011	2.41079e-011	2.69415e-011	3.2501e-011	3.93991e-011	4.5782e-011	5.01951e-011	5.16636e-011	5.03473e-011	4.76701e-011	4.44177e-011	4.2073e-011	4.10974e-011	4.1348e-011	4.22436e-011	4.22977e-011	4.19582e-011	4.04842e-011	3.79438e-011	3.52087e-011	3.2078e-011	2.84738e-011	2.45166e-011	1.97232e-011	1.39412e-011	8.4502e-012	3.4556e-012	8.56403e-014	3.02511e-013	3.69999e-012	9.92697e-012	1.7916e-011	2.56584e-011	3.17379e-011	3.46054e-011	3.46986e-011	3.31042e-011	3.09154e-011	3.03831e-011	3.27007e-011	3.7364e-011	4.37659e-011	5.03853e-011	5.45208e-011	5.58367e-011	5.44434e-011	4.95597e-011	4.38833e-011	3.87111e-011	3.40501e-011	3.12663e-011	2.97737e-011	2.92053e-011	2.88033e-011	2.81495e-011	2.74656e-011	2.66954e-011	2.60556e-011	2.59884e-011	2.59451e-011	2.54627e-011	2.45981e-011	2.25525e-011	1.96576e-011	1.74857e-011	1.60385e-011	1.65867e-011	1.98867e-011	2.51623e-011	3.19124e-011	3.8289e-011	4.31745e-011	4.56267e-011	4.54588e-011	4.38447e-011	4.20138e-011	4.12199e-011	4.25266e-011	4.57323e-011	4.98013e-011	5.40232e-011	5.68811e-011	5.69854e-011	5.49683e-011	5.0918e-011	4.54234e-011	4.02621e-011	3.59754e-011	3.29635e-011	3.14103e-011	3.09238e-011	3.11068e-011	3.15271e-011	3.2118e-011	3.28417e-011	3.39489e-011	3.52416e-011	3.65328e-011	3.75334e-011	3.77391e-011	3.73411e-011	3.61025e-011	3.5065e-011	3.50012e-011	3.61379e-011	3.91069e-011	4.3089e-011	4.72276e-011	5.03219e-011	5.18187e-011	5.15217e-011	4.98182e-011	4.77015e-011	4.61528e-011	4.6006e-011	4.75296e-011	5.0421e-011	5.36052e-011	5.61224e-011	5.75592e-011	5.68692e-011	5.45071e-011	5.13407e-011	4.75222e-011	4.39052e-011	4.09759e-011	3.83409e-011	3.57519e-011	3.32529e-011	3.04904e-011	2.8024e-011	2.64711e-011	2.55744e-011	2.57934e-011	2.68888e-011	2.80699e-011	2.88384e-011	2.84195e-011	2.74893e-011	2.61031e-011	2.47555e-011	2.46622e-011	2.56674e-011	2.75253e-011	3.01614e-011	3.26057e-011	3.40263e-011	3.49675e-011	3.47378e-011	3.39139e-011	3.38793e-011
2.74713e-011	2.87093e-011	3.18402e-011	3.55877e-011	3.86175e-011	3.94276e-011	3.78757e-011	3.4267e-011	2.97832e-011	2.63452e-011	2.52073e-011	2.69678e-011	3.09281e-011	3.62952e-011	4.13697e-011	4.4598e-011	4.60796e-011	4.55135e-011	4.38999e-011	4.21119e-011	4.06419e-011	3.98385e-011	3.94815e-011	3.9229e-011	3.83106e-011	3.69996e-011	3.541e-011	3.3498e-011	3.19691e-011	3.07773e-011	2.92598e-011	2.68983e-011	2.32904e-011	1.79818e-011	1.17812e-011	6.05157e-012	1.69425e-012	6.61335e-013	3.44952e-012	9.47873e-012	1.7626e-011	2.58451e-011	3.24417e-011	3.5679e-011	3.59343e-011	3.4566e-011	3.23867e-011	3.18144e-011	3.36683e-011	3.74383e-011	4.25832e-011	4.77594e-011	5.12503e-011	5.21852e-011	5.07343e-011	4.68875e-011	4.18879e-011	3.70169e-011	3.27569e-011	2.93385e-011	2.67416e-011	2.49105e-011	2.30517e-011	2.11912e-011	2.04267e-011	2.00651e-011	2.06267e-011	2.23114e-011	2.41178e-011	2.5249e-011	2.53413e-011	2.38488e-011	2.08133e-011	1.81023e-011	1.64412e-011	1.69522e-011	2.0641e-011	2.6864e-011	3.44292e-011	4.14232e-011	4.68703e-011	4.9943e-011	4.97334e-011	4.82379e-011	4.64368e-011	4.48028e-011	4.5216e-011	4.76011e-011	5.06118e-011	5.3943e-011	5.63886e-011	5.63244e-011	5.43322e-011	5.06225e-011	4.52834e-011	3.99383e-011	3.51834e-011	3.13515e-011	2.84427e-011	2.64092e-011	2.5515e-011	2.49256e-011	2.54423e-011	2.71053e-011	2.96409e-011	3.29556e-011	3.61435e-011	3.8496e-011	3.95019e-011	3.93327e-011	3.81679e-011	3.7063e-011	3.73099e-011	3.92729e-011	4.30281e-011	4.80428e-011	5.34245e-011	5.76067e-011	5.95666e-011	5.95356e-011	5.73703e-011	5.41621e-011	5.13642e-011	4.96465e-011	4.95559e-011	5.11967e-011	5.35644e-011	5.55172e-011	5.66803e-011	5.6027e-011	5.36023e-011	5.03558e-011	4.63925e-011	4.231e-011	3.84964e-011	3.4923e-011	3.15448e-011	2.83708e-011	2.58768e-011	2.40921e-011	2.36638e-011	2.46433e-011	2.64497e-011	2.86217e-011	3.05494e-011	3.15501e-011	3.1243e-011	3.02803e-011	2.91464e-011	2.84403e-011	2.89924e-011	3.09916e-011	3.39569e-011	3.70859e-011	3.97576e-011	4.09841e-011	4.07732e-011	3.96502e-011	3.78994e-011	3.64635e-011
2.69199e-011	2.74528e-011	3.03064e-011	3.4101e-011	3.73791e-011	3.86948e-011	3.784e-011	3.51896e-011	3.15302e-011	2.8732e-011	2.7403e-011	2.83216e-011	3.07436e-011	3.38337e-011	3.73179e-011	3.9562e-011	4.03972e-011	4.05498e-011	4.00682e-011	3.96725e-011	3.96615e-011	3.96873e-011	3.94768e-011	3.88487e-011	3.70767e-011	3.47786e-011	3.28214e-011	3.10041e-011	3.03117e-011	3.05109e-011	3.08164e-011	3.02216e-011	2.77551e-011	2.32075e-011	1.68338e-011	1.02156e-011	4.96904e-012	2.90211e-012	4.73376e-012	9.90227e-012	1.72336e-011	2.45603e-011	3.04477e-011	3.38094e-011	3.43114e-011	3.34728e-011	3.20818e-011	3.1446e-011	3.2863e-011	3.5909e-011	3.9848e-011	4.36634e-011	4.60632e-011	4.65323e-011	4.49989e-011	4.20057e-011	3.82891e-011	3.45985e-011	3.12894e-011	2.8479e-011	2.54882e-011	2.27147e-011	1.99684e-011	1.68722e-011	1.54045e-011	1.54455e-011	1.6964e-011	2.02092e-011	2.37902e-011	2.65045e-011	2.75828e-011	2.64661e-011	2.36944e-011	2.0581e-011	1.86504e-011	1.90324e-011	2.22447e-011	2.80992e-011	3.5566e-011	4.25652e-011	4.80498e-011	5.14869e-011	5.16549e-011	5.01136e-011	4.83377e-011	4.64112e-011	4.59688e-011	4.72682e-011	4.92489e-011	5.14575e-011	5.30043e-011	5.26957e-011	5.07047e-011	4.7538e-011	4.31087e-011	3.86741e-011	3.43107e-011	3.03299e-011	2.67054e-011	2.30675e-011	2.0906e-011	1.96264e-011	1.97354e-011	2.22406e-011	2.62272e-011	3.11177e-011	3.61832e-011	4.00521e-011	4.2104e-011	4.24264e-011	4.15745e-011	4.052e-011	4.05132e-011	4.24972e-011	4.66736e-011	5.20021e-011	5.7918e-011	6.31233e-011	6.55074e-011	6.56229e-011	6.34488e-011	5.92579e-011	5.51548e-011	5.21278e-011	5.03649e-011	5.03301e-011	5.13634e-011	5.21817e-011	5.25492e-011	5.20232e-011	4.99196e-011	4.72234e-011	4.38405e-011	3.98271e-011	3.56234e-011	3.12326e-011	2.71226e-011	2.34197e-011	2.08627e-011	2.00031e-011	2.08427e-011	2.32263e-011	2.69332e-011	3.07277e-011	3.37e-011	3.54637e-011	3.56255e-011	3.46945e-011	3.36986e-011	3.33511e-011	3.43945e-011	3.69133e-011	4.05669e-011	4.42638e-011	4.69515e-011	4.8161e-011	4.72694e-011	4.4907e-011	4.21673e-011	3.96197e-011
2.7521e-011	2.73672e-011	2.94835e-011	3.24048e-011	3.51384e-011	3.68454e-011	3.67224e-011	3.53794e-011	3.32477e-011	3.13716e-011	3.04891e-011	3.10481e-011	3.23403e-011	3.37341e-011	3.54035e-011	3.61146e-011	3.61395e-011	3.64559e-011	3.67369e-011	3.76306e-011	3.90214e-011	4.04633e-011	4.09205e-011	4.02479e-011	3.81701e-011	3.4906e-011	3.21669e-011	3.03009e-011	2.99411e-011	3.10746e-011	3.26575e-011	3.32554e-011	3.16406e-011	2.77389e-011	2.1827e-011	1.5166e-011	9.85088e-012	6.97267e-012	7.47602e-012	1.09762e-011	1.64479e-011	2.24473e-011	2.72069e-011	3.00502e-011	3.08171e-011	3.03381e-011	2.98575e-011	2.9998e-011	3.14143e-011	3.40845e-011	3.71867e-011	3.95541e-011	4.09189e-011	4.0716e-011	3.88795e-011	3.66634e-011	3.43471e-011	3.2401e-011	3.0704e-011	2.88936e-011	2.6304e-011	2.28459e-011	1.91795e-011	1.55057e-011	1.31652e-011	1.32405e-011	1.54258e-011	1.94256e-011	2.40491e-011	2.78182e-011	2.96161e-011	2.91137e-011	2.68521e-011	2.36805e-011	2.1286e-011	2.11495e-011	2.35529e-011	2.84317e-011	3.49842e-011	4.14384e-011	4.6539e-011	4.97942e-011	5.03551e-011	4.90407e-011	4.73451e-011	4.55813e-011	4.50153e-011	4.55815e-011	4.67161e-011	4.77252e-011	4.79885e-011	4.74193e-011	4.56731e-011	4.32772e-011	4.04719e-011	3.7322e-011	3.39288e-011	3.0376e-011	2.64041e-011	2.20975e-011	1.87955e-011	1.67074e-011	1.64139e-011	1.90053e-011	2.36448e-011	2.96769e-011	3.59384e-011	4.122e-011	4.46612e-011	4.56327e-011	4.50792e-011	4.41206e-011	4.36383e-011	4.50833e-011	4.89568e-011	5.41451e-011	6.01506e-011	6.55745e-011	6.80619e-011	6.82313e-011	6.62866e-011	6.17881e-011	5.7273e-011	5.33379e-011	5.01118e-011	4.82488e-011	4.73868e-011	4.7004e-011	4.66089e-011	4.60266e-011	4.47775e-011	4.29076e-011	4.04325e-011	3.72103e-011	3.30982e-011	2.84331e-011	2.39586e-011	1.98433e-011	1.70492e-011	1.65586e-011	1.83115e-011	2.22032e-011	2.73302e-011	3.28309e-011	3.73499e-011	3.9979e-011	4.07768e-011	4.00554e-011	3.89034e-011	3.85323e-011	3.96645e-011	4.23313e-011	4.62234e-011	5.00602e-011	5.25093e-011	5.34577e-011	5.23012e-011	4.92264e-011	4.56442e-011	4.19904e-011
2.86084e-011	2.80055e-011	2.92197e-011	3.13994e-011	3.33832e-011	3.50279e-011	3.56243e-011	3.53525e-011	3.49609e-011	3.47638e-011	3.5024e-011	3.60135e-011	3.70314e-011	3.71317e-011	3.73073e-011	3.61942e-011	3.44702e-011	3.41581e-011	3.46543e-011	3.64694e-011	3.91243e-011	4.1644e-011	4.30913e-011	4.24618e-011	4.0092e-011	3.65389e-011	3.30194e-011	3.08268e-011	3.03934e-011	3.14379e-011	3.31881e-011	3.44026e-011	3.33523e-011	3.02716e-011	2.54835e-011	1.92972e-011	1.40635e-011	1.09991e-011	1.04707e-011	1.25039e-011	1.60014e-011	2.00959e-011	2.33974e-011	2.54718e-011	2.6218e-011	2.62877e-011	2.66944e-011	2.80508e-011	3.04488e-011	3.32247e-011	3.61381e-011	3.75111e-011	3.7289e-011	3.64791e-011	3.45598e-011	3.26871e-011	3.18189e-011	3.14021e-011	3.12768e-011	3.0708e-011	2.87312e-011	2.534e-011	2.12224e-011	1.71001e-011	1.42249e-011	1.38008e-011	1.57231e-011	1.96481e-011	2.44241e-011	2.86226e-011	3.1007e-011	3.08925e-011	2.89569e-011	2.6022e-011	2.33288e-011	2.24617e-011	2.39474e-011	2.77223e-011	3.29373e-011	3.83772e-011	4.23428e-011	4.47653e-011	4.54862e-011	4.47237e-011	4.38754e-011	4.31333e-011	4.28428e-011	4.31821e-011	4.36349e-011	4.38381e-011	4.32698e-011	4.21719e-011	4.0808e-011	3.92389e-011	3.78528e-011	3.64053e-011	3.44118e-011	3.17263e-011	2.82669e-011	2.39049e-011	1.9841e-011	1.69258e-011	1.57478e-011	1.76089e-011	2.21375e-011	2.85881e-011	3.5677e-011	4.18732e-011	4.6265e-011	4.79727e-011	4.76748e-011	4.6592e-011	4.57307e-011	4.66302e-011	4.97362e-011	5.41926e-011	5.9266e-011	6.40224e-011	6.66544e-011	6.69933e-011	6.55315e-011	6.1763e-011	5.71951e-011	5.27959e-011	4.86685e-011	4.53858e-011	4.28808e-011	4.12052e-011	4.01133e-011	3.93142e-011	3.88407e-011	3.80676e-011	3.67258e-011	3.46876e-011	3.15745e-011	2.71793e-011	2.26949e-011	1.83076e-011	1.50175e-011	1.45251e-011	1.65914e-011	2.14398e-011	2.79363e-011	3.47727e-011	4.0665e-011	4.40914e-011	4.52908e-011	4.49015e-011	4.35203e-011	4.30481e-011	4.40649e-011	4.60509e-011	4.9502e-011	5.32057e-011	5.52376e-011	5.59115e-011	5.47936e-011	5.12889e-011	4.70595e-011	4.26448e-011
3.02748e-011	2.9705e-011	3.04181e-011	3.18328e-011	3.30772e-011	3.4392e-011	3.50683e-011	3.5639e-011	3.66877e-011	3.83556e-011	4.05731e-011	4.25435e-011	4.38453e-011	4.32915e-011	4.13995e-011	3.8656e-011	3.55124e-011	3.36015e-011	3.3635e-011	3.56522e-011	3.88178e-011	4.19524e-011	4.4011e-011	4.3548e-011	4.13427e-011	3.8016e-011	3.41191e-011	3.15218e-011	3.07204e-011	3.12721e-011	3.26582e-011	3.38176e-011	3.32616e-011	3.08254e-011	2.70031e-011	2.21417e-011	1.7795e-011	1.49817e-011	1.43462e-011	1.55131e-011	1.73993e-011	2.01626e-011	2.13641e-011	2.15804e-011	2.22786e-011	2.27517e-011	2.41843e-011	2.71139e-011	3.06749e-011	3.40436e-011	3.68427e-011	3.78028e-011	3.66264e-011	3.47446e-011	3.25179e-011	3.08004e-011	3.06353e-011	3.13388e-011	3.23206e-011	3.25896e-011	3.15601e-011	2.87129e-011	2.44631e-011	2.01376e-011	1.67432e-011	1.54688e-011	1.67369e-011	2.00798e-011	2.43917e-011	2.84195e-011	3.09637e-011	3.09759e-011	2.92728e-011	2.66619e-011	2.42375e-011	2.34089e-011	2.44178e-011	2.71574e-011	3.05949e-011	3.41368e-011	3.7089e-011	3.85638e-011	3.9197e-011	3.9264e-011	3.92175e-011	3.9783e-011	4.05524e-011	4.11978e-011	4.14426e-011	4.11061e-011	3.98814e-011	3.84287e-011	3.71514e-011	3.61359e-011	3.58039e-011	3.57765e-011	3.54913e-011	3.41113e-011	3.13828e-011	2.73384e-011	2.26538e-011	1.87981e-011	1.67535e-011	1.74934e-011	2.13203e-011	2.75191e-011	3.46474e-011	4.09652e-011	4.56128e-011	4.7762e-011	4.7844e-011	4.72248e-011	4.64864e-011	4.68464e-011	4.90263e-011	5.2461e-011	5.64868e-011	6.02033e-011	6.26856e-011	6.33132e-011	6.22325e-011	5.96192e-011	5.57991e-011	5.14762e-011	4.72096e-011	4.32673e-011	3.96342e-011	3.7071e-011	3.50576e-011	3.36766e-011	3.35416e-011	3.37354e-011	3.37937e-011	3.32297e-011	3.12807e-011	2.76655e-011	2.30943e-011	1.84033e-011	1.47199e-011	1.36671e-011	1.58393e-011	2.0881e-011	2.77558e-011	3.51211e-011	4.16673e-011	4.56147e-011	4.74429e-011	4.77285e-011	4.63974e-011	4.5562e-011	4.62569e-011	4.76176e-011	5.01685e-011	5.32648e-011	5.49657e-011	5.5378e-011	5.42623e-011	5.07744e-011	4.63594e-011	4.16197e-011
3.22943e-011	3.28561e-011	3.37171e-011	3.48073e-011	3.51149e-011	3.53809e-011	3.59748e-011	3.69945e-011	3.92939e-011	4.25998e-011	4.64211e-011	4.97726e-011	5.1416e-011	5.07319e-011	4.75783e-011	4.30318e-011	3.83822e-011	3.50299e-011	3.37371e-011	3.47832e-011	3.73477e-011	4.0164e-011	4.24068e-011	4.24791e-011	4.05114e-011	3.76704e-011	3.41518e-011	3.13872e-011	3.01809e-011	3.02798e-011	3.10908e-011	3.1777e-011	3.13158e-011	2.93219e-011	2.63894e-011	2.29409e-011	2.04897e-011	1.93582e-011	1.94884e-011	2.06504e-011	2.1364e-011	2.21027e-011	2.20221e-011	2.0644e-011	2.03408e-011	2.10734e-011	2.32597e-011	2.75408e-011	3.24408e-011	3.6733e-011	3.96404e-011	4.02996e-011	3.86619e-011	3.61007e-011	3.31693e-011	3.10527e-011	3.06543e-011	3.15825e-011	3.327e-011	3.40874e-011	3.35797e-011	3.14857e-011	2.73143e-011	2.28827e-011	1.92847e-011	1.73728e-011	1.79427e-011	2.04893e-011	2.39005e-011	2.69014e-011	2.87751e-011	2.88599e-011	2.75597e-011	2.58848e-011	2.42788e-011	2.38553e-011	2.47261e-011	2.67517e-011	2.90522e-011	3.06735e-011	3.21506e-011	3.27289e-011	3.30317e-011	3.38003e-011	3.48882e-011	3.64946e-011	3.85178e-011	4.0105e-011	4.06528e-011	4.03896e-011	3.87702e-011	3.66469e-011	3.52541e-011	3.4532e-011	3.49177e-011	3.60569e-011	3.69823e-011	3.68653e-011	3.48981e-011	3.11959e-011	2.63703e-011	2.19125e-011	1.91738e-011	1.90087e-011	2.17415e-011	2.66332e-011	3.27176e-011	3.85033e-011	4.28412e-011	4.5441e-011	4.60631e-011	4.58759e-011	4.56878e-011	4.59828e-011	4.74265e-011	4.98432e-011	5.27304e-011	5.54513e-011	5.749e-011	5.80862e-011	5.74209e-011	5.57419e-011	5.31934e-011	5.00685e-011	4.64339e-011	4.26191e-011	3.83979e-011	3.4647e-011	3.1942e-011	3.01101e-011	2.98766e-011	3.08545e-011	3.20342e-011	3.2749e-011	3.18501e-011	2.90208e-011	2.4691e-011	1.99935e-011	1.6182e-011	1.45577e-011	1.59481e-011	2.03058e-011	2.67197e-011	3.37985e-011	4.0395e-011	4.49162e-011	4.71058e-011	4.77161e-011	4.68762e-011	4.59124e-011	4.59223e-011	4.67958e-011	4.85244e-011	5.06043e-011	5.19174e-011	5.18835e-011	5.06007e-011	4.77758e-011	4.39201e-011	3.94971e-011
3.46901e-011	3.68348e-011	3.84329e-011	3.92974e-011	3.92034e-011	3.8379e-011	3.82253e-011	3.92529e-011	4.20813e-011	4.64585e-011	5.15359e-011	5.57706e-011	5.78324e-011	5.73267e-011	5.37583e-011	4.8159e-011	4.20237e-011	3.67771e-011	3.36615e-011	3.30291e-011	3.43091e-011	3.6291e-011	3.81018e-011	3.85945e-011	3.72927e-011	3.49815e-011	3.21852e-011	3.01141e-011	2.91691e-011	2.91087e-011	2.94406e-011	2.92579e-011	2.84912e-011	2.68544e-011	2.49425e-011	2.36035e-011	2.31303e-011	2.40282e-011	2.57934e-011	2.7506e-011	2.81426e-011	2.72912e-011	2.54279e-011	2.29739e-011	2.1657e-011	2.20295e-011	2.45365e-011	2.9156e-011	3.47555e-011	3.98855e-011	4.30294e-011	4.37729e-011	4.19415e-011	3.84024e-011	3.47432e-011	3.20451e-011	3.09009e-011	3.1419e-011	3.29688e-011	3.39175e-011	3.3546e-011	3.17344e-011	2.79678e-011	2.41096e-011	2.11025e-011	1.91537e-011	1.93092e-011	2.08384e-011	2.31478e-011	2.51687e-011	2.59501e-011	2.6013e-011	2.51962e-011	2.43526e-011	2.425e-011	2.48784e-011	2.60738e-011	2.79772e-011	2.9371e-011	2.97143e-011	3.0168e-011	2.94672e-011	2.87868e-011	2.97684e-011	3.14963e-011	3.41781e-011	3.73963e-011	4.00066e-011	4.11947e-011	4.08753e-011	3.91961e-011	3.67136e-011	3.48165e-011	3.40633e-011	3.47251e-011	3.63304e-011	3.79131e-011	3.84977e-011	3.70141e-011	3.39785e-011	2.97936e-011	2.52162e-011	2.21137e-011	2.10467e-011	2.24634e-011	2.59456e-011	3.03951e-011	3.51454e-011	3.89904e-011	4.16038e-011	4.2938e-011	4.34275e-011	4.37961e-011	4.47018e-011	4.61506e-011	4.8041e-011	5.02658e-011	5.16566e-011	5.25579e-011	5.31366e-011	5.27454e-011	5.20546e-011	5.0954e-011	4.91477e-011	4.65929e-011	4.31924e-011	3.89976e-011	3.45547e-011	3.10495e-011	2.88144e-011	2.83216e-011	2.93842e-011	3.09839e-011	3.22344e-011	3.21128e-011	3.01753e-011	2.64797e-011	2.19022e-011	1.79423e-011	1.56864e-011	1.60711e-011	1.92956e-011	2.46898e-011	3.10247e-011	3.71369e-011	4.17282e-011	4.41213e-011	4.49512e-011	4.45696e-011	4.40038e-011	4.40155e-011	4.46238e-011	4.56935e-011	4.67161e-011	4.74378e-011	4.72889e-011	4.60585e-011	4.40693e-011	4.11725e-011	3.74565e-011
3.74361e-011	4.13645e-011	4.39638e-011	4.4878e-011	4.43361e-011	4.29476e-011	4.19271e-011	4.23246e-011	4.48471e-011	4.90193e-011	5.44597e-011	5.95465e-011	6.19732e-011	6.17395e-011	5.82859e-011	5.18341e-011	4.4626e-011	3.78922e-011	3.27833e-011	3.02829e-011	3.00687e-011	3.0639e-011	3.13713e-011	3.15978e-011	3.06864e-011	2.95814e-011	2.85353e-011	2.76909e-011	2.78275e-011	2.81349e-011	2.83569e-011	2.7756e-011	2.6387e-011	2.50373e-011	2.39487e-011	2.43126e-011	2.63485e-011	2.94492e-011	3.28107e-011	3.57066e-011	3.66902e-011	3.54401e-011	3.26123e-011	2.87403e-011	2.57777e-011	2.51162e-011	2.70201e-011	3.13636e-011	3.69332e-011	4.23604e-011	4.57247e-011	4.62897e-011	4.44351e-011	4.04395e-011	3.59863e-011	3.2645e-011	3.06977e-011	3.02729e-011	3.08375e-011	3.118e-011	3.04653e-011	2.89227e-011	2.62286e-011	2.31529e-011	2.12911e-011	2.03166e-011	2.05473e-011	2.15934e-011	2.28816e-011	2.37858e-011	2.38354e-011	2.36834e-011	2.33858e-011	2.34524e-011	2.46488e-011	2.68776e-011	2.92562e-011	3.15731e-011	3.28464e-011	3.21227e-011	3.09027e-011	2.92629e-011	2.74795e-011	2.77137e-011	2.96237e-011	3.29072e-011	3.6905e-011	4.03431e-011	4.21935e-011	4.18879e-011	4.01271e-011	3.76836e-011	3.53779e-011	3.43902e-011	3.48084e-011	3.61239e-011	3.7665e-011	3.86144e-011	3.7715e-011	3.52347e-011	3.1934e-011	2.79187e-011	2.47899e-011	2.32301e-011	2.36621e-011	2.57724e-011	2.88558e-011	3.24671e-011	3.52252e-011	3.72535e-011	3.90638e-011	4.04109e-011	4.19367e-011	4.38762e-011	4.59299e-011	4.75616e-011	4.91677e-011	4.99207e-011	4.95428e-011	4.95335e-011	4.93045e-011	4.91853e-011	4.9291e-011	4.87735e-011	4.72378e-011	4.45238e-011	4.08013e-011	3.64412e-011	3.25248e-011	2.97338e-011	2.84967e-011	2.90518e-011	3.04666e-011	3.18456e-011	3.21351e-011	3.07385e-011	2.76946e-011	2.34309e-011	1.93521e-011	1.6639e-011	1.6308e-011	1.8468e-011	2.27119e-011	2.78456e-011	3.26215e-011	3.65926e-011	3.90947e-011	4.02582e-011	4.07968e-011	4.09454e-011	4.13047e-011	4.19419e-011	4.27198e-011	4.32213e-011	4.3262e-011	4.30014e-011	4.20662e-011	4.07354e-011	3.89226e-011	3.62266e-011
3.88475e-011	4.4368e-011	4.85008e-011	4.99199e-011	4.9478e-011	4.77161e-011	4.55905e-011	4.49228e-011	4.66191e-011	5.01276e-011	5.51501e-011	6.03919e-011	6.31086e-011	6.30777e-011	5.98252e-011	5.32319e-011	4.57109e-011	3.8456e-011	3.23414e-011	2.8128e-011	2.55919e-011	2.45775e-011	2.37593e-011	2.32348e-011	2.29925e-011	2.29233e-011	2.39419e-011	2.53626e-011	2.69512e-011	2.81428e-011	2.85969e-011	2.77434e-011	2.60894e-011	2.47553e-011	2.4275e-011	2.56473e-011	2.91089e-011	3.44043e-011	3.98925e-011	4.39326e-011	4.57959e-011	4.44627e-011	4.06177e-011	3.57612e-011	3.11652e-011	2.87741e-011	2.94437e-011	3.28512e-011	3.77054e-011	4.2609e-011	4.57621e-011	4.59515e-011	4.40689e-011	4.03068e-011	3.56956e-011	3.20902e-011	2.94807e-011	2.79624e-011	2.72206e-011	2.6603e-011	2.55061e-011	2.3954e-011	2.24712e-011	2.11269e-011	2.06049e-011	2.10053e-011	2.22274e-011	2.34846e-011	2.45136e-011	2.47807e-011	2.39619e-011	2.33026e-011	2.32609e-011	2.41547e-011	2.66955e-011	3.03212e-011	3.41198e-011	3.70314e-011	3.83075e-011	3.73578e-011	3.44607e-011	3.11554e-011	2.84707e-011	2.76995e-011	2.90639e-011	3.21875e-011	3.60546e-011	3.94753e-011	4.17003e-011	4.17273e-011	4.01731e-011	3.80564e-011	3.56941e-011	3.43229e-011	3.43427e-011	3.5242e-011	3.64623e-011	3.7283e-011	3.68935e-011	3.5163e-011	3.25108e-011	2.95444e-011	2.73811e-011	2.63183e-011	2.66929e-011	2.80545e-011	2.94886e-011	3.16854e-011	3.33735e-011	3.43593e-011	3.62468e-011	3.8339e-011	4.09253e-011	4.41297e-011	4.70598e-011	4.90797e-011	5.0157e-011	5.00595e-011	4.9028e-011	4.82424e-011	4.75294e-011	4.73244e-011	4.76904e-011	4.79086e-011	4.75173e-011	4.55278e-011	4.24638e-011	3.8664e-011	3.44609e-011	3.12538e-011	2.94497e-011	2.92192e-011	3.01083e-011	3.12552e-011	3.1516e-011	3.02999e-011	2.76524e-011	2.39517e-011	2.04821e-011	1.80901e-011	1.75076e-011	1.87992e-011	2.14299e-011	2.53417e-011	2.886e-011	3.1571e-011	3.40042e-011	3.5506e-011	3.67093e-011	3.79797e-011	3.90649e-011	3.9988e-011	4.08506e-011	4.1071e-011	4.08009e-011	4.04776e-011	3.95971e-011	3.8639e-011	3.77306e-011	3.61194e-011
3.94242e-011	4.58565e-011	5.11691e-011	5.34511e-011	5.31438e-011	5.11702e-011	4.82538e-011	4.64265e-011	4.69782e-011	4.95383e-011	5.35424e-011	5.78073e-011	6.02831e-011	6.01301e-011	5.74889e-011	5.18831e-011	4.50432e-011	3.81322e-011	3.16663e-011	2.64052e-011	2.18948e-011	1.89474e-011	1.67214e-011	1.52264e-011	1.541e-011	1.67916e-011	1.92554e-011	2.28314e-011	2.64503e-011	2.90386e-011	3.0304e-011	2.97479e-011	2.781e-011	2.62502e-011	2.58267e-011	2.78277e-011	3.23171e-011	3.86973e-011	4.59078e-011	5.10842e-011	5.36385e-011	5.27462e-011	4.80033e-011	4.20644e-011	3.65277e-011	3.25641e-011	3.16446e-011	3.34396e-011	3.65333e-011	3.98549e-011	4.22978e-011	4.22481e-011	4.05142e-011	3.76074e-011	3.35522e-011	2.99347e-011	2.70887e-011	2.48002e-011	2.29343e-011	2.13333e-011	1.97773e-011	1.83039e-011	1.74765e-011	1.77373e-011	1.92867e-011	2.17363e-011	2.4538e-011	2.69482e-011	2.80119e-011	2.80963e-011	2.68365e-011	2.53666e-011	2.52587e-011	2.66521e-011	3.01139e-011	3.50266e-011	4.00055e-011	4.35554e-011	4.47802e-011	4.34474e-011	3.99276e-011	3.55254e-011	3.15795e-011	2.92675e-011	2.92393e-011	3.11601e-011	3.4211e-011	3.7137e-011	3.92759e-011	3.97504e-011	3.85843e-011	3.67953e-011	3.49256e-011	3.36054e-011	3.33585e-011	3.39212e-011	3.46698e-011	3.49989e-011	3.46799e-011	3.34772e-011	3.19965e-011	3.06665e-011	2.9883e-011	3.01795e-011	3.10527e-011	3.22721e-011	3.2894e-011	3.3322e-011	3.36709e-011	3.39318e-011	3.52485e-011	3.78305e-011	4.1225e-011	4.52446e-011	4.90245e-011	5.16607e-011	5.27392e-011	5.22877e-011	5.05227e-011	4.85422e-011	4.70241e-011	4.61651e-011	4.61622e-011	4.64748e-011	4.66065e-011	4.54069e-011	4.30196e-011	3.97972e-011	3.58669e-011	3.26643e-011	3.0705e-011	2.99576e-011	3.01672e-011	3.04683e-011	3.04344e-011	2.91263e-011	2.68423e-011	2.40882e-011	2.14106e-011	1.97646e-011	1.9527e-011	2.04991e-011	2.20005e-011	2.45198e-011	2.66843e-011	2.83966e-011	3.04433e-011	3.20146e-011	3.35559e-011	3.57309e-011	3.77256e-011	3.93015e-011	4.05888e-011	4.09443e-011	4.03476e-011	3.98192e-011	3.9084e-011	3.83036e-011	3.79345e-011	3.71393e-011
3.8523e-011	4.55705e-011	5.131e-011	5.41657e-011	5.41352e-011	5.2321e-011	4.93678e-011	4.71569e-011	4.66886e-011	4.79804e-011	5.05855e-011	5.32767e-011	5.5153e-011	5.5081e-011	5.29678e-011	4.89407e-011	4.35155e-011	3.7487e-011	3.15588e-011	2.5843e-011	2.04424e-011	1.615e-011	1.24821e-011	9.8641e-012	9.78951e-012	1.16413e-011	1.54939e-011	2.08633e-011	2.63067e-011	3.07271e-011	3.29117e-011	3.28292e-011	3.09693e-011	2.88069e-011	2.80381e-011	2.98826e-011	3.46751e-011	4.16576e-011	4.93404e-011	5.48469e-011	5.76078e-011	5.71414e-011	5.24142e-011	4.6325e-011	4.03825e-011	3.50705e-011	3.23692e-011	3.2065e-011	3.30959e-011	3.47611e-011	3.60481e-011	3.58775e-011	3.45751e-011	3.24138e-011	2.96421e-011	2.69514e-011	2.44392e-011	2.22402e-011	1.97868e-011	1.7072e-011	1.51471e-011	1.34398e-011	1.31521e-011	1.49625e-011	1.83423e-011	2.31804e-011	2.80476e-011	3.18081e-011	3.35203e-011	3.3331e-011	3.16459e-011	2.97524e-011	2.92216e-011	3.07413e-011	3.44168e-011	3.95163e-011	4.49665e-011	4.90529e-011	5.03309e-011	4.89862e-011	4.50695e-011	3.95994e-011	3.44971e-011	3.06517e-011	2.88037e-011	2.91627e-011	3.09078e-011	3.28988e-011	3.45746e-011	3.516e-011	3.45188e-011	3.35807e-011	3.2595e-011	3.20319e-011	3.22361e-011	3.26977e-011	3.32309e-011	3.30702e-011	3.25942e-011	3.20123e-011	3.15254e-011	3.20192e-011	3.33016e-011	3.51031e-011	3.70603e-011	3.84858e-011	3.88038e-011	3.83788e-011	3.7444e-011	3.65759e-011	3.70206e-011	3.90731e-011	4.24939e-011	4.68367e-011	5.10466e-011	5.42679e-011	5.54309e-011	5.46608e-011	5.24743e-011	4.936e-011	4.6595e-011	4.48195e-011	4.40402e-011	4.38764e-011	4.38072e-011	4.28237e-011	4.09312e-011	3.8599e-011	3.5604e-011	3.31314e-011	3.1695e-011	3.09e-011	3.0743e-011	3.03259e-011	2.97047e-011	2.8383e-011	2.63623e-011	2.45729e-011	2.31815e-011	2.24693e-011	2.30222e-011	2.43093e-011	2.56062e-011	2.73977e-011	2.83717e-011	2.86381e-011	2.9738e-011	3.08776e-011	3.23549e-011	3.48867e-011	3.75495e-011	3.98636e-011	4.14298e-011	4.20096e-011	4.1575e-011	4.06642e-011	3.98124e-011	3.92389e-011	3.89291e-011	3.84165e-011
3.6518e-011	4.29032e-011	4.82864e-011	5.16236e-011	5.21627e-011	5.10699e-011	4.88942e-011	4.66814e-011	4.56237e-011	4.58121e-011	4.70219e-011	4.84372e-011	4.93314e-011	4.91832e-011	4.75652e-011	4.47739e-011	4.11976e-011	3.70143e-011	3.2375e-011	2.75151e-011	2.19608e-011	1.64703e-011	1.17905e-011	7.79096e-012	6.63166e-012	8.50633e-012	1.29997e-011	1.9682e-011	2.67e-011	3.24958e-011	3.55959e-011	3.5744e-011	3.40063e-011	3.15157e-011	3.04119e-011	3.19232e-011	3.6009e-011	4.22392e-011	4.9376e-011	5.49087e-011	5.76478e-011	5.74855e-011	5.35605e-011	4.75865e-011	4.14297e-011	3.56862e-011	3.15806e-011	2.9392e-011	2.87026e-011	2.85377e-011	2.83102e-011	2.79221e-011	2.68454e-011	2.57046e-011	2.46527e-011	2.3694e-011	2.24528e-011	2.09065e-011	1.85787e-011	1.50713e-011	1.24016e-011	1.05505e-011	1.04495e-011	1.34589e-011	1.86923e-011	2.52001e-011	3.17158e-011	3.67735e-011	3.94374e-011	3.93286e-011	3.76407e-011	3.55127e-011	3.41614e-011	3.50737e-011	3.84444e-011	4.30409e-011	4.82308e-011	5.25448e-011	5.37068e-011	5.22762e-011	4.83968e-011	4.2259e-011	3.61841e-011	3.1319e-011	2.80367e-011	2.66904e-011	2.67777e-011	2.74813e-011	2.79887e-011	2.84465e-011	2.84603e-011	2.86831e-011	2.94127e-011	3.02901e-011	3.13602e-011	3.22015e-011	3.26892e-011	3.23828e-011	3.1673e-011	3.15296e-011	3.20683e-011	3.3751e-011	3.68101e-011	4.04783e-011	4.37745e-011	4.60231e-011	4.66327e-011	4.54312e-011	4.35059e-011	4.13881e-011	4.02718e-011	4.11718e-011	4.39689e-011	4.80651e-011	5.22486e-011	5.56603e-011	5.70149e-011	5.58997e-011	5.33254e-011	4.97122e-011	4.60929e-011	4.32994e-011	4.13988e-011	4.0157e-011	3.92108e-011	3.82238e-011	3.66958e-011	3.52801e-011	3.39648e-011	3.2803e-011	3.22488e-011	3.21704e-011	3.20618e-011	3.14403e-011	3.04428e-011	2.89788e-011	2.71872e-011	2.60212e-011	2.58056e-011	2.65467e-011	2.81869e-011	3.02899e-011	3.18481e-011	3.27382e-011	3.29967e-011	3.21161e-011	3.15047e-011	3.17419e-011	3.28708e-011	3.50936e-011	3.79566e-011	4.068e-011	4.23902e-011	4.30749e-011	4.29012e-011	4.18651e-011	4.09895e-011	4.04243e-011	3.98832e-011	3.92612e-011
3.39981e-011	3.93515e-011	4.40343e-011	4.72619e-011	4.85556e-011	4.82323e-011	4.70755e-011	4.56653e-011	4.46758e-011	4.44229e-011	4.47553e-011	4.48166e-011	4.4572e-011	4.39594e-011	4.23978e-011	4.07382e-011	3.8917e-011	3.69314e-011	3.43085e-011	3.06392e-011	2.56714e-011	1.94702e-011	1.34691e-011	8.46135e-012	6.01037e-012	7.42725e-012	1.19772e-011	1.88554e-011	2.6246e-011	3.25197e-011	3.62291e-011	3.68972e-011	3.56562e-011	3.33854e-011	3.17901e-011	3.2606e-011	3.58258e-011	4.09327e-011	4.69078e-011	5.18629e-011	5.44406e-011	5.43628e-011	5.11858e-011	4.60179e-011	4.03939e-011	3.49972e-011	3.08011e-011	2.75361e-011	2.53452e-011	2.35932e-011	2.15312e-011	2.03953e-011	1.97264e-011	1.96256e-011	2.0565e-011	2.16077e-011	2.19973e-011	2.14371e-011	1.93352e-011	1.58339e-011	1.25261e-011	1.03668e-011	1.03426e-011	1.34839e-011	1.93729e-011	2.69701e-011	3.44237e-011	4.04249e-011	4.41148e-011	4.43786e-011	4.26422e-011	4.04037e-011	3.83262e-011	3.82783e-011	4.07435e-011	4.45185e-011	4.89783e-011	5.27517e-011	5.36367e-011	5.19909e-011	4.82957e-011	4.23142e-011	3.64374e-011	3.12517e-011	2.70583e-011	2.42747e-011	2.23221e-011	2.15415e-011	2.11094e-011	2.10762e-011	2.20055e-011	2.35779e-011	2.58943e-011	2.88171e-011	3.13126e-011	3.29337e-011	3.38113e-011	3.35475e-011	3.26929e-011	3.26493e-011	3.36299e-011	3.63284e-011	4.05059e-011	4.56007e-011	5.0541e-011	5.35908e-011	5.4629e-011	5.32443e-011	5.00308e-011	4.65876e-011	4.40583e-011	4.34067e-011	4.50023e-011	4.8204e-011	5.15152e-011	5.43117e-011	5.56374e-011	5.45107e-011	5.21337e-011	4.86699e-011	4.45898e-011	4.10128e-011	3.7982e-011	3.56143e-011	3.37467e-011	3.23214e-011	3.12965e-011	3.08063e-011	3.08495e-011	3.16029e-011	3.27502e-011	3.38004e-011	3.45629e-011	3.43199e-011	3.31426e-011	3.17162e-011	2.99669e-011	2.91645e-011	2.9785e-011	3.17062e-011	3.45898e-011	3.75314e-011	3.96774e-011	4.01986e-011	3.93219e-011	3.74976e-011	3.55954e-011	3.44331e-011	3.45305e-011	3.5887e-011	3.79643e-011	4.03299e-011	4.20054e-011	4.26441e-011	4.28549e-011	4.21767e-011	4.12666e-011	4.0743e-011	4.01486e-011	3.93119e-011
3.21786e-011	3.59566e-011	3.9568e-011	4.22441e-011	4.38889e-011	4.43683e-011	4.43745e-011	4.42327e-011	4.43916e-011	4.43248e-011	4.42952e-011	4.34728e-011	4.17066e-011	4.03082e-011	3.87793e-011	3.7768e-011	3.76123e-011	3.75256e-011	3.6836e-011	3.45026e-011	3.02422e-011	2.42565e-011	1.77446e-011	1.20948e-011	8.69717e-012	8.85527e-012	1.22296e-011	1.81749e-011	2.50994e-011	3.11559e-011	3.51532e-011	3.62419e-011	3.53074e-011	3.35477e-011	3.19754e-011	3.21449e-011	3.45184e-011	3.85233e-011	4.30199e-011	4.69383e-011	4.87506e-011	4.82513e-011	4.59493e-011	4.21223e-011	3.80884e-011	3.41113e-011	3.04685e-011	2.69557e-011	2.34785e-011	2.04002e-011	1.73171e-011	1.50912e-011	1.46163e-011	1.54903e-011	1.78252e-011	2.07149e-011	2.27652e-011	2.32855e-011	2.19484e-011	1.88369e-011	1.51817e-011	1.25555e-011	1.20702e-011	1.46995e-011	2.02777e-011	2.79313e-011	3.58008e-011	4.21927e-011	4.63164e-011	4.71172e-011	4.54136e-011	4.29297e-011	4.04995e-011	3.98321e-011	4.13196e-011	4.40236e-011	4.70765e-011	4.95436e-011	5.01434e-011	4.84913e-011	4.52845e-011	4.05362e-011	3.52597e-011	3.0351e-011	2.59878e-011	2.2259e-011	1.90105e-011	1.66375e-011	1.52264e-011	1.47358e-011	1.61148e-011	1.88345e-011	2.27116e-011	2.72522e-011	3.16031e-011	3.46953e-011	3.62354e-011	3.63286e-011	3.54181e-011	3.50224e-011	3.59823e-011	3.9072e-011	4.39719e-011	5.00192e-011	5.6034e-011	5.96488e-011	6.08697e-011	5.96609e-011	5.57284e-011	5.14728e-011	4.79416e-011	4.55739e-011	4.53077e-011	4.67668e-011	4.87399e-011	5.06038e-011	5.16966e-011	5.0882e-011	4.88256e-011	4.59274e-011	4.21388e-011	3.82508e-011	3.45595e-011	3.13763e-011	2.85918e-011	2.64906e-011	2.55553e-011	2.56419e-011	2.71157e-011	2.9562e-011	3.2885e-011	3.59774e-011	3.80425e-011	3.87009e-011	3.76983e-011	3.60655e-011	3.43748e-011	3.36461e-011	3.47188e-011	3.7467e-011	4.11068e-011	4.46275e-011	4.71595e-011	4.77858e-011	4.63697e-011	4.37505e-011	4.05506e-011	3.78174e-011	3.62481e-011	3.6007e-011	3.67363e-011	3.81717e-011	3.95722e-011	4.02071e-011	4.05703e-011	4.05554e-011	4.01024e-011	3.97802e-011	3.92867e-011	3.84156e-011
3.29149e-011	3.5394e-011	3.71007e-011	3.81944e-011	3.9686e-011	4.07083e-011	4.19394e-011	4.34278e-011	4.47632e-011	4.54813e-011	4.52445e-011	4.37842e-011	4.11904e-011	3.86853e-011	3.67915e-011	3.59496e-011	3.64494e-011	3.75234e-011	3.82507e-011	3.70703e-011	3.41081e-011	2.91282e-011	2.2587e-011	1.65922e-011	1.23679e-011	1.11263e-011	1.31262e-011	1.7555e-011	2.32954e-011	2.86152e-011	3.23836e-011	3.36316e-011	3.31469e-011	3.19722e-011	3.10956e-011	3.16614e-011	3.36158e-011	3.68641e-011	3.97586e-011	4.18119e-011	4.30103e-011	4.22872e-011	4.05155e-011	3.84127e-011	3.59759e-011	3.371e-011	3.13578e-011	2.82442e-011	2.44357e-011	2.04901e-011	1.64807e-011	1.35603e-011	1.28574e-011	1.39177e-011	1.68489e-011	2.07565e-011	2.41556e-011	2.5845e-011	2.52192e-011	2.25993e-011	1.88131e-011	1.55306e-011	1.42984e-011	1.60055e-011	2.06923e-011	2.76684e-011	3.50743e-011	4.08954e-011	4.46762e-011	4.56896e-011	4.42837e-011	4.23889e-011	4.04465e-011	3.9395e-011	4.00927e-011	4.17016e-011	4.3551e-011	4.4776e-011	4.48073e-011	4.33915e-011	4.0748e-011	3.74556e-011	3.36304e-011	2.96575e-011	2.58256e-011	2.21335e-011	1.818e-011	1.49269e-011	1.2453e-011	1.10035e-011	1.20897e-011	1.53377e-011	2.04542e-011	2.66513e-011	3.25189e-011	3.70311e-011	3.93416e-011	3.9654e-011	3.87777e-011	3.78974e-011	3.85559e-011	4.14719e-011	4.61789e-011	5.21573e-011	5.82326e-011	6.21621e-011	6.36597e-011	6.28591e-011	5.90911e-011	5.43346e-011	5.00051e-011	4.63015e-011	4.43068e-011	4.38831e-011	4.43076e-011	4.50694e-011	4.56143e-011	4.51755e-011	4.37891e-011	4.16718e-011	3.88127e-011	3.56798e-011	3.20307e-011	2.86015e-011	2.5137e-011	2.20307e-011	2.08519e-011	2.11858e-011	2.37019e-011	2.80683e-011	3.32603e-011	3.83822e-011	4.20852e-011	4.37238e-011	4.32703e-011	4.14932e-011	3.97392e-011	3.89928e-011	3.97411e-011	4.25061e-011	4.65226e-011	4.9996e-011	5.27388e-011	5.37297e-011	5.18812e-011	4.86628e-011	4.45487e-011	4.01012e-011	3.67859e-011	3.48044e-011	3.38085e-011	3.39886e-011	3.46896e-011	3.50773e-011	3.56596e-011	3.63151e-011	3.6604e-011	3.72588e-011	3.74988e-011	3.69777e-011
3.64215e-011	3.67641e-011	3.69968e-011	3.66095e-011	3.69685e-011	3.81284e-011	4.00947e-011	4.28545e-011	4.54279e-011	4.70738e-011	4.70104e-011	4.53547e-011	4.23558e-011	3.89991e-011	3.6334e-011	3.50606e-011	3.54052e-011	3.67678e-011	3.84335e-011	3.84721e-011	3.6488e-011	3.26191e-011	2.67865e-011	2.08753e-011	1.62701e-011	1.42305e-011	1.50283e-011	1.79335e-011	2.23342e-011	2.5948e-011	2.83949e-011	2.98065e-011	2.98318e-011	2.97332e-011	3.01787e-011	3.15056e-011	3.35362e-011	3.62348e-011	3.82846e-011	3.8792e-011	3.88538e-011	3.77879e-011	3.6307e-011	3.5483e-011	3.47717e-011	3.40763e-011	3.31057e-011	3.11706e-011	2.77193e-011	2.35507e-011	1.9013e-011	1.51094e-011	1.36185e-011	1.44036e-011	1.73238e-011	2.15978e-011	2.56385e-011	2.81471e-011	2.80339e-011	2.56641e-011	2.19921e-011	1.84679e-011	1.685e-011	1.77879e-011	2.12763e-011	2.64847e-011	3.22892e-011	3.71693e-011	4.01367e-011	4.13142e-011	4.05548e-011	3.91732e-011	3.82399e-011	3.76863e-011	3.80028e-011	3.88341e-011	3.96753e-011	3.98411e-011	3.93307e-011	3.79211e-011	3.58597e-011	3.3742e-011	3.16639e-011	2.95586e-011	2.70094e-011	2.3972e-011	1.99673e-011	1.56214e-011	1.21521e-011	9.91699e-012	1.01682e-011	1.34841e-011	1.91415e-011	2.6267e-011	3.31683e-011	3.85744e-011	4.14846e-011	4.21137e-011	4.15121e-011	4.04998e-011	4.05905e-011	4.28585e-011	4.68971e-011	5.20866e-011	5.75863e-011	6.16272e-011	6.32691e-011	6.26866e-011	5.96388e-011	5.50469e-011	5.02649e-011	4.59401e-011	4.27887e-011	4.08177e-011	3.99896e-011	3.93381e-011	3.87844e-011	3.84467e-011	3.77813e-011	3.69329e-011	3.5692e-011	3.37355e-011	3.08312e-011	2.7307e-011	2.3435e-011	1.97307e-011	1.77471e-011	1.8093e-011	2.10796e-011	2.64693e-011	3.31097e-011	3.9717e-011	4.451e-011	4.73607e-011	4.80282e-011	4.64723e-011	4.46196e-011	4.37109e-011	4.38459e-011	4.59052e-011	4.96383e-011	5.29622e-011	5.5576e-011	5.67343e-011	5.48697e-011	5.11523e-011	4.6529e-011	4.10836e-011	3.64224e-011	3.28583e-011	3.03536e-011	2.86855e-011	2.80566e-011	2.81249e-011	2.88377e-011	3.04746e-011	3.22299e-011	3.3985e-011	3.53478e-011	3.5701e-011
4.23361e-011	4.10804e-011	3.939e-011	3.75214e-011	3.66852e-011	3.70133e-011	3.88662e-011	4.18768e-011	4.50583e-011	4.76201e-011	4.81379e-011	4.65958e-011	4.35417e-011	3.95186e-011	3.60662e-011	3.4138e-011	3.39812e-011	3.52351e-011	3.70417e-011	3.77497e-011	3.65705e-011	3.36151e-011	2.8837e-011	2.42037e-011	2.05786e-011	1.85663e-011	1.87223e-011	2.00225e-011	2.24786e-011	2.4771e-011	2.56489e-011	2.65594e-011	2.71279e-011	2.79498e-011	3.00016e-011	3.26926e-011	3.54174e-011	3.80311e-011	3.94005e-011	3.90183e-011	3.8226e-011	3.63167e-011	3.44886e-011	3.40458e-011	3.43523e-011	3.52022e-011	3.55276e-011	3.4644e-011	3.20902e-011	2.77324e-011	2.28538e-011	1.84794e-011	1.59413e-011	1.60751e-011	1.85973e-011	2.24022e-011	2.60867e-011	2.85499e-011	2.85182e-011	2.66445e-011	2.38173e-011	2.05297e-011	1.88268e-011	1.91394e-011	2.14086e-011	2.50706e-011	2.87631e-011	3.21819e-011	3.42775e-011	3.51646e-011	3.52004e-011	3.48583e-011	3.47959e-011	3.53745e-011	3.62656e-011	3.69518e-011	3.75161e-011	3.66982e-011	3.51179e-011	3.3775e-011	3.21968e-011	3.12161e-011	3.0917e-011	3.04855e-011	2.94997e-011	2.73154e-011	2.36063e-011	1.87982e-011	1.43453e-011	1.12873e-011	1.07656e-011	1.34328e-011	1.86685e-011	2.55674e-011	3.24953e-011	3.82399e-011	4.18345e-011	4.28251e-011	4.25116e-011	4.16945e-011	4.13321e-011	4.27208e-011	4.58518e-011	5.00282e-011	5.45916e-011	5.82388e-011	5.97435e-011	5.93032e-011	5.69084e-011	5.31684e-011	4.91727e-011	4.5183e-011	4.1726e-011	3.86472e-011	3.62216e-011	3.45292e-011	3.30087e-011	3.23839e-011	3.24866e-011	3.27802e-011	3.32189e-011	3.28677e-011	3.09602e-011	2.77745e-011	2.38051e-011	1.97775e-011	1.72072e-011	1.70095e-011	1.96163e-011	2.49501e-011	3.18955e-011	3.94308e-011	4.54767e-011	4.9176e-011	5.07344e-011	4.97899e-011	4.78349e-011	4.6418e-011	4.59758e-011	4.72339e-011	5.00567e-011	5.28686e-011	5.48947e-011	5.56598e-011	5.39884e-011	5.05546e-011	4.60828e-011	4.06082e-011	3.52293e-011	3.02381e-011	2.61641e-011	2.30932e-011	2.10423e-011	2.06886e-011	2.1705e-011	2.39822e-011	2.73967e-011	3.07462e-011	3.3312e-011	3.47304e-011
4.96548e-011	4.77449e-011	4.47614e-011	4.10129e-011	3.8052e-011	3.69729e-011	3.77935e-011	4.03983e-011	4.36104e-011	4.64652e-011	4.76539e-011	4.63958e-011	4.34526e-011	3.93015e-011	3.54478e-011	3.306e-011	3.2339e-011	3.2966e-011	3.4091e-011	3.48015e-011	3.41228e-011	3.23348e-011	2.95878e-011	2.64969e-011	2.44662e-011	2.35189e-011	2.36833e-011	2.4366e-011	2.4967e-011	2.53951e-011	2.52176e-011	2.5418e-011	2.61284e-011	2.77626e-011	3.08403e-011	3.49028e-011	3.88381e-011	4.17957e-011	4.31643e-011	4.21156e-011	3.98338e-011	3.72155e-011	3.48438e-011	3.39935e-011	3.4627e-011	3.61834e-011	3.74493e-011	3.73714e-011	3.54623e-011	3.13048e-011	2.65507e-011	2.23356e-011	1.92705e-011	1.8698e-011	2.01514e-011	2.28378e-011	2.55887e-011	2.73206e-011	2.74268e-011	2.59423e-011	2.38748e-011	2.17012e-011	2.04437e-011	2.05144e-011	2.20579e-011	2.43003e-011	2.63579e-011	2.84508e-011	2.9117e-011	2.90853e-011	2.96318e-011	3.02569e-011	3.15854e-011	3.36396e-011	3.55983e-011	3.66036e-011	3.68975e-011	3.58237e-011	3.34396e-011	3.16502e-011	3.03626e-011	3.00706e-011	3.10656e-011	3.21118e-011	3.23515e-011	3.096e-011	2.78889e-011	2.33596e-011	1.84526e-011	1.4673e-011	1.30249e-011	1.44015e-011	1.84827e-011	2.4387e-011	3.07515e-011	3.62833e-011	4.01299e-011	4.15808e-011	4.16213e-011	4.09873e-011	4.07147e-011	4.17365e-011	4.4111e-011	4.73424e-011	5.04625e-011	5.29966e-011	5.4301e-011	5.39421e-011	5.25592e-011	5.01532e-011	4.73319e-011	4.4366e-011	4.12021e-011	3.78237e-011	3.42803e-011	3.13429e-011	2.90873e-011	2.81227e-011	2.85351e-011	2.96926e-011	3.11298e-011	3.20113e-011	3.14952e-011	2.91818e-011	2.55373e-011	2.13771e-011	1.79996e-011	1.68352e-011	1.8523e-011	2.31708e-011	2.98689e-011	3.74081e-011	4.40974e-011	4.84465e-011	5.04344e-011	4.99936e-011	4.83637e-011	4.70064e-011	4.62663e-011	4.67217e-011	4.83564e-011	5.03009e-011	5.16865e-011	5.20089e-011	5.08551e-011	4.80245e-011	4.40451e-011	3.91638e-011	3.3687e-011	2.801e-011	2.27866e-011	1.85242e-011	1.54453e-011	1.45775e-011	1.55732e-011	1.83347e-011	2.26834e-011	2.7451e-011	3.16082e-011	3.43533e-011
5.68679e-011	5.469e-011	5.03231e-011	4.5198e-011	4.02528e-011	3.70616e-011	3.63125e-011	3.79096e-011	4.04731e-011	4.29845e-011	4.42465e-011	4.32187e-011	4.08501e-011	3.75145e-011	3.39261e-011	3.16705e-011	3.05511e-011	3.05679e-011	3.09607e-011	3.12228e-011	3.10085e-011	3.00943e-011	2.92685e-011	2.86811e-011	2.86317e-011	2.91317e-011	3.02576e-011	3.09248e-011	3.08902e-011	3.01893e-011	2.84542e-011	2.72592e-011	2.75441e-011	2.93091e-011	3.30749e-011	3.80035e-011	4.29677e-011	4.64396e-011	4.76526e-011	4.64864e-011	4.31331e-011	3.92269e-011	3.6151e-011	3.45648e-011	3.46537e-011	3.596e-011	3.70883e-011	3.70473e-011	3.57961e-011	3.25312e-011	2.82078e-011	2.47531e-011	2.19581e-011	2.08301e-011	2.13848e-011	2.28416e-011	2.44258e-011	2.53449e-011	2.52929e-011	2.43266e-011	2.30013e-011	2.20958e-011	2.22436e-011	2.31515e-011	2.48698e-011	2.64921e-011	2.68533e-011	2.71378e-011	2.67471e-011	2.54576e-011	2.57546e-011	2.71187e-011	2.95826e-011	3.30628e-011	3.62378e-011	3.81246e-011	3.82788e-011	3.68082e-011	3.4233e-011	3.1905e-011	3.04497e-011	3.03385e-011	3.15204e-011	3.32229e-011	3.45197e-011	3.3924e-011	3.14923e-011	2.76167e-011	2.25508e-011	1.82119e-011	1.56851e-011	1.5681e-011	1.82735e-011	2.2913e-011	2.82385e-011	3.28691e-011	3.62592e-011	3.79826e-011	3.85577e-011	3.88728e-011	3.92608e-011	4.05257e-011	4.23625e-011	4.48207e-011	4.69506e-011	4.79722e-011	4.87506e-011	4.85418e-011	4.78281e-011	4.70205e-011	4.57577e-011	4.39017e-011	4.16054e-011	3.85138e-011	3.47415e-011	3.12862e-011	2.81544e-011	2.62356e-011	2.63503e-011	2.76736e-011	2.97802e-011	3.16247e-011	3.21452e-011	3.07971e-011	2.74815e-011	2.32471e-011	1.92839e-011	1.70612e-011	1.77401e-011	2.1374e-011	2.70748e-011	3.36583e-011	3.98743e-011	4.42032e-011	4.66121e-011	4.72393e-011	4.62602e-011	4.5355e-011	4.4827e-011	4.48433e-011	4.5587e-011	4.65424e-011	4.73142e-011	4.73672e-011	4.65588e-011	4.46071e-011	4.14913e-011	3.74507e-011	3.27251e-011	2.72573e-011	2.17269e-011	1.68496e-011	1.26863e-011	1.07331e-011	1.14182e-011	1.42583e-011	1.92464e-011	2.51377e-011	3.05488e-011	3.45282e-011
6.25271e-011	6.0553e-011	5.5249e-011	4.89011e-011	4.27817e-011	3.79375e-011	3.53469e-011	3.4986e-011	3.61e-011	3.73916e-011	3.8315e-011	3.77622e-011	3.61213e-011	3.41823e-011	3.18258e-011	3.00603e-011	2.90162e-011	2.869e-011	2.84736e-011	2.82892e-011	2.81608e-011	2.79918e-011	2.83876e-011	2.9744e-011	3.22845e-011	3.52184e-011	3.77644e-011	3.93598e-011	3.89433e-011	3.7212e-011	3.44279e-011	3.15471e-011	3.06245e-011	3.19688e-011	3.57295e-011	4.10013e-011	4.64194e-011	5.02163e-011	5.11998e-011	4.97786e-011	4.61496e-011	4.15042e-011	3.75795e-011	3.49115e-011	3.3748e-011	3.39107e-011	3.44371e-011	3.41381e-011	3.30184e-011	3.09519e-011	2.7893e-011	2.52148e-011	2.33924e-011	2.25541e-011	2.27401e-011	2.353e-011	2.40731e-011	2.3844e-011	2.33555e-011	2.26894e-011	2.23447e-011	2.31098e-011	2.48574e-011	2.72811e-011	2.95769e-011	3.11225e-011	3.08562e-011	2.90992e-011	2.69619e-011	2.48042e-011	2.43439e-011	2.59184e-011	2.90455e-011	3.31598e-011	3.71034e-011	3.97357e-011	4.02046e-011	3.88297e-011	3.62056e-011	3.3275e-011	3.13313e-011	3.09468e-011	3.19338e-011	3.36895e-011	3.53329e-011	3.54582e-011	3.37097e-011	3.03263e-011	2.56713e-011	2.14792e-011	1.87672e-011	1.81074e-011	1.9565e-011	2.23123e-011	2.61566e-011	2.94655e-011	3.17766e-011	3.37109e-011	3.49262e-011	3.62195e-011	3.79185e-011	3.98676e-011	4.17426e-011	4.35723e-011	4.46134e-011	4.47549e-011	4.47902e-011	4.42674e-011	4.37389e-011	4.3788e-011	4.38807e-011	4.36495e-011	4.24578e-011	4.02015e-011	3.66818e-011	3.26429e-011	2.89418e-011	2.61626e-011	2.54789e-011	2.6544e-011	2.87774e-011	3.10943e-011	3.22094e-011	3.14667e-011	2.85527e-011	2.46449e-011	2.08209e-011	1.81697e-011	1.78836e-011	1.99662e-011	2.42784e-011	2.93711e-011	3.43423e-011	3.84917e-011	4.10651e-011	4.24661e-011	4.27336e-011	4.2571e-011	4.24685e-011	4.26302e-011	4.29434e-011	4.32959e-011	4.36023e-011	4.31876e-011	4.23386e-011	4.11838e-011	3.91785e-011	3.64108e-011	3.28307e-011	2.81342e-011	2.25578e-011	1.71842e-011	1.24456e-011	9.37536e-012	9.32312e-012	1.19434e-011	1.70674e-011	2.34771e-011	2.95412e-011	3.41591e-011
6.46136e-011	6.29887e-011	5.79509e-011	5.14246e-011	4.46531e-011	3.8495e-011	3.42475e-011	3.16719e-011	3.09019e-011	3.09177e-011	3.10445e-011	3.09618e-011	3.04666e-011	2.96551e-011	2.90118e-011	2.86921e-011	2.84439e-011	2.84584e-011	2.80352e-011	2.70359e-011	2.67689e-011	2.6804e-011	2.81993e-011	3.13352e-011	3.57299e-011	4.12294e-011	4.55768e-011	4.82033e-011	4.81992e-011	4.54453e-011	4.13681e-011	3.74405e-011	3.50512e-011	3.53157e-011	3.82448e-011	4.25698e-011	4.7376e-011	5.11585e-011	5.19399e-011	5.05453e-011	4.71779e-011	4.21002e-011	3.74673e-011	3.39116e-011	3.1412e-011	3.0193e-011	2.9634e-011	2.88466e-011	2.7732e-011	2.62682e-011	2.46391e-011	2.37481e-011	2.35617e-011	2.39635e-011	2.48605e-011	2.52897e-011	2.54092e-011	2.4364e-011	2.30315e-011	2.26107e-011	2.3052e-011	2.5344e-011	2.90796e-011	3.31386e-011	3.64437e-011	3.80781e-011	3.73623e-011	3.47511e-011	3.1249e-011	2.78107e-011	2.6034e-011	2.66725e-011	2.93366e-011	3.3388e-011	3.74384e-011	4.05245e-011	4.14333e-011	4.01157e-011	3.75645e-011	3.44566e-011	3.19818e-011	3.10718e-011	3.16331e-011	3.29875e-011	3.43286e-011	3.45689e-011	3.31744e-011	3.06762e-011	2.72519e-011	2.39547e-011	2.19479e-011	2.12152e-011	2.19622e-011	2.32574e-011	2.51489e-011	2.70887e-011	2.85166e-011	3.01022e-011	3.20326e-011	3.42629e-011	3.71677e-011	4.02555e-011	4.27608e-011	4.46191e-011	4.51625e-011	4.42141e-011	4.3108e-011	4.19651e-011	4.11203e-011	4.14543e-011	4.23274e-011	4.33163e-011	4.33065e-011	4.18673e-011	3.89456e-011	3.47018e-011	3.04502e-011	2.7263e-011	2.58036e-011	2.62263e-011	2.78845e-011	2.98814e-011	3.0915e-011	3.05615e-011	2.83816e-011	2.50864e-011	2.18327e-011	1.92729e-011	1.8389e-011	1.91874e-011	2.19569e-011	2.55208e-011	2.91196e-011	3.26437e-011	3.51639e-011	3.68253e-011	3.82287e-011	3.92736e-011	4.0161e-011	4.10924e-011	4.16624e-011	4.15162e-011	4.1491e-011	4.08586e-011	3.97544e-011	3.91527e-011	3.81287e-011	3.65205e-011	3.41288e-011	3.03256e-011	2.51455e-011	1.9535e-011	1.43892e-011	1.07919e-011	1.00218e-011	1.19727e-011	1.633e-011	2.23044e-011	2.8166e-011	3.2989e-011
6.37152e-011	6.2495e-011	5.83499e-011	5.21956e-011	4.53741e-011	3.87115e-011	3.3115e-011	2.90391e-011	2.66577e-011	2.51293e-011	2.40955e-011	2.39457e-011	2.40231e-011	2.47201e-011	2.59911e-011	2.75453e-011	2.8943e-011	2.96335e-011	2.94263e-011	2.80929e-011	2.70572e-011	2.69679e-011	2.86775e-011	3.29408e-011	3.9102e-011	4.6038e-011	5.16646e-011	5.52202e-011	5.59033e-011	5.29015e-011	4.83312e-011	4.35341e-011	3.95128e-011	3.80578e-011	3.93375e-011	4.21127e-011	4.57092e-011	4.89001e-011	4.95389e-011	4.82206e-011	4.52778e-011	4.0523e-011	3.57746e-011	3.17573e-011	2.85103e-011	2.60424e-011	2.40451e-011	2.25669e-011	2.09575e-011	2.00837e-011	2.00209e-011	2.10574e-011	2.33816e-011	2.58902e-011	2.8007e-011	2.88418e-011	2.8605e-011	2.7085e-011	2.51801e-011	2.46967e-011	2.58357e-011	2.89696e-011	3.39135e-011	3.93858e-011	4.38039e-011	4.59685e-011	4.5381e-011	4.20252e-011	3.72696e-011	3.25019e-011	2.89721e-011	2.79312e-011	2.94401e-011	3.27141e-011	3.628e-011	3.93107e-011	4.0438e-011	3.92425e-011	3.69914e-011	3.41681e-011	3.17377e-011	3.06935e-011	3.07197e-011	3.14278e-011	3.20443e-011	3.21604e-011	3.12587e-011	2.96393e-011	2.79398e-011	2.63396e-011	2.5398e-011	2.53523e-011	2.58915e-011	2.64251e-011	2.7099e-011	2.75709e-011	2.77526e-011	2.87741e-011	3.07538e-011	3.3623e-011	3.75195e-011	4.16693e-011	4.513e-011	4.7068e-011	4.73616e-011	4.58112e-011	4.32486e-011	4.09786e-011	3.95636e-011	3.95172e-011	4.06644e-011	4.21572e-011	4.27448e-011	4.19145e-011	3.96903e-011	3.58639e-011	3.18677e-011	2.86912e-011	2.66756e-011	2.63514e-011	2.70995e-011	2.8389e-011	2.92139e-011	2.89143e-011	2.74889e-011	2.51353e-011	2.25563e-011	2.06955e-011	1.99507e-011	2.03321e-011	2.22239e-011	2.43767e-011	2.6248e-011	2.87824e-011	3.06209e-011	3.21664e-011	3.4378e-011	3.65399e-011	3.87125e-011	4.06102e-011	4.17549e-011	4.17796e-011	4.12468e-011	4.02847e-011	3.91869e-011	3.86646e-011	3.82002e-011	3.73453e-011	3.56366e-011	3.26322e-011	2.82778e-011	2.28815e-011	1.77589e-011	1.38145e-011	1.20922e-011	1.30902e-011	1.63248e-011	2.13376e-011	2.66515e-011	3.11662e-011
6.05103e-011	5.95958e-011	5.62884e-011	5.11774e-011	4.52467e-011	3.90881e-011	3.35893e-011	2.86335e-011	2.46846e-011	2.18143e-011	1.91671e-011	1.81948e-011	1.86846e-011	2.04847e-011	2.37108e-011	2.72872e-011	3.0314e-011	3.20506e-011	3.20423e-011	3.0645e-011	2.90223e-011	2.84844e-011	3.00863e-011	3.42277e-011	4.06098e-011	4.82814e-011	5.48201e-011	5.90147e-011	6.05076e-011	5.79735e-011	5.30733e-011	4.76463e-011	4.24347e-011	3.91995e-011	3.85172e-011	3.94977e-011	4.1527e-011	4.34112e-011	4.37937e-011	4.24715e-011	4.00311e-011	3.63586e-011	3.26501e-011	2.90792e-011	2.5768e-011	2.26479e-011	1.91908e-011	1.67127e-011	1.48063e-011	1.41056e-011	1.56971e-011	1.89319e-011	2.33643e-011	2.82065e-011	3.19892e-011	3.38526e-011	3.38235e-011	3.22334e-011	3.00465e-011	2.90847e-011	3.01142e-011	3.36411e-011	3.89623e-011	4.51093e-011	5.06178e-011	5.30773e-011	5.2648e-011	4.91966e-011	4.31401e-011	3.68918e-011	3.19802e-011	2.91159e-011	2.89182e-011	3.07422e-011	3.29944e-011	3.49432e-011	3.60214e-011	3.51264e-011	3.368e-011	3.20776e-011	3.02889e-011	2.94245e-011	2.92836e-011	2.9523e-011	2.96467e-011	2.94065e-011	2.90173e-011	2.84294e-011	2.8035e-011	2.85113e-011	2.95291e-011	3.07785e-011	3.2135e-011	3.26468e-011	3.21467e-011	3.16118e-011	3.03673e-011	2.99352e-011	3.14498e-011	3.445e-011	3.89081e-011	4.38508e-011	4.80667e-011	5.03686e-011	5.02178e-011	4.80604e-011	4.46842e-011	4.12631e-011	3.88832e-011	3.79742e-011	3.83249e-011	3.94002e-011	4.01981e-011	3.96947e-011	3.8246e-011	3.5553e-011	3.21446e-011	2.9311e-011	2.74221e-011	2.66439e-011	2.67598e-011	2.73258e-011	2.77111e-011	2.7278e-011	2.62989e-011	2.49019e-011	2.36054e-011	2.29423e-011	2.31893e-011	2.3892e-011	2.50411e-011	2.64117e-011	2.67143e-011	2.73288e-011	2.83457e-011	2.95769e-011	3.19065e-011	3.49903e-011	3.82042e-011	4.09279e-011	4.26663e-011	4.31508e-011	4.2516e-011	4.14071e-011	4.01911e-011	3.93185e-011	3.88141e-011	3.82602e-011	3.69711e-011	3.44994e-011	3.08945e-011	2.60195e-011	2.1011e-011	1.69718e-011	1.46823e-011	1.4734e-011	1.70996e-011	2.10935e-011	2.53373e-011	2.89362e-011
5.56628e-011	5.46238e-011	5.22968e-011	4.85976e-011	4.44471e-011	3.9825e-011	3.49964e-011	3.00362e-011	2.48842e-011	2.04921e-011	1.67661e-011	1.4614e-011	1.49999e-011	1.75733e-011	2.1862e-011	2.69341e-011	3.14074e-011	3.41389e-011	3.47583e-011	3.36994e-011	3.17699e-011	3.05461e-011	3.14243e-011	3.49301e-011	4.07444e-011	4.8074e-011	5.49895e-011	5.96154e-011	6.14744e-011	5.97186e-011	5.49259e-011	4.92489e-011	4.35941e-011	3.94484e-011	3.71552e-011	3.64922e-011	3.6538e-011	3.64465e-011	3.617e-011	3.50343e-011	3.34018e-011	3.15426e-011	2.93346e-011	2.68198e-011	2.40106e-011	2.06e-011	1.65169e-011	1.30537e-011	1.07369e-011	1.01331e-011	1.24186e-011	1.71374e-011	2.34621e-011	3.0046e-011	3.56257e-011	3.90829e-011	3.96272e-011	3.82141e-011	3.59626e-011	3.42297e-011	3.46406e-011	3.78505e-011	4.30285e-011	4.92852e-011	5.50499e-011	5.7586e-011	5.70094e-011	5.36051e-011	4.71195e-011	4.03611e-011	3.45098e-011	3.00049e-011	2.77629e-011	2.72979e-011	2.78501e-011	2.86054e-011	2.91672e-011	2.90069e-011	2.85066e-011	2.82201e-011	2.80601e-011	2.81119e-011	2.82005e-011	2.84779e-011	2.82636e-011	2.76063e-011	2.74978e-011	2.75862e-011	2.86555e-011	3.09045e-011	3.40435e-011	3.73202e-011	3.97769e-011	4.08351e-011	3.9737e-011	3.76834e-011	3.52127e-011	3.33755e-011	3.36611e-011	3.62985e-011	4.06762e-011	4.55743e-011	4.98856e-011	5.23789e-011	5.20748e-011	4.97546e-011	4.59205e-011	4.1555e-011	3.80881e-011	3.59418e-011	3.51455e-011	3.53542e-011	3.58289e-011	3.56316e-011	3.47555e-011	3.32217e-011	3.10631e-011	2.92623e-011	2.80166e-011	2.76662e-011	2.7665e-011	2.76937e-011	2.7701e-011	2.68233e-011	2.5961e-011	2.54794e-011	2.55041e-011	2.64323e-011	2.79809e-011	2.95387e-011	3.04869e-011	3.08317e-011	3.01222e-011	2.92153e-011	2.88372e-011	2.92692e-011	3.11399e-011	3.4118e-011	3.76599e-011	4.08957e-011	4.31125e-011	4.42446e-011	4.3857e-011	4.26416e-011	4.13673e-011	4.01629e-011	3.93376e-011	3.8702e-011	3.75565e-011	3.54342e-011	3.22214e-011	2.79049e-011	2.34811e-011	1.99371e-011	1.77621e-011	1.7724e-011	1.92764e-011	2.21467e-011	2.53705e-011	2.76403e-011
5.08774e-011	4.97498e-011	4.80618e-011	4.6077e-011	4.3657e-011	4.08723e-011	3.73999e-011	3.28677e-011	2.75302e-011	2.22419e-011	1.74669e-011	1.43041e-011	1.39908e-011	1.61258e-011	2.06045e-011	2.62235e-011	3.16109e-011	3.54519e-011	3.66959e-011	3.59643e-011	3.40356e-011	3.21634e-011	3.20791e-011	3.45227e-011	3.93964e-011	4.58101e-011	5.21752e-011	5.63878e-011	5.81016e-011	5.69561e-011	5.3089e-011	4.83981e-011	4.344e-011	3.90443e-011	3.57156e-011	3.32819e-011	3.16976e-011	3.01666e-011	2.8789e-011	2.79181e-011	2.71751e-011	2.69127e-011	2.66863e-011	2.57366e-011	2.39043e-011	2.10462e-011	1.69241e-011	1.28599e-011	9.99468e-012	8.93153e-012	1.11199e-011	1.63079e-011	2.3727e-011	3.18023e-011	3.86842e-011	4.33419e-011	4.47064e-011	4.34057e-011	4.10012e-011	3.87108e-011	3.84397e-011	4.09253e-011	4.52394e-011	5.04809e-011	5.54171e-011	5.78563e-011	5.72517e-011	5.42087e-011	4.83763e-011	4.14932e-011	3.51736e-011	2.96769e-011	2.57399e-011	2.32621e-011	2.18878e-011	2.1274e-011	2.11623e-011	2.15448e-011	2.22314e-011	2.34125e-011	2.49507e-011	2.68327e-011	2.81389e-011	2.8935e-011	2.88673e-011	2.78841e-011	2.76178e-011	2.81542e-011	3.02532e-011	3.4201e-011	3.91777e-011	4.4264e-011	4.80109e-011	4.94348e-011	4.84778e-011	4.53989e-011	4.17517e-011	3.87791e-011	3.75917e-011	3.8727e-011	4.20172e-011	4.60266e-011	4.98425e-011	5.23778e-011	5.19933e-011	4.96134e-011	4.58044e-011	4.0874e-011	3.65235e-011	3.32984e-011	3.13646e-011	3.05006e-011	3.01987e-011	2.98563e-011	2.92746e-011	2.8743e-011	2.8037e-011	2.82186e-011	2.87602e-011	2.94242e-011	2.99638e-011	2.97187e-011	2.92957e-011	2.82956e-011	2.73016e-011	2.74883e-011	2.86805e-011	3.08953e-011	3.38064e-011	3.63589e-011	3.77524e-011	3.77796e-011	3.63224e-011	3.39934e-011	3.21471e-011	3.09455e-011	3.13684e-011	3.34353e-011	3.65536e-011	3.99052e-011	4.23323e-011	4.38062e-011	4.39956e-011	4.29313e-011	4.16384e-011	4.03101e-011	3.91983e-011	3.82323e-011	3.68862e-011	3.46785e-011	3.17576e-011	2.83019e-011	2.4679e-011	2.22784e-011	2.10561e-011	2.12744e-011	2.26513e-011	2.46206e-011	2.6825e-011	2.83453e-011
4.71608e-011	4.56661e-011	4.42248e-011	4.33141e-011	4.25045e-011	4.14663e-011	3.92999e-011	3.61881e-011	3.15213e-011	2.59106e-011	2.04598e-011	1.60791e-011	1.44804e-011	1.57402e-011	1.96315e-011	2.52125e-011	3.08849e-011	3.53391e-011	3.71226e-011	3.66927e-011	3.49767e-011	3.30466e-011	3.26298e-011	3.42662e-011	3.7991e-011	4.26566e-011	4.7416e-011	5.11162e-011	5.25798e-011	5.20877e-011	4.966e-011	4.61082e-011	4.24239e-011	3.87107e-011	3.5114e-011	3.16831e-011	2.88076e-011	2.59756e-011	2.37846e-011	2.28268e-011	2.25773e-011	2.33851e-011	2.48051e-011	2.57618e-011	2.53667e-011	2.33835e-011	1.96661e-011	1.5054e-011	1.13972e-011	9.71553e-012	1.12105e-011	1.62049e-011	2.37963e-011	3.2334e-011	3.96455e-011	4.47514e-011	4.66322e-011	4.56163e-011	4.36598e-011	4.14949e-011	4.04973e-011	4.20332e-011	4.51992e-011	4.91243e-011	5.28186e-011	5.48524e-011	5.43366e-011	5.15843e-011	4.69107e-011	4.09133e-011	3.46915e-011	2.904e-011	2.43441e-011	2.03941e-011	1.77023e-011	1.56796e-011	1.4288e-011	1.45989e-011	1.61386e-011	1.89739e-011	2.27492e-011	2.64744e-011	2.9385e-011	3.09652e-011	3.11344e-011	3.02227e-011	2.94833e-011	3.01466e-011	3.27724e-011	3.74234e-011	4.3514e-011	4.98022e-011	5.42598e-011	5.64196e-011	5.59654e-011	5.25286e-011	4.80411e-011	4.39011e-011	4.09385e-011	4.03412e-011	4.19967e-011	4.47055e-011	4.76075e-011	4.9711e-011	4.94268e-011	4.71457e-011	4.35415e-011	3.88589e-011	3.45623e-011	3.09019e-011	2.82434e-011	2.62021e-011	2.4552e-011	2.38074e-011	2.33292e-011	2.37316e-011	2.50475e-011	2.70362e-011	2.96377e-011	3.2055e-011	3.3568e-011	3.36913e-011	3.29656e-011	3.16719e-011	3.05686e-011	3.08459e-011	3.26009e-011	3.57753e-011	3.94014e-011	4.29486e-011	4.51411e-011	4.49778e-011	4.30915e-011	3.96182e-011	3.57926e-011	3.29528e-011	3.16571e-011	3.20677e-011	3.41395e-011	3.70329e-011	3.91822e-011	4.07399e-011	4.13857e-011	4.0698e-011	4.00634e-011	3.92503e-011	3.81181e-011	3.6979e-011	3.53891e-011	3.3217e-011	3.05121e-011	2.79084e-011	2.56891e-011	2.44066e-011	2.4507e-011	2.57889e-011	2.75525e-011	2.94082e-011	3.10411e-011	3.17225e-011
4.56538e-011	4.32679e-011	4.14235e-011	4.07526e-011	4.08034e-011	4.13735e-011	4.09232e-011	3.90018e-011	3.54455e-011	2.99919e-011	2.40951e-011	1.89876e-011	1.60751e-011	1.62803e-011	1.92079e-011	2.40567e-011	2.90084e-011	3.3064e-011	3.51945e-011	3.53781e-011	3.45498e-011	3.32617e-011	3.29238e-011	3.39521e-011	3.66002e-011	3.99898e-011	4.2911e-011	4.5586e-011	4.6766e-011	4.65725e-011	4.55422e-011	4.36689e-011	4.13628e-011	3.89807e-011	3.62249e-011	3.26984e-011	2.93594e-011	2.55064e-011	2.1961e-011	2.05274e-011	2.0423e-011	2.18605e-011	2.45715e-011	2.69281e-011	2.79196e-011	2.67383e-011	2.34217e-011	1.87242e-011	1.44298e-011	1.21468e-011	1.28687e-011	1.6896e-011	2.33987e-011	3.1067e-011	3.78877e-011	4.2755e-011	4.5216e-011	4.47154e-011	4.31454e-011	4.16525e-011	4.05664e-011	4.12033e-011	4.32599e-011	4.58553e-011	4.8291e-011	4.96778e-011	4.90205e-011	4.66574e-011	4.3007e-011	3.84934e-011	3.3818e-011	2.90695e-011	2.46016e-011	1.99044e-011	1.55456e-011	1.23609e-011	9.98007e-012	9.64419e-012	1.18641e-011	1.58607e-011	2.14035e-011	2.70717e-011	3.14453e-011	3.3883e-011	3.44714e-011	3.37672e-011	3.28635e-011	3.31879e-011	3.56642e-011	4.0274e-011	4.63459e-011	5.31145e-011	5.83545e-011	6.09015e-011	6.08133e-011	5.75562e-011	5.24622e-011	4.73641e-011	4.31088e-011	4.08974e-011	4.08598e-011	4.21679e-011	4.35336e-011	4.44264e-011	4.40488e-011	4.21487e-011	3.94121e-011	3.59145e-011	3.22643e-011	2.88279e-011	2.57263e-011	2.2957e-011	2.03044e-011	1.86764e-011	1.81853e-011	1.9102e-011	2.19276e-011	2.5957e-011	3.04725e-011	3.44254e-011	3.73966e-011	3.85285e-011	3.79403e-011	3.65316e-011	3.51801e-011	3.49587e-011	3.65267e-011	4.01044e-011	4.42399e-011	4.82525e-011	5.11042e-011	5.0975e-011	4.85863e-011	4.44874e-011	3.92064e-011	3.47365e-011	3.18371e-011	3.0521e-011	3.06948e-011	3.20936e-011	3.35348e-011	3.48638e-011	3.61908e-011	3.65057e-011	3.66515e-011	3.689e-011	3.6432e-011	3.54833e-011	3.38318e-011	3.17673e-011	2.94069e-011	2.73292e-011	2.63976e-011	2.675e-011	2.83627e-011	3.09286e-011	3.39241e-011	3.61448e-011	3.77035e-011	3.7951e-011
4.51899e-011	4.19253e-011	3.94194e-011	3.84517e-011	3.89248e-011	4.02378e-011	4.11889e-011	4.04419e-011	3.7823e-011	3.30352e-011	2.76175e-011	2.27009e-011	1.93226e-011	1.8505e-011	1.98836e-011	2.32557e-011	2.7207e-011	3.02621e-011	3.24934e-011	3.33097e-011	3.33099e-011	3.32908e-011	3.3669e-011	3.46934e-011	3.67377e-011	3.89631e-011	4.05933e-011	4.22275e-011	4.24521e-011	4.19325e-011	4.17315e-011	4.1323e-011	4.09257e-011	4.01879e-011	3.86312e-011	3.57464e-011	3.18906e-011	2.75349e-011	2.32287e-011	2.07608e-011	2.03465e-011	2.19956e-011	2.51427e-011	2.81745e-011	2.99353e-011	2.92185e-011	2.64805e-011	2.24446e-011	1.79448e-011	1.52148e-011	1.5004e-011	1.75898e-011	2.25519e-011	2.84725e-011	3.41695e-011	3.84174e-011	4.08524e-011	4.11065e-011	4.02868e-011	3.93144e-011	3.89066e-011	3.95783e-011	4.10186e-011	4.2891e-011	4.38759e-011	4.39247e-011	4.33196e-011	4.13657e-011	3.89863e-011	3.64539e-011	3.35116e-011	3.02839e-011	2.6551e-011	2.18947e-011	1.65722e-011	1.20368e-011	8.77121e-012	7.82152e-012	9.97975e-012	1.44664e-011	2.06719e-011	2.7253e-011	3.28821e-011	3.64379e-011	3.75504e-011	3.71948e-011	3.62234e-011	3.59479e-011	3.77376e-011	4.1849e-011	4.74771e-011	5.3896e-011	5.93235e-011	6.19371e-011	6.19091e-011	5.89554e-011	5.40363e-011	4.89713e-011	4.43793e-011	4.11242e-011	3.93837e-011	3.88007e-011	3.87906e-011	3.83661e-011	3.76508e-011	3.6346e-011	3.45261e-011	3.26684e-011	3.04644e-011	2.77888e-011	2.47978e-011	2.16316e-011	1.83191e-011	1.60261e-011	1.50663e-011	1.59752e-011	1.93026e-011	2.44251e-011	3.07416e-011	3.65371e-011	4.07776e-011	4.3095e-011	4.28926e-011	4.12799e-011	3.95733e-011	3.86891e-011	3.97035e-011	4.29164e-011	4.69654e-011	5.08813e-011	5.36956e-011	5.36289e-011	5.11736e-011	4.70222e-011	4.12786e-011	3.57234e-011	3.1169e-011	2.79415e-011	2.62887e-011	2.57994e-011	2.63221e-011	2.73979e-011	2.89429e-011	3.07471e-011	3.23936e-011	3.36601e-011	3.4328e-011	3.41561e-011	3.2866e-011	3.1137e-011	2.91149e-011	2.76245e-011	2.76448e-011	2.92927e-011	3.27413e-011	3.69223e-011	4.10884e-011	4.42336e-011	4.56931e-011	4.55847e-011
4.54084e-011	4.11296e-011	3.78945e-011	3.63434e-011	3.64745e-011	3.77321e-011	3.89877e-011	3.9005e-011	3.76673e-011	3.44749e-011	3.00322e-011	2.60209e-011	2.2884e-011	2.14936e-011	2.1812e-011	2.34906e-011	2.59777e-011	2.81946e-011	3.0113e-011	3.1425e-011	3.23134e-011	3.34512e-011	3.52297e-011	3.7202e-011	3.93301e-011	4.11079e-011	4.14111e-011	4.12994e-011	4.07821e-011	3.96562e-011	3.95198e-011	4.01022e-011	4.10884e-011	4.19192e-011	4.1631e-011	3.96412e-011	3.57439e-011	3.10657e-011	2.65691e-011	2.33244e-011	2.23177e-011	2.33832e-011	2.59159e-011	2.86798e-011	3.05635e-011	3.03426e-011	2.80832e-011	2.47592e-011	2.07643e-011	1.78361e-011	1.69109e-011	1.82461e-011	2.14436e-011	2.56996e-011	2.99979e-011	3.29116e-011	3.45286e-011	3.52938e-011	3.53894e-011	3.57868e-011	3.6681e-011	3.81265e-011	3.94546e-011	4.08194e-011	4.12079e-011	3.99832e-011	3.90195e-011	3.75425e-011	3.60929e-011	3.54968e-011	3.45441e-011	3.28066e-011	3.0161e-011	2.60967e-011	2.07711e-011	1.57305e-011	1.14572e-011	9.23255e-012	1.0454e-011	1.43937e-011	2.04876e-011	2.73436e-011	3.34644e-011	3.78322e-011	3.94169e-011	3.92787e-011	3.83465e-011	3.76415e-011	3.88366e-011	4.2152e-011	4.6832e-011	5.20831e-011	5.6694e-011	5.90654e-011	5.91067e-011	5.7078e-011	5.29562e-011	4.85201e-011	4.43675e-011	4.07533e-011	3.80441e-011	3.58137e-011	3.42487e-011	3.27497e-011	3.15844e-011	3.07573e-011	3.00051e-011	2.94129e-011	2.8846e-011	2.76645e-011	2.55114e-011	2.26609e-011	1.89484e-011	1.55761e-011	1.38666e-011	1.42203e-011	1.74503e-011	2.31363e-011	3.0262e-011	3.74665e-011	4.29394e-011	4.6049e-011	4.62572e-011	4.46032e-011	4.27265e-011	4.13632e-011	4.16254e-011	4.39156e-011	4.72166e-011	5.04362e-011	5.28642e-011	5.31448e-011	5.0894e-011	4.69531e-011	4.14661e-011	3.54046e-011	2.97957e-011	2.50256e-011	2.15741e-011	1.95561e-011	1.90858e-011	1.96343e-011	2.12289e-011	2.38409e-011	2.69331e-011	2.99889e-011	3.23019e-011	3.34036e-011	3.30269e-011	3.1676e-011	3.00305e-011	2.89875e-011	2.97251e-011	3.24897e-011	3.71181e-011	4.27853e-011	4.80734e-011	5.20542e-011	5.36161e-011	5.33223e-011
4.52368e-011	4.06042e-011	3.67932e-011	3.44119e-011	3.37725e-011	3.43926e-011	3.55878e-011	3.62224e-011	3.57532e-011	3.43442e-011	3.17825e-011	2.90497e-011	2.6801e-011	2.56998e-011	2.55773e-011	2.63654e-011	2.76281e-011	2.84322e-011	2.943e-011	3.07848e-011	3.23195e-011	3.47621e-011	3.78448e-011	4.10758e-011	4.36335e-011	4.51143e-011	4.49797e-011	4.31637e-011	4.11122e-011	3.9306e-011	3.87535e-011	3.95076e-011	4.11296e-011	4.25697e-011	4.29695e-011	4.19449e-011	3.87256e-011	3.42515e-011	2.99873e-011	2.63267e-011	2.44988e-011	2.47255e-011	2.63092e-011	2.83598e-011	2.987e-011	2.9861e-011	2.82152e-011	2.54146e-011	2.22977e-011	2.01479e-011	1.94429e-011	2.04408e-011	2.25692e-011	2.46558e-011	2.71077e-011	2.87108e-011	2.90105e-011	2.9864e-011	3.08641e-011	3.25172e-011	3.51244e-011	3.78092e-011	3.98239e-011	4.09089e-011	4.06368e-011	3.90553e-011	3.75308e-011	3.60553e-011	3.51526e-011	3.53571e-011	3.58628e-011	3.5881e-011	3.44195e-011	3.12803e-011	2.64829e-011	2.07964e-011	1.57824e-011	1.24959e-011	1.22179e-011	1.50153e-011	2.02862e-011	2.66314e-011	3.25015e-011	3.68896e-011	3.86861e-011	3.89178e-011	3.8583e-011	3.7984e-011	3.89775e-011	4.14884e-011	4.51279e-011	4.90952e-011	5.23088e-011	5.42658e-011	5.43607e-011	5.30096e-011	5.0367e-011	4.71533e-011	4.37576e-011	4.06605e-011	3.76682e-011	3.46768e-011	3.22064e-011	2.9513e-011	2.73147e-011	2.65154e-011	2.63693e-011	2.70756e-011	2.80795e-011	2.84245e-011	2.74408e-011	2.49101e-011	2.114e-011	1.69425e-011	1.40263e-011	1.3484e-011	1.613e-011	2.15478e-011	2.8688e-011	3.60647e-011	4.1768e-011	4.5448e-011	4.66002e-011	4.52647e-011	4.36243e-011	4.22389e-011	4.17325e-011	4.29545e-011	4.52868e-011	4.77136e-011	4.95812e-011	4.99989e-011	4.83248e-011	4.48151e-011	3.98967e-011	3.43196e-011	2.86296e-011	2.33693e-011	1.90085e-011	1.53359e-011	1.33118e-011	1.31775e-011	1.4454e-011	1.77084e-011	2.21328e-011	2.67802e-011	3.09126e-011	3.34989e-011	3.41767e-011	3.33156e-011	3.19114e-011	3.12018e-011	3.21429e-011	3.54634e-011	4.08489e-011	4.70115e-011	5.29091e-011	5.76877e-011	5.97582e-011	5.94234e-011
4.39352e-011	3.94569e-011	3.54005e-011	3.24552e-011	3.10645e-011	3.09597e-011	3.16835e-011	3.26001e-011	3.29264e-011	3.2645e-011	3.19299e-011	3.14015e-011	3.10947e-011	3.11562e-011	3.15985e-011	3.16311e-011	3.19135e-011	3.15857e-011	3.1103e-011	3.19579e-011	3.37785e-011	3.70405e-011	4.13629e-011	4.57415e-011	4.89361e-011	5.02419e-011	4.95207e-011	4.70147e-011	4.37686e-011	4.081e-011	3.90783e-011	3.89204e-011	4.00687e-011	4.16468e-011	4.22477e-011	4.17712e-011	3.96247e-011	3.57512e-011	3.17774e-011	2.84035e-011	2.61812e-011	2.56993e-011	2.6478e-011	2.7548e-011	2.81287e-011	2.78738e-011	2.64957e-011	2.47029e-011	2.31493e-011	2.22864e-011	2.27406e-011	2.39382e-011	2.56165e-011	2.64937e-011	2.66834e-011	2.66185e-011	2.60289e-011	2.62778e-011	2.79807e-011	3.07404e-011	3.45506e-011	3.85509e-011	4.15354e-011	4.29757e-011	4.27348e-011	4.08191e-011	3.85078e-011	3.67425e-011	3.58719e-011	3.63612e-011	3.75752e-011	3.86987e-011	3.83719e-011	3.60596e-011	3.19018e-011	2.61649e-011	2.06419e-011	1.67724e-011	1.53855e-011	1.68529e-011	2.05019e-011	2.5517e-011	3.01513e-011	3.37527e-011	3.58645e-011	3.65347e-011	3.69702e-011	3.73485e-011	3.8476e-011	4.05007e-011	4.32609e-011	4.59447e-011	4.79439e-011	4.91903e-011	4.90678e-011	4.79694e-011	4.65419e-011	4.49121e-011	4.31721e-011	4.12189e-011	3.88767e-011	3.55637e-011	3.22244e-011	2.87702e-011	2.53943e-011	2.40796e-011	2.42041e-011	2.56904e-011	2.79922e-011	2.97067e-011	2.97142e-011	2.75727e-011	2.3856e-011	1.9489e-011	1.5859e-011	1.43763e-011	1.57171e-011	1.99142e-011	2.59457e-011	3.26955e-011	3.83594e-011	4.21924e-011	4.41162e-011	4.35936e-011	4.22434e-011	4.10412e-011	4.0316e-011	4.07996e-011	4.22601e-011	4.38681e-011	4.48859e-011	4.4953e-011	4.36764e-011	4.1065e-011	3.7477e-011	3.30581e-011	2.81664e-011	2.28823e-011	1.79619e-011	1.34243e-011	9.78541e-012	8.59701e-012	9.50252e-012	1.28537e-011	1.83273e-011	2.42731e-011	2.95954e-011	3.3353e-011	3.5088e-011	3.49746e-011	3.39575e-011	3.35551e-011	3.46007e-011	3.76254e-011	4.29913e-011	4.94997e-011	5.55801e-011	6.05765e-011	6.321e-011	6.2962e-011
4.12253e-011	3.75527e-011	3.39737e-011	3.10945e-011	2.94865e-011	2.88029e-011	2.86187e-011	2.93429e-011	2.98688e-011	3.06635e-011	3.18872e-011	3.3422e-011	3.56987e-011	3.76186e-011	3.89964e-011	3.91267e-011	3.83374e-011	3.67543e-011	3.52695e-011	3.5119e-011	3.66252e-011	3.99588e-011	4.44646e-011	4.93189e-011	5.31936e-011	5.45309e-011	5.37266e-011	5.07598e-011	4.6321e-011	4.21881e-011	3.90919e-011	3.74816e-011	3.75227e-011	3.84942e-011	3.89521e-011	3.86842e-011	3.71137e-011	3.41893e-011	3.13118e-011	2.88492e-011	2.71243e-011	2.67157e-011	2.68083e-011	2.71718e-011	2.67639e-011	2.58741e-011	2.49346e-011	2.40235e-011	2.42186e-011	2.54564e-011	2.73609e-011	2.94602e-011	3.11069e-011	3.13141e-011	3.04115e-011	2.87787e-011	2.68562e-011	2.62108e-011	2.75982e-011	3.06079e-011	3.5082e-011	3.98685e-011	4.3843e-011	4.57994e-011	4.55997e-011	4.37279e-011	4.0808e-011	3.83248e-011	3.71218e-011	3.73857e-011	3.86838e-011	4.00965e-011	4.02008e-011	3.8399e-011	3.50296e-011	3.00582e-011	2.49452e-011	2.11932e-011	1.91188e-011	1.93471e-011	2.11612e-011	2.42025e-011	2.74947e-011	3.01074e-011	3.20992e-011	3.34953e-011	3.46763e-011	3.62052e-011	3.82509e-011	4.05194e-011	4.30854e-011	4.48998e-011	4.54455e-011	4.56613e-011	4.49942e-011	4.38122e-011	4.32993e-011	4.30097e-011	4.30064e-011	4.25583e-011	4.10953e-011	3.82183e-011	3.41275e-011	2.96419e-011	2.57337e-011	2.36141e-011	2.35007e-011	2.51064e-011	2.76539e-011	2.98703e-011	3.07665e-011	2.93173e-011	2.60683e-011	2.19206e-011	1.7798e-011	1.53776e-011	1.53497e-011	1.80089e-011	2.26256e-011	2.8127e-011	3.32284e-011	3.69701e-011	3.90284e-011	3.935e-011	3.88992e-011	3.8439e-011	3.81868e-011	3.86736e-011	3.9322e-011	4.03179e-011	4.0612e-011	4.00251e-011	3.92175e-011	3.75081e-011	3.52516e-011	3.24711e-011	2.87581e-011	2.40511e-011	1.89447e-011	1.37462e-011	9.34604e-012	7.25953e-012	7.45191e-012	1.02759e-011	1.56351e-011	2.1916e-011	2.80425e-011	3.2669e-011	3.53048e-011	3.60793e-011	3.53901e-011	3.49216e-011	3.59029e-011	3.85617e-011	4.33977e-011	4.96196e-011	5.54821e-011	6.02421e-011	6.29152e-011	6.27276e-011
3.698e-011	3.47001e-011	3.2465e-011	3.05682e-011	2.91654e-011	2.83031e-011	2.7394e-011	2.73807e-011	2.79498e-011	2.93156e-011	3.2151e-011	3.59537e-011	4.01879e-011	4.39333e-011	4.65808e-011	4.74604e-011	4.63176e-011	4.40245e-011	4.14366e-011	3.98499e-011	4.01438e-011	4.26891e-011	4.66324e-011	5.12142e-011	5.53644e-011	5.67433e-011	5.58301e-011	5.28283e-011	4.76053e-011	4.23561e-011	3.81948e-011	3.52073e-011	3.37736e-011	3.34039e-011	3.30686e-011	3.23105e-011	3.13907e-011	2.96199e-011	2.83034e-011	2.78441e-011	2.7533e-011	2.77471e-011	2.77951e-011	2.76266e-011	2.66848e-011	2.52196e-011	2.45166e-011	2.46466e-011	2.60681e-011	2.92065e-011	3.30524e-011	3.65141e-011	3.89105e-011	3.92063e-011	3.72146e-011	3.44349e-011	3.11351e-011	2.87792e-011	2.9011e-011	3.15297e-011	3.59478e-011	4.09409e-011	4.53869e-011	4.79548e-011	4.76812e-011	4.57677e-011	4.27651e-011	3.98372e-011	3.82333e-011	3.79143e-011	3.8455e-011	3.93517e-011	3.96071e-011	3.81953e-011	3.56651e-011	3.22038e-011	2.81588e-011	2.48915e-011	2.29678e-011	2.24078e-011	2.28861e-011	2.43318e-011	2.60443e-011	2.73853e-011	2.89538e-011	3.06346e-011	3.26775e-011	3.55267e-011	3.89007e-011	4.21302e-011	4.46398e-011	4.6173e-011	4.57438e-011	4.42978e-011	4.27602e-011	4.13448e-011	4.10509e-011	4.18895e-011	4.31448e-011	4.38412e-011	4.32727e-011	4.10081e-011	3.69462e-011	3.22124e-011	2.77971e-011	2.47374e-011	2.38156e-011	2.48314e-011	2.71049e-011	2.93944e-011	3.06662e-011	2.99544e-011	2.72771e-011	2.34443e-011	1.9448e-011	1.65259e-011	1.56275e-011	1.71332e-011	2.01968e-011	2.38976e-011	2.8025e-011	3.08453e-011	3.2647e-011	3.38807e-011	3.45162e-011	3.53111e-011	3.62022e-011	3.71077e-011	3.75815e-011	3.78648e-011	3.75628e-011	3.66368e-011	3.58495e-011	3.4934e-011	3.37023e-011	3.21944e-011	2.98371e-011	2.62514e-011	2.16221e-011	1.65067e-011	1.15456e-011	8.36226e-012	7.54757e-012	9.29844e-012	1.39087e-011	1.99563e-011	2.62085e-011	3.12701e-011	3.4458e-011	3.578e-011	3.53922e-011	3.50839e-011	3.59541e-011	3.82546e-011	4.24484e-011	4.78025e-011	5.30271e-011	5.71124e-011	5.96372e-011	5.98591e-011
3.24482e-011	3.19681e-011	3.14214e-011	3.08298e-011	3.01951e-011	2.93172e-011	2.81396e-011	2.74576e-011	2.76766e-011	2.91861e-011	3.24887e-011	3.74005e-011	4.3327e-011	4.86752e-011	5.26285e-011	5.46945e-011	5.37391e-011	5.09523e-011	4.74969e-011	4.43348e-011	4.30301e-011	4.4163e-011	4.69905e-011	5.07896e-011	5.43748e-011	5.56647e-011	5.45871e-011	5.16052e-011	4.65112e-011	4.12224e-011	3.64513e-011	3.24964e-011	2.96483e-011	2.74254e-011	2.60105e-011	2.47661e-011	2.39593e-011	2.38523e-011	2.44068e-011	2.57882e-011	2.78106e-011	2.93842e-011	3.00776e-011	2.99775e-011	2.87798e-011	2.69619e-011	2.62612e-011	2.68064e-011	2.93112e-011	3.37094e-011	3.91083e-011	4.4317e-011	4.74628e-011	4.81798e-011	4.59176e-011	4.15563e-011	3.67505e-011	3.28817e-011	3.13422e-011	3.26547e-011	3.62262e-011	4.03471e-011	4.42273e-011	4.68443e-011	4.66196e-011	4.52163e-011	4.29402e-011	3.9899e-011	3.79719e-011	3.71562e-011	3.69296e-011	3.71172e-011	3.70864e-011	3.61803e-011	3.45588e-011	3.23881e-011	3.01683e-011	2.84617e-011	2.74213e-011	2.73124e-011	2.738e-011	2.73543e-011	2.79223e-011	2.75563e-011	2.77931e-011	2.95424e-011	3.22063e-011	3.62334e-011	4.1033e-011	4.53835e-011	4.82825e-011	4.93223e-011	4.81717e-011	4.56561e-011	4.28628e-011	4.07036e-011	3.9999e-011	4.0771e-011	4.24683e-011	4.39608e-011	4.40296e-011	4.26346e-011	3.91648e-011	3.43622e-011	2.97398e-011	2.60958e-011	2.43125e-011	2.45513e-011	2.61869e-011	2.8184e-011	2.94165e-011	2.91012e-011	2.70601e-011	2.40576e-011	2.08395e-011	1.85236e-011	1.75046e-011	1.80508e-011	1.99779e-011	2.16284e-011	2.37783e-011	2.57932e-011	2.71405e-011	2.87942e-011	3.06561e-011	3.26267e-011	3.48085e-011	3.64964e-011	3.73122e-011	3.73711e-011	3.66078e-011	3.52365e-011	3.4168e-011	3.33866e-011	3.2844e-011	3.22918e-011	3.10194e-011	2.87161e-011	2.47928e-011	1.98766e-011	1.48139e-011	1.06867e-011	8.73615e-012	9.44757e-012	1.30323e-011	1.82823e-011	2.39047e-011	2.87945e-011	3.1838e-011	3.33955e-011	3.36726e-011	3.38375e-011	3.49337e-011	3.71727e-011	4.07619e-011	4.5027e-011	4.94707e-011	5.30027e-011	5.50794e-011	5.57116e-011
2.84415e-011	2.92983e-011	3.05599e-011	3.16206e-011	3.20282e-011	3.17874e-011	3.07763e-011	2.95477e-011	2.91482e-011	3.01051e-011	3.32409e-011	3.83509e-011	4.4986e-011	5.1693e-011	5.67272e-011	5.95901e-011	5.92837e-011	5.62111e-011	5.2017e-011	4.78255e-011	4.51252e-011	4.46654e-011	4.60168e-011	4.81643e-011	5.02866e-011	5.11971e-011	5.01115e-011	4.75772e-011	4.35307e-011	3.87014e-011	3.39716e-011	2.95703e-011	2.56719e-011	2.2158e-011	1.93721e-011	1.75648e-011	1.6742e-011	1.76165e-011	1.99687e-011	2.34625e-011	2.73655e-011	3.10167e-011	3.32889e-011	3.37698e-011	3.28237e-011	3.08974e-011	2.96981e-011	3.02404e-011	3.3236e-011	3.84704e-011	4.49675e-011	5.1347e-011	5.52164e-011	5.60164e-011	5.38419e-011	4.86353e-011	4.2791e-011	3.7772e-011	3.43398e-011	3.35103e-011	3.50291e-011	3.75326e-011	4.02355e-011	4.24723e-011	4.26684e-011	4.16968e-011	4.03381e-011	3.81678e-011	3.64468e-011	3.53452e-011	3.47106e-011	3.42428e-011	3.36206e-011	3.29469e-011	3.19856e-011	3.13371e-011	3.10929e-011	3.17448e-011	3.27725e-011	3.38054e-011	3.42678e-011	3.32452e-011	3.22147e-011	3.07509e-011	2.9587e-011	3.06567e-011	3.3602e-011	3.83055e-011	4.40231e-011	4.92257e-011	5.26845e-011	5.36397e-011	5.20843e-011	4.86149e-011	4.46636e-011	4.12874e-011	3.9468e-011	3.94459e-011	4.07839e-011	4.2562e-011	4.31187e-011	4.22525e-011	3.96426e-011	3.53425e-011	3.08447e-011	2.71261e-011	2.50918e-011	2.47437e-011	2.56183e-011	2.69548e-011	2.75505e-011	2.73309e-011	2.60864e-011	2.42499e-011	2.25183e-011	2.13059e-011	2.08138e-011	2.09184e-011	2.16358e-011	2.20531e-011	2.22457e-011	2.28724e-011	2.35702e-011	2.51536e-011	2.75685e-011	3.05486e-011	3.36941e-011	3.63635e-011	3.79415e-011	3.80354e-011	3.70932e-011	3.5372e-011	3.36968e-011	3.27198e-011	3.23978e-011	3.24206e-011	3.20053e-011	3.05648e-011	2.73787e-011	2.28448e-011	1.80119e-011	1.36834e-011	1.13625e-011	1.13234e-011	1.36578e-011	1.76169e-011	2.18012e-011	2.58571e-011	2.87539e-011	3.03081e-011	3.12858e-011	3.20912e-011	3.3466e-011	3.59571e-011	3.92323e-011	4.2838e-011	4.65524e-011	4.93179e-011	5.07931e-011	5.1585e-011
2.52464e-011	2.69493e-011	2.94023e-011	3.21101e-011	3.40778e-011	3.46128e-011	3.39825e-011	3.2462e-011	3.11993e-011	3.13445e-011	3.37132e-011	3.84259e-011	4.50375e-011	5.2018e-011	5.74014e-011	6.06497e-011	6.09061e-011	5.8129e-011	5.42385e-011	4.98972e-011	4.621e-011	4.42039e-011	4.36759e-011	4.41788e-011	4.48072e-011	4.49134e-011	4.4017e-011	4.20178e-011	3.92507e-011	3.57433e-011	3.17294e-011	2.76081e-011	2.35259e-011	1.91836e-011	1.55234e-011	1.29404e-011	1.15517e-011	1.26936e-011	1.60806e-011	2.13854e-011	2.75196e-011	3.30104e-011	3.68934e-011	3.82923e-011	3.75283e-011	3.56345e-011	3.39334e-011	3.41656e-011	3.71029e-011	4.2202e-011	4.87134e-011	5.52416e-011	5.93679e-011	6.04079e-011	5.86255e-011	5.34947e-011	4.69819e-011	4.0958e-011	3.58638e-011	3.28891e-011	3.20847e-011	3.25723e-011	3.37665e-011	3.51156e-011	3.5673e-011	3.55035e-011	3.50715e-011	3.42174e-011	3.3794e-011	3.33426e-011	3.2905e-011	3.21857e-011	3.09402e-011	3.02718e-011	2.99207e-011	3.06373e-011	3.27899e-011	3.57535e-011	3.903e-011	4.17766e-011	4.29184e-011	4.19739e-011	3.9775e-011	3.70014e-011	3.47461e-011	3.47513e-011	3.69346e-011	4.13665e-011	4.69749e-011	5.24621e-011	5.64641e-011	5.72908e-011	5.55614e-011	5.15959e-011	4.62959e-011	4.16527e-011	3.85887e-011	3.72876e-011	3.78237e-011	3.91546e-011	3.9611e-011	3.89774e-011	3.71194e-011	3.36242e-011	3.04638e-011	2.78366e-011	2.60522e-011	2.55665e-011	2.56687e-011	2.63494e-011	2.6563e-011	2.60962e-011	2.56586e-011	2.50327e-011	2.4782e-011	2.52281e-011	2.58145e-011	2.62799e-011	2.66306e-011	2.59705e-011	2.46579e-011	2.38862e-011	2.29764e-011	2.34292e-011	2.56819e-011	2.9007e-011	3.29317e-011	3.63146e-011	3.85422e-011	3.90022e-011	3.77996e-011	3.58196e-011	3.37317e-011	3.23275e-011	3.18585e-011	3.18604e-011	3.15522e-011	3.04669e-011	2.80374e-011	2.42078e-011	2.0287e-011	1.66484e-011	1.42417e-011	1.3778e-011	1.50687e-011	1.78326e-011	2.09468e-011	2.37202e-011	2.60852e-011	2.76285e-011	2.90402e-011	3.06997e-011	3.28235e-011	3.58089e-011	3.93689e-011	4.25851e-011	4.55323e-011	4.77694e-011	4.84023e-011	4.8707e-011
2.31817e-011	2.51324e-011	2.85065e-011	3.22554e-011	3.55145e-011	3.6977e-011	3.67239e-011	3.52195e-011	3.34182e-011	3.28779e-011	3.43861e-011	3.81051e-011	4.3524e-011	4.97266e-011	5.49026e-011	5.8205e-011	5.92751e-011	5.73764e-011	5.39766e-011	5.01544e-011	4.62182e-011	4.3211e-011	4.1155e-011	4.00225e-011	3.92652e-011	3.85474e-011	3.75698e-011	3.60713e-011	3.43657e-011	3.24664e-011	3.01729e-011	2.7127e-011	2.357e-011	1.90543e-011	1.4273e-011	1.08103e-011	8.86327e-012	9.62562e-012	1.36347e-011	1.99328e-011	2.75055e-011	3.44317e-011	3.94686e-011	4.16632e-011	4.12662e-011	3.97037e-011	3.79562e-011	3.75471e-011	3.98571e-011	4.42994e-011	4.9932e-011	5.58691e-011	6.0097e-011	6.12473e-011	5.96539e-011	5.52063e-011	4.87163e-011	4.20263e-011	3.59871e-011	3.14425e-011	2.85987e-011	2.73671e-011	2.67131e-011	2.6502e-011	2.69086e-011	2.74301e-011	2.84706e-011	2.98142e-011	3.10381e-011	3.19334e-011	3.21505e-011	3.15816e-011	3.0236e-011	2.92527e-011	2.94044e-011	3.11201e-011	3.48616e-011	3.99931e-011	4.53703e-011	4.95147e-011	5.18611e-011	5.16429e-011	4.89724e-011	4.53042e-011	4.17601e-011	3.99041e-011	4.07147e-011	4.41465e-011	4.9043e-011	5.4193e-011	5.82387e-011	5.9126e-011	5.7086e-011	5.28496e-011	4.69453e-011	4.15174e-011	3.74856e-011	3.50707e-011	3.41289e-011	3.4094e-011	3.41165e-011	3.34774e-011	3.2458e-011	3.06776e-011	2.88818e-011	2.78754e-011	2.7358e-011	2.73002e-011	2.7218e-011	2.73341e-011	2.7025e-011	2.63303e-011	2.63334e-011	2.66863e-011	2.78039e-011	2.96653e-011	3.18949e-011	3.33478e-011	3.37054e-011	3.25504e-011	2.96161e-011	2.67676e-011	2.44344e-011	2.33468e-011	2.45457e-011	2.75585e-011	3.16508e-011	3.52591e-011	3.77645e-011	3.8591e-011	3.73781e-011	3.55143e-011	3.34554e-011	3.16246e-011	3.07741e-011	3.04532e-011	3.0014e-011	2.90363e-011	2.73107e-011	2.45214e-011	2.14559e-011	1.89832e-011	1.74034e-011	1.70827e-011	1.80574e-011	2.00997e-011	2.20857e-011	2.39209e-011	2.56612e-011	2.67155e-011	2.82018e-011	3.05967e-011	3.36063e-011	3.72611e-011	4.12659e-011	4.45607e-011	4.66941e-011	4.80749e-011	4.8294e-011	4.7858e-011
2.20433e-011	2.37499e-011	2.72526e-011	3.13918e-011	3.51834e-011	3.72299e-011	3.76895e-011	3.68908e-011	3.51687e-011	3.42292e-011	3.4802e-011	3.72763e-011	4.1374e-011	4.60926e-011	5.06261e-011	5.37952e-011	5.52355e-011	5.45505e-011	5.22171e-011	4.91106e-011	4.58215e-011	4.28683e-011	4.01064e-011	3.82023e-011	3.59124e-011	3.36447e-011	3.24599e-011	3.1303e-011	3.06141e-011	3.04732e-011	2.98314e-011	2.8238e-011	2.54102e-011	2.10769e-011	1.57952e-011	1.13542e-011	8.71153e-012	8.90669e-012	1.25831e-011	1.88242e-011	2.6536e-011	3.37903e-011	3.94791e-011	4.26934e-011	4.27736e-011	4.15664e-011	4.01508e-011	3.925e-011	4.05725e-011	4.40661e-011	4.86046e-011	5.35361e-011	5.7337e-011	5.83627e-011	5.69216e-011	5.31065e-011	4.74556e-011	4.14673e-011	3.56149e-011	3.05405e-011	2.61299e-011	2.27024e-011	2.05706e-011	1.89347e-011	1.86866e-011	2.00134e-011	2.22844e-011	2.57304e-011	2.92797e-011	3.17972e-011	3.29521e-011	3.28619e-011	3.168e-011	3.06315e-011	3.08793e-011	3.30425e-011	3.75043e-011	4.36186e-011	5.06967e-011	5.65136e-011	5.98266e-011	6.04107e-011	5.76841e-011	5.30669e-011	4.84194e-011	4.48414e-011	4.38344e-011	4.58558e-011	4.95617e-011	5.35092e-011	5.66502e-011	5.72985e-011	5.52356e-011	5.13706e-011	4.58835e-011	4.02963e-011	3.57199e-011	3.23012e-011	3.01632e-011	2.87256e-011	2.79266e-011	2.72697e-011	2.67145e-011	2.67074e-011	2.70045e-011	2.77535e-011	2.88324e-011	3.00858e-011	3.06023e-011	3.06434e-011	2.99507e-011	2.87993e-011	2.85874e-011	2.93863e-011	3.16723e-011	3.49376e-011	3.83803e-011	4.10301e-011	4.15111e-011	3.97963e-011	3.6096e-011	3.12838e-011	2.71044e-011	2.45805e-011	2.42648e-011	2.59449e-011	2.91147e-011	3.21737e-011	3.45222e-011	3.58361e-011	3.50161e-011	3.34605e-011	3.19331e-011	3.0164e-011	2.90634e-011	2.84074e-011	2.7803e-011	2.68817e-011	2.54675e-011	2.37031e-011	2.19948e-011	2.08585e-011	2.06488e-011	2.1654e-011	2.30656e-011	2.50605e-011	2.63954e-011	2.6829e-011	2.77472e-011	2.84225e-011	2.95525e-011	3.23588e-011	3.60614e-011	4.03628e-011	4.47412e-011	4.80981e-011	5.00068e-011	5.05488e-011	4.99772e-011	4.8906e-011
2.25096e-011	2.32116e-011	2.59732e-011	2.97164e-011	3.34465e-011	3.6162e-011	3.72625e-011	3.71751e-011	3.61749e-011	3.52602e-011	3.52514e-011	3.66406e-011	3.9373e-011	4.272e-011	4.62978e-011	4.86461e-011	4.97705e-011	4.99023e-011	4.89626e-011	4.75092e-011	4.56149e-011	4.34664e-011	4.07187e-011	3.79027e-011	3.48764e-011	3.15064e-011	2.94797e-011	2.84562e-011	2.84419e-011	2.9596e-011	3.04507e-011	3.01488e-011	2.80985e-011	2.43322e-011	1.93095e-011	1.43757e-011	1.09734e-011	1.00952e-011	1.25724e-011	1.77952e-011	2.47266e-011	3.16705e-011	3.73216e-011	4.10001e-011	4.17134e-011	4.09411e-011	3.97185e-011	3.88793e-011	3.97637e-011	4.23659e-011	4.58817e-011	4.93126e-011	5.18906e-011	5.28197e-011	5.15888e-011	4.88935e-011	4.48338e-011	4.011e-011	3.52165e-011	3.03424e-011	2.53844e-011	2.03622e-011	1.6556e-011	1.37211e-011	1.28852e-011	1.45491e-011	1.78699e-011	2.2535e-011	2.77309e-011	3.20696e-011	3.46682e-011	3.54358e-011	3.47547e-011	3.36064e-011	3.35247e-011	3.55256e-011	4.01712e-011	4.6773e-011	5.4423e-011	6.13369e-011	6.54564e-011	6.63665e-011	6.38046e-011	5.88172e-011	5.3607e-011	4.9153e-011	4.66396e-011	4.66392e-011	4.83889e-011	5.07402e-011	5.24696e-011	5.27773e-011	5.09592e-011	4.7609e-011	4.32467e-011	3.83706e-011	3.38005e-011	2.99253e-011	2.69031e-011	2.44104e-011	2.28428e-011	2.17278e-011	2.13565e-011	2.22843e-011	2.43464e-011	2.74871e-011	3.07803e-011	3.35587e-011	3.52414e-011	3.53333e-011	3.43708e-011	3.28903e-011	3.20747e-011	3.28961e-011	3.56195e-011	3.96962e-011	4.4009e-011	4.73767e-011	4.80789e-011	4.61813e-011	4.20747e-011	3.62384e-011	3.05502e-011	2.61683e-011	2.37851e-011	2.36618e-011	2.5142e-011	2.72761e-011	2.91937e-011	3.05245e-011	3.06124e-011	2.99333e-011	2.89352e-011	2.78494e-011	2.70771e-011	2.637e-011	2.5749e-011	2.47045e-011	2.34169e-011	2.24913e-011	2.20954e-011	2.28727e-011	2.46248e-011	2.71017e-011	2.97257e-011	3.1918e-011	3.30661e-011	3.2823e-011	3.2452e-011	3.23245e-011	3.31897e-011	3.58678e-011	3.97997e-011	4.44369e-011	4.88296e-011	5.22021e-011	5.39161e-011	5.38224e-011	5.25542e-011	5.06125e-011
2.3526e-011	2.32359e-011	2.48704e-011	2.78678e-011	3.1195e-011	3.41166e-011	3.59197e-011	3.65324e-011	3.64147e-011	3.63532e-011	3.6677e-011	3.78473e-011	3.96967e-011	4.13169e-011	4.32351e-011	4.47982e-011	4.52254e-011	4.57778e-011	4.60444e-011	4.61092e-011	4.59349e-011	4.49813e-011	4.29118e-011	3.97363e-011	3.59585e-011	3.20815e-011	2.92816e-011	2.78776e-011	2.79483e-011	2.92979e-011	3.08595e-011	3.16651e-011	3.05247e-011	2.74217e-011	2.29762e-011	1.78168e-011	1.37407e-011	1.18817e-011	1.28924e-011	1.66126e-011	2.22146e-011	2.82343e-011	3.31169e-011	3.6348e-011	3.75091e-011	3.73683e-011	3.70951e-011	3.69817e-011	3.80799e-011	4.00934e-011	4.2811e-011	4.52874e-011	4.63723e-011	4.69954e-011	4.61961e-011	4.43751e-011	4.23138e-011	3.95134e-011	3.58229e-011	3.18961e-011	2.71187e-011	2.16269e-011	1.71581e-011	1.32056e-011	1.09652e-011	1.21963e-011	1.55789e-011	2.08912e-011	2.7229e-011	3.28317e-011	3.67958e-011	3.82928e-011	3.80124e-011	3.69315e-011	3.63222e-011	3.79062e-011	4.21318e-011	4.83131e-011	5.56035e-011	6.23787e-011	6.63683e-011	6.76519e-011	6.60099e-011	6.12856e-011	5.61659e-011	5.14932e-011	4.78358e-011	4.6201e-011	4.59168e-011	4.64446e-011	4.68831e-011	4.65983e-011	4.51476e-011	4.25887e-011	3.93199e-011	3.59172e-011	3.24806e-011	2.90754e-011	2.60239e-011	2.26552e-011	1.9753e-011	1.81165e-011	1.74969e-011	1.90058e-011	2.25138e-011	2.73216e-011	3.28553e-011	3.74064e-011	4.02392e-011	4.07009e-011	3.93833e-011	3.75396e-011	3.61876e-011	3.6515e-011	3.90207e-011	4.29614e-011	4.72166e-011	5.09176e-011	5.21146e-011	5.02425e-011	4.60578e-011	3.97256e-011	3.28367e-011	2.69691e-011	2.26579e-011	2.04442e-011	2.01837e-011	2.11604e-011	2.22909e-011	2.33193e-011	2.39433e-011	2.43112e-011	2.47211e-011	2.49779e-011	2.51767e-011	2.50041e-011	2.44659e-011	2.35628e-011	2.24042e-011	2.21171e-011	2.29513e-011	2.51932e-011	2.90791e-011	3.35087e-011	3.74547e-011	4.01706e-011	4.13497e-011	4.09206e-011	3.97449e-011	3.87044e-011	3.87331e-011	4.04534e-011	4.3817e-011	4.8261e-011	5.23457e-011	5.54984e-011	5.70917e-011	5.63506e-011	5.43314e-011	5.17161e-011
2.51953e-011	2.4267e-011	2.50706e-011	2.71304e-011	2.95034e-011	3.19892e-011	3.40604e-011	3.5473e-011	3.66947e-011	3.78415e-011	3.91474e-011	4.04284e-011	4.17696e-011	4.24868e-011	4.24642e-011	4.25413e-011	4.23978e-011	4.27582e-011	4.38041e-011	4.50427e-011	4.60024e-011	4.62557e-011	4.52136e-011	4.24476e-011	3.86266e-011	3.4425e-011	3.07376e-011	2.86207e-011	2.82344e-011	2.93327e-011	3.1026e-011	3.22903e-011	3.19476e-011	2.95598e-011	2.5635e-011	2.0742e-011	1.6605e-011	1.43229e-011	1.44717e-011	1.68313e-011	2.04233e-011	2.48353e-011	2.84331e-011	3.06014e-011	3.20704e-011	3.26772e-011	3.34133e-011	3.4728e-011	3.65647e-011	3.86511e-011	4.08208e-011	4.23306e-011	4.27913e-011	4.29092e-011	4.22344e-011	4.10901e-011	4.02957e-011	3.92887e-011	3.76018e-011	3.50248e-011	3.12186e-011	2.59482e-011	2.05468e-011	1.58336e-011	1.24548e-011	1.23796e-011	1.52343e-011	2.04561e-011	2.70647e-011	3.33025e-011	3.79113e-011	3.98182e-011	3.99328e-011	3.93104e-011	3.84905e-011	3.97454e-011	4.32562e-011	4.83678e-011	5.45129e-011	6.04148e-011	6.42113e-011	6.55331e-011	6.46145e-011	6.0944e-011	5.6368e-011	5.19037e-011	4.80223e-011	4.53682e-011	4.37429e-011	4.28835e-011	4.17124e-011	4.02877e-011	3.89644e-011	3.71351e-011	3.54365e-011	3.38452e-011	3.20741e-011	2.97342e-011	2.69238e-011	2.33575e-011	1.93013e-011	1.657e-011	1.54376e-011	1.68687e-011	2.12055e-011	2.72926e-011	3.39385e-011	3.95524e-011	4.33994e-011	4.46776e-011	4.34602e-011	4.15408e-011	3.978e-011	3.91879e-011	4.08624e-011	4.43119e-011	4.81546e-011	5.16054e-011	5.31348e-011	5.15197e-011	4.74256e-011	4.10805e-011	3.38383e-011	2.72194e-011	2.19033e-011	1.82819e-011	1.6033e-011	1.51857e-011	1.52839e-011	1.56146e-011	1.67463e-011	1.82819e-011	2.02174e-011	2.23589e-011	2.40299e-011	2.47865e-011	2.45838e-011	2.37503e-011	2.27756e-011	2.27662e-011	2.44712e-011	2.80367e-011	3.30403e-011	3.8869e-011	4.44373e-011	4.81211e-011	4.96819e-011	4.93087e-011	4.73155e-011	4.52311e-011	4.42197e-011	4.46917e-011	4.6964e-011	5.06529e-011	5.42144e-011	5.68006e-011	5.79689e-011	5.68803e-011	5.43655e-011	5.12764e-011
2.79561e-011	2.71428e-011	2.70841e-011	2.83353e-011	2.9669e-011	3.11042e-011	3.32129e-011	3.52153e-011	3.75917e-011	4.02712e-011	4.27565e-011	4.46729e-011	4.57562e-011	4.56752e-011	4.46612e-011	4.33479e-011	4.19582e-011	4.1435e-011	4.21375e-011	4.36695e-011	4.55395e-011	4.65665e-011	4.65151e-011	4.46181e-011	4.09016e-011	3.66314e-011	3.25319e-011	2.95993e-011	2.85144e-011	2.91023e-011	3.04148e-011	3.14919e-011	3.13519e-011	2.94168e-011	2.63404e-011	2.25829e-011	1.91473e-011	1.72754e-011	1.69573e-011	1.8345e-011	2.02532e-011	2.24658e-011	2.46344e-011	2.59483e-011	2.70928e-011	2.85477e-011	3.03227e-011	3.29112e-011	3.60289e-011	3.88366e-011	4.11648e-011	4.24564e-011	4.22014e-011	4.15575e-011	4.0816e-011	3.998e-011	4.00195e-011	4.03458e-011	4.0358e-011	3.92151e-011	3.63758e-011	3.18054e-011	2.59507e-011	2.03253e-011	1.63005e-011	1.50249e-011	1.68123e-011	2.10686e-011	2.68537e-011	3.2379e-011	3.68153e-011	3.91552e-011	3.96789e-011	3.96857e-011	3.94043e-011	4.0316e-011	4.305e-011	4.7175e-011	5.20319e-011	5.6666e-011	5.98717e-011	6.10431e-011	6.02493e-011	5.7752e-011	5.45072e-011	5.12239e-011	4.81436e-011	4.56218e-011	4.29868e-011	4.09354e-011	3.85988e-011	3.57026e-011	3.41039e-011	3.29247e-011	3.24796e-011	3.28785e-011	3.2947e-011	3.1944e-011	2.96056e-011	2.58991e-011	2.14456e-011	1.78737e-011	1.59326e-011	1.66409e-011	2.04223e-011	2.64402e-011	3.36505e-011	3.98556e-011	4.43355e-011	4.65444e-011	4.56252e-011	4.35607e-011	4.15906e-011	4.02713e-011	4.09809e-011	4.3614e-011	4.67064e-011	4.94339e-011	5.0663e-011	4.9138e-011	4.54659e-011	4.01111e-011	3.34945e-011	2.71886e-011	2.14166e-011	1.6806e-011	1.31393e-011	1.02735e-011	9.06253e-012	8.84569e-012	1.00549e-011	1.28615e-011	1.63869e-011	2.00313e-011	2.333e-011	2.53076e-011	2.58029e-011	2.53449e-011	2.45616e-011	2.459e-011	2.63665e-011	3.05285e-011	3.65871e-011	4.32934e-011	4.98509e-011	5.46393e-011	5.65435e-011	5.62007e-011	5.3816e-011	5.06382e-011	4.85294e-011	4.78574e-011	4.87766e-011	5.11152e-011	5.36524e-011	5.53027e-011	5.58892e-011	5.48173e-011	5.22167e-011	4.90667e-011
3.15927e-011	3.13634e-011	3.10868e-011	3.14416e-011	3.18295e-011	3.23437e-011	3.40027e-011	3.62947e-011	3.92835e-011	4.29572e-011	4.6611e-011	4.94666e-011	5.08563e-011	5.05851e-011	4.8555e-011	4.58359e-011	4.30912e-011	4.10731e-011	4.06999e-011	4.17664e-011	4.38021e-011	4.5317e-011	4.59148e-011	4.47569e-011	4.1441e-011	3.749e-011	3.35629e-011	3.03928e-011	2.89122e-011	2.87158e-011	2.92926e-011	2.96547e-011	2.94008e-011	2.80556e-011	2.58936e-011	2.37289e-011	2.18168e-011	2.07666e-011	2.0736e-011	2.15746e-011	2.23945e-011	2.32309e-011	2.38317e-011	2.38895e-011	2.44861e-011	2.61637e-011	2.86851e-011	3.23818e-011	3.66785e-011	4.06114e-011	4.32881e-011	4.45951e-011	4.42039e-011	4.26845e-011	4.13881e-011	4.0638e-011	4.09209e-011	4.20443e-011	4.30655e-011	4.28101e-011	4.07321e-011	3.69271e-011	3.14549e-011	2.5854e-011	2.15312e-011	1.91657e-011	1.95599e-011	2.2114e-011	2.62298e-011	3.06807e-011	3.43498e-011	3.67537e-011	3.78182e-011	3.82795e-011	3.88972e-011	4.02239e-011	4.27012e-011	4.62887e-011	4.99972e-011	5.2947e-011	5.52514e-011	5.58044e-011	5.49552e-011	5.36663e-011	5.18784e-011	5.03731e-011	4.8815e-011	4.69654e-011	4.43101e-011	4.10901e-011	3.74875e-011	3.37875e-011	3.1477e-011	3.0562e-011	3.0914e-011	3.23512e-011	3.38278e-011	3.42513e-011	3.27612e-011	2.95462e-011	2.50517e-011	2.05454e-011	1.75868e-011	1.71099e-011	1.97536e-011	2.49762e-011	3.1742e-011	3.80566e-011	4.28436e-011	4.53666e-011	4.48655e-011	4.31016e-011	4.13134e-011	3.98264e-011	4.00968e-011	4.16857e-011	4.38592e-011	4.55569e-011	4.60849e-011	4.49156e-011	4.18947e-011	3.77965e-011	3.26812e-011	2.72297e-011	2.17219e-011	1.66691e-011	1.19149e-011	7.87622e-012	5.50432e-012	4.44568e-012	5.26498e-012	8.48601e-012	1.2995e-011	1.81188e-011	2.27804e-011	2.61121e-011	2.75989e-011	2.74577e-011	2.67337e-011	2.6671e-011	2.82417e-011	3.22732e-011	3.86119e-011	4.58132e-011	5.28018e-011	5.80273e-011	6.00717e-011	5.98249e-011	5.75735e-011	5.39602e-011	5.11666e-011	4.94716e-011	4.8934e-011	4.96716e-011	5.08851e-011	5.16588e-011	5.16962e-011	5.07298e-011	4.85713e-011	4.56932e-011
3.58667e-011	3.67256e-011	3.70259e-011	3.70292e-011	3.67228e-011	3.63443e-011	3.70766e-011	3.87677e-011	4.17566e-011	4.57891e-011	5.00766e-011	5.3904e-011	5.56042e-011	5.52848e-011	5.28537e-011	4.86389e-011	4.42913e-011	4.09151e-011	3.90869e-011	3.90547e-011	4.03394e-011	4.14366e-011	4.19142e-011	4.1459e-011	3.88615e-011	3.59234e-011	3.31404e-011	3.03541e-011	2.87727e-011	2.80781e-011	2.79825e-011	2.78304e-011	2.72307e-011	2.64628e-011	2.54393e-011	2.45298e-011	2.45577e-011	2.5251e-011	2.62798e-011	2.76374e-011	2.81852e-011	2.75696e-011	2.70906e-011	2.57275e-011	2.487e-011	2.61424e-011	2.8876e-011	3.3209e-011	3.83822e-011	4.31829e-011	4.65086e-011	4.77322e-011	4.71025e-011	4.52689e-011	4.33237e-011	4.22356e-011	4.22258e-011	4.30045e-011	4.41202e-011	4.44503e-011	4.2837e-011	3.99193e-011	3.55776e-011	3.03449e-011	2.6034e-011	2.32746e-011	2.24346e-011	2.3493e-011	2.58119e-011	2.87551e-011	3.13044e-011	3.33761e-011	3.46936e-011	3.59239e-011	3.76435e-011	4.01232e-011	4.32406e-011	4.65746e-011	4.97804e-011	5.13359e-011	5.19272e-011	5.18394e-011	5.08682e-011	5.02181e-011	5.00856e-011	5.01737e-011	5.01489e-011	4.93376e-011	4.71645e-011	4.36929e-011	3.93979e-011	3.49069e-011	3.1597e-011	3.01223e-011	3.04748e-011	3.23589e-011	3.45741e-011	3.61103e-011	3.55807e-011	3.28317e-011	2.85147e-011	2.34831e-011	1.94687e-011	1.78372e-011	1.92747e-011	2.32406e-011	2.86977e-011	3.43477e-011	3.83778e-011	4.07605e-011	4.10723e-011	4.00709e-011	3.91052e-011	3.83118e-011	3.84314e-011	3.9291e-011	4.05391e-011	4.13986e-011	4.12537e-011	4.01933e-011	3.80569e-011	3.49647e-011	3.14582e-011	2.75823e-011	2.31957e-011	1.8597e-011	1.37277e-011	8.65735e-012	5.06844e-012	2.929e-012	2.77813e-012	5.74197e-012	1.06104e-011	1.66326e-011	2.2424e-011	2.67716e-011	2.91384e-011	2.92603e-011	2.84828e-011	2.8266e-011	2.94232e-011	3.30892e-011	3.90113e-011	4.56641e-011	5.22757e-011	5.76585e-011	5.99651e-011	5.99865e-011	5.83278e-011	5.48578e-011	5.1584e-011	4.91937e-011	4.75447e-011	4.69141e-011	4.68661e-011	4.68428e-011	4.6397e-011	4.54147e-011	4.38735e-011	4.17537e-011
3.97237e-011	4.2127e-011	4.36469e-011	4.37594e-011	4.30861e-011	4.18764e-011	4.11946e-011	4.19029e-011	4.42948e-011	4.81007e-011	5.25879e-011	5.67736e-011	5.87178e-011	5.82408e-011	5.55934e-011	5.07644e-011	4.54989e-011	4.08827e-011	3.75126e-011	3.5779e-011	3.5374e-011	3.56264e-011	3.5694e-011	3.54585e-011	3.42395e-011	3.2498e-011	3.09359e-011	2.95828e-011	2.8628e-011	2.79396e-011	2.75955e-011	2.69961e-011	2.60071e-011	2.55176e-011	2.52564e-011	2.58821e-011	2.76583e-011	3.03453e-011	3.32271e-011	3.54298e-011	3.63438e-011	3.50174e-011	3.28797e-011	3.02466e-011	2.80622e-011	2.80221e-011	3.03699e-011	3.46941e-011	3.98323e-011	4.47939e-011	4.84946e-011	4.95673e-011	4.9117e-011	4.74404e-011	4.48936e-011	4.32679e-011	4.27359e-011	4.27841e-011	4.33856e-011	4.37946e-011	4.2665e-011	4.04257e-011	3.72662e-011	3.32206e-011	2.96915e-011	2.72238e-011	2.62412e-011	2.64059e-011	2.72508e-011	2.88619e-011	2.96077e-011	3.05008e-011	3.20862e-011	3.4032e-011	3.71061e-011	4.11364e-011	4.53112e-011	4.88857e-011	5.15388e-011	5.22973e-011	5.15476e-011	5.03064e-011	4.88553e-011	4.82366e-011	4.87849e-011	5.00584e-011	5.13183e-011	5.159e-011	5.04217e-011	4.71389e-011	4.24702e-011	3.74105e-011	3.30344e-011	3.06375e-011	3.04864e-011	3.22377e-011	3.47566e-011	3.68175e-011	3.69091e-011	3.46326e-011	3.07369e-011	2.59357e-011	2.18977e-011	1.9703e-011	1.98781e-011	2.23443e-011	2.5726e-011	2.97135e-011	3.30412e-011	3.49615e-011	3.59053e-011	3.59915e-011	3.58879e-011	3.62661e-011	3.69072e-011	3.76154e-011	3.83274e-011	3.83604e-011	3.74132e-011	3.61558e-011	3.4318e-011	3.22988e-011	3.03493e-011	2.81257e-011	2.54623e-011	2.17269e-011	1.70872e-011	1.16871e-011	6.71569e-012	3.33301e-012	2.26245e-012	4.30882e-012	9.09187e-012	1.52546e-011	2.13715e-011	2.60546e-011	2.88511e-011	2.94021e-011	2.89667e-011	2.88798e-011	2.9753e-011	3.26861e-011	3.76935e-011	4.36666e-011	4.96175e-011	5.45189e-011	5.71527e-011	5.75853e-011	5.63106e-011	5.35635e-011	5.05439e-011	4.79318e-011	4.5924e-011	4.44381e-011	4.31691e-011	4.25072e-011	4.14693e-011	4.03154e-011	3.95637e-011	3.84322e-011
4.33631e-011	4.7154e-011	4.97576e-011	5.04544e-011	4.93871e-011	4.75158e-011	4.57159e-011	4.517e-011	4.65303e-011	4.94705e-011	5.31283e-011	5.67356e-011	5.87136e-011	5.82718e-011	5.58137e-011	5.11327e-011	4.54054e-011	3.9929e-011	3.52308e-011	3.19085e-011	2.98869e-011	2.88107e-011	2.8299e-011	2.79995e-011	2.77485e-011	2.75524e-011	2.76356e-011	2.78336e-011	2.84537e-011	2.87418e-011	2.86306e-011	2.80205e-011	2.67256e-011	2.60862e-011	2.63585e-011	2.81391e-011	3.16452e-011	3.61489e-011	4.07564e-011	4.41216e-011	4.5295e-011	4.40611e-011	4.07695e-011	3.68325e-011	3.35091e-011	3.19548e-011	3.27351e-011	3.58333e-011	3.99515e-011	4.42527e-011	4.79245e-011	4.90902e-011	4.86622e-011	4.73825e-011	4.4816e-011	4.27551e-011	4.16424e-011	4.09856e-011	4.08829e-011	4.0773e-011	3.97548e-011	3.80603e-011	3.61009e-011	3.35596e-011	3.20487e-011	3.12231e-011	3.09573e-011	3.10889e-011	3.06348e-011	3.07283e-011	3.0403e-011	2.99155e-011	3.12834e-011	3.38725e-011	3.79478e-011	4.3531e-011	4.89674e-011	5.32491e-011	5.59235e-011	5.61263e-011	5.42531e-011	5.19534e-011	4.93169e-011	4.78537e-011	4.81944e-011	4.98188e-011	5.2046e-011	5.31599e-011	5.2721e-011	5.01043e-011	4.52521e-011	3.97699e-011	3.48079e-011	3.16218e-011	3.07798e-011	3.18789e-011	3.38391e-011	3.55083e-011	3.5944e-011	3.43083e-011	3.13796e-011	2.77034e-011	2.41517e-011	2.18874e-011	2.11938e-011	2.22212e-011	2.40419e-011	2.60053e-011	2.79859e-011	2.9372e-011	3.04939e-011	3.15176e-011	3.27029e-011	3.42236e-011	3.59561e-011	3.72198e-011	3.7648e-011	3.73136e-011	3.55417e-011	3.35184e-011	3.18055e-011	3.04586e-011	2.98177e-011	2.92247e-011	2.79954e-011	2.54092e-011	2.11074e-011	1.56894e-011	1.01196e-011	5.90331e-012	3.96167e-012	4.98832e-012	8.66912e-012	1.38906e-011	1.95709e-011	2.42181e-011	2.71347e-011	2.82643e-011	2.81646e-011	2.81558e-011	2.90869e-011	3.15271e-011	3.55751e-011	4.07012e-011	4.57814e-011	4.98481e-011	5.24709e-011	5.30542e-011	5.23061e-011	5.06464e-011	4.86278e-011	4.66044e-011	4.47278e-011	4.29782e-011	4.08551e-011	3.92792e-011	3.79575e-011	3.6823e-011	3.65924e-011	3.65289e-011
4.56993e-011	5.04822e-011	5.39281e-011	5.52151e-011	5.42216e-011	5.22565e-011	4.98904e-011	4.81551e-011	4.8063e-011	4.95312e-011	5.19465e-011	5.45442e-011	5.62141e-011	5.58784e-011	5.36426e-011	4.95939e-011	4.4133e-011	3.83539e-011	3.30488e-011	2.87176e-011	2.52791e-011	2.30406e-011	2.1588e-011	2.06549e-011	2.08569e-011	2.18508e-011	2.38935e-011	2.64112e-011	2.87552e-011	3.04621e-011	3.09915e-011	3.04629e-011	2.9187e-011	2.81968e-011	2.86605e-011	3.11065e-011	3.54387e-011	4.1143e-011	4.70092e-011	5.11131e-011	5.28567e-011	5.20445e-011	4.83516e-011	4.3469e-011	3.88559e-011	3.53889e-011	3.42078e-011	3.54152e-011	3.79609e-011	4.10739e-011	4.40358e-011	4.53769e-011	4.51548e-011	4.41125e-011	4.20773e-011	4.03932e-011	3.92025e-011	3.82588e-011	3.74682e-011	3.65146e-011	3.55362e-011	3.43132e-011	3.36501e-011	3.35848e-011	3.41365e-011	3.54042e-011	3.68128e-011	3.75343e-011	3.69703e-011	3.58427e-011	3.4243e-011	3.28549e-011	3.36272e-011	3.61553e-011	4.07061e-011	4.69281e-011	5.33724e-011	5.85711e-011	6.13168e-011	6.14223e-011	5.86823e-011	5.46739e-011	5.08214e-011	4.82141e-011	4.75337e-011	4.88134e-011	5.11852e-011	5.25057e-011	5.24285e-011	5.04444e-011	4.5827e-011	4.08742e-011	3.62583e-011	3.25743e-011	3.10537e-011	3.11737e-011	3.23606e-011	3.35128e-011	3.38749e-011	3.30807e-011	3.11637e-011	2.88481e-011	2.67066e-011	2.50793e-011	2.43059e-011	2.46602e-011	2.50118e-011	2.5279e-011	2.59817e-011	2.58523e-011	2.62755e-011	2.78189e-011	3.00295e-011	3.29421e-011	3.58401e-011	3.79188e-011	3.83872e-011	3.74251e-011	3.52027e-011	3.24447e-011	3.03714e-011	2.93441e-011	2.92546e-011	2.95628e-011	2.94106e-011	2.77779e-011	2.42186e-011	1.94866e-011	1.40508e-011	9.30827e-012	6.58872e-012	6.38066e-012	8.82202e-012	1.29292e-011	1.75672e-011	2.17468e-011	2.45851e-011	2.60458e-011	2.65033e-011	2.69207e-011	2.81592e-011	3.0745e-011	3.42738e-011	3.85674e-011	4.273e-011	4.55433e-011	4.75704e-011	4.84698e-011	4.82902e-011	4.78218e-011	4.70186e-011	4.58867e-011	4.44882e-011	4.2665e-011	4.032e-011	3.81535e-011	3.6474e-011	3.53734e-011	3.53291e-011	3.58317e-011
4.61019e-011	5.10852e-011	5.50577e-011	5.72918e-011	5.67301e-011	5.48753e-011	5.24426e-011	4.98353e-011	4.84744e-011	4.84333e-011	4.93602e-011	5.0779e-011	5.18628e-011	5.14061e-011	4.94462e-011	4.60888e-011	4.15822e-011	3.67178e-011	3.17071e-011	2.7183e-011	2.27998e-011	1.89575e-011	1.65434e-011	1.49861e-011	1.50885e-011	1.72257e-011	2.06688e-011	2.51637e-011	2.95558e-011	3.26474e-011	3.39825e-011	3.37701e-011	3.26212e-011	3.15006e-011	3.16825e-011	3.4093e-011	3.85972e-011	4.43607e-011	5.07997e-011	5.57913e-011	5.79114e-011	5.74146e-011	5.38658e-011	4.82257e-011	4.24817e-011	3.7458e-011	3.4312e-011	3.34896e-011	3.43458e-011	3.56413e-011	3.71396e-011	3.81098e-011	3.81311e-011	3.79555e-011	3.7361e-011	3.65514e-011	3.59752e-011	3.52101e-011	3.42006e-011	3.27685e-011	3.15853e-011	3.10102e-011	3.13737e-011	3.33582e-011	3.65007e-011	4.0069e-011	4.31932e-011	4.53749e-011	4.55227e-011	4.40507e-011	4.16853e-011	3.91455e-011	3.845e-011	4.02477e-011	4.45975e-011	5.08725e-011	5.76879e-011	6.35311e-011	6.63615e-011	6.60589e-011	6.2941e-011	5.76475e-011	5.24444e-011	4.8667e-011	4.667e-011	4.66197e-011	4.79287e-011	4.88454e-011	4.87328e-011	4.74835e-011	4.40147e-011	3.98001e-011	3.61784e-011	3.29907e-011	3.12119e-011	3.06307e-011	3.10351e-011	3.15549e-011	3.16557e-011	3.14663e-011	3.06801e-011	2.98156e-011	2.93372e-011	2.95242e-011	2.96093e-011	2.99799e-011	2.95278e-011	2.76741e-011	2.64433e-011	2.50985e-011	2.42236e-011	2.5583e-011	2.83557e-011	3.22055e-011	3.61233e-011	3.88386e-011	3.96661e-011	3.83576e-011	3.56969e-011	3.25081e-011	2.9846e-011	2.84682e-011	2.84208e-011	2.89291e-011	2.93536e-011	2.87838e-011	2.6113e-011	2.20389e-011	1.7336e-011	1.26979e-011	9.56461e-012	8.54433e-012	1.001e-011	1.29195e-011	1.65255e-011	1.9874e-011	2.20318e-011	2.34992e-011	2.46594e-011	2.59458e-011	2.79942e-011	3.10416e-011	3.44747e-011	3.78292e-011	4.10644e-011	4.31683e-011	4.41682e-011	4.49489e-011	4.52737e-011	4.56034e-011	4.59482e-011	4.5862e-011	4.51084e-011	4.36746e-011	4.14889e-011	3.90005e-011	3.70138e-011	3.57247e-011	3.55238e-011	3.62346e-011
4.49058e-011	4.97708e-011	5.38229e-011	5.65509e-011	5.67818e-011	5.54391e-011	5.31092e-011	5.03439e-011	4.83624e-011	4.72777e-011	4.71289e-011	4.70156e-011	4.66902e-011	4.60893e-011	4.43885e-011	4.20027e-011	3.89999e-011	3.53871e-011	3.13543e-011	2.7077e-011	2.24063e-011	1.75286e-011	1.38416e-011	1.15798e-011	1.13549e-011	1.38377e-011	1.81616e-011	2.36971e-011	2.91713e-011	3.37121e-011	3.6325e-011	3.65949e-011	3.57321e-011	3.45981e-011	3.41953e-011	3.59377e-011	4.01218e-011	4.55946e-011	5.18105e-011	5.71309e-011	5.94666e-011	5.90476e-011	5.57476e-011	5.0109e-011	4.41276e-011	3.8542e-011	3.40886e-011	3.11643e-011	2.96719e-011	2.92661e-011	2.9088e-011	2.93912e-011	2.99018e-011	3.05076e-011	3.16574e-011	3.26497e-011	3.31484e-011	3.29819e-011	3.21543e-011	3.06212e-011	2.93622e-011	2.91182e-011	3.03181e-011	3.35692e-011	3.85002e-011	4.45547e-011	4.99689e-011	5.36128e-011	5.49224e-011	5.33975e-011	5.0237e-011	4.68388e-011	4.45234e-011	4.48941e-011	4.83978e-011	5.41037e-011	6.04331e-011	6.59821e-011	6.86515e-011	6.80079e-011	6.47899e-011	5.91847e-011	5.31361e-011	4.81895e-011	4.47041e-011	4.30755e-011	4.28074e-011	4.29674e-011	4.26937e-011	4.17208e-011	3.98695e-011	3.73746e-011	3.48485e-011	3.28646e-011	3.18603e-011	3.1329e-011	3.14328e-011	3.13007e-011	3.07309e-011	3.06797e-011	3.07763e-011	3.15862e-011	3.32238e-011	3.51423e-011	3.67385e-011	3.73011e-011	3.62883e-011	3.34631e-011	2.97742e-011	2.65743e-011	2.46199e-011	2.50566e-011	2.74722e-011	3.14081e-011	3.54225e-011	3.8534e-011	3.98913e-011	3.85723e-011	3.57899e-011	3.24066e-011	2.91296e-011	2.72265e-011	2.68862e-011	2.73722e-011	2.80441e-011	2.80631e-011	2.6288e-011	2.31773e-011	1.93937e-011	1.56402e-011	1.33042e-011	1.24323e-011	1.34634e-011	1.52839e-011	1.71653e-011	1.96343e-011	2.1177e-011	2.22206e-011	2.40294e-011	2.61633e-011	2.9081e-011	3.28823e-011	3.65312e-011	3.95464e-011	4.18634e-011	4.29247e-011	4.31708e-011	4.34679e-011	4.36245e-011	4.42193e-011	4.51485e-011	4.59482e-011	4.60369e-011	4.49997e-011	4.31266e-011	4.06442e-011	3.83113e-011	3.68606e-011	3.65167e-011	3.71639e-011
4.27142e-011	4.69766e-011	5.05625e-011	5.30652e-011	5.38752e-011	5.33027e-011	5.19716e-011	4.99695e-011	4.81535e-011	4.6504e-011	4.52784e-011	4.41828e-011	4.25671e-011	4.1345e-011	3.99175e-011	3.8314e-011	3.68997e-011	3.49305e-011	3.20997e-011	2.85399e-011	2.41355e-011	1.90524e-011	1.47718e-011	1.15123e-011	1.02351e-011	1.20902e-011	1.62289e-011	2.21478e-011	2.83354e-011	3.35988e-011	3.72427e-011	3.8076e-011	3.73928e-011	3.62394e-011	3.53532e-011	3.64881e-011	3.98913e-011	4.45483e-011	4.98178e-011	5.44794e-011	5.67117e-011	5.65169e-011	5.41229e-011	4.92886e-011	4.37662e-011	3.82702e-011	3.31781e-011	2.89693e-011	2.53805e-011	2.31109e-011	2.1535e-011	2.10168e-011	2.19747e-011	2.36418e-011	2.59904e-011	2.87679e-011	3.09281e-011	3.19391e-011	3.19597e-011	3.07478e-011	2.9307e-011	2.91124e-011	3.06637e-011	3.48045e-011	4.11308e-011	4.86534e-011	5.60278e-011	6.11409e-011	6.342e-011	6.21421e-011	5.8392e-011	5.42533e-011	5.09529e-011	4.98689e-011	5.17813e-011	5.58824e-011	6.07669e-011	6.51953e-011	6.75683e-011	6.67833e-011	6.36304e-011	5.83798e-011	5.20587e-011	4.63194e-011	4.1728e-011	3.8566e-011	3.68622e-011	3.60701e-011	3.52616e-011	3.43726e-011	3.34802e-011	3.27298e-011	3.2586e-011	3.2751e-011	3.31755e-011	3.35213e-011	3.34223e-011	3.29991e-011	3.19987e-011	3.16049e-011	3.23483e-011	3.43212e-011	3.77782e-011	4.1577e-011	4.45923e-011	4.56882e-011	4.45045e-011	4.09839e-011	3.60456e-011	3.10153e-011	2.71347e-011	2.5694e-011	2.68117e-011	2.98984e-011	3.35903e-011	3.66233e-011	3.82033e-011	3.72264e-011	3.45198e-011	3.11031e-011	2.77135e-011	2.55509e-011	2.48249e-011	2.50827e-011	2.55109e-011	2.54727e-011	2.44428e-011	2.25216e-011	2.04479e-011	1.84485e-011	1.73447e-011	1.74214e-011	1.84735e-011	1.98716e-011	2.06541e-011	2.17205e-011	2.24105e-011	2.31364e-011	2.52163e-011	2.81252e-011	3.18296e-011	3.63006e-011	4.03976e-011	4.32528e-011	4.50552e-011	4.52202e-011	4.42139e-011	4.34867e-011	4.31363e-011	4.35015e-011	4.45207e-011	4.56748e-011	4.63994e-011	4.57428e-011	4.41548e-011	4.18866e-011	3.95194e-011	3.81214e-011	3.77675e-011	3.81994e-011
4.09501e-011	4.39407e-011	4.67236e-011	4.85885e-011	4.98536e-011	5.01438e-011	4.99027e-011	4.92106e-011	4.80939e-011	4.6595e-011	4.47115e-011	4.25896e-011	4.02603e-011	3.83678e-011	3.67691e-011	3.55816e-011	3.49406e-011	3.4315e-011	3.31337e-011	3.07039e-011	2.70375e-011	2.22514e-011	1.71902e-011	1.31036e-011	1.08102e-011	1.13953e-011	1.47436e-011	2.0181e-011	2.63687e-011	3.1816e-011	3.56359e-011	3.69213e-011	3.66208e-011	3.58548e-011	3.50332e-011	3.58184e-011	3.83307e-011	4.20426e-011	4.62133e-011	4.97204e-011	5.18697e-011	5.19836e-011	5.03225e-011	4.70308e-011	4.26676e-011	3.77167e-011	3.28731e-011	2.80833e-011	2.34086e-011	2.01191e-011	1.7195e-011	1.53943e-011	1.62735e-011	1.83591e-011	2.1756e-011	2.61517e-011	2.99245e-011	3.23495e-011	3.31712e-011	3.24539e-011	3.10254e-011	3.05171e-011	3.20169e-011	3.63337e-011	4.31807e-011	5.14607e-011	5.95568e-011	6.51346e-011	6.805e-011	6.77544e-011	6.40268e-011	5.97315e-011	5.58705e-011	5.32427e-011	5.33177e-011	5.54977e-011	5.85656e-011	6.16503e-011	6.33909e-011	6.26301e-011	5.96994e-011	5.49483e-011	4.93094e-011	4.38354e-011	3.90344e-011	3.53038e-011	3.21284e-011	2.97698e-011	2.8349e-011	2.7181e-011	2.72135e-011	2.83118e-011	3.02835e-011	3.30997e-011	3.56091e-011	3.71688e-011	3.73829e-011	3.65494e-011	3.52043e-011	3.44467e-011	3.52182e-011	3.78487e-011	4.20184e-011	4.68224e-011	5.1222e-011	5.32511e-011	5.22688e-011	4.85032e-011	4.23111e-011	3.55636e-011	2.99085e-011	2.63207e-011	2.55459e-011	2.72448e-011	3.0091e-011	3.25956e-011	3.3921e-011	3.32041e-011	3.09715e-011	2.82428e-011	2.5435e-011	2.35607e-011	2.27513e-011	2.27226e-011	2.29522e-011	2.27529e-011	2.23731e-011	2.1653e-011	2.11072e-011	2.14199e-011	2.23898e-011	2.37966e-011	2.5457e-011	2.67904e-011	2.71677e-011	2.73479e-011	2.70274e-011	2.702e-011	2.86133e-011	3.16178e-011	3.58626e-011	4.0668e-011	4.5078e-011	4.80271e-011	4.89712e-011	4.82919e-011	4.64378e-011	4.4247e-011	4.28405e-011	4.26969e-011	4.32529e-011	4.41707e-011	4.49183e-011	4.43232e-011	4.31226e-011	4.16445e-011	3.96465e-011	3.86193e-011	3.86092e-011	3.90507e-011
4.03707e-011	4.1678e-011	4.32804e-011	4.4551e-011	4.57185e-011	4.68362e-011	4.76257e-011	4.80407e-011	4.80534e-011	4.72762e-011	4.55557e-011	4.31725e-011	4.01156e-011	3.72465e-011	3.51921e-011	3.39165e-011	3.37262e-011	3.39755e-011	3.39955e-011	3.28524e-011	3.00075e-011	2.57039e-011	2.04339e-011	1.56261e-011	1.25612e-011	1.20872e-011	1.42423e-011	1.83688e-011	2.36209e-011	2.8319e-011	3.17653e-011	3.35722e-011	3.37815e-011	3.36471e-011	3.35596e-011	3.43054e-011	3.62047e-011	3.90678e-011	4.21829e-011	4.47749e-011	4.65752e-011	4.6902e-011	4.58066e-011	4.38762e-011	4.11772e-011	3.77637e-011	3.3984e-011	2.97143e-011	2.46214e-011	2.01519e-011	1.63783e-011	1.33423e-011	1.33243e-011	1.55224e-011	1.94941e-011	2.49115e-011	2.9993e-011	3.35403e-011	3.49295e-011	3.45906e-011	3.34898e-011	3.27225e-011	3.40698e-011	3.80847e-011	4.42616e-011	5.20679e-011	6.01814e-011	6.59691e-011	6.91424e-011	6.97177e-011	6.65649e-011	6.22422e-011	5.81577e-011	5.46386e-011	5.31736e-011	5.37082e-011	5.50813e-011	5.63628e-011	5.6853e-011	5.59121e-011	5.33378e-011	4.98401e-011	4.56111e-011	4.13443e-011	3.70627e-011	3.32134e-011	2.94195e-011	2.54788e-011	2.30497e-011	2.16141e-011	2.19622e-011	2.47187e-011	2.88171e-011	3.34976e-011	3.7924e-011	4.10173e-011	4.20837e-011	4.14047e-011	3.98573e-011	3.85299e-011	3.86737e-011	4.11068e-011	4.56372e-011	5.08772e-011	5.58577e-011	5.88145e-011	5.8041e-011	5.41708e-011	4.74611e-011	3.93376e-011	3.22187e-011	2.71171e-011	2.45286e-011	2.42417e-011	2.54437e-011	2.67842e-011	2.7392e-011	2.70927e-011	2.56375e-011	2.40374e-011	2.26352e-011	2.16357e-011	2.11767e-011	2.10828e-011	2.1113e-011	2.08605e-011	2.07847e-011	2.11317e-011	2.21445e-011	2.40999e-011	2.72127e-011	3.07049e-011	3.36021e-011	3.55428e-011	3.58539e-011	3.49076e-011	3.36999e-011	3.27732e-011	3.33522e-011	3.59032e-011	4.01105e-011	4.49601e-011	4.93129e-011	5.21872e-011	5.25778e-011	5.09895e-011	4.83403e-011	4.52123e-011	4.27343e-011	4.14279e-011	4.10057e-011	4.11116e-011	4.1389e-011	4.10391e-011	4.01219e-011	3.93764e-011	3.85984e-011	3.8383e-011	3.89082e-011	3.98928e-011
4.12985e-011	4.15633e-011	4.18768e-011	4.20224e-011	4.25541e-011	4.3689e-011	4.50757e-011	4.66396e-011	4.76813e-011	4.79943e-011	4.68792e-011	4.44024e-011	4.10872e-011	3.73917e-011	3.45069e-011	3.28714e-011	3.26339e-011	3.33259e-011	3.40091e-011	3.36079e-011	3.15161e-011	2.80039e-011	2.33279e-011	1.86533e-011	1.52972e-011	1.38183e-011	1.47126e-011	1.71482e-011	2.07172e-011	2.44695e-011	2.73198e-011	2.92137e-011	3.02118e-011	3.07406e-011	3.15236e-011	3.29337e-011	3.48906e-011	3.74652e-011	3.98924e-011	4.14247e-011	4.2571e-011	4.29093e-011	4.2282e-011	4.16113e-011	4.05514e-011	3.89779e-011	3.66127e-011	3.31697e-011	2.84713e-011	2.31118e-011	1.81808e-011	1.44853e-011	1.35074e-011	1.52577e-011	1.9154e-011	2.45414e-011	2.97514e-011	3.37951e-011	3.5746e-011	3.5862e-011	3.52438e-011	3.45219e-011	3.53496e-011	3.86854e-011	4.40657e-011	5.09272e-011	5.81339e-011	6.37606e-011	6.70065e-011	6.7583e-011	6.52862e-011	6.17015e-011	5.8089e-011	5.47775e-011	5.2887e-011	5.18748e-011	5.17808e-011	5.14423e-011	5.02044e-011	4.9002e-011	4.69829e-011	4.4649e-011	4.24539e-011	3.98617e-011	3.66476e-011	3.31778e-011	2.89344e-011	2.43234e-011	2.10618e-011	1.8985e-011	1.90519e-011	2.2147e-011	2.73072e-011	3.3714e-011	3.95772e-011	4.40672e-011	4.63773e-011	4.5845e-011	4.41028e-011	4.23669e-011	4.16245e-011	4.33443e-011	4.75094e-011	5.26311e-011	5.75955e-011	6.07086e-011	5.99545e-011	5.62019e-011	4.98588e-011	4.15522e-011	3.39378e-011	2.76648e-011	2.34336e-011	2.11742e-011	2.02098e-011	2.01986e-011	2.01333e-011	1.99554e-011	1.97263e-011	1.95506e-011	1.95899e-011	2.01242e-011	2.06303e-011	2.0913e-011	2.10646e-011	2.06785e-011	2.05215e-011	2.1323e-011	2.34966e-011	2.7288e-011	3.20966e-011	3.74554e-011	4.20009e-011	4.45803e-011	4.51281e-011	4.35194e-011	4.09848e-011	3.90223e-011	3.86032e-011	4.02087e-011	4.37356e-011	4.79876e-011	5.1632e-011	5.40251e-011	5.41464e-011	5.20735e-011	4.89033e-011	4.50858e-011	4.16029e-011	3.91537e-011	3.76102e-011	3.6757e-011	3.63324e-011	3.60052e-011	3.56753e-011	3.563e-011	3.60166e-011	3.7273e-011	3.90399e-011	4.08419e-011
4.45013e-011	4.35723e-011	4.27326e-011	4.1578e-011	4.07502e-011	4.12981e-011	4.27046e-011	4.49146e-011	4.68955e-011	4.80927e-011	4.78199e-011	4.54688e-011	4.19632e-011	3.80155e-011	3.45189e-011	3.2351e-011	3.16169e-011	3.19022e-011	3.25302e-011	3.26944e-011	3.13446e-011	2.87974e-011	2.53526e-011	2.13835e-011	1.81437e-011	1.6235e-011	1.605e-011	1.71153e-011	1.91394e-011	2.16347e-011	2.35648e-011	2.52111e-011	2.66687e-011	2.80547e-011	2.99455e-011	3.24388e-011	3.51301e-011	3.75778e-011	3.97685e-011	4.07016e-011	4.07983e-011	4.08789e-011	4.06606e-011	4.07731e-011	4.11987e-011	4.12073e-011	4.00755e-011	3.753e-011	3.34367e-011	2.81218e-011	2.28722e-011	1.86596e-011	1.65194e-011	1.71686e-011	2.00227e-011	2.44907e-011	2.92671e-011	3.31394e-011	3.53476e-011	3.57942e-011	3.5388e-011	3.50508e-011	3.57566e-011	3.84787e-011	4.31325e-011	4.88642e-011	5.45855e-011	5.94437e-011	6.19826e-011	6.24732e-011	6.12968e-011	5.88823e-011	5.65821e-011	5.44273e-011	5.26986e-011	5.10417e-011	4.95147e-011	4.7773e-011	4.5503e-011	4.35323e-011	4.19975e-011	4.0674e-011	4.00005e-011	3.92472e-011	3.76588e-011	3.50559e-011	3.12586e-011	2.63528e-011	2.19866e-011	1.90247e-011	1.8259e-011	2.0866e-011	2.61236e-011	3.32163e-011	4.0149e-011	4.56098e-011	4.87834e-011	4.8539e-011	4.66711e-011	4.47416e-011	4.33612e-011	4.43961e-011	4.77057e-011	5.18746e-011	5.59735e-011	5.87751e-011	5.8316e-011	5.4993e-011	4.96061e-011	4.2079e-011	3.45089e-011	2.77917e-011	2.24675e-011	1.85485e-011	1.5908e-011	1.45189e-011	1.35238e-011	1.30574e-011	1.36374e-011	1.48727e-011	1.67788e-011	1.9007e-011	2.10841e-011	2.21918e-011	2.25727e-011	2.21895e-011	2.1737e-011	2.26221e-011	2.52619e-011	3.01751e-011	3.65401e-011	4.33911e-011	4.90524e-011	5.2171e-011	5.28745e-011	5.12203e-011	4.79447e-011	4.51269e-011	4.35805e-011	4.371e-011	4.5855e-011	4.90148e-011	5.17204e-011	5.34467e-011	5.33512e-011	5.10571e-011	4.76162e-011	4.35772e-011	3.95128e-011	3.62282e-011	3.38563e-011	3.20885e-011	3.07995e-011	3.01292e-011	3.00506e-011	3.09261e-011	3.28963e-011	3.56596e-011	3.91958e-011	4.24638e-011
4.88026e-011	4.72912e-011	4.48886e-011	4.22805e-011	4.01808e-011	3.94642e-011	4.03731e-011	4.24521e-011	4.45898e-011	4.61733e-011	4.65931e-011	4.46578e-011	4.17033e-011	3.81352e-011	3.43153e-011	3.16411e-011	3.02609e-011	2.99969e-011	3.03182e-011	3.05965e-011	3.00875e-011	2.86188e-011	2.63568e-011	2.37473e-011	2.14895e-011	1.99591e-011	1.97117e-011	2.00113e-011	2.04761e-011	2.18878e-011	2.23918e-011	2.2973e-011	2.46547e-011	2.67062e-011	2.96399e-011	3.33232e-011	3.68955e-011	3.96744e-011	4.15079e-011	4.19904e-011	4.15521e-011	4.10019e-011	4.07145e-011	4.10327e-011	4.19015e-011	4.27919e-011	4.28059e-011	4.10333e-011	3.79076e-011	3.32314e-011	2.78048e-011	2.32657e-011	2.03184e-011	1.96804e-011	2.13404e-011	2.44917e-011	2.81793e-011	3.14025e-011	3.3446e-011	3.40246e-011	3.40774e-011	3.43415e-011	3.56373e-011	3.84538e-011	4.25408e-011	4.74625e-011	5.15371e-011	5.4832e-011	5.68782e-011	5.71786e-011	5.67651e-011	5.59539e-011	5.50033e-011	5.43383e-011	5.34728e-011	5.1942e-011	4.98917e-011	4.71586e-011	4.38063e-011	4.11147e-011	3.93376e-011	3.847e-011	3.88091e-011	3.94213e-011	3.95117e-011	3.80073e-011	3.47181e-011	2.99271e-011	2.4589e-011	2.04223e-011	1.86225e-011	2.01975e-011	2.49482e-011	3.16659e-011	3.85628e-011	4.39616e-011	4.73459e-011	4.77394e-011	4.63568e-011	4.48288e-011	4.3497e-011	4.38146e-011	4.60635e-011	4.92505e-011	5.24192e-011	5.44439e-011	5.42647e-011	5.16879e-011	4.70989e-011	4.09796e-011	3.4532e-011	2.83727e-011	2.30571e-011	1.84954e-011	1.42675e-011	1.15123e-011	9.25845e-012	7.93937e-012	8.86615e-012	1.11094e-011	1.47619e-011	1.89101e-011	2.24451e-011	2.46161e-011	2.51939e-011	2.4611e-011	2.39418e-011	2.44866e-011	2.72184e-011	3.24186e-011	3.89784e-011	4.63805e-011	5.30621e-011	5.66125e-011	5.77285e-011	5.65308e-011	5.2832e-011	4.92151e-011	4.67849e-011	4.55072e-011	4.61517e-011	4.79969e-011	4.96052e-011	5.05293e-011	5.0105e-011	4.78487e-011	4.46213e-011	4.09089e-011	3.70945e-011	3.36468e-011	3.05278e-011	2.81482e-011	2.60177e-011	2.46999e-011	2.48905e-011	2.64053e-011	2.98916e-011	3.46758e-011	3.99273e-011	4.47786e-011
5.31487e-011	5.1401e-011	4.81009e-011	4.42438e-011	4.08249e-011	3.8716e-011	3.81608e-011	3.91103e-011	4.07849e-011	4.22567e-011	4.31054e-011	4.21382e-011	3.97986e-011	3.68347e-011	3.34492e-011	3.06307e-011	2.8776e-011	2.80798e-011	2.80065e-011	2.80217e-011	2.79584e-011	2.73504e-011	2.65075e-011	2.55922e-011	2.51587e-011	2.50266e-011	2.52655e-011	2.55129e-011	2.47559e-011	2.45049e-011	2.3997e-011	2.34615e-011	2.46329e-011	2.70019e-011	3.05854e-011	3.50536e-011	3.93468e-011	4.26605e-011	4.43646e-011	4.46221e-011	4.37079e-011	4.24107e-011	4.15808e-011	4.16267e-011	4.229e-011	4.33378e-011	4.41308e-011	4.30578e-011	4.05724e-011	3.68153e-011	3.18104e-011	2.72837e-011	2.40767e-011	2.27778e-011	2.33597e-011	2.52011e-011	2.76831e-011	2.9425e-011	3.06479e-011	3.14432e-011	3.20394e-011	3.33782e-011	3.5741e-011	3.90913e-011	4.30212e-011	4.72072e-011	5.03685e-011	5.21608e-011	5.31895e-011	5.32075e-011	5.30865e-011	5.33869e-011	5.3959e-011	5.4675e-011	5.50878e-011	5.44649e-011	5.22894e-011	4.91393e-011	4.50037e-011	4.10855e-011	3.87005e-011	3.78419e-011	3.86273e-011	4.02094e-011	4.13963e-011	4.09093e-011	3.80218e-011	3.34141e-011	2.78504e-011	2.31231e-011	2.05514e-011	2.08904e-011	2.41495e-011	2.92688e-011	3.51385e-011	4.0064e-011	4.32451e-011	4.438e-011	4.37007e-011	4.26007e-011	4.19605e-011	4.22209e-011	4.36901e-011	4.60396e-011	4.81513e-011	4.91513e-011	4.88338e-011	4.65383e-011	4.29985e-011	3.86915e-011	3.4084e-011	2.96018e-011	2.5005e-011	2.04201e-011	1.53186e-011	1.07824e-011	7.2944e-012	5.20132e-012	5.77153e-012	8.78892e-012	1.3523e-011	1.89307e-011	2.36567e-011	2.67632e-011	2.77002e-011	2.72554e-011	2.6507e-011	2.65042e-011	2.86176e-011	3.34003e-011	3.98146e-011	4.70045e-011	5.38413e-011	5.79793e-011	5.94069e-011	5.84865e-011	5.50746e-011	5.11423e-011	4.806e-011	4.59772e-011	4.5409e-011	4.57836e-011	4.6382e-011	4.61613e-011	4.51655e-011	4.33195e-011	4.07297e-011	3.78684e-011	3.49038e-011	3.17926e-011	2.83529e-011	2.53829e-011	2.26106e-011	2.06382e-011	2.08662e-011	2.31312e-011	2.74602e-011	3.36133e-011	4.0431e-011	4.66693e-011
5.62968e-011	5.45954e-011	5.08795e-011	4.61797e-011	4.15e-011	3.77097e-011	3.55612e-011	3.50634e-011	3.57427e-011	3.68553e-011	3.77476e-011	3.75707e-011	3.6194e-011	3.41298e-011	3.15843e-011	2.95649e-011	2.799e-011	2.71027e-011	2.66819e-011	2.62348e-011	2.62753e-011	2.6404e-011	2.69449e-011	2.80961e-011	2.95671e-011	3.11506e-011	3.24265e-011	3.27919e-011	3.18861e-011	3.02938e-011	2.84307e-011	2.69526e-011	2.71451e-011	2.88893e-011	3.23379e-011	3.67144e-011	4.11922e-011	4.49386e-011	4.65642e-011	4.66317e-011	4.55307e-011	4.34362e-011	4.18589e-011	4.13428e-011	4.14508e-011	4.22436e-011	4.29986e-011	4.22025e-011	4.0256e-011	3.74196e-011	3.31835e-011	2.98869e-011	2.75654e-011	2.62303e-011	2.62666e-011	2.6695e-011	2.78522e-011	2.85961e-011	2.86537e-011	2.95071e-011	3.07431e-011	3.30022e-011	3.68959e-011	4.13249e-011	4.56798e-011	4.97762e-011	5.21468e-011	5.27502e-011	5.30129e-011	5.19902e-011	5.13524e-011	5.20933e-011	5.36223e-011	5.57256e-011	5.72788e-011	5.75717e-011	5.58349e-011	5.21517e-011	4.7463e-011	4.27336e-011	3.94579e-011	3.82128e-011	3.87998e-011	4.03207e-011	4.17045e-011	4.17389e-011	3.94047e-011	3.55506e-011	3.06028e-011	2.56893e-011	2.25392e-011	2.16793e-011	2.33694e-011	2.68499e-011	3.09487e-011	3.48369e-011	3.75705e-011	3.89742e-011	3.9192e-011	3.91116e-011	3.93543e-011	4.04233e-011	4.20015e-011	4.36893e-011	4.50785e-011	4.4789e-011	4.36468e-011	4.17412e-011	3.91558e-011	3.67237e-011	3.42454e-011	3.14967e-011	2.82044e-011	2.38883e-011	1.85013e-011	1.29352e-011	8.23186e-012	5.23951e-012	5.10017e-012	7.81234e-012	1.26801e-011	1.85727e-011	2.39214e-011	2.78027e-011	2.93416e-011	2.90135e-011	2.81486e-011	2.77578e-011	2.91379e-011	3.2976e-011	3.87658e-011	4.54339e-011	5.17081e-011	5.5907e-011	5.73922e-011	5.67467e-011	5.40276e-011	5.07575e-011	4.7941e-011	4.56927e-011	4.43687e-011	4.33686e-011	4.27083e-011	4.17965e-011	4.03165e-011	3.88675e-011	3.72221e-011	3.53581e-011	3.35406e-011	3.11274e-011	2.79934e-011	2.48059e-011	2.16056e-011	1.91669e-011	1.89826e-011	2.11647e-011	2.59476e-011	3.27971e-011	4.05126e-011	4.80309e-011
5.78089e-011	5.61771e-011	5.24665e-011	4.71734e-011	4.15866e-011	3.65802e-011	3.29945e-011	3.10279e-011	3.05692e-011	3.07483e-011	3.1055e-011	3.12384e-011	3.08303e-011	3.02817e-011	2.94982e-011	2.86177e-011	2.7886e-011	2.71804e-011	2.66292e-011	2.60258e-011	2.58468e-011	2.65465e-011	2.81254e-011	3.07413e-011	3.40998e-011	3.74606e-011	3.98281e-011	4.09498e-011	4.03015e-011	3.7986e-011	3.50603e-011	3.21924e-011	3.06585e-011	3.11516e-011	3.36731e-011	3.74297e-011	4.15198e-011	4.51585e-011	4.68501e-011	4.67139e-011	4.5337e-011	4.28999e-011	4.0828e-011	3.97092e-011	3.91799e-011	3.91699e-011	3.92661e-011	3.86114e-011	3.70686e-011	3.53513e-011	3.30951e-011	3.11258e-011	3.02266e-011	2.99563e-011	3.01046e-011	3.00835e-011	2.99657e-011	2.95742e-011	2.89625e-011	2.96302e-011	3.12966e-011	3.44275e-011	3.93865e-011	4.51472e-011	5.0403e-011	5.46457e-011	5.68528e-011	5.63264e-011	5.49566e-011	5.30918e-011	5.16071e-011	5.19002e-011	5.37222e-011	5.65607e-011	5.87724e-011	5.96262e-011	5.84837e-011	5.46244e-011	4.98737e-011	4.50448e-011	4.09132e-011	3.88827e-011	3.8697e-011	3.95574e-011	4.05946e-011	4.08652e-011	3.91959e-011	3.60103e-011	3.20605e-011	2.78428e-011	2.46509e-011	2.31503e-011	2.37825e-011	2.55677e-011	2.79484e-011	3.05254e-011	3.18934e-011	3.28988e-011	3.39071e-011	3.50916e-011	3.6914e-011	3.9191e-011	4.13988e-011	4.27306e-011	4.32579e-011	4.23109e-011	4.01707e-011	3.81049e-011	3.62572e-011	3.49903e-011	3.431e-011	3.34116e-011	3.14376e-011	2.79607e-011	2.30345e-011	1.70337e-011	1.14591e-011	7.36229e-012	5.94235e-012	7.74061e-012	1.20449e-011	1.77959e-011	2.33444e-011	2.75275e-011	2.95647e-011	2.94948e-011	2.85819e-011	2.8045e-011	2.91265e-011	3.22398e-011	3.71316e-011	4.26934e-011	4.76668e-011	5.14045e-011	5.30356e-011	5.28318e-011	5.13722e-011	4.91177e-011	4.69616e-011	4.51194e-011	4.34862e-011	4.1812e-011	4.00864e-011	3.84284e-011	3.6658e-011	3.54072e-011	3.45123e-011	3.3737e-011	3.29409e-011	3.15897e-011	2.91516e-011	2.59226e-011	2.24897e-011	1.94942e-011	1.84949e-011	2.02016e-011	2.4808e-011	3.18718e-011	4.00761e-011	4.81087e-011
5.73194e-011	5.56606e-011	5.214e-011	4.69494e-011	4.13376e-011	3.59162e-011	3.14921e-011	2.80984e-011	2.59192e-011	2.51033e-011	2.47037e-011	2.48806e-011	2.55421e-011	2.6277e-011	2.73507e-011	2.82829e-011	2.8744e-011	2.85823e-011	2.81659e-011	2.74746e-011	2.71393e-011	2.78649e-011	2.98921e-011	3.33659e-011	3.76945e-011	4.26691e-011	4.65641e-011	4.83871e-011	4.81978e-011	4.55505e-011	4.14293e-011	3.73267e-011	3.40602e-011	3.26911e-011	3.38292e-011	3.64967e-011	3.94924e-011	4.23029e-011	4.37027e-011	4.33796e-011	4.22357e-011	4.01887e-011	3.80026e-011	3.66088e-011	3.56229e-011	3.49703e-011	3.435e-011	3.36395e-011	3.2702e-011	3.18296e-011	3.16461e-011	3.19652e-011	3.28334e-011	3.40293e-011	3.52853e-011	3.55676e-011	3.51904e-011	3.41004e-011	3.25534e-011	3.24274e-011	3.40717e-011	3.77497e-011	4.35057e-011	5.01911e-011	5.64545e-011	6.07941e-011	6.2606e-011	6.17427e-011	5.87525e-011	5.5453e-011	5.30694e-011	5.23008e-011	5.33587e-011	5.57894e-011	5.7783e-011	5.87472e-011	5.82363e-011	5.49026e-011	5.03562e-011	4.59322e-011	4.15949e-011	3.88803e-011	3.78615e-011	3.79309e-011	3.83879e-011	3.84542e-011	3.73261e-011	3.50599e-011	3.22172e-011	2.93443e-011	2.74987e-011	2.64382e-011	2.67981e-011	2.73493e-011	2.72802e-011	2.81574e-011	2.83751e-011	2.82536e-011	2.97304e-011	3.1951e-011	3.51435e-011	3.8937e-011	4.20335e-011	4.35911e-011	4.35217e-011	4.16999e-011	3.88062e-011	3.62351e-011	3.42812e-011	3.36123e-011	3.38033e-011	3.4328e-011	3.4045e-011	3.15536e-011	2.72602e-011	2.1455e-011	1.51694e-011	1.01865e-011	7.61437e-012	8.19786e-012	1.16723e-011	1.678e-011	2.18227e-011	2.564e-011	2.77994e-011	2.8188e-011	2.79269e-011	2.7962e-011	2.90768e-011	3.16851e-011	3.54515e-011	3.99411e-011	4.38433e-011	4.65045e-011	4.80805e-011	4.83266e-011	4.7892e-011	4.70676e-011	4.60345e-011	4.48826e-011	4.36318e-011	4.17756e-011	3.95145e-011	3.72893e-011	3.49779e-011	3.35179e-011	3.308e-011	3.31853e-011	3.34057e-011	3.29577e-011	3.12285e-011	2.80846e-011	2.4238e-011	2.07186e-011	1.8953e-011	2.00445e-011	2.41471e-011	3.07309e-011	3.84383e-011	4.59959e-011
5.48796e-011	5.32019e-011	5.0191e-011	4.56913e-011	4.05578e-011	3.53186e-011	3.04837e-011	2.63267e-011	2.27761e-011	2.06981e-011	1.9512e-011	1.94853e-011	2.07892e-011	2.27434e-011	2.51452e-011	2.759e-011	2.96524e-011	3.0701e-011	3.07618e-011	3.02246e-011	2.96102e-011	2.99287e-011	3.17879e-011	3.56101e-011	4.06081e-011	4.62559e-011	5.13123e-011	5.39002e-011	5.39567e-011	5.12831e-011	4.64651e-011	4.14171e-011	3.70451e-011	3.40966e-011	3.31718e-011	3.39155e-011	3.53913e-011	3.68527e-011	3.78282e-011	3.76052e-011	3.6728e-011	3.55711e-011	3.40666e-011	3.27428e-011	3.1627e-011	3.06115e-011	2.95149e-011	2.86361e-011	2.80608e-011	2.81292e-011	2.93378e-011	3.17334e-011	3.5222e-011	3.86994e-011	4.14596e-011	4.28095e-011	4.23037e-011	4.07151e-011	3.86223e-011	3.74093e-011	3.84975e-011	4.21624e-011	4.81613e-011	5.52713e-011	6.19504e-011	6.63353e-011	6.7745e-011	6.64428e-011	6.26927e-011	5.8207e-011	5.44781e-011	5.2148e-011	5.17109e-011	5.28844e-011	5.42963e-011	5.49787e-011	5.46192e-011	5.23419e-011	4.87053e-011	4.47742e-011	4.09817e-011	3.83656e-011	3.69387e-011	3.65003e-011	3.61631e-011	3.54807e-011	3.4631e-011	3.32662e-011	3.20647e-011	3.13578e-011	3.11799e-011	3.14556e-011	3.18978e-011	3.18113e-011	3.04344e-011	2.88088e-011	2.71366e-011	2.62614e-011	2.74319e-011	3.01828e-011	3.42734e-011	3.89033e-011	4.29153e-011	4.50734e-011	4.48386e-011	4.25658e-011	3.88521e-011	3.52666e-011	3.28241e-011	3.21827e-011	3.2882e-011	3.42079e-011	3.51141e-011	3.37561e-011	3.01672e-011	2.4893e-011	1.86723e-011	1.36479e-011	1.06676e-011	1.04702e-011	1.25682e-011	1.60348e-011	2.02722e-011	2.34414e-011	2.54009e-011	2.64972e-011	2.69501e-011	2.7807e-011	2.95681e-011	3.21065e-011	3.51115e-011	3.85064e-011	4.11476e-011	4.28745e-011	4.40062e-011	4.42321e-011	4.43678e-011	4.46912e-011	4.51253e-011	4.52067e-011	4.45934e-011	4.30128e-011	4.03493e-011	3.75006e-011	3.48837e-011	3.31195e-011	3.28185e-011	3.34668e-011	3.4358e-011	3.44772e-011	3.31664e-011	3.02748e-011	2.63701e-011	2.27351e-011	2.0517e-011	2.07649e-011	2.38476e-011	2.93165e-011	3.61192e-011	4.27712e-011
5.16077e-011	4.9978e-011	4.73792e-011	4.39372e-011	3.9803e-011	3.51696e-011	3.05887e-011	2.6214e-011	2.2092e-011	1.92396e-011	1.7118e-011	1.61803e-011	1.73521e-011	1.97422e-011	2.32686e-011	2.71047e-011	3.04288e-011	3.2856e-011	3.34906e-011	3.30802e-011	3.23038e-011	3.19502e-011	3.33131e-011	3.68204e-011	4.16524e-011	4.73074e-011	5.25764e-011	5.5268e-011	5.57476e-011	5.37997e-011	4.90052e-011	4.36451e-011	3.85292e-011	3.41677e-011	3.14947e-011	3.00987e-011	2.98308e-011	3.00159e-011	3.02866e-011	3.03534e-011	3.01065e-011	2.97196e-011	2.94137e-011	2.89919e-011	2.83026e-011	2.7568e-011	2.62154e-011	2.48962e-011	2.45639e-011	2.5257e-011	2.78712e-011	3.22497e-011	3.77073e-011	4.36371e-011	4.82037e-011	5.07217e-011	5.06383e-011	4.84722e-011	4.5794e-011	4.38648e-011	4.4065e-011	4.70973e-011	5.24272e-011	5.87953e-011	6.51158e-011	6.94196e-011	7.05034e-011	6.89452e-011	6.4798e-011	5.92742e-011	5.43011e-011	5.04916e-011	4.83045e-011	4.78598e-011	4.82973e-011	4.83533e-011	4.78148e-011	4.61705e-011	4.37492e-011	4.14329e-011	3.92075e-011	3.75607e-011	3.65299e-011	3.57269e-011	3.50196e-011	3.37631e-011	3.28338e-011	3.24084e-011	3.25861e-011	3.41918e-011	3.64001e-011	3.82925e-011	3.94021e-011	3.91093e-011	3.68883e-011	3.38717e-011	3.04505e-011	2.77435e-011	2.75014e-011	2.96629e-011	3.38613e-011	3.89415e-011	4.34343e-011	4.6167e-011	4.58666e-011	4.31523e-011	3.89988e-011	3.44573e-011	3.13102e-011	3.02645e-011	3.08515e-011	3.22793e-011	3.34532e-011	3.27557e-011	3.02383e-011	2.63624e-011	2.12963e-011	1.69109e-011	1.41965e-011	1.34905e-011	1.46883e-011	1.66741e-011	1.95569e-011	2.19787e-011	2.36366e-011	2.5262e-011	2.67301e-011	2.84854e-011	3.12365e-011	3.43664e-011	3.71481e-011	4.00309e-011	4.13813e-011	4.13891e-011	4.16977e-011	4.16151e-011	4.18919e-011	4.30924e-011	4.45205e-011	4.57694e-011	4.58678e-011	4.4627e-011	4.20384e-011	3.86907e-011	3.57453e-011	3.38266e-011	3.33259e-011	3.39859e-011	3.49927e-011	3.5312e-011	3.42997e-011	3.18153e-011	2.80888e-011	2.44233e-011	2.19981e-011	2.16451e-011	2.37781e-011	2.79861e-011	3.35735e-011	3.91311e-011
4.85016e-011	4.66798e-011	4.43233e-011	4.16039e-011	3.8597e-011	3.52816e-011	3.15703e-011	2.76837e-011	2.34905e-011	1.96934e-011	1.67983e-011	1.49534e-011	1.53137e-011	1.76381e-011	2.15303e-011	2.62953e-011	3.07241e-011	3.39123e-011	3.5105e-011	3.49572e-011	3.42631e-011	3.35428e-011	3.43206e-011	3.69887e-011	4.10271e-011	4.59224e-011	5.07668e-011	5.37549e-011	5.45178e-011	5.32e-011	4.92242e-011	4.40543e-011	3.86364e-011	3.35503e-011	2.95434e-011	2.66242e-011	2.50169e-011	2.37424e-011	2.28784e-011	2.30561e-011	2.33275e-011	2.40343e-011	2.52247e-011	2.61336e-011	2.63184e-011	2.60294e-011	2.48585e-011	2.31992e-011	2.27495e-011	2.37934e-011	2.70996e-011	3.29649e-011	4.02109e-011	4.75879e-011	5.33252e-011	5.69067e-011	5.76561e-011	5.5496e-011	5.26314e-011	5.01475e-011	4.90168e-011	5.07257e-011	5.49124e-011	6.00545e-011	6.54354e-011	6.93595e-011	7.01046e-011	6.8323e-011	6.40738e-011	5.81511e-011	5.2502e-011	4.78237e-011	4.44176e-011	4.22389e-011	4.10185e-011	4.01775e-011	3.91024e-011	3.82678e-011	3.73726e-011	3.69253e-011	3.71018e-011	3.72883e-011	3.7216e-011	3.65828e-011	3.55264e-011	3.39785e-011	3.29142e-011	3.30605e-011	3.45576e-011	3.754e-011	4.15885e-011	4.5573e-011	4.79617e-011	4.81658e-011	4.55882e-011	4.08458e-011	3.56637e-011	3.11547e-011	2.88384e-011	2.96313e-011	3.31266e-011	3.8009e-011	4.25329e-011	4.53315e-011	4.50904e-011	4.21954e-011	3.79592e-011	3.32171e-011	2.96513e-011	2.7996e-011	2.8014e-011	2.90161e-011	3.00463e-011	3.01427e-011	2.86783e-011	2.61989e-011	2.31665e-011	2.02989e-011	1.83522e-011	1.78805e-011	1.85973e-011	1.97658e-011	2.15899e-011	2.28837e-011	2.38062e-011	2.55004e-011	2.76645e-011	3.06016e-011	3.44023e-011	3.83367e-011	4.13426e-011	4.32546e-011	4.373e-011	4.2575e-011	4.11776e-011	4.02512e-011	4.03264e-011	4.17134e-011	4.3713e-011	4.55806e-011	4.60692e-011	4.52194e-011	4.30838e-011	3.97115e-011	3.67426e-011	3.47941e-011	3.39733e-011	3.43889e-011	3.52626e-011	3.56132e-011	3.47722e-011	3.25871e-011	2.93188e-011	2.59547e-011	2.35335e-011	2.31928e-011	2.48876e-011	2.81428e-011	3.28777e-011	3.69481e-011
4.6246e-011	4.40892e-011	4.16922e-011	3.9583e-011	3.75361e-011	3.54875e-011	3.30246e-011	2.98517e-011	2.60101e-011	2.17255e-011	1.78641e-011	1.5301e-011	1.48015e-011	1.64968e-011	2.00265e-011	2.46717e-011	2.91759e-011	3.28614e-011	3.47986e-011	3.50879e-011	3.47523e-011	3.40887e-011	3.42637e-011	3.59759e-011	3.90644e-011	4.30217e-011	4.70571e-011	5.00098e-011	5.10713e-011	5.00944e-011	4.7133e-011	4.29638e-011	3.82332e-011	3.35106e-011	2.92031e-011	2.50669e-011	2.20592e-011	1.96716e-011	1.75323e-011	1.72849e-011	1.80703e-011	1.97299e-011	2.23818e-011	2.47412e-011	2.60576e-011	2.621e-011	2.51422e-011	2.35328e-011	2.28148e-011	2.38622e-011	2.74053e-011	3.33572e-011	4.11729e-011	4.96343e-011	5.62144e-011	6.05241e-011	6.23003e-011	6.03658e-011	5.72034e-011	5.43518e-011	5.20956e-011	5.23268e-011	5.51014e-011	5.88037e-011	6.27272e-011	6.56454e-011	6.58927e-011	6.38847e-011	6.01663e-011	5.47999e-011	4.94729e-011	4.4528e-011	4.03964e-011	3.69788e-011	3.39037e-011	3.20123e-011	3.05767e-011	3.01043e-011	3.10596e-011	3.28356e-011	3.49827e-011	3.74202e-011	3.89609e-011	3.91525e-011	3.83971e-011	3.67454e-011	3.52774e-011	3.5371e-011	3.74264e-011	4.16376e-011	4.7011e-011	5.24817e-011	5.63511e-011	5.69164e-011	5.43173e-011	4.86215e-011	4.13835e-011	3.50633e-011	3.10375e-011	2.99984e-011	3.19145e-011	3.5584e-011	3.90859e-011	4.13689e-011	4.1403e-011	3.87877e-011	3.50672e-011	3.08833e-011	2.7281e-011	2.52445e-011	2.47446e-011	2.52829e-011	2.60437e-011	2.65149e-011	2.61936e-011	2.51713e-011	2.38751e-011	2.33245e-011	2.34013e-011	2.40304e-011	2.51966e-011	2.58469e-011	2.62634e-011	2.6689e-011	2.66328e-011	2.77224e-011	3.02394e-011	3.39761e-011	3.87141e-011	4.33513e-011	4.67933e-011	4.81224e-011	4.74197e-011	4.52216e-011	4.25985e-011	4.04319e-011	3.96271e-011	4.02934e-011	4.19069e-011	4.38218e-011	4.46745e-011	4.40956e-011	4.25106e-011	3.97078e-011	3.69239e-011	3.50855e-011	3.43467e-011	3.46131e-011	3.52916e-011	3.55784e-011	3.47342e-011	3.27174e-011	3.00627e-011	2.75841e-011	2.60279e-011	2.61623e-011	2.79338e-011	3.04653e-011	3.40054e-011	3.7171e-011
4.50094e-011	4.2243e-011	3.97127e-011	3.78246e-011	3.65893e-011	3.55391e-011	3.40272e-011	3.17207e-011	2.85154e-011	2.44788e-011	2.04578e-011	1.72896e-011	1.57187e-011	1.63462e-011	1.87343e-011	2.25781e-011	2.67985e-011	3.04442e-011	3.29238e-011	3.38545e-011	3.3837e-011	3.35136e-011	3.35667e-011	3.46905e-011	3.70579e-011	4.00249e-011	4.28637e-011	4.52547e-011	4.62476e-011	4.57177e-011	4.40605e-011	4.12895e-011	3.80003e-011	3.42402e-011	3.02226e-011	2.57829e-011	2.14645e-011	1.78209e-011	1.49343e-011	1.39887e-011	1.50025e-011	1.73279e-011	2.07458e-011	2.40953e-011	2.63824e-011	2.71397e-011	2.64653e-011	2.50101e-011	2.38981e-011	2.44457e-011	2.76198e-011	3.33013e-011	4.08941e-011	4.9338e-011	5.64511e-011	6.12238e-011	6.32839e-011	6.18114e-011	5.8772e-011	5.57599e-011	5.31574e-011	5.25842e-011	5.38065e-011	5.60356e-011	5.82347e-011	5.95314e-011	5.94724e-011	5.76234e-011	5.45678e-011	5.06182e-011	4.61866e-011	4.15748e-011	3.73077e-011	3.297e-011	2.88371e-011	2.60442e-011	2.40539e-011	2.34799e-011	2.5401e-011	2.88398e-011	3.32922e-011	3.77252e-011	4.12015e-011	4.28038e-011	4.24045e-011	4.08181e-011	3.90432e-011	3.86373e-011	4.06184e-011	4.52847e-011	5.14706e-011	5.7863e-011	6.25444e-011	6.32818e-011	6.06323e-011	5.48618e-011	4.67526e-011	3.91846e-011	3.33934e-011	3.02169e-011	2.98894e-011	3.15187e-011	3.36852e-011	3.52173e-011	3.53376e-011	3.35016e-011	3.05818e-011	2.73845e-011	2.45961e-011	2.283e-011	2.21687e-011	2.24297e-011	2.26783e-011	2.29429e-011	2.32652e-011	2.36802e-011	2.4753e-011	2.6409e-011	2.89056e-011	3.14366e-011	3.33736e-011	3.42164e-011	3.35155e-011	3.24592e-011	3.1487e-011	3.17867e-011	3.41126e-011	3.81748e-011	4.32071e-011	4.8057e-011	5.16234e-011	5.27694e-011	5.146e-011	4.83055e-011	4.42914e-011	4.08035e-011	3.87125e-011	3.82402e-011	3.90279e-011	4.0429e-011	4.13603e-011	4.11381e-011	3.99638e-011	3.7886e-011	3.59314e-011	3.47904e-011	3.44566e-011	3.49965e-011	3.55406e-011	3.57072e-011	3.49882e-011	3.32363e-011	3.14032e-011	2.99309e-011	2.95156e-011	3.06094e-011	3.28436e-011	3.54209e-011	3.78639e-011	3.96891e-011
4.47005e-011	4.13354e-011	3.84103e-011	3.63376e-011	3.51286e-011	3.45318e-011	3.39517e-011	3.24113e-011	3.01307e-011	2.69127e-011	2.30123e-011	1.95711e-011	1.72051e-011	1.66541e-011	1.78707e-011	2.05195e-011	2.40162e-011	2.72999e-011	2.98459e-011	3.12626e-011	3.19113e-011	3.23044e-011	3.29508e-011	3.41575e-011	3.58833e-011	3.81924e-011	3.99169e-011	4.11857e-011	4.20621e-011	4.19384e-011	4.13364e-011	4.02788e-011	3.85257e-011	3.60495e-011	3.27138e-011	2.84743e-011	2.38014e-011	1.94445e-011	1.58129e-011	1.40006e-011	1.44606e-011	1.66325e-011	2.0184e-011	2.3973e-011	2.6884e-011	2.81443e-011	2.76889e-011	2.6283e-011	2.4909e-011	2.48864e-011	2.72722e-011	3.23514e-011	3.92781e-011	4.69148e-011	5.3691e-011	5.80391e-011	6.00366e-011	5.94304e-011	5.70799e-011	5.47225e-011	5.26273e-011	5.16011e-011	5.16837e-011	5.2466e-011	5.32734e-011	5.33469e-011	5.26928e-011	5.12198e-011	4.89042e-011	4.63795e-011	4.34955e-011	4.00287e-011	3.63777e-011	3.2163e-011	2.72913e-011	2.34437e-011	2.07019e-011	1.96252e-011	2.17108e-011	2.60514e-011	3.21218e-011	3.84267e-011	4.34887e-011	4.64191e-011	4.64907e-011	4.47804e-011	4.28592e-011	4.18497e-011	4.34671e-011	4.78657e-011	5.35504e-011	5.97336e-011	6.47385e-011	6.58031e-011	6.34492e-011	5.82107e-011	4.99236e-011	4.1569e-011	3.45846e-011	2.95403e-011	2.70753e-011	2.66022e-011	2.71785e-011	2.76898e-011	2.74772e-011	2.6361e-011	2.46995e-011	2.30745e-011	2.17693e-011	2.1309e-011	2.09915e-011	2.12206e-011	2.1141e-011	2.08539e-011	2.15558e-011	2.29379e-011	2.58798e-011	3.01001e-011	3.49262e-011	3.93337e-011	4.22385e-011	4.32746e-011	4.23609e-011	4.02937e-011	3.82832e-011	3.74922e-011	3.87305e-011	4.21436e-011	4.69382e-011	5.14946e-011	5.49485e-011	5.59943e-011	5.40521e-011	5.02666e-011	4.53469e-011	4.05121e-011	3.71027e-011	3.55373e-011	3.52358e-011	3.56731e-011	3.61278e-011	3.58394e-011	3.51565e-011	3.43028e-011	3.34843e-011	3.38236e-011	3.46872e-011	3.58518e-011	3.67048e-011	3.68073e-011	3.62396e-011	3.49142e-011	3.37869e-011	3.35942e-011	3.44526e-011	3.65531e-011	3.96453e-011	4.25109e-011	4.46631e-011	4.57381e-011
4.46633e-011	4.08795e-011	3.74661e-011	3.4917e-011	3.34454e-011	3.28331e-011	3.27703e-011	3.21306e-011	3.0721e-011	2.84402e-011	2.52577e-011	2.20044e-011	1.94544e-011	1.83693e-011	1.8609e-011	1.99446e-011	2.25644e-011	2.46935e-011	2.66506e-011	2.85508e-011	2.99305e-011	3.13397e-011	3.29636e-011	3.46615e-011	3.61796e-011	3.77698e-011	3.87261e-011	3.90559e-011	3.94027e-011	3.93915e-011	3.93212e-011	3.93402e-011	3.90359e-011	3.79488e-011	3.56657e-011	3.23131e-011	2.7732e-011	2.28965e-011	1.86525e-011	1.58109e-011	1.53377e-011	1.69806e-011	2.01475e-011	2.38353e-011	2.68971e-011	2.83728e-011	2.79896e-011	2.66798e-011	2.5347e-011	2.52203e-011	2.72195e-011	3.14131e-011	3.73035e-011	4.34508e-011	4.91248e-011	5.31578e-011	5.49816e-011	5.51189e-011	5.39049e-011	5.22909e-011	5.11609e-011	5.0474e-011	5.0127e-011	5.0098e-011	4.9774e-011	4.86737e-011	4.74929e-011	4.6035e-011	4.43764e-011	4.31392e-011	4.1875e-011	4.00856e-011	3.73614e-011	3.35907e-011	2.85962e-011	2.35525e-011	1.97971e-011	1.80947e-011	1.9631e-011	2.43368e-011	3.10708e-011	3.81587e-011	4.39959e-011	4.77014e-011	4.82998e-011	4.69872e-011	4.53476e-011	4.405e-011	4.48543e-011	4.84333e-011	5.34437e-011	5.88896e-011	6.34037e-011	6.48603e-011	6.29343e-011	5.81001e-011	5.06384e-011	4.24005e-011	3.50248e-011	2.92452e-011	2.53763e-011	2.28427e-011	2.18457e-011	2.07265e-011	1.95595e-011	1.90527e-011	1.86459e-011	1.90386e-011	1.99777e-011	2.09938e-011	2.15848e-011	2.18497e-011	2.14347e-011	2.07635e-011	2.1325e-011	2.33556e-011	2.72887e-011	3.28474e-011	3.94774e-011	4.57925e-011	4.96897e-011	5.151e-011	5.08568e-011	4.79107e-011	4.48801e-011	4.29297e-011	4.2706e-011	4.49552e-011	4.9001e-011	5.28992e-011	5.59239e-011	5.67896e-011	5.44162e-011	5.02378e-011	4.50951e-011	3.97641e-011	3.56377e-011	3.28518e-011	3.14198e-011	3.05345e-011	3.00203e-011	2.9716e-011	2.944e-011	2.99247e-011	3.10239e-011	3.28444e-011	3.52399e-011	3.75867e-011	3.9021e-011	3.93739e-011	3.89657e-011	3.80282e-011	3.74491e-011	3.81153e-011	4.03154e-011	4.36335e-011	4.74217e-011	5.0851e-011	5.27289e-011	5.29961e-011
4.4156e-011	4.02398e-011	3.64189e-011	3.33601e-011	3.14549e-011	3.07146e-011	3.06228e-011	3.05097e-011	2.98695e-011	2.85914e-011	2.65017e-011	2.44623e-011	2.26199e-011	2.15404e-011	2.12894e-011	2.12518e-011	2.24526e-011	2.37753e-011	2.48722e-011	2.68124e-011	2.88679e-011	3.1127e-011	3.38429e-011	3.63013e-011	3.81618e-011	3.95145e-011	3.98425e-011	3.92695e-011	3.88751e-011	3.82919e-011	3.81895e-011	3.8671e-011	3.92738e-011	3.96269e-011	3.8404e-011	3.58157e-011	3.18566e-011	2.6759e-011	2.20015e-011	1.85324e-011	1.72022e-011	1.8049e-011	2.04785e-011	2.34856e-011	2.58677e-011	2.716e-011	2.69994e-011	2.60509e-011	2.52561e-011	2.53575e-011	2.71385e-011	3.05929e-011	3.54726e-011	4.05209e-011	4.47727e-011	4.80546e-011	4.97016e-011	5.01943e-011	5.01076e-011	4.98245e-011	4.97852e-011	5.01321e-011	5.0241e-011	4.9755e-011	4.89608e-011	4.68853e-011	4.46104e-011	4.30748e-011	4.19192e-011	4.16417e-011	4.18507e-011	4.14963e-011	3.98615e-011	3.64884e-011	3.15165e-011	2.59741e-011	2.14185e-011	1.90183e-011	1.97094e-011	2.35544e-011	2.95993e-011	3.64639e-011	4.23174e-011	4.63211e-011	4.77102e-011	4.6779e-011	4.53233e-011	4.42766e-011	4.46295e-011	4.71868e-011	5.12863e-011	5.57823e-011	5.93379e-011	6.06654e-011	5.88403e-011	5.46601e-011	4.8524e-011	4.17025e-011	3.53398e-011	2.97028e-011	2.52074e-011	2.10182e-011	1.7868e-011	1.5445e-011	1.34142e-011	1.2967e-011	1.39072e-011	1.59475e-011	1.89037e-011	2.17136e-011	2.35412e-011	2.41733e-011	2.3741e-011	2.28098e-011	2.27611e-011	2.44964e-011	2.87341e-011	3.49828e-011	4.23701e-011	5.00375e-011	5.51582e-011	5.75205e-011	5.72101e-011	5.38931e-011	4.99073e-011	4.69227e-011	4.54819e-011	4.64353e-011	4.91862e-011	5.20447e-011	5.39342e-011	5.42699e-011	5.20283e-011	4.81074e-011	4.3417e-011	3.83206e-011	3.39284e-011	3.03036e-011	2.78186e-011	2.58961e-011	2.43324e-011	2.38041e-011	2.40728e-011	2.54062e-011	2.82371e-011	3.19951e-011	3.60139e-011	3.95829e-011	4.21124e-011	4.3019e-011	4.2868e-011	4.22417e-011	4.21595e-011	4.33663e-011	4.62436e-011	5.06974e-011	5.51128e-011	5.8898e-011	6.08823e-011	6.02311e-011
4.26833e-011	3.90249e-011	3.53268e-011	3.21456e-011	2.99561e-011	2.87927e-011	2.83167e-011	2.83949e-011	2.83542e-011	2.82192e-011	2.7824e-011	2.71711e-011	2.65246e-011	2.60391e-011	2.56308e-011	2.50814e-011	2.49176e-011	2.50713e-011	2.54469e-011	2.69509e-011	2.90421e-011	3.18579e-011	3.52008e-011	3.8476e-011	4.10091e-011	4.22311e-011	4.22627e-011	4.0933e-011	3.92416e-011	3.7906e-011	3.73878e-011	3.77634e-011	3.88198e-011	3.98867e-011	3.94241e-011	3.75485e-011	3.43373e-011	2.94949e-011	2.51182e-011	2.17441e-011	1.97621e-011	1.97546e-011	2.09835e-011	2.30551e-011	2.47796e-011	2.54935e-011	2.55991e-011	2.5123e-011	2.49285e-011	2.58836e-011	2.79878e-011	3.12187e-011	3.55846e-011	3.9509e-011	4.24571e-011	4.50822e-011	4.591e-011	4.62113e-011	4.7027e-011	4.79942e-011	4.93986e-011	5.09294e-011	5.18464e-011	5.1387e-011	4.99141e-011	4.73771e-011	4.43383e-011	4.2208e-011	4.12724e-011	4.14538e-011	4.23531e-011	4.28836e-011	4.20478e-011	3.91571e-011	3.471e-011	2.92513e-011	2.41217e-011	2.09454e-011	2.04522e-011	2.29725e-011	2.77799e-011	3.35478e-011	3.8832e-011	4.26202e-011	4.43998e-011	4.40651e-011	4.31038e-011	4.24658e-011	4.31514e-011	4.53832e-011	4.86788e-011	5.21207e-011	5.41844e-011	5.47449e-011	5.32788e-011	4.99312e-011	4.56571e-011	4.07666e-011	3.58399e-011	3.11704e-011	2.65258e-011	2.15839e-011	1.68894e-011	1.29913e-011	1.00508e-011	9.25176e-012	1.0614e-011	1.37734e-011	1.81009e-011	2.24015e-011	2.57159e-011	2.70513e-011	2.67284e-011	2.55483e-011	2.47283e-011	2.57429e-011	2.94431e-011	3.57231e-011	4.34863e-011	5.14473e-011	5.71566e-011	5.98073e-011	5.97101e-011	5.65893e-011	5.26225e-011	4.93423e-011	4.71051e-011	4.67546e-011	4.78297e-011	4.93491e-011	5.03112e-011	4.99485e-011	4.80464e-011	4.47764e-011	4.07692e-011	3.66731e-011	3.26722e-011	2.8931e-011	2.58923e-011	2.31059e-011	2.06397e-011	1.96836e-011	1.98639e-011	2.18372e-011	2.58316e-011	3.1108e-011	3.7016e-011	4.20355e-011	4.55511e-011	4.72308e-011	4.71814e-011	4.66362e-011	4.67501e-011	4.81705e-011	5.15508e-011	5.64341e-011	6.09218e-011	6.46977e-011	6.6722e-011	6.55122e-011
3.99765e-011	3.72545e-011	3.41001e-011	3.12328e-011	2.89323e-011	2.75176e-011	2.67479e-011	2.6735e-011	2.73043e-011	2.80881e-011	2.91842e-011	3.02689e-011	3.11265e-011	3.15974e-011	3.18339e-011	3.12942e-011	3.04001e-011	2.95084e-011	2.85687e-011	2.88215e-011	3.04183e-011	3.3187e-011	3.68391e-011	4.05422e-011	4.35852e-011	4.48691e-011	4.44082e-011	4.26046e-011	3.99079e-011	3.75613e-011	3.62991e-011	3.60554e-011	3.6644e-011	3.7605e-011	3.75771e-011	3.63165e-011	3.41918e-011	3.05985e-011	2.68214e-011	2.40608e-011	2.22254e-011	2.1748e-011	2.21867e-011	2.32114e-011	2.40657e-011	2.43923e-011	2.46416e-011	2.47874e-011	2.54491e-011	2.74336e-011	3.06416e-011	3.42546e-011	3.84424e-011	4.17577e-011	4.31989e-011	4.44284e-011	4.47228e-011	4.44931e-011	4.55519e-011	4.739e-011	4.99037e-011	5.24879e-011	5.40881e-011	5.41018e-011	5.22398e-011	4.92912e-011	4.5937e-011	4.31832e-011	4.18219e-011	4.18622e-011	4.26441e-011	4.34152e-011	4.32361e-011	4.08279e-011	3.67931e-011	3.18566e-011	2.66312e-011	2.28918e-011	2.1428e-011	2.26915e-011	2.602e-011	3.03784e-011	3.45111e-011	3.72019e-011	3.86801e-011	3.89895e-011	3.90912e-011	3.97796e-011	4.1275e-011	4.37115e-011	4.63361e-011	4.8847e-011	5.00387e-011	4.94527e-011	4.79945e-011	4.54883e-011	4.26484e-011	3.99034e-011	3.69818e-011	3.36131e-011	2.97495e-011	2.48908e-011	1.93126e-011	1.43229e-011	9.99619e-012	7.98457e-012	9.01563e-012	1.24664e-011	1.77088e-011	2.30905e-011	2.73693e-011	2.95013e-011	2.92637e-011	2.78086e-011	2.64265e-011	2.67396e-011	2.97382e-011	3.52613e-011	4.2219e-011	4.94038e-011	5.51234e-011	5.79571e-011	5.83598e-011	5.63188e-011	5.27679e-011	4.96182e-011	4.72687e-011	4.60554e-011	4.58994e-011	4.6035e-011	4.59171e-011	4.50227e-011	4.33128e-011	4.08282e-011	3.79654e-011	3.50477e-011	3.22613e-011	2.91889e-011	2.60015e-011	2.2817e-011	1.93948e-011	1.73873e-011	1.72647e-011	1.93866e-011	2.41677e-011	3.06606e-011	3.77771e-011	4.40744e-011	4.83224e-011	5.04857e-011	5.05376e-011	5.00515e-011	5.03248e-011	5.15382e-011	5.47242e-011	5.95333e-011	6.3938e-011	6.74079e-011	6.9283e-011	6.80289e-011
3.66509e-011	3.51499e-011	3.31166e-011	3.08999e-011	2.88479e-011	2.74279e-011	2.6519e-011	2.63715e-011	2.71294e-011	2.84908e-011	3.05413e-011	3.29764e-011	3.56734e-011	3.77524e-011	3.88143e-011	3.87249e-011	3.72386e-011	3.5193e-011	3.31969e-011	3.18711e-011	3.22572e-011	3.44108e-011	3.78463e-011	4.14414e-011	4.44757e-011	4.5765e-011	4.50436e-011	4.29897e-011	3.98377e-011	3.66659e-011	3.44452e-011	3.32869e-011	3.30813e-011	3.34762e-011	3.36975e-011	3.30635e-011	3.16955e-011	2.9833e-011	2.76384e-011	2.5791e-011	2.47098e-011	2.45954e-011	2.47994e-011	2.5351e-011	2.55265e-011	2.51035e-011	2.51929e-011	2.58433e-011	2.75131e-011	3.0729e-011	3.49978e-011	3.94858e-011	4.3502e-011	4.62677e-011	4.71677e-011	4.65637e-011	4.55863e-011	4.49233e-011	4.55286e-011	4.74467e-011	5.0396e-011	5.31797e-011	5.51997e-011	5.57768e-011	5.39441e-011	5.08798e-011	4.74699e-011	4.41185e-011	4.21556e-011	4.17635e-011	4.2156e-011	4.27497e-011	4.26954e-011	4.07802e-011	3.72719e-011	3.29223e-011	2.8331e-011	2.51452e-011	2.36396e-011	2.42834e-011	2.61094e-011	2.81222e-011	3.08262e-011	3.2373e-011	3.29271e-011	3.3914e-011	3.49821e-011	3.69633e-011	3.99533e-011	4.31022e-011	4.56733e-011	4.74599e-011	4.75579e-011	4.61069e-011	4.43214e-011	4.19646e-011	4.00506e-011	3.87787e-011	3.79149e-011	3.65542e-011	3.3741e-011	2.94472e-011	2.34917e-011	1.72156e-011	1.18401e-011	8.53841e-012	8.59769e-012	1.17074e-011	1.70709e-011	2.27431e-011	2.73578e-011	2.99279e-011	2.99522e-011	2.88254e-011	2.75795e-011	2.73674e-011	2.94938e-011	3.38251e-011	3.96523e-011	4.56871e-011	5.07061e-011	5.36462e-011	5.43935e-011	5.3423e-011	5.11532e-011	4.8664e-011	4.66265e-011	4.54067e-011	4.45118e-011	4.37185e-011	4.27041e-011	4.08668e-011	3.89797e-011	3.72136e-011	3.56345e-011	3.43352e-011	3.29094e-011	3.08392e-011	2.7803e-011	2.41171e-011	2.01354e-011	1.70156e-011	1.622e-011	1.81845e-011	2.29717e-011	2.97897e-011	3.73577e-011	4.40482e-011	4.87257e-011	5.1418e-011	5.19426e-011	5.13918e-011	5.16758e-011	5.29033e-011	5.55627e-011	5.97623e-011	6.3972e-011	6.70947e-011	6.86372e-011	6.74872e-011
3.32778e-011	3.27617e-011	3.19851e-011	3.10339e-011	2.98486e-011	2.88433e-011	2.80178e-011	2.75523e-011	2.81797e-011	2.97063e-011	3.24348e-011	3.6012e-011	3.99143e-011	4.35549e-011	4.56332e-011	4.60372e-011	4.44581e-011	4.14142e-011	3.82331e-011	3.5763e-011	3.47071e-011	3.54785e-011	3.77712e-011	4.0489e-011	4.29662e-011	4.42635e-011	4.34747e-011	4.13653e-011	3.82139e-011	3.45776e-011	3.16049e-011	2.95911e-011	2.85442e-011	2.82764e-011	2.83375e-011	2.81034e-011	2.76275e-011	2.7018e-011	2.66164e-011	2.69129e-011	2.75353e-011	2.84358e-011	2.91388e-011	2.92439e-011	2.90318e-011	2.81847e-011	2.77719e-011	2.87067e-011	3.10951e-011	3.53229e-011	4.06938e-011	4.60055e-011	5.01551e-011	5.24291e-011	5.25482e-011	5.09774e-011	4.87192e-011	4.68123e-011	4.62173e-011	4.72573e-011	4.97601e-011	5.24396e-011	5.43556e-011	5.51467e-011	5.37256e-011	5.07488e-011	4.73519e-011	4.3982e-011	4.16811e-011	4.08095e-011	4.07335e-011	4.07391e-011	4.01864e-011	3.85084e-011	3.57047e-011	3.2609e-011	2.95999e-011	2.74693e-011	2.67258e-011	2.71511e-011	2.81709e-011	2.86066e-011	2.90965e-011	2.91298e-011	2.89146e-011	2.99874e-011	3.20412e-011	3.51764e-011	3.94107e-011	4.36906e-011	4.67366e-011	4.83401e-011	4.77687e-011	4.51699e-011	4.24209e-011	3.98731e-011	3.83806e-011	3.82209e-011	3.86992e-011	3.90357e-011	3.74701e-011	3.38343e-011	2.81129e-011	2.11238e-011	1.49706e-011	1.08788e-011	9.88586e-012	1.19184e-011	1.61671e-011	2.12914e-011	2.55886e-011	2.84067e-011	2.90235e-011	2.83326e-011	2.76321e-011	2.75219e-011	2.90353e-011	3.22014e-011	3.67028e-011	4.13988e-011	4.54365e-011	4.79872e-011	4.88047e-011	4.85389e-011	4.75788e-011	4.67553e-011	4.60323e-011	4.53689e-011	4.44129e-011	4.26771e-011	4.07963e-011	3.84312e-011	3.60957e-011	3.48577e-011	3.4315e-011	3.43821e-011	3.43687e-011	3.32619e-011	3.06905e-011	2.6889e-011	2.25446e-011	1.88323e-011	1.71693e-011	1.82298e-011	2.22412e-011	2.84717e-011	3.56578e-011	4.23774e-011	4.71754e-011	4.99709e-011	5.09491e-011	5.0626e-011	5.06832e-011	5.18015e-011	5.4167e-011	5.77113e-011	6.13947e-011	6.39012e-011	6.4849e-011	6.38435e-011
2.99227e-011	3.05205e-011	3.11087e-011	3.14543e-011	3.15701e-011	3.11835e-011	3.05719e-011	2.99727e-011	3.01587e-011	3.15108e-011	3.43584e-011	3.84315e-011	4.31384e-011	4.7636e-011	5.02647e-011	5.12524e-011	5.02002e-011	4.68104e-011	4.29083e-011	3.92528e-011	3.65312e-011	3.56264e-011	3.62798e-011	3.7755e-011	3.94146e-011	4.04396e-011	3.98078e-011	3.78959e-011	3.49239e-011	3.15105e-011	2.84444e-011	2.60375e-011	2.45413e-011	2.34329e-011	2.28066e-011	2.2741e-011	2.29167e-011	2.39043e-011	2.55521e-011	2.78742e-011	3.0812e-011	3.33275e-011	3.49246e-011	3.51514e-011	3.43997e-011	3.31408e-011	3.23722e-011	3.3167e-011	3.59217e-011	4.05084e-011	4.61916e-011	5.2055e-011	5.64159e-011	5.83844e-011	5.79671e-011	5.52874e-011	5.15817e-011	4.8336e-011	4.62469e-011	4.58452e-011	4.72144e-011	4.92488e-011	5.07047e-011	5.12513e-011	5.00498e-011	4.75335e-011	4.48371e-011	4.21019e-011	4.01083e-011	3.91836e-011	3.87129e-011	3.82863e-011	3.72079e-011	3.57009e-011	3.377e-011	3.1888e-011	3.09859e-011	3.08961e-011	3.13869e-011	3.22984e-011	3.29355e-011	3.24186e-011	3.16087e-011	2.99585e-011	2.83809e-011	2.86821e-011	3.08095e-011	3.47303e-011	3.99585e-011	4.51535e-011	4.89539e-011	5.02638e-011	4.91387e-011	4.59467e-011	4.18647e-011	3.85677e-011	3.69775e-011	3.71122e-011	3.83032e-011	3.94576e-011	3.86304e-011	3.58339e-011	3.1104e-011	2.45121e-011	1.83206e-011	1.38118e-011	1.17509e-011	1.25464e-011	1.52866e-011	1.93112e-011	2.30462e-011	2.5679e-011	2.69777e-011	2.71796e-011	2.70672e-011	2.77183e-011	2.94889e-011	3.20963e-011	3.59056e-011	3.89121e-011	4.0915e-011	4.28254e-011	4.34244e-011	4.36378e-011	4.42092e-011	4.48336e-011	4.56834e-011	4.60235e-011	4.53768e-011	4.33701e-011	4.05764e-011	3.75263e-011	3.49274e-011	3.37511e-011	3.37738e-011	3.46249e-011	3.53768e-011	3.52703e-011	3.34997e-011	2.98858e-011	2.544e-011	2.12147e-011	1.85859e-011	1.85886e-011	2.14378e-011	2.66428e-011	3.29822e-011	3.91542e-011	4.36569e-011	4.62866e-011	4.73864e-011	4.74399e-011	4.78526e-011	4.91812e-011	5.14051e-011	5.4365e-011	5.72911e-011	5.94301e-011	6.00183e-011	5.91318e-011
2.73162e-011	2.86368e-011	3.04761e-011	3.22123e-011	3.34375e-011	3.37471e-011	3.34763e-011	3.3001e-011	3.28173e-011	3.37706e-011	3.62213e-011	3.99125e-011	4.44966e-011	4.93445e-011	5.26046e-011	5.4014e-011	5.35609e-011	5.03497e-011	4.59875e-011	4.14953e-011	3.73855e-011	3.47491e-011	3.38955e-011	3.40729e-011	3.45339e-011	3.47582e-011	3.41778e-011	3.26265e-011	3.05063e-011	2.79736e-011	2.55338e-011	2.31713e-011	2.14531e-011	1.99364e-011	1.848e-011	1.83298e-011	1.89962e-011	2.10238e-011	2.47557e-011	2.93208e-011	3.4058e-011	3.81708e-011	4.09632e-011	4.18443e-011	4.10417e-011	3.94863e-011	3.82049e-011	3.82679e-011	4.06063e-011	4.51751e-011	5.06608e-011	5.64394e-011	6.09539e-011	6.24423e-011	6.14866e-011	5.81734e-011	5.31213e-011	4.8529e-011	4.51944e-011	4.32708e-011	4.29874e-011	4.36671e-011	4.40949e-011	4.40287e-011	4.33284e-011	4.15671e-011	4.00123e-011	3.886e-011	3.79077e-011	3.73849e-011	3.68975e-011	3.61939e-011	3.48807e-011	3.34166e-011	3.23735e-011	3.19578e-011	3.26657e-011	3.47733e-011	3.73718e-011	3.95139e-011	4.07102e-011	3.97147e-011	3.7083e-011	3.40855e-011	3.09676e-011	2.9671e-011	3.11912e-011	3.51494e-011	4.08438e-011	4.66045e-011	5.09095e-011	5.21634e-011	5.0413e-011	4.66625e-011	4.18915e-011	3.78354e-011	3.55945e-011	3.51829e-011	3.60424e-011	3.73888e-011	3.74702e-011	3.54499e-011	3.18396e-011	2.65926e-011	2.10195e-011	1.65532e-011	1.40899e-011	1.38215e-011	1.54182e-011	1.82971e-011	2.09379e-011	2.28578e-011	2.44647e-011	2.55436e-011	2.6809e-011	2.87767e-011	3.14073e-011	3.40447e-011	3.67471e-011	3.87533e-011	3.91113e-011	3.93108e-011	3.93654e-011	3.97137e-011	4.12499e-011	4.33707e-011	4.54754e-011	4.67325e-011	4.66761e-011	4.49212e-011	4.18017e-011	3.82773e-011	3.523e-011	3.36066e-011	3.35878e-011	3.48457e-011	3.61844e-011	3.66541e-011	3.55798e-011	3.23449e-011	2.7937e-011	2.34588e-011	2.0283e-011	1.95183e-011	2.13249e-011	2.54862e-011	3.03702e-011	3.50687e-011	3.90938e-011	4.12564e-011	4.24388e-011	4.31995e-011	4.41109e-011	4.58495e-011	4.83366e-011	5.10586e-011	5.3314e-011	5.50193e-011	5.54276e-011	5.46623e-011
2.55247e-011	2.71369e-011	2.94599e-011	3.19766e-011	3.42121e-011	3.54282e-011	3.57252e-011	3.56251e-011	3.52755e-011	3.5633e-011	3.7343e-011	4.03646e-011	4.44118e-011	4.89041e-011	5.25045e-011	5.43825e-011	5.41518e-011	5.14125e-011	4.72138e-011	4.2567e-011	3.80356e-011	3.45e-011	3.19623e-011	3.06644e-011	2.98345e-011	2.88817e-011	2.82252e-011	2.72135e-011	2.60272e-011	2.48818e-011	2.35018e-011	2.17585e-011	2.00233e-011	1.81213e-011	1.6336e-011	1.58271e-011	1.65874e-011	1.91364e-011	2.36785e-011	2.97842e-011	3.65098e-011	4.207e-011	4.60817e-011	4.80099e-011	4.71964e-011	4.53048e-011	4.35761e-011	4.26626e-011	4.41026e-011	4.80401e-011	5.29091e-011	5.8116e-011	6.22618e-011	6.31711e-011	6.16755e-011	5.8158e-011	5.26299e-011	4.73423e-011	4.29271e-011	3.96185e-011	3.763e-011	3.64661e-011	3.58169e-011	3.51572e-011	3.46692e-011	3.43076e-011	3.43011e-011	3.47301e-011	3.55509e-011	3.61572e-011	3.61562e-011	3.56948e-011	3.4315e-011	3.27664e-011	3.22238e-011	3.29842e-011	3.55524e-011	3.95488e-011	4.41738e-011	4.80207e-011	4.9771e-011	4.89032e-011	4.51201e-011	4.00637e-011	3.52471e-011	3.25157e-011	3.27459e-011	3.59627e-011	4.11169e-011	4.6338e-011	5.03921e-011	5.17732e-011	4.98834e-011	4.6065e-011	4.10581e-011	3.62806e-011	3.32461e-011	3.21253e-011	3.24211e-011	3.34099e-011	3.39529e-011	3.30031e-011	3.04456e-011	2.66039e-011	2.27176e-011	1.95922e-011	1.77028e-011	1.74907e-011	1.80233e-011	1.93199e-011	2.09908e-011	2.17671e-011	2.31356e-011	2.50641e-011	2.75971e-011	3.1125e-011	3.4947e-011	3.81775e-011	4.02136e-011	4.08315e-011	3.99588e-011	3.87399e-011	3.75866e-011	3.74141e-011	3.88651e-011	4.1456e-011	4.45575e-011	4.6746e-011	4.73143e-011	4.61219e-011	4.29503e-011	3.91128e-011	3.57748e-011	3.37247e-011	3.3461e-011	3.4645e-011	3.62183e-011	3.69593e-011	3.6168e-011	3.34399e-011	2.95857e-011	2.56705e-011	2.26859e-011	2.1681e-011	2.25327e-011	2.54021e-011	2.90805e-011	3.19352e-011	3.48132e-011	3.66598e-011	3.77206e-011	3.91547e-011	4.08834e-011	4.30753e-011	4.60198e-011	4.8752e-011	5.06829e-011	5.21561e-011	5.22129e-011	5.13113e-011
2.46256e-011	2.5877e-011	2.82669e-011	3.11024e-011	3.39192e-011	3.60588e-011	3.69837e-011	3.7156e-011	3.68993e-011	3.6801e-011	3.77587e-011	4.00241e-011	4.32378e-011	4.68777e-011	5.00994e-011	5.17903e-011	5.18565e-011	5.00554e-011	4.66328e-011	4.26827e-011	3.8393e-011	3.44494e-011	3.09243e-011	2.8083e-011	2.59828e-011	2.42125e-011	2.31235e-011	2.26533e-011	2.23788e-011	2.24011e-011	2.23532e-011	2.16807e-011	2.04426e-011	1.86951e-011	1.6589e-011	1.53766e-011	1.57113e-011	1.81649e-011	2.31008e-011	2.98343e-011	3.76352e-011	4.45772e-011	4.95733e-011	5.21814e-011	5.16497e-011	4.94106e-011	4.71903e-011	4.55735e-011	4.61254e-011	4.89336e-011	5.27316e-011	5.66977e-011	5.98321e-011	6.05258e-011	5.88493e-011	5.54015e-011	5.02424e-011	4.47467e-011	3.96721e-011	3.54167e-011	3.1986e-011	2.92525e-011	2.75658e-011	2.63039e-011	2.56837e-011	2.63796e-011	2.80185e-011	3.04403e-011	3.32011e-011	3.56362e-011	3.6762e-011	3.67979e-011	3.56713e-011	3.4043e-011	3.37083e-011	3.51369e-011	3.90107e-011	4.47388e-011	5.11529e-011	5.63715e-011	5.85793e-011	5.76337e-011	5.35986e-011	4.73358e-011	4.1171e-011	3.66741e-011	3.48757e-011	3.62046e-011	3.98763e-011	4.39622e-011	4.73433e-011	4.87208e-011	4.693e-011	4.32272e-011	3.8512e-011	3.36416e-011	3.01362e-011	2.8407e-011	2.80954e-011	2.83867e-011	2.86385e-011	2.81148e-011	2.68558e-011	2.52633e-011	2.34885e-011	2.26798e-011	2.24512e-011	2.27987e-011	2.31484e-011	2.29553e-011	2.30993e-011	2.30994e-011	2.38347e-011	2.62489e-011	2.98977e-011	3.45115e-011	3.94863e-011	4.3456e-011	4.55204e-011	4.55335e-011	4.33346e-011	4.0222e-011	3.76817e-011	3.62735e-011	3.69195e-011	3.93052e-011	4.2609e-011	4.5476e-011	4.66146e-011	4.58932e-011	4.30896e-011	3.92678e-011	3.59523e-011	3.37499e-011	3.33486e-011	3.41982e-011	3.55087e-011	3.61961e-011	3.55875e-011	3.36526e-011	3.06574e-011	2.77277e-011	2.56178e-011	2.48702e-011	2.54112e-011	2.7122e-011	2.93044e-011	3.10202e-011	3.26962e-011	3.38285e-011	3.46977e-011	3.64727e-011	3.88656e-011	4.17642e-011	4.51325e-011	4.81207e-011	4.98771e-011	5.07754e-011	5.07266e-011	4.97793e-011
2.41494e-011	2.48093e-011	2.67744e-011	2.96053e-011	3.26582e-011	3.52085e-011	3.66779e-011	3.73376e-011	3.74379e-011	3.74618e-011	3.81428e-011	3.96299e-011	4.19807e-011	4.44051e-011	4.66871e-011	4.82244e-011	4.84616e-011	4.7547e-011	4.53885e-011	4.23769e-011	3.88865e-011	3.51214e-011	3.1237e-011	2.76555e-011	2.45394e-011	2.18098e-011	2.01381e-011	1.96109e-011	1.98451e-011	2.08391e-011	2.19212e-011	2.24974e-011	2.19702e-011	2.04207e-011	1.81987e-011	1.62053e-011	1.57426e-011	1.75844e-011	2.21779e-011	2.90907e-011	3.70873e-011	4.44313e-011	4.97313e-011	5.26887e-011	5.26752e-011	5.0722e-011	4.8577e-011	4.67401e-011	4.6355e-011	4.78649e-011	5.04456e-011	5.32324e-011	5.52796e-011	5.56759e-011	5.41513e-011	5.09942e-011	4.66242e-011	4.17371e-011	3.68042e-011	3.24438e-011	2.83476e-011	2.43381e-011	2.155e-011	1.94445e-011	1.84035e-011	1.9714e-011	2.26119e-011	2.70087e-011	3.19438e-011	3.61154e-011	3.8642e-011	3.91718e-011	3.81436e-011	3.66162e-011	3.61271e-011	3.79351e-011	4.24196e-011	4.85521e-011	5.57008e-011	6.19898e-011	6.47063e-011	6.40967e-011	6.02682e-011	5.31942e-011	4.58328e-011	3.98327e-011	3.5884e-011	3.50679e-011	3.67987e-011	3.92909e-011	4.16284e-011	4.25986e-011	4.09938e-011	3.78519e-011	3.39959e-011	2.98688e-011	2.69755e-011	2.50312e-011	2.42921e-011	2.38366e-011	2.3363e-011	2.3314e-011	2.30808e-011	2.36208e-011	2.47985e-011	2.64537e-011	2.83019e-011	2.98557e-011	3.03131e-011	2.96647e-011	2.86611e-011	2.75088e-011	2.73621e-011	2.9351e-011	3.3194e-011	3.85561e-011	4.41446e-011	4.88175e-011	5.10852e-011	5.03996e-011	4.74322e-011	4.27181e-011	3.82343e-011	3.53593e-011	3.47881e-011	3.64183e-011	3.92835e-011	4.20386e-011	4.32176e-011	4.2868e-011	4.08724e-011	3.77281e-011	3.52603e-011	3.36158e-011	3.31886e-011	3.38174e-011	3.47749e-011	3.54219e-011	3.50271e-011	3.37837e-011	3.20761e-011	3.03641e-011	2.93751e-011	2.96184e-011	3.05124e-011	3.19348e-011	3.33128e-011	3.36628e-011	3.38315e-011	3.41468e-011	3.42936e-011	3.57742e-011	3.85103e-011	4.19013e-011	4.55086e-011	4.85884e-011	5.04576e-011	5.08157e-011	5.0271e-011	4.92857e-011
2.43261e-011	2.43465e-011	2.56085e-011	2.79997e-011	3.05811e-011	3.31225e-011	3.50707e-011	3.63469e-011	3.72252e-011	3.77736e-011	3.85007e-011	3.94649e-011	4.09383e-011	4.24368e-011	4.36453e-011	4.46366e-011	4.49275e-011	4.44807e-011	4.33999e-011	4.16999e-011	3.93776e-011	3.64928e-011	3.31334e-011	2.91682e-011	2.54344e-011	2.18422e-011	1.91193e-011	1.8169e-011	1.85265e-011	2.01065e-011	2.21327e-011	2.36403e-011	2.38889e-011	2.25084e-011	2.01821e-011	1.78295e-011	1.67477e-011	1.78946e-011	2.16776e-011	2.76777e-011	3.48341e-011	4.19032e-011	4.72528e-011	5.03908e-011	5.11486e-011	4.97676e-011	4.77556e-011	4.61406e-011	4.53606e-011	4.58557e-011	4.73743e-011	4.90349e-011	4.99829e-011	5.00097e-011	4.85368e-011	4.58998e-011	4.26881e-011	3.91109e-011	3.52148e-011	3.11521e-011	2.701e-011	2.22176e-011	1.79677e-011	1.50082e-011	1.35657e-011	1.49063e-011	1.88923e-011	2.46274e-011	3.10133e-011	3.65613e-011	4.01942e-011	4.1279e-011	4.0585e-011	3.93688e-011	3.86707e-011	4.01252e-011	4.45834e-011	5.08103e-011	5.78407e-011	6.43748e-011	6.76825e-011	6.73007e-011	6.3608e-011	5.6577e-011	4.84707e-011	4.13541e-011	3.60725e-011	3.34167e-011	3.29299e-011	3.37942e-011	3.42654e-011	3.40729e-011	3.28801e-011	3.06448e-011	2.83294e-011	2.60299e-011	2.41373e-011	2.26132e-011	2.1662e-011	2.07028e-011	1.96533e-011	1.95891e-011	2.04042e-011	2.2312e-011	2.57081e-011	3.00234e-011	3.42815e-011	3.72617e-011	3.88232e-011	3.82044e-011	3.62414e-011	3.40041e-011	3.25519e-011	3.33888e-011	3.67296e-011	4.22162e-011	4.80066e-011	5.29727e-011	5.5625e-011	5.42846e-011	5.04031e-011	4.49888e-011	3.92182e-011	3.50393e-011	3.30684e-011	3.3227e-011	3.46801e-011	3.66207e-011	3.77271e-011	3.77099e-011	3.68906e-011	3.51485e-011	3.36624e-011	3.31001e-011	3.33425e-011	3.40926e-011	3.49186e-011	3.5488e-011	3.52034e-011	3.44177e-011	3.37993e-011	3.36446e-011	3.42866e-011	3.57873e-011	3.7695e-011	3.90371e-011	3.98665e-011	3.93604e-011	3.77655e-011	3.666e-011	3.6141e-011	3.69139e-011	3.93971e-011	4.29089e-011	4.6549e-011	4.93777e-011	5.0988e-011	5.11216e-011	5.01912e-011	4.90059e-011
2.53281e-011	2.48475e-011	2.51719e-011	2.67667e-011	2.88438e-011	3.09516e-011	3.3236e-011	3.51257e-011	3.67007e-011	3.81486e-011	3.93065e-011	4.02572e-011	4.132e-011	4.19658e-011	4.20805e-011	4.24759e-011	4.20751e-011	4.15985e-011	4.12545e-011	4.07052e-011	3.99464e-011	3.82201e-011	3.56088e-011	3.1917e-011	2.75732e-011	2.32875e-011	1.9753e-011	1.80593e-011	1.82156e-011	1.98209e-011	2.20793e-011	2.39786e-011	2.47548e-011	2.3806e-011	2.18617e-011	1.95993e-011	1.80649e-011	1.84222e-011	2.10583e-011	2.59375e-011	3.20344e-011	3.81361e-011	4.32101e-011	4.64084e-011	4.7617e-011	4.70692e-011	4.58139e-011	4.46827e-011	4.42971e-011	4.45619e-011	4.52211e-011	4.61391e-011	4.58674e-011	4.50106e-011	4.3831e-011	4.19122e-011	3.99297e-011	3.79173e-011	3.53175e-011	3.19565e-011	2.78114e-011	2.2668e-011	1.75682e-011	1.36829e-011	1.17056e-011	1.26632e-011	1.66573e-011	2.27485e-011	2.97277e-011	3.59231e-011	4.03704e-011	4.22058e-011	4.17441e-011	4.06533e-011	3.99866e-011	4.10057e-011	4.47518e-011	5.06301e-011	5.72643e-011	6.33208e-011	6.66511e-011	6.62262e-011	6.27196e-011	5.62953e-011	4.87286e-011	4.17566e-011	3.59369e-011	3.19977e-011	2.93084e-011	2.78913e-011	2.69247e-011	2.55959e-011	2.45305e-011	2.3531e-011	2.26918e-011	2.25826e-011	2.24217e-011	2.18951e-011	2.12088e-011	2.00727e-011	1.85929e-011	1.81846e-011	1.90805e-011	2.19366e-011	2.68368e-011	3.2926e-011	3.96406e-011	4.44793e-011	4.69799e-011	4.68755e-011	4.40751e-011	4.05757e-011	3.79623e-011	3.73971e-011	3.97901e-011	4.45828e-011	4.97911e-011	5.41932e-011	5.65927e-011	5.52433e-011	5.12992e-011	4.57984e-011	3.94032e-011	3.42177e-011	3.0825e-011	2.94243e-011	2.95186e-011	3.02463e-011	3.10783e-011	3.1467e-011	3.14595e-011	3.14092e-011	3.1724e-011	3.25759e-011	3.39683e-011	3.55309e-011	3.64402e-011	3.71162e-011	3.68877e-011	3.63973e-011	3.66909e-011	3.77756e-011	4.01678e-011	4.31429e-011	4.60364e-011	4.78434e-011	4.80323e-011	4.65721e-011	4.40324e-011	4.14253e-011	3.97615e-011	3.96594e-011	4.12312e-011	4.39638e-011	4.70456e-011	4.93165e-011	5.05469e-011	5.05012e-011	4.92121e-011	4.78011e-011
2.69581e-011	2.62443e-011	2.60474e-011	2.66657e-011	2.79972e-011	2.9686e-011	3.19233e-011	3.41363e-011	3.63359e-011	3.85548e-011	4.06003e-011	4.21032e-011	4.30495e-011	4.32838e-011	4.23528e-011	4.13643e-011	4.0331e-011	3.94747e-011	3.93494e-011	3.964e-011	3.99805e-011	3.94964e-011	3.77132e-011	3.46384e-011	3.02233e-011	2.57428e-011	2.18546e-011	1.93893e-011	1.87714e-011	1.97479e-011	2.17251e-011	2.36243e-011	2.47489e-011	2.43879e-011	2.28672e-011	2.09543e-011	1.94659e-011	1.93337e-011	2.10281e-011	2.49448e-011	2.97769e-011	3.46396e-011	3.91313e-011	4.17321e-011	4.30092e-011	4.34837e-011	4.34348e-011	4.34814e-011	4.39263e-011	4.44799e-011	4.45498e-011	4.45851e-011	4.37736e-011	4.21335e-011	4.08674e-011	3.96319e-011	3.86123e-011	3.79309e-011	3.66282e-011	3.41676e-011	3.04438e-011	2.5423e-011	1.97956e-011	1.51197e-011	1.22562e-011	1.22323e-011	1.54802e-011	2.11089e-011	2.79347e-011	3.42092e-011	3.88388e-011	4.11236e-011	4.09674e-011	3.99184e-011	3.92366e-011	4.02076e-011	4.35289e-011	4.86749e-011	5.43398e-011	5.91737e-011	6.2029e-011	6.17828e-011	5.87848e-011	5.3759e-011	4.73743e-011	4.11068e-011	3.55771e-011	3.09414e-011	2.69849e-011	2.35795e-011	2.09653e-011	1.87035e-011	1.74949e-011	1.72815e-011	1.79734e-011	1.95162e-011	2.13185e-011	2.2521e-011	2.25534e-011	2.16198e-011	1.98061e-011	1.85708e-011	1.9124e-011	2.21125e-011	2.78874e-011	3.54112e-011	4.34669e-011	4.9769e-011	5.2986e-011	5.32433e-011	5.02665e-011	4.62252e-011	4.2919e-011	4.11094e-011	4.19372e-011	4.51579e-011	4.92093e-011	5.27384e-011	5.45969e-011	5.35231e-011	4.98267e-011	4.45802e-011	3.85064e-011	3.29356e-011	2.86674e-011	2.61984e-011	2.49718e-011	2.44116e-011	2.47169e-011	2.49144e-011	2.55726e-011	2.70367e-011	2.93026e-011	3.23621e-011	3.54528e-011	3.80866e-011	3.95816e-011	4.01551e-011	3.99945e-011	3.97351e-011	4.0522e-011	4.27175e-011	4.62331e-011	5.02314e-011	5.39897e-011	5.64142e-011	5.63083e-011	5.4356e-011	5.10145e-011	4.70432e-011	4.4008e-011	4.25326e-011	4.25699e-011	4.40911e-011	4.62214e-011	4.76297e-011	4.83268e-011	4.81539e-011	4.67798e-011	4.53156e-011
2.94024e-011	2.90298e-011	2.87081e-011	2.88836e-011	2.95164e-011	3.02606e-011	3.1838e-011	3.40332e-011	3.65841e-011	3.95483e-011	4.23727e-011	4.45868e-011	4.56251e-011	4.53867e-011	4.39013e-011	4.15799e-011	3.94316e-011	3.79339e-011	3.74368e-011	3.77497e-011	3.85663e-011	3.87137e-011	3.78424e-011	3.58553e-011	3.21318e-011	2.78056e-011	2.39247e-011	2.09248e-011	1.95902e-011	1.98139e-011	2.12209e-011	2.29021e-011	2.40911e-011	2.42611e-011	2.34148e-011	2.21439e-011	2.13059e-011	2.16728e-011	2.31695e-011	2.63749e-011	2.99957e-011	3.30244e-011	3.63326e-011	3.85266e-011	3.95093e-011	4.07663e-011	4.18577e-011	4.3102e-011	4.46311e-011	4.57196e-011	4.58799e-011	4.52888e-011	4.37642e-011	4.16336e-011	4.0073e-011	3.89404e-011	3.8493e-011	3.84935e-011	3.81956e-011	3.67874e-011	3.34892e-011	2.87061e-011	2.29549e-011	1.74531e-011	1.37207e-011	1.26664e-011	1.47709e-011	1.94796e-011	2.55605e-011	3.11544e-011	3.51574e-011	3.73001e-011	3.7388e-011	3.69185e-011	3.7017e-011	3.817e-011	4.12558e-011	4.56258e-011	5.04187e-011	5.43103e-011	5.61693e-011	5.60243e-011	5.36729e-011	4.9923e-011	4.54189e-011	4.05885e-011	3.58789e-011	3.16335e-011	2.71889e-011	2.26754e-011	1.88914e-011	1.5136e-011	1.29164e-011	1.29589e-011	1.46202e-011	1.77858e-011	2.13008e-011	2.39794e-011	2.49766e-011	2.41094e-011	2.20812e-011	2.01174e-011	2.00074e-011	2.27179e-011	2.82928e-011	3.58556e-011	4.41279e-011	5.09818e-011	5.4724e-011	5.57119e-011	5.35091e-011	4.93014e-011	4.56062e-011	4.30425e-011	4.24479e-011	4.40566e-011	4.66413e-011	4.90366e-011	5.02855e-011	4.93466e-011	4.61857e-011	4.16999e-011	3.65196e-011	3.18282e-011	2.78071e-011	2.47761e-011	2.2643e-011	2.05736e-011	1.96298e-011	1.96312e-011	2.0642e-011	2.3492e-011	2.76226e-011	3.25125e-011	3.75236e-011	4.14345e-011	4.36215e-011	4.42034e-011	4.39602e-011	4.38277e-011	4.45616e-011	4.70708e-011	5.12895e-011	5.57944e-011	5.99675e-011	6.29458e-011	6.28968e-011	6.05717e-011	5.67117e-011	5.1625e-011	4.71903e-011	4.43008e-011	4.2734e-011	4.2742e-011	4.36359e-011	4.41523e-011	4.40812e-011	4.35783e-011	4.23591e-011	4.13204e-011
3.26699e-011	3.29899e-011	3.30074e-011	3.27068e-011	3.26416e-011	3.26691e-011	3.31884e-011	3.48707e-011	3.74429e-011	4.07645e-011	4.41672e-011	4.68987e-011	4.81876e-011	4.77596e-011	4.58176e-011	4.2772e-011	3.95455e-011	3.68503e-011	3.53488e-011	3.50425e-011	3.56886e-011	3.64178e-011	3.62647e-011	3.51223e-011	3.26456e-011	2.90963e-011	2.54864e-011	2.25102e-011	2.08956e-011	2.05904e-011	2.14836e-011	2.25997e-011	2.33729e-011	2.38619e-011	2.3812e-011	2.37173e-011	2.41303e-011	2.53316e-011	2.72179e-011	2.97969e-011	3.25353e-011	3.44819e-011	3.59523e-011	3.70631e-011	3.79021e-011	3.93437e-011	4.12536e-011	4.35374e-011	4.57955e-011	4.75972e-011	4.81817e-011	4.7288e-011	4.53504e-011	4.27375e-011	4.04285e-011	3.90727e-011	3.88408e-011	3.91897e-011	3.94247e-011	3.87171e-011	3.59301e-011	3.13574e-011	2.572e-011	1.99985e-011	1.59774e-011	1.43736e-011	1.5612e-011	1.88858e-011	2.30965e-011	2.761e-011	3.06406e-011	3.21328e-011	3.27032e-011	3.27761e-011	3.36866e-011	3.57932e-011	3.90636e-011	4.29399e-011	4.69667e-011	4.97831e-011	5.08172e-011	5.053e-011	4.84841e-011	4.56857e-011	4.28196e-011	4.01385e-011	3.72185e-011	3.38867e-011	2.97273e-011	2.43278e-011	1.91655e-011	1.44554e-011	1.10562e-011	1.06887e-011	1.2752e-011	1.67666e-011	2.14345e-011	2.5138e-011	2.68872e-011	2.62455e-011	2.43381e-011	2.22535e-011	2.13735e-011	2.32428e-011	2.79478e-011	3.46573e-011	4.22421e-011	4.90814e-011	5.31536e-011	5.44791e-011	5.32539e-011	4.97204e-011	4.60345e-011	4.31811e-011	4.19019e-011	4.22284e-011	4.35151e-011	4.46076e-011	4.45802e-011	4.34488e-011	4.10076e-011	3.78681e-011	3.45104e-011	3.11715e-011	2.80427e-011	2.49554e-011	2.21138e-011	1.92239e-011	1.68584e-011	1.61441e-011	1.72966e-011	2.07868e-011	2.62533e-011	3.26877e-011	3.88576e-011	4.37847e-011	4.69326e-011	4.79154e-011	4.76116e-011	4.7445e-011	4.80458e-011	5.02041e-011	5.43454e-011	5.9164e-011	6.34468e-011	6.64976e-011	6.67346e-011	6.41485e-011	5.98438e-011	5.42761e-011	4.90629e-011	4.51099e-011	4.23872e-011	4.07988e-011	3.99073e-011	3.93163e-011	3.85693e-011	3.77567e-011	3.71325e-011	3.6722e-011
3.64975e-011	3.77525e-011	3.82891e-011	3.79653e-011	3.71666e-011	3.63531e-011	3.60835e-011	3.68937e-011	3.8849e-011	4.18379e-011	4.51024e-011	4.80314e-011	4.96814e-011	4.92741e-011	4.71825e-011	4.35654e-011	3.92979e-011	3.55282e-011	3.28124e-011	3.15553e-011	3.16247e-011	3.23849e-011	3.27498e-011	3.2375e-011	3.08935e-011	2.86128e-011	2.63302e-011	2.42731e-011	2.30333e-011	2.26122e-011	2.28057e-011	2.35305e-011	2.39176e-011	2.44054e-011	2.51605e-011	2.61354e-011	2.80062e-011	3.05237e-011	3.31911e-011	3.5744e-011	3.77759e-011	3.86656e-011	3.89606e-011	3.87697e-011	3.85537e-011	3.93669e-011	4.12442e-011	4.40413e-011	4.69251e-011	4.91027e-011	5.01117e-011	4.91253e-011	4.67401e-011	4.38153e-011	4.09426e-011	3.91434e-011	3.8756e-011	3.9052e-011	3.92872e-011	3.8675e-011	3.61972e-011	3.21011e-011	2.72407e-011	2.21663e-011	1.83622e-011	1.66627e-011	1.71332e-011	1.93365e-011	2.1862e-011	2.45969e-011	2.6493e-011	2.73172e-011	2.80165e-011	2.89701e-011	3.06951e-011	3.39005e-011	3.80036e-011	4.19888e-011	4.57469e-011	4.76692e-011	4.74519e-011	4.65782e-011	4.46977e-011	4.26543e-011	4.13712e-011	4.03303e-011	3.92485e-011	3.71005e-011	3.34187e-011	2.80426e-011	2.17368e-011	1.59592e-011	1.18221e-011	1.06526e-011	1.22643e-011	1.60719e-011	2.07216e-011	2.47201e-011	2.71682e-011	2.69654e-011	2.53136e-011	2.34469e-011	2.21337e-011	2.30695e-011	2.6586e-011	3.20863e-011	3.85246e-011	4.46463e-011	4.84775e-011	4.99168e-011	4.92878e-011	4.68131e-011	4.43463e-011	4.23942e-011	4.11925e-011	4.08591e-011	4.06339e-011	4.05789e-011	3.96314e-011	3.79132e-011	3.62432e-011	3.4359e-011	3.28113e-011	3.14476e-011	2.96025e-011	2.70155e-011	2.39761e-011	2.0415e-011	1.72219e-011	1.57185e-011	1.61878e-011	1.93952e-011	2.50203e-011	3.21391e-011	3.93547e-011	4.50147e-011	4.87761e-011	5.02861e-011	4.99208e-011	4.94256e-011	4.97529e-011	5.14753e-011	5.51364e-011	5.96152e-011	6.34724e-011	6.61056e-011	6.63547e-011	6.38623e-011	5.989e-011	5.47457e-011	4.93228e-011	4.47943e-011	4.1086e-011	3.82678e-011	3.59989e-011	3.41617e-011	3.28337e-011	3.1907e-011	3.18298e-011	3.2454e-011
4.02491e-011	4.22657e-011	4.34916e-011	4.35855e-011	4.25496e-011	4.11222e-011	3.98242e-011	3.94098e-011	4.02739e-011	4.2396e-011	4.51239e-011	4.78443e-011	4.96812e-011	4.93741e-011	4.72492e-011	4.34636e-011	3.85482e-011	3.39446e-011	3.03577e-011	2.81933e-011	2.72582e-011	2.73054e-011	2.76749e-011	2.78419e-011	2.77939e-011	2.71409e-011	2.65132e-011	2.61787e-011	2.59704e-011	2.5939e-011	2.58421e-011	2.60105e-011	2.60542e-011	2.64685e-011	2.76892e-011	2.96947e-011	3.26057e-011	3.62972e-011	4.01511e-011	4.3154e-011	4.50014e-011	4.50628e-011	4.36831e-011	4.19933e-011	4.05038e-011	4.00777e-011	4.12473e-011	4.37956e-011	4.68418e-011	4.91574e-011	5.02123e-011	4.92536e-011	4.66707e-011	4.3669e-011	4.0666e-011	3.85871e-011	3.78538e-011	3.78163e-011	3.7754e-011	3.69885e-011	3.49692e-011	3.15425e-011	2.75609e-011	2.38693e-011	2.10997e-011	1.97851e-011	2.01081e-011	2.15118e-011	2.29133e-011	2.43602e-011	2.47972e-011	2.45279e-011	2.50382e-011	2.64407e-011	2.91512e-011	3.34446e-011	3.8478e-011	4.29671e-011	4.62008e-011	4.762e-011	4.67157e-011	4.4637e-011	4.24405e-011	4.07833e-011	4.0348e-011	4.06477e-011	4.0851e-011	3.95735e-011	3.66063e-011	3.17698e-011	2.52932e-011	1.90474e-011	1.42115e-011	1.18373e-011	1.24046e-011	1.52471e-011	1.93084e-011	2.30857e-011	2.56115e-011	2.60166e-011	2.48915e-011	2.32391e-011	2.21539e-011	2.28424e-011	2.54878e-011	3.00059e-011	3.47394e-011	3.88888e-011	4.22077e-011	4.34051e-011	4.33828e-011	4.25525e-011	4.14563e-011	4.10155e-011	4.06923e-011	4.03287e-011	3.92607e-011	3.79559e-011	3.59928e-011	3.38563e-011	3.25304e-011	3.17082e-011	3.15121e-011	3.16337e-011	3.14747e-011	3.00969e-011	2.73727e-011	2.36386e-011	1.9551e-011	1.6854e-011	1.63567e-011	1.86997e-011	2.38956e-011	3.08857e-011	3.83667e-011	4.44041e-011	4.835e-011	5.00881e-011	4.97776e-011	4.93214e-011	4.95821e-011	5.08244e-011	5.37543e-011	5.74954e-011	6.07317e-011	6.27987e-011	6.31293e-011	6.11457e-011	5.76264e-011	5.33843e-011	4.85813e-011	4.39896e-011	3.98071e-011	3.61979e-011	3.29377e-011	3.03101e-011	2.85038e-011	2.74375e-011	2.76412e-011	2.9075e-011
4.32097e-011	4.59581e-011	4.77683e-011	4.8466e-011	4.73763e-011	4.54686e-011	4.3377e-011	4.16218e-011	4.11406e-011	4.21388e-011	4.40429e-011	4.61458e-011	4.76484e-011	4.73492e-011	4.53277e-011	4.18745e-011	3.71511e-011	3.24369e-011	2.82093e-011	2.5225e-011	2.33818e-011	2.23488e-011	2.25444e-011	2.30804e-011	2.4066e-011	2.54249e-011	2.68952e-011	2.81781e-011	2.94861e-011	3.04059e-011	3.06554e-011	3.06889e-011	3.03557e-011	3.02738e-011	3.13737e-011	3.37652e-011	3.76395e-011	4.21855e-011	4.68908e-011	5.06365e-011	5.21439e-011	5.16673e-011	4.91624e-011	4.55395e-011	4.24618e-011	4.08073e-011	4.0689e-011	4.2237e-011	4.46086e-011	4.62794e-011	4.71043e-011	4.65046e-011	4.4061e-011	4.14538e-011	3.89946e-011	3.6965e-011	3.60268e-011	3.57404e-011	3.54305e-011	3.45318e-011	3.28018e-011	3.03056e-011	2.75052e-011	2.51303e-011	2.41809e-011	2.43644e-011	2.53729e-011	2.69114e-011	2.74158e-011	2.70833e-011	2.64838e-011	2.49375e-011	2.44527e-011	2.59553e-011	2.92417e-011	3.43822e-011	4.02211e-011	4.53173e-011	4.83803e-011	4.89572e-011	4.73587e-011	4.45101e-011	4.16112e-011	3.9739e-011	3.92189e-011	3.97303e-011	4.06864e-011	4.03673e-011	3.80068e-011	3.39887e-011	2.80503e-011	2.16786e-011	1.64689e-011	1.32967e-011	1.27012e-011	1.43792e-011	1.75193e-011	2.04929e-011	2.24847e-011	2.31928e-011	2.27234e-011	2.21158e-011	2.20415e-011	2.32289e-011	2.55047e-011	2.88534e-011	3.23632e-011	3.45152e-011	3.63234e-011	3.71866e-011	3.73953e-011	3.80219e-011	3.89032e-011	3.98192e-011	4.0677e-011	4.08741e-011	3.97888e-011	3.78995e-011	3.50672e-011	3.20966e-011	3.04118e-011	2.99354e-011	3.0808e-011	3.22831e-011	3.33565e-011	3.3282e-011	3.10427e-011	2.72619e-011	2.27662e-011	1.88794e-011	1.72882e-011	1.86668e-011	2.29238e-011	2.89611e-011	3.56084e-011	4.1269e-011	4.49834e-011	4.70653e-011	4.72061e-011	4.70179e-011	4.75422e-011	4.86891e-011	5.09789e-011	5.3829e-011	5.64343e-011	5.80411e-011	5.82719e-011	5.69317e-011	5.42865e-011	5.08815e-011	4.72118e-011	4.34647e-011	3.95652e-011	3.59518e-011	3.2101e-011	2.84835e-011	2.62613e-011	2.50237e-011	2.52853e-011	2.73611e-011
4.50951e-011	4.84073e-011	5.07406e-011	5.18127e-011	5.08847e-011	4.86889e-011	4.61121e-011	4.35973e-011	4.20564e-011	4.1727e-011	4.24185e-011	4.34255e-011	4.40954e-011	4.38187e-011	4.21178e-011	3.92507e-011	3.53246e-011	3.09676e-011	2.66909e-011	2.31483e-011	2.04453e-011	1.87038e-011	1.84313e-011	1.90391e-011	2.05402e-011	2.30544e-011	2.63341e-011	2.98967e-011	3.28893e-011	3.52576e-011	3.64341e-011	3.63575e-011	3.57336e-011	3.51306e-011	3.56132e-011	3.78297e-011	4.20112e-011	4.70824e-011	5.23526e-011	5.65462e-011	5.77611e-011	5.67209e-011	5.36767e-011	4.88959e-011	4.43975e-011	4.11197e-011	3.93091e-011	3.91787e-011	4.01943e-011	4.1059e-011	4.14034e-011	4.10726e-011	3.93916e-011	3.74494e-011	3.58041e-011	3.45867e-011	3.39519e-011	3.36241e-011	3.32637e-011	3.21663e-011	3.04744e-011	2.87215e-011	2.73484e-011	2.70265e-011	2.79463e-011	3.00741e-011	3.24391e-011	3.43517e-011	3.48169e-011	3.30629e-011	3.06679e-011	2.79545e-011	2.63383e-011	2.73792e-011	3.08164e-011	3.61323e-011	4.20777e-011	4.72546e-011	5.02288e-011	5.04055e-011	4.82661e-011	4.46388e-011	4.08819e-011	3.83363e-011	3.73748e-011	3.75962e-011	3.84814e-011	3.87886e-011	3.71814e-011	3.39158e-011	2.88053e-011	2.31594e-011	1.84276e-011	1.52446e-011	1.42623e-011	1.4814e-011	1.6492e-011	1.84184e-011	1.93274e-011	2.00156e-011	2.03883e-011	2.0978e-011	2.24732e-011	2.47428e-011	2.73558e-011	2.98614e-011	3.18112e-011	3.26021e-011	3.29443e-011	3.28029e-011	3.27921e-011	3.39162e-011	3.59651e-011	3.85879e-011	4.08373e-011	4.19902e-011	4.13996e-011	3.89574e-011	3.55781e-011	3.19869e-011	2.95567e-011	2.89938e-011	3.02063e-011	3.25532e-011	3.46232e-011	3.53109e-011	3.36391e-011	3.01775e-011	2.58785e-011	2.17402e-011	1.94859e-011	1.96427e-011	2.24601e-011	2.70719e-011	3.20607e-011	3.68655e-011	4.02841e-011	4.22642e-011	4.31666e-011	4.35988e-011	4.43264e-011	4.58404e-011	4.79214e-011	5.01397e-011	5.22796e-011	5.32271e-011	5.29958e-011	5.21816e-011	5.04607e-011	4.83762e-011	4.61689e-011	4.36053e-011	4.0487e-011	3.70112e-011	3.30954e-011	2.89474e-011	2.60923e-011	2.45958e-011	2.48237e-011	2.7171e-011
4.57971e-011	4.90498e-011	5.13768e-011	5.25954e-011	5.21307e-011	5.01665e-011	4.76708e-011	4.48618e-011	4.2539e-011	4.10433e-011	4.03695e-011	4.02893e-011	4.01975e-011	3.96723e-011	3.84138e-011	3.62202e-011	3.32282e-011	2.98131e-011	2.61738e-011	2.27929e-011	1.99348e-011	1.74906e-011	1.63659e-011	1.65255e-011	1.8016e-011	2.13242e-011	2.57829e-011	3.11524e-011	3.61231e-011	3.9883e-011	4.20415e-011	4.2139e-011	4.10421e-011	3.9946e-011	3.96742e-011	4.13098e-011	4.50653e-011	4.9764e-011	5.47594e-011	5.89696e-011	6.03334e-011	5.91525e-011	5.58687e-011	5.04846e-011	4.49225e-011	4.01996e-011	3.67376e-011	3.48748e-011	3.42687e-011	3.41063e-011	3.39555e-011	3.34926e-011	3.2648e-011	3.19237e-011	3.16128e-011	3.16229e-011	3.21203e-011	3.22096e-011	3.20624e-011	3.10256e-011	2.92965e-011	2.82602e-011	2.80024e-011	2.95228e-011	3.27207e-011	3.68581e-011	4.08214e-011	4.32751e-011	4.35114e-011	4.13487e-011	3.76655e-011	3.36484e-011	3.08367e-011	3.05126e-011	3.29313e-011	3.76382e-011	4.29365e-011	4.77511e-011	5.06014e-011	5.02427e-011	4.77353e-011	4.37615e-011	3.92216e-011	3.58723e-011	3.42392e-011	3.38627e-011	3.42288e-011	3.4336e-011	3.29529e-011	3.04393e-011	2.69713e-011	2.27453e-011	1.96998e-011	1.76002e-011	1.6742e-011	1.67227e-011	1.68691e-011	1.74892e-011	1.76703e-011	1.79191e-011	1.90973e-011	2.10047e-011	2.38742e-011	2.76745e-011	3.1154e-011	3.37276e-011	3.50822e-011	3.43305e-011	3.26685e-011	3.13481e-011	3.02785e-011	3.10966e-011	3.36694e-011	3.72805e-011	4.08354e-011	4.28931e-011	4.29331e-011	4.0522e-011	3.65427e-011	3.24915e-011	2.95054e-011	2.85653e-011	2.96059e-011	3.18367e-011	3.40082e-011	3.5195e-011	3.44099e-011	3.16209e-011	2.80692e-011	2.43634e-011	2.18094e-011	2.11435e-011	2.25445e-011	2.55433e-011	2.90857e-011	3.25857e-011	3.53668e-011	3.71065e-011	3.85165e-011	3.97747e-011	4.13232e-011	4.3471e-011	4.58468e-011	4.76972e-011	4.92081e-011	4.98678e-011	4.91987e-011	4.84995e-011	4.76066e-011	4.66644e-011	4.58834e-011	4.46439e-011	4.25198e-011	3.93451e-011	3.54626e-011	3.13793e-011	2.81e-011	2.63773e-011	2.64217e-011	2.83157e-011
4.54802e-011	4.82458e-011	5.04045e-011	5.16272e-011	5.16616e-011	5.02141e-011	4.79773e-011	4.536e-011	4.26954e-011	4.04545e-011	3.88824e-011	3.77782e-011	3.67513e-011	3.5792e-011	3.4569e-011	3.29375e-011	3.10599e-011	2.88456e-011	2.64903e-011	2.37525e-011	2.09864e-011	1.82082e-011	1.60659e-011	1.54431e-011	1.6542e-011	1.99183e-011	2.52524e-011	3.16719e-011	3.78164e-011	4.26694e-011	4.57028e-011	4.62587e-011	4.52263e-011	4.39075e-011	4.29693e-011	4.35638e-011	4.62973e-011	5.03025e-011	5.46361e-011	5.84075e-011	5.99711e-011	5.88807e-011	5.55812e-011	5.03002e-011	4.42453e-011	3.86892e-011	3.42625e-011	3.09952e-011	2.86412e-011	2.73818e-011	2.62418e-011	2.53997e-011	2.53738e-011	2.58756e-011	2.7391e-011	2.93515e-011	3.11659e-011	3.21735e-011	3.22397e-011	3.12522e-011	2.9674e-011	2.89021e-011	2.96884e-011	3.24971e-011	3.70401e-011	4.28725e-011	4.83693e-011	5.15114e-011	5.21213e-011	4.98354e-011	4.50174e-011	3.9776e-011	3.55323e-011	3.33682e-011	3.42178e-011	3.76814e-011	4.18235e-011	4.5797e-011	4.83106e-011	4.74863e-011	4.46922e-011	4.07776e-011	3.60772e-011	3.25685e-011	3.03634e-011	2.92328e-011	2.86588e-011	2.81066e-011	2.70517e-011	2.52828e-011	2.36731e-011	2.19767e-011	2.08203e-011	2.04205e-011	2.05673e-011	2.04781e-011	1.99769e-011	1.95054e-011	1.86585e-011	1.8303e-011	1.97045e-011	2.24495e-011	2.66745e-011	3.17482e-011	3.64555e-011	3.93604e-011	4.01633e-011	3.86176e-011	3.49418e-011	3.15586e-011	2.92925e-011	2.91546e-011	3.14867e-011	3.54571e-011	3.95007e-011	4.19796e-011	4.24841e-011	4.05629e-011	3.67324e-011	3.28568e-011	2.9696e-011	2.81687e-011	2.86344e-011	3.04251e-011	3.24804e-011	3.38032e-011	3.37978e-011	3.21295e-011	2.94686e-011	2.67056e-011	2.46693e-011	2.39043e-011	2.46867e-011	2.65457e-011	2.83913e-011	3.04466e-011	3.22707e-011	3.32698e-011	3.47896e-011	3.68366e-011	3.92968e-011	4.22133e-011	4.50547e-011	4.7047e-011	4.79116e-011	4.79385e-011	4.71238e-011	4.63055e-011	4.58624e-011	4.5732e-011	4.57176e-011	4.5421e-011	4.42575e-011	4.17214e-011	3.823e-011	3.44701e-011	3.10034e-011	2.89036e-011	2.86074e-011	2.99028e-011
4.46962e-011	4.66698e-011	4.84024e-011	4.95174e-011	4.97381e-011	4.88417e-011	4.72377e-011	4.51649e-011	4.28647e-011	4.06861e-011	3.8505e-011	3.67196e-011	3.47226e-011	3.28429e-011	3.15102e-011	3.02676e-011	2.93791e-011	2.85411e-011	2.73693e-011	2.56163e-011	2.31578e-011	2.02056e-011	1.75239e-011	1.60905e-011	1.6511e-011	1.9312e-011	2.4295e-011	3.0746e-011	3.75095e-011	4.29624e-011	4.68064e-011	4.82853e-011	4.74858e-011	4.60005e-011	4.4684e-011	4.43661e-011	4.58834e-011	4.88504e-011	5.23429e-011	5.5385e-011	5.68292e-011	5.58153e-011	5.28628e-011	4.82777e-011	4.28862e-011	3.75072e-011	3.25831e-011	2.85087e-011	2.45901e-011	2.16251e-011	1.96563e-011	1.84305e-011	1.88912e-011	2.08835e-011	2.39427e-011	2.77162e-011	3.10537e-011	3.30944e-011	3.35808e-011	3.27396e-011	3.13165e-011	3.05208e-011	3.15385e-011	3.51897e-011	4.07306e-011	4.73181e-011	5.40013e-011	5.80233e-011	5.88452e-011	5.65818e-011	5.1078e-011	4.45479e-011	3.8936e-011	3.52417e-011	3.4378e-011	3.60508e-011	3.87531e-011	4.10462e-011	4.23352e-011	4.14575e-011	3.8851e-011	3.55403e-011	3.16868e-011	2.83742e-011	2.59472e-011	2.43189e-011	2.30467e-011	2.17466e-011	2.08154e-011	2.00695e-011	1.97435e-011	2.04681e-011	2.20074e-011	2.38537e-011	2.55062e-011	2.64869e-011	2.58219e-011	2.46571e-011	2.28869e-011	2.14221e-011	2.23441e-011	2.5325e-011	3.04641e-011	3.65753e-011	4.22128e-011	4.58275e-011	4.60861e-011	4.33953e-011	3.87577e-011	3.36208e-011	2.98151e-011	2.83717e-011	2.94645e-011	3.23916e-011	3.61079e-011	3.85967e-011	3.9491e-011	3.85563e-011	3.54201e-011	3.19252e-011	2.91876e-011	2.75562e-011	2.75474e-011	2.87698e-011	3.05458e-011	3.18072e-011	3.21365e-011	3.14802e-011	3.02261e-011	2.89745e-011	2.8283e-011	2.84758e-011	2.90315e-011	3.02698e-011	3.08577e-011	3.08438e-011	3.13922e-011	3.18493e-011	3.29519e-011	3.54752e-011	3.86914e-011	4.22474e-011	4.54704e-011	4.75456e-011	4.82496e-011	4.78157e-011	4.66264e-011	4.54412e-011	4.48614e-011	4.49836e-011	4.54759e-011	4.56482e-011	4.51713e-011	4.34062e-011	4.03346e-011	3.68631e-011	3.36575e-011	3.14219e-011	3.08041e-011	3.16696e-011
4.40908e-011	4.51995e-011	4.63839e-011	4.68392e-011	4.68636e-011	4.64309e-011	4.55707e-011	4.45381e-011	4.30177e-011	4.1261e-011	3.90158e-011	3.6569e-011	3.39357e-011	3.12802e-011	2.94501e-011	2.83807e-011	2.80101e-011	2.8096e-011	2.80308e-011	2.72857e-011	2.54276e-011	2.29376e-011	2.01112e-011	1.79884e-011	1.74503e-011	1.9107e-011	2.31986e-011	2.89953e-011	3.55919e-011	4.14065e-011	4.56719e-011	4.78819e-011	4.76606e-011	4.63253e-011	4.49153e-011	4.42778e-011	4.4991e-011	4.68793e-011	4.93354e-011	5.11284e-011	5.19928e-011	5.13554e-011	4.91119e-011	4.57846e-011	4.16319e-011	3.70228e-011	3.22005e-011	2.75118e-011	2.26933e-011	1.83219e-011	1.53462e-011	1.36901e-011	1.41805e-011	1.69294e-011	2.12129e-011	2.62423e-011	3.08448e-011	3.40748e-011	3.51906e-011	3.45213e-011	3.31208e-011	3.21987e-011	3.30351e-011	3.6581e-011	4.26603e-011	4.9787e-011	5.68509e-011	6.12996e-011	6.20999e-011	5.97197e-011	5.41521e-011	4.7278e-011	4.10936e-011	3.62988e-011	3.37384e-011	3.31704e-011	3.38168e-011	3.45989e-011	3.45769e-011	3.35938e-011	3.15631e-011	2.90073e-011	2.66282e-011	2.43641e-011	2.22243e-011	2.05266e-011	1.88151e-011	1.69126e-011	1.58407e-011	1.54555e-011	1.63959e-011	1.90686e-011	2.29608e-011	2.76676e-011	3.14607e-011	3.36598e-011	3.36053e-011	3.15725e-011	2.88074e-011	2.65439e-011	2.63131e-011	2.90652e-011	3.43749e-011	4.06687e-011	4.65257e-011	5.04089e-011	5.04909e-011	4.74948e-011	4.22958e-011	3.58908e-011	3.06019e-011	2.7426e-011	2.67316e-011	2.82294e-011	3.08812e-011	3.31377e-011	3.4304e-011	3.41325e-011	3.22828e-011	2.99294e-011	2.79965e-011	2.69625e-011	2.71758e-011	2.7976e-011	2.9479e-011	3.03217e-011	3.06465e-011	3.10221e-011	3.1198e-011	3.19212e-011	3.3142e-011	3.45548e-011	3.56019e-011	3.62843e-011	3.58842e-011	3.45909e-011	3.35837e-011	3.30092e-011	3.3564e-011	3.58743e-011	3.91774e-011	4.29443e-011	4.62729e-011	4.84299e-011	4.8982e-011	4.80901e-011	4.65459e-011	4.49495e-011	4.39232e-011	4.38479e-011	4.44349e-011	4.48169e-011	4.46786e-011	4.33477e-011	4.07759e-011	3.79202e-011	3.52493e-011	3.34094e-011	3.30469e-011	3.36714e-011
4.44188e-011	4.4573e-011	4.474e-011	4.462e-011	4.41559e-011	4.38951e-011	4.3657e-011	4.34713e-011	4.30402e-011	4.20009e-011	4.01245e-011	3.74574e-011	3.4378e-011	3.12251e-011	2.88517e-011	2.73451e-011	2.69407e-011	2.7368e-011	2.7979e-011	2.83152e-011	2.73381e-011	2.53445e-011	2.27616e-011	2.01803e-011	1.87782e-011	1.92437e-011	2.21206e-011	2.69533e-011	3.27144e-011	3.82369e-011	4.23069e-011	4.47898e-011	4.53293e-011	4.49521e-011	4.43151e-011	4.38892e-011	4.42349e-011	4.50166e-011	4.63935e-011	4.73684e-011	4.74105e-011	4.69973e-011	4.56118e-011	4.35104e-011	4.09134e-011	3.75754e-011	3.34686e-011	2.89693e-011	2.37851e-011	1.84829e-011	1.45736e-011	1.18829e-011	1.16751e-011	1.44238e-011	1.91799e-011	2.51205e-011	3.06268e-011	3.45964e-011	3.62897e-011	3.56531e-011	3.40751e-011	3.28765e-011	3.34508e-011	3.6797e-011	4.25008e-011	4.91791e-011	5.56751e-011	6.01661e-011	6.10796e-011	5.89895e-011	5.419e-011	4.75451e-011	4.12074e-011	3.59266e-011	3.21198e-011	2.98535e-011	2.8441e-011	2.74906e-011	2.64207e-011	2.5238e-011	2.38523e-011	2.24852e-011	2.14678e-011	2.08087e-011	1.99048e-011	1.86152e-011	1.70053e-011	1.45795e-011	1.28531e-011	1.26115e-011	1.42732e-011	1.8568e-011	2.46435e-011	3.14024e-011	3.73333e-011	4.07696e-011	4.13014e-011	3.90184e-011	3.55577e-011	3.26251e-011	3.13846e-011	3.30097e-011	3.74238e-011	4.30642e-011	4.84402e-011	5.22038e-011	5.24252e-011	4.93163e-011	4.39492e-011	3.69966e-011	3.05272e-011	2.58761e-011	2.35078e-011	2.34191e-011	2.4639e-011	2.62671e-011	2.71287e-011	2.73671e-011	2.68906e-011	2.64042e-011	2.64209e-011	2.68328e-011	2.77691e-011	2.86355e-011	2.96804e-011	3.03791e-011	3.06767e-011	3.17078e-011	3.33227e-011	3.56472e-011	3.86866e-011	4.16264e-011	4.36806e-011	4.43626e-011	4.34926e-011	4.11859e-011	3.88037e-011	3.68121e-011	3.606e-011	3.72997e-011	4.00236e-011	4.3539e-011	4.65188e-011	4.85131e-011	4.90591e-011	4.77051e-011	4.57403e-011	4.38539e-011	4.23696e-011	4.19268e-011	4.21966e-011	4.22909e-011	4.2004e-011	4.11013e-011	3.91144e-011	3.71746e-011	3.57709e-011	3.48328e-011	3.49679e-011	3.58376e-011
4.54416e-011	4.50887e-011	4.40933e-011	4.29572e-011	4.19692e-011	4.14777e-011	4.14358e-011	4.18119e-011	4.20247e-011	4.18165e-011	4.08067e-011	3.84898e-011	3.54067e-011	3.19534e-011	2.88653e-011	2.68263e-011	2.60394e-011	2.64866e-011	2.74992e-011	2.84034e-011	2.8423e-011	2.71198e-011	2.49622e-011	2.25608e-011	2.10406e-011	2.08947e-011	2.28626e-011	2.61972e-011	3.01929e-011	3.47951e-011	3.84541e-011	4.08705e-011	4.24013e-011	4.2999e-011	4.33374e-011	4.37095e-011	4.41355e-011	4.44478e-011	4.48621e-011	4.48462e-011	4.42147e-011	4.37099e-011	4.271e-011	4.15629e-011	4.03165e-011	3.86113e-011	3.58629e-011	3.18861e-011	2.68091e-011	2.07958e-011	1.56131e-011	1.20094e-011	1.08511e-011	1.30166e-011	1.76751e-011	2.38006e-011	2.95311e-011	3.36385e-011	3.55508e-011	3.49772e-011	3.35275e-011	3.25113e-011	3.27184e-011	3.55342e-011	4.05613e-011	4.6524e-011	5.22315e-011	5.62522e-011	5.73549e-011	5.56245e-011	5.16957e-011	4.61486e-011	4.03206e-011	3.50555e-011	3.09514e-011	2.75678e-011	2.47651e-011	2.25776e-011	2.00191e-011	1.80438e-011	1.71652e-011	1.69311e-011	1.7608e-011	1.86939e-011	1.9217e-011	1.86233e-011	1.70056e-011	1.44497e-011	1.20486e-011	1.14828e-011	1.35266e-011	1.83947e-011	2.56087e-011	3.37073e-011	4.07315e-011	4.50613e-011	4.66085e-011	4.48891e-011	4.10965e-011	3.76636e-011	3.54887e-011	3.5683e-011	3.86961e-011	4.324e-011	4.7724e-011	5.09928e-011	5.13803e-011	4.83196e-011	4.30655e-011	3.63263e-011	2.99222e-011	2.47862e-011	2.14312e-011	1.98101e-011	1.90251e-011	1.92827e-011	1.98062e-011	2.0316e-011	2.14578e-011	2.29495e-011	2.49498e-011	2.74319e-011	2.96326e-011	3.10773e-011	3.19133e-011	3.23133e-011	3.25873e-011	3.37411e-011	3.60832e-011	3.96921e-011	4.39404e-011	4.82109e-011	5.15814e-011	5.25995e-011	5.15763e-011	4.86683e-011	4.46538e-011	4.11561e-011	3.90685e-011	3.8712e-011	4.02314e-011	4.30008e-011	4.53358e-011	4.67195e-011	4.69501e-011	4.54172e-011	4.34089e-011	4.15674e-011	3.98827e-011	3.90656e-011	3.88486e-011	3.86784e-011	3.82337e-011	3.75029e-011	3.64728e-011	3.5547e-011	3.53205e-011	3.59823e-011	3.72429e-011	3.86795e-011
4.72699e-011	4.6455e-011	4.4835e-011	4.28312e-011	4.07637e-011	3.94459e-011	3.903e-011	3.9469e-011	4.03223e-011	4.07841e-011	4.05686e-011	3.9029e-011	3.62024e-011	3.27404e-011	2.92697e-011	2.67109e-011	2.54955e-011	2.56626e-011	2.65717e-011	2.758e-011	2.80895e-011	2.76604e-011	2.65848e-011	2.51237e-011	2.40077e-011	2.37323e-011	2.47188e-011	2.69079e-011	2.94148e-011	3.2357e-011	3.51855e-011	3.74402e-011	3.94954e-011	4.11727e-011	4.25879e-011	4.38806e-011	4.50277e-011	4.54788e-011	4.54105e-011	4.46175e-011	4.30376e-011	4.18164e-011	4.091e-011	4.04798e-011	4.04107e-011	3.99866e-011	3.85892e-011	3.53663e-011	3.0437e-011	2.43195e-011	1.82541e-011	1.38038e-011	1.18896e-011	1.31782e-011	1.69381e-011	2.21187e-011	2.74098e-011	3.11484e-011	3.29803e-011	3.27493e-011	3.14629e-011	3.07159e-011	3.10919e-011	3.34497e-011	3.76197e-011	4.27973e-011	4.7592e-011	5.09152e-011	5.19923e-011	5.05634e-011	4.73913e-011	4.32159e-011	3.89615e-011	3.4809e-011	3.11292e-011	2.74337e-011	2.32216e-011	1.97367e-011	1.63096e-011	1.33174e-011	1.2607e-011	1.32791e-011	1.52409e-011	1.79789e-011	1.9777e-011	1.99723e-011	1.85178e-011	1.59033e-011	1.32729e-011	1.22216e-011	1.38605e-011	1.85688e-011	2.56086e-011	3.39316e-011	4.17531e-011	4.67195e-011	4.87863e-011	4.79246e-011	4.42724e-011	4.04198e-011	3.76236e-011	3.67369e-011	3.83845e-011	4.16321e-011	4.47406e-011	4.6718e-011	4.6721e-011	4.40733e-011	3.97512e-011	3.44077e-011	2.87836e-011	2.39572e-011	2.0025e-011	1.72988e-011	1.52394e-011	1.37742e-011	1.36105e-011	1.43116e-011	1.64883e-011	1.99693e-011	2.40696e-011	2.82339e-011	3.20124e-011	3.45567e-011	3.56873e-011	3.60102e-011	3.60443e-011	3.68865e-011	3.92377e-011	4.34073e-011	4.86394e-011	5.3766e-011	5.79436e-011	5.95755e-011	5.8351e-011	5.49967e-011	5.00122e-011	4.51864e-011	4.18012e-011	4.00434e-011	3.99445e-011	4.10446e-011	4.22611e-011	4.28099e-011	4.25856e-011	4.13077e-011	3.94465e-011	3.78527e-011	3.65257e-011	3.56471e-011	3.51102e-011	3.4705e-011	3.41833e-011	3.35348e-011	3.32373e-011	3.35185e-011	3.46654e-011	3.66837e-011	3.95276e-011	4.22538e-011
4.93988e-011	4.84431e-011	4.61193e-011	4.31584e-011	4.01352e-011	3.766e-011	3.64723e-011	3.65512e-011	3.75733e-011	3.86202e-011	3.90349e-011	3.81726e-011	3.60124e-011	3.31234e-011	2.99593e-011	2.73758e-011	2.57914e-011	2.53624e-011	2.59587e-011	2.67611e-011	2.76316e-011	2.81051e-011	2.80613e-011	2.79577e-011	2.78641e-011	2.79688e-011	2.85725e-011	2.97979e-011	3.10591e-011	3.2751e-011	3.42347e-011	3.55425e-011	3.73923e-011	3.95715e-011	4.20513e-011	4.44974e-011	4.64222e-011	4.73966e-011	4.69453e-011	4.54761e-011	4.3304e-011	4.11349e-011	3.98862e-011	3.97105e-011	4.0259e-011	4.07068e-011	4.02069e-011	3.76597e-011	3.33128e-011	2.77192e-011	2.16178e-011	1.67495e-011	1.41003e-011	1.42225e-011	1.68529e-011	2.06601e-011	2.48654e-011	2.80319e-011	2.95212e-011	2.9567e-011	2.88207e-011	2.8315e-011	2.92223e-011	3.17695e-011	3.54748e-011	4.013e-011	4.37831e-011	4.57857e-011	4.66318e-011	4.553e-011	4.32469e-011	4.07917e-011	3.81201e-011	3.54881e-011	3.26398e-011	2.90722e-011	2.4437e-011	1.95814e-011	1.50744e-011	1.16214e-011	1.06615e-011	1.16692e-011	1.42296e-011	1.7581e-011	2.02511e-011	2.13135e-011	2.01806e-011	1.7688e-011	1.49657e-011	1.32506e-011	1.41027e-011	1.81e-011	2.44971e-011	3.23082e-011	3.99992e-011	4.50968e-011	4.73585e-011	4.6928e-011	4.38209e-011	4.0561e-011	3.81181e-011	3.67823e-011	3.7359e-011	3.88964e-011	4.06924e-011	4.14434e-011	4.07735e-011	3.87669e-011	3.54633e-011	3.17845e-011	2.79286e-011	2.40613e-011	2.02875e-011	1.70532e-011	1.39325e-011	1.1438e-011	1.04721e-011	1.07254e-011	1.30618e-011	1.74677e-011	2.32491e-011	2.93545e-011	3.45185e-011	3.82137e-011	3.99015e-011	4.0003e-011	3.97324e-011	4.00985e-011	4.20194e-011	4.60671e-011	5.14581e-011	5.67602e-011	6.11236e-011	6.2992e-011	6.17153e-011	5.84517e-011	5.34194e-011	4.78207e-011	4.3396e-011	4.02119e-011	3.84741e-011	3.78664e-011	3.76785e-011	3.73764e-011	3.67211e-011	3.57579e-011	3.45922e-011	3.34989e-011	3.27485e-011	3.23465e-011	3.18828e-011	3.14699e-011	3.0948e-011	3.03649e-011	3.05735e-011	3.17461e-011	3.43414e-011	3.80695e-011	4.23033e-011	4.63868e-011
5.1254e-011	5.02546e-011	4.76163e-011	4.3713e-011	3.96662e-011	3.62927e-011	3.41878e-011	3.34821e-011	3.40019e-011	3.49512e-011	3.57349e-011	3.58552e-011	3.46727e-011	3.28336e-011	3.06285e-011	2.84657e-011	2.68864e-011	2.60016e-011	2.61556e-011	2.6734e-011	2.76536e-011	2.88735e-011	2.9941e-011	3.09767e-011	3.22422e-011	3.35318e-011	3.45751e-011	3.561e-011	3.57885e-011	3.55107e-011	3.56423e-011	3.56732e-011	3.65431e-011	3.86852e-011	4.16268e-011	4.49874e-011	4.76877e-011	4.91843e-011	4.87366e-011	4.66975e-011	4.39585e-011	4.12198e-011	3.93914e-011	3.88741e-011	3.93348e-011	3.99292e-011	4.0011e-011	3.8447e-011	3.48248e-011	3.00218e-011	2.46242e-011	1.98458e-011	1.68404e-011	1.61428e-011	1.75591e-011	2.02116e-011	2.33092e-011	2.54177e-011	2.61883e-011	2.63463e-011	2.61752e-011	2.65744e-011	2.83291e-011	3.14151e-011	3.50225e-011	3.87872e-011	4.18118e-011	4.28552e-011	4.27752e-011	4.18151e-011	4.02722e-011	3.91722e-011	3.8245e-011	3.7029e-011	3.50636e-011	3.19843e-011	2.74803e-011	2.21439e-011	1.69558e-011	1.27993e-011	1.09561e-011	1.15564e-011	1.4058e-011	1.74935e-011	2.04387e-011	2.19147e-011	2.11059e-011	1.87081e-011	1.58887e-011	1.38664e-011	1.41862e-011	1.73261e-011	2.28195e-011	2.93247e-011	3.55913e-011	4.0277e-011	4.23138e-011	4.24395e-011	4.06181e-011	3.83193e-011	3.68961e-011	3.602e-011	3.60923e-011	3.63599e-011	3.67701e-011	3.63927e-011	3.51062e-011	3.35439e-011	3.14154e-011	2.91321e-011	2.70991e-011	2.50334e-011	2.23757e-011	1.94708e-011	1.59574e-011	1.21761e-011	1.00695e-011	9.56997e-012	1.14208e-011	1.62033e-011	2.27213e-011	3.0066e-011	3.64111e-011	4.09911e-011	4.31276e-011	4.30706e-011	4.25492e-011	4.25885e-011	4.37891e-011	4.71249e-011	5.19251e-011	5.66001e-011	6.05883e-011	6.27398e-011	6.17178e-011	5.8662e-011	5.41722e-011	4.85293e-011	4.34393e-011	3.93047e-011	3.61855e-011	3.41519e-011	3.28535e-011	3.16761e-011	3.05303e-011	2.96846e-011	2.92323e-011	2.91574e-011	2.94226e-011	2.98385e-011	2.98693e-011	2.94875e-011	2.90732e-011	2.86367e-011	2.91071e-011	3.11086e-011	3.46212e-011	3.96144e-011	4.51747e-011	5.03178e-011
5.2184e-011	5.11301e-011	4.84444e-011	4.42888e-011	3.96879e-011	3.54008e-011	3.22875e-011	3.05711e-011	3.01274e-011	3.08031e-011	3.17274e-011	3.25775e-011	3.27694e-011	3.22886e-011	3.12729e-011	3.00985e-011	2.90265e-011	2.82015e-011	2.81876e-011	2.84013e-011	2.89564e-011	3.03869e-011	3.21576e-011	3.45035e-011	3.71112e-011	3.97062e-011	4.16939e-011	4.25909e-011	4.22954e-011	4.05493e-011	3.86127e-011	3.70447e-011	3.68038e-011	3.81841e-011	4.09525e-011	4.44146e-011	4.72376e-011	4.90358e-011	4.90389e-011	4.69338e-011	4.40915e-011	4.10318e-011	3.85637e-011	3.74844e-011	3.7607e-011	3.81542e-011	3.84018e-011	3.75828e-011	3.50418e-011	3.12176e-011	2.67457e-011	2.30175e-011	2.06584e-011	1.99604e-011	2.09761e-011	2.23174e-011	2.37144e-011	2.4952e-011	2.46711e-011	2.44347e-011	2.48548e-011	2.60981e-011	2.8828e-011	3.2657e-011	3.65909e-011	3.97824e-011	4.17747e-011	4.20623e-011	4.12671e-011	3.98917e-011	3.86372e-011	3.80684e-011	3.80868e-011	3.82209e-011	3.73089e-011	3.48241e-011	3.08196e-011	2.52892e-011	1.95874e-011	1.49515e-011	1.22886e-011	1.2145e-011	1.40968e-011	1.70929e-011	1.97425e-011	2.10273e-011	2.03748e-011	1.82262e-011	1.58752e-011	1.4202e-011	1.44782e-011	1.69056e-011	2.12314e-011	2.64553e-011	3.07891e-011	3.43315e-011	3.61352e-011	3.6411e-011	3.60361e-011	3.53919e-011	3.50326e-011	3.51776e-011	3.54896e-011	3.53579e-011	3.50004e-011	3.35338e-011	3.13004e-011	2.96427e-011	2.81844e-011	2.73625e-011	2.71556e-011	2.67545e-011	2.56937e-011	2.32843e-011	1.97179e-011	1.53785e-011	1.18014e-011	1.01113e-011	1.12994e-011	1.56381e-011	2.20914e-011	2.95225e-011	3.60296e-011	4.08327e-011	4.37014e-011	4.38633e-011	4.33953e-011	4.34089e-011	4.39345e-011	4.62622e-011	5.00719e-011	5.39427e-011	5.73025e-011	5.93104e-011	5.87652e-011	5.62302e-011	5.22389e-011	4.72931e-011	4.25607e-011	3.83e-011	3.47873e-011	3.16716e-011	2.88983e-011	2.70943e-011	2.54611e-011	2.45622e-011	2.49312e-011	2.58077e-011	2.71567e-011	2.85751e-011	2.92697e-011	2.91239e-011	2.8685e-011	2.83365e-011	2.89016e-011	3.11967e-011	3.52793e-011	4.07896e-011	4.675e-011	5.25877e-011
5.18703e-011	5.09209e-011	4.83936e-011	4.43082e-011	3.94937e-011	3.46965e-011	3.06946e-011	2.79881e-011	2.66439e-011	2.67821e-011	2.76847e-011	2.88337e-011	2.99919e-011	3.09402e-011	3.16031e-011	3.1841e-011	3.20476e-011	3.19098e-011	3.1806e-011	3.18024e-011	3.18463e-011	3.30018e-011	3.50775e-011	3.8256e-011	4.21137e-011	4.59856e-011	4.89729e-011	4.99649e-011	4.91885e-011	4.67828e-011	4.34199e-011	4.02101e-011	3.81996e-011	3.80275e-011	3.953e-011	4.23613e-011	4.4934e-011	4.67407e-011	4.72941e-011	4.55116e-011	4.27661e-011	3.9809e-011	3.71102e-011	3.56066e-011	3.53167e-011	3.56108e-011	3.56959e-011	3.50491e-011	3.32677e-011	3.08375e-011	2.83191e-011	2.61294e-011	2.52855e-011	2.53314e-011	2.62598e-011	2.70884e-011	2.67939e-011	2.6504e-011	2.551e-011	2.46506e-011	2.5281e-011	2.73349e-011	3.07754e-011	3.5267e-011	3.95144e-011	4.25273e-011	4.39255e-011	4.3261e-011	4.1342e-011	3.9318e-011	3.77753e-011	3.73345e-011	3.77149e-011	3.84303e-011	3.84431e-011	3.65324e-011	3.29658e-011	2.78e-011	2.19663e-011	1.7196e-011	1.41671e-011	1.34924e-011	1.45873e-011	1.66385e-011	1.84393e-011	1.89594e-011	1.83424e-011	1.66688e-011	1.50434e-011	1.43487e-011	1.50713e-011	1.72839e-011	2.05882e-011	2.42804e-011	2.71837e-011	2.9346e-011	3.0421e-011	3.06293e-011	3.10261e-011	3.18445e-011	3.31773e-011	3.47314e-011	3.60067e-011	3.61081e-011	3.49936e-011	3.29756e-011	2.99811e-011	2.76617e-011	2.65216e-011	2.65676e-011	2.77967e-011	2.90428e-011	2.92331e-011	2.74734e-011	2.40679e-011	1.97049e-011	1.546e-011	1.29595e-011	1.29795e-011	1.59585e-011	2.12279e-011	2.76524e-011	3.38314e-011	3.85381e-011	4.15519e-011	4.23897e-011	4.21405e-011	4.20048e-011	4.24168e-011	4.401e-011	4.67635e-011	4.98352e-011	5.22233e-011	5.34495e-011	5.31731e-011	5.12593e-011	4.84508e-011	4.49066e-011	4.12379e-011	3.75841e-011	3.40908e-011	3.06304e-011	2.68826e-011	2.42244e-011	2.22464e-011	2.12492e-011	2.21803e-011	2.40025e-011	2.61382e-011	2.83077e-011	2.95896e-011	2.98273e-011	2.94689e-011	2.91145e-011	2.96296e-011	3.16212e-011	3.55255e-011	4.11454e-011	4.71126e-011	5.29531e-011
5.06017e-011	4.97627e-011	4.75063e-011	4.37854e-011	3.91372e-011	3.43384e-011	3.0074e-011	2.68878e-011	2.47606e-011	2.40984e-011	2.44621e-011	2.54909e-011	2.73413e-011	2.94369e-011	3.18777e-011	3.40377e-011	3.56281e-011	3.65095e-011	3.65864e-011	3.62291e-011	3.59262e-011	3.65262e-011	3.84619e-011	4.18413e-011	4.60299e-011	5.05242e-011	5.43461e-011	5.58452e-011	5.51878e-011	5.24674e-011	4.79169e-011	4.32731e-011	3.94311e-011	3.72593e-011	3.71351e-011	3.86791e-011	4.06511e-011	4.23196e-011	4.29382e-011	4.17316e-011	3.96328e-011	3.73162e-011	3.5021e-011	3.37962e-011	3.31816e-011	3.31773e-011	3.29499e-011	3.22207e-011	3.13263e-011	3.01251e-011	2.96607e-011	2.98503e-011	3.0812e-011	3.21608e-011	3.35038e-011	3.38522e-011	3.28902e-011	3.13241e-011	2.91679e-011	2.75324e-011	2.77998e-011	2.98702e-011	3.37029e-011	3.83114e-011	4.27198e-011	4.55873e-011	4.61534e-011	4.48675e-011	4.20458e-011	3.892e-011	3.673e-011	3.59435e-011	3.61794e-011	3.69486e-011	3.71448e-011	3.54282e-011	3.23397e-011	2.79956e-011	2.27489e-011	1.8811e-011	1.6185e-011	1.51703e-011	1.5528e-011	1.63305e-011	1.71654e-011	1.7072e-011	1.61579e-011	1.51673e-011	1.44609e-011	1.4829e-011	1.67096e-011	1.93834e-011	2.24599e-011	2.53408e-011	2.66646e-011	2.70798e-011	2.7265e-011	2.67068e-011	2.72747e-011	2.91258e-011	3.18839e-011	3.49898e-011	3.73183e-011	3.80935e-011	3.67253e-011	3.39011e-011	3.03965e-011	2.75118e-011	2.62053e-011	2.65782e-011	2.81767e-011	3.00166e-011	3.11386e-011	3.03366e-011	2.74993e-011	2.36399e-011	1.92862e-011	1.60276e-011	1.49453e-011	1.63763e-011	2.00946e-011	2.51407e-011	3.02749e-011	3.45121e-011	3.73086e-011	3.86053e-011	3.89588e-011	3.93105e-011	4.00807e-011	4.16231e-011	4.35263e-011	4.56732e-011	4.72828e-011	4.75466e-011	4.72788e-011	4.61042e-011	4.43821e-011	4.25649e-011	4.03946e-011	3.77542e-011	3.47373e-011	3.11759e-011	2.72865e-011	2.40519e-011	2.17042e-011	2.05991e-011	2.14277e-011	2.34749e-011	2.60874e-011	2.86109e-011	3.02761e-011	3.08375e-011	3.03943e-011	2.98267e-011	3.00828e-011	3.15856e-011	3.49391e-011	4.00111e-011	4.55876e-011	5.09986e-011
4.85887e-011	4.76229e-011	4.55354e-011	4.23857e-011	3.84284e-011	3.43256e-011	3.03146e-011	2.69678e-011	2.43121e-011	2.26672e-011	2.23721e-011	2.31174e-011	2.51904e-011	2.83651e-011	3.2153e-011	3.58244e-011	3.88815e-011	4.08988e-011	4.14963e-011	4.12582e-011	4.07638e-011	4.0689e-011	4.18724e-011	4.47333e-011	4.88194e-011	5.32965e-011	5.74887e-011	5.96363e-011	5.91603e-011	5.63954e-011	5.13007e-011	4.53472e-011	4.00929e-011	3.63416e-011	3.44701e-011	3.42806e-011	3.51759e-011	3.58913e-011	3.6256e-011	3.58292e-011	3.47279e-011	3.3784e-011	3.2812e-011	3.21828e-011	3.17495e-011	3.14711e-011	3.09958e-011	3.01954e-011	2.97849e-011	2.99573e-011	3.10139e-011	3.31803e-011	3.63469e-011	3.95313e-011	4.16341e-011	4.23454e-011	4.09486e-011	3.81607e-011	3.48832e-011	3.20687e-011	3.11915e-011	3.2648e-011	3.63067e-011	4.06529e-011	4.48142e-011	4.76225e-011	4.74101e-011	4.52388e-011	4.19386e-011	3.79694e-011	3.51089e-011	3.37181e-011	3.31762e-011	3.32421e-011	3.31936e-011	3.16667e-011	2.9067e-011	2.60816e-011	2.23716e-011	1.94263e-011	1.78168e-011	1.72542e-011	1.7294e-011	1.73186e-011	1.72268e-011	1.6319e-011	1.50559e-011	1.45774e-011	1.48965e-011	1.65939e-011	1.97846e-011	2.35659e-011	2.66843e-011	2.90708e-011	2.94733e-011	2.78231e-011	2.6355e-011	2.5098e-011	2.51822e-011	2.74666e-011	3.11868e-011	3.52637e-011	3.83718e-011	3.96771e-011	3.86286e-011	3.56231e-011	3.19536e-011	2.85931e-011	2.66551e-011	2.66335e-011	2.81074e-011	3.00167e-011	3.14911e-011	3.15825e-011	2.95538e-011	2.62348e-011	2.23932e-011	1.89856e-011	1.72372e-011	1.76586e-011	1.99535e-011	2.31833e-011	2.69317e-011	3.01123e-011	3.21535e-011	3.37578e-011	3.49113e-011	3.61843e-011	3.78131e-011	3.97022e-011	4.13741e-011	4.25786e-011	4.32893e-011	4.3053e-011	4.24232e-011	4.17887e-011	4.1015e-011	4.03657e-011	3.9671e-011	3.83844e-011	3.61784e-011	3.31877e-011	2.95131e-011	2.58443e-011	2.3111e-011	2.16582e-011	2.19851e-011	2.3834e-011	2.64489e-011	2.89521e-011	3.06313e-011	3.12385e-011	3.06825e-011	2.98608e-011	2.97878e-011	3.08558e-011	3.35801e-011	3.7736e-011	4.25176e-011	4.70338e-011
4.62233e-011	4.51408e-011	4.3248e-011	4.07762e-011	3.7759e-011	3.44622e-011	3.11543e-011	2.79781e-011	2.5073e-011	2.28485e-011	2.18415e-011	2.20872e-011	2.39014e-011	2.7237e-011	3.16441e-011	3.64568e-011	4.05706e-011	4.39423e-011	4.56161e-011	4.56073e-011	4.50011e-011	4.43644e-011	4.46019e-011	4.65211e-011	4.99642e-011	5.4103e-011	5.8152e-011	6.05111e-011	6.01736e-011	5.7539e-011	5.26417e-011	4.6581e-011	4.07311e-011	3.57739e-011	3.24163e-011	3.01565e-011	2.92416e-011	2.90601e-011	2.89759e-011	2.92058e-011	2.94883e-011	2.98895e-011	3.0644e-011	3.12514e-011	3.14067e-011	3.11983e-011	3.05352e-011	2.95444e-011	2.9161e-011	2.98844e-011	3.23092e-011	3.61922e-011	4.09306e-011	4.61596e-011	4.9544e-011	5.06539e-011	4.9271e-011	4.53748e-011	4.06865e-011	3.66918e-011	3.44096e-011	3.4844e-011	3.76483e-011	4.12236e-011	4.4467e-011	4.65191e-011	4.59268e-011	4.33935e-011	3.98911e-011	3.5697e-011	3.22679e-011	3.01408e-011	2.88895e-011	2.8177e-011	2.74354e-011	2.61391e-011	2.42826e-011	2.22939e-011	2.05618e-011	1.96291e-011	1.95305e-011	2.00646e-011	2.07154e-011	2.03948e-011	1.98285e-011	1.81937e-011	1.62175e-011	1.58946e-011	1.69371e-011	1.99264e-011	2.45308e-011	2.93858e-011	3.3085e-011	3.4885e-011	3.41972e-011	3.15001e-011	2.82986e-011	2.57678e-011	2.50246e-011	2.66996e-011	3.01497e-011	3.44817e-011	3.77851e-011	3.95889e-011	3.92874e-011	3.64161e-011	3.27788e-011	2.94097e-011	2.69362e-011	2.62895e-011	2.72329e-011	2.88638e-011	3.03406e-011	3.07567e-011	2.94816e-011	2.71613e-011	2.43785e-011	2.18411e-011	2.0573e-011	2.04196e-011	2.17631e-011	2.32754e-011	2.47941e-011	2.67966e-011	2.82034e-011	2.95768e-011	3.16064e-011	3.38257e-011	3.63745e-011	3.894e-011	4.07249e-011	4.16396e-011	4.16796e-011	4.07236e-011	3.95851e-011	3.88929e-011	3.8523e-011	3.8737e-011	3.90298e-011	3.899e-011	3.78792e-011	3.54477e-011	3.21619e-011	2.84456e-011	2.52575e-011	2.33943e-011	2.31825e-011	2.45219e-011	2.66858e-011	2.8829e-011	3.00618e-011	3.03585e-011	2.98074e-011	2.89133e-011	2.86813e-011	2.94885e-011	3.15742e-011	3.47383e-011	3.85235e-011	4.22314e-011
4.41766e-011	4.2762e-011	4.09995e-011	3.89915e-011	3.68536e-011	3.4581e-011	3.2149e-011	2.95305e-011	2.70131e-011	2.45942e-011	2.29976e-011	2.24559e-011	2.34622e-011	2.63828e-011	3.07321e-011	3.61516e-011	4.12218e-011	4.53927e-011	4.80907e-011	4.86015e-011	4.7967e-011	4.69745e-011	4.65222e-011	4.75339e-011	5.00008e-011	5.31764e-011	5.62557e-011	5.83635e-011	5.82623e-011	5.6149e-011	5.21794e-011	4.66478e-011	4.08473e-011	3.53086e-011	3.06783e-011	2.69968e-011	2.4278e-011	2.28442e-011	2.23072e-011	2.27402e-011	2.40826e-011	2.60364e-011	2.8292e-011	3.04155e-011	3.18509e-011	3.20896e-011	3.14743e-011	3.02306e-011	2.95102e-011	3.0306e-011	3.32177e-011	3.84315e-011	4.47128e-011	5.11461e-011	5.5811e-011	5.71958e-011	5.57335e-011	5.13945e-011	4.58154e-011	4.08659e-011	3.73901e-011	3.62071e-011	3.7323e-011	3.95208e-011	4.15747e-011	4.26511e-011	4.18501e-011	3.92461e-011	3.5786e-011	3.20046e-011	2.85721e-011	2.59475e-011	2.41696e-011	2.27394e-011	2.12471e-011	1.98858e-011	1.84392e-011	1.76e-011	1.77508e-011	1.90912e-011	2.15075e-011	2.38993e-011	2.5624e-011	2.56931e-011	2.44221e-011	2.22607e-011	1.99158e-011	1.9178e-011	2.07068e-011	2.45431e-011	3.0004e-011	3.56487e-011	3.99338e-011	4.14991e-011	4.02256e-011	3.66496e-011	3.2008e-011	2.80054e-011	2.57747e-011	2.5962e-011	2.83609e-011	3.21113e-011	3.53027e-011	3.72709e-011	3.75866e-011	3.54374e-011	3.22638e-011	2.91427e-011	2.66764e-011	2.57895e-011	2.61171e-011	2.7247e-011	2.8087e-011	2.84046e-011	2.79723e-011	2.6876e-011	2.58603e-011	2.50022e-011	2.46694e-011	2.46924e-011	2.53264e-011	2.56903e-011	2.55006e-011	2.58764e-011	2.63812e-011	2.7404e-011	2.98013e-011	3.27383e-011	3.60433e-011	3.93213e-011	4.1572e-011	4.22987e-011	4.19196e-011	4.04105e-011	3.84298e-011	3.71973e-011	3.67898e-011	3.73349e-011	3.82583e-011	3.89867e-011	3.87534e-011	3.68327e-011	3.39739e-011	3.0545e-011	2.73454e-011	2.54248e-011	2.48113e-011	2.54236e-011	2.67134e-011	2.80423e-011	2.88408e-011	2.87635e-011	2.81524e-011	2.73944e-011	2.70718e-011	2.77646e-011	2.95186e-011	3.19962e-011	3.50525e-011	3.80116e-011
4.27286e-011	4.09493e-011	3.89532e-011	3.71147e-011	3.55126e-011	3.41132e-011	3.28663e-011	3.11194e-011	2.90875e-011	2.68688e-011	2.47521e-011	2.3484e-011	2.35822e-011	2.56451e-011	2.95305e-011	3.47864e-011	4.01136e-011	4.46646e-011	4.79275e-011	4.89545e-011	4.89402e-011	4.83999e-011	4.76626e-011	4.79461e-011	4.92053e-011	5.12453e-011	5.33661e-011	5.47233e-011	5.48166e-011	5.3292e-011	5.03295e-011	4.60502e-011	4.09216e-011	3.55644e-011	3.06245e-011	2.6018e-011	2.19977e-011	1.9518e-011	1.77381e-011	1.75998e-011	1.94324e-011	2.24882e-011	2.64213e-011	3.0095e-011	3.27106e-011	3.36709e-011	3.29864e-011	3.14636e-011	3.02339e-011	3.07213e-011	3.375e-011	3.91563e-011	4.58565e-011	5.27883e-011	5.80275e-011	5.98522e-011	5.88422e-011	5.48745e-011	4.88672e-011	4.31977e-011	3.86958e-011	3.59663e-011	3.53487e-011	3.58492e-011	3.65099e-011	3.66457e-011	3.56232e-011	3.32791e-011	3.03235e-011	2.72384e-011	2.46008e-011	2.23082e-011	2.0343e-011	1.85403e-011	1.62135e-011	1.43518e-011	1.32847e-011	1.34288e-011	1.55986e-011	1.93086e-011	2.38843e-011	2.85074e-011	3.1598e-011	3.23694e-011	3.08739e-011	2.81675e-011	2.55089e-011	2.43042e-011	2.56558e-011	2.96268e-011	3.51309e-011	4.08699e-011	4.5444e-011	4.692e-011	4.52961e-011	4.12024e-011	3.5349e-011	2.98311e-011	2.6082e-011	2.45089e-011	2.53471e-011	2.79242e-011	3.0514e-011	3.21138e-011	3.25674e-011	3.12321e-011	2.93058e-011	2.75247e-011	2.59431e-011	2.52944e-011	2.52613e-011	2.5784e-011	2.62588e-011	2.63026e-011	2.66008e-011	2.68868e-011	2.74148e-011	2.87346e-011	2.99961e-011	3.09263e-011	3.15969e-011	3.13426e-011	2.99889e-011	2.91778e-011	2.82098e-011	2.80311e-011	2.99629e-011	3.30045e-011	3.67548e-011	4.04061e-011	4.30184e-011	4.38936e-011	4.28784e-011	4.07347e-011	3.81871e-011	3.61187e-011	3.52653e-011	3.55911e-011	3.63346e-011	3.71166e-011	3.73209e-011	3.5843e-011	3.3749e-011	3.12989e-011	2.84567e-011	2.66415e-011	2.5953e-011	2.60561e-011	2.67126e-011	2.72341e-011	2.75024e-011	2.71387e-011	2.64539e-011	2.60377e-011	2.60419e-011	2.68683e-011	2.881e-011	3.10406e-011	3.33406e-011	3.59472e-011
4.18952e-011	3.95735e-011	3.73145e-011	3.53931e-011	3.41544e-011	3.34016e-011	3.29369e-011	3.22583e-011	3.09703e-011	2.90491e-011	2.6852e-011	2.5204e-011	2.46845e-011	2.59661e-011	2.88314e-011	3.29751e-011	3.78496e-011	4.2228e-011	4.57213e-011	4.76809e-011	4.83176e-011	4.84118e-011	4.80413e-011	4.79693e-011	4.83666e-011	4.92218e-011	5.02013e-011	5.07545e-011	5.07025e-011	4.9452e-011	4.72925e-011	4.42344e-011	4.07313e-011	3.65934e-011	3.20395e-011	2.72362e-011	2.2018e-011	1.80965e-011	1.53476e-011	1.42687e-011	1.60611e-011	1.97503e-011	2.46979e-011	2.96357e-011	3.32062e-011	3.48166e-011	3.42351e-011	3.26466e-011	3.12296e-011	3.10761e-011	3.3486e-011	3.8476e-011	4.47955e-011	5.14933e-011	5.70771e-011	5.93749e-011	5.86992e-011	5.53884e-011	4.96641e-011	4.36746e-011	3.8502e-011	3.47904e-011	3.26787e-011	3.16984e-011	3.10239e-011	2.98161e-011	2.82553e-011	2.63672e-011	2.43721e-011	2.26611e-011	2.1259e-011	1.97941e-011	1.7917e-011	1.58305e-011	1.31616e-011	1.06374e-011	9.66563e-012	1.05799e-011	1.39793e-011	1.96733e-011	2.6325e-011	3.2436e-011	3.67122e-011	3.8504e-011	3.74446e-011	3.45574e-011	3.16158e-011	2.9828e-011	3.03476e-011	3.37215e-011	3.88917e-011	4.42355e-011	4.86077e-011	5.01022e-011	4.81403e-011	4.35706e-011	3.7222e-011	3.08877e-011	2.6059e-011	2.32021e-011	2.23252e-011	2.28102e-011	2.40592e-011	2.50517e-011	2.55204e-011	2.55522e-011	2.5107e-011	2.4923e-011	2.50723e-011	2.53294e-011	2.5499e-011	2.56322e-011	2.57011e-011	2.56227e-011	2.62376e-011	2.75497e-011	2.96669e-011	3.25292e-011	3.57135e-011	3.8319e-011	3.95456e-011	3.9346e-011	3.72312e-011	3.4545e-011	3.2262e-011	3.09168e-011	3.15299e-011	3.40163e-011	3.77005e-011	4.12756e-011	4.37731e-011	4.46542e-011	4.32938e-011	4.07458e-011	3.78594e-011	3.50691e-011	3.34269e-011	3.30099e-011	3.32047e-011	3.36255e-011	3.39139e-011	3.31518e-011	3.17011e-011	3.01693e-011	2.84702e-011	2.73032e-011	2.67935e-011	2.69312e-011	2.72459e-011	2.72427e-011	2.73098e-011	2.66739e-011	2.58371e-011	2.59133e-011	2.64106e-011	2.75295e-011	2.97726e-011	3.21248e-011	3.38828e-011	3.58648e-011
4.14324e-011	3.86821e-011	3.59969e-011	3.38782e-011	3.26688e-011	3.22461e-011	3.22832e-011	3.21982e-011	3.16261e-011	3.05459e-011	2.89003e-011	2.73461e-011	2.64845e-011	2.68514e-011	2.87181e-011	3.15796e-011	3.53586e-011	3.92525e-011	4.26169e-011	4.52089e-011	4.67713e-011	4.75454e-011	4.78656e-011	4.81625e-011	4.83375e-011	4.86173e-011	4.85266e-011	4.77596e-011	4.70071e-011	4.57989e-011	4.43006e-011	4.27194e-011	4.06656e-011	3.80471e-011	3.43816e-011	2.96932e-011	2.42033e-011	1.8929e-011	1.50464e-011	1.32194e-011	1.43861e-011	1.7846e-011	2.2857e-011	2.81381e-011	3.2263e-011	3.45758e-011	3.44597e-011	3.2973e-011	3.1453e-011	3.08098e-011	3.23499e-011	3.63609e-011	4.1985e-011	4.80963e-011	5.33872e-011	5.5875e-011	5.55251e-011	5.27729e-011	4.78896e-011	4.27184e-011	3.79098e-011	3.39537e-011	3.08557e-011	2.80876e-011	2.61547e-011	2.39834e-011	2.16498e-011	2.0323e-011	1.93567e-011	1.90101e-011	1.92434e-011	1.89059e-011	1.74901e-011	1.53223e-011	1.23114e-011	9.43331e-012	8.30049e-012	9.41126e-012	1.33869e-011	1.97743e-011	2.76583e-011	3.52906e-011	4.05511e-011	4.31446e-011	4.27811e-011	3.97713e-011	3.64258e-011	3.4144e-011	3.37432e-011	3.62117e-011	4.05741e-011	4.49275e-011	4.83356e-011	4.94258e-011	4.72122e-011	4.28856e-011	3.70575e-011	3.0656e-011	2.53668e-011	2.13997e-011	1.9029e-011	1.77994e-011	1.73025e-011	1.75504e-011	1.80273e-011	1.90985e-011	2.0646e-011	2.23615e-011	2.41471e-011	2.60235e-011	2.71247e-011	2.75113e-011	2.75389e-011	2.71777e-011	2.76294e-011	2.942e-011	3.2666e-011	3.7135e-011	4.18445e-011	4.59072e-011	4.8038e-011	4.77758e-011	4.54088e-011	4.14512e-011	3.75817e-011	3.49978e-011	3.4283e-011	3.54367e-011	3.80289e-011	4.08016e-011	4.26972e-011	4.33247e-011	4.19696e-011	3.92204e-011	3.61697e-011	3.3044e-011	3.07086e-011	2.94782e-011	2.90235e-011	2.89943e-011	2.90469e-011	2.87863e-011	2.81857e-011	2.75894e-011	2.70768e-011	2.72833e-011	2.7805e-011	2.85069e-011	2.90777e-011	2.89025e-011	2.86477e-011	2.80988e-011	2.73226e-011	2.7584e-011	2.85801e-011	3.01751e-011	3.25624e-011	3.49276e-011	3.67723e-011	3.82125e-011
4.09182e-011	3.81517e-011	3.53278e-011	3.29418e-011	3.14594e-011	3.09567e-011	3.11078e-011	3.15867e-011	3.17475e-011	3.14528e-011	3.07415e-011	2.9727e-011	2.89011e-011	2.87284e-011	2.96045e-011	3.13927e-011	3.4125e-011	3.69771e-011	3.96075e-011	4.21629e-011	4.42618e-011	4.60609e-011	4.75404e-011	4.86071e-011	4.91465e-011	4.88967e-011	4.80598e-011	4.63836e-011	4.4473e-011	4.29258e-011	4.17584e-011	4.11717e-011	4.05351e-011	3.92438e-011	3.65567e-011	3.25903e-011	2.74464e-011	2.18659e-011	1.72262e-011	1.4336e-011	1.42442e-011	1.68277e-011	2.11193e-011	2.6205e-011	3.04901e-011	3.30953e-011	3.3542e-011	3.23771e-011	3.07717e-011	2.99807e-011	3.10439e-011	3.41267e-011	3.89295e-011	4.37932e-011	4.77768e-011	5.023e-011	5.0194e-011	4.8299e-011	4.50291e-011	4.10546e-011	3.72316e-011	3.36152e-011	3.01419e-011	2.63763e-011	2.29939e-011	1.97682e-011	1.70834e-011	1.60353e-011	1.60184e-011	1.68007e-011	1.82264e-011	1.90645e-011	1.84524e-011	1.65408e-011	1.34531e-011	1.01421e-011	8.41188e-012	9.13396e-012	1.31069e-011	1.97517e-011	2.79809e-011	3.63019e-011	4.22027e-011	4.52117e-011	4.52309e-011	4.22982e-011	3.90498e-011	3.67616e-011	3.57122e-011	3.7173e-011	4.01838e-011	4.32839e-011	4.54598e-011	4.59104e-011	4.38789e-011	3.99451e-011	3.5085e-011	2.95682e-011	2.4401e-011	1.9938e-011	1.65418e-011	1.3938e-011	1.22034e-011	1.16307e-011	1.17612e-011	1.31976e-011	1.60627e-011	1.98367e-011	2.38903e-011	2.74622e-011	2.9961e-011	3.09198e-011	3.09107e-011	3.04755e-011	3.05744e-011	3.23906e-011	3.61126e-011	4.14407e-011	4.71634e-011	5.21527e-011	5.49261e-011	5.47843e-011	5.24178e-011	4.80992e-011	4.31631e-011	3.92392e-011	3.68057e-011	3.62068e-011	3.71367e-011	3.86275e-011	3.96639e-011	3.98194e-011	3.85918e-011	3.60347e-011	3.30031e-011	2.99206e-011	2.74219e-011	2.57117e-011	2.47925e-011	2.42669e-011	2.38516e-011	2.37923e-011	2.39072e-011	2.45316e-011	2.57706e-011	2.73903e-011	2.93051e-011	3.10375e-011	3.21946e-011	3.24288e-011	3.19891e-011	3.13706e-011	3.08545e-011	3.11881e-011	3.2472e-011	3.44236e-011	3.68051e-011	3.91108e-011	4.0833e-011	4.17656e-011
4.01904e-011	3.77357e-011	3.49662e-011	3.24722e-011	3.06737e-011	2.99971e-011	3.00917e-011	3.07648e-011	3.16538e-011	3.21867e-011	3.22949e-011	3.22521e-011	3.21571e-011	3.22149e-011	3.29113e-011	3.36715e-011	3.47241e-011	3.65138e-011	3.79635e-011	3.97922e-011	4.21641e-011	4.46293e-011	4.72577e-011	4.9362e-011	5.05238e-011	5.02961e-011	4.87398e-011	4.6262e-011	4.3571e-011	4.13051e-011	3.98509e-011	3.93761e-011	3.93268e-011	3.92026e-011	3.79023e-011	3.48414e-011	3.05298e-011	2.5184e-011	2.0094e-011	1.64745e-011	1.51489e-011	1.64976e-011	1.97996e-011	2.42136e-011	2.81049e-011	3.05334e-011	3.13328e-011	3.07187e-011	2.97813e-011	2.94559e-011	3.05109e-011	3.28524e-011	3.63896e-011	4.02549e-011	4.28878e-011	4.4585e-011	4.48537e-011	4.37178e-011	4.20511e-011	3.98877e-011	3.72577e-011	3.43666e-011	3.10462e-011	2.6974e-011	2.28949e-011	1.88842e-011	1.55361e-011	1.41361e-011	1.44493e-011	1.60731e-011	1.83892e-011	2.01036e-011	2.02631e-011	1.8457e-011	1.52249e-011	1.16425e-011	9.19255e-012	9.36385e-012	1.28484e-011	1.90992e-011	2.68536e-011	3.46136e-011	4.0379e-011	4.3296e-011	4.38195e-011	4.16525e-011	3.88671e-011	3.70458e-011	3.59859e-011	3.66027e-011	3.82916e-011	4.01161e-011	4.12e-011	4.09465e-011	3.91854e-011	3.60247e-011	3.20373e-011	2.79156e-011	2.39116e-011	1.99231e-011	1.65825e-011	1.31503e-011	9.82556e-012	8.34553e-012	7.91971e-012	9.23844e-012	1.31401e-011	1.82915e-011	2.42153e-011	2.95683e-011	3.3375e-011	3.51753e-011	3.50909e-011	3.44806e-011	3.43946e-011	3.57731e-011	3.93197e-011	4.46033e-011	5.01527e-011	5.53988e-011	5.88715e-011	5.89533e-011	5.67706e-011	5.26423e-011	4.69897e-011	4.19692e-011	3.8153e-011	3.57175e-011	3.48773e-011	3.50671e-011	3.50342e-011	3.44792e-011	3.31755e-011	3.10059e-011	2.85899e-011	2.62236e-011	2.41545e-011	2.24955e-011	2.11819e-011	2.04184e-011	1.9732e-011	1.96352e-011	2.05052e-011	2.20913e-011	2.48221e-011	2.82344e-011	3.15656e-011	3.43221e-011	3.62636e-011	3.70438e-011	3.68446e-011	3.63321e-011	3.59485e-011	3.61422e-011	3.72445e-011	3.91538e-011	4.12705e-011	4.31967e-011	4.46613e-011	4.51087e-011
3.92389e-011	3.73499e-011	3.49971e-011	3.26409e-011	3.07723e-011	3.00074e-011	2.99415e-011	3.0443e-011	3.16128e-011	3.27525e-011	3.39189e-011	3.50277e-011	3.60658e-011	3.6867e-011	3.75701e-011	3.79415e-011	3.75596e-011	3.76474e-011	3.78578e-011	3.86532e-011	4.07156e-011	4.35308e-011	4.67171e-011	4.95346e-011	5.14035e-011	5.16372e-011	5.00714e-011	4.71985e-011	4.36391e-011	4.05221e-011	3.83791e-011	3.75642e-011	3.7716e-011	3.81065e-011	3.79761e-011	3.61275e-011	3.27707e-011	2.81197e-011	2.32891e-011	1.95764e-011	1.77351e-011	1.8246e-011	2.02295e-011	2.3196e-011	2.63109e-011	2.79964e-011	2.88805e-011	2.9035e-011	2.89587e-011	2.94966e-011	3.09551e-011	3.31204e-011	3.55593e-011	3.80418e-011	3.96315e-011	4.05248e-011	4.05589e-011	3.99134e-011	3.91891e-011	3.84788e-011	3.75382e-011	3.58494e-011	3.32042e-011	2.93244e-011	2.4554e-011	1.99486e-011	1.6102e-011	1.41193e-011	1.43906e-011	1.63263e-011	1.90852e-011	2.12784e-011	2.17762e-011	2.0091e-011	1.67911e-011	1.32078e-011	1.05533e-011	1.03377e-011	1.30134e-011	1.82459e-011	2.49128e-011	3.13191e-011	3.6451e-011	3.92341e-011	3.98439e-011	3.8758e-011	3.69208e-011	3.54974e-011	3.50414e-011	3.54449e-011	3.63379e-011	3.73047e-011	3.72522e-011	3.60252e-011	3.43436e-011	3.18606e-011	2.91934e-011	2.67791e-011	2.42781e-011	2.14707e-011	1.83171e-011	1.46949e-011	1.05893e-011	7.71213e-012	6.49636e-012	7.50064e-012	1.16624e-011	1.77135e-011	2.45663e-011	3.07886e-011	3.54682e-011	3.81716e-011	3.84021e-011	3.79484e-011	3.78662e-011	3.8511e-011	4.12381e-011	4.59587e-011	5.09573e-011	5.57985e-011	5.94379e-011	5.98577e-011	5.79851e-011	5.41001e-011	4.8443e-011	4.30585e-011	3.85717e-011	3.50886e-011	3.27378e-011	3.11146e-011	3.00714e-011	2.86309e-011	2.70953e-011	2.56417e-011	2.40514e-011	2.2718e-011	2.16268e-011	2.04385e-011	1.90999e-011	1.81491e-011	1.73293e-011	1.7217e-011	1.85048e-011	2.091e-011	2.44904e-011	2.89352e-011	3.35882e-011	3.75756e-011	4.02484e-011	4.17763e-011	4.2035e-011	4.14612e-011	4.10301e-011	4.10659e-011	4.16559e-011	4.31019e-011	4.48024e-011	4.60685e-011	4.69572e-011	4.69818e-011
3.77949e-011	3.67322e-011	3.51242e-011	3.35642e-011	3.21113e-011	3.13232e-011	3.11283e-011	3.13067e-011	3.24444e-011	3.39923e-011	3.5972e-011	3.83472e-011	4.06344e-011	4.24555e-011	4.35047e-011	4.3529e-011	4.25701e-011	4.13859e-011	4.01052e-011	3.94849e-011	4.05152e-011	4.25948e-011	4.575e-011	4.88782e-011	5.12793e-011	5.22668e-011	5.08487e-011	4.79045e-011	4.39606e-011	3.99482e-011	3.69919e-011	3.55638e-011	3.5499e-011	3.60041e-011	3.62519e-011	3.51926e-011	3.3007e-011	2.98831e-011	2.61236e-011	2.33728e-011	2.16578e-011	2.15898e-011	2.25795e-011	2.37638e-011	2.55956e-011	2.67525e-011	2.73485e-011	2.81751e-011	2.91031e-011	3.05021e-011	3.27823e-011	3.51707e-011	3.72548e-011	3.89304e-011	3.91825e-011	3.86299e-011	3.81407e-011	3.73662e-011	3.72246e-011	3.75653e-011	3.78952e-011	3.75319e-011	3.5588e-011	3.21221e-011	2.72572e-011	2.20528e-011	1.78357e-011	1.54629e-011	1.54591e-011	1.72048e-011	1.9729e-011	2.16771e-011	2.20747e-011	2.06035e-011	1.75113e-011	1.4201e-011	1.17692e-011	1.1269e-011	1.32371e-011	1.73413e-011	2.26648e-011	2.78147e-011	3.18074e-011	3.40983e-011	3.46431e-011	3.42463e-011	3.36128e-011	3.34173e-011	3.38731e-011	3.48349e-011	3.54807e-011	3.56243e-011	3.50222e-011	3.29727e-011	3.09396e-011	2.91127e-011	2.7561e-011	2.67511e-011	2.59255e-011	2.43914e-011	2.1754e-011	1.80507e-011	1.37577e-011	1.00999e-011	8.14311e-012	8.55824e-012	1.19173e-011	1.75153e-011	2.4327e-011	3.08411e-011	3.58759e-011	3.91829e-011	4.0019e-011	3.96275e-011	3.93912e-011	3.96748e-011	4.15384e-011	4.5171e-011	4.94058e-011	5.33758e-011	5.62694e-011	5.68046e-011	5.51691e-011	5.20735e-011	4.73765e-011	4.25797e-011	3.81733e-011	3.42371e-011	3.10019e-011	2.78494e-011	2.5645e-011	2.36527e-011	2.18519e-011	2.10772e-011	2.05889e-011	2.0183e-011	2.02098e-011	1.98488e-011	1.89322e-011	1.81802e-011	1.73319e-011	1.69747e-011	1.81786e-011	2.07548e-011	2.48324e-011	2.9857e-011	3.51528e-011	4.0138e-011	4.34274e-011	4.54099e-011	4.61619e-011	4.55349e-011	4.48876e-011	4.46786e-011	4.46354e-011	4.53959e-011	4.64566e-011	4.68897e-011	4.70482e-011	4.66846e-011
3.6028e-011	3.60548e-011	3.56902e-011	3.50771e-011	3.43854e-011	3.38156e-011	3.35222e-011	3.35421e-011	3.43658e-011	3.60916e-011	3.85462e-011	4.16167e-011	4.49266e-011	4.78458e-011	4.95358e-011	4.99166e-011	4.87193e-011	4.63691e-011	4.38373e-011	4.14959e-011	4.07153e-011	4.16678e-011	4.41212e-011	4.71608e-011	4.98536e-011	5.13394e-011	5.03169e-011	4.75346e-011	4.37102e-011	3.94489e-011	3.61276e-011	3.40156e-011	3.32766e-011	3.32363e-011	3.33851e-011	3.31089e-011	3.19949e-011	3.07353e-011	2.89631e-011	2.74931e-011	2.66035e-011	2.65262e-011	2.6721e-011	2.69174e-011	2.74794e-011	2.75807e-011	2.76064e-011	2.86486e-011	3.02354e-011	3.26694e-011	3.57216e-011	3.86962e-011	4.05996e-011	4.14e-011	4.08303e-011	3.87798e-011	3.70334e-011	3.58485e-011	3.57321e-011	3.66002e-011	3.77578e-011	3.81627e-011	3.67295e-011	3.37391e-011	2.93393e-011	2.41723e-011	2.01267e-011	1.76343e-011	1.70891e-011	1.82754e-011	2.01333e-011	2.16386e-011	2.17969e-011	2.03317e-011	1.76675e-011	1.47472e-011	1.27726e-011	1.26249e-011	1.44062e-011	1.78608e-011	2.21032e-011	2.56138e-011	2.82288e-011	2.98156e-011	2.98616e-011	2.99197e-011	3.0419e-011	3.15705e-011	3.3336e-011	3.51189e-011	3.61301e-011	3.57452e-011	3.43769e-011	3.20106e-011	2.96131e-011	2.80949e-011	2.73759e-011	2.74156e-011	2.76826e-011	2.72676e-011	2.54085e-011	2.21341e-011	1.80485e-011	1.38896e-011	1.11244e-011	1.06312e-011	1.27925e-011	1.73669e-011	2.33826e-011	2.9449e-011	3.43962e-011	3.7771e-011	3.8998e-011	3.89343e-011	3.88582e-011	3.91342e-011	4.06531e-011	4.32891e-011	4.64792e-011	4.93554e-011	5.11149e-011	5.1626e-011	5.04645e-011	4.81936e-011	4.50922e-011	4.14407e-011	3.76392e-011	3.39255e-011	3.01879e-011	2.64789e-011	2.34626e-011	2.08967e-011	1.88854e-011	1.83238e-011	1.84771e-011	1.90679e-011	1.99915e-011	2.05198e-011	2.03039e-011	1.95743e-011	1.86964e-011	1.81687e-011	1.88396e-011	2.1122e-011	2.50822e-011	3.01199e-011	3.56211e-011	4.07978e-011	4.42566e-011	4.64263e-011	4.75368e-011	4.69e-011	4.63382e-011	4.61295e-011	4.55588e-011	4.55809e-011	4.59374e-011	4.57275e-011	4.52903e-011	4.45431e-011
3.45107e-011	3.54557e-011	3.63777e-011	3.69758e-011	3.72505e-011	3.71761e-011	3.71438e-011	3.71476e-011	3.76587e-011	3.9069e-011	4.14776e-011	4.48515e-011	4.86501e-011	5.24694e-011	5.50344e-011	5.57798e-011	5.46771e-011	5.15423e-011	4.75393e-011	4.37813e-011	4.13215e-011	4.07589e-011	4.20021e-011	4.43156e-011	4.64319e-011	4.78118e-011	4.7404e-011	4.53221e-011	4.23292e-011	3.86015e-011	3.52401e-011	3.27213e-011	3.12698e-011	3.0672e-011	3.04702e-011	3.06379e-011	3.08039e-011	3.09029e-011	3.11278e-011	3.16948e-011	3.24013e-011	3.30032e-011	3.34411e-011	3.29077e-011	3.22316e-011	3.11868e-011	3.01326e-011	3.06076e-011	3.23622e-011	3.54815e-011	3.91794e-011	4.2589e-011	4.47386e-011	4.47065e-011	4.29483e-011	4.0122e-011	3.71137e-011	3.50386e-011	3.43948e-011	3.48084e-011	3.58126e-011	3.66315e-011	3.55619e-011	3.31474e-011	2.98029e-011	2.52633e-011	2.15172e-011	1.9416e-011	1.87554e-011	1.94793e-011	2.06818e-011	2.1557e-011	2.12442e-011	1.96758e-011	1.75147e-011	1.54512e-011	1.44285e-011	1.51399e-011	1.74353e-011	2.03589e-011	2.38977e-011	2.61811e-011	2.68115e-011	2.72964e-011	2.70292e-011	2.70241e-011	2.84485e-011	3.07518e-011	3.36179e-011	3.62337e-011	3.76351e-011	3.73568e-011	3.56523e-011	3.30097e-011	3.031e-011	2.85855e-011	2.80451e-011	2.85165e-011	2.9229e-011	2.94913e-011	2.84535e-011	2.55855e-011	2.17356e-011	1.76249e-011	1.42613e-011	1.28679e-011	1.40101e-011	1.7324e-011	2.1952e-011	2.6973e-011	3.10088e-011	3.3763e-011	3.53634e-011	3.58601e-011	3.65015e-011	3.74672e-011	3.89653e-011	4.09959e-011	4.31272e-011	4.49996e-011	4.59743e-011	4.60539e-011	4.54104e-011	4.39724e-011	4.21413e-011	4.00518e-011	3.75302e-011	3.45901e-011	3.13513e-011	2.75558e-011	2.3905e-011	2.09367e-011	1.84991e-011	1.76132e-011	1.80575e-011	1.92339e-011	2.07617e-011	2.19e-011	2.22221e-011	2.15721e-011	2.04641e-011	1.97073e-011	1.98416e-011	2.15466e-011	2.49143e-011	2.93101e-011	3.4136e-011	3.88758e-011	4.23896e-011	4.4556e-011	4.59105e-011	4.58989e-011	4.53556e-011	4.50167e-011	4.44791e-011	4.40594e-011	4.37717e-011	4.32863e-011	4.25526e-011	4.15379e-011
3.30091e-011	3.46343e-011	3.6498e-011	3.82022e-011	3.98524e-011	4.08316e-011	4.11698e-011	4.13022e-011	4.14767e-011	4.23593e-011	4.43708e-011	4.76283e-011	5.1644e-011	5.58712e-011	5.90329e-011	6.00596e-011	5.90261e-011	5.57748e-011	5.11611e-011	4.65078e-011	4.26531e-011	4.04316e-011	3.97704e-011	4.0541e-011	4.18531e-011	4.28562e-011	4.30214e-011	4.1883e-011	3.98109e-011	3.72754e-011	3.45277e-011	3.20391e-011	3.02485e-011	2.91475e-011	2.84643e-011	2.85467e-011	2.91724e-011	3.055e-011	3.26269e-011	3.51465e-011	3.81453e-011	4.0218e-011	4.1179e-011	4.0585e-011	3.86054e-011	3.6241e-011	3.42321e-011	3.35736e-011	3.4971e-011	3.81791e-011	4.2e-011	4.54407e-011	4.75731e-011	4.72015e-011	4.48687e-011	4.13377e-011	3.72944e-011	3.41527e-011	3.24697e-011	3.20401e-011	3.24153e-011	3.29101e-011	3.22832e-011	3.04729e-011	2.78705e-011	2.47982e-011	2.21555e-011	2.07464e-011	2.05499e-011	2.13375e-011	2.20171e-011	2.24775e-011	2.15653e-011	1.96686e-011	1.80487e-011	1.68932e-011	1.71598e-011	1.91539e-011	2.21845e-011	2.51772e-011	2.78979e-011	2.90857e-011	2.85135e-011	2.7548e-011	2.64855e-011	2.62112e-011	2.77964e-011	3.06015e-011	3.41105e-011	3.7148e-011	3.9045e-011	3.91386e-011	3.72598e-011	3.4538e-011	3.1714e-011	2.95671e-011	2.87908e-011	2.92335e-011	2.99651e-011	3.04403e-011	2.97868e-011	2.72794e-011	2.38885e-011	2.02444e-011	1.70572e-011	1.56731e-011	1.60279e-011	1.81715e-011	2.10276e-011	2.41141e-011	2.71504e-011	2.92185e-011	3.07652e-011	3.21318e-011	3.34853e-011	3.52964e-011	3.73952e-011	3.9322e-011	4.09637e-011	4.20428e-011	4.21239e-011	4.16984e-011	4.1135e-011	4.02169e-011	3.9501e-011	3.87818e-011	3.78409e-011	3.61574e-011	3.35984e-011	3.02107e-011	2.62457e-011	2.26916e-011	1.99592e-011	1.85675e-011	1.88023e-011	2.01051e-011	2.17411e-011	2.29482e-011	2.34194e-011	2.28766e-011	2.16925e-011	2.07823e-011	2.04842e-011	2.13717e-011	2.37625e-011	2.72152e-011	3.1177e-011	3.51365e-011	3.84335e-011	4.0677e-011	4.20611e-011	4.26337e-011	4.25506e-011	4.23289e-011	4.20244e-011	4.16944e-011	4.12211e-011	4.07479e-011	4.01091e-011	3.91652e-011
3.17697e-011	3.36691e-011	3.64115e-011	3.92233e-011	4.18485e-011	4.39809e-011	4.49228e-011	4.52136e-011	4.52118e-011	4.5556e-011	4.70456e-011	4.98079e-011	5.33588e-011	5.72345e-011	6.04663e-011	6.16819e-011	6.10217e-011	5.82497e-011	5.35381e-011	4.84262e-011	4.35644e-011	3.97993e-011	3.75627e-011	3.65871e-011	3.66923e-011	3.71723e-011	3.75252e-011	3.72568e-011	3.6441e-011	3.51407e-011	3.36676e-011	3.21787e-011	3.05779e-011	2.92981e-011	2.80247e-011	2.75274e-011	2.82737e-011	3.03284e-011	3.40359e-011	3.85603e-011	4.32921e-011	4.71346e-011	4.89203e-011	4.84047e-011	4.58533e-011	4.23637e-011	3.92645e-011	3.75249e-011	3.77894e-011	4.007e-011	4.33197e-011	4.62776e-011	4.81751e-011	4.77275e-011	4.50424e-011	4.11322e-011	3.6513e-011	3.24311e-011	2.9703e-011	2.82488e-011	2.77676e-011	2.75549e-011	2.68907e-011	2.54483e-011	2.38098e-011	2.20989e-011	2.12823e-011	2.16996e-011	2.27156e-011	2.40596e-011	2.46838e-011	2.45194e-011	2.33621e-011	2.13485e-011	1.99869e-011	1.98197e-011	2.12033e-011	2.44253e-011	2.84011e-011	3.19377e-011	3.42688e-011	3.4606e-011	3.29946e-011	3.07431e-011	2.85088e-011	2.73298e-011	2.81304e-011	3.06003e-011	3.41715e-011	3.72771e-011	3.93035e-011	3.97988e-011	3.80096e-011	3.52916e-011	3.25002e-011	3.01028e-011	2.90513e-011	2.91183e-011	2.9388e-011	2.93762e-011	2.86988e-011	2.66022e-011	2.39566e-011	2.15121e-011	1.92189e-011	1.81442e-011	1.82811e-011	1.95169e-011	2.11435e-011	2.24581e-011	2.40734e-011	2.53393e-011	2.66405e-011	2.86577e-011	3.09474e-011	3.36103e-011	3.66244e-011	3.90883e-011	4.04818e-011	4.12849e-011	4.07196e-011	3.93534e-011	3.85292e-011	3.78719e-011	3.7803e-011	3.82263e-011	3.84595e-011	3.79906e-011	3.62187e-011	3.32373e-011	2.94374e-011	2.56138e-011	2.26257e-011	2.08145e-011	2.03916e-011	2.10638e-011	2.22369e-011	2.31342e-011	2.34414e-011	2.30045e-011	2.17826e-011	2.0634e-011	2.00873e-011	2.03517e-011	2.18167e-011	2.42921e-011	2.73937e-011	3.05175e-011	3.34075e-011	3.55433e-011	3.69765e-011	3.80231e-011	3.86805e-011	3.90985e-011	3.94068e-011	3.9577e-011	3.94111e-011	3.91434e-011	3.8928e-011	3.84742e-011
