1.66399   0.471036   0.5336123176530319
3.08352   0.480602   0.5386137412173584
3.77431   1.71974   0.5660044997170959
5.19394   1.72786   0.5750982495191579
5.88528   2.9668   0.6119590081860059
7.30501   2.97362   0.6222099729994693
7.99695   4.21244   0.6629698850626623
9.4168   4.21807   0.6716748968064824
10.1093   5.45683   0.7115347419486978
11.5293   5.4614   0.7170496321036638
12.2223   6.70017   0.7524723987629056
13.6423   6.70374   0.7535755349664683
14.3357   7.9425   0.7822496678810408
15.7557   7.94516   0.7784410294942063
16.4494   9.18391   0.7989716078184509
17.8695   9.18571   0.7902491161652759
18.5632   10.4244   0.80192601903168
19.9833   10.4255   0.7886029038749469
20.6769   11.6643   0.791516872846056
22.097   11.6647   0.7741213470768002
22.7905   12.9034   0.7687428763897579
24.2106   12.9034   0.7477747923004618
24.9039   14.1421   0.7351882003949735
26.3239   14.1417   0.7114194964997791
27.0169   15.3804   0.6927939809207337
28.4369   15.3797   0.6669609958610769
29.1297   16.6184   0.6440629161813308
30.5496   16.6177   0.6169078132103696
31.2421   17.8565   0.5912874850696576
32.662   17.856   0.5636424842043063
33.3542   19.0949   0.5367890647172314
3.05244   2.94392   0.5873338403327357
3.74301   4.18312   0.6260879089233392
5.16273   4.19077   0.637494759586304
5.85388   5.42986   0.6806513830882877
7.27371   5.43621   0.6902853575877146
7.96539   6.67526   0.7328942936740594
9.38532   6.68039   0.7385830603256476
10.0775   7.91942   0.7769403475814592
11.4975   7.92349   0.7775772409220835
12.1901   9.16253   0.8091774228190003
13.6101   9.16559   0.8040401525421466
14.303   10.4046   0.827260436863749
15.7231   10.4067   0.8164112382861958
16.4161   11.6457   0.8305432980886673
17.8361   11.647   0.814419234792498
18.5293   12.886   0.8195821435341283
19.9492   12.8865   0.7988355337614867
20.6423   14.1254   0.7954871840576696
22.0622   14.1255   0.7711021397973163
22.7552   15.3643   0.7601683037327979
24.1751   15.3639   0.7329176624969537
24.8679   16.6027   0.7156752126488656
26.2878   16.602   0.6865285645914513
26.9805   17.8407   0.6647051526804948
28.4003   17.8399   0.6345117414201252
29.0929   19.0787   0.6096862799834025
30.5127   19.078   0.5794514388626518
31.2051   20.3168   0.5532712354713549
32.6249   20.3164   0.5237415679512162
33.3172   21.5553   0.49791751324892963
34.737   21.5553   0.46977920345626045
35.4291   22.7945   0.44585213916723265
5.12991   6.65313   0.7094973407983988
5.82082   7.8924   0.7554561793380218
7.24073   7.89833   0.7622186136535888
7.93214   9.1376   0.8042336451554362
9.35213   9.14231   0.8051676809832836
10.044   10.3816   0.8404218120087077
11.464   10.3852   0.8348004853855797
12.1562   11.6245   0.8616487625477103
13.5762   11.6271   0.8492649174433141
14.2687   12.8664   0.8668688539796549
15.6887   12.868   0.8482335586381847
16.3813   14.1072   0.8563331185934593
17.8012   14.108   0.8322569194665799
18.4939   15.3471   0.8315072278699679
19.9138   15.3473   0.8032405866239579
20.6065   16.5863   0.7945434223502206
22.0263   16.5861   0.7631689786672406
22.7191   17.8249   0.7477625425226908
24.1388   17.8243   0.7142677719175068
24.8316   19.0631   0.6939016861198705
26.2513   19.0623   0.6595472765465724
26.944   20.301   0.6358066058165793
28.3637   20.3003   0.6017225523445181
29.0565   21.539   0.5763754418779492
30.4762   21.5385   0.5432775533739627
31.1689   22.7772   0.517999777992231
32.5886   22.7771   0.48686955131739446
33.2814   24.016   0.46318256659766305
34.7011   24.0165   0.4348173179623816
7.20601   10.36   0.8353359605571875
7.89717   11.5995   0.8749753475955759
9.3172   11.6038   0.869791043872032
10.0088   12.8433   0.9010009433957317
11.4288   12.8466   0.8882779745102324
12.1208   14.086   0.9098858939449487
13.5408   14.0883   0.8897178148154621
14.233   15.3277   0.9015332550716028
15.6529   15.329   0.874871893479268
16.3453   16.5682   0.877216375816137
17.7651   16.5688   0.845352050923163
18.4578   17.8079   0.8393516783804031
19.8775   17.808   0.8036228033101097
20.5703   19.0469   0.7905351415338843
21.9899   19.0465   0.752271520130863
22.6828   20.2853   0.7336018675003487
24.1025   20.2847   0.6943439709538788
24.7955   21.5234   0.6718346597191885
26.2151   21.5228   0.6328373566723118
26.9083   22.7613   0.6082350039252907
28.3279   22.7609   0.5707155683876148
29.0212   23.9994   0.5457845820467999
30.4409   23.9993   0.5106594266240475
9.28079   14.0649   0.9315351427079921
9.97234   15.3045   0.9578020659823197
11.3923   15.3075   0.9374979306643824
12.0843   16.5471   0.9536001940016586
13.5042   16.5491   0.9255716395828044
14.1966   17.7885   0.9316730596083582
15.6163   17.7897   0.8970968453851577
16.309   19.0288   0.8940912984701282
17.7287   19.0294   0.8547652835720452
18.4216   20.2683   0.8438836768180791
19.8412   20.2684   0.8013708567199086
20.5344   21.5071   0.7843235174339745
21.9539   21.507   0.7401868750525112
22.6473   22.7455   0.7187910823041702
24.0669   22.7452   0.674644039475632
24.7605   23.9836   0.6505894327454138
26.1801   23.9834   0.607875085852347
11.3552   17.7682   0.9821062315248797
12.0475   19.0076   0.9920258917991998
13.4673   19.0097   0.9566555754293179
14.1601   20.2488   0.956770918245323
15.5798   20.2501   0.9151636848127218
16.273   21.489   0.9066992610562776
17.6926   21.4898   0.8608145561036935
18.3861   22.7284   0.8453947598607411
19.8057   22.7288   0.7970226784728272
20.4996   23.9671   0.7764226555169541
21.919   23.9674   0.7274512011124877
13.4308   21.4699   0.9820644683522545
14.1243   22.7087   0.9760278377177579
15.544   22.7103   0.9282951901200387
16.238   23.9488   0.914445482245932
17.6575   23.9499   0.8630799847059345
22.9417   0.597085   0.675709042272634
18.6813   0.576552   0.6484788636678915
20.1015   0.580434   0.6566676622531372
20.7979   1.81772   0.6876152200904218
22.2182   1.82097   0.6924427070162544
22.9149   3.05827   0.7166255538284964
24.3354   3.061   0.7171719874618637
25.0322   4.29835   0.7335261133047671
14.4235   0.554756   0.6159053598597757
15.8435   0.559342   0.6252629691329876
16.5386   1.79706   0.6609326050362474
17.9587   1.8009   0.6685324061704113
18.6542   3.03859   0.6998023037972939
20.0745   3.04171   0.7043506675655238
20.7703   4.2794   0.7289505841276205
22.1906   4.28189   0.7295450541947359
22.8866   5.51962   0.7462584434363216
24.307   5.52155   0.7422870574110793
25.0029   6.75933   0.750532165599849
26.4233   6.76076   0.7419726251014931
27.1191   7.99862   0.742133877477641
10.1682   0.530672   0.5833291802481683
11.588   0.536389   0.5926100827095329
12.2816   1.77457   0.6301710796283813
13.7016   1.77938   0.63896686173854
14.3957   3.01749   0.6753494242982656
15.8158   3.02137   0.6819804950289996
16.5105   4.25946   0.7140488902029044
17.9306   4.26257   0.717489721180729
18.6256   5.50066   0.7429042663089236
20.0458   5.50304   0.7424280420350515
20.741   6.74114   0.7598417021985564
22.1613   6.74288   0.7550870827262235
22.8565   7.981   0.7639356897671427
24.2767   7.98218   0.7547894621018509
24.9718   9.22035   0.7552456781736671
26.3921   9.22106   0.7420005455523592
27.0868   10.4593   0.7347759250274883
28.507   10.4596   0.7176906854627548
29.2014   11.6979   0.7035985076732317
5.91514   0.503228   0.554091692101596
7.33481   0.510571   0.5621931146255792
8.02694   1.74922   0.5975730603867613
9.44672   1.75538   0.6070783703114447
10.1395   2.99391   0.6459662883618617
11.5594   2.99901   0.6544414581152388
12.2527   4.23748   0.6922433676099758
13.6727   4.24166   0.6981182622593393
14.3665   5.48008   0.7314225082672798
15.7866   5.48334   0.7335851365042777
16.4808   6.72177   0.7602542656243361
17.9009   6.72421   0.7581978475965224
18.5953   7.96264   0.7767500637914362
20.0155   7.96434   0.7703222222550764
20.7099   9.20278   0.7802611624321697
22.1301   9.20384   0.7694105487319491
22.8244   10.4423   0.7708384850278303
24.2446   10.4428   0.7559541785055486
24.9386   11.6813   0.7492977312123661
26.3588   11.6813   0.7309462497338636
27.0526   12.9199   0.7173646841042571
28.4727   12.9196   0.6959265694022605
29.1661   14.1582   0.6765631234408221
30.5861   14.1577   0.6526936570857714
31.2791   15.3964   0.6291539318799485
35.3938   25.2556   0.41395722001192364
36.8136   25.2569   0.3888514626435124
37.5061   26.4962   0.37175508066467855
31.1342   25.2379   0.48698263829422017
32.5539   25.2384   0.4550084944262018
33.2473   26.4771   0.43398813347832593
34.6671   26.4783   0.4059382342179658
35.3604   27.7172   0.3884322978332244
36.7802   27.7193   0.36469842335825936
37.4734   28.9585   0.3513984775151984
38.8933   28.9616   0.33178004762191626
39.5863   30.2012   0.32270867667293934
26.874   25.2217   0.5829916294424808
28.2936   25.2218   0.5429429159681527
28.9876   26.46   0.5189418657229341
30.4073   26.4606   0.48253577069477294
31.1014   27.6989   0.46072254123278844
32.5212   27.7001   0.42883915399599337
33.2153   28.9386   0.41054827974307706
34.6351   28.9406   0.38348539737518017
35.3292   30.1794   0.3695307835620736
36.749   30.1823   0.34740698035589485
37.4429   31.4215   0.3377278342097391
38.8628   31.4254   0.3201621776537623
39.5563   32.6649   0.31399778661640687
40.9762   32.6699   0.30000909986198404
41.6694   33.9099   0.29681997911191915
22.6132   25.2055   0.7036132247193764
24.0327   25.2058   0.6556972929637572
24.7273   26.4437   0.6304675883818294
26.1468   26.4442   0.5850607746208929
26.8416   27.6821   0.5602425903124453
28.2612   27.6829   0.5186563602232208
28.9561   28.9209   0.4957117004872884
30.3758   28.9222   0.45904582559914636
31.0707   30.1603   0.43930206009077605
32.4906   30.1623   0.40816326390306
33.1854   31.4007   0.39275404517331236
34.6053   31.4035   0.36737420976437923
35.3001   32.6422   0.3564709525333062
36.72   32.646   0.3365619408073367
37.4144   33.8851   0.3296945707772572
38.8344   33.8899   0.3141187832651849
39.5284   35.1294   0.31040505794847906
40.9483   35.1353   0.2982432228903119
41.6418   36.3752   0.2964741135411341
43.0617   36.3823   0.2868729509730767
43.7547   37.6227   0.28638907102052547
18.352   25.1881   0.8432165854630692
19.7715   25.189   0.7902195834070425
20.4663   26.4269   0.7663708893218739
21.8858   26.4277   0.713669510347752
22.581   27.6654   0.6878295210297393
24.0004   27.6663   0.6371732025124711
24.6959   28.9039   0.6109937479221851
26.1155   28.9051   0.5641343811539944
26.8112   30.1426   0.5393380387104184
28.2309   30.1442   0.49732101302880855
28.9266   31.3819   0.47559609964759
30.3464   31.3841   0.4396204499338029
31.0422   32.622   0.4220240869903037
32.462   32.6249   0.3925797880686148
33.1576   33.8631   0.37974837721839433
34.5776   33.8669   0.3565916151566084
35.2729   35.1055   0.3483515609266002
36.6929   35.1102   0.3306015275221807
37.3878   36.3492   0.3258706184975911
38.8078   36.355   0.3124931199242619
39.5022   37.5944   0.3101505440910905
40.9222   37.6012   0.2996455572839332
41.6161   38.8411   0.2989387897212403
43.036   38.8491   0.29056011426209016
43.7294   40.0894   0.290457656122194
45.1492   40.0985   0.28363816738937114
45.8421   41.3393   0.28394825232777815
15.5095   25.1702   0.9356189555582987
16.2046   26.4082   0.9162684813961464
17.6241   26.4099   0.8607914962405246
18.3196   27.6475   0.8365359526045503
19.7391   27.649   0.780340444934133
20.435   28.8864   0.7532919619908329
21.8544   28.8879   0.6983026134850129
22.5507   30.1251   0.6703238844021602
23.9702   30.1268   0.618444670120131
24.6667   31.364   0.5914514857534813
26.0862   31.366   0.5441921168117
26.7828   32.6033   0.5198487279969047
28.2026   32.6058   0.4786120871854372
28.8991   33.8432   0.45812261459133663
30.319   33.8463   0.4238205516489248
31.0154   35.084   0.4082575412653161
32.4353   35.0879   0.3811332837735369
33.1315   36.326   0.37064387220079886
34.5515   36.3307   0.35000818561856245
35.2474   37.5692   0.34370085830559355
36.6674   37.5749   0.32832989507505805
37.3627   38.8139   0.3251789046048283
38.7828   38.8206   0.31367927888211317
39.4776   40.06   0.3123756872741607
40.8976   40.0677   0.30338450850364895
41.5919   41.3075   0.3029529501424299
43.0118   41.3163   0.2957239591240446
43.7056   42.5566   0.2959261563295832
45.1255   42.5665   0.29003880774820084
45.8189   43.8072   0.2905122544747508
47.2387   43.8183   0.2858454127671118
47.9317   45.0593   0.28644563183961796
17.5924   28.8696   0.8528921502745811
18.2891   30.1066   0.8244126454634239
19.7086   30.1088   0.7663083713492889
20.4056   31.3457   0.7362264393513732
21.8251   31.348   0.6803733460387746
22.5223   32.5848   0.6506683487000126
23.9418   32.5874   0.5988571866480343
24.6392   33.8241   0.5710923130282876
26.0589   33.8271   0.5249933047192139
26.7563   35.064   0.5009229381851042
28.1761   35.0675   0.4616108100987264
28.8734   36.3047   0.44249219202150675
30.2933   36.3088   0.4107645189156392
30.9903   37.5463   0.3968920004232916
32.4104   37.5512   0.3728796588713344
33.107   38.7892   0.3640370036136423
34.5271   38.795   0.3464081552157813
35.2234   40.0334   0.3415541684711227
36.6435   40.0401   0.32871516545483676
37.3392   41.2789   0.3262433754116702
38.7593   41.2866   0.3167949652377722
39.4545   42.526   0.3159214142789325
40.8745   42.5346   0.30841092717346785
41.5692   43.7743   0.3082653889102679
42.9892   43.784   0.30232588377444386
43.6834   45.0242   0.3025888299326361
45.1034   45.0349   0.2979173878779183
45.7972   46.2754   0.2985514695994604
47.2171   46.2873   0.2950632644027431
47.9106   47.5281   0.29650593585964347
49.3303   47.5412   0.29440236072423326
50.0235   48.7824   0.29715822384716584
19.6799   32.5684   0.7473140571406364
20.3779   33.8048   0.7144643028171512
21.7975   33.808   0.6592179002423997
22.4956   35.0443   0.6278249437542289
23.9153   35.0478   0.5774100882388534
24.6135   36.2842   0.5493281441906991
26.0333   36.2882   0.5053583382116142
26.7314   37.5248   0.481784723709665
28.1513   37.5293   0.44554184988617984
28.8492   38.7663   0.4275867865124027
30.2692   38.7715   0.3994163992627275
30.9667   40.0089   0.3871761614562522
32.3869   40.0149   0.36661856199597453
33.084   41.2527   0.3591427292873961
34.5042   41.2595   0.34470686097030545
35.2008   42.4978   0.34076415597887855
36.621   42.5055   0.3304301136397828
37.3171   43.7443   0.32878456472286327
38.7373   43.753   0.32125331126697754
39.4328   44.9922   0.32065738725312154
40.8529   45.0018   0.3148557288664142
41.5481   46.2414   0.31508808292284957
42.9681   46.252   0.31045690522196634
43.6628   47.4919   0.3113497229804442
45.0828   47.5035   0.3078714017248122
45.7771   48.7438   0.3096396130988425
47.197   48.7565   0.3075322909874726
21.7716   36.2678   0.6338853760736244
22.4705   37.5037   0.6011838737025487
23.8903   37.5082   0.5534586344073059
24.5892   38.7443   0.5250779561169977
26.0092   38.7493   0.48469625540125616
26.7079   39.9857   0.46177192422233654
28.1279   39.9913   0.4295313376227657
28.8263   41.2281   0.41285823232678714
30.2465   41.2344   0.3890489557883431
30.9445   42.4716   0.378171217836582
32.3647   42.4787   0.36167076188157954
33.0623   43.7164   0.3555603043085638
34.4826   43.7243   0.34438055984622823
35.1796   44.9625   0.3416059132977673
36.5999   44.9713   0.333915947507751
37.2964   46.21   0.3331013959742621
38.7166   46.2196   0.32747363252634815
39.4126   47.4587   0.32790725823012706
40.8328   47.4692   0.32351675381655554
41.5284   48.7086   0.32503504426445945
42.9484   48.72   0.3215855407197261
23.8668   39.9686   0.5265029344647582
24.5663   41.2044   0.4982005820952031
25.9864   41.2105   0.46239934039745445
26.6857   42.4467   0.44045414063214483
28.1059   42.4534   0.4133886669951186
28.8048   43.69   0.39822262617786636
30.2251   43.6974   0.37931219331838245
30.9236   44.9345   0.37041835807637885
32.3439   44.9427   0.3581748595309259
33.0419   46.1803   0.3539470581880871
34.4622   46.1893   0.3462112360972744
35.1597   47.4274   0.34522052372360074
36.58   47.4372   0.3399371853740039
37.277   48.6757   0.3411047493073084
38.6972   48.6863   0.3371145502644496
25.9649   43.6717   0.43868061274690584
26.6648   44.9076   0.4186336584652513
28.0851   44.9155   0.39745594724447514
28.7845   46.1519   0.38487707128380355
30.2049   46.1605   0.3716108313814318
30.9039   47.3974   0.36566773169094474
32.3243   47.4068   0.35793611161769984
33.0228   48.6442   0.3570012605019727
34.4432   48.6543   0.3524084420101145
28.0656   47.3776   0.3845177369120986
28.7655   48.6136   0.37649767595563904
30.186   48.6236   0.36901140903771956
47.891   49.9972   0.3108217173879561
49.3107   50.011   0.3101418062757774
50.0043   51.2521   0.3156776995608028
51.4238   51.2672   0.31709150098985683
52.117   52.5085   0.3252847675499102
43.6437   49.9599   0.3243820741039812
45.0636   49.9722   0.3220227631705528
45.7584   51.2124   0.32630576151824375
47.1782   51.2259   0.3253256983393719
47.8726   52.4664   0.33172371033738685
49.2923   52.481   0.33247348766480794
49.9863   53.7219   0.34150995593100586
51.4058   53.7377   0.34456426106025106
52.0993   54.9789   0.3567430868286062
53.5187   54.9958   0.3623994895139905
54.2119   56.2374   0.37846279870021365
39.3938   49.9252   0.3398119185667263
40.8139   49.9366   0.3366992426483903
41.51   51.1759   0.34092864356049346
42.9301   51.1882   0.3385351680401955
43.6257   52.4278   0.3444985195904339
45.0457   52.441   0.34304934047451463
45.7409   53.6811   0.3511021646187936
47.1607   53.6953   0.3509617785457585
47.8554   54.9357   0.361327967364828
49.275   54.951   0.36291928854774375
49.9692   56.1919   0.37616126860696203
51.3887   56.2083   0.3800328669996869
52.0826   57.4495   0.3962163045610352
53.5019   57.4669   0.40285556965245567
54.1954   58.7083   0.42208248009127447
55.6146   58.7265   0.43150811116362475
56.3081   59.968   0.4535367019327172
35.1411   49.8921   0.35462889053206
36.5614   49.903   0.3515451180147412
37.2589   51.1413   0.3562256307454545
38.6792   51.1529   0.3535622434593396
39.3762   52.3916   0.36025965635912677
40.7963   52.4039   0.35777481744807077
41.4928   53.643   0.366278186628692
42.9129   53.6562   0.3643999039516891
43.6089   54.8957   0.3748283207016207
45.0288   54.9098   0.37357315214024417
45.7243   56.1497   0.38611324763597865
47.1441   56.1647   0.38604137083996815
47.839   57.4051   0.40076813745605633
49.2586   57.4211   0.4024115927753607
49.9531   58.6619   0.41934388036550596
51.3725   58.679   0.42328333300521426
52.0665   59.9201   0.44257303352101934
53.4858   59.938   0.44921059649122347
54.1795   61.1794   0.47063766317624955
55.5987   61.1978   0.4798744523310269
56.2924   62.4393   0.5028464775654723
57.7115   62.4578   0.5138925471341268
58.4056   63.6992   0.537312441694774
30.8855   49.8602   0.3682393922436875
32.306   49.8708   0.3647491329667565
33.0049   51.1079   0.3688938329655325
34.4254   51.1192   0.3671347027999432
35.1238   52.3568   0.3746995863355072
36.5441   52.3687   0.3728895010589595
37.242   53.6068   0.3830318655151294
38.6623   53.6194   0.3808744806363367
39.3597   54.8578   0.3928244137015905
40.7798   54.8712   0.39047638853073147
41.4767   56.1101   0.4042438001998308
42.8967   56.1241   0.4017154465538995
43.593   57.3635   0.4171400004794615
45.0129   57.3784   0.4151315333722558
45.7086   58.6183   0.4320139233867364
47.1283   58.6342   0.43115984274976266
47.8234   59.8745   0.4493611910256591
49.243   59.8913   0.4501450099690093
49.9375   61.1321   0.4698116005379174
51.3569   61.1497   0.4729013004845767
52.0509   62.3909   0.49383757451210425
53.4702   62.4092   0.49965964415789593
54.164   63.6506   0.5216499017540392
55.5832   63.6691   0.5297297235383337
56.2771   64.9105   0.552047733443403
57.6963   64.929   0.5616165506820457
58.3906   66.1702   0.582616589190524
59.8098   66.1883   0.5920066722596998
60.5048   67.429   0.6096527618243062
30.1683   51.0865   0.37673334070666076
30.8683   52.3227   0.38330146099382045
32.2888   52.3346   0.38336646958230963
32.9882   53.5714   0.39481024556107874
34.4086   53.5839   0.39470364832364957
35.1075   54.8212   0.4090918845442918
36.5279   54.8342   0.4079614932809266
37.2262   56.072   0.42434366968295956
38.6464   56.0856   0.42181015872072175
39.3442   57.3239   0.43979887448696664
40.7643   57.3382   0.43636529422033415
41.4614   58.577   0.45528172596755845
42.8814   58.592   0.4514433851547718
43.5778   59.8313   0.47114655893893326
44.9977   59.8471   0.4674200894270606
45.6935   61.087   0.48774162217305594
47.1131   61.1037   0.4848814288050264
47.8082   62.3441   0.5054235946213828
49.2277   62.3615   0.5043614081192184
49.9222   63.6025   0.5253364731293625
51.3416   63.6206   0.5266037789458063
52.0356   64.8619   0.5477932547960112
53.4549   64.8804   0.5516895775705729
54.1487   66.1218   0.5725996856443342
55.5679   66.1404   0.5787057715281538
56.2619   67.3818   0.5984509169514267
57.6812   67.4   0.6054540527571048
58.3757   68.6411   0.6224298916343904
59.795   68.6588   0.6286239177759633
60.4902   69.8995   0.6406786558017996
61.9097   69.9164   0.6442345613206397
62.6056   71.1566   0.6498236530013305
32.2727   54.7981   0.4182049497554972
32.9725   56.0346   0.4376577315665722
34.393   56.0482   0.4383209098366207
35.0922   57.2853   0.459927613869836
36.5126   57.2994   0.4583087823727558
37.2112   58.537   0.4809897919914692
38.6314   58.5517   0.4772950240679226
39.3294   59.7899   0.5004176755471372
40.7495   59.8051   0.49523055236929714
41.4468   61.0439   0.5183931616061325
42.8667   61.0598   0.51215471295303
43.5632   62.2992   0.5349094689758241
44.983   62.3158   0.5285808169050401
45.6787   63.5558   0.5505806117182075
47.0983   63.5732   0.5451063565947453
47.7933   64.8139   0.5664385844908513
49.2127   64.8319   0.562635699187322
49.907   66.073   0.5832557415062452
51.3264   66.0915   0.5818532718821812
52.0203   67.333   0.6015544779984577
53.4396   67.3516   0.602650429353537
54.1334   68.5931   0.6209276769479706
55.5527   68.6116   0.623954469492768
56.2468   69.853   0.639610459576764
57.6661   69.871   0.6430691564676362
58.3606   71.112   0.6543077716182158
59.7801   71.1292   0.6565952025411058
60.4753   72.3698   0.6617775230392705
61.8949   72.3861   0.6609629414725187
62.5907   73.6261   0.6588664887517061
64.0105   73.6414   0.6536773286568859
34.3783   58.5123   0.4982219786400458
35.0778   59.7493   0.5260851737123942
36.4981   59.7644   0.5233389914768491
37.197   61.0019   0.5510049273826865
38.6172   61.0175   0.5454711174755266
39.3153   62.2557   0.5724775366772047
40.7353   62.2719   0.5647184254121719
41.4326   63.5108   0.5903080382308921
42.8524   63.5276   0.581281850740245
43.5489   64.7671   0.6051029912337249
44.9685   64.7846   0.5955869877692058
45.664   66.0249   0.6177098428874184
47.0835   66.043   0.6089095170877206
47.7783   67.2839   0.6292070406471976
49.1977   67.3025   0.6221520553691018
49.8918   68.5438   0.6406050655435102
51.3111   68.5626   0.6358237884823139
52.0049   69.8042   0.652472880662479
53.4242   69.8229   0.6500017692283606
54.118   71.0645   0.6638635477264907
55.5373   71.0828   0.6630818501512533
56.2313   72.3242   0.6728629132297328
57.6507   72.3418   0.6720673998937937
58.3452   73.5828   0.6764175263844076
59.7647   73.5994   0.674024428340692
36.4843   62.2292   0.6002111461810724
37.1832   63.4668   0.6311442782755774
38.6034   63.4834   0.6233618050538572
39.3015   64.7217   0.6522170420956519
40.7214   64.7388   0.6414943257738162
41.4186   65.9778   0.6676596363417535
42.8383   65.9955   0.6550871850372315
43.5345   67.2354   0.6783259246114626
44.9541   67.2537   0.6653030437326993
45.6493   68.4942   0.6855704486046703
47.0687   68.513   0.6730734952440225
47.7632   69.7541   0.6904884430604163
49.1825   69.7732   0.6796518888372183
49.8764   71.0148   0.6944119454617639
51.2956   71.0338   0.685805409719109
51.9892   72.2755   0.6973959420587404
53.4085   72.2943   0.6910027351610167
54.1021   73.5359   0.6987708136435027
55.5214   73.5539   0.6934208173973448
38.5898   65.9493   0.7069288153696921
39.2877   67.1878   0.7355565579885736
40.7076   67.2058   0.7216559152393853
41.4045   68.4452   0.7462691806580211
42.8241   68.4638   0.7302671839813197
43.5199   69.704   0.7508015849743468
44.9394   69.723   0.7338950878701975
45.6343   70.9639   0.7504683471006635
47.0536   70.9833   0.7340622385057034
47.7477   72.2248   0.7468332477869477
49.1669   72.2442   0.7320820787316152
49.8604   73.486   0.7411553008648027
51.2796   73.5051   0.7284878791030118
40.6935   69.6732   0.8009185102118641
41.39   70.9131   0.8219438119482363
42.8096   70.9324   0.8024139953914119
43.5049   72.173   0.8181225947252658
44.9243   72.1927   0.797505178666577
45.6187   73.4341   0.8083725873630302
47.0379   73.4539   0.7881438257069594
42.7944   73.4015   0.8671138967863468
64.707   74.8808   0.6435260212299059
60.4598   74.8399   0.6714890021437464
61.8795   74.8554   0.665929268015759
62.5752   76.0954   0.6558155685861695
63.995   76.1099   0.6462082791174968
64.6912   77.3492   0.6284554797278729
66.111   77.3626   0.6146180683969504
66.8077   78.6013   0.5903906926773126
56.2153   74.7953   0.6961421837527134
57.6348   74.8124   0.6907225564580877
58.3291   76.0533   0.6871421759723386
59.7487   76.0693   0.6798003015592156
60.4436   77.3097   0.6692475476234547
61.8633   77.3245   0.6588658361153675
62.5587   78.5642   0.6409575492963613
63.9785   78.5779   0.6272446173543432
64.6742   79.817   0.6028831147079757
66.0941   79.8296   0.5860189331412433
66.7902   81.0681   0.5574984573969727
68.2101   81.0797   0.5386196524450252
68.9066   82.3176   0.5090025736673605
51.9729   74.747   0.7336111640371923
53.3922   74.7656   0.7228241349042008
54.0856   76.0073   0.7232050539093323
55.5049   76.0249   0.7132414808464225
56.1986   77.2662   0.7079240990388677
57.6181   77.2827   0.6975160643311452
58.3122   78.5235   0.6857887283996466
59.7318   78.5388   0.6736787810225264
60.4264   79.779   0.6551543940171638
61.8461   79.793   0.6405235124490012
62.541   81.0326   0.6160419709727554
63.9607   81.0454   0.5988267278604111
64.656   82.2844   0.5702553813862793
66.0758   82.296   0.5513836141925248
66.7714   83.5344   0.5217887886875339
68.1912   83.545   0.5030414893425801
68.887   84.7828   0.47691208833493776
70.3069   84.7925   0.4606897654604437
71.0031   86.0297   0.4436904889672634
47.7314   74.6957   0.7944626234128317
49.1506   74.7154   0.7757711067060927
49.8437   75.9574   0.7777128776097312
51.2629   75.9765   0.7610241060570981
51.9558   77.2185   0.7582634700419156
53.3751   77.2368   0.7431393812737981
54.0682   78.4785   0.7352670467251975
55.4876   78.4956   0.7207408063929717
56.1809   79.7368   0.706993111706194
57.6004   79.7527   0.6920837377080933
58.2942   80.9934   0.6724642592733036
59.7138   81.0078   0.6559377866840748
60.4078   82.2479   0.6307695062382142
61.8275   82.261   0.6126359930660236
62.5219   83.5005   0.5837564646323057
63.9416   83.5123   0.5644783609670109
64.6363   84.7511   0.5347352709518948
66.0561   84.7618   0.5158608436390519
66.751   86.0001   0.48988829338942813
68.1708   86.0097   0.47358088010390775
68.866   87.2474   0.4564959583610856
70.2859   87.2562   0.4456037365193519
70.9816   88.4934   0.4423628714076252
72.4015   88.5013   0.4384317620793429
73.0977   89.7381   0.45095732614073775
43.4892   74.6427   0.876154033261277
44.9084   74.6629   0.852034201191474
45.6022   75.9047   0.8554235559066654
47.0213   75.9248   0.8316854513576613
47.7143   77.167   0.8300291440666436
49.1334   77.1867   0.8077318490687405
49.826   78.4289   0.8012690559356471
51.2452   78.4478   0.7807685572562457
51.9378   79.6899   0.7694687323082059
53.357   79.7077   0.7502584954533995
54.0497   80.9494   0.7336828061226482
55.4691   80.9659   0.7151225769055305
56.162   82.207   0.6933357411817148
57.5815   82.2221   0.6744904298802148
58.2748   83.4626   0.6479344025439564
59.6943   83.4763   0.6283327860298158
60.3879   84.7162   0.5985883560511398
61.8075   84.7284   0.578488349061586
62.5013   85.9677   0.5484445733162093
63.921   85.9786   0.5292131706599925
64.6151   87.2173   0.5031032200254696
66.0348   87.2271   0.4867602387212737
66.7291   88.4652   0.4695883942347735
68.1489   88.474   0.45853685784242987
68.8436   89.7116   0.455150843127863
70.2635   89.7195   0.45111121688558997
70.9587   90.9567   0.46323481086809054
72.3787   90.9637   0.4661666440233581
73.0745   92.2006   0.49150278737764086
74.4946   92.2069   0.49965734258590744
75.1911   93.4435   0.5333226978106262
44.8915   77.1335   0.8936370907700705
45.5845   78.3756   0.88796004414613
47.0036   78.396   0.8612609012372517
47.696   79.6383   0.850459569879723
49.1151   79.658   0.8252236605914778
49.8072   80.9003   0.8095349590968876
51.2263   80.9189   0.7857628459019903
51.9184   82.1609   0.7653757312588353
53.3377   82.1783   0.743038848244155
54.0299   83.4198   0.7181701887435872
55.4492   83.4356   0.6963879450421278
56.1417   84.6765   0.6675266062113202
57.5612   84.6909   0.6462046502463427
58.2539   85.9312   0.6148510144742375
59.6734   85.944   0.5938037638816452
60.3664   87.1837   0.5628298233036386
61.7859   87.1951   0.5431468585935089
62.4791   88.4342   0.5163988090613718
63.8987   88.4443   0.5000164497294021
64.5922   89.6828   0.48260034189792866
66.0119   89.6918   0.47157957971057857
66.7058   90.9299   0.46812196060429
68.1255   90.9378   0.46389775813211354
68.8199   92.1754   0.4757099326270114
70.2397   92.1824   0.47840973025221867
70.9347   93.4198   0.5035785638805461
72.3546   93.4259   0.511215228646404
73.0502   94.6631   0.5447848841515426
74.4703   94.6684   0.5550323414000332
75.1665   95.9054   0.5915392210158192
76.5867   95.9101   0.6018882039050077
77.2836   97.147   0.6370754115487481
46.9845   80.8671   0.8742791830988513
47.6762   82.1096   0.8537103782899675
49.0953   82.1291   0.8260861274709765
49.7868   83.3713   0.8010714699700663
51.206   83.3896   0.7750384119513035
51.8975   84.6314   0.7460966827429285
53.3168   84.6482   0.7214888841832631
54.0084   85.8895   0.6895098186392994
55.4278   85.9047   0.6660083332811999
56.1197   87.1453   0.6324157256109352
57.5391   87.1589   0.6101340426496432
58.2313   88.399   0.57761913056962
59.6508   88.411   0.5574238871810249
60.3431   89.6505   0.5297723567722239
61.7627   89.6611   0.5132502898196973
62.4553   90.9   0.4953774116772009
63.8749   90.9094   0.4844933952078164
64.5679   92.1478   0.4806170512996884
65.9875   92.156   0.4766270449733279
66.6811   93.3941   0.48844232003379795
68.1008   93.4012   0.49092479057387406
68.7949   94.639   0.5160578552836836
70.2147   94.6452   0.5234030378207534
70.9094   95.8827   0.5567052810958484
72.3294   95.8881   0.5666266936881814
73.0248   97.1255   0.6032402589350315
74.4449   97.13   0.6130810305334848
49.0738   84.5997   0.8096625716926741
49.7647   85.8417   0.7760414808500937
51.1839   85.8595   0.7487613037544092
51.8749   87.1011   0.7129325704440788
53.2941   87.1173   0.6873658341814785
53.9853   88.3583   0.6508396269435353
55.4046   88.3729   0.6273151520567604
56.096   89.6132   0.5925354419779537
57.5154   89.6261   0.5718645381556736
58.2069   90.8659   0.5427806923611044
59.6264   90.8773   0.5262484869336964
60.3182   92.1166   0.5076737535071162
61.7378   92.1264   0.4968956228424647
62.4299   93.3653   0.49279635753524004
63.8495   93.3739   0.48912237732493785
64.5422   94.6123   0.5008417015385244
65.9618   94.6198   0.5035555977248192
66.6551   95.8579   0.5287711603330901
68.0748   95.8643   0.5360266597847517
68.7687   97.1023   0.5697192554232229
70.1886   97.1077   0.5791314703933714
51.16   88.3286   0.7093409758360195
51.8504   89.5699   0.6691901747634993
53.2697   89.5855   0.6445673432621258
53.9603   90.8262   0.6071805826934797
55.3796   90.8401   0.5858656330593321
56.0704   92.0802   0.5550858762389906
57.4898   92.0924   0.5384616792307514
58.1808   93.332   0.5187905743168343
59.6003   93.3427   0.5085464973824849
60.2917   94.5819   0.5040928287528009
61.7112   94.5911   0.5007912339488415
62.4031   95.8299   0.5127691975928379
63.8227   95.8379   0.5159900483536534
64.515   97.0764   0.541498707293011
65.9348   97.0831   0.5490395340956776
53.2433   92.0526   0.5989812267508834
53.9333   93.293   0.5660185862672805
55.3527   93.3063   0.5496015101871512
56.043   94.5462   0.5287834433867982
57.4624   94.5579   0.5189574259994761
58.153   95.7973   0.5141081111984158
59.5725   95.8074   0.5115943510243187
60.2636   97.0465   0.5237267035391613
61.6831   97.0552   0.5277561368662648
55.3239   95.7715   0.5277850793647018
56.0138   97.0113   0.5226655527199081
57.4332   97.0224   0.5210298647870396
34.774   19.0947   0.5095520091217389
35.466   20.3338   0.483317328470644
36.8858   20.3341   0.45717965834013424
37.5775   21.5735   0.4330360839468227
38.9973   21.5746   0.4087771520033881
39.6887   22.8142   0.387778635306277
41.1085   22.8163   0.36607843421867825
41.7997   24.0563   0.3490762810618914
43.2195   24.0596   0.33037077655264574
36.8489   22.7952   0.42009916686420673
37.5409   24.0346   0.39915039771995814
38.9607   24.0361   0.37604840114006827
44.277   0.71065   0.4661915112225884
45.6976   0.717331   0.42976717505644835
46.3969   1.9531   0.42396584402520077
40.0073   0.683866   0.561560288709947
41.4281   0.689044   0.5285431324698119
42.1276   1.92481   0.5241077466513941
43.5482   1.93024   0.48767280270689795
44.247   3.16636   0.48031065790798405
45.6674   3.17225   0.44279351722896854
46.3652   4.40881   0.4342380256264993
47.7855   4.41541   0.39864694856476535
48.4823   5.65254   0.3907799622549767
35.7383   0.660077   0.6347527572716803
37.1592   0.664311   0.6110515764164259
37.8587   1.90023   0.6114681667102544
39.2794   1.90442   0.5821587605627868
39.9783   3.14058   0.577348336448628
41.399   3.14491   0.5436964778256332
42.0971   4.38137   0.5349751863404487
43.5176   4.386   0.49845394932731946
44.2149   5.62286   0.48738695468795823
45.6352   5.62803   0.450284929350295
46.3315   6.86541   0.4387195925645443
47.7517   6.87138   0.40362493840197783
48.4469   8.10934   0.39335685185337704
49.867   8.11642   0.3630567922515685
50.5611   9.35508   0.35530719722516346
31.4705   0.638138   0.6767930067317486
32.8914   0.641896   0.6640027640183428
33.5906   1.87808   0.6715077945191719
35.0114   1.88159   0.6523507928254558
35.7102   3.11793   0.6530465267498177
37.131   3.12128   0.6281274043536081
37.8292   4.35783   0.6228259828395089
39.2499   4.36117   0.593017186597486
39.9474   5.59799   0.5830316886756671
41.3679   5.60151   0.5495268896969456
42.0647   6.83868   0.536371816560117
43.485   6.84258   0.5007295458628319
44.1808   8.0802   0.485919315936295
45.6009   8.08473   0.4502546612751502
46.2957   9.32289   0.43576595782598293
47.7158   9.32829   0.4024243666827375
48.4095   10.5671   0.3899360588609393
49.8295   10.5737   0.36125001038062543
50.5221   11.8132   0.3518219009669538
51.9421   11.8214   0.3293463374625592
52.6335   13.0616   0.3228965933545894
27.2048   0.617363   0.6882463314279265
28.6256   0.62088   0.6854253593907935
29.3241   1.85741   0.7010087081484802
30.7448   1.86056   0.6920921687896779
31.4432   3.09718   0.6999649711949875
32.864   3.10003   0.685039489737634
33.562   4.33678   0.6856864834601876
34.9827   4.33941   0.6650790690587094
35.6803   5.57634   0.6592600849437196
37.1009   5.57886   0.6335916256548872
37.7979   6.81601   0.6224540223984418
39.2183   6.81857   0.5926739323607877
39.9145   8.05603   0.5774660371831386
41.3348   8.05883   0.5448163308859236
42.03   9.29669   0.5271598487176357
43.4503   9.29995   0.4932595766936504
44.1445   10.5383   0.47502911489718136
45.5646   10.5423   0.44176361325939667
46.2579   11.7812   0.4249104140874857
47.6779   11.7861   0.394289373430224
48.3702   13.0256   0.3801309642741527
49.7902   13.032   0.3542199740274408
50.4814   14.2721   0.3434368792078119
51.9013   14.2801   0.322911721682568
52.5915   15.521   0.31559957224305996
54.0115   15.5309   0.30071158940087434
54.7008   16.7725   0.29604938777170353
24.3622   0.600642   0.6799976281730696
25.0598   1.83752   0.703816575891759
26.4803   1.84059   0.7032000017775879
27.178   3.07753   0.719285564223278
28.5986   3.08018   0.7132245355426299
29.2962   4.31722   0.7213623112555856
30.7169   4.31949   0.7097393310927601
31.4142   5.55663   0.7101862809150852
32.8348   5.55863   0.6932652941695544
33.5317   6.79593   0.686789940884402
34.9522   6.79775   0.6649040655613387
35.6485   8.03523   0.6525824468984722
37.0689   8.03698   0.6265658164949623
37.7645   9.27472   0.6096524974114337
39.1848   9.27657   0.5803299982768438
39.8795   10.5146   0.5603327582785078
41.2997   10.5169   0.529186847909131
41.9935   11.7553   0.5079173653262897
43.4136   11.7581   0.4763001259710117
44.1065   12.997   0.45560537749240715
45.5265   13.0006   0.42534473077728313
46.2185   14.2401   0.4069347122082349
47.6384   14.2448   0.3796660901371072
48.3295   15.4849   0.36474414320177967
49.7494   15.4911   0.34185486686604244
50.4395   16.7319   0.33059922867423647
51.8595   16.7398   0.3128307369808793
52.5488   17.9812   0.30502539238562054
53.9687   17.9911   0.29201912608594705
54.6573   19.233   0.287042470725154
56.0772   19.2451   0.2783470136358573
56.7652   20.4874   0.27529900108791006
26.4527   4.30057   0.7291267492007136
27.1495   5.53799   0.7373357210931805
28.57   5.53982   0.7279443728747406
29.2666   6.77732   0.728182759271325
30.6871   6.77878   0.7138327187794059
31.3832   8.01641   0.7067983871656744
32.8037   8.01762   0.6878283091731535
33.4993   9.2554   0.6745827173149321
34.9197   9.25649   0.6516693186732041
35.6146   10.4945   0.6332885124491072
37.0349   10.4956   0.6071270130705758
37.7291   11.7338   0.5852576014030058
39.1493   11.7351   0.5568231137443895
39.8427   12.9737   0.533239242741941
41.2627   12.9755   0.5038376425000449
41.9553   14.2145   0.48023621271203804
43.3753   14.2169   0.45130230444792
44.0671   15.4564   0.42949352730862234
45.487   15.4598   0.40249633538704493
46.178   16.6998   0.3837981370460238
47.5978   16.7044   0.36007489498713924
48.288   17.945   0.34524943157085425
49.7079   17.9512   0.3257107459080832
50.3974   19.1923   0.3148222355552382
51.8173   19.2004   0.29982069641704073
52.5061   20.442   0.2922477202648471
53.926   20.4521   0.2815125752075735
54.6143   21.6942   0.2766591585326576
56.0341   21.7064   0.26946320713596716
56.7221   22.9489   0.2668473908435294
58.1419   22.9633   0.2628930010479556
58.8296   24.2061   0.26176737764664215
28.5395   7.99966   0.7291349411460141
29.2349   9.2376   0.7217002782318992
30.6553   9.2383   0.7044654399613945
31.3502   10.4764   0.6905459941234909
32.7706   10.4769   0.6695838782408072
33.4649   11.7151   0.6503494214651065
34.8852   11.7155   0.6263280769692501
35.5789   12.954   0.6032807140958489
36.999   12.9546   0.5770272610544487
37.6921   14.1932   0.5517396849964661
39.1121   14.1942   0.5243675523904954
39.8044   15.4332   0.4987659370887302
41.2244   15.4347   0.4713630235816114
41.916   16.6741   0.44705116038323517
43.3359   16.6764   0.4208801016916817
44.0269   17.9163   0.39938213530401934
45.4468   17.9197   0.37576335638271285
46.1371   19.16   0.3579944552643238
47.5569   19.1648   0.33767216349589796
48.2467   20.4057   0.324210209586311
49.6665   20.4121   0.3077644066489798
50.3557   21.6535   0.2980506500580069
51.7756   21.6618   0.2857275100510935
52.4643   22.9036   0.279167154228432
53.8841   22.9139   0.27031368814767487
54.5724   24.1561   0.2663047502392675
55.9922   24.1686   0.260699769850298
30.6216   11.698   0.6832090236523525
31.3154   12.9364   0.6635155235561563
32.7356   12.9363   0.6404839810643187
33.4289   14.1749   0.616786008271912
34.8489   14.1749   0.5916334084549301
35.5417   15.4136   0.5655831503855112
36.9617   15.4139   0.5393199236074994
37.6539   16.6529   0.5126002438547971
39.0738   16.6537   0.48621177484713135
39.7655   17.893   0.4605397919832763
41.1853   17.8945   0.43505675491825185
41.8765   19.1342   0.41188330871740964
43.2963   19.1366   0.3883062451210389
43.9869   20.3768   0.36877310097131344
45.4067   20.3804   0.3480779941334983
46.0968   21.621   0.3326169568738172
47.5166   21.6261   0.3154071178651492
48.2063   22.8672   0.30407711193051157
49.6261   22.874   0.2904645245120313
50.3154   24.1154   0.2826750254267256
51.7351   24.1241   0.272406405945236
32.6991   15.396   0.6037465113770849
33.3917   16.6348   0.5776071069507377
34.8116   16.6346   0.5514241742977908
35.5038   17.8736   0.5243505792883226
36.9237   17.8737   0.4980773735073664
37.6154   19.113   0.47181482596459434
39.0353   19.1138   0.446427328912556
39.7266   20.3533   0.4224353915097544
41.1464   20.355   0.3988168251215065
41.8374   21.5949   0.3782509352268652
43.2572   21.5977   0.35720866450857486
43.9478   22.838   0.3406789837955972
45.3676   22.842   0.32263626578548277
46.0579   24.0828   0.3104563093254808
47.4776   24.0883   0.29577662179421804
43.9104   25.3   0.31764428217740764
45.3302   25.3046   0.3020752389720137
46.0208   26.5454   0.2932124656285951
47.4406   26.5515   0.280767679763898
48.1308   27.7927   0.2750046181430437
49.5505   27.8006   0.2653119296224713
50.2403   29.0422   0.261983472761166
51.66   29.0518   0.25477231011237783
52.3495   30.2938   0.2530632529625744
53.7692   30.3052   0.2480953647289669
54.4583   31.5475   0.2474515508134872
55.878   31.5609   0.24453320837873907
56.5669   32.8035   0.24481356171584998
57.9865   32.8188   0.243831171100007
58.6752   34.0616   0.24452715595614258
60.0949   34.0788   0.2457672476144899
60.7834   35.3218   0.24684160913428038
62.203   35.3408   0.2501318652231304
62.8914   36.5841   0.2517663202257209
64.3109   36.6046   0.2570856861048448
64.9993   37.848   0.25894256119842907
66.4188   37.8699   0.2666693458198789
67.1073   39.1132   0.26863635271496494
39.6525   25.2758   0.3590337449321457
41.0723   25.2785   0.3391824730141574
41.7639   26.5185   0.3262497969348016
43.1837   26.5224   0.3097726585739947
43.8751   27.7628   0.30079551193460297
45.2949   27.7681   0.28734127792574354
45.9859   29.0089   0.281639911944312
47.4056   29.0157   0.27092011737779625
48.0962   30.257   0.2676159374925208
49.5159   30.2654   0.25931824077762283
50.2061   31.507   0.25757983228506326
51.6258   31.5172   0.2513651328247414
52.3156   32.7591   0.2507698546476432
53.7353   32.7711   0.24649150086767396
54.4248   34.0134   0.24661236789747318
55.8444   34.0271   0.24412670890338908
56.5336   35.2697   0.24466961396953124
57.9533   35.2853   0.243992561362023
58.6423   36.5281   0.24487184403275394
60.0618   36.5455   0.24603261978851015
60.7507   37.7886   0.24718076381466708
62.1702   37.8077   0.2503939695759455
62.859   39.051   0.2518674452961323
64.2784   39.0716   0.25692275103618384
64.9673   40.3149   0.25871522954785736
66.3866   40.3367   0.2655688611264512
67.0758   41.5799   0.2674814573012526
68.4951   41.6026   0.276128484586437
69.1849   42.8455   0.27804713629167166
38.9259   26.4985   0.35024655601447363
39.6183   27.7381   0.33725567452602023
41.0382   27.7415   0.3195283086050436
41.7303   28.9815   0.3104882606476445
43.1501   28.9862   0.29597994864517435
43.8419   30.2266   0.29032411198520996
45.2617   30.2326   0.2786203689610638
45.9531   31.4734   0.2753621796834125
47.3729   31.4809   0.26616720308858244
48.0638   32.7222   0.2646068215296036
49.4836   32.7312   0.2573052661723071
50.1741   33.9729   0.2569010899159487
51.5938   33.9835   0.2512717453276447
52.284   35.2255   0.2514282004867398
53.7036   35.2379   0.24760504841380662
54.3934   36.4802   0.2480605168099143
55.8131   36.4943   0.2458114928151235
56.5027   37.7369   0.24661836914552906
57.9222   37.7528   0.24606082581345542
58.6116   38.9957   0.24702977553323754
60.0311   39.0133   0.24839667872175683
60.7204   40.2564   0.24970468557878459
62.1398   40.2757   0.2528385057699859
62.829   41.5189   0.25471005084212844
64.2484   41.5395   0.25945519844473974
64.9378   42.7827   0.2619021573030589
66.3571   42.8044   0.26804941708572955
67.0469   44.0473   0.2709887267027916
68.4662   44.0697   0.2778355268859567
69.157   45.3122   0.28123507960422905
70.5763   45.3349   0.28843751489707325
71.2684   46.5765   0.29128964966163934
41.0061   30.2054   0.3068004237285251
41.6988   31.4453   0.3009902656233264
43.1187   31.4508   0.2884188620738951
43.8109   32.6912   0.2851665302941413
45.2307   32.698   0.2750028727122694
45.9225   33.9388   0.2735790196634253
47.3423   33.947   0.26541456252436607
48.0336   35.1882   0.26493516187928207
49.4533   35.198   0.2586329832020661
50.1442   36.4395   0.25868647046183046
51.5639   36.4508   0.25376912735791973
52.2544   37.6928   0.25432412390490766
53.6741   37.7057   0.25089746909843336
54.3643   38.9479   0.2514260527471225
55.7839   38.9625   0.2496432254238063
56.4739   40.205   0.2503868007703264
57.8934   40.2213   0.2501956234629238
58.5832   41.4641   0.25149049683835345
60.0026   41.482   0.2530616328090837
60.6924   42.725   0.25507881135053506
62.1117   42.7445   0.25859920726870417
62.8014   43.9876   0.261777672844725
64.2207   44.0082   0.26650317071284746
64.9108   45.2512   0.2711998156341548
66.33   45.2727   0.2765575166217673
67.0209   46.5152   0.28228917797181236
68.4401   46.5372   0.28747495543090695
69.1321   47.7791   0.29391488563868107
70.5513   47.8013   0.2979782206806347
71.2447   49.0424   0.30441341954651363
72.664   49.0646   0.3072127927023873
43.0892   33.9162   0.28572633760295607
43.7819   35.1566   0.28425449864513636
45.2017   35.1641   0.27533679376356557
45.8939   36.4049   0.27492495339637996
47.3136   36.4139   0.26773260914576696
48.0053   37.6551   0.26795930661202755
49.4251   37.6655   0.2622645610828873
50.1164   38.907   0.26262537958087445
51.536   38.9189   0.25830613620276377
52.227   40.1608   0.25885721933142714
53.6466   40.1742   0.2558570694743444
54.3373   41.4164   0.2566470923271899
55.7568   41.4314   0.2552210610431598
56.4473   42.6739   0.2564120706987118
57.8667   42.6906   0.2569565332891988
58.557   43.9333   0.259095291350501
59.9764   43.9515   0.26146292280168953
60.6666   45.1944   0.2653758843602828
62.0858   45.214   0.2694891092419105
62.7762   46.4569   0.2755734747757811
64.1954   46.4775   0.2807456143913942
64.8863   47.7201   0.28895567134078176
66.3055   47.7413   0.29401248272820324
66.9974   48.9834   0.30418542042642893
68.4166   49.0049   0.30789595645282397
45.1746   37.631   0.2785227818330127
45.8671   38.8718   0.2787072478426073
47.2869   38.8815   0.2723476638416461
47.979   40.1226   0.2726644457937282
49.3987   40.1337   0.2677017370134159
50.0905   41.3752   0.2681948545367703
51.5101   41.3876   0.26433450399068514
52.2015   42.6295   0.2651098828787833
53.6211   42.6434   0.26277094588252964
54.3123   43.8856   0.2639942613012637
55.7318   43.9011   0.26356627250086667
56.4227   45.1435   0.26582539382083287
57.8421   45.1605   0.2673277576309609
58.5329   46.4032   0.2717251000551845
59.9521   46.4216   0.27531111492273624
60.6429   47.6644   0.28235458204179853
62.0621   47.684   0.2877990618469727
62.7532   48.9266   0.2978996811008711
64.1724   48.947   0.3039537300313959
47.2619   41.3496   0.2783025152599245
47.9545   42.5907   0.27883174137820077
49.3742   42.6025   0.27458348457254306
50.0664   43.8439   0.2751596263989338
51.4861   43.857   0.27233461036012513
52.178   45.0987   0.2734447841886902
53.5975   45.1132   0.2721516305297474
54.2892   46.3553   0.274681797722385
55.7086   46.3713   0.2754923229420336
56.4   47.6136   0.27994817377507547
57.8193   47.631   0.2832125350333225
58.5106   48.8735   0.29074144871345486
59.9298   48.8922   0.29628815366126693
49.3514   45.0717   0.2830898090712543
50.0442   46.313   0.28442550870131167
51.4638   46.3267   0.28262275209189863
52.1562   47.5683   0.28516763490970987
53.5757   47.5835   0.2854768992405532
54.2678   48.8254   0.29006911245425715
55.6871   48.8419   0.2928029542200703
51.4431   48.7968   0.29701346770811604
56.6803   25.4111   0.25852630427095735
58.1   25.4257   0.25579566063559495
58.7879   26.6685   0.2551393736764299
60.2077   26.6851   0.2549594085339864
60.8954   27.9281   0.2556091352045162
52.424   25.366   0.2674499953262295
53.8437   25.3767   0.2603102379853693
54.5323   26.6189   0.25743202986419556
55.952   26.6317   0.25300855716753706
56.6403   27.8742   0.2517162887061546
58.06   27.889   0.24980220175170637
58.7481   29.1318   0.2496834395789985
60.1678   29.1486   0.25026258210128155
60.8558   30.3916   0.25116890731139874
62.2755   30.4103   0.2541070837265258
62.9633   31.6535   0.2559699591749015
48.1675   25.3295   0.2873217708423739
49.5873   25.3368   0.27591447950406706
50.2768   26.5783   0.27029622638875406
51.6965   26.5875   0.26186633995227443
52.3856   27.8294   0.2585726590341663
53.8054   27.8404   0.2526664797712577
54.4942   29.0827   0.25106829748098336
55.9139   29.0957   0.24747367536770432
56.6025   30.3383   0.24702852062059516
58.0221   30.3533   0.2456653414708727
58.7105   31.5961   0.2461361208762345
60.1302   31.6131   0.24707683015612764
60.8184   32.8561   0.2482370238300413
62.2381   32.875   0.2515210527967789
62.9262   34.1182   0.25317284609530855
64.3458   34.1387   0.2587502463766949
65.0338   35.3821   0.26105382586738685
73.359   50.3046   0.31245212433266895
69.1097   50.2462   0.31887530478229215
70.529   50.2679   0.3202069018619046
71.2237   51.5083   0.33080934085965336
72.6431   51.5298   0.3291498898678278
73.3394   52.7692   0.3384421516300839
74.7589   52.7905   0.3342455534483593
75.4568   54.0289   0.3415023865216759
64.8642   50.1892   0.3170039431931372
66.2833   50.2101   0.32232092702770593
66.9762   51.4517   0.3372384023209702
68.3955   51.4727   0.34013592871086346
69.0897   52.7134   0.35546186855976425
70.5091   52.7344   0.35459333045053165
71.2049   53.9741   0.368900040661421
72.6244   53.9949   0.3637949147528076
73.3219   55.2338   0.3760341606822449
74.7415   55.2543   0.3670337995335046
75.4404   56.4922   0.376416750424311
76.8601   56.5126   0.36492538963464827
77.5605   57.7496   0.37148192419012765
60.6212   50.1347   0.307637058885958
62.0403   50.1543   0.31474718426063675
62.7322   51.3965   0.32963878715952544
64.1513   51.4168   0.3371622309808805
64.844   52.6585   0.3548214480552105
66.2632   52.679   0.3606696133582686
66.9571   53.92   0.3797406220040223
68.3764   53.9404   0.38203813945730375
69.0717   55.1806   0.40045811266598386
70.4912   55.2008   0.39811568670425296
71.1881   56.4401   0.41439311046396754
72.6077   56.4601   0.4067098228467024
73.306   57.6985   0.41983068015570385
74.7257   57.7182   0.407442278120476
75.4254   58.9558   0.4168747893552704
76.8452   58.9753   0.40128200806913567
77.5462   60.2121   0.4072281301678463
78.966   60.2314   0.39021945107848977
79.6682   61.4674   0.3933667627037103
56.379   50.0841   0.3005869092292612
57.7982   50.1019   0.3059148410914377
58.4901   51.3441   0.3176526562142949
59.9092   51.363   0.325446493298054
60.6012   52.6052   0.341341837459167
62.0204   52.6248   0.3505730309079683
62.713   53.8666   0.3698868340452252
64.1321   53.8865   0.378623995541746
64.8257   55.1278   0.40013095356395395
66.2449   55.1478   0.40649189413812364
66.9398   56.3883   0.42788553375874033
68.3592   56.4081   0.42996682430159416
69.0554   57.6478   0.44934674806879427
70.475   57.6673   0.44580840054893056
71.1726   58.9062   0.46172790688889315
72.5923   58.9253   0.4522183985642363
73.2914   60.1634   0.4638606363984769
74.7112   60.1823   0.4492867013389117
75.4114   61.4196   0.4565474126528418
76.8313   61.4382   0.4381771445431651
77.5327   62.6749   0.441631554579154
78.9526   62.6933   0.4217116313311806
79.655   63.9292   0.42184770948767836
81.075   63.9474   0.4026070665052994
81.7784   65.1827   0.4006218790830088
52.1359   50.0383   0.3018570688256261
53.5554   50.054   0.30394027373811766
54.2479   51.2958   0.31192364450294746
55.6672   51.3129   0.31682671920152244
56.3595   52.5549   0.3286206779860386
57.7787   52.573   0.3363456258077382
58.4711   53.815   0.3524972340316997
59.8901   53.8339   0.3623581791542699
60.5828   55.0758   0.38247629991935783
62.0019   55.0952   0.39335361953336456
62.6953   56.3367   0.4159760209435145
64.1145   56.3563   0.425937894533932
64.8089   57.5971   0.44916538156896885
66.2282   57.6165   0.4558263046380726
66.9238   58.8567   0.47762259159298187
68.3433   58.8757   0.47901044873781484
69.0403   60.1151   0.4972107199166128
70.46   60.1338   0.49257402489371865
71.1583   61.3724   0.5060573979303139
72.5781   61.3907   0.49509637445653104
73.2776   62.6286   0.5034192388059857
74.6975   62.6466   0.4871404212339628
75.3981   63.8837   0.49043263553723127
76.8181   63.9015   0.4706072460130612
77.5197   65.138   0.4696887267116397
78.9397   65.1555   0.44818690297687913
79.6421   66.3913   0.44405934288111343
81.0622   66.4086   0.42309121947873973
81.7655   67.6438   0.4169180495013388
83.1857   67.6607   0.3985058719768156
83.8897   68.8953   0.39162708026897625
53.5364   52.5249   0.3294252267207266
54.2293   53.7665   0.34128726902713413
55.6486   53.784   0.3482499389806131
56.3414   55.0258   0.3643636644892015
57.7605   55.0442   0.3740743642646443
58.4534   56.286   0.3940399599025513
59.8724   56.3049   0.4057118435540232
60.5657   57.5465   0.42869996501049673
61.9848   57.5657   0.4407892240062168
62.6789   58.8068   0.4650480512807284
64.0981   58.8259   0.47521485667011687
64.7932   60.0664   0.49845926613917074
66.2126   60.0852   0.5046764607151806
66.9089   61.325   0.5246128953809681
68.3285   61.3434   0.5251504260685688
69.0261   62.5825   0.5402211954375765
70.4459   62.6003   0.5341312385547177
71.1447   63.8387   0.5434584160724761
72.5645   63.8562   0.531225234716874
73.2644   65.0939   0.5346672984202445
74.6843   65.111   0.5171191158717681
75.3851   66.3481   0.5153539172258221
76.8051   66.3649   0.4944328872556904
77.5067   67.6013   0.4882089921334892
78.9268   67.6179   0.46597129739932386
79.6292   68.8537   0.45675790086215456
81.0493   68.87   0.43520041360274886
81.7525   70.1051   0.42445187006301693
83.1727   70.121   0.40566659956175377
83.8765   71.3555   0.39508228256909367
85.2969   71.3711   0.38119661593461407
86.0014   72.6049   0.3726873756917467
55.6312   56.2552   0.38697459864957723
56.3243   57.4969   0.40661222313156836
57.7434   57.5154   0.4177367831541747
58.4367   58.757   0.4404227628086445
59.8558   58.7759   0.45303781299136364
60.5496   60.0172   0.4774192078247364
61.9688   60.036   0.4896959975331676
62.6634   61.2769   0.5136294092047293
64.0827   61.2955   0.523398022541162
64.7784   62.5357   0.5445831616934202
66.1979   62.5538   0.54953139127806
66.8948   63.7934   0.5659675167357215
68.3145   63.811   0.5649165336578511
69.0125   65.0499   0.5751957666742697
70.4323   65.067   0.5676801388105815
71.1314   66.3052   0.5714370044020599
72.5513   66.3218   0.5576904607396449
73.2513   67.5594   0.555219506141486
74.6713   67.5756   0.536721724918971
75.372   68.8126   0.5288602272812779
76.7921   68.8285   0.5074550620498421
77.4936   70.0648   0.49541357470300046
78.9137   70.0804   0.47292902215871624
79.6159   71.3161   0.45840772244804234
81.0361   71.3314   0.43720495193901937
81.7389   72.5665   0.42210762845512634
83.1592   72.5814   0.4044232065547135
57.7272   59.9866   0.46514592334019456
58.4209   61.2281   0.48897976440748836
59.84   61.2467   0.5016476253307669
60.5343   62.4878   0.5254920836701547
61.9535   62.5063   0.5371433514435416
62.6486   63.7469   0.5589015476808011
64.068   63.7649   0.5671280895882329
64.7642   65.005   0.5845414014421867
66.1838   65.0224   0.5876811550492341
66.881   66.2618   0.5989446468581138
68.3008   66.2786   0.5957266067585043
68.9991   67.5173   0.6001038660098823
70.419   67.5336   0.5906003047747301
71.1181   68.7717   0.5878724096264392
72.5381   68.7875   0.5727364839086067
73.238   70.0249   0.5636221163155325
74.658   70.0403   0.5442821786536881
75.3586   71.2771   0.5300455263465658
76.7787   71.2921   0.5083162991681488
77.48   72.5283   0.49043756993118204
78.9001   72.5429   0.4684629547787076
59.8248   63.7176   0.5488126638480556
60.5194   64.9585   0.5704655817838665
61.9387   64.9765   0.5802994571770702
62.6343   66.2169   0.5981364476438444
64.0537   66.2343   0.6040494350630597
64.7502   67.4742   0.6161991317747839
66.1699   67.4909   0.616599270190941
66.8674   68.7301   0.6215717094591752
68.2872   68.7461   0.6158262173698021
68.9855   69.9847   0.6131764754130761
70.4055   70.0001   0.6014450348951275
71.1045   71.2381   0.591770293272653
72.5245   71.253   0.5750685611298884
73.2242   72.4904   0.5592887000467647
74.6443   72.5048   0.5391122610366107
61.9242   67.4465   0.6167473875096664
62.62   68.6868   0.6291207594730922
64.0396   68.7035   0.6319331135492086
64.7362   69.9433   0.6372756781801727
66.156   69.9592   0.6346092340960721
66.8535   71.1983   0.632130397940175
68.2734   71.2135   0.6235863853549066
68.9716   72.452   0.6135687818003734
70.3915   72.4665   0.5995320591928289
64.0253   71.1726   0.648791129717419
64.7219   72.4122   0.6466710833182528
66.1417   72.4273   0.6402500839515791
66.8391   73.6663   0.63020168993744
68.259   73.6807   0.6186098204846086
83.8627   73.8157   0.39109392733716725
85.2831   73.8302   0.3787627489603539
85.9873   75.0639   0.36987681733248096
87.4079   75.0779   0.36352093474791236
88.1128   76.311   0.3602440700414081
79.6019   73.7785   0.44915478401102865
81.0222   73.7928   0.42927654256900905
81.7246   75.0277   0.4113539595044639
83.1449   75.0415   0.3958775820882079
83.8481   76.2757   0.382547095139932
85.2686   76.289   0.3732724206260148
85.9724   77.5227   0.3672082379250152
87.3931   77.5355   0.36378172026643474
88.0975   78.7686   0.3653536505907748
89.5185   78.781   0.3656007795396614
90.2235   80.0137   0.37280274945337893
75.3446   73.7415   0.5186697118591007
76.7647   73.7555   0.49700293761707226
77.4656   74.9916   0.474360211231928
78.8857   75.0052   0.4533856857025803
79.5872   76.2406   0.4314745647196293
81.0074   76.2538   0.41398408181958396
81.7094   77.4886   0.39656757305660234
83.1298   77.5012   0.3847103975719894
83.8325   78.7354   0.3756997338300814
85.2531   78.7475   0.3704878540519233
85.9564   79.9811   0.3712895096821253
87.3772   79.9928   0.3711831084518871
88.0811   81.226   0.38023576896447436
89.5021   81.2372   0.38162543154249917
90.2066   82.4701   0.39539276675225127
91.6278   82.4809   0.3947440943193407
92.3327   83.7136   0.4092953579018445
71.0903   73.7044   0.582687600691834
72.5104   73.7184   0.5646058625271333
73.2098   74.9556   0.542360737885776
74.6299   74.969   0.521704648244576
75.3297   76.2056   0.4964181402809533
76.7499   76.2186   0.4754727436983026
77.4502   77.4546   0.450297235168066
78.8704   77.4671   0.43168546419819026
79.5713   78.7024   0.4108604385919871
80.9916   78.7144   0.3971914022231591
81.6932   79.949   0.3853472330249714
83.1136   79.9605   0.37853554654747495
83.8158   81.1946   0.37834410263674034
85.2364   81.2055   0.37774004288663293
85.9392   82.4392   0.3883901260330937
87.3601   82.4497   0.3908018807528994
88.0635   83.6831   0.40831361721108445
89.4846   83.6931   0.4096255485196229
90.1885   84.9263   0.429114005830614
91.6098   84.936   0.4263591443841749
92.3139   86.1691   0.4442066636150382
93.7353   86.1784   0.4353913297253388
94.4396   87.4115   0.4496250104253546
68.9569   74.919   0.601064605512583
70.3769   74.9327   0.5849223025325707
71.0754   76.1704   0.5615877580574605
72.4954   76.1834   0.5422474250745746
73.1943   77.4205   0.51516167365207
74.6144   77.4329   0.494699312714299
75.3138   78.6694   0.46734353531421996
76.7339   78.6813   0.4481361065569245
77.4337   79.9171   0.4248625542454971
78.8539   79.9285   0.4099756334222828
79.5543   81.1636   0.3958020717479884
80.9747   81.1744   0.3877203760443917
81.6757   82.4091   0.38667589787830714
83.0962   82.4193   0.38542488243496775
83.7978   83.6535   0.39727787504465534
85.2186   83.6633   0.40058904128795786
85.9209   84.8971   0.42115899610479124
87.3418   84.9064   0.42467805453073054
88.0447   86.1401   0.44872967363436106
89.4658   86.149   0.44876520587051466
90.169   87.3826   0.4718018757910965
91.5903   87.3912   0.46602469891626963
92.2937   88.6247   0.48515203802519413
93.715   88.633   0.4725009841259573
94.4186   89.8665   0.48663153412001586
95.8398   89.8746   0.46721079824849265
96.5432   91.1082   0.4761381837240145
66.1269   74.8952   0.6335070165357304
66.8239   76.134   0.6157171103680625
68.2438   76.1475   0.6010817332110514
68.9414   77.3857   0.5771353047596425
70.3614   77.3984   0.5590502660763196
71.0593   78.6359   0.5308808246678363
72.4794   78.648   0.5112364032421786
73.1777   79.8849   0.4824056177118983
74.5978   79.8963   0.463252900692479
75.2965   81.1326   0.4383308567737264
76.7167   81.1434   0.42274673268992247
77.4159   82.3791   0.4070445307334221
78.8362   82.3893   0.3979034556271244
79.536   83.6245   0.39605498355656943
80.9564   83.6341   0.3942437570843694
81.6569   84.8688   0.40685808336566864
83.0775   84.8779   0.4106638284533969
83.7787   86.1122   0.4337036430559516
85.1995   86.1208   0.43916854395550853
85.9012   87.355   0.4669410669452878
87.3222   87.3631   0.46995609369386293
88.0244   88.5972   0.4974568322980378
89.4456   88.605   0.4952763067218163
90.1481   89.839   0.5189743538942951
91.5694   89.8465   0.509980519235786
92.2721   91.0806   0.528364542716484
93.6933   91.0878   0.512007392524749
94.3959   92.3219   0.5244562326829533
95.8171   92.3289   0.5013776421022448
96.5195   93.5632   0.5083157384933058
97.9405   93.5702   0.47953604661172655
98.6425   94.8046   0.48162194717433154
68.2276   78.6139   0.5731909803896104
68.9246   79.8519   0.544699412520335
70.3446   79.8636   0.5254165680676657
71.042   81.101   0.4960893669491369
72.462   81.112   0.47705267004807045
73.1597   82.3488   0.45123645686048586
74.5798   82.3592   0.4354237131806296
75.278   83.5954   0.41885678936840043
76.6981   83.605   0.4087685530957584
77.3969   84.8407   0.40647245909163454
78.8172   84.8497   0.4040393173937338
79.5165   86.085   0.4169784286986543
80.9369   86.0934   0.42099093814475597
81.637   87.3283   0.44574334543546673
83.0576   87.3363   0.452687044214865
83.7583   88.5709   0.48330782116576454
85.1791   88.5784   0.4890442924725776
85.8803   89.813   0.5200718700333626
87.3013   89.82   0.5214726359071893
88.0029   91.0546   0.5491090237830701
89.424   91.0613   0.5440739379900557
90.1259   92.2958   0.5661797859337613
91.547   92.3022   0.5539127729164566
92.2489   93.5369   0.5696785760409101
93.67   93.543   0.550217220741047
94.3717   94.7777   0.5597749815774187
95.7927   94.7838   0.5337957942884135
96.4941   96.0186   0.5376616873090384
97.915   96.0247   0.5063049180089007
98.6158   97.2598   0.5055035212538048
100.036   97.2661   0.47008467322387215
70.3265   82.3283   0.4901503952869917
71.0232   83.5656   0.46404849962045913
72.4432   83.5756   0.4479600205375461
73.1404   84.8123   0.4310792502545195
74.5605   84.8215   0.4205376915331204
75.2581   86.0577   0.41768605435182476
76.6783   86.0663   0.41484021020146616
77.3765   87.302   0.4276768639989741
78.7968   87.3099   0.431615812963342
79.4957   88.5453   0.45726255040184505
80.9162   88.5527   0.4652002901976795
81.6158   89.7879   0.49770176813026246
83.0364   89.7947   0.5056578784118797
83.7366   91.0298   0.5392513885007522
85.1575   91.0362   0.5439342331569134
85.8581   92.2712   0.5744794774402247
87.2791   92.2772   0.5735254571507684
87.98   93.5122   0.5985002756891667
89.4011   93.5179   0.5908046800762468
90.1021   94.753   0.6091967334121188
91.5232   94.7584   0.5942677342747128
92.2241   95.9936   0.6060452870867062
93.6451   95.9988   0.5841612191852531
94.3458   97.2341   0.5896297227921935
95.7667   97.2392   0.5616072827163091
72.4231   86.0386   0.43283213836313916
73.1197   87.2753   0.4297233877740385
74.5397   87.2835   0.4263169009082349
75.237   88.5198   0.43910230015338697
76.6571   88.5272   0.44267568263909657
77.355   89.7632   0.46867414052836104
78.7753   89.77   0.4769915198407621
79.4738   91.0057   0.5103552292276476
80.8943   91.012   0.5199225711584368
81.5934   92.2476   0.5551894631565019
83.0141   92.2534   0.5624752172318296
83.7138   93.4889   0.595136043270781
85.1347   93.4943   0.59776936187797
85.8347   94.7298   0.625074723533114
87.2556   94.7348   0.621562748240274
87.9558   95.9704   0.6421884925783047
89.3768   95.9751   0.6317964387364015
90.0769   97.2107   0.6452913992918199
91.4979   97.2151   0.6280296967500896
74.5178   89.7453   0.45428559299188886
75.2146   90.9817   0.4799401941909114
76.6348   90.9881   0.4883214003092672
77.3323   92.2243   0.5220481682756908
78.7526   92.2302   0.5323402389449823
79.4508   93.4662   0.5684867368725507
80.8713   93.4716   0.5776540314063422
81.57   94.7075   0.6116091317173066
82.9906   94.7124   0.6170463272721092
83.6898   95.9484   0.6460046284663962
85.1106   95.9528   0.6460328861598311
85.8099   97.1888   0.6682701923623396
87.2307   97.1929   0.6620082023661003
76.6113   93.4491   0.5438347910900914
77.3085   94.6856   0.5803698389819993
78.7288   94.6905   0.5903115956848575
79.4266   95.9269   0.6250863380365889
80.8471   95.9314   0.6323995651484909
81.5453   97.1678   0.6624062650669893
82.9659   97.1717   0.6650236161220172
78.7039   97.151   0.6450638030458631
65.6223   0.943411   0.6065261000360989
67.0429   0.967661   0.6419274531876623
67.7376   2.20628   0.6175713643782417
69.1582   2.23188   0.6478465207130407
69.8513   3.47123   0.6165604318312986
61.3542   0.878933   0.4953959716438954
62.7747   0.899387   0.5323858759668605
63.4708   2.13723   0.5194453989593099
64.8913   2.15958   0.5533691470438189
65.5857   3.39829   0.5334299751607517
67.0062   3.42227   0.5633143652526589
67.6992   4.66175   0.5371409890336064
69.1197   4.68707   0.5623997613797481
69.8113   5.92716   0.5310570443935378
71.2318   5.95345   0.5512934336630576
71.9223   7.19396   0.5159318099322824
57.0854   0.824157   0.3919815126711992
58.5057   0.840338   0.42164742771182656
59.203   2.07741   0.4186331956498463
60.6234   2.09551   0.4499157420006539
61.3192   3.33347   0.4411644442835364
62.7396   3.35357   0.47133086043670275
63.4338   4.59241   0.4564409736209048
64.8543   4.61442   0.48405682352384743
65.547   5.85407   0.4635501635206289
66.9674   5.8777   0.4875906140400967
67.6588   7.11804   0.46249019622042065
69.0792   7.14294   0.48259127727301393
69.7695   8.38374   0.45418351147966524
71.1899   8.4096   0.469959115243011
71.8793   9.65068   0.43968235852715576
73.2998   9.67722   0.4513270877091238
73.9885   10.9185   0.42143840593852105
52.8162   0.778939   0.3392664445535414
54.2364   0.791078   0.34449421380336887
54.9346   2.02751   0.3459040930662737
56.3549   2.04129   0.36141833503573007
57.0518   3.27853   0.36078602467390414
58.4721   3.29425   0.3822217394392901
59.1676   4.53234   0.37755167911161386
60.5879   4.55006   0.4009605004236712
61.282   5.78905   0.39140703877165944
62.7023   5.80879   0.4142472533403231
63.3948   7.04864   0.3998232154340209
64.8152   7.07027   0.4207719383466515
65.5062   8.31085   0.40219755954008957
66.9266   8.33406   0.4204369713762084
67.6166   9.57516   0.39911028062429443
69.0369   9.59957   0.4141460038440611
69.726   10.841   0.3913352910229271
71.1464   10.8663   0.40308543759357357
71.8348   12.108   0.3808093486247414
73.2552   12.134   0.38973757837807166
73.9428   13.376   0.3702733179693084
75.3631   13.4027   0.37776030760258866
76.0501   14.6449   0.36432865657260366
48.5467   0.741731   0.37467431747585617
49.967   0.750669   0.3498219445146353
50.6659   1.98666   0.3476117523905107
52.0861   1.99678   0.3332534154363639
52.7839   3.23343   0.3327656015876674
54.2041   3.245   0.33005488573871855
54.9006   4.48241   0.32996739232839173
56.3208   4.49572   0.33686475861983384
57.016   5.73396   0.3352480073020547
58.4363   5.74926   0.3481467542574543
59.1301   6.98838   0.34335131294346133
60.5503   7.00577   0.3586841185500114
61.2426   8.24576   0.35010734425315937
62.6629   8.26517   0.3656909652972044
63.3538   9.50595   0.3537047357613426
64.774   9.52719   0.36813820556959476
65.4637   10.7686   0.3536869943891053
66.884   10.7913   0.36642610441943263
67.5728   12.0331   0.35075234853097925
68.9931   12.057   0.36138934682693613
69.6812   13.299   0.3461450996330945
71.1015   13.3238   0.3548359057367219
71.789   14.5661   0.34191743155329746
73.2092   14.5916   0.34949268948004675
73.896   15.8341   0.3412003223914103
75.3161   15.8605   0.34940343444219424
76.0023   17.1033   0.3484485184356556
77.4224   17.1305   0.3595841765150369
78.108   18.3735   0.36769336409568515
47.8172   1.96041   0.38948321414407405
48.5156   3.19667   0.3838528834071701
49.9358   3.20493   0.35526340931764766
50.6331   4.44181   0.3512681773232497
52.0532   4.45134   0.3317683896937742
52.7494   5.68892   0.3297671968222464
54.1695   5.69999   0.32041485936204706
54.8644   6.93837   0.31930975885494434
56.2846   6.95127   0.3187045208339526
56.9781   8.19051   0.31677356960453523
58.3983   8.20544   0.321908211141001
59.0904   9.44556   0.31789633672000855
60.5106   9.46262   0.3259572738872347
61.2013   10.7035   0.3194298827598963
62.6215   10.7226   0.3285683186188191
63.311   11.9642   0.3201044985625772
64.7312   11.9851   0.3290457111101711
65.4198   13.2271   0.3196476497645487
66.8399   13.2494   0.32779604939656826
67.5278   14.4918   0.31863861975598756
68.948   14.5152   0.3260922262182806
69.6353   15.7578   0.31861155032421584
71.0555   15.7821   0.32557407759217394
71.7422   17.0249   0.32155260844844474
73.1623   17.05   0.32919096281642424
73.8485   18.2931   0.33044660688226224
75.2685   18.3191   0.3406949368570089
75.9542   19.5624   0.3488446072393844
77.3741   19.5894   0.3635939905994057
78.0596   20.8327   0.37965612071979066
79.4794   20.8604   0.400383341311796
80.1651   22.1036   0.4244961601710863
49.9024   5.66017   0.3603718224278903
50.5982   6.89795   0.3546372935831737
52.0183   6.90693   0.3321388596656528
52.7128   8.14546   0.3286053566209772
54.1329   8.15609   0.31484519942346495
54.8261   9.39544   0.312759474516761
56.2462   9.40798   0.3065871654195622
56.9381   10.6482   0.3046265254372971
58.3583   10.6628   0.303854932492466
59.0488   11.9038   0.3008275419571834
60.4689   11.9206   0.30323406800687636
61.1583   13.1623   0.2991948027623459
62.5784   13.1811   0.3032830196367752
63.2668   14.4233   0.29849906197507753
64.687   14.4438   0.30341227727302134
65.3747   15.6864   0.2987617110675346
66.7948   15.7083   0.30397475224103615
67.482   16.9511   0.30058828985840147
68.902   16.9742   0.30625414282912383
69.5887   18.2172   0.3052141707064049
71.0088   18.2412   0.3119959935640167
71.695   19.4845   0.31461934142705855
73.115   19.5094   0.32366621695814707
73.8009   20.7528   0.3313237238713786
75.2208   20.7787   0.34432173907553315
75.9065   22.0222   0.3579194462445442
77.3262   22.049   0.3763876326342295
78.012   23.2924   0.39640369574463163
79.4317   23.3199   0.4214560119395641
80.1179   24.5629   0.4480679524357909
81.5375   24.5906   0.4802220840402877
51.9812   9.36362   0.33197745781905086
52.6741   10.603   0.3269380369427837
54.0942   10.6133   0.31110683052610577
54.7858   11.8536   0.3080177916939216
56.2059   11.8659   0.2988050033048275
56.8963   13.1069   0.29654247587824006
58.3164   13.1213   0.29213057012233695
59.0056   14.363   0.2899694466663706
60.4257   14.3796   0.2889035479186785
61.114   15.6218   0.28659473128443846
62.5341   15.6404   0.28780383944624666
63.2218   16.883   0.28584712697524384
64.6418   16.9033   0.2884511917118755
65.329   18.1462   0.2874795644911144
66.749   18.1679   0.29141326325340217
67.4358   19.4111   0.2920906366181597
68.8557   19.4339   0.2975363171110354
69.5422   20.6772   0.3007157295520111
70.9621   20.7011   0.30845195736127273
71.6482   21.9446   0.31517926645006594
73.0681   21.9695   0.3263852478283881
73.754   23.2131   0.33739588023566863
75.1738   23.2389   0.353395797937664
75.8597   24.4825   0.3695064546120966
77.2794   24.5092   0.3915073434815759
54.0535   13.0716   0.30680979449815404
54.7438   14.3126   0.30290500160941497
56.1638   14.3247   0.2924878971855073
56.8531   15.5664   0.29001468928314333
58.2731   15.5807   0.28408936974128174
58.9614   16.8229   0.28233032072378983
60.3814   16.8393   0.27962955852341803
61.0691   18.0819   0.2786405031577446
62.4891   18.1003   0.27847235051258046
63.1764   19.3433   0.2784427768860252
64.5963   19.3634   0.28036299684515653
65.2833   20.6066   0.281645539641585
66.7032   20.6282   0.2855768548044484
67.3898   21.8715   0.28859296595724354
68.8098   21.8944   0.29499377959543716
69.4961   23.1378   0.3003492134166474
70.916   23.1618   0.309889560972939
71.6022   24.4054   0.31850416009841825
73.022   24.4303   0.33197880956470843
56.1207   16.7845   0.28607483286720536
56.8091   18.0266   0.2831666823621719
58.2291   18.0408   0.2772029040251927
58.9169   19.2834   0.27575275157285084
60.3368   19.2997   0.27285389863441234
61.0242   20.5426   0.2725165316086328
62.4442   20.5609   0.27245267478958934
63.1313   21.804   0.2732902120457317
64.5512   21.8242   0.2756579220700887
65.2381   23.0674   0.27799075524196615
66.6579   23.0891   0.2828015028248594
67.3446   24.3325   0.2868930114171445
68.7645   24.3554   0.29465252417041865
58.1851   20.5017   0.2702737871122537
58.8727   21.7444   0.26882682157850324
60.2926   21.7608   0.266734062316758
60.98   23.0038   0.2667967578513621
62.3998   23.0222   0.2673579809917762
63.087   24.2653   0.26863789754984463
64.5068   24.2855   0.27193008292573534
60.2494   24.2226   0.26073697474658336
68.5267   39.1361   0.27861695928280766
69.2157   40.3793   0.28081317632903524
70.635   40.4028   0.2932632435202196
71.3247   41.6455   0.295123245441632
72.744   41.6693   0.31067674518701655
73.4349   42.9113   0.3120361677754652
74.8542   42.9353   0.33148962276366667
75.5464   44.1764   0.33219419019603424
76.9657   44.2003   0.3563112543830182
77.6597   45.4405   0.3560910557708494
79.079   45.4643   0.3857119909984634
79.7748   46.7034   0.38413945384456594
81.1942   46.7271   0.41909694582518486
81.8919   47.9651   0.41583983695648674
83.3113   47.9888   0.4553715955129384
84.0109   49.2257   0.4496175374693484
70.6042   42.8686   0.28813993128340043
71.295   44.1109   0.2897655086444925
72.7143   44.1342   0.3018015407515328
73.4065   45.3757   0.30255844063585746
74.8258   45.399   0.31734364654109953
75.5196   46.6395   0.3169796523438021
76.9389   46.6628   0.33549566316124
77.6345   47.9022   0.33376436298682705
79.0539   47.9254   0.35698834714875727
79.7513   49.1637   0.35356047573223065
81.1707   49.1868   0.38186137537069703
72.6877   46.5994   0.2991354375529597
73.3813   47.8401   0.30111266994266517
74.8006   47.8629   0.309903646316078
75.4959   49.1026   0.3106292645582524
76.9153   49.1252   0.3216097946269679
82.2244   25.8331   0.5131967069263044
77.9657   25.7525   0.4130432664988014
79.3853   25.7796   0.4418720855632324
80.0722   27.0225   0.4688456142484423
81.4917   27.0498   0.5051108195237949
82.1794   28.2921   0.5373936545959586
83.5988   28.3191   0.5808205058363547
84.2872   29.5609   0.6176059099458153
73.7082   25.6739   0.34445590428965056
75.1279   25.6997   0.36322429709478266
75.8143   26.9431   0.3799426667274963
77.2339   26.9696   0.40511061452398445
77.9208   28.2127   0.4264531510025436
79.3403   28.2396   0.458629098509895
80.0278   29.4822   0.4846458913474831
81.4473   29.5091   0.5242235591806209
82.1356   30.7512   0.5544134377880826
83.5549   30.7778   0.6010270626186465
84.244   32.0194   0.6343301506313553
85.6633   32.0456   0.6868685900519842
86.3533   33.2866   0.721432914414086
69.451   25.5989   0.3010083387549194
70.8708   25.623   0.31228515814876834
71.5573   26.8666   0.3216133392755962
72.977   26.8915   0.337222434010552
73.6636   28.1351   0.3498201537933492
75.0833   28.1608   0.37113083946230746
75.7702   29.4041   0.3873274325425464
77.1897   29.4303   0.4149759752082027
77.8772   30.6732   0.43516109660676494
79.2966   30.6997   0.46994486910700434
79.9848   31.9421   0.49376149100552685
81.4042   31.9685   0.5359186878622524
82.0931   33.2104   0.5627307437842733
83.5124   33.2366   0.6114601049945945
84.2023   34.4779   0.6401022887007953
85.6216   34.5038   0.6942018798591669
86.3127   35.7444   0.7226141293941039
87.7321   35.7701   0.7801557536799936
88.4247   37.01   0.8062413348371564
65.1939   25.5288   0.274739676785137
66.6137   25.5505   0.2806356356559094
67.3006   26.794   0.28528303489692597
68.7204   26.817   0.29437024306134857
69.4072   28.0605   0.300889763867103
70.8269   28.0847   0.313876998201521
71.5137   29.3282   0.322830001703681
72.9334   29.3532   0.3403946679958469
73.6204   30.5966   0.35223949239118385
75.04   30.6221   0.37528233371689856
75.7274   31.8652   0.39011240687781323
77.1469   31.8912   0.41984161299232964
77.835   33.1339   0.4377346456473334
79.2544   33.1599   0.4743701613719007
79.9432   34.4021   0.49497806011983986
81.3625   34.428   0.5386177308629917
82.0523   35.6696   0.5610622960064264
83.4716   35.6954   0.6111110046464526
84.1626   36.9363   0.6339890062138305
85.5819   36.9619   0.6886682365261213
86.2744   38.2019   0.7101526173999503
87.6939   38.2274   0.7675088012524692
88.3881   39.4666   0.7857109073953322
89.8078   39.4919   0.843279455459457
90.504   40.73   0.8561015418745588
60.9369   25.4656   0.2610108043740717
62.3567   25.4841   0.26256404932892047
63.044   26.7272   0.2641209950003959
64.4638   26.7475   0.26831967874161367
65.151   27.9908   0.2712256993723106
66.5708   28.0126   0.2783263192729037
67.258   29.2561   0.2828439322311842
68.6777   29.2792   0.2931044011952079
69.3648   30.5227   0.29934576997178386
70.7845   30.5469   0.3135673133475495
71.4717   31.7903   0.32164567461726973
72.8913   31.8152   0.3405434774004657
73.5788   33.0585   0.35088703310324715
74.9983   33.0838   0.3751609521258832
75.6863   34.3267   0.3878711255043395
77.1057   34.3523   0.4185679156361584
77.7944   35.5947   0.4334310325761187
79.2138   35.6203   0.4710505917627129
79.9035   36.8622   0.48753221432024246
81.3228   36.8877   0.5318319753456
82.0137   38.1288   0.549082662264982
83.433   38.1542   0.5991319220338713
84.1255   39.3945   0.6157193029295086
85.5448   39.4198   0.6700463715296149
86.239   40.6591   0.6842372541743117
87.6585   40.6843   0.7406946739379195
88.3547   41.9226   0.7509199824215643
89.7745   41.9477   0.8069643052824562
90.4727   43.1849   0.8115247439234354
91.893   43.2099   0.8650220459618362
92.5932   44.4459   0.8627164366117055
62.3151   27.9467   0.2579693004991102
63.0027   29.1899   0.25970234885345117
64.4225   29.2103   0.26484854162332044
65.1099   30.4536   0.26765016345969395
66.5297   30.4755   0.27552934507961374
67.2171   31.7189   0.2796242299944729
68.6367   31.7421   0.2907163738078757
69.3242   32.9856   0.2961503334457049
70.7438   33.0097   0.31107444446626814
71.4314   34.2531   0.3179044510540891
72.851   34.2778   0.3372925288232711
73.539   35.5209   0.34565258569841045
74.9584   35.5459   0.37033285028471497
75.6471   36.7886   0.3801139960590754
77.0665   36.8138   0.4110980661594002
77.7561   38.0559   0.4221660455318518
79.1754   38.081   0.45957373728271284
79.8663   39.3224   0.4714652691344277
81.2855   39.3475   0.5152797783728742
81.978   40.588   0.5268978363971509
83.3973   40.613   0.5761160733741062
84.0915   41.8525   0.5861290045715192
85.5109   41.8775   0.6391338748650376
86.207   43.1159   0.6462095867441143
87.6266   43.1408   0.7007615999753404
88.3248   44.3782   0.703404464017679
89.7447   44.403   0.7573667143464888
90.4448   45.6392   0.7541679057080083
91.8652   45.6639   0.805322662042984
92.5673   46.8989   0.7954626704000611
93.9881   46.9234   0.841973889143839
94.692   48.1573   0.8249339973597875
64.383   31.674   0.2615176858264027
65.0708   32.9173   0.26411099939230226
66.4904   32.9392   0.2723462685626535
67.1781   34.1827   0.27583380866021073
68.5977   34.2059   0.2871854801343596
69.2856   35.4493   0.29157604496940714
70.7051   35.4732   0.3063248112706502
71.3932   36.7165   0.3114880094000438
72.8127   36.7409   0.3306295510083823
73.5014   37.9838   0.3364730449828045
74.9208   38.0085   0.3606236126489786
75.6104   39.2509   0.3672912332196372
77.0297   39.2756   0.39724750471211073
77.7206   40.5173   0.4042835391158058
79.1398   40.542   0.4405644220769565
79.8322   41.7827   0.44741619326975374
81.2515   41.8074   0.4897135591343141
81.9457   43.0471   0.49561434603934046
83.365   43.0717   0.5428760263632932
84.0611   44.3104   0.5466568301960553
85.4805   44.335   0.5974074405294911
86.1786   45.5725   0.5978402880368622
87.5983   45.597   0.6497589783912168
88.2983   46.8334   0.6456755299684172
89.7184   46.8578   0.6966380193472065
90.4203   48.093   0.6868520146290609
91.8408   48.1173   0.7350459985606321
66.4534   35.404   0.2691538407676937
67.1415   36.6475   0.2720084006055646
68.561   36.6705   0.2828881404371698
69.2493   37.9138   0.2859300089182654
70.6687   37.9376   0.3001046817362245
71.3575   39.1806   0.3033405017468002
72.7769   39.2048   0.32118049442641716
73.4665   40.4474   0.32472088014169953
74.8859   40.4717   0.3470643456190806
75.5767   41.7135   0.350362869037233
76.996   41.7379   0.378312516314224
77.6884   42.9788   0.3812623506196238
79.1076   43.0031   0.4149617934219981
79.8017   44.243   0.4171739924779582
81.221   44.2673   0.4566999671556814
81.917   45.5061   0.45731562404973847
83.3364   45.5303   0.50159765749054
84.0343   46.7681   0.49990298058723304
85.4539   46.7922   0.547177174231529
86.1537   48.0288   0.5420270288463457
87.5735   48.0529   0.5903732463450582
85.4306   49.2492   0.4921492659752725
86.132   50.485   0.483183495165139
87.5519   50.5085   0.526773395303899
88.2549   51.7432   0.5141168252450029
89.6752   51.7664   0.5567836563693297
90.3797   53.0001   0.5400003703702446
91.8004   53.0232   0.5802305317716393
92.5063   54.2559   0.5593786731722967
93.9273   54.2788   0.5956362900294071
94.6345   55.5106   0.5709746229036782
96.0558   55.5333   0.6022506621000925
96.7641   56.7642   0.5740896968244608
98.1858   56.7867   0.5995959306066047
98.8949   58.0168   0.5682656157115304
100.317   58.0391   0.5872708148716357
101.027   59.2685   0.5534587608846763
81.87   50.424   0.37651042482247393
83.2896   50.4471   0.4093521833336133
83.9906   51.6832   0.40176671091567795
85.4103   51.7061   0.43772998526488877
86.113   52.9413   0.42742051892719973
87.5329   52.964   0.4648279359074665
88.2371   54.1981   0.45155795862767967
89.6574   54.2207   0.4885112178855248
90.3628   55.4538   0.47209835839578806
91.7835   55.4761   0.5069155156433898
92.4902   56.7084   0.48757577872572405
93.9111   56.7305   0.5190720662875232
94.6189   57.962   0.49705702892123144
96.0402   57.9839   0.5240220319795694
96.7489   59.2146   0.4996579429970032
98.1706   59.2363   0.521229220209305
98.8801   60.4663   0.49463591660937345
100.302   60.4878   0.5101677175204247
101.012   61.7172   0.4816965538593753
102.434   61.7386   0.49091576670544473
103.145   62.9675   0.46156849979174214
77.6124   50.3639   0.32063541601014534
79.0319   50.3864   0.3353208612657439
79.7308   51.624   0.3324644642664878
81.1503   51.6464   0.35153261584097634
81.8509   52.883   0.34686408000829405
83.2705   52.9053   0.37047214470186496
83.9727   54.1409   0.363644152984756
85.3925   54.1631   0.39099772377854003
86.0961   55.3977   0.38195057271851535
87.5162   55.4196   0.41122191089483723
88.2211   56.6534   0.4001441490263202
89.6414   56.6751   0.42975868810298967
90.3475   57.908   0.41633420469617827
91.7682   57.9294   0.444786117139462
92.4753   59.1615   0.4293497525328293
93.8963   59.1827   0.4550495687285035
94.6044   60.414   0.4378194833490181
96.0257   60.435   0.4597393826941506
96.7347   61.6656   0.4407218397129878
98.1563   61.6864   0.4578629598471563
98.8659   62.9164   0.4373450125473012
100.288   62.9371   0.449126140410464
100.998   64.1665   0.4274824557803508
102.42   64.1871   0.4337686595410016
103.131   65.416   0.4121416868020023
104.553   65.4366   0.4139115847617698
105.264   66.6651   0.39424956563069796
74.7784   50.3267   0.3145953909389016
75.4752   51.5657   0.3182588411969097
76.8946   51.5877   0.32082970560719126
77.5931   52.8256   0.3225812765800257
79.0126   52.8474   0.32723193609426554
79.7127   54.0844   0.32695389583242296
81.1323   54.1061   0.3353346239206399
81.834   55.3422   0.33315766537782154
83.2537   55.3637   0.345726958740563
83.9567   56.5989   0.34177662295715755
85.3766   56.6202   0.3584723838735673
86.0809   57.8545   0.35261572568449107
87.501   57.8756   0.37248630847320807
88.2064   59.1091   0.3649695877741052
89.6269   59.1299   0.38625543361873677
90.3333   60.3626   0.37722486662466764
91.754   60.3831   0.39831687134742394
92.4614   61.6151   0.38788294626084974
93.8824   61.6353   0.4073984413323143
94.5907   62.8666   0.3956336815793108
96.012   62.8866   0.4121073767842571
96.721   64.1172   0.3990677636692764
98.1426   64.1371   0.4115585620540603
98.8522   65.3671   0.39734501381041404
100.274   65.3869   0.40553807466131003
100.984   66.6164   0.39068064963598903
102.406   66.6361   0.3944973764171306
103.117   67.8652   0.38086165467267
104.539   67.885   0.38184919798266315
105.249   69.1137   0.3707243854941291
106.671   69.1337   0.3719811554366834
107.382   70.3622   0.3678176314425451
76.8764   54.0501   0.3360979172800723
77.576   55.2875   0.34091966795713086
78.9956   55.3085   0.3360936030334447
79.6966   56.5451   0.33885402461827335
81.1163   56.5659   0.33651408588645787
81.8187   57.8017   0.337302668237295
83.2385   57.8223   0.338853862306449
83.9421   59.0572   0.33772707916304345
85.3621   59.0777   0.3438052064759907
86.0669   60.3118   0.3413154699101652
87.4871   60.332   0.3513114003274037
88.1928   61.5654   0.34758994519404396
89.6133   61.5852   0.36024060015494935
90.3199   62.8179   0.35538182283285336
91.7407   62.8374   0.3692077463976087
92.4482   64.0694   0.36345117966516255
93.8692   64.0886   0.37677527785140363
94.5775   65.3199   0.37000504050620997
95.9988   65.3388   0.38124261304319534
96.7077   66.5696   0.37347689352889163
98.1293   66.5884   0.3817529698640191
98.8388   67.8185   0.37317757167333465
100.261   67.8373   0.3780279487022064
100.971   69.067   0.36974078757961887
102.392   69.0857   0.37137428559338637
103.103   70.315   0.36426436828214587
104.525   70.3339   0.365486593461385
105.235   71.5629   0.36155897167682577
106.657   71.5821   0.3653111550445713
107.367   72.8109   0.36791901282755807
108.789   72.8304   0.37837283200567834
78.9802   57.7698   0.359377030429046
79.6819   59.0061   0.3633934094063906
81.1017   59.0261   0.3529121278732121
81.8046   60.2615   0.354679883838932
83.2245   60.2813   0.3474276327524937
83.9285   61.5161   0.3478241222227107
85.3486   61.5357   0.34500542024727915
86.0536   62.7697   0.3441034292185982
87.4738   62.7889   0.345753452621948
88.1797   64.0222   0.34406647613506475
89.6002   64.0411   0.349423825747472
90.3069   65.2737   0.3472572533439848
91.7277   65.2922   0.3548735126774007
92.4352   66.5242   0.3521872939218494
93.8562   66.5424   0.36043964820757374
94.5644   67.7738   0.3571699035473124
95.9858   67.7916   0.36420711140777456
96.6946   69.0225   0.36042336217287446
98.1161   69.0402   0.36529590745038554
98.8254   70.2705   0.3607797250400857
100.247   70.2882   0.36319204286437945
100.957   71.5181   0.3593179928698225
102.379   71.5359   0.3600492327446332
103.088   72.7655   0.3572326552822309
104.51   72.7834   0.3586542067228624
81.0881   61.4865   0.3772051166142899
81.7913   62.7219   0.3781590670604094
83.2113   62.7408   0.3649748758476356
83.9155   63.9754   0.3643591360182982
85.3356   63.994   0.3552796785632376
86.0406   65.228   0.35404433338212715
87.461   65.2462   0.3497229331913994
88.1669   66.4795   0.3482258031794947
89.5874   66.4974   0.34844828884642987
90.2941   67.73   0.3470936473057432
91.7149   67.7475   0.3503330558197471
92.4223   68.9795   0.349284611742346
93.8434   68.9966   0.3537893723672312
94.5514   70.2281   0.3526465794531427
95.9727   70.2449   0.3567605919941363
96.6812   71.4758   0.35518345963741854
98.1028   71.4925   0.3577751947801931
98.8118   72.723   0.356004915696397
100.233   72.7396   0.35656640335286144
83.1984   65.2006   0.3837608890963216
83.9026   66.4352   0.38063788566037
85.3229   66.4528   0.36796018806386827
86.0278   67.6867   0.3645111109417597
87.4482   67.704   0.35699425765688697
88.154   68.9372   0.35419470634102224
89.5746   68.954   0.3513487868201591
90.2811   70.1867   0.34992687807597517
91.702   70.2031   0.3506600918268314
92.4091   71.4351   0.35008378997033823
93.8303   71.4512   0.3526064803715242
94.538   72.6827   0.35261963927155515
95.9594   72.6984   0.3546960106908518
85.31   68.9119   0.3774857613208821
86.0148   70.1458   0.37141864519703316
87.4353   70.1619   0.3624687020971636
88.1408   71.3952   0.35822178884038025
89.5616   71.4109   0.3545277704214393
90.2678   72.6436   0.35270971066870327
91.6887   72.6588   0.3524193099136332
87.422   72.62   0.36439635014637906
92.5444   49.3514   0.7191911915478374
93.9653   49.3755   0.7628121524988969
94.6706   50.6085   0.7407953766054401
96.0919   50.6324   0.778834956842589
96.7986   51.8643   0.7507210533880057
88.2752   49.2883   0.5808543707333177
89.6953   49.3122   0.6281992279524048
90.3987   50.5466   0.6137996415769562
91.8193   50.5704   0.6583102687942815
92.5243   51.8036   0.6386526599020793
93.9452   51.8272   0.6789226170926953
94.6516   53.0595   0.6542130004822584
96.073   53.0828   0.6891173702643101
96.7805   54.3142   0.6597073442065059
98.2022   54.3373   0.6884634776079267
98.9109   55.5678   0.654742254631545
109.499   74.0591   0.3900311782409105
105.22   74.0127   0.35983846375839107
106.642   74.0309   0.36622661017463154
107.352   75.2601   0.37304281255641
108.773   75.2788   0.38709277957615873
109.483   76.508   0.40201360673488823
110.904   76.5272   0.4270408411381678
111.614   77.7566   0.4502632785382443
100.943   73.9698   0.3551250061598097
102.364   73.9865   0.35531062466524566
103.074   75.2164   0.35520114020087096
104.495   75.2333   0.3573744254979684
105.205   76.463   0.36128084643390335
106.626   76.4803   0.36864461205882193
107.336   77.7099   0.3780092062371052
108.757   77.7277   0.3947893235638406
109.466   78.9574   0.4106472452117528
110.887   78.9759   0.4394294596405605
111.596   80.2058   0.4618994912315918
113.017   80.2251   0.5018717465647949
113.725   81.4553   0.5292535498227599
96.6676   73.9295   0.3548080889720563
98.0891   73.9451   0.35556566200913736
98.7977   75.1758   0.35528632115520214
100.219   75.1913   0.3546678587072602
100.928   76.4218   0.3544408272194428
102.35   76.4374   0.3543606214014117
103.059   77.6677   0.3553317464004593
104.48   77.6835   0.3576695821564925
105.189   78.9136   0.3614606064289662
106.61   78.9299   0.37079177445029576
107.319   80.1601   0.37964588763741797
108.74   80.177   0.3991689491931966
109.448   81.4073   0.41434846445956497
110.869   81.4249   0.4450834640828613
111.576   82.6555   0.46575702893245946
112.997   82.674   0.5075563811046037
113.704   83.905   0.5325444019046683
115.125   83.9247   0.5830885867516208
115.831   85.1561   0.6086196595575936
92.3956   73.8909   0.35272880517474947
93.8168   73.9059   0.35403086023679037
94.5242   75.1375   0.3553005206863613
95.9456   75.1522   0.35608343123486935
96.6533   76.3834   0.3573536483653062
98.0748   76.3979   0.35638738754338767
98.7829   77.6288   0.3573320024850861
100.204   77.6433   0.35499239428471924
100.913   78.8741   0.3559441669700414
102.334   78.8886   0.3539296116461548
103.042   80.1192   0.35494260099346436
104.464   80.134   0.357180416596429
105.172   81.3647   0.3609169572076045
106.593   81.3799   0.37017909179207864
107.3   82.6107   0.3776865102171313
108.721   82.6266   0.39815691630310635
109.429   83.8576   0.4119581168031511
110.849   83.8743   0.4439632079350785
111.556   85.1056   0.4623502135827303
112.977   85.1234   0.5056891634195935
113.682   86.3551   0.5265904480713658
115.103   86.3742   0.5770145665405655
115.808   87.6065   0.5981604216261748
117.228   87.627   0.6518986194186928
117.932   88.86   0.6698834003018712
88.1272   73.8532   0.35956069028746496
89.548   73.8678   0.3563794887475992
90.2539   75.1004   0.3553520648596244
91.6749   75.1146   0.3553935283597604
92.3814   76.3468   0.35737248075362577
93.8026   76.3606   0.3578753553962642
94.5096   77.5924   0.3612517404802336
95.931   77.6059   0.3602969053433566
96.6383   78.8374   0.36343128649031137
98.0597   78.8507   0.36014394344485084
98.7672   80.082   0.36233237503706683
100.189   80.0954   0.35763179388862354
100.896   81.3265   0.35878513068408585
102.318   81.34   0.3548466852036202
103.025   82.5711   0.35582588438729956
104.446   82.5848   0.35536122467146913
105.153   83.816   0.3584032644940716
106.574   83.8303   0.36635488259336335
107.281   85.0617   0.3735325554754277
108.702   85.0766   0.3932611600450716
109.408   86.3083   0.40477299811129114
110.828   86.3242   0.43663998900695955
111.534   87.5562   0.45224666941837205
112.954   87.5733   0.49464001051269674
113.659   88.8058   0.5116967949870369
115.079   88.8243   0.560944382269751
115.783   90.0575   0.5764127340716897
117.203   90.0775   0.6287063304914274
117.906   91.3114   0.6400149763872776
119.327   91.333   0.6919365650115648
120.028   92.5678   0.6961324083822062
89.5337   76.3245   0.3587182181043963
90.2392   77.5572   0.3607418051737264
91.6603   77.5703   0.36121118476592595
92.3663   78.8025   0.3664785532606199
93.7876   78.8152   0.3660403256473238
94.494   80.0472   0.3722352347642547
95.9154   80.0596   0.36905505009415396
96.6221   81.2914   0.3743949385341665
98.0435   81.3036   0.36782304169260216
98.7502   82.5353   0.3714273684046555
100.172   82.5475   0.3629250473582586
100.878   83.7791   0.36462864670784784
102.3   83.7915   0.35625559644726806
103.006   85.0232   0.35776780179328826
104.427   85.0359   0.3529669106304507
105.133   86.2677   0.3560307290108586
106.554   86.281   0.36098511049627074
107.259   87.513   0.36607628986319274
108.68   87.5271   0.3837238069236816
109.385   88.7594   0.39312639188943227
110.806   88.7745   0.42375544834255385
111.51   90.0073   0.4358602528334139
112.93   90.0237   0.47625800780670086
113.633   91.2571   0.48850707262023696
115.054   91.2749   0.5357861980305209
115.756   92.509   0.5452990463956455
117.176   92.5285   0.5942696357715044
117.877   93.7634   0.5984858979123941
119.298   93.7846   0.6468250536273348
119.998   95.0205   0.6438289291418982
121.418   95.0434   0.6885052650488627
122.116   96.2802   0.6774784203205308
91.6446   80.0257   0.37329602194505074
92.3501   81.2581   0.3831187022320811
93.7714   81.2697   0.38082779572924624
94.4772   82.5019   0.39042613898150275
95.8986   82.5132   0.38398242147265393
96.6046   83.7454   0.39155925477506254
98.026   83.7565   0.38085394838441805
98.7319   84.9886   0.38554985410449427
100.153   84.9998   0.37193250731819133
100.859   86.232   0.3741992116506813
102.28   86.2433   0.36072267741299874
102.986   87.4756   0.36194604570295397
104.406   87.4873   0.3522180006757285
105.111   88.7197   0.35435250810457813
106.532   88.732   0.35394533476229717
107.236   89.9648   0.3584746155587566
108.657   89.9779   0.37122048704240446
109.361   91.2111   0.37933547158155667
110.781   91.2254   0.4055957840017553
111.484   92.459   0.41462615691728916
112.904   92.4746   0.45122874465175195
113.606   93.7089   0.4594523261449385
115.026   93.7262   0.501984192978229
115.727   94.9613   0.5065470165739795
117.147   94.9803   0.5508633950445455
117.847   96.2162   0.5495544468021282
119.267   96.237   0.592409528957796
119.965   97.4738   0.5834145095898803
121.386   97.4965   0.623476422970429
93.754   83.7241   0.4041456791801788
94.4592   84.9567   0.4167191500279286
95.8805   84.9669   0.40603189529887135
96.5857   86.1994   0.41519862716536016
98.007   86.2096   0.39961542763010777
98.7121   87.4422   0.405099716119378
100.133   87.4523   0.3860819213586621
100.838   88.685   0.38831044281605076
102.259   88.6954   0.36924795192390764
102.963   89.9282   0.36924276567050235
104.384   89.939   0.35429507476113375
105.088   91.1721   0.35485271592591183
106.509   91.1835   0.3492341334978602
107.212   92.417   0.35150493595396715
108.632   92.4293   0.3584527862913044
109.334   93.6633   0.36388602611257753
110.755   93.6768   0.384481013835533
111.456   94.9113   0.3908134849259879
112.876   94.9263   0.4211430635781611
113.576   96.1615   0.42581519465608675
114.997   96.1782   0.4632709358464044
115.696   97.4143   0.46324917700951973
117.116   97.4328   0.5015168192593321
95.861   87.4206   0.4345322657755094
96.5653   88.6537   0.4441849839875182
97.9865   88.6627   0.42357537699918446
98.6906   89.8959   0.4288275177737549
100.112   89.905   0.4048135373230483
100.815   91.1383   0.40609612162639386
102.236   91.1477   0.38134362456975646
102.939   92.3813   0.38056517181684973
104.36   92.3911   0.35949984700969995
105.063   93.6249   0.35894439680820167
106.483   93.6355   0.34596879917125595
107.185   94.8698   0.3469417386248017
108.605   94.8813   0.34678667794481116
109.306   96.1161   0.3495647865560755
110.726   96.1289   0.3629989669406811
111.426   97.3644   0.3663312981441897
112.846   97.3787   0.39013573279052766
97.9643   91.1163   0.4511068720380963
98.6674   92.35   0.45518564344671436
100.088   92.3582   0.42608797213720173
100.791   93.5921   0.4268437653287167
102.212   93.6006   0.3970926843949621
102.914   94.8348   0.39519256065871905
104.334   94.8437   0.3678037656142286
105.035   96.0784   0.36542846085109637
106.456   96.0881   0.34671505591768287
107.156   97.3232   0.34555060410886496
108.576   97.334   0.3379331442756011
100.063   94.8118   0.4487909312809286
100.765   96.0465   0.44793442600451583
102.185   96.054   0.41306057667126933
102.886   97.289   0.41017963138117514
104.306   97.2971   0.37777353004148095
91.1899   1.3991   0.7115083350882097
86.9358   1.32584   0.7739715904889529
88.3559   1.35192   0.7578541243695935
89.0434   2.5931   0.6943223692925359
90.4633   2.61871   0.6770285312304076
91.1502   3.8599   0.6188862628948906
92.57   3.88486   0.6036071885754806
93.2566   5.12597   0.5568973177346124
82.6788   1.24988   0.8124643872964522
84.0993   1.27695   0.805941705259133
84.7878   2.51784   0.7435707229309153
86.2081   2.54459   0.7324132661278058
86.8957   3.78566   0.6703084574283743
88.3158   3.81198   0.6569191834617074
89.0027   5.05315   0.5998441151666032
90.4226   5.07885   0.5873746580335231
91.1091   6.32004   0.5414392486696908
92.5288   6.34495   0.5336365613411422
93.2151   7.58607   0.5057496020759724
94.6347   7.61003   0.506341286189464
95.3209   8.85099   0.5019750213905033
78.4183   1.17186   0.8147803293458938
79.8391   1.19959   0.8209119179765896
80.5292   2.43999   0.7647027995241047
81.9498   2.46765   0.7640562233893514
82.6387   3.70836   0.7045023278882756
84.0591   3.73579   0.6986496372288485
84.747   4.97674   0.6391772621894487
86.1672   5.00382   0.6303405853980839
86.8542   6.24498   0.5756209538402876
88.2742   6.27148   0.5666012499103741
88.9607   7.51276   0.5226517100325994
90.3804   7.53848   0.5171907312587862
91.0665   8.77977   0.49072251466587447
92.4862   8.80453   0.4928043495140828
93.1721   10.0457   0.4894041243185403
94.5917   10.0694   0.5013599605074206
95.2777   11.3105   0.5223558461432155
96.6973   11.333   0.5438051305385029
97.3835   12.5738   0.585148263263254
74.1549   1.09316   0.7774034248966215
75.5757   1.12091   0.7961345173279459
76.2674   2.36076   0.7494814223848346
77.6882   2.38869   0.7609809472647779
78.3786   3.62894   0.7086151113968703
79.7992   3.65698   0.7133366579673289
80.4885   4.89755   0.6577417189900644
81.909   4.92555   0.6570701941193229
82.5972   6.1664   0.6014700924401837
84.0175   6.19419   0.5972760953696354
84.7048   7.43532   0.5462246597326107
86.1249   7.46267   0.5412111625788933
86.8114   8.70402   0.5003150283571384
88.2313   8.73064   0.497856025473228
88.9172   9.97213   0.4737114400138535
90.337   9.99778   0.4776820176644719
91.0226   11.2393   0.4757655304874463
92.4422   11.2638   0.4886399492468839
93.128   12.5051   0.5101301206555058
94.5475   12.5285   0.532347940730493
95.2334   13.7696   0.573844961640339
96.6529   13.7919   0.6034719960362688
97.3391   15.0328   0.6592373017358772
98.7587   15.0539   0.6930944019395949
99.4452   16.2947   0.757339818047354
69.8894   1.0159   0.7046533333661313
71.3101   1.04267   0.7336197551599903
72.0032   2.28194   0.6979142838486739
73.424   2.30935   0.7204547955284925
74.1157   3.54918   0.6781230880157417
75.5365   3.57698   0.6939906403547519
76.2271   4.81718   0.6464826247471761
77.6477   4.84525   0.6557926166860976
78.3373   6.08574   0.605251773727267
79.7578   6.11405   0.6091296827441589
80.4464   7.35483   0.558594029685245
81.8667   7.38314   0.558711028708045
82.5543   8.62426   0.5124824017466331
83.9745   8.65234   0.5113944954729251
84.6612   9.89378   0.47488564770899944
86.0812   9.9213   0.4755999147392696
86.7671   11.163   0.45482539506935993
88.1869   11.1896   0.46074352952591635
88.8724   12.4314   0.46062436974176396
90.2921   12.4569   0.4746823148169758
90.9775   13.6985   0.4963753619993636
92.3971   13.7228   0.5192316920219711
93.0827   14.9642   0.5600217317211882
94.5022   14.9873   0.5904254228943746
95.1881   16.2285   0.6452972725806309
96.6077   16.2506   0.6810562017924792
97.294   17.4915   0.744675459512394
98.7136   17.5125   0.7823941078510244
99.4004   18.7534   0.8502580196622661
100.82   18.7733   0.8871604251768656
101.508   20.0141   0.9549591614304753
71.2719   3.49784   0.6413280381364956
71.9636   4.73775   0.6040904204670041
73.3843   4.76503   0.6229136216202064
74.0749   6.00531   0.5811448480370442
75.4955   6.03304   0.5939930928891404
76.1852   7.2736   0.5494302124929019
77.6057   7.3017   0.557027968866916
78.2945   8.54252   0.5125855378373432
79.7149   8.57097   0.5163880726740335
80.4028   9.81213   0.4760959793991092
81.823   9.84063   0.47834588416751156
82.5099   11.0822   0.4471771125627941
83.9299   11.1104   0.4507431641189935
84.6159   12.3523   0.4339975230343999
86.0358   12.3799   0.44219620079778665
86.7213   13.6219   0.4442012381792765
88.141   13.6484   0.45918679205743934
88.8263   14.8904   0.48112845478105215
90.2459   14.9157   0.5042429374815287
90.9313   16.1574   0.5436245579441737
92.3509   16.1815   0.5745179892744842
93.0366   17.4229   0.6274155720094945
94.4561   17.4459   0.6641301227922133
95.1423   18.687   0.7261506042137551
96.5619   18.7091   0.7663392068790398
97.2486   19.9501   0.8330347231658458
98.6682   19.9712   0.8735631974848735
99.3556   21.2121   0.9409443235388569
100.775   21.2321   0.9786699137094168
101.464   22.473   1.043487062689325
102.884   22.4917   1.0762491022063632
103.573   23.7324   1.1351062417236515
73.3428   7.22094   0.5309897961354805
74.0325   8.46171   0.49335928986895106
75.453   8.48923   0.5035306231005238
76.1418   9.73021   0.4661001404204957
77.5622   9.75823   0.47257521771671585
78.2502   10.9995   0.43892726048857544
79.6705   11.028   0.4438743065328306
80.3574   12.2697   0.41849106322596774
81.7776   12.2982   0.42448294429812033
82.4637   13.5402   0.41208377788988837
83.8836   13.5685   0.422046383706813
84.5691   14.8108   0.4263162558477023
85.9889   14.8384   0.44241325703463935
86.6741   16.0806   0.4640764268953973
88.0938   16.1071   0.4875171586723928
88.7792   17.3491   0.5248953228978145
90.1988   17.3743   0.555761621560905
90.8845   18.616   0.6058068421535043
92.304   18.64   0.6429862051397403
92.9902   19.8813   0.7022569971171513
94.4097   19.9043   0.7438565856400026
95.0965   21.1454   0.8084307020394514
96.516   21.1676   0.8519267632842643
97.2034   22.4086   0.9179212275571363
98.6232   22.4299   0.9600694818605556
99.3113   23.6708   1.023984711799936
100.731   23.6911   1.0620922935413817
75.4089   10.9457   0.42965048586030863
76.0967   12.1873   0.40315231612878016
77.5171   12.215   0.40972814157683013
78.2041   13.457   0.39045318541407625
79.6242   13.4852   0.39790574260747236
80.3104   14.7275   0.38992609556170954
81.7304   14.756   0.4009887903670174
82.4159   15.9985   0.40724324426563085
83.8358   16.0268   0.42402503463829144
84.5211   17.2693   0.44506693878561704
85.9408   17.2968   0.46864298778494373
86.6262   18.5391   0.503416537273059
88.0458   18.5655   0.533979877898035
88.7316   19.8074   0.5803845363205318
90.1512   19.8326   0.6177072607635428
90.8375   21.0741   0.6729226478578383
92.257   21.0982   0.7156006567912018
92.944   22.3393   0.776686088455306
94.3635   22.3626   0.8223840343781001
95.051   23.6036   0.8859098035353271
96.4707   23.6261   0.9318779748443444
97.1589   24.8669   0.9941406087671917
98.5788   24.8886   1.0373103730321014
77.4702   14.6724   0.37249091264083495
78.1564   15.9149   0.368390268601112
79.5765   15.943   0.37987416337518604
80.262   17.1858   0.3873890163646921
81.6819   17.2141   0.40419463133495326
82.3673   18.457   0.4242499852681238
83.7871   18.4851   0.44745053357884995
84.4726   19.7277   0.4791773888655444
85.8922   19.7551   0.5092960632088175
86.5782   20.9973   0.5512490816318883
87.9978   21.0236   0.5882029666705143
88.6843   22.2653   0.6386499902137316
90.1038   22.2906   0.6815662843773896
90.791   23.5318   0.7381568261555266
92.2105   23.5562   0.785432804255078
92.8983   24.7972   0.8452178772363955
94.3178   24.8208   0.8941665448897089
79.5279   18.4014   0.3838689620169855
80.2133   19.6445   0.4021000124347201
81.6331   19.6727   0.424460233708644
82.3187   20.9156   0.4525797388306314
83.7384   20.9435   0.4817064043585072
84.4245   22.186   0.51876510098502
85.844   22.2132   0.5549089114440311
86.5308   23.4552   0.5998281503897591
87.9503   23.4815   0.64237124001624
88.6378   24.7229   0.6935610427352433
90.0572   24.7484   0.7415511850169216
81.5847   22.1315   0.4519851878103953
82.2709   23.3743   0.48387442585860874
83.6905   23.402   0.5184201095636627
84.3774   24.6442   0.5574390549647527
85.7969   24.6713   0.5989318742561592
101.421   24.9318   1.1209094566467006
102.841   24.9508   1.1529504759528917
103.531   26.1912   1.204055804354598
104.952   26.2087   1.2283334644956954
105.644   27.4487   1.2703441659644827
99.2681   26.1293   1.0952267710387655
100.688   26.15   1.1330838274373165
101.379   27.3904   1.1840224660030727
102.799   27.4098   1.2147422154514924
103.491   28.6497   1.2565585939382213
104.912   28.6675   1.279023353969739
105.606   29.9069   1.3107894911083167
107.027   29.923   1.3239404707161115
107.722   31.1617   1.3449587279913084
95.0063   26.0616   0.9537942650278395
96.4261   26.0845   1.0014708283320082
97.1154   27.3251   1.0577236926532354
98.5355   27.3472   1.101311377404229
99.2261   28.5876   1.151145160264333
100.646   28.6086   1.1883557758516587
101.339   29.8486   1.2298547475210222
102.759   29.8682   1.2590661142291129
103.453   31.1076   1.290799601022561
104.874   31.1257   1.3111807846365038
105.569   32.3643   1.3322912481886227
106.991   32.3808   1.3432586683137389
107.688   33.6186   1.3532119937393399
109.109   33.6335   1.3541110774231153
109.808   34.8705   1.3525595033121476
90.7453   25.9894   0.796481098331906
92.1648   26.0141   0.8476121872649066
92.8535   27.2549   0.9034997011620968
94.2731   27.2788   0.9548299272645364
94.9627   28.5194   1.0083618299003583
96.3826   28.5427   1.0571429941119599
97.0733   29.783   1.1052838458966114
98.4936   29.8055   1.1488658799006952
99.1857   31.0454   1.1892341401086675
100.606   31.0667   1.225585252032675
101.3   32.306   1.256718954261452
102.721   32.3261   1.2846946913566646
103.417   33.5646   1.3055273493879778
104.838   33.5831   1.3242488172545208
105.535   34.8208   1.334353345257545
106.957   34.8377   1.343307321501671
107.656   36.0745   1.342143900630629
109.078   36.0899   1.3409432277318833
109.778   37.3258   1.328287608163232
111.2   37.3399   1.3164926015743506
111.901   38.575   1.2922913912891325
86.4845   25.913   0.644031008570239
87.904   25.9393   0.6916510247227261
88.5923   27.1805   0.741075293070818
90.0117   27.2061   0.793112211480821
90.7007   28.4469   0.8442477361533158
92.1202   28.4718   0.8982447828960648
92.81   29.7124   0.9480918573640422
94.2297   29.7367   1.0011234938807485
94.9206   30.977   1.0468478829323762
96.3406   31.0006   1.0960121304073216
97.0329   32.2404   1.1348393630818419
98.4533   32.2632   1.1778610486810395
99.1472   33.5024   1.2080592452359262
100.568   33.5241   1.2433624451462226
101.264   34.7626   1.2638654991730711
102.685   34.783   1.2903305700478458
103.383   36.0205   1.3004238693595225
104.804   36.0395   1.3174201038393172
105.503   37.276   1.3165736173871927
106.925   37.2935   1.3237038830493764
107.626   38.5292   1.3117804389454826
109.048   38.5452   1.308452330044927
109.75   39.78   1.2853493104988991
111.172   39.7948   1.271562019722201
111.874   41.0287   1.2372446968971005
113.296   41.0424   1.2134493190900064
114.0   42.2756   1.1693339856516611
83.6439   25.8605   0.5525483508255171
84.3316   27.1025   0.5912462938573051
85.7511   27.1294   0.6374573632800851
86.4395   28.3708   0.6807007639190646
87.8589   28.3971   0.7323590785946468
88.548   29.6381   0.7780639369614828
89.9674   29.6637   0.8331276552845898
90.6574   30.9043   0.8785241886254458
92.0769   30.9294   0.9344757728266689
92.768   32.1697   0.9768860987853166
94.1878   32.1942   1.030679780533217
94.8802   33.434   1.0673445601116804
96.3004   33.4579   1.1163733649635337
96.9944   34.697   1.1451585217776612
98.4151   34.7202   1.1875503568270254
99.111   35.9585   1.207135593046615
100.532   35.9806   1.241394477996419
101.23   37.2179   1.250951258043253
102.651   37.2388   1.2762587237703806
103.351   38.4752   1.2755759052286921
104.773   38.4947   1.2911857534839826
105.474   39.7301   1.2797691393372495
106.896   39.7481   1.2851969887919903
107.598   40.9826   1.2629738239567745
109.02   40.9994   1.2579979689967693
109.724   42.233   1.2250108775027255
111.146   42.2485   1.2096493293512793
111.85   43.4814   1.1666638461870653
113.272   43.4958   1.14143828567295
113.977   44.7279   1.0898513706005961
115.398   44.7415   1.0563412706128632
116.103   45.9731   0.9979823144725559
85.7065   29.5875   0.6674899399990981
86.3957   30.8287   0.7070574092674518
87.8151   30.8548   0.7617636181913661
88.5051   32.0956   0.8020852697812109
89.9245   32.1212   0.8591926035528945
90.6156   33.3615   0.8975196599518004
92.0353   33.3867   0.9544542576781764
92.7278   34.6265   0.9882119104726464
94.1478   34.6512   1.042234292277892
94.8419   35.8903   1.0691363290058016
96.2623   35.9145   1.117637624635103
96.9583   37.1527   1.1362218709389467
98.3792   37.1761   1.1775700573638912
99.0772   38.4133   1.1866549414214722
100.499   38.4358   1.2198385016058466
101.198   39.672   1.2189445311415916
102.62   39.6933   1.2429423357501335
103.321   40.9285   1.2319750565656755
104.743   40.9486   1.2462292806702944
105.446   42.1828   1.2248806350008137
106.869   42.2015   1.2289779534230871
107.573   43.4348   1.1974393763360227
108.995   43.4523   1.1909486512860246
109.7   44.6848   1.149485454453426
111.122   44.7011   1.1327995630295769
111.827   45.9329   1.0824777364916092
113.249   45.9482   1.0566856107660396
113.955   47.1793   0.9992289877700707
115.377   47.1938   0.9659633533421441
116.083   48.4245   0.9035953187129728
117.505   48.4383   0.8654487217622994
87.7727   33.3125   0.7780283349595936
88.4638   34.553   0.8116763455959536
89.8833   34.5785   0.869887268558404
90.5758   35.8183   0.9000755134987282
91.9956   35.8436   0.9572124633538764
92.6898   37.0826   0.9818164848891067
94.11   37.1075   1.035213871622671
94.8061   38.3456   1.0522250139585172
96.2267   38.37   1.0999273066889432
96.9248   39.6071   1.1082659247671578
98.3459   39.6309   1.1485378313316432
99.0459   40.8669   1.1475565432692176
100.467   40.8898   1.1794845060449086
101.169   42.1248   1.168834188411683
102.591   42.1466   1.1917217460464473
103.294   43.3805   1.1712075477898862
104.717   43.4011   1.1842252868436798
105.421   44.6341   1.1539486340387923
106.844   44.6536   1.156882889492276
107.549   45.8857   1.1170127170269806
108.971   45.904   1.1095164712612435
109.678   47.1353   1.0610242033054673
111.1   47.1525   1.0437882208570861
111.806   48.3833   0.9880559548932405
113.229   48.3995   0.9622121387719046
89.8442   37.0354   0.864447418875203
90.5385   38.2745   0.8861157994303003
91.9584   38.2998   0.9427116261084291
92.6545   39.5379   0.9579113789907696
94.0749   39.5628   1.0102992329008278
94.7731   40.7999   1.0177253362278067
96.1939   40.8245   1.0641115402061945
96.894   42.0604   1.0627846489294064
98.3154   42.0844   1.1017773141610792
99.0174   43.3193   1.0913860270316813
100.439   43.3424   1.1221080429263464
101.143   44.5762   1.1023917497877072
102.565   44.5984   1.1239766234223905
103.27   45.8312   1.0951376625794587
104.692   45.8524   1.1070490729863804
105.398   47.0842   1.0691430119492906
106.821   47.1043   1.071179182023251
107.527   48.3354   1.0248725042657758
108.95   48.3544   1.016774099788147
91.9241   40.7552   0.9114303154931803
92.6222   41.9923   0.9175963873076208
94.0428   42.0173   0.9685559044267904
94.743   43.2532   0.9667870810059463
96.1641   43.2778   1.011703306310698
96.8662   44.5126   1.0014770142145046
98.2877   44.5367   1.0389207717626978
98.9915   45.7704   1.020094319168576
100.413   45.7938   1.0493795119021514
101.119   47.0265   1.021968888958953
102.541   47.049   1.042328858854056
103.247   48.2807   1.0065948787868946
104.67   48.3023   1.0176136054515008
94.0139   44.4708   0.9117276676727516
94.716   45.7056   0.9015872337161834
96.1372   45.7301   0.9445488393937074
96.8411   46.9638   0.9265627285834444
98.2627   46.9879   0.9622797150517102
98.9681   48.2205   0.9363570152457875
100.39   48.244   0.9641446416383789
96.1132   48.1816   0.8656032405207372
102.449   59.2906   0.565366650944324
103.159   60.5195   0.5293139049751107
104.582   60.5413   0.5344775860595088
105.292   61.7697   0.4970802148547095
106.715   61.7913   0.4959937499606237
107.426   63.0193   0.4601065094084205
108.848   63.0407   0.45465246067738085
109.559   64.2684   0.4237943487117271
110.981   64.2896   0.4183308499262168
111.692   65.5172   0.39819979909588527
113.114   65.5383   0.3981674522107601
113.824   66.7659   0.39456649629688634
115.246   66.7869   0.4053018874863496
115.956   68.0147   0.42164387817208804
117.377   68.0357   0.44454799515912236
118.087   69.2639   0.47867088902502913
119.508   69.2849   0.5120013378888727
120.217   70.5135   0.5586415666596944
121.639   70.5347   0.5989050842996729
122.347   71.764   0.6523375353296728
123.768   71.7853   0.695685022118487
124.476   73.0153   0.7522409853231855
125.897   73.0369   0.796551617913117
104.567   62.9887   0.4645771625898128
105.278   64.2171   0.4360094494388892
106.7   64.2384   0.4342926432717904
107.411   65.4664   0.40912634967695816
108.833   65.4876   0.40621084426687004
109.544   66.7154   0.3888073816171738
110.966   66.7365   0.3892905084894851
111.677   67.9643   0.3853458706149592
113.099   67.9854   0.39472969232121596
113.809   69.2132   0.4073407418857055
115.231   69.2345   0.42875489501578906
115.941   70.4626   0.4580104911462186
117.362   70.484   0.49038581749475013
118.072   71.7124   0.5320878216986428
119.493   71.734   0.5730355748118923
120.202   72.9629   0.62220450818039
121.623   72.9848   0.6681663640142347
106.686   66.6858   0.39360477639378105
107.397   67.914   0.37944993082091566
108.819   67.9348   0.3804145896255812
109.529   69.1628   0.3760387347069458
110.951   69.1837   0.3832073720585257
111.662   70.4117   0.3931095521607199
113.084   70.4327   0.4113952600601985
113.794   71.6609   0.4349939999586145
115.215   71.6822   0.4646289487322138
115.925   72.9106   0.5003742998995855
117.346   72.9323   0.5402011292102232
108.804   70.3823   0.37339338505120834
109.514   71.6107   0.37885544736745147
110.936   71.6311   0.3933930350171515
111.646   72.8595   0.4108588687128413
113.068   72.8803   0.4369655135133659
118.211   49.6687   0.8009899187879969
113.935   49.6297   0.9009495934845626
115.357   49.6452   0.8684727053857246
116.064   50.8751   0.8044126117857677
117.486   50.89   0.7683680368156917
118.193   52.1197   0.7044921717095213
119.614   52.1342   0.6678298435979075
120.321   53.364   0.6081300929899761
109.657   49.5848   0.9632786149396226
111.08   49.6029   0.946099196701909
111.787   50.8327   0.8867126761245737
113.209   50.8499   0.8616375398042962
113.917   52.0793   0.7987252468777988
115.339   52.0958   0.7681311411471327
116.047   53.325   0.70484342942245
117.469   53.3409   0.6716625789784602
118.176   54.5701   0.6112663903732942
119.598   54.5857   0.5796577610970144
120.305   55.815   0.5269015847385546
121.726   55.8305   0.5007602719865092
122.434   57.06   0.4612463224785665
105.377   49.5332   0.9740562047438525
106.8   49.5539   0.9753147440698307
107.508   50.784   0.9247104519794269
108.93   50.8038   0.9164757170814745
109.639   52.0333   0.8601907055996347
111.061   52.0522   0.843258637666996
111.769   53.2813   0.7827506627272849
113.192   53.2994   0.7590702536656269
113.9   54.5282   0.6970082495924986
115.322   54.5456   0.6690151119369431
116.031   55.7743   0.6091992284958999
117.452   55.7913   0.5805239443812774
118.161   57.02   0.5273128672808999
119.582   57.0366   0.5025347450674394
120.29   58.2655   0.4618521408416406
121.711   58.2821   0.44554546344901635
122.419   59.5113   0.4240662801968588
123.84   59.528   0.42016770461328734
124.548   60.7576   0.422182638202943
101.097   49.4757   0.9307414087704485
102.519   49.4985   0.9499558147619303
103.227   50.7292   0.9094388874465387
104.649   50.7513   0.9194146235513101
105.358   51.9812   0.8724112103818951
106.78   52.0025   0.8730227774806318
107.489   53.2318   0.820427723812402
108.912   53.2522   0.8123707589518492
109.621   54.481   0.7554025747904213
111.043   54.5007   0.7393606156673479
111.753   55.7292   0.6804309884183707
113.175   55.7481   0.6586087761334483
113.884   56.9764   0.600480848986874
115.306   56.9948   0.5763696730397943
116.015   58.223   0.5235461775240069
117.437   58.241   0.5015795948800112
118.146   59.4694   0.4602360372678395
119.567   59.4871   0.44524114814333676
120.276   60.7157   0.42261197332777595
121.697   60.7333   0.4195958650892583
122.405   61.9623   0.4202215844051806
123.826   61.98   0.4306680508233607
124.534   63.2094   0.4545572791189305
125.955   63.2273   0.4752970124038247
126.662   64.4573   0.51602065850119
96.8187   49.4143   0.841507629198928
98.2403   49.4382   0.8752468280433814
98.9471   50.6699   0.8443217040915141
100.369   50.6934   0.87052076942483
101.077   51.9242   0.8330462172052625
102.499   51.9471   0.8510672946365615
103.208   53.1771   0.8077752162575956
104.631   53.1993   0.8170158260401081
105.34   54.4286   0.7686741117014426
106.762   54.4502   0.7689415647498825
107.472   55.6789   0.7166412631156521
108.895   55.6999   0.708765334931102
109.605   56.9282   0.6540443868729399
111.027   56.9485   0.6391330456172679
111.737   58.1765   0.5845315474805426
113.159   58.1962   0.5658047101253219
113.869   59.4241   0.5151284985321647
115.291   59.4434   0.4965728647439336
116.0   60.6713   0.4556370595111839
117.422   60.6902   0.44259169671379506
118.131   61.9184   0.41926727752114934
119.553   61.937   0.41723366355077074
120.261   63.1655   0.4166574732319118
121.683   63.1841   0.42827613755613914
122.391   64.413   0.4509564724006109
123.812   64.4317   0.47350710659926015
124.52   65.661   0.5140683320337854
125.941   65.6799   0.5438061511237312
126.648   66.9099   0.5952386580187737
128.069   66.9289   0.6281943409487151
128.776   68.1596   0.6860575048784181
98.2203   51.8879   0.7822902658220927
98.9281   53.1189   0.7485471327845685
100.35   53.1421   0.7727905602425508
101.059   54.3723   0.7340195705837821
102.481   54.3951   0.7504089018661754
103.191   55.6245   0.7070879011834371
104.613   55.6468   0.7151607371773142
105.323   56.8756   0.6680007035924425
106.746   56.8974   0.6680376636088691
107.456   58.1258   0.6183840311650982
108.878   58.147   0.6108000491159109
109.589   59.375   0.5607776743059559
111.011   59.3958   0.5480565664235764
111.722   60.6235   0.5013781407281307
113.144   60.6438   0.4865260527453805
113.854   61.8715   0.44821501536650704
115.276   61.8915   0.4369119819826417
115.986   63.1193   0.41428021917538194
117.407   63.139   0.4125184238309839
118.117   64.367   0.41153256250265263
119.538   64.3866   0.42285752919866226
120.247   65.615   0.444503149595144
121.668   65.6345   0.46788481488504013
122.377   66.8634   0.5077828374413578
123.798   66.883   0.5394993975900221
124.506   68.1124   0.5905939552687556
125.927   68.1323   0.6265600450076574
126.634   69.3624   0.6836771752808452
128.055   69.3824   0.7205509628055542
128.761   70.6133   0.7797066692032297
130.182   70.6338   0.8153469200285222
130.888   71.8656   0.8734986720081537
100.333   55.5906   0.676661636270299
101.042   56.8203   0.6389445750610944
102.465   56.8428   0.6535376117715012
103.175   58.0719   0.6126884199982848
104.597   58.094   0.6192812688916093
105.308   59.3226   0.5761766135483147
106.73   59.3444   0.5752888752618108
107.441   60.5725   0.5312192108724973
108.863   60.5939   0.5244360113493336
109.574   61.8217   0.48237612917721673
110.996   61.8427   0.4723358974289404
111.707   63.0704   0.4372534848345973
113.129   63.0911   0.42883691538858815
113.839   64.3187   0.4065181914748773
115.261   64.3393   0.40592813403359307
115.971   65.567   0.4040150987277522
117.392   65.5874   0.41453397930687613
118.102   66.8155   0.4347916397540274
119.523   66.8358   0.4578696867013671
120.232   68.0643   0.4957430786203726
121.654   68.0847   0.5292540505277222
122.362   69.3137   0.5783452688489769
123.783   69.3342   0.6168261829721511
124.491   70.5638   0.6727991825203072
125.912   70.5846   0.7133543859821729
126.619   71.815   0.7716240600188696
128.04   71.836   0.8116410844702227
128.746   73.0673   0.868979890446262
130.168   73.0887   0.9066843552196129
126.604   74.2678   0.8522583235146494
128.025   74.2897   0.8947798891347541
128.731   75.5215   0.9470746749860831
130.152   75.5439   0.9859007252254037
130.857   76.7768   1.0324276245819872
132.278   76.7996   1.0659303401254676
132.982   78.0337   1.1047364210525488
134.403   78.0568   1.1316428632744513
135.106   79.2921   1.1612102867267404
122.331   74.2144   0.7208233139958815
123.752   74.2365   0.7687927028790023
124.459   75.467   0.8218413289680673
125.88   75.4895   0.868838241561688
126.587   76.7209   0.9193610716144113
128.008   76.7437   0.9634548043369772
128.714   77.9762   1.0086356973655037
130.135   77.9994   1.0483361674577447
130.839   79.233   1.0855288664978038
132.26   79.2567   1.119057317566889
132.964   80.4915   1.1475923579390035
134.385   80.5155   1.1737690786521797
135.087   81.7515   1.1918127915071122
136.508   81.7758   1.210089004990963
137.208   83.013   1.2170595055296214
118.055   74.1611   0.5839397657293101
119.477   74.1831   0.6310694890422135
120.185   75.4125   0.6791768915385729
121.606   75.4349   0.7295823736905953
122.314   76.6651   0.7788721204408287
123.735   76.6879   0.8300804177909502
124.442   77.9189   0.8772627884505237
125.863   77.9422   0.9267054170554977
126.569   79.1742   0.969192385442643
127.99   79.1979   1.0147592078912138
128.695   80.4311   1.050691496111013
130.116   80.4552   1.0904529334180457
130.82   81.6895   1.1177483974490794
132.241   81.714   1.1505217425151073
132.944   82.9496   1.1679233707739525
134.365   82.9744   1.193111755033874
135.066   84.2111   1.199195651259632
136.487   84.2361   1.2159249853506529
137.186   85.4739   1.2106246652038752
138.607   85.4991   1.2188748171982213
139.304   86.7379   1.2020035856851667
113.778   74.1088   0.466399807032559
115.199   74.1301   0.5025967568538406
115.909   75.359   0.5410013678356095
117.33   75.3808   0.5864602458820141
118.038   76.6101   0.6288843931916204
119.459   76.6324   0.6800925819327877
120.168   77.8623   0.72525336951993
121.588   77.8852   0.7786927057575382
122.296   79.1159   0.822597775343456
123.717   79.1394   0.8760797794721639
124.423   80.3711   0.915738903836676
125.844   80.395   0.9664677128595602
126.549   81.6278   1.0000266246455662
127.971   81.6523   1.0462856684481572
128.675   82.8862   1.0717830004249926
130.096   82.9111   1.111433758709896
130.799   84.1462   1.1274689530093467
132.22   84.1714   1.159536566909386
132.921   85.4077   1.165077937307203
134.342   85.4332   1.1885875314843255
135.042   86.6707   1.183174112292861
136.463   86.6963   1.1980154923873023
137.16   87.9347   1.180833019524775
138.581   87.9604   1.187218012835043
139.277   89.1998   1.1588802440286918
140.698   89.2254   1.1567585919283243
141.391   90.4656   1.1176090774506038
110.921   74.079   0.4107095445689156
111.63   75.3078   0.432001898143982
113.052   75.3282   0.4642000646273146
113.761   76.5572   0.49441364261112
115.182   76.5783   0.5365597543610586
115.891   77.8077   0.57313597862985
117.312   77.8295   0.6229662992490009
118.02   79.0593   0.6630002262443008
119.441   79.0818   0.7170593908457015
120.149   80.3124   0.7574064298644457
121.57   80.3356   0.8133074695341227
122.276   81.567   0.8498662600668373
123.697   81.591   0.9046135417956079
124.403   82.8234   0.9361701180875213
125.824   82.848   0.987217711551003
126.528   84.0815   1.011227714216742
127.949   84.1066   1.0567405783824153
128.652   85.3413   1.0717324526205183
130.073   85.3669   1.1103843118488286
130.775   86.6028   1.1152036943984773
132.196   86.6287   1.1458271597409422
132.896   87.8657   1.139762396291433
134.317   87.8919   1.161890825336019
135.015   89.1299   1.144548697085447
136.436   89.1561   1.1578984454605634
137.132   90.3951   1.1296765422013482
138.553   90.4213   1.1339334063338988
139.246   91.6611   1.0948591553254747
140.667   91.6871   1.090790016455968
141.359   92.9277   1.042493112687087
142.78   92.9535   1.0312719185549473
143.47   94.1945   0.9746955062992728
113.035   77.7765   0.4867666792211652
113.743   79.006   0.515893525836482
115.164   79.0268   0.5621376521813802
115.873   80.2567   0.5963319880737522
117.293   80.2784   0.6488712044774415
118.001   81.5089   0.6842897047303921
119.422   81.5314   0.7407480340844693
120.128   82.7627   0.774119170412411
121.549   82.7862   0.8310337297607121
122.255   84.0184   0.860815438987939
123.676   84.0427   0.9150517471706185
124.38   85.2759   0.9378565561960933
125.801   85.301   0.9881834951060464
126.504   86.5353   1.0022952359459787
127.926   86.561   1.0468555057886475
128.627   87.7965   1.050956040945574
130.048   87.8227   1.0879222444641918
130.748   89.0593   1.0816046227711817
132.169   89.0858   1.1104394895715923
132.867   90.3235   1.0931852587736437
134.289   90.3501   1.1137151161764773
134.985   91.5888   1.085584128476463
136.406   91.6154   1.0970260206576674
137.1   92.855   1.058375042222747
138.521   92.8815   1.0612345640809115
139.213   94.1217   1.0130576933225497
140.634   94.1481   1.0079617056217878
141.324   95.3888   0.9519649048153002
142.745   95.415   0.9397125943606413
143.434   96.656   0.8779098473078025
144.854   96.6819   0.8601954661587199
145.542   97.9231   0.7956464918542633
115.145   81.4755   0.5777822773328999
115.853   82.7062   0.6082256571372143
117.273   82.7275   0.6625248146296113
117.98   83.9588   0.6926547263969283
119.401   83.9813   0.7498810905737008
120.106   85.2134   0.7764553367708856
121.527   85.2369   0.8331250626406584
122.231   86.4699   0.8539573408549145
123.652   86.4945   0.9076146759500966
124.356   87.7285   0.9212202776752092
125.777   87.754   0.969888782283829
126.478   88.9891   0.9740177873119085
127.899   89.0153   1.0159771650977176
128.6   90.2516   1.0104949084483292
130.021   90.2783   1.0452846693604498
130.719   91.5157   1.0284723671543177
132.14   91.5426   1.0551382468662525
132.836   92.781   1.0277571211137428
134.257   92.808   1.0458971890200346
134.952   94.0473   1.0086107524709482
136.373   94.0743   1.018195992920806
137.065   95.3142   0.9710689470887167
138.486   95.3411   0.9723916340652002
139.177   96.5816   0.9174466632998267
140.597   96.6083   0.9110766817343146
141.287   97.8491   0.8501925252553201
142.707   97.8756   0.837977434063708
117.252   85.1771   0.6639706996547312
117.957   86.4092   0.6877601689542585
119.378   86.4314   0.744547547172106
120.082   87.6644   0.7637932573674645
121.503   87.6879   0.8190437656193983
122.206   88.9218   0.8315413699870884
123.627   88.9465   0.8831266104019282
124.329   90.1814   0.8870643325035624
125.75   90.2071   0.9333335416666383
126.45   91.4432   0.9275549417689529
127.871   91.4696   0.9671199150053734
128.569   92.7068   0.9511515757228105
129.99   92.7338   0.983446012753118
130.687   93.9719   0.9578524834232093
132.108   93.9992   0.9817531461625211
132.802   95.2381   0.9459395170939855
134.223   95.2655   0.9619306263967315
134.916   96.5052   0.9168432363277799
136.337   96.5326   0.9246545841556165
137.028   97.7728   0.871445465878387
138.449   97.8001   0.8717669011840357
119.353   88.882   0.725034909504362
120.056   90.1159   0.7367032645509318
121.477   90.1392   0.7895234322045201
122.178   91.3741   0.7931212076347472
123.599   91.3988   0.8417554039030567
124.299   92.6346   0.836533872595725
125.72   92.6604   0.8796022794422476
126.419   93.8973   0.8650260689713379
127.84   93.924   0.901557718618176
128.536   95.1619   0.8768875925681718
129.957   95.1892   0.906316285851691
130.652   96.428   0.8724817476600855
132.073   96.4555   0.8941354259842348
132.766   97.695   0.8513842904352822
134.186   97.7227   0.8647811861968404
121.449   92.591   0.7451488777418876
122.149   93.8268   0.7412656811157537
123.569   93.8514   0.7857260909502738
124.268   95.0882   0.7726468662979247
125.688   95.1141   0.8116041461205072
126.385   96.3518   0.7893093500016378
127.806   96.3786   0.8223035753296987
128.5   97.6173   0.7906985076500341
129.921   97.6446   0.8168433142286178
123.537   96.3046   0.7175316439015076
124.233   97.5424   0.6978069432156758
125.654   97.5681   0.7324940750613637
130.873   74.321   0.9603097677312195
132.294   74.3428   0.993327765644356
132.999   75.5762   1.0412398859052632
112.442   1.68467   0.5414796029399421
113.862   1.69541   0.5481800000912088
114.552   2.93478   0.5771197289991086
108.192   1.64255   0.5331029852664447
109.612   1.65647   0.5345670569722711
110.301   2.89632   0.5481745690015153
111.72   2.90843   0.5560345695188404
112.41   4.14803   0.5863084515849997
113.829   4.1584   0.5983159152153633
114.519   5.39782   0.6391987324768422
115.939   5.40656   0.6525053088672882
116.629   6.64587   0.6982044139075599
103.943   1.59232   0.5469557500383331
105.362   1.60974   0.5405258735712823
106.05   2.85005   0.5348176909003668
107.47   2.86563   0.5374550079774097
108.158   4.10565   0.5521868890149418
109.578   4.11931   0.5623211663275705
110.266   5.3591   0.5936391739937651
111.686   5.37093   0.6080298069173974
112.375   6.61056   0.6512199671386022
113.795   6.6206   0.6665316743411378
114.485   7.86013   0.7155579431464648
115.904   7.86852   0.7284938780799722
116.595   9.10799   0.7782850906962024
118.014   9.11489   0.7866838771069328
118.705   10.3544   0.8328663878438121
99.6927   1.53402   0.5841449861977792
101.112   1.55473   0.5709070852599363
101.8   2.79546   0.5439084085579072
103.219   2.81453   0.5392993425733063
103.907   4.05496   0.5333330925416128
105.326   4.07222   0.5377197605630626
106.014   5.31241   0.5532831495717155
107.434   5.32777   0.5655040605512902
108.122   6.56773   0.5993428631426259
109.542   6.58118   0.6154801446025671
110.23   7.82098   0.6613836478172092
111.65   7.83259   0.6787406058281785
112.339   9.07229   0.7311277122363805
113.759   9.08208   0.7469075040458495
114.448   10.3217   0.7999805410758428
115.868   10.3299   0.8113376927026115
116.558   11.5695   0.8616682946470755
117.978   11.5761   0.8663958217812422
118.669   12.8158   0.9106461497200762
120.089   12.8211   0.9074994986224512
120.78   14.0608   0.9433475181501252
95.4419   1.46901   0.642736984232277
96.8615   1.49226   0.6238972371312453
97.5486   2.73329   0.5782958517056787
98.9682   2.75532   0.5661840062205943
99.6554   3.9961   0.5382365131612684
101.075   4.01671   0.5352424449723697
101.762   5.25725   0.5291230160369116
103.182   5.2762   0.5358010303274878
103.869   6.5165   0.5522509089173162
105.289   6.53364   0.5666662493037703
105.977   7.77375   0.6022005742275589
107.396   7.78895   0.6208115437876448
108.084   9.02891   0.6690359518740376
109.504   9.04218   0.6892502933622875
110.192   10.2821   0.7442737849071401
111.612   10.2935   0.7628351411019285
112.301   11.5333   0.8200567663277966
113.721   11.5429   0.8340669037912972
114.41   12.7827   0.8888274804482581
115.83   12.7906   0.8964948689200608
116.52   14.0305   0.9456019881535764
117.94   14.0369   0.9454031996984131
118.631   15.2767   0.986142347736878
120.051   15.2819   0.9768211555858126
120.742   16.5216   1.0077704153228553
122.163   16.5256   0.989361531493922
122.854   17.7652   1.0095987618851343
92.6097   1.42401   0.6911426394746628
93.2967   2.66523   0.6330228123061595
94.7163   2.68943   0.6156821338970342
95.4032   3.93049   0.5691710271087217
96.8228   3.95368   0.5582137638037973
97.5097   5.19454   0.5297392755875242
98.9293   5.21646   0.5278748541084329
99.6162   6.4571   0.522347541010772
101.036   6.47759   0.5307358020710493
101.723   7.71802   0.5485693104795396
103.142   7.73685   0.5647458068901391
103.83   8.97711   0.6023786785735382
105.249   8.99409   0.6235358097976408
105.937   10.2342   0.6743160902722102
107.357   10.2493   0.6973868172685793
108.045   11.4893   0.7552567576658945
109.464   11.5025   0.7765977594610979
110.153   12.7425   0.8369990442049534
111.573   12.7538   0.854702527198791
112.262   13.9938   0.9130697947035602
113.682   14.0032   0.9246430067869442
114.371   15.2432   0.9776746135601543
115.791   15.251   0.9813153672494868
116.481   16.491   1.0268350305672265
117.902   16.4973   1.0212258173391442
118.593   17.7372   1.0570023178782535
120.013   17.7423   1.041411393254368
120.705   18.982   1.0664956118053177
122.125   18.986   1.04114933607048
122.817   20.2255   1.0550535768386355
124.237   20.2285   1.0207001028705718
124.93   21.4677   1.0239711519373982
94.6763   5.1501   0.5473213773460693
95.3628   6.39107   0.5187649876389104
96.7824   6.41412   0.5181063693875951
97.469   7.65489   0.5130881114389599
98.8886   7.67666   0.5227101453960845
99.5754   8.91724   0.5419343487914401
100.995   8.93757   0.560154966415544
101.682   10.178   0.599753092947423
103.102   10.1967   0.6234326157653316
103.789   11.437   0.6764216732187124
105.208   11.4538   0.7020050498393876
105.896   12.694   0.7625105966476813
107.316   12.709   0.7873684017027872
108.004   13.9492   0.8504828510910731
109.423   13.9623   0.8715380657205966
110.112   15.2024   0.9332211099198282
111.532   15.2137   0.9489243594723445
112.221   16.4538   1.005708635739002
113.641   16.4632   1.0137837294018883
114.331   17.7033   1.0632212845875497
115.752   17.7111   1.0624054969737284
116.442   18.9511   1.102174786501667
117.863   18.9575   1.0912807154898323
118.554   20.1972   1.1203128536261648
119.975   20.2024   1.0989792718700386
120.667   21.4419   1.1169210804707748
122.087   21.4461   1.0853083663180707
122.781   22.6852   1.0921662327686201
124.201   22.6886   1.051753873299261
124.895   23.9273   1.0482923447206867
126.314   23.9299   1.0006085598274668
96.7405   8.87381   0.512852135512763
97.4269   10.1146   0.5330978987015419
98.8465   10.1361   0.5531731212739864
99.5331   11.3767   0.5937632019584916
100.953   11.3969   0.6201281319211377
101.639   12.6374   0.6742962998563722
103.059   12.6559   0.7031300733150315
103.746   13.8963   0.765781548484942
105.166   13.9131   0.7936936184699982
105.854   15.1534   0.8592334083355927
107.273   15.1684   0.8840151865211343
107.962   16.4087   0.9485939278743029
109.382   16.4218   0.9684301730119738
110.07   17.6621   1.0281638828513655
111.491   17.6733   1.041038904172174
112.18   18.9135   1.093652129335468
113.601   18.923   1.09795601004776
114.291   20.1631   1.141527787660029
115.712   20.171   1.1358673734199773
116.404   21.4108   1.168879891177874
117.824   21.4174   1.1525602543901972
118.517   22.6569   1.1740049829536499
119.937   22.6623   1.1471546103294004
120.631   23.9014   1.1569531278318923
122.051   23.9059   1.1201446022724024
98.8031   12.5951   0.6133279220775774
99.4895   13.8358   0.6689433010353014
100.909   13.8558   0.7003647978018314
101.596   15.0964   0.7640568107150126
103.016   15.1148   0.7956896379870769
103.703   16.3554   0.8625524042051012
105.123   16.3721   0.8914985417823197
105.811   17.6126   0.9576860863560679
107.231   17.6276   0.9819626571311146
107.919   18.8681   1.0440737761288699
109.339   18.8812   1.0615982337965704
110.029   20.1216   1.117148123571801
111.449   20.1329   1.1264283110788722
112.14   21.3731   1.1732127897359457
113.561   21.3827   1.1733462745498466
114.252   22.6226   1.2092858222934721
115.673   22.6307   1.199105587510959
116.366   23.8702   1.223645442928629
117.787   23.8771   1.2026313233905057
100.865   16.3145   0.792157440159464
101.552   17.5553   0.8599927732254508
102.972   17.5737   0.8929251088417178
103.659   18.8144   0.9602208600108646
105.079   18.8312   0.9888757505369405
105.768   20.0718   1.052510299237018
107.188   20.0869   1.0751767296588957
107.877   21.3274   1.1322373646899295
109.298   21.3407   1.1473027542893792
109.988   22.5809   1.1959848870282592
111.409   22.5924   1.2020080407384979
112.101   23.8323   1.2406958531404866
113.521   23.8423   1.236606327818194
102.927   20.0327   0.9881888736471374
103.616   21.2734   1.0526474861034922
105.036   21.2904   1.0803722182655406
105.725   22.531   1.138608646550692
107.146   22.5462   1.1592142683731947
107.836   23.7865   1.2092169532387482
109.257   23.8001   1.2214369734046868
104.993   23.7496   1.1612960733594166
127.009   25.1682   0.9883217542885523
122.746   25.1446   1.1190247539710623
124.166   25.1483   1.0737675213937112
124.861   26.3864   1.0628243128570196
126.28   26.3895   1.0107991145623352
126.976   27.6273   0.9920709904034095
128.396   27.6299   0.9357526916872811
129.092   28.8672   0.9111653252840555
118.481   25.1161   1.2153623862864933
119.901   25.1219   1.1837080256549757
120.596   26.3604   1.1847691758313088
122.016   26.3654   1.1436101608502798
122.712   27.6034   1.1340845867923621
124.132   27.6076   1.0849158723145305
124.828   28.8451   1.0663899380620578
126.248   28.8488   1.011535535707966
126.945   30.0858   0.9860803871896033
128.365   30.0891   0.9277533616215032
129.062   31.3258   0.8977562809582584
130.482   31.3289   0.8382201978000776
131.179   32.5654   0.8057245497066607
114.215   25.0817   1.263976443609612
115.635   25.0902   1.2491952529528763
116.33   26.3291   1.2646082239175886
117.751   26.3364   1.2392763735341685
118.446   27.5748   1.2425361523915501
119.866   27.5811   1.2067988440498283
120.563   28.8189   1.198819106454347
121.983   28.8244   1.154066553540134
122.68   30.0617   1.1361690191164333
124.1   30.0665   1.0841748060160779
124.798   31.3033   1.0582331737381876
126.218   31.3076   1.0015101097842223
126.916   32.544   0.9697199028585499
128.336   32.548   0.9105159745990198
129.034   33.7841   0.8753333365067296
130.454   33.788   0.8161453301955464
131.152   35.0238   0.779610704133798
132.572   35.0278   0.7225370924734613
133.271   36.2636   0.6872575645272984
109.949   25.04   1.261646800812334
111.37   25.0518   1.264248195569208
112.063   26.2912   1.2934923811140147
113.484   26.3015   1.2856923154472055
114.178   27.5404   1.3030577922717024
115.599   27.5493   1.284593947518047
116.295   28.7875   1.2898771298073317
117.716   28.7953   1.2606788052473943
118.413   30.0329   1.2542983895389468
119.834   30.0398   1.2151821427259366
120.531   31.2768   1.1978679434729034
121.952   31.2828   1.1505766814949794
122.65   32.5193   1.1241181654968504
124.07   32.5248   1.0704136443450238
124.769   33.7608   1.0372137918481428
126.189   33.7659   0.9798088436016481
126.888   35.0016   0.942035084272346
128.308   35.0064   0.8832933487805718
129.007   36.2418   0.8434894723705806
130.427   36.2466   0.7856770647027961
131.127   37.482   0.7462422528911141
132.547   37.4869   0.6914643447062131
133.246   38.7222   0.653754862314614
134.666   38.7274   0.6036840647226017
135.366   39.9629   0.5699639462281807
105.684   24.99   1.2122736695977512
107.104   25.0055   1.2303355639824451
107.796   26.2455   1.2716844144676773
109.217   26.2593   1.280861979293631
109.911   27.4987   1.311572033858605
111.332   27.5109   1.310801773724768
112.027   28.7497   1.3298777425011672
113.448   28.7603   1.3185645225016476
114.144   29.9985   1.3255715899188545
115.565   30.0078   1.3034666125375052
116.262   31.2453   1.298370197593891
117.684   31.2535   1.2659889730957354
118.382   32.4904   1.2494748496868602
119.802   32.4977   1.207711277582519
120.501   33.734   1.1813586331000425
121.922   33.7406   1.1320553917543088
122.621   34.9763   1.097541051624038
124.042   34.9825   1.0431757665896944
124.741   36.2178   1.0030855197838304
126.162   36.2237   0.946226547926023
126.862   37.4586   0.9030418871791025
128.282   37.4644   0.8460206380461406
128.982   38.6992   0.8020788614593914
130.402   38.705   0.7471251702358811
131.103   39.9397   0.7047811717121871
132.523   39.9457   0.65361319601122
133.223   41.1806   0.6144355946720569
134.643   41.187   0.5688040523765608
135.344   42.4221   0.5347033196081674
136.764   42.4289   0.4963807006723783
137.464   43.6643   0.4685429542742037
107.065   27.4645   1.2859142895232158
107.758   28.7039   1.3174434067541558
109.18   28.718   1.3237680499241553
109.875   29.9568   1.3439188740396497
111.296   29.9693   1.3399751863374176
111.992   31.2074   1.3483698899041017
113.414   31.2184   1.3338209550010829
114.111   32.4558   1.3300762384164317
115.533   32.4656   1.3049890880769854
116.231   33.7022   1.2893289960285532
117.653   33.7111   1.2542712864448433
118.352   34.947   1.2279043488806465
119.773   34.955   1.1842307629849835
120.473   36.1904   1.1488330601092558
121.894   36.1978   1.0988249178099303
122.594   37.4326   1.0564883624536505
124.015   37.4396   1.0025073565814857
124.715   38.6741   0.9561600336763726
126.136   38.6809   0.9007704091498564
126.837   39.9152   0.8530074325584757
128.257   39.9219   0.7985206133845275
128.958   41.1561   0.7515115501441071
130.379   41.1629   0.7003694525034577
131.08   42.3972   0.6559920502567134
132.5   42.4043   0.6093876024337848
133.201   43.6388   0.569496830544296
134.621   43.6463   0.5293637407303253
135.322   44.881   0.495814854557626
136.743   44.8891   0.46405315428299254
137.443   46.1242   0.4382443724681589
138.864   46.1328   0.4154485407363963
139.564   47.3683   0.3985520041349625
109.144   31.1762   1.3483370980581975
109.84   32.4141   1.3576632940460596
111.262   32.4271   1.3508390762781501
111.96   33.6642   1.3483668677329625
113.381   33.6758   1.3308406967026516
114.081   34.9122   1.316399380887121
115.502   34.9227   1.2885412216921883
116.202   36.1583   1.2626829768393946
117.624   36.1678   1.2255058751389143
118.324   37.4028   1.1897071992721577
119.745   37.4115   1.1447520168141205
120.446   38.646   1.1010163168636513
121.867   38.6542   1.0508840897073304
122.569   39.8882   1.0018907525274379
123.989   39.8961   0.9489738352557441
124.691   41.1298   0.897428286828537
126.112   41.1376   0.8446446353348829
126.813   42.3711   0.792817034378046
128.234   42.3789   0.7421812783949766
128.936   43.6125   0.6929257535984613
130.356   43.6205   0.6460504082500046
131.058   44.8542   0.6009801827015587
132.479   44.8626   0.5600332222288303
133.181   46.0966   0.52134987292605
134.601   46.1054   0.48776582496111476
135.303   47.3397   0.4571178950774035
136.723   47.349   0.43243988021458324
137.424   48.5838   0.4115278483893862
138.845   48.5937   0.39651519516911743
111.23   34.884   1.343042996333328
111.929   36.1201   1.3296739600368206
113.351   36.1323   1.3094625538746785
114.052   37.3677   1.2845701070786293
115.473   37.3788   1.254265924754393
116.175   38.6134   1.2188030029500232
117.596   38.6237   1.1799544609856765
118.298   39.8577   1.135487683772924
119.719   39.8672   1.0899718344984861
120.421   41.1007   1.0390340514150664
121.842   41.1099   0.9895397414960151
122.545   42.343   0.9349416291940371
123.966   42.3519   0.8842145949937705
124.668   43.5848   0.8284588704335312
126.089   43.5937   0.7789773680922949
126.792   44.8266   0.7249063456750823
128.212   44.8355   0.6784647743250924
128.915   46.0685   0.628327247539048
130.336   46.0778   0.5873339935675544
131.038   47.311   0.5430172465032841
132.459   47.3206   0.5089262520247868
133.161   48.5541   0.47340677012480387
134.582   48.5642   0.44756578287442594
113.323   38.5879   1.2701173174159914
114.025   39.8222   1.2350116801067115
115.447   39.834   1.203209894407457
116.149   41.0676   1.1586044104870294
117.571   41.0786   1.1188949459176243
118.274   42.3117   1.0669077654605397
119.695   42.3221   1.0215641340610957
120.398   43.5547   0.9646834143904404
121.819   43.5648   0.9167711164734618
122.523   44.7971   0.8578768268230579
123.943   44.8071   0.8097970424742221
124.647   46.0393   0.7517852685441463
126.068   46.0493   0.7063179454041917
126.771   47.2816   0.6516543101982835
128.192   47.2917   0.6105959220302702
128.896   48.5241   0.5620765072478912
130.316   48.5346   0.5272546064284303
115.422   42.2882   1.1364707563329555
116.125   43.5208   1.0840462075022443
117.547   43.5327   1.0442253109362933
118.251   44.7648   0.98603220028557
119.672   44.7762   0.9417240625576062
120.376   46.0079   0.8805856801016031
121.798   46.0191   0.8348087984682477
122.502   47.2506   0.7737479563785593
123.923   47.2617   0.7290949869530025
124.627   48.4933   0.6709274178329528
126.048   48.5044   0.6302689743276242
117.525   45.9859   0.9586508749278854
118.23   47.2171   0.896228347018773
119.651   47.2296   0.8535383764072937
120.357   48.4605   0.7903429002654503
121.778   48.4727   0.7475754410091341
139.546   49.8289   0.38643375887724807
140.966   49.8395   0.379052450196539
141.667   51.0752   0.37860137347875455
135.284   49.7981   0.4232212896346265
136.705   49.8088   0.4071272282714699
137.407   51.0431   0.39543905978039456
138.827   51.0544   0.38843094624398744
139.529   52.2893   0.38854854265586614
140.949   52.3011   0.38789109296296925
141.65   53.5366   0.39738117720899213
143.071   53.549   0.40010384901922363
143.771   54.785   0.4156123915380646
131.02   49.7674   0.48755874517846753
132.44   49.7783   0.46101797145014217
133.144   51.0113   0.43317663833591424
134.564   51.0228   0.4166088813263464
135.267   52.2563   0.40258301007369507
136.688   52.2683   0.3965259260124098
137.39   53.5023   0.39714159943273736
138.811   53.5148   0.39822227461558274
139.513   54.7494   0.4110935903173496
140.933   54.7625   0.41566522587293075
141.635   55.9977   0.43673224062346905
143.055   56.0113   0.44216851991068484
143.756   57.2471   0.4670458435742703
145.177   57.2613   0.4709003397747692
145.877   58.4976   0.4977926275066859
126.753   49.7361   0.57792408671036
128.173   49.7475   0.5428781447065295
128.878   50.9794   0.4995140538563393
130.298   50.9912   0.47261520288708164
131.002   52.2235   0.44131816187418366
132.423   52.2356   0.4248207386651428
133.127   53.4684   0.40931900762120144
134.548   53.481   0.40352112708011245
135.251   54.7142   0.40426695388072686
136.672   54.7274   0.407549812906341
137.375   55.9612   0.42263873461859164
138.795   55.9749   0.4306510071972343
139.498   57.2093   0.45572217413682065
140.918   57.2236   0.46478731695260844
141.62   58.4585   0.49553733461769145
143.041   58.4733   0.502708036538102
143.742   59.7089   0.5355504084584314
145.162   59.7242   0.5388922526813721
145.863   60.9605   0.5724953187581538
147.283   60.9762   0.5720393780151866
147.983   62.2131   0.6045363843475473
122.483   49.7036   0.6863218486978261
123.904   49.7158   0.6462943911252829
124.609   50.9468   0.5908253972198538
126.03   50.9591   0.5557665427137574
126.735   52.1903   0.5092793928679995
128.156   52.2029   0.4820620292037126
128.861   53.4345   0.4486338484777906
130.282   53.4474   0.4320334246328717
130.986   54.6793   0.41455755933282984
132.407   54.6927   0.4092987906163561
133.111   55.9252   0.4105324956687332
134.532   55.939   0.4152962075434842
135.236   57.172   0.4327766745100656
136.657   57.1864   0.4441027471205364
137.36   58.4199   0.47261723413350504
138.781   58.4348   0.48589891952957837
139.483   59.669   0.5208095333228893
140.904   59.6844   0.532648345533893
141.606   60.9193   0.5706275930937744
143.027   60.9351   0.5788185380583414
143.728   62.1707   0.6170685618308557
145.149   62.187   0.6205843455969573
145.849   63.4233   0.6579898251492869
147.27   63.44   0.6562583713751778
147.97   64.6769   0.6917024071087214
149.39   64.694   0.685060114150573
150.089   65.9318   0.7175148082095545
119.632   49.6822   0.7608908265973536
120.338   50.9125   0.6977961091894986
121.759   50.9258   0.6589595814615664
122.465   52.1561   0.6008135900593478
123.886   52.1695   0.5664279742385556
124.592   53.4   0.5169601628752415
126.013   53.4135   0.49001871392835944
126.719   54.6443   0.45390048468799593
128.14   54.658   0.43712155060119945
128.845   55.8892   0.41897102525115415
130.266   55.9033   0.4136608272486052
130.971   57.135   0.4155479394726996
132.392   57.1495   0.42131187972806855
133.097   58.3817   0.4412775657111984
134.518   58.3968   0.4550518212247966
135.222   59.6295   0.48715981977171213
136.642   59.6451   0.5035460356312929
137.346   60.8785   0.5433210653011693
138.767   60.8945   0.5594546004815746
139.47   62.1286   0.6024102754767674
140.89   62.1451   0.6149280689641667
141.593   63.3799   0.6585658205525082
143.013   63.3968   0.6662863498526715
143.715   64.6324   0.7083734396488901
145.135   64.6497   0.7105677307618142
145.836   65.8861   0.7499561120492342
147.256   65.9038   0.7465678803699011
147.956   67.141   0.7822032983822036
149.376   67.159   0.7736579993769886
150.075   68.397   0.8052194048829148
151.495   68.4154   0.7916710238476644
152.193   69.6544   0.8182158028295509
121.742   53.3784   0.5746113556135138
122.449   54.6083   0.523220985817657
123.87   54.6227   0.4963581066125562
124.577   55.8529   0.4584738269519811
125.998   55.8675   0.44175495469773857
126.704   57.098   0.4219195657942375
128.125   57.1128   0.4175643782699871
128.831   58.3438   0.4191838856635507
130.252   58.359   0.426577120811706
130.957   59.5904   0.4473048177697144
132.378   59.6061   0.46319975172704225
133.083   60.8381   0.49866514817059654
134.504   60.8543   0.5183035886427877
135.208   62.0869   0.5619392849765867
136.629   62.1036   0.581684347391259
137.333   63.3369   0.6294839950308505
138.753   63.354   0.6466249763193476
139.456   64.5881   0.6946116972812887
140.877   64.6056   0.7075713744916452
141.579   65.8406   0.7539454423232498
143.0   65.8585   0.7612357716240128
143.702   67.0943   0.8046110675351199
145.122   67.1125   0.8054103302044213
145.823   68.3492   0.8443563998691594
147.243   68.3678   0.8391797959912969
147.943   69.6053   0.872942157304828
149.363   69.6242   0.8619384200741974
150.061   70.8627   0.8895994435699754
151.481   70.882   0.8736136045186079
152.178   72.1214   0.8949219239687889
153.598   72.1411   0.874836058927614
154.294   73.3814   0.8901882104364286
123.855   57.0756   0.4447691536066778
124.562   58.3054   0.42383950972036266
125.983   58.3211   0.41997496353949654
126.69   59.5513   0.4215403420789027
128.111   59.5673   0.4300997209950284
128.817   60.7981   0.4522455085459702
130.238   60.8144   0.47002595673005526
130.943   62.0457   0.5070385389691889
132.364   62.0624   0.5297419182960695
133.069   63.2944   0.5762469349159198
134.49   63.3116   0.6000304492273772
135.195   64.5442   0.6512723623799812
136.616   64.5619   0.6731705430275408
137.319   65.7953   0.7252274470812471
138.74   65.8134   0.7427634212856743
139.443   67.0477   0.7934485364533833
140.864   67.0662   0.8055139601521532
141.566   68.3014   0.852547441495197
142.987   68.3203   0.858694346085961
143.688   69.5564   0.9004551182596405
145.109   69.5756   0.8999352532265855
145.809   70.8126   0.9358190690512819
147.23   70.8321   0.9288078003548428
147.929   72.0701   0.9579972651317983
149.349   72.09   0.9446311449449424
150.047   73.329   0.9665536146536245
151.467   73.3491   0.9477950675119675
125.969   60.7744   0.43174817891913936
126.676   62.0044   0.45468615549629665
128.097   62.0215   0.47431470565438805
128.803   63.2521   0.5132274836756014
130.224   63.2695   0.5383423910486681
130.93   64.5007   0.5874231864678098
132.351   64.5185   0.6144231847839158
133.056   65.7504   0.668291627958939
134.477   65.7687   0.6942367607668134
135.181   67.0014   0.7493130187044666
136.602   67.0202   0.7718539110479408
137.306   68.2537   0.8256286635043611
138.727   68.2729   0.843090439988508
139.43   69.5074   0.8930152574284579
140.851   69.527   0.9044251765624391
141.553   70.7625   0.9492166981253511
142.974   70.7824   0.9534497889244022
143.675   72.0189   0.9917408935805804
145.095   72.039   0.9887764155763494
145.795   73.2766   1.0195343495929932
147.215   73.297   1.010088877277638
128.083   64.4753   0.542948109859496
128.789   65.7059   0.5939607478613328
130.21   65.7243   0.6239233045815825
130.916   66.9556   0.680080002646756
132.337   66.9744   0.7096690355369868
133.042   68.2065   0.7673431044845601
134.463   68.2258   0.7942586543437856
135.168   69.4587   0.8506162765900951
136.589   69.4785   0.8730596600462003
137.292   70.7124   0.9251676226500875
138.713   70.7326   0.9418381867391045
139.416   71.9675   0.9884407367161675
140.837   71.9881   0.998426446965422
141.539   73.2241   1.0379749226257835
142.959   73.2449   1.0405386681906594
130.197   68.179   0.7188781329265784
130.902   69.4105   0.778039337051793
132.323   69.4303   0.8088955927683192
133.029   70.6627   0.8672757692914077
134.45   70.683   0.8945410890506899
135.154   71.9164   0.9481924751863373
136.575   71.9371   0.9701784011201233
137.278   73.1715   1.0178582268665863
138.699   73.1926   1.0334746489392048
132.309   71.8864   0.9057741219531451
133.014   73.1192   0.9603866565087221
134.435   73.1405   0.9874797466277526
136.527   79.3156   1.1806902133921422
137.229   80.5521   1.2000139040861226
138.65   80.5758   1.2115242383047928
139.35   81.8134   1.2197890186421572
140.771   81.8373   1.2231923520035564
141.469   83.076   1.2202641107563548
142.89   83.1   1.2153757813943693
143.586   84.3396   1.201068578391764
145.007   84.3636   1.1886868931724663
145.701   85.6042   1.1636513653152305
147.121   85.6281   1.1445621215119874
147.814   86.8695   1.1096631921443565
149.234   86.8933   1.0851445479750588
149.925   88.1352   1.0419045637677153
151.345   88.1588   1.0135493377236275
152.035   89.401   0.9642978637329868
153.455   89.4241   0.9339151406846417
154.144   90.6663   0.8807620564034391
155.563   90.6885   0.8499129426005896
156.252   91.9305   0.795805064070336
157.671   91.9516   0.7665028179987344
158.36   93.1933   0.7143194593457528
159.779   93.2128   0.6880161698681164
160.468   94.4541   0.6410617520956895
161.887   94.472   0.6193944623581903
162.576   95.7127   0.582156422278401
163.995   95.7288   0.5659718102520801
164.684   96.9692   0.5429586908780519
166.104   96.9834   0.5346135800744357
110.333   0.432582   112.39043152080664
111.753   0.445042   112.39299011769624
138.63   83.0375   1.2272094890441498
139.328   84.2757   1.2226609423711892
140.749   84.3003   1.2242639625505556
141.446   85.5396   1.2084750969713796
142.867   85.5642   1.2020063435772708
143.562   86.8043   1.175165528766061
144.982   86.8288   1.160982605382187
145.675   88.0698   1.1243532229686533
147.095   88.0942   1.1034823877162678
147.787   89.3357   1.0583398697960884
149.207   89.3599   1.0326418788718572
149.897   90.6018   0.9805998827248574
151.316   90.6257   0.9518591544971327
152.005   91.8677   0.8952442460021667
153.425   91.8909   0.8657642693019886
154.113   93.1329   0.8077670208667853
155.533   93.1551   0.7792506528710818
156.221   94.3968   0.7231873892705891
157.64   94.4177   0.6971407318468674
158.328   95.659   0.6468148807812014
159.748   95.6784   0.625895398609057
160.436   96.9193   0.5857820072347787
161.855   96.9369   0.5707479478719041
106.084   0.38659   112.38454436948213
107.504   0.402384   112.38425609305004
140.725   86.7631   1.2017647856381852
141.42   88.0029   1.1737346633715806
142.841   88.028   1.1654776917642014
143.534   89.2685   1.1270036379710549
144.955   89.2935   1.1115990329250944
145.646   90.5347   1.0640175233519371
147.066   90.5595   1.0424759373721793
147.756   91.8011   0.9878006124719773
149.176   91.8255   0.9622087559360462
149.865   93.0673   0.9032108281016149
151.285   93.0913   0.8752250796223784
151.973   94.3331   0.8145875398015909
153.392   94.3564   0.7864166198650658
154.08   95.598   0.7277038408583675
155.5   95.6202   0.7027293646917001
156.188   96.8615   0.6497080267320064
157.607   96.8823   0.6288081265378201
101.835   0.332472   112.38543620608849
103.255   0.351682   112.38213727274066
142.812   90.4911   1.107642690582128
143.504   91.732   1.0592902151912809
144.924   91.7573   1.0423820077111816
145.614   92.9986   0.9863145593572129
147.034   93.0237   0.9643287872919687
147.723   94.2652   0.903273275371303
149.143   94.2899   0.8781877077254073
149.831   95.5315   0.8149233706306306
151.251   95.5556   0.7892116826302007
151.938   96.7972   0.7274466165980824
153.358   96.8204   0.7033986423074845
97.5858   0.270921   112.39303102529551
99.0053   0.293013   112.38793332235257
144.89   94.2201   0.9571318038807403
145.579   95.4614   0.8950735668088999
146.999   95.4867   0.873411415084555
147.687   96.7281   0.8088691179665655
149.107   96.753   0.7855855204877411
93.3351   0.203564   112.40704417902154
94.7547   0.227758   112.39953845186092
146.962   97.9486   0.7754529901934687
152.163   74.5891   0.9620622537029527
153.583   74.6096   0.9390233916149319
154.278   75.8505   0.946161191341096
155.697   75.8712   0.9200951309511431
156.391   77.1128   0.9204382543114912
147.914   74.5356   1.0325073365356734
149.334   74.5563   1.016636414850461
150.031   75.7959   1.0303497076235855
151.451   75.8168   1.009074095396368
152.147   77.0574   1.0144411959300503
153.566   77.0786   0.9886236189774131
154.261   78.32   0.9862897596548339
155.68   78.3412   0.957764302947237
156.373   79.5833   0.9481113436722446
157.792   79.6043   0.9186409799263179
158.485   80.8467   0.9032975423413953
143.66   74.482   1.0719443269125455
145.081   74.503   1.0675521345583077
145.78   75.7412   1.0901326616517848
147.2   75.7625   1.0782152939000647
147.898   77.0017   1.0914708470683037
149.318   77.0232   1.0731461503448643
150.014   78.2634   1.0767780829864668
151.434   78.2851   1.0533511949962397
152.129   79.5262   1.0479519931752581
153.548   79.548   1.020056194530474
154.242   80.7899   1.0068787911163903
155.661   80.8115   0.9765073527628911
156.353   82.0539   0.9562025779090967
157.772   82.0751   0.9250825098335876
158.464   83.3176   0.8994467744119163
159.883   83.338   0.868959383400623
160.574   84.5804   0.8387143256198819
139.401   74.4282   1.0736747971336635
140.822   74.4496   1.0821082016138661
141.524   75.6863   1.113874050330649
142.944   75.708   1.1146211419132508
143.644   76.9457   1.1365850166177667
145.065   76.9676   1.1303032248029783
145.763   78.2065   1.1421318706699384
147.184   78.2285   1.1287223972261715
147.88   79.4684   1.1302417661721753
149.3   79.4906   1.1101816472992219
149.996   80.7314   1.1025604019735205
151.415   80.7537   1.0766000232212434
152.109   81.9953   1.0599605888899803
153.528   82.0176   1.0302858244196091
154.221   83.2598   1.0060520115779283
155.64   83.2818   0.9745397118640191
156.331   84.5242   0.9435221883983421
157.75   84.5455   0.9115664594531763
158.441   85.788   0.8760534515655953
159.86   85.8083   0.8451057034478063
160.55   87.0505   0.8061298716708125
161.97   87.0695   0.7771510599619703
162.66   88.3113   0.7366045750604662
135.139   74.3744   1.0360491301091903
136.56   74.3961   1.0570224264413748
137.263   75.6312   1.0977354007227789
138.684   75.6532   1.1120178955394546
139.386   76.8894   1.1434488882324354
140.807   76.9118   1.1502672993700225
141.507   78.1491   1.1713607855823116
142.928   78.1716   1.1706452579667304
143.627   79.41   1.181362594633838
145.047   79.4327   1.1728722053147977
145.745   80.6722   1.1730048593249736
147.165   80.695   1.1574178588565156
147.861   81.9354   1.1469774932403864
149.281   81.9583   1.1251688851012518
149.975   83.1996   1.1048827494354279
151.394   83.2225   1.0778273980559236
152.087   84.4644   1.0491861274340166
153.506   84.4871   1.0188226342205058
154.198   85.7294   0.9836666915170074
155.617   85.7516   0.951427942620979
156.307   86.994   0.9108682067126885
157.726   87.0153   0.8785203754040047
158.416   88.2576   0.8350007485026548
159.835   88.2777   0.804287983249773
160.525   89.5197   0.7592427609137935
161.944   89.5382   0.7307703127522346
162.634   90.7797   0.686606532156514
164.053   90.7966   0.6610413980984843
164.743   92.0375   0.6205893086413861
134.42   75.5984   1.0684500456268369
135.123   76.833   1.1082176861970696
136.544   76.8556   1.1286901301951762
137.247   78.0914   1.1597442174893577
138.668   78.1143   1.1724394653883028
139.369   79.3512   1.1930242327798788
140.79   79.3744   1.1980345988326015
141.489   80.6124   1.2075600399151991
142.91   80.6357   1.2048952983558365
143.608   81.8748   1.20332771097486
145.028   81.8981   1.1928259931775387
145.724   83.1382   1.1801081052174869
147.145   83.1616   1.1630207822734782
147.839   84.4026   1.1399346823393
149.259   84.426   1.1165092252193871
149.951   85.6676   1.0841593655916049
151.371   85.6909   1.0563731064354074
152.062   86.9331   1.0165784573755232
153.482   86.956   0.9860506122912802
154.172   88.1984   0.940737928437033
155.591   88.2206   0.9088394852777982
156.281   89.4629   0.8602618031739011
157.7   89.4841   0.8290726928321667
158.389   90.7261   0.7794673309382547
159.808   90.7459   0.7499441379196229
160.497   91.9875   0.7018591739088461
161.917   92.0057   0.6757507306692385
162.606   93.2469   0.6323237541006979
164.025   93.2633   0.6104654781394261
164.715   94.5039   0.5753942040027912
166.134   94.5185   0.5592230681937252
166.824   95.7587   0.53717197432481
