-15.226   27.3191   0.40794643030672395
-13.8052   27.2962   0.4383448642336276
-13.8343   24.8437   0.4081680658748298
-13.1043   26.0613   0.4392734569718486
-11.6835   26.0376   0.4601199300182512
-10.9541   27.2555   0.49179810898375714
-9.53328   27.2314   0.504721576317081
-13.1352   23.6078   0.41334996068706553
-11.7145   23.5841   0.43148753168544646
-10.9843   24.8017   0.4561526608494112
-9.56352   24.7775   0.46677374861917587
-8.83402   25.9954   0.49174443047176386
-7.41328   25.9711   0.49384432931845834
-6.68478   27.1897   0.5178434358954438
-5.26415   27.1655   0.5109931842989679
-11.7479   21.1298   0.41576678559019054
-11.017   22.3472   0.43241504367910194
-9.59634   22.3228   0.4403312985696098
-8.86598   23.5405   0.45822863027096034
-7.44535   23.5159   0.4581164250493526
-6.71583   24.7341   0.47621208888477223
-5.2953   24.7096   0.46781665479116696
-4.56687   25.9284   0.48497337545477526
-3.14653   25.9042   0.4681186307977912
-2.41943   27.1238   0.48358310557752054
-0.999345   27.1   0.4587158000603417
-11.0519   19.8921   0.42164550276268703
-9.63139   19.8676   0.4264582211659177
-8.90038   21.085   0.43664162605046963
-7.47985   21.0602   0.4336321396068297
-6.7495   22.278   0.4448489659423727
-5.32907   22.2532   0.4341411724312724
-4.59962   23.4715   0.4456728077861574
-3.17937   23.447   0.42726352535642165
-2.45109   24.666   0.4381869925043409
-1.03107   24.6418   0.41241916650417487
-0.304187   25.8617   0.4222610398367329
1.11558   25.838   0.3900385545673633
1.84089   27.0587   0.3983328945743722
3.26037   27.0354   0.3611201446887168
-9.66833   17.4117   0.42350987993197814
-8.93681   18.629   0.42660906003037347
-7.51636   18.604   0.4197080752141886
-6.78538   19.8215   0.4241956535609469
-5.36503   19.7964   0.41003129929311194
-4.63481   21.0144   0.41565368096529465
-3.21462   20.9895   0.3945099249702076
-2.48538   22.208   0.40064359523147125
-1.06543   22.1835   0.37294902131524477
-0.337402   23.4027   0.37896281964857664
1.08229   23.3786   0.3456586582178991
1.80892   24.5986   0.3511659784204607
3.22836   24.575   0.31382295964444684
3.95345   25.7958   0.3185915152668059
5.37265   25.7725   0.2792808557706734
6.09614   26.9943   0.2835308723931112
7.51514   26.9713   0.2447773347350608
-8.97489   16.1725   0.4253979150160473
-7.55452   16.1474   0.41350812035557327
-6.82302   17.3647   0.41230838955810517
-5.40277   17.3394   0.39333435763990654
-4.67191   18.557   0.3936044557674592
-3.25184   18.5318   0.3682194564386836
-2.52185   19.7499   0.36988268261706747
-1.10199   19.725   0.3388421474669271
-0.373042   20.9437   0.34131261656141365
1.04657   20.9192   0.3057270642975514
1.77431   22.1386   0.30873929536098665
3.19368   22.1146   0.2703644577232733
3.92007   23.3347   0.2735199363848983
5.33923   23.3111   0.23477059888324825
6.06415   24.5321   0.23804035708257343
7.48313   24.5088   0.20232426547500315
8.2065   25.7307   0.20526752202918083
9.62538   25.7076   0.17631185439442176
10.3471   26.9304   0.17819436018011267
-7.59406   13.6905   0.41039233435823164
-6.86209   14.9076   0.405219750382431
-5.44195   14.8821   0.3800311604329293
-4.71056   16.0994   0.3764536185242451
-3.29062   16.0739   0.3453103359298689
-2.56002   17.2916   0.3434277996901221
-1.14029   17.2663   0.3074996300810774
-0.410616   18.4846   0.3071975673341176
1.00888   18.4597   0.2679259146032715
1.7375   19.6786   0.2690163757097298
3.15678   19.6542   0.22862941214987972
3.88423   20.8738   0.23086512101224685
5.30333   20.8498   0.19256494722560497
6.02953   22.0701   0.19576515113778362
7.44848   22.0465   0.1643822450874782
8.17331   23.2676   0.16787204919223514
9.59217   23.2442   0.14891119803426373
10.3155   24.4662   0.15138480769218454
11.7343   24.4431   0.14827632987095293
-6.90243   12.4502   0.3979515077242438
-5.48245   12.4247   0.36537560140217096
-4.75053   13.6417   0.3595092938993343
-3.33076   13.6159   0.32134772894794167
-2.59958   14.8333   0.3173644050614343
-1.18003   14.8076   0.27517943255265137
-0.44973   16.0256   0.2733458687011741
0.969601   16.0002   0.22919290270206868
1.69894   17.2187   0.2293692056488818
3.11806   17.1939   0.18619364248007955
3.84639   18.413   0.1885598920767598
5.26537   18.3887   0.1514302482993406
5.99264   19.6084   0.1556663422195035
7.41152   19.5845   0.13243092123820638
8.13765   20.8049   0.13732600809751955
9.55649   20.7813   0.13427348546902237
10.2813   22.0024   0.1375392671203387
11.7002   21.9792   0.15303901463352498
12.4236   23.2011   0.15335361097802863
-5.52435   9.96719   0.34482202902366893
-4.79185   11.184   0.3383751462504299
-3.37232   11.158   0.29225872527608115
-2.6405   12.3751   0.2876522907956734
-1.22119   12.3491   0.23832931922027303
-0.490234   13.5666   0.23613316863371725
0.928868   13.5409   0.1862083774941396
1.65888   14.759   0.18681295699174438
3.07781   14.7338   0.14116190137568774
3.80688   15.9524   0.14483086687581384
5.2257   15.9278   0.11301398143592681
5.95386   17.147   0.1192698205750302
7.37263   17.1229   0.11331126863644228
8.09986   18.3426   0.1193403603145213
9.51865   18.3189   0.13842429122086938
10.2448   19.5393   0.1414761463993133
-4.83473   8.72615   0.3094771762182129
-3.41548   8.70017   0.25508029892565115
-2.68298   9.91691   0.25080267103840614
-1.26395   9.89068   0.19388347531442474
-0.532259   11.1078   0.19235190771083832
0.886583   11.0818   0.13684832339491648
1.61733   12.2995   0.138865330446442
3.03604   12.2739   0.09420056316179737
3.76585   13.4921   0.10057963263006948
5.18449   13.4671   0.08771316263822734
5.91345   14.6859   0.09552504593037384
7.33209   14.6616   0.11908726254306128
8.06026   15.8808   0.12382085002131153
-3.46038   6.24237   0.20888274988614786
-2.72726   7.45879   0.20515230074264326
-1.30854   7.43247   0.14102623337521134
-0.576061   8.6492   0.1404219826095597
0.842498   8.62289   0.08111055295705889
1.5741   9.84011   0.08562693851820109
2.99258   9.81422   0.059479758741945034
3.72323   11.032   0.0683510650977731
5.14169   11.0068   0.09859815211250211
5.87147   12.2251   0.10339011606532054
-2.77336   5.00068   0.151733023762133
-1.35495   4.97434   0.08280642728677337
-0.6218   6.19072   0.08179873782033371
0.79651   6.16427   0.035471973796224514
1.52897   7.38101   0.04172345263757546
2.94726   7.3549   0.08177030328915307
3.67884   8.57216   0.08471274166263537
-1.40272   2.51613   0.04329963510238871
-0.669237   3.73235   0.03636034517162879
0.748873   3.7058   0.07625535640858387
1.48202   4.92218   0.07461134766240393
-0.717661   1.27401   0.07983142770237943
0.730082   1.23019   0.14903585272007558
1.41663   2.47347   0.1452409229521766
-0.733618   3.66024   0.288733573205472
0.684685   3.68838   0.21816045333882167
1.37153   4.9315   0.21371743681786873
2.78987   4.95958   0.1446337664585972
3.47738   6.20231   0.14236618980642826
-1.46531   4.87567   0.3564250549554564
-0.778419   6.11876   0.34928864627410955
0.640067   6.14691   0.2828088798040109
1.32755   7.38969   0.27656429415237144
2.74607   7.41779   0.21073340504058638
3.43443   8.66006   0.20671824423596402
4.8531   8.68766   0.14580408910589585
5.54241   9.92935   0.14560635047964005
-2.92824   7.30723   0.46856619084180556
-1.50943   7.33488   0.40995964362361204
-0.821961   8.57771   0.40084562476843816
0.596777   8.60575   0.33966187368616957
1.28504   9.84814   0.33171195652252156
2.7038   9.8761   0.27029982556413196
3.39298   11.1179   0.26464133105015814
4.81185   11.1455   0.20633794997527652
5.50195   12.3867   0.20374187124889098
6.92101   12.4136   0.1530179038544188
7.61196   13.6543   0.15418374136075336
-3.65882   8.52415   0.5168069404526224
-2.97132   9.767   0.505485632733512
-1.55223   9.79454   0.45357423956834153
-0.864089   11.037   0.44289911277851884
0.554932   11.0649   0.38785553450866156
1.24391   12.3069   0.37861649462219604
2.66294   12.3346   0.32254490602085095
3.35281   13.576   0.31546642040001605
4.77194   13.6033   0.26082975846325457
5.4627   14.8442   0.25639565206921794
6.88197   14.871   0.2064593541111666
7.57361   16.1113   0.20487294233255837
8.99305   16.1375   0.1636949018754094
9.68568   17.3773   0.1649757463992812
-5.12063   10.9577   0.584159644275432
-3.70117   10.9846   0.5447624000424405
-3.01308   12.2271   0.532436205474421
-1.59373   12.2545   0.4876797617289442
-0.904964   13.4967   0.4762260816135534
0.51435   13.5242   0.4277600821126255
1.20393   14.7659   0.4178374421949286
2.62325   14.7932   0.3673345887607101
3.3137   16.0343   0.3593095602680219
4.73308   16.0613   0.3090627970170462
5.42446   17.3019   0.3031135985072257
6.84396   17.3283   0.25532095977416236
7.53637   18.5683   0.2516784537857784
8.95602   18.5943   0.20922105152206819
9.64961   19.8335   0.20758459865799256
11.0695   19.859   0.17398143579129413
11.7644   21.0974   0.17392348892544743
-5.85013   12.1759   0.60862997995498
-5.16199   13.4185   0.5958035656993004
-3.74232   13.4452   0.5638022777534692
-3.05368   14.6876   0.5515728895622051
-1.63408   14.7146   0.5138454328881402
-0.944767   15.9565   0.5027404323594821
0.474802   15.9836   0.4605891301192421
1.16494   17.225   0.4508170582398144
2.58451   17.2519   0.40573310500869886
3.27557   18.4928   0.39741098324027163
4.69519   18.5193   0.3513132812747042
5.38733   19.7595   0.3445116085126881
6.80704   19.7856   0.29935835398398375
7.50042   21.0251   0.29410745383277814
8.92029   21.0508   0.25212368571794247
9.61509   22.2894   0.24838385615816494
11.0351   22.3147   0.21197322944183278
11.7315   23.5523   0.2092598862658568
-7.31067   14.6109   0.6312578412186255
-5.89079   14.6371   0.6133949367251079
-5.20218   15.8795   0.6021514314522541
-3.78234   15.9061   0.5769944640982272
-3.09321   17.1482   0.5665038481775732
-1.6734   17.1749   0.5350653269461593
-0.983535   18.4166   0.5254247695731518
0.436252   18.4432   0.48884774480404464
1.12702   19.6843   0.4801344120139692
2.54681   19.7107   0.43963859805526584
3.23867   20.9512   0.4318980671408468
4.6585   20.9773   0.3892812602733393
5.35164   22.217   0.3824200519062768
6.77156   22.2428   0.3395252716661898
7.46617   23.4816   0.33375554302513005
8.88624   23.507   0.2924833157634805
9.58249   24.7448   0.28779118141458
11.0027   24.7699   0.2498717671126524
-8.03889   15.83   0.6361010136762874
-7.3502   17.0725   0.6275435259007938
-5.93023   17.0986   0.6157703422543179
-5.24117   18.3408   0.6079319485764824
-3.82121   18.3671   0.588421704647271
-3.13152   19.609   0.5811674189938733
-1.71156   19.6354   0.5546876025295672
-1.02101   20.8767   0.5478914691834497
0.398934   20.9029   0.5155634802582499
1.09056   22.1437   0.5089562892822923
2.51053   22.1696   0.47192405840346696
3.20346   23.4096   0.46550340492847103
4.62347   23.4353   0.4254774166744919
5.31791   24.6743   0.4195782043910279
6.738   24.6997   0.37832815504532563
7.43411   25.9378   0.3730352890813412
8.85435   25.9629   0.3322117547589191
9.55224   27.1998   0.32768126647704543
-9.4974   18.2665   0.6292071255953794
-8.07744   18.2921   0.6309433606909578
-7.38836   19.5345   0.6275380706379486
-5.96834   19.5604   0.6205690163873799
-5.27874   20.8025   0.617609015802068
-3.85869   20.8285   0.6024418830891481
-3.16828   22.0701   0.5994908923411597
-1.74821   22.096   0.5766728036763993
-1.05674   23.337   0.5734574889222385
0.363329   23.3628   0.5440534521542891
1.05611   24.603   0.5403742814938538
2.47621   24.6285   0.5054847772188589
3.17052   25.8678   0.5014992658020542
4.59066   25.8931   0.46304622836170406
5.28666   27.1314   0.45907142374580445
6.7069   27.1564   0.41850951972446254
-10.2235   19.4868   0.6240506149343984
-9.5344   20.7293   0.6269152864622146
-8.11446   20.7547   0.6324424476582824
-7.42487   21.9969   0.635554307356971
-6.00482   22.0226   0.6320023481760167
-5.3145   23.2644   0.6349010108670489
-3.89438   23.2901   0.6224789333784712
-3.20301   24.5313   0.624582830775871
-1.78286   24.5568   0.6040145382356289
-1.09018   25.7973   0.6050149654752353
0.329998   25.8226   0.5772156603982607
1.02421   27.0622   0.577006152480196
2.44442   27.0873   0.5434219153659522
-11.6789   21.9255   0.6076707332100171
-10.2592   21.9503   0.6255175537105259
-9.56959   23.1927   0.6359084526093366
-8.14965   23.2179   0.6441741634837588
-7.45937   24.4599   0.6540732845790295
-6.03931   24.4853   0.6527980272641768
-5.348   25.7267   0.6615076514296713
-3.92784   25.752   0.650962125549559
-3.23524   26.9927   0.6579804936318396
-1.81501   27.0178   0.6386477950325984
-12.4022   23.1475   0.6012008316694184
-11.7126   24.3899   0.6193758955593918
-10.2929   24.4146   0.6395010633298429
-9.60267   25.6567   0.6571479164541254
-8.18272   25.6817   0.6674081911394252
-7.49152   26.9233   0.6835171120023261
-6.0714   26.9483   0.6837452935121373
-13.8537   25.5889   0.5867775472868749
-12.4343   25.6128   0.6183605744223996
-11.7442   26.855   0.6437212828546207
-10.3245   26.8794   0.6656982124055916
-14.5737   26.8128   0.5812105298426726
3.53667   1.19479   0.28863458368671074
4.9551   1.16883   0.3563260513911386
5.68821   2.38525   0.3492886063128903
7.10691   2.36024   0.40995865059783826
7.83949   3.57702   0.40084513381105286
9.25843   3.55299   0.4535752297028585
9.99039   4.77019   0.4428971663941894
11.4095   4.74703   0.48768091422568494
12.1409   5.96461   0.4762251774108551
13.5603   5.94215   0.5138453701260723
14.2911   7.16008   0.5027352672132729
15.7106   7.13824   0.5350664957741257
16.441   8.35653   0.5254221255333691
17.8605   8.33544   0.5546872564788206
18.5903   9.55415   0.5478890175938942
20.0098   9.53402   0.576667098506583
7.79236   1.11768   0.4685661311917465
9.21154   1.09344   0.5167076807054457
9.94412   2.31026   0.5054866642157857
11.3635   2.28697   0.5447650451341403
12.0955   3.50416   0.5323337922769886
13.5151   3.48167   0.5637991139581545
14.2466   4.69921   0.5515734515909937
15.6662   4.67743   0.5769963952227105
16.3974   5.8953   0.566409009109143
17.817   5.8743   0.5884167060850687
18.5477   7.09254   0.5810682183702709
19.9673   7.07251   0.6023415234731898
20.6974   8.29124   0.599495722169893
12.05   1.04426   0.5841523216593437
13.4697   1.02158   0.608628736505272
14.2017   2.23882   0.595716268453366
15.6215   2.21697   0.6133940769195636
16.3531   3.43453   0.6021555101466753
17.7729   3.41354   0.615771453463054
18.5042   4.63142   0.6078344199697818
19.9239   4.61145   0.6205671193352116
20.6548   5.82971   0.6176140478486551
22.0745   5.81097   0.632005640797613
16.3088   0.97424   0.6312525282325605
17.7286   0.953126   0.6359977471941253
18.4603   2.17078   0.6275476871123042
19.8801   2.15077   0.6308537587270135
20.6115   3.36873   0.6275446199275426
22.0313   3.35003   0.6324449877262065
22.7623   4.56834   0.6355518129153623
20.568   0.908267   0.6292032052755309
21.9878   0.88956   0.6240618566296153
22.7192   2.10759   0.6269266646905365
24.1391   2.09045   0.6255214743715861
24.8275   0.84847   0.6076839681289968
11.6637   19.5159   0.17405524984900683
12.3887   20.737   0.17385183346746733
13.8075   20.7141   0.21190691352572813
9.47897   15.857   0.16370540125481617
10.2063   17.0767   0.16493016704047886
11.6251   17.0533   0.20920497126024762
12.3515   18.2736   0.20754259803712882
13.7704   18.2506   0.25212389811360836
14.4956   19.4716   0.2483841581099726
7.28999   12.2006   0.1530175156640577
8.01903   13.4193   0.1542040803610618
9.43766   13.3955   0.2063370206724924
10.166   14.6146   0.2048698367256643
11.5848   14.5912   0.2553367971914762
12.3124   15.8108   0.2515749788830376
13.7314   15.7879   0.29928690248656276
14.458   17.0081   0.2940741743166177
15.8771   16.9858   0.3395239314098495
5.09718   8.54674   0.14580169340580568
5.82787   9.76454   0.14551903449377473
7.24632   9.73991   0.20624348135153547
7.97623   10.9582   0.20364880947356676
9.39485   10.9343   0.26081793573295625
10.1241   12.153   0.2563993174717909
11.5429   12.1296   0.30894455813300914
12.2716   13.3487   0.30308655529403117
13.6906   13.3258   0.35131972617546237
14.4186   14.5453   0.34451522462730133
15.8376   14.5231   0.38926476850596275
16.5647   15.7432   0.38242753561949566
2.90019   4.89589   0.14463373119711925
3.63267   6.11266   0.14236652696473268
5.05096   6.08706   0.21063417220384717
5.78261   7.30433   0.20671682805229255
7.20105   7.27961   0.27029852866784204
7.93192   8.49737   0.2646428895700775
9.35057   8.47346   0.3225419724625009
10.0808   9.69164   0.3154641642088696
11.4996   9.66839   0.36732528758581423
12.2293   10.8869   0.3593099219336982
13.6483   10.8642   0.4057339275929485
14.3774   12.0831   0.397402075988541
15.7966   12.061   0.4396372254484385
16.5249   13.2804   0.43178097456928605
17.9442   13.259   0.47192691171409346
0.700329   1.24736   0.14893877547838455
1.43377   2.46357   0.14514202458282258
2.85189   2.43714   0.21816013797208733
3.58504   3.65353   0.21361749670848906
5.00335   3.62777   0.2827089775723467
5.73588   4.84454   0.27656383440356114
7.15441   4.8197   0.33956228368298036
7.88622   6.03694   0.33171257874853094
9.30498   6.01301   0.3878578672658353
10.0361   7.23069   0.3786151635896297
11.4551   7.20752   0.42766238097359033
12.1856   8.42556   0.4177411758493551
13.6048   8.403   0.46058560159866047
14.3348   9.62139   0.45071445783334046
15.7542   9.59941   0.48885313142088027
16.4836   10.8182   0.48012350494430067
17.903   10.797   0.5154588150376328
18.6317   12.0163   0.5088596761387195
1.46215   0.0154939   0.07991454675614415
2.88039   0.0432803   0.0432949321940799
3.56693   1.2866   0.03636953945267952
4.98538   1.31375   0.08280848507248496
5.67223   2.55687   0.08180369001457083
7.09098   2.58301   0.1410277171339024
7.77846   3.82572   0.14042277201365988
9.19756   3.85073   0.19379067392421084
9.88581   5.09298   0.19235936317216157
11.3052   5.11696   0.2382342955999405
11.9942   6.35876   0.23603749363183904
13.4138   6.38188   0.27519146353039353
14.1034   7.62331   0.27334123069892025
15.5232   7.64563   0.3075089104400075
16.2135   8.88669   0.30718510722364223
17.6333   8.90812   0.33883565396811455
18.3243   10.1488   0.3413203334112979
19.7442   10.1691   0.3728893267445457
2.83488   2.50145   0.0763524413493104
3.52172   3.74456   0.07470759265295476
4.94016   3.77193   0.035478513215747416
5.62766   5.01464   0.04173260835366005
7.04639   5.04107   0.08103669539165699
7.73474   6.28327   0.08562770930020251
9.1538   6.30869   0.13676215192808325
9.84298   7.55038   0.138863798018057
11.2623   7.57487   0.18621223268088624
11.9522   8.81613   0.18682493837815073
13.3718   8.83981   0.22911379268826348
14.0624   10.0807   0.22938136018430094
15.4821   10.1036   0.2679549820398944
16.1734   11.344   0.26900122676300003
17.5933   11.3659   0.30571661714731824
18.2854   12.6059   0.30865458039692156
4.89591   6.22986   0.08186067798399975
5.58429   7.47205   0.08471133159146955
7.00307   7.49876   0.059496582254781584
7.69238   8.74041   0.06835809023078418
9.11145   8.76621   0.09419723350502365
9.80157   10.0074   0.10060875409227643
11.2209   10.0323   0.14113093211624364
11.9118   11.2731   0.14481943930287847
13.3313   11.2973   0.18621734613080507
14.0229   12.5376   0.18857746418912405
15.4426   12.5609   0.22854087161818618
16.1351   13.8007   0.2308509042650692
17.5549   13.8231   0.27031045114830593
6.9613   9.95622   0.09859218072443607
7.65149   11.1974   0.1034185844033843
9.07063   11.2235   0.08774531554447738
9.76162   12.4641   0.09554564354275934
11.181   12.4895   0.11297800670927095
11.8728   13.7297   0.11920322982201309
13.2924   13.7543   0.15142113458827405
13.985   14.994   0.15568089156990336
15.4048   15.0177   0.19254887691181172
16.0985   16.2568   0.1957736192647007
9.03123   13.6806   0.11910997817143622
9.72303   14.9208   0.12383654549445455
11.1425   14.9463   0.1133484891826976
11.8352   16.186   0.1194009212694774
13.2549   16.2108   0.1323974319992644
13.9487   17.4498   0.1373534855764489
15.3686   17.4738   0.16434214310395265
11.1053   17.4028   0.13840469645210782
11.7991   18.6419   0.14150572426583927
13.2189   18.6668   0.13428320818330283
13.914   19.9051   0.13759698397857428
13.1845   21.1222   0.15296303475023004
22.753   0.374777   0.42163342730979075
24.1729   0.390952   0.41566933233521164
24.8618   1.63263   0.43241982204797325
18.4933   0.313785   0.425420854591076
19.9132   0.332846   0.4234172728692119
20.6016   1.575   0.4265099324752004
22.0215   1.59275   0.4263524979403785
22.7104   2.83456   0.4365485540005833
24.1303   2.85074   0.4403372861795832
14.2335   0.247446   0.3979731858756317
15.6534   0.268616   0.41039435731500984
16.3414   1.51105   0.40520478822442463
17.7613   1.5313   0.4135066370688628
18.4498   2.77344   0.41229975745808983
19.8697   2.79264   0.41970562731514605
20.5587   4.03446   0.4242003517207411
21.9786   4.05236   0.4336317434183053
22.6681   5.29377   0.44484847577574105
9.97444   0.176084   0.30938268439594346
11.394   0.199374   0.3447317772471828
12.0815   1.44211   0.33837597151689286
13.5013   1.46439   0.3652725865706315
14.1893   2.70677   0.359501184420857
15.6092   2.72817   0.3800250996973758
16.2978   3.97024   0.37635462319466667
17.7177   3.99075   0.39332912694078354
18.4068   5.2325   0.3935965204368547
19.8268   5.25196   0.410036157064227
20.5164   6.49334   0.415658410356389
21.9364   6.51149   0.4341434763992212
5.71739   0.0985455   0.15164025174985712
7.13624   0.124411   0.20888344601868197
7.82313   1.36752   0.20505571072272238
9.24231   1.3922   0.25498608844405707
9.92979   2.63493   0.2508041367282445
11.3493   2.65849   0.29225812837284937
12.0374   3.90081   0.2876487761142042
13.4571   3.92343   0.32135085187377527
14.1458   5.16537   0.317369215425818
15.5657   5.18717   0.34521170446553573
16.255   6.42877   0.34333531947645585
17.6749   6.4497   0.3682135284043768
18.3648   7.69095   0.36978633141315476
19.7848   7.7108   0.3945047066892865
20.4754   8.95161   0.4005568600086645
-30.7221   54.4475   0.047865749759088784
-29.9988   55.6678   0.09109215114377185
-28.5782   55.649   0.16245793301651654
-30.0101   53.2192   0.07771048835260028
-28.5895   53.2003   0.14335082838965127
-27.8661   54.4206   0.19471224922946964
-26.4455   54.4017   0.26716126216201225
-25.7223   55.6223   0.3157200975547781
-24.3017   55.6035   0.38589619070418346
-28.601   50.7518   0.1224077203447555
-27.8775   51.9719   0.1740553360285161
-26.4569   51.9529   0.2455919786963735
-25.7336   53.1732   0.29780104096527266
-24.3129   53.1541   0.3690362854788104
-23.5899   54.3749   0.41658402513778536
-22.1692   54.3561   0.4837089517468098
-21.4466   55.5775   0.524503822674342
-20.0258   55.5593   0.58516386593842
-27.8893   49.5232   0.15127329572664316
-26.4687   49.5042   0.21968586663688477
-25.7451   50.7243   0.27438660681600324
-24.3245   50.705   0.34591958603120254
-23.6012   51.9254   0.3976833036475127
-22.1805   51.9062   0.4661562077244069
-21.4577   53.1272   0.5120303311328336
-20.0368   53.1083   0.574796946755983
-19.3146   54.33   0.612961736163033
-17.8936   54.3118   0.66802196071686
-17.1721   55.5343   0.6976701871228267
-15.751   55.5167   0.7438848701244016
-26.4811   47.0557   0.19215082617568852
-25.7571   48.2755   0.24713552961887067
-24.3366   48.2561   0.31788714978746685
-23.6129   49.4762   0.3727546243844586
-22.1923   49.4566   0.442068931276559
-21.4691   50.6772   0.4923151531285597
-20.0483   50.6578   0.5567351434928433
-19.3256   51.879   0.6001416082892418
-17.9047   51.8601   0.657141035090641
-17.1828   53.0821   0.6922934421182949
-15.7617   53.0638   0.7405512878930113
-15.0406   54.2867   0.7668620540879539
-13.6194   54.269   0.8056792910333476
-12.8992   55.4927   0.823083987209082
-11.478   55.4756   0.8522915756946089
-25.7699   45.8267   0.21876930771934222
-24.3494   45.8074   0.2870528522763712
-23.6253   47.0272   0.3433819010955587
-22.2047   47.0074   0.41279573641208706
-21.481   48.2275   0.4664073970253872
-20.0603   48.2076   0.5318957228630409
-19.3372   49.4284   0.5797418045992524
-17.9163   49.4088   0.6383880794626389
-17.1939   50.6304   0.6787000957713197
-15.7728   50.6113   0.7288537027415012
-15.0513   51.8337   0.7605809884555335
-13.6301   51.8152   0.8010672943017942
-12.9095   53.0385   0.8238195190695574
-11.4882   53.0206   0.8546551702294878
-10.7685   54.2447   0.8687066535948709
-9.34727   54.2273   0.8899278411759005
-8.62848   55.4521   0.8961625511591059
-7.20728   55.4353   0.9087395968592956
-24.3631   43.3588   0.2559162949090965
-23.6386   44.5782   0.31179783514321885
-22.218   44.5584   0.38015314019484325
-21.4938   45.7781   0.4358615491185252
-20.0731   45.7579   0.5015872207303507
-19.3494   46.9782   0.5528851056051339
-17.9286   46.958   0.6126285171292621
-17.2056   48.1791   0.6574604246644811
-15.7846   48.1593   0.708915869479587
-15.0625   49.3812   0.74573852656276
-13.6413   49.3619   0.7878371532239364
-12.9202   50.5847   0.8159323869046983
-11.4989   50.566   0.848058830506467
-10.7788   51.7896   0.8673540050060283
-9.35752   51.7715   0.8896149652518215
-8.63835   52.9959   0.9007061396482184
-7.21714   52.9782   0.913647432054619
-6.49894   54.2033   0.9174068310188205
-23.6529   42.1293   0.2802935068816265
-22.2324   42.1095   0.3461430195742775
-21.5076   43.3288   0.4022729670261211
-20.0869   43.3084   0.4675616429948007
-19.3626   44.5282   0.5211340710412209
-17.9418   44.5076   0.5812496881719564
-17.2182   45.7281   0.6295065845565047
-15.7972   45.7077   0.6818881799826126
-15.0744   46.929   0.7231572512254838
-13.6533   46.909   0.7662255216318488
-12.9315   48.1313   0.799344737894733
-11.5103   48.1117   0.8324015977879904
-10.7896   49.3349   0.8570580027045991
-9.36832   49.3159   0.8800277061547525
-8.64867   50.5399   0.8962716896120263
-7.22746   50.5214   0.9096647363177254
-6.50885   51.7462   0.9181792069634326
-5.08774   51.7282   0.9226549138220628
-22.2481   39.6606   0.31253369418352256
-21.5226   40.8796   0.36774062870452523
-20.102   40.8591   0.4312558869163394
-19.377   42.0785   0.485924088721682
-17.9562   42.0576   0.5456013379748964
-17.2319   43.2775   0.5963106237524212
-15.8109   43.2565   0.6489958705569686
-15.0874   44.4773   0.6935866059837074
-13.6663   44.4565   0.7373465535282553
-12.9438   45.6782   0.7746436277411678
-11.5226   45.6579   0.8083304893420757
-10.8012   46.8805   0.8377238268068998
-9.37993   46.8607   0.861176661841227
-8.65966   48.0843   0.8824753155187952
-7.23846   48.065   0.8960057296691786
-6.51933   49.2893   0.9095699997251426
-5.09823   49.2705   0.9139172008448012
-4.38017   50.4956   0.9203387452997945
-21.5391   38.4303   0.33358598591667465
-20.1185   38.41   0.39438677716170795
-19.3928   39.6289   0.44883691915884166
-17.972   39.6077   0.5071796821640203
-17.2469   40.8272   0.5592399574422412
-15.8259   40.8057   0.6114091510600707
-15.1016   42.0259   0.658552541563692
-13.6805   42.0045   0.7022378656837014
-12.9572   43.2256   0.7429016354807678
-11.536   43.2045   0.7767492581264537
-10.8138   44.4266   0.8101713707605325
-9.39256   44.406   0.8337775675202558
-8.67158   45.629   0.8595222361288856
-7.25038   45.6089   0.8729712767325167
-6.53061   46.8327   0.8912884238000615
-5.10952   46.8132   0.8951038599514554
-4.39091   48.0378   0.9064708448152072
-2.96997   48.0187   0.901495182959952
-20.1366   35.9607   0.3580995950849423
-19.4101   37.1793   0.4111867337354155
-17.9894   37.1581   0.46710970874089136
-17.2634   38.377   0.5195520666882193
-15.8425   38.3552   0.5703286245665737
-15.1173   39.5748   0.6190824581588461
-13.6962   39.5529   0.6620012462223906
-12.972   40.7733   0.7053011130006802
-11.5508   40.7516   0.7386662913657289
-10.8277   41.973   0.7753829892382195
-9.4065   41.9517   0.7985244723237979
-8.68468   43.174   0.8282117482866327
-7.2635   43.1532   0.8409662701916152
-6.54296   44.3765   0.863642190087999
-5.1219   44.3562   0.8666132829007384
-4.4026   45.5803   0.8825348738718467
-2.98169   45.5605   0.876459466775273
-2.2636   46.7854   0.8862037186223026
-19.4293   34.7295   0.37410117615425587
-18.0085   34.7084   0.4268574000764162
-17.2818   35.9268   0.4783316945384223
-15.8608   35.9049   0.5269719347365661
-15.1347   37.1239   0.5764081453275949
-13.7137   37.1016   0.6177333486222018
-12.9885   38.3214   0.6627576178362627
-11.5673   38.2991   0.695173424405736
-10.8433   39.5198   0.7343678233691857
-9.42204   39.4978   0.7566076069535647
-8.69927   40.7195   0.78934090233561
-7.2781   40.6979   0.8011802066950947
-6.55667   41.9206   0.8273243646841288
-5.13563   41.8995   0.8291453935227503
-4.41553   43.1231   0.8490307674636997
-2.99466   43.1025   0.8414594716918926
-2.27586   44.327   0.8554542360640894
-0.855199   44.307   0.8396260569330839
-18.0296   32.2585   0.3879219509128072
-17.3021   33.4766   0.4371353451735502
-15.8812   33.4546   0.4827791316948126
-15.1541   34.6731   0.5316075338066598
-13.7331   34.6505   0.570900350323943
-13.0069   35.8696   0.6165572317311642
-11.5857   35.8469   0.6472684837067223
-10.8606   37.0668   0.6881431391796318
-9.43946   37.0443   0.7089179846075253
-8.71563   38.2652   0.7439915040509526
-7.29449   38.243   0.7544958839516605
-6.57204   39.465   0.7835168733983974
-5.15104   39.4433   0.7837889463369578
-4.43   40.6662   0.8068522182531296
-3.00919   40.645   0.7975892677312028
-2.28953   41.8689   0.8151504965955647
-0.868954   41.8481   0.797376659525472
-0.150615   43.0728   0.8099052468752107
1.26972   43.0527   0.7846792267544748
-17.3245   31.026   0.39797492383314725
-15.9036   31.0041   0.44021552675933606
-15.1757   32.2221   0.48665028511241865
-13.7547   32.1994   0.5233098126349244
-13.0275   33.4179   0.5681656624612219
-11.6064   33.3948   0.5968497465861872
-10.8802   34.6141   0.638119879019607
-9.45905   34.5911   0.6572938843470244
-8.73408   35.8113   0.6936298779608607
-7.313   35.7885   0.7025665606189899
-6.58941   37.0098   0.7333853574349561
-5.16847   36.9874   0.7319916863598912
-4.44635   38.2097   0.7573680621732057
-3.02562   38.1878   0.7463142585399253
-2.30496   39.411   0.7665694564747538
-0.884465   39.3897   0.7467810356623924
-0.165228   40.6138   0.7623741956388582
1.25501   40.593   0.735081925774262
1.9729   41.8179   0.7464902306125624
-15.9284   28.5531   0.40203558300230025
-15.1996   29.7709   0.4443395998557855
-13.7787   29.748   0.4779323278456891
-13.0505   30.9662   0.5202271619206356
-11.6295   30.9428   0.5463816523273801
-10.9022   32.1615   0.5865277316546914
-9.48108   32.138   0.6037511311790613
-8.75493   33.3575   0.6401557251169426
-7.3339   33.3343   0.6474061399925064
-6.60911   34.5548   0.6790436885061203
-5.18823   34.5318   0.6759725779201403
-4.46493   35.7534   0.702599393395693
-3.04426   35.7309   0.6898669553616829
-2.32248   36.9534   0.7116644703791243
-0.902072   36.9315   0.6900807506835679
-0.181797   38.1549   0.7075839165561891
1.23833   38.1335   0.6783737336453992
1.95716   39.3578   0.6922380478563713
3.37701   39.337   0.6566495896595075
-13.0761   28.514   0.47601248933194745
-11.6551   28.4904   0.49951921884948447
-10.9268   29.7087   0.5365294493315331
-9.50578   29.6849   0.5516590156971942
-8.77843   30.9038   0.5862118828546559
-7.35749   30.8801   0.5918109853661034
-6.63143   32.0998   0.6227422501324288
-5.21063   32.0764   0.6182772556871217
-4.48604   33.2972   0.6449143261705381
-3.06546   33.2743   0.6307130273745712
-2.34242   34.496   0.6529272115634307
-0.922109   34.4736   0.6298734396059251
-0.200651   35.6963   0.6481606114420999
1.21937   35.6743   0.6174774076029017
1.93928   36.898   0.6323723894193972
3.35902   36.8766   0.5954142024674909
4.07745   38.1011   0.6074647404582414
-8.80479   28.4498   0.5354535875311697
-7.38394   28.4257   0.5393907675331476
-6.65661   29.6449   0.5678412789679869
-5.23591   29.6211   0.5622458860676528
-4.50998   30.8411   0.5872072142778885
-3.08948   30.8177   0.5721082603843417
-2.36509   32.0387   0.593354457638937
-0.944862   32.0157   0.5694341448701489
-0.222104   33.2377   0.5871320257284534
1.19783   33.2153   0.5555313115387823
1.91896   34.4382   0.5701726616560977
3.33861   34.4163   0.5324436668794159
4.05817   35.6401   0.5446476392127284
5.47755   35.6186   0.5022623877018855
-4.53691   28.3849   0.5329346508719413
-3.11649   28.361   0.5170113210559316
-2.39073   29.5813   0.5360339470593236
-0.970578   29.5579   0.5115528061735172
-0.246426   30.7792   0.5275276002495015
1.17344   30.7562   0.495632958952487
1.89591   31.9785   0.5088087758677099
3.31549   31.956   0.470999197876173
4.03632   33.1791   0.482044003800481
5.45563   33.1571   0.43993218068243195
6.17486   34.3812   0.44941287431492055
-0.273785   28.3205   0.47194443749661646
1.14602   28.2972   0.4399888603419392
1.86992   29.5186   0.451007556588576
3.28944   29.4957   0.41351005356580994
4.01166   30.7181   0.42264858700816427
5.43092   30.6956   0.3813133185452609
6.15148   31.919   0.3890607839399902
7.57052   31.8968   0.34572866181443374
3.98404   28.257   0.368041617891236
5.40327   28.2341   0.327728328955552
6.12527   29.4566   0.3335884142172805
7.54429   29.434   0.2923392140989627
8.26462   30.6575   0.2971855348094833
8.23698   28.194   0.24823418559900037
9.65584   28.1713   0.2126569829561205
7.40467   28.3936   0.4149201590667767
8.82506   28.4183   0.374006165858264
3.14033   28.3258   0.5424550773105553
4.56058   28.3507   0.5045528749298736
5.25827   29.5881   0.5033576105513856
6.67862   29.6128   0.46298568703578646
7.37811   30.8491   0.4617935183607487
-1.12088   28.2576   0.6438608550183805
0.299395   28.2825   0.6169350444122944
0.995229   29.5213   0.6204234773128752
2.41553   29.546   0.5873135707609682
3.11314   30.7837   0.5896598972289019
4.5335   30.8081   0.5520632327007474
5.23287   32.0447   0.55365817875292
6.65332   32.0689   0.5131827257420108
-5.3789   28.1892   0.6975924971643549
-3.95867   28.2141   0.6881201235249552
-3.26462   29.4541   0.6993930011088181
-1.84431   29.4788   0.6810727200527112
-1.14858   30.7178   0.6897730957351111
0.271784   30.7423   0.663584972862557
0.969278   31.9802   0.67021345553786
2.38969   32.0045   0.6377309592610354
3.08894   33.2414   0.6428027100907402
4.5094   33.2653   0.6055072935151145
5.21036   34.5012   0.6096551759806523
-9.63336   28.1212   0.6893617627922222
-8.21339   28.1458   0.7010793632678111
-7.52103   29.3869   0.7220633992247487
-6.10086   29.4115   0.7235048099356346
-5.40697   30.6518   0.7412639964277224
-3.98665   30.6762   0.7328526020967652
-3.29107   31.9155   0.7472892088074069
-1.87065   31.9397   0.7298648283072693
-1.17331   33.178   0.7411984633686174
0.247161   33.2019   0.7159258954451908
0.946245   34.4391   0.7248899851874079
2.36676   34.4628   0.6932263255243546
3.06751   35.699   0.7001784084074563
4.48808   35.7224   0.6635935187296503
-13.8837   28.0551   0.613738470360136
-12.4643   28.0788   0.6472765946641356
-11.7734   29.3207   0.6780065560155004
-10.3536   29.3448   0.7016984323767586
-9.66148   30.5861   0.7295191504683064
-8.24146   30.6103   0.7427147789696925
-7.5478   31.8509   0.7666864623821139
-6.12755   31.8749   0.7695436180620294
-5.4322   33.1145   0.7895547649783389
-4.01177   33.1384   0.7824820049688042
-3.31468   34.377   0.7986507898324513
-1.89414   34.4006   0.7826034058832102
-1.1953   35.6382   0.7953687509576929
0.225312   35.6615   0.7714958312369542
0.925816   36.8981   0.7814240634226716
2.34646   36.9211   0.751089527020581
3.04851   38.1567   0.7585679110007227
-16.0212   29.2572   0.5676509138546316
-14.6022   29.28   0.6120340350013217
-13.9114   30.522   0.6491379360351704
-12.492   30.5454   0.6845023739915002
-11.8001   31.7869   0.7186569348444354
-10.3804   31.8105   0.7439275502359072
-9.68698   33.0514   0.773898535016057
-8.2669   33.075   0.7886699259512813
-7.57187   34.3149   0.8140677053537985
-6.15153   34.3384   0.8184267310517171
-5.45474   35.5774   0.8392366438615501
-4.03421   35.6006   0.8338070069866286
-3.33569   36.8386   0.850376775553048
-1.91503   36.8615   0.8362025510604476
-1.21485   38.0985   0.8488992148070342
0.205885   38.1211   0.8270365806909623
0.907608   39.3572   0.836344055077812
2.32839   39.3795   0.8079589227801125
-16.7381   30.4831   0.560562868909456
-16.0475   31.7252   0.603053073949548
-14.6285   31.7477   0.6494202722428684
-13.9368   32.9894   0.6890531764675341
-12.5174   33.0123   0.726271023792082
-11.8244   34.2534   0.7617836306983765
-10.4046   34.2765   0.788681500987566
-9.70997   35.5168   0.8191768561183835
-8.2898   35.5398   0.8355039198591466
-7.59343   36.7792   0.8607682162463934
-6.17299   36.8019   0.866922132835469
-5.47487   38.0403   0.8871937797910886
-4.05422   38.0628   0.8837963622916754
-3.35444   39.3003   0.8993444223988929
-1.93366   39.3224   0.8873492350253083
-1.23234   40.5589   0.8986575403901075
0.188524   40.5808   0.8790238194633864
0.891261   41.8164   0.8864897344476139
-18.1816   32.9303   0.5410850580084415
-16.7631   32.9518   0.5971038351911662
-16.0716   34.1936   0.6415572071140645
-14.6527   34.2158   0.6898040953778097
-13.96   35.4571   0.7302977064184165
-12.5406   35.4796   0.7689471308223988
-11.8464   36.7202   0.8043280487462807
-10.4265   36.7427   0.8327433818410087
-9.73061   37.9825   0.8624694037471701
-8.31036   38.0047   0.880351187935815
-7.61275   39.2436   0.9044249330928467
-6.19219   39.2656   0.9123592823005638
-5.49289   40.5035   0.9309487047630499
-4.07213   40.5252   0.9295851628011272
-3.37127   41.7621   0.9430721189813643
-1.95038   41.7835   0.9331668069536118
-1.24811   43.0196   0.9419468740857938
0.172856   43.0407   0.9245670959800594
-18.8959   34.1578   0.5294742486655988
-18.2046   35.3996   0.5777615598151192
-16.7861   35.4209   0.6356181322146186
-16.0937   36.6624   0.6805642585384578
-14.6747   36.6842   0.7302116610956028
-13.981   37.9251   0.7701898142665861
-12.5615   37.947   0.8101156954410883
-11.8662   39.1872   0.8441894455630212
-10.4462   39.2089   0.8738237121982899
-9.74917   40.4482   0.9018036427072134
-8.32882   40.4697   0.9211117313333917
-7.63008   41.7081   0.9429356638180565
-6.20944   41.7293   0.9525516484159784
-5.50912   42.9668   0.9684991927719916
-4.08827   42.9876   0.9689763330959116
-3.38651   44.2242   0.9794399982132634
-1.96553   44.2448   0.9715388118340914
-1.26251   45.4806   0.9768272019144423
-20.3359   36.6074   0.500262980841078
-18.9177   36.6277   0.5659712536869683
-18.2257   37.8693   0.6146980234228825
-16.8072   37.8903   0.6738361892923226
-16.1139   39.1315   0.7182349337090188
-14.6948   39.1527   0.7686768046454896
-14.0001   40.3933   0.8072013937054373
-12.5805   40.4145   0.8478963203128075
-11.8841   41.6542   0.8799826816477693
-10.464   41.6752   0.9103814420340519
-9.7659   42.9141   0.9358347725961036
-8.34546   42.9348   0.9562618900698688
-7.64575   44.1727   0.9750714775851038
-6.22502   44.1931   0.985959413414162
-5.52386   45.4302   0.9985024571326795
-4.10292   45.4502   1.0004187385790007
-3.40047   46.6865   1.0069987680727324
-1.97941   46.7063   1.000809137098578
-21.0479   37.8362   0.48366559728804287
-20.3561   39.0778   0.5352670828661141
-18.938   39.0979   0.602308401070414
-18.2451   40.3393   0.6504842350126561
-16.8265   40.3599   0.7103183370855617
-16.1323   41.6007   0.7531536430237844
-14.7131   41.6214   0.8039250835743329
-14.0174   42.8615   0.8402997262881863
-12.5977   42.882   0.8812279444048502
-11.9003   44.1213   0.9105177538082375
-10.4801   44.1415   0.9413786963810051
-9.78108   45.38   0.9635316152571218
-8.36056   45.3998   0.9844734529686406
-7.66004   46.6375   0.9996773269910647
-6.23923   46.657   1.011339003549254
-5.53739   47.8938   1.0197972859348072
-4.1164   47.9129   1.022757582470058
-3.4134   49.149   1.0250686964296585
-22.4851   40.2878   0.44568778309484774
-21.0673   40.307   0.5185157471089954
-20.3748   41.5485   0.569758949030202
-18.9566   41.5683   0.6373728108415039
-18.2629   42.8094   0.6840485435990632
-16.8442   42.8295   0.7439334177196243
-16.1491   44.07   0.7843512988451028
-14.7298   44.09   0.8350159579313436
-14.0331   45.3298   0.868315829638041
-12.6133   45.3495   0.9090487170663625
-11.915   46.5885   0.9348474260541115
-10.4948   46.6078   0.9656649367145923
-9.79498   47.846   0.9838282642819326
-8.37437   47.8649   1.0049681830286965
-7.67319   49.1023   1.015789610352459
-6.25234   49.1209   1.0279223328637235
-5.54998   50.3575   1.0319086805042392
-4.12894   50.3758   1.0356101448421602
-23.1956   41.5174   0.42556106494837875
-22.5032   42.7589   0.47920393362325414
-21.0854   42.778   0.5525492919188293
-20.3921   44.0193   0.6025452763070995
-18.9738   44.0388   0.6699747084778632
-18.2793   45.2796   0.7142408137316149
-16.8605   45.2991   0.7734681247472314
-16.1645   46.5393   0.8107524776403702
-14.7451   46.5586   0.8607787520611784
-14.0476   47.798   0.890311934099504
-12.6277   47.817   0.9304104524348373
-11.9286   49.0556   0.9519308483288058
-10.5083   49.0741   0.9822652034964892
-9.80783   50.3119   0.9958560422571116
-8.38716   50.3301   1.0167764498157885
-7.68547   51.5671   1.0229318171315231
-6.26457   51.5849   1.0351225593619335
-5.56184   52.8212   1.0346490564921036
-24.6306   43.9705   0.3819608487790341
-23.2131   43.9889   0.4590234198818176
-22.5201   45.2302   0.5115599378371986
-21.1022   45.2491   0.5847116383312364
-20.4082   46.4902   0.6323740190741558
-18.9898   46.5092   0.6988445606857071
-18.2945   47.7498   0.7398319065841902
-16.8755   47.7687   0.7979342391450565
-16.1787   49.0086   0.8311962584131366
-14.7592   49.0271   0.8800124430938459
-14.0609   50.2662   0.9050716711951591
-12.6409   50.2843   0.9442268636297099
-11.9412   51.5227   0.9608667649575554
-10.5208   51.5403   0.9904004139740642
-9.81986   52.7779   0.999223151703361
-8.39915   52.7952   1.0197191546695594
-7.6971   54.032   1.0212104386462175
-6.27617   54.0489   1.0334534136089533
-25.3399   45.2008   0.3600296237811545
-24.6471   46.4421   0.41408488260258836
-23.2295   46.4605   0.4909400065181066
-22.5359   47.7016   0.5412828281037555
-21.1178   47.7203   0.6133515468310151
-20.4231   48.9611   0.6576246421781958
-19.0046   48.9796   0.7226359733641828
-18.3085   50.2199   0.7594173951128576
-16.8894   50.2381   0.8160503232031701
-16.1919   51.4777   0.8445678066324808
-14.7723   51.4955   0.891839430615174
-14.0734   52.7343   0.9119473669022786
-12.6533   52.7516   0.9497031378278159
-11.9531   53.9897   0.9614743366309889
-10.5326   54.0065   0.9899955050402997
-9.83129   55.2439   0.994043500255396
-8.41055   55.2602   1.0140034615325522
-26.7734   47.6549   0.3128633727364068
-25.356   47.6727   0.3917193638307916
-24.6627   48.9139   0.44361206025084526
-23.2449   48.9321   0.5196880217976928
-22.5507   50.1731   0.5664924094813619
-21.1325   50.1913   0.6370933605053499
-20.4371   51.4319   0.6769871564512879
-19.0184   51.4499   0.740141554028687
-18.3217   52.6899   0.7720098509734183
-16.9024   52.7074   0.8267075722406314
-16.2043   53.9467   0.8501741527475412
-14.7845   53.9637   0.8956603988119599
-14.0851   55.2023   0.9106018504264088
-12.665   55.2187   0.946952026239978
-27.4819   48.8857   0.28952669997773917
-26.7887   50.1269   0.34198305513577737
-25.3712   50.1446   0.42036758914074257
-24.6773   51.3858   0.468857910245736
-23.2594   51.4037   0.5434355619574404
-22.5646   52.6445   0.5858364020782585
-21.1463   52.6623   0.6544260691628967
-20.4502   53.9027   0.6893086826669169
-19.0314   53.92   0.7503700487093012
-18.334   55.1598   0.7769736224608911
-16.9146   55.1766   0.8295048040849424
-28.9143   51.3405   0.23839072968553213
-27.4969   51.3578   0.3175357302729878
-26.8032   52.599   0.3668108640703008
-25.3856   52.6166   0.44404654035359836
-24.6912   53.8577   0.4881914173764211
-23.2731   53.8752   0.5608148179212097
-22.5777   55.1159   0.5982274651000229
-21.1592   55.1331   0.6645280280018296
-29.6222   52.5715   0.213224857837916
-28.9286   53.8127   0.26206199648174844
-27.5111   53.83   0.34074351057650293
-26.817   55.0712   0.38576295830470786
-25.3992   55.0885   0.4614160595384602
-31.0536   55.0268   0.15671777180651816
-29.6362   55.0438   0.23530535480519757
-27.8549   56.8695   0.21104674837580337
-26.4342   56.8507   0.28323202502541905
-25.7112   58.0715   0.3274393684333013
-24.2905   58.0532   0.39597354709626575
-23.5679   59.2746   0.4340203336250487
-22.1471   59.2571   0.4970339425029211
-21.4251   60.4791   0.5280144505598302
-20.0042   60.4624   0.5839931335212772
-19.2828   61.6851   0.6075727281568835
-17.8618   61.6693   0.6558808199665543
-17.1411   62.8927   0.6722430066575598
-15.7199   62.8777   0.7125624955047792
-14.9999   64.1017   0.7227122387229928
-13.5787   64.0874   0.7552286077738306
-12.8592   65.3119   0.7602718132352381
-23.5789   56.8246   0.42870705615839705
-22.1581   56.8064   0.4939018728452028
-21.4358   58.0281   0.5295164775528685
-20.0149   58.0106   0.5879817259065109
-19.2933   59.2331   0.6157278376035946
-17.8723   59.2164   0.6662732022226299
-17.1514   60.4396   0.6861096559588686
-15.7303   60.4237   0.7281969033166776
-15.0101   61.6475   0.74071979182414
-13.5889   61.6324   0.7744290606634004
-12.8694   62.8568   0.7806411595605217
-11.4481   62.8423   0.8065623472491111
-19.3039   56.7814   0.6180468186148996
-17.8829   56.7639   0.6708731176608581
-17.1617   57.9868   0.6952809575991561
-15.7406   57.9701   0.73940290099512
-15.0202   59.1936   0.7554943811836033
-13.599   59.1776   0.7907687715128869
-12.8793   60.4018   0.7994541200093949
-11.4581   60.3865   0.8262499077155764
-10.7391   61.6112   0.8288197391471801
-15.0303   56.74   0.7648388130841678
-13.6091   56.7232   0.8018513203830225
-12.8892   57.9471   0.8143956348114842
-11.468   57.9309   0.8422610165500946
-10.7489   59.1555   0.8474949321382372
-9.32765   59.1399   0.8670941990349122
-10.7586   56.7   0.8614952002187813
-9.33738   56.6835   0.8818567017945692
-8.61886   57.9085   0.8840303820570865
-47.6701   84.0344   0.4197677810408976
-46.9644   82.8025   0.3909727739881666
-45.5437   82.7802   0.33990411883353416
-44.8177   83.9991   0.30523882452925527
-43.3972   83.9777   0.25717521264694293
-45.5619   80.3299   0.35649782608033304
-44.8367   81.549   0.31426183350830383
-43.416   81.5276   0.26521125541726104
-42.6905   82.7466   0.23022766992696392
-41.27   82.7263   0.19434109189772988
-40.5442   83.9454   0.17651388047402378
-39.1237   83.9266   0.1730678479672128
-44.8535   79.0992   0.33795297010087083
-43.4327   79.0779   0.28715065732120315
-42.7079   80.297   0.24350683768633657
-41.2872   80.2765   0.20190547293226233
-40.5621   81.4957   0.17474996423461758
-39.1414   81.4765   0.16267209348871062
-38.4162   82.6959   0.16676612365825436
-36.9954   82.6783   0.192838792777801
-36.2702   83.8979   0.21738686712862693
-34.8493   83.8821   0.25952656896741827
-43.4475   76.6285   0.32292565707914794
-42.7234   77.8478   0.2711617598408723
-41.3025   77.8273   0.2236006484784927
-40.5781   79.0465   0.1839742645045817
-39.1572   79.027   0.15791222245286018
-38.4326   80.2463   0.15076236267716048
-37.0117   80.2282   0.16721925726422276
-36.2871   81.4479   0.19296160239798416
-34.8661   81.4314   0.23283730371227268
-34.1414   82.6514   0.26706113532298303
-32.7202   82.6367   0.31044524476950497
-31.9956   83.8572   0.34253443622502866
-30.5743   83.8441   0.3831304086078269
-42.7373   75.3989   0.3120553957232623
-41.3163   75.3784   0.2597752875082598
-40.5924   76.5977   0.20919708410969784
-39.1714   76.578   0.16912078523942042
-38.4474   77.7973   0.14290087473490007
-37.0263   77.7788   0.14122740527248348
-36.3022   78.9984   0.15989296419792723
-34.8811   78.9813   0.1945839921473492
-34.157   80.2013   0.2325705484363812
-32.7358   80.1858   0.2753687527661744
-32.0117   81.4063   0.314139459476199
-30.5903   81.3924   0.3552907682448261
-29.8662   82.6133   0.38942553845375777
-28.4448   82.6011   0.42622578523594457
-27.7207   83.8223   0.45414440434734016
-26.2992   83.8115   0.4861822497788237
-41.3289   72.9296   0.3054845658949095
-40.6054   74.1492   0.24870371931276086
-39.1844   74.1293   0.19888360917883682
-38.4607   75.3488   0.15483232866556249
-37.0396   75.3299   0.12971314505477705
-36.3159   76.5495   0.12846715533552056
-34.8947   76.5318   0.1521771664869574
-34.171   77.7517   0.1886124333123338
-32.7498   77.7356   0.23049325369736953
-32.0262   78.956   0.2732884922568057
-30.6048   78.9413   0.31555159641491304
-29.8813   80.1622   0.3555080449160052
-28.4599   80.1491   0.39400643395761764
-27.7363   81.3704   0.42857104428553844
-26.3148   81.3588   0.46226546485758385
-25.5913   82.5805   0.49063030888847253
-24.1698   82.5701   0.5199334284309866
-23.4462   83.7921   0.5419075474654295
-40.6175   71.7006   0.2949884235016712
-39.1964   71.6808   0.23909500203894027
-38.473   72.9004   0.18585061205172484
-37.052   72.8812   0.1421485138860074
-36.3285   74.1009   0.11442110819249594
-34.9074   74.0827   0.11633988997759864
-34.1839   75.3027   0.14269484924130546
-32.7627   75.2858   0.18215540068853464
-32.0394   76.5062   0.22576210930977414
-30.6181   76.4907   0.26993252860668404
-29.8949   77.7116   0.31312901494431555
-28.4735   77.6977   0.35427945184557375
-27.7505   78.919   0.3931166366359978
-26.3291   78.9065   0.4297501250726991
-25.6061   80.1282   0.4630265111200398
-24.1846   80.117   0.49520495756807636
-23.4617   81.3392   0.5226775966119054
-22.0402   81.3291   0.5504819524743738
-39.208   69.2322   0.2803043702834481
-38.4847   70.4521   0.2249219642453805
-37.0637   70.4327   0.1703190241869658
-36.3404   71.6525   0.12583377924865946
-34.9193   71.6339   0.09916672829129675
-34.196   72.8539   0.10395234485089971
-32.7748   72.8364   0.1365345743758695
-32.0517   74.0568   0.17769032050170977
-30.6305   74.0405   0.22419788134592358
-29.9075   75.2614   0.26825461785400784
-28.4862   75.2466   0.313225861001291
-27.7635   76.4679   0.35390274087664036
-26.3421   76.4545   0.39463296871903447
-25.6196   77.6764   0.4305150984576503
-24.1982   77.6643   0.4666383396164518
-23.4758   78.8865   0.49711207991759376
-22.0543   78.8756   0.5287556524520549
-21.332   80.0982   0.5539679232590987
-38.4961   68.0035   0.2624614638380271
-37.0751   67.9841   0.20129624934409654
-36.3518   69.2041   0.15137413913875633
-34.9308   69.1852   0.1036454051079948
-34.2076   70.4053   0.08229641547479655
-32.7865   70.3872   0.09859929005829528
-32.0634   71.6076   0.13385260550321534
-30.6423   71.5906   0.18306334969075228
-29.9194   72.8115   0.2263111795736115
-28.4982   72.7958   0.2759672081969137
-27.7757   74.0172   0.31668744844088714
-26.3544   74.0029   0.36238941761591137
-25.6321   75.2247   0.39874773980550515
-24.2108   75.2118   0.43964870066906786
-23.4888   76.4341   0.4711562373565693
-22.0674   76.4223   0.5073038635768484
-21.3455   77.645   0.5338881062544854
-19.9241   77.6343   0.565346787379215
-37.0864   65.5353   0.2281898332529299
-36.3632   66.7556   0.17802600933571777
-34.9422   66.7365   0.11840612315247719
-34.2189   67.9567   0.08066405643159807
-32.798   67.9382   0.0707374723891112
-32.0748   69.1586   0.09720673844954995
-30.6538   69.141   0.1488548957878082
-29.9309   70.3618   0.19084771415974314
-28.5099   70.3454   0.2456773493832902
-27.7873   71.5667   0.28549441325531866
-26.3662   71.5515   0.33660209446763695
-25.644   72.7734   0.372264005780841
-24.2228   72.7595   0.4184210080767914
-23.501   73.9819   0.44948385955448916
-22.0797   73.9692   0.4904254275626395
-21.3581   75.192   0.5168156828115811
-19.9368   75.1804   0.5528513272119373
-19.2154   76.4035   0.5747442822682091
-36.3745   64.3069   0.2003700077356889
-34.9536   64.2878   0.134148499805254
-34.2303   65.5081   0.09011514856004897
-32.8094   65.4893   0.05325589169284252
-32.0862   66.7097   0.06821473447870212
-30.6653   66.6916   0.12229480773933117
-29.9423   67.9124   0.16327847378022525
-28.5213   67.8952   0.22343363667988672
-27.7987   69.1165   0.2623670901618548
-26.3777   69.1005   0.3188690797176803
-25.6555   70.3223   0.3535506328660729
-24.2344   70.3075   0.40489871573024244
-23.5126   71.5299   0.4347932612173253
-22.0914   71.5163   0.48076108411559193
-21.37   72.7391   0.5060513511492688
-19.9488   72.7267   0.5463810117491257
-19.2277   73.9499   0.5673233381414854
-17.8065   73.9384   0.60228018396756
-34.9649   61.839   0.14852942469423502
-34.2416   63.0594   0.10210592539123368
-32.8209   63.0405   0.04538557039412835
-32.0975   64.261   0.04541024113567136
-30.6768   64.2425   0.1021259026887874
-29.9536   65.4632   0.14327187442062583
-28.5328   65.4454   0.20843229116429968
-27.81   66.6665   0.24716158682125333
-26.3891   66.6498   0.30856851751272096
-25.6667   67.8715   0.34273504343734607
-24.2458   67.8559   0.3989721418846167
-23.5239   69.0781   0.4279795672692782
-22.1029   69.0637   0.4784643560391913
-21.3815   70.2865   0.5025227059546648
-19.9604   70.2732   0.5469174434958141
-19.2394   71.4964   0.5665996911400484
-17.8182   71.4841   0.605000471074197
-17.0976   72.7077   0.6206028842988078
-34.253   60.6107   0.11527024767909665
-32.8322   60.5918   0.0472912254017626
-32.1089   61.8123   0.028279144258623247
-30.6882   61.7935   0.0860659049798462
-29.9649   63.0141   0.12875507756978
-28.5442   62.9959   0.19790939846303104
-27.8212   64.2169   0.23761441454591933
-26.4005   64.1995   0.30315721993711425
-25.6779   65.421   0.33796550119797686
-24.257   65.4047   0.39830209640422204
-23.535   66.6267   0.42757729125855154
-22.1141   66.6115   0.48192344827783334
-21.3926   67.8342   0.5057167883311761
-19.9715   67.82   0.5535462130662602
-19.2506   69.0432   0.5723516576371559
-17.8295   69.03   0.6137658022405605
-17.109   70.2536   0.6280736342181522
-15.6878   70.2413   0.6630714139517682
-32.8436   58.1432   0.05926491373485906
-32.1202   59.3636   0.02257365721366069
-30.6996   59.3448   0.07187496086955197
-29.9762   60.5653   0.1168564076120771
-28.5556   60.5467   0.18858931571008822
-27.8325   61.7675   0.2305300197371264
-26.4118   61.7496   0.29927228404915734
-25.6891   62.9709   0.3360524512631908
-24.2683   62.9538   0.3998765934635327
-23.5461   64.1757   0.4306826557919398
-22.1252   64.1596   0.4884141787458665
-21.4035   65.3821   0.5131215353110785
-19.9825   65.3671   0.5640320380971252
-19.2615   66.5902   0.5829362743902621
-17.8404   66.5761   0.6268273207191914
-17.1199   67.7998   0.6405231377553816
-15.6988   67.7865   0.677500450184351
-14.9788   69.0106   0.6869969213904801
-32.1315   56.9149   0.03565739754945984
-30.7109   56.8961   0.058217007824174195
-29.9875   58.1165   0.10474664672436848
-28.5669   58.0977   0.17741051265356336
-27.8437   59.3184   0.22254278240374098
-26.423   59.3   0.29349814309463523
-25.7002   60.5211   0.33355632208069175
-24.2794   60.5033   0.4000207994592267
-23.557   61.725   0.43392619188059856
-22.1362   61.7082   0.49444434469412113
-21.4144   62.9305   0.5215508987625269
-19.9934   62.9146   0.5751812496943889
-19.2722   64.1375   0.595676464198475
-17.8512   64.1226   0.6417983094399674
-17.1306   65.3461   0.6561815450010751
-15.7095   65.332   0.6947936240352214
-14.9895   66.556   0.7040693857852335
-13.5683   66.5427   0.7354705568545881
-31.7611   56.2579   0.1303379069956243
-31.0672   57.4991   0.17418926488162206
-29.6497   57.5161   0.2519713078904012
-28.9555   58.7574   0.293208765216867
-27.5378   58.7744   0.368713615154091
-26.843   60.0154   0.4049150651679926
-25.4249   60.0321   0.4760005147056032
-24.7292   61.2728   0.5061280272816355
-23.3108   61.2888   0.5715626824767345
-22.6142   62.529   0.5952297539606035
-21.1952   62.5443   0.6540627645723308
-20.4977   63.7839   0.6713320340934126
-19.0783   63.7984   0.7232475440677268
-18.3799   65.0373   0.7346962909937677
-16.9601   65.051   0.7794916612767575
-16.2609   66.2895   0.7859245892577742
-14.8409   66.3025   0.8238023245900672
-14.141   67.5404   0.8262152927657527
-33.1918   58.7133   0.07396627609931326
-31.7744   58.7303   0.14716918835136517
-31.0804   59.9715   0.18805323714310174
-29.6628   59.9885   0.26404594297205125
-28.9684   61.2297   0.30183999072356155
-27.5506   61.2465   0.3747543328635437
-26.8555   62.4874   0.40757985720592166
-25.4373   62.5036   0.47575082763984794
-24.7415   63.7441   0.5027949383197882
-23.3228   63.7596   0.5653027949692089
-22.6261   64.9996   0.5864882863280391
-21.207   65.0142   0.642684137037782
-20.5094   66.2537   0.658375052686536
-19.09   66.2674   0.7079466858457627
-18.3917   67.5063   0.7187236534301619
-16.9718   67.5192   0.7617722297379973
-16.2729   68.7577   0.7684336861434424
-14.8528   68.7699   0.8052673407012111
-33.8991   59.9445   0.0594375302313324
-33.2051   61.1856   0.09038943522337184
-31.7876   61.2026   0.16184776797966594
-31.0935   62.4439   0.20034555148542776
-29.6758   62.4608   0.27348191896357626
-28.9814   63.702   0.30890430557051113
-27.5633   63.7183   0.3786723649805986
-26.8682   64.9592   0.4093650204890481
-25.4498   64.9749   0.4741289065222669
-24.7539   66.2153   0.49955885539143396
-23.3351   66.2301   0.5586661793951736
-22.6384   67.47   0.5789519928284209
-21.2192   67.4839   0.6320601949181741
-20.5217   68.7233   0.6476616477760583
-19.1022   68.7363   0.6946500917728287
-18.404   69.9752   0.7061460613782391
-16.9842   69.9873   0.7471151517671158
-16.2855   71.2258   0.755099218646132
-35.3299   62.3998   0.06381551535481114
-33.9124   62.4168   0.07711355263506112
-33.2186   63.658   0.1086657259672973
-31.801   63.675   0.17680005656107725
-31.1069   64.9163   0.21432619998497734
-29.6891   64.933   0.28359777855265433
-28.9946   66.1741   0.3180903330816578
-27.5764   66.19   0.3837870763848096
-26.8813   67.4308   0.4138996738341299
-25.4627   67.4459   0.4745765375574299
-24.7668   68.6862   0.49996356867275876
-23.3479   68.7004   0.5551268503684531
-22.6513   69.9402   0.5759821698629226
-21.232   69.9534   0.6254606382499216
-20.5347   71.1928   0.6421541325881197
-19.1151   71.205   0.6861254841499479
-18.4173   72.444   0.699125646790332
-16.9974   72.4553   0.7375860763327885
-36.0374   63.6308   0.08867406610728958
-35.3437   64.872   0.07013194707122114
-33.9261   64.8891   0.09814565706132974
-33.2325   66.1305   0.13112745707897822
-31.8147   66.1473   0.19553971463618278
-31.1208   67.3887   0.2331742267061265
-29.7028   67.405   0.2978867737916542
-29.0084   68.646   0.3328523095909056
-27.59   68.6615   0.39374738094367046
-26.895   69.9022   0.42463961190637795
-25.4762   69.9167   0.4804987096756868
-24.7806   71.157   0.5070990731602643
-23.3614   71.1705   0.5577921566318402
-22.6651   72.4103   0.5800935355612912
-21.2456   72.4228   0.6255322613582779
-20.5487   73.6622   0.6438821087745796
-19.129   73.6737   0.6843282034228892
-18.4315   74.9127   0.6989999570815435
-37.4691   66.0856   0.12955099382096716
-36.0515   66.1029   0.08865286233393704
-35.3581   67.3442   0.08540854758161
-33.9404   67.3614   0.12431592818299787
-33.2471   68.6028   0.16006292512633574
-31.8291   68.6195   0.22053936156613968
-31.1355   69.8608   0.25947121227604375
-29.7172   69.8768   0.31926305768128044
-29.0231   71.1178   0.35555203557285475
-27.6044   71.1327   0.41122279849249543
-26.9097   72.3734   0.4435492531839044
-25.4906   72.3873   0.4944100828259864
-24.7952   73.6275   0.5225078851079651
-23.3759   73.6403   0.5683224964753725
-22.6799   74.8802   0.5922595123761203
-21.2603   74.8919   0.6332363302906749
-20.5637   76.1314   0.6530466292693042
-19.1439   76.1422   0.6894577652039311
-38.1773   67.3163   0.15092922182268037
-37.4841   68.5575   0.11484123823783872
-36.0664   68.575   0.09769242549963036
-35.3735   69.8165   0.11163476161124745
-33.9556   69.8335   0.15752926712201895
-33.2626   71.075   0.19668218017909084
-31.8444   71.0915   0.2535397601955152
-31.1511   72.3328   0.294115980524691
-29.7325   72.3482   0.34902893862830253
-29.0387   73.5893   0.38662702957760126
-27.6198   73.6037   0.43725603483542663
-26.9253   74.8443   0.4707169213019637
-25.506   74.8576   0.5165422054392086
-24.8109   76.0978   0.5455328954334479
-23.3914   76.11   0.586701568090626
-22.6958   77.3499   0.6112658177912452
-21.276   77.3609   0.6479071615594308
-20.5799   78.6005   0.6678659446326036
-39.6105   69.7703   0.17801924053314963
-38.1928   69.788   0.1320869789191962
-37.5002   71.0294   0.11000268178549052
-36.0823   71.047   0.12072539086704268
-35.3899   72.2885   0.14912967511531944
-33.9718   72.3055   0.19851559132722585
-33.2792   73.547   0.24055359070277818
-31.8607   73.5631   0.2940565591854734
-31.1677   74.8044   0.3356764662588065
-29.7489   74.8194   0.38620154064944073
-29.0553   76.0605   0.42423353238517086
-27.6362   76.0743   0.47017692414664386
-26.9419   77.315   0.5036647893192452
-25.5225   77.3276   0.5449607967551433
-24.8277   78.5679   0.5734790057186049
-23.4081   78.5794   0.6102270069408597
-22.7128   79.8194   0.6337537297720615
-21.2929   79.8298   0.6662680691733638
-40.3197   71.0004   0.19081092736004335
-39.6272   72.2417   0.14947066601845058
-38.2094   72.2597   0.12463615045403044
-37.5173   73.5013   0.12597495782892915
-36.0993   73.5188   0.15785059391715783
-35.4073   74.7605   0.1951080982429971
-33.989   74.7772   0.24560008143320847
-33.2967   76.0188   0.2887697698859751
-31.8781   76.0345   0.33948178154357533
-31.1853   77.2758   0.38046777787350045
-29.7663   77.2903   0.4275201281811176
-29.0729   78.5314   0.46418175319588
-27.6536   78.5446   0.5064840076448615
-26.9596   79.7854   0.5377844735579488
-25.5401   79.7974   0.5754648208187872
-24.8456   81.0378   0.6011950182761001
-23.4258   81.0487   0.6344247551916626
-22.7309   82.2888   0.6545391050197071
-41.7547   73.4533   0.20420364835134563
-40.3369   73.4717   0.16162716355860288
-39.645   74.7132   0.13605179160893152
-38.2272   74.7313   0.1388829003153363
-37.5355   75.9731   0.16064824929018062
-36.1174   75.9904   0.2034772960307819
-35.4257   77.2323   0.24403815275484914
-34.0073   77.2487   0.29467151202652825
-33.3152   78.4904   0.3364138225459792
-31.8964   78.5056   0.3852629881003363
-31.2038   79.747   0.42336896437977084
-29.7847   79.761   0.4679572309517171
-29.0915   81.0021   0.5007670116930619
-27.6721   81.0148   0.5405081312986856
-26.9783   82.2556   0.5672807505988536
-25.5587   82.267   0.6022465109903089
-24.8645   83.5076   0.6228540278427988
-23.4447   83.5178   0.6535242688684171
-42.4649   74.6828   0.21325594950668791
-41.7731   75.9243   0.17324450929250268
-40.3553   75.9429   0.14910496302940418
-39.6639   77.1848   0.1457285833321654
-38.246   77.2028   0.17092156095706001
-37.5547   78.4448   0.20219614239643505
-36.1366   78.462   0.25004435606508274
-35.4451   79.704   0.2893950068677771
-34.0265   79.7199   0.3401133487530294
-33.3346   80.9618   0.37771055055425734
-31.9157   80.9765   0.42554972682402287
-31.2232   82.2181   0.45826669091261824
-29.804   82.2314   0.5014065117247656
-29.111   83.4727   0.5279386138558149
-27.6915   83.4848   0.566122654554649
-43.9016   77.1345   0.22516520601549328
-42.4838   77.1536   0.18502594412676185
-41.7926   78.3955   0.1599217621213523
-40.3748   78.4141   0.1572402620196218
-39.6838   79.6564   0.17003296739162146
-38.2659   79.6743   0.20752363720790928
-37.5749   80.9166   0.23986936027763478
-36.1566   80.9333   0.29023530109206447
-35.4653   82.1756   0.32492202141436966
-34.0467   82.1911   0.37593937011172335
-33.3549   83.4331   0.40693874231879074
-31.9359   83.4472   0.45439096601934914
-44.6131   78.3633   0.2366762134224681
-43.9217   79.6052   0.20120884672399456
-42.504   79.6245   0.17330106750970062
-41.8132   80.8669   0.1626614889886319
-40.3954   80.8855   0.17644732925153092
-39.7047   82.128   0.19472696269392112
-38.2867   82.1456   0.23812194354993788
-37.5959   83.3882   0.26659534879663505
-36.1776   83.4046   0.3183264362254559
-46.0516   80.8138   0.25879555637606877
-44.6338   80.8337   0.21695328990360782
-43.943   82.0761   0.1913197585196052
-42.5253   82.0954   0.17429173818629445
-41.8349   83.3381   0.17173505757416202
-40.417   83.3566   0.194126608171055
-46.7646   82.0416   0.2766777909410142
-46.0737   83.2839   0.24711756311520666
-44.6559   83.304   0.2096521404612854
-7.70828   56.4969   1.0114335816058304
-11.9644   56.4566   0.953962777051599
-10.5439   56.4726   0.9814423365638951
-9.84233   57.7097   0.9815285723808556
-8.42158   57.7253   1.0010338668097087
-16.216   56.4156   0.8478089997163266
-14.7962   56.4318   0.8914919741646583
-14.0964   57.6701   0.9017671595262259
-12.6761   57.6858   0.936671329763006
-11.9754   58.9234   0.939627037712303
-10.5548   58.9385   0.966350003880582
-9.85319   60.1756   0.9633796445846255
-20.4626   56.3733   0.6940872135401993
-19.0436   56.39   0.7528713967205823
-18.3458   57.6295   0.7744248317299747
-16.9263   57.6455   0.8248553994488966
-16.2273   58.8843   0.8383845537699267
-14.8074   58.8997   0.8803294894526701
-14.1074   60.1379   0.8867391160877027
-12.6871   60.1526   0.9203910527596405
-11.9862   61.3902   0.9205770853111641
-10.5657   61.4045   0.9466375177437247
-24.7043   56.3295   0.5006100478416298
-23.2862   56.3466   0.571067001322962
-22.5902   57.5871   0.6032510671354002
-21.1716   57.6037   0.6671926933053144
-20.4745   58.8437   0.6917951575430392
-19.0554   58.8597   0.7481695061949521
-18.3572   60.0989   0.7651603296041949
-16.9376   60.1142   0.8135417506188597
-16.2384   61.3528   0.8235050758799234
-14.8184   61.3674   0.8637895634933307
-14.1183   62.6055   0.8675297458877124
-12.698   62.6194   0.900206737366478
-11.9972   63.8569   0.8989337350439135
-28.9423   56.285   0.28040520679901704
-27.5247   56.3022   0.35779024581449836
-26.8302   57.5433   0.3982995982925415
-25.4123   57.5604   0.4718853250526026
-24.717   58.8012   0.5061648150553338
-23.2986   58.8178   0.574249022637392
-22.6023   60.0581   0.6016850089540207
-21.1835   60.0741   0.6631008520579645
-20.4861   61.3139   0.6834395730421231
-19.0668   61.3291   0.737554750510089
-18.3685   62.5682   0.7510791569468562
-16.9488   62.5827   0.7976841856273695
-16.2495   63.8212   0.8050831882482707
-14.8295   63.835   0.8441763619054965
-14.1295   65.073   0.8465551133860094
-12.7092   65.0861   0.8786375475700996
1.38513   0.00513554   129.92850214763007
-62.1775   112.529   0.2937143169816548
-62.2254   110.07   0.3673040157689553
-61.4923   111.286   0.3626195940651876
-60.0736   111.26   0.4276600285273354
-59.3404   112.477   0.4207847549519842
-57.9215   112.451   0.4779081920201852
-61.5392   108.828   0.4324791440058135
-60.1204   108.802   0.49371550512415463
-59.3874   110.018   0.48777851531202154
-57.9683   109.993   0.5403993430788037
-57.2352   111.209   0.5317445721396719
-55.8158   111.184   0.5747208365806837
-55.0829   112.401   0.5635872603244344
-53.6633   112.377   0.596908870766719
-60.1655   106.343   0.5525266780889423
-59.4331   107.56   0.5480222349503723
-58.0136   107.534   0.5952511234764706
-57.2809   108.751   0.5880356791896224
-55.8612   108.726   0.6250318871865659
-55.1284   109.942   0.615019064745152
-53.7086   109.918   0.641554152040186
-52.976   111.135   0.6293763341594608
-51.5561   111.112   0.6462938186305079
-50.8238   112.329   0.6335320433884954
-49.404   112.307   0.6429936624882113
-59.477   105.102   0.5996506316181116
-58.0573   105.076   0.640792868249952
-57.325   106.293   0.6352483372666179
-55.9051   106.267   0.6657861894031747
-55.1727   107.484   0.6573475945038518
-53.7526   107.459   0.6769711145979587
-53.0202   108.676   0.6660973577488513
-51.6002   108.653   0.6754430027766956
-50.868   109.87   0.663229749031211
-49.448   109.847   0.6642796850724845
-48.716   111.065   0.6526082285720912
-47.2961   111.043   0.6483220804507595
-46.5643   112.261   0.6393515855927809
-45.1444   112.241   0.6330292647263637
-58.0992   102.618   0.6756987864426022
-57.3675   103.835   0.6721812627558141
-55.9474   103.809   0.6957359412880724
-55.2154   105.026   0.6892839255343206
-53.7952   105.001   0.7015769237938204
-53.0632   106.218   0.6924803029689734
-51.643   106.194   0.6941387613438678
-50.9111   107.411   0.6832715858280675
-49.4909   107.388   0.6759032845015638
-48.7592   108.605   0.6651210416157369
-47.3392   108.584   0.6515477265711238
-46.6075   109.801   0.6426761937398976
-45.1877   109.781   0.6266221588804523
-44.4561   110.998   0.6223494195385735
-43.0362   110.98   0.6069847609289694
-42.3047   112.198   0.6092000082074879
-40.8848   112.18   0.597773351697782
-57.4084   101.377   0.6978435641316763
-55.988   101.351   0.7142221643158397
-55.2566   102.568   0.709801014369523
-53.8362   102.543   0.7147992445435304
-53.1046   103.76   0.707602063309596
-51.6843   103.735   0.7017455450517687
-50.9528   104.953   0.6923524030434225
-49.5326   104.929   0.6773286646820741
-48.8011   106.147   0.6672024880049541
-47.3811   106.125   0.645137853485596
-46.6498   107.342   0.6369181501574623
-45.2299   107.322   0.6113364458299545
-44.4985   108.539   0.6067985662474856
-43.0787   108.52   0.5817481585703594
-42.3472   109.738   0.5831474684846049
-40.9274   109.721   0.5613436024397166
-40.1959   110.939   0.5705797490272515
-38.776   110.924   0.5536869602943533
-56.027   98.8933   0.7214161905585459
-55.2961   100.111   0.7186854110109673
-53.8755   100.085   0.7167037393512072
-53.1444   101.302   0.7112474463926038
-51.724   101.278   0.6982166497585125
-50.9929   102.495   0.6904639382328377
-49.5727   102.471   0.6679622743838158
-48.8416   103.689   0.6591339241762671
-47.4216   103.666   0.6292869059499046
-46.6906   104.884   0.6213840117029102
-45.2708   104.863   0.5876056926204875
-44.5397   106.081   0.5825488563202254
-43.1199   106.062   0.5485369085120885
-42.3887   107.28   0.5490548242206809
-40.9689   107.262   0.5181035514257765
-40.2376   108.48   0.525980512947009
-38.8177   108.465   0.49988587697593484
-38.0863   109.683   0.516271411178265
-55.3338   97.6537   0.7172199453445232
-53.9132   97.6282   0.7086378553252745
-53.1825   98.8457   0.7043699241165853
-51.7621   98.8207   0.6848956781875626
-51.0313   100.038   0.6782313248442605
-49.6111   100.014   0.6492387388318741
-48.8804   101.232   0.6411356954654766
-47.4604   101.209   0.6047357852814741
-46.7297   102.427   0.5969438834597426
-45.31   102.406   0.5559415976521281
-44.5792   103.623   0.5509141221642435
-43.1596   103.604   0.5090525513146937
-42.4287   104.822   0.5084164238102457
-41.009   104.805   0.4691215407546295
-40.278   106.023   0.47530184093900224
-38.8581   106.007   0.44114603024395505
-38.1269   107.225   0.4553422668718585
-36.707   107.212   0.4265930613594208
-53.9489   95.1719   0.6929660381288555
-53.2188   96.3896   0.6889004717664263
-51.7982   96.3646   0.6639467599137774
-51.0679   97.5822   0.65764289701935
-49.6476   97.558   0.6230750356096746
-48.9173   98.7757   0.6152374826032649
-47.4973   98.7528   0.5732966422368122
-46.767   99.9706   0.5652755168941951
-45.3473   99.9492   0.5186270432594122
-44.617   101.167   0.512716851683265
-43.1973   101.148   0.4647709328260579
-42.4669   102.366   0.4625980328535824
-41.0473   102.348   0.41743283292046046
-40.3166   103.566   0.42117617453982237
-38.8969   103.551   0.3804900130095388
-38.166   104.769   0.39162035187155664
-36.746   104.755   0.3572801281907576
-36.015   105.973   0.37645390156033726
-53.2528   93.9343   0.6677142877009631
-51.8322   93.9093   0.6384701872444805
-51.1024   95.1271   0.6312696571196821
-49.6821   95.1029   0.5927364507097577
-48.9522   96.3206   0.5840256501216378
-47.5322   96.2976   0.5379970724827449
-46.8023   97.5154   0.5288962185533228
-45.3825   97.4939   0.47836310476457505
-44.6526   98.7118   0.47059768380220507
-43.233   98.6921   0.4189972553609388
-42.5031   99.9102   0.4148159230309277
-41.0835   99.8925   0.3654124382119527
-40.3533   101.111   0.366105367346615
-38.9336   101.095   0.32225676098415623
-38.2032   102.313   0.32953538504992363
-36.7832   102.3   0.29156023391402197
-36.0526   103.518   0.3057814252043463
-34.6325   103.506   0.2737897916285395
-51.8638   91.4548   0.612136496216327
-51.1347   92.6729   0.6028159005865765
-49.7143   92.6487   0.5614263264222668
-48.9849   93.8666   0.5507342190203934
-47.5648   93.8434   0.5021663170703513
-46.8354   95.0613   0.49098572280668235
-45.4156   95.0396   0.43805772450671776
-44.6861   96.2577   0.4278937017531333
-43.2665   96.2377   0.37418202789551613
-42.537   97.4559   0.3671482670529718
-41.1174   97.4379   0.3166130919592624
-40.3878   98.6562   0.3141530996186402
-38.968   98.6403   0.27017627579046133
-38.2382   99.8587   0.2729883147682316
-36.8182   99.8448   0.23717168886694748
-36.0881   101.063   0.24514689473864248
-34.6679   101.051   0.21696183996269752
-33.9376   102.27   0.22878218899207312
-51.1645   90.2195   0.5759289799966667
-49.744   90.1953   0.5330327100657131
-49.0153   91.4134   0.5189825141563091
-47.5951   91.3902   0.46914042673809453
-46.8662   92.6083   0.45481870014325626
-45.4462   92.5863   0.4009691259935107
-44.7173   93.8045   0.3876435218083777
-43.2976   93.7842   0.3339315199258692
-42.5686   95.0025   0.3233511094769966
-41.1489   94.9842   0.27446795805703433
-40.4199   96.2027   0.2684608723818091
-39.0001   96.1864   0.22935886728007682
-38.2708   97.405   0.22785166227175724
-36.8509   97.3908   0.20135106158151447
-36.1214   98.6094   0.2027823956856242
-34.7012   98.5973   0.1873061130876395
-33.9714   99.8159   0.1892482232413263
-32.551   99.8056   0.1804967866750014
-49.771   87.7425   0.5110527663558831
-49.0431   88.961   0.4923966084367385
-47.6228   88.9377   0.4424787113523077
-46.8945   90.156   0.42376207947384764
-45.4745   90.1338   0.3703080879484045
-44.7461   91.3522   0.3529158256581872
-43.3262   91.3315   0.30058680942449445
-42.5978   92.55   0.28638591096630484
-41.178   92.5313   0.24169555229668252
-40.4496   93.7499   0.23262486969367602
-39.0297   93.7332   0.20303529249861904
-38.3011   94.9521   0.19891694246594643
-36.8811   94.9374   0.1887488807913845
-36.1522   96.1563   0.18643698667378517
-34.732   96.1437   0.1917395629493313
-34.0029   97.3627   0.1870078607973439
-32.5824   97.3519   0.19955452888871877
-31.8531   98.5709   0.190077378980255
-49.0683   86.5091   0.47460545719576314
-47.6478   86.4858   0.4250441624113937
-46.9204   87.7044   0.4010319189291547
-45.5001   87.6821   0.3484498672693148
-44.7725   88.9006   0.3263220035486428
-43.3524   88.8797   0.2760483291019929
-42.6246   90.0983   0.2581288244268771
-41.2047   90.0791   0.21890529915925605
-40.4769   91.2979   0.2078635369659627
-39.0569   91.2807   0.1903534606987814
-38.3289   92.4997   0.18674710171780073
-36.9088   92.4846   0.19429992279977165
-36.1807   93.7038   0.19350010335914394
-34.7603   93.6906   0.21677974997678645
-34.032   94.9099   0.21296546668415478
-32.6114   94.8986   0.24121343246179577
-31.8828   96.1179   0.2314381990942677
-30.4621   96.1084   0.2587800224128527
-46.9437   85.2533   0.3893282548184811
-45.5232   85.2309   0.3378038484091038
-44.7963   86.4496   0.30983256768777706
-43.3761   86.4284   0.261361818175497
-42.649   87.6472   0.2391828380130989
-41.2289   87.6276   0.2045488694664474
-40.5017   88.8465   0.19262102688958493
-39.0815   88.8288   0.18540474643330782
-38.3543   90.048   0.18515995787426848
-36.934   90.0322   0.2059884462779371
-36.2066   91.2516   0.2106144581931637
-34.7862   91.2378   0.2452054036925015
-34.0586   92.4575   0.24710244838932585
-32.6379   92.4455   0.28423812200336923
-31.9101   93.6653   0.27991421900288993
-30.4892   93.6551   0.31441973538567575
-29.7612   94.8748   0.30291031676058733
-42.6709   85.1966   0.22961276096942526
-41.2506   85.1766   0.1963975050758009
-40.5241   86.3957   0.18304477594293347
-39.1038   86.3774   0.18110033130836695
-38.3772   87.5967   0.18506209768615675
-36.9568   87.5803   0.21303814212483332
-36.2302   88.7999   0.22485250721306832
-34.8095   88.7855   0.26509486981079194
-34.0827   90.0053   0.27521033774187803
-32.6619   89.9928   0.3167194026263618
-31.9349   91.2128   0.3208006701988017
-30.514   91.2019   0.35900314761851276
-29.7868   92.4221   0.3557467779193469
-28.3657   92.4128   0.38932147384905275
-38.3978   85.146   0.17959459902791772
-36.9772   85.129   0.20922497460866846
-36.2513   86.3487   0.22821505208903597
-34.8305   86.3335   0.2706397236179443
-34.1045   87.5536   0.2895890536605268
-32.6836   87.5403   0.33298573543021
-31.9574   88.7606   0.34661847902268716
-30.5363   88.749   0.3865235051067399
-29.8099   89.9695   0.39296124490845197
-28.3887   89.9595   0.4279613183454749
-27.6622   91.1801   0.42681262867914505
-34.124   85.1022   0.28699536581624324
-32.7029   85.0882   0.330731991195288
-31.9776   86.3086   0.35411855359469463
-30.5564   86.2963   0.3944705945948329
-29.8308   87.5171   0.41113837086800675
-28.4095   87.5063   0.4467844670531864
-27.6838   88.7273   0.45587911774942974
-26.2624   88.718   0.4865533167084544
-29.8495   85.065   0.4093282423679049
-28.4281   85.0535   0.4453839467246223
-27.7032   86.2746   0.464496813767324
-26.2818   86.2646   0.49562374842212575
-25.5568   87.4859   0.5075465101840378
-25.5749   85.033   0.5072007294947434
-24.1534   85.0235   0.5346900597542458
-26.998   84.7258   0.5859808358641085
-25.5783   84.7365   0.6193599357401167
-24.8844   85.9772   0.6323074331367613
-31.2436   84.6889   0.47942980716680494
-29.8243   84.7017   0.5220814304301595
-29.1315   85.9431   0.5401972047317543
-27.712   85.9546   0.577662851497307
-27.0187   87.1957   0.5886553660674483
-25.599   87.2059   0.6212734502616372
-35.4864   84.6469   0.34594230732883513
-34.0678   84.662   0.39713390688784495
-33.376   85.9041   0.41987591024015525
-31.9571   85.9177   0.4672539994478377
-31.2649   87.1595   0.4832822156876862
-29.8456   87.1717   0.5255438706711361
-29.1529   88.4132   0.5340689094115104
-27.7334   88.4241   0.571144211211142
-27.0403   89.6652   0.5720684836625758
-39.7267   84.5994   0.21089689423981772
-38.3086   84.6168   0.25654231619754087
-37.6179   85.8595   0.278438880187373
-36.1996   85.8754   0.3304566839995864
-35.5085   87.1179   0.34984106391331854
-34.0898   87.1325   0.4008510072333605
-33.3982   88.3746   0.41449764776172077
-31.9792   88.3877   0.46145274947712567
-31.2872   89.6296   0.4677675277314559
-29.8679   89.6413   0.5095293710866909
-29.1754   90.8827   0.5080481866909853
-27.7559   90.8931   0.5444676390750908
-27.063   92.1342   0.5353075471166087
-43.9656   84.5468   0.19113526623834068
-42.5478   84.5662   0.17996096799027764
-41.8577   85.8091   0.17931073587490298
-40.4399   85.8274   0.20343849193306135
-39.7497   87.0704   0.21565676432702424
-38.3315   87.0874   0.26049132423173266
-37.641   88.3301   0.2748737164590321
-36.2226   88.3457   0.3257629506251429
-35.5316   89.5882   0.33662694485142114
-34.1129   89.6023   0.38642204906034794
-33.4215   90.8444   0.39099759590053385
-32.0024   90.8571   0.4366211286687787
-31.3106   92.0989   0.4336079335067553
-29.8913   92.1101   0.4739451234056547
-29.199   93.3514   0.463018066602159
-27.7795   93.3613   0.49817821108515076
-48.2057   84.4903   0.3150271258161751
-46.7877   84.5111   0.2700459405360485
-46.0974   85.7538   0.24694270590564021
-44.6795   85.774   0.21113138089824726
-43.9896   87.0171   0.19681476062531217
-42.5718   87.0364   0.185188579561478
-41.8819   88.2795   0.18326977383081863
-40.464   88.2976   0.20355456270985986
-39.7739   89.5405   0.21015589451642197
-38.3557   89.5573   0.250909445816611
-37.6653   90.8   0.2581679492113623
-36.2469   90.8152   0.30564530096175385
-35.556   92.0576   0.3087771526521981
-34.1373   92.0713   0.35551475356164103
-33.446   93.3133   0.3519969744188141
-32.027   93.3256   0.3947939462555105
-31.3353   94.5672   0.38357001968350035
-29.916   94.578   0.4212413678640792
-29.224   95.8191   0.4022515257895259
-48.921   85.7165   0.3399030155794434
-48.2306   86.9592   0.3186229903820458
-46.8125   86.9802   0.2741412409689579
-46.1227   88.2232   0.25625444386390733
-44.7048   88.2435   0.21929190591537687
-44.0152   89.4866   0.20743013281584197
-42.5973   89.5059   0.19026670754496666
-41.9076   90.7489   0.1864754407422142
-40.4896   90.7668   0.19746305983651674
-39.7997   92.0097   0.19926740827340184
-38.3814   92.0262   0.2315817566217136
-37.6911   93.2688   0.23309918489775944
-36.2726   93.2837   0.27389488859780015
-35.5819   94.5259   0.2708017355926598
-34.1631   94.5393   0.31204724001343226
-33.4721   95.7812   0.30220777620703676
-32.0529   95.793   0.33997926407356266
-31.3615   97.0344   0.3225771845620865
-29.9422   97.0447   0.3555441744706275
-50.3658   88.1629   0.3910113169717728
-48.9474   88.1846   0.34767599859639226
-48.2576   89.4275   0.3316677554421014
-46.8394   89.4486   0.28711549940746833
-46.15   90.6918   0.27346255685193677
-44.7319   90.712   0.23378798087155828
-44.0426   91.9552   0.2241047522923215
-42.6245   91.9743   0.19883080747208418
-41.9351   93.2173   0.19420489180244363
-40.5169   93.235   0.19173361729232105
-39.8271   94.4778   0.19078519334581212
-38.4087   94.494   0.20932426997363987
-37.7187   95.7364   0.2073476549180139
-36.3   95.7511   0.23693663709945528
-35.6095   96.9931   0.2303505589313877
-34.1906   97.0061   0.26218264626019827
-33.4998   98.2478   0.2491219982257683
-32.0806   98.2592   0.27855789344407483
-31.3895   99.5004   0.25854413549720784
-51.0844   89.3872   0.4177415588614543
-50.3947   90.63   0.40532901450549763
-48.976   90.6519   0.3633965464888183
-48.2869   91.895   0.3516214015102042
-46.8684   91.9162   0.30718510706087565
-46.1794   93.1593   0.2970973072917351
-44.7611   93.1795   0.25489591993596167
-44.072   94.4226   0.24766051360683286
-42.6537   94.4416   0.21456248507135917
-41.9645   95.6845   0.21091524364065822
-40.5461   95.702   0.19386206436536635
-39.8565   96.9446   0.19284950090678762
-38.438   96.9606   0.1936109501035518
-37.7481   98.2029   0.19200442703229773
-36.3293   98.2172   0.20471856291016038
-35.6391   99.4591   0.19920667659494506
-34.22   99.4717   0.21620846421913711
-33.5295   100.713   0.2055047931314391
-32.1102   100.724   0.22122913460934632
-52.5342   91.8309   0.46639976415088263
-51.1151   91.8534   0.432838930781416
-50.426   93.0964   0.42409510725779104
-49.0072   93.1183   0.3841640534979857
-48.3184   94.3615   0.37581810759994416
-46.8997   94.3826   0.33235127500883477
-46.211   95.6258   0.32515750029793145
-44.7924   95.6459   0.2818468023590105
-44.1036   96.8889   0.27698933192453573
-42.6851   96.9077   0.23872980542865482
-41.996   98.1505   0.23725136459038587
-40.5774   98.1678   0.20898086036764602
-39.8881   99.4103   0.21044752315007786
-38.4693   99.426   0.19445323345216042
-37.7796   100.668   0.1968643441560761
-36.3606   100.682   0.19091780954117268
-35.6707   101.924   0.1922779498538588
-34.2515   101.936   0.18971697341040167
-33.5612   103.177   0.1898280801146182
-53.2566   93.0533   0.48589406252803874
-52.5677   94.2962   0.4799125545346751
-51.1484   94.3187   0.45012241668239844
-50.4598   95.5618   0.44382748900896457
-49.0407   95.5838   0.40719158881293044
-48.3523   96.827   0.4009895135785982
-46.9333   96.848   0.3597936769872385
-46.2449   98.0911   0.3547248793078937
-44.8261   98.1111   0.31225130904449594
-44.1374   99.354   0.30949953150207193
-42.7186   99.3726   0.2696192871439309
-42.0298   100.615   0.27018404838183946
-40.6109   100.632   0.23658250146619428
-39.9218   101.875   0.24167002296520337
-38.5028   101.89   0.21562606521475947
-37.8134   103.132   0.22377222794619495
-36.3942   103.146   0.20483822885389572
-35.7045   104.387   0.21540970265984152
-34.2851   104.399   0.19995311950555103
-54.7118   95.4945   0.5116880494989132
-53.2921   95.5175   0.4955778949872573
-52.6037   96.7606   0.4911566145334876
-51.1841   96.7832   0.4663206943724452
-50.496   98.0264   0.4612537154321903
-49.0766   98.0483   0.42906012399196475
-48.3885   99.2914   0.4239883724820761
-46.9693   99.3124   0.38663292668886995
-46.281   100.555   0.38266587253112
-44.8619   100.575   0.34302524688425357
-44.1735   101.818   0.3421113415249481
-42.7545   101.836   0.30348123500474034
-42.0658   103.079   0.30643615974619665
-40.6467   103.096   0.2728313215156985
-39.9578   104.338   0.2805527579618432
-38.5385   104.353   0.2523316072155875
-37.8494   105.595   0.26587547837286213
-36.43   105.608   0.2426071928035185
-35.7406   106.85   0.2623654131168939
-55.438   96.715   0.5137553600693625
-54.7497   97.9579   0.5107929717605749
-53.3299   97.9811   0.5010625310278147
-52.6419   99.2243   0.4969839534632889
-51.2222   99.2468   0.478125621568222
-50.5343   100.49   0.4732726169978524
-49.1147   100.512   0.4467718992953783
-48.4268   101.755   0.44174237967394414
-47.0073   101.776   0.4095679308734973
-46.3193   103.019   0.4062338489097123
-44.9   103.038   0.37136473984480606
-44.2117   104.281   0.37131788268275057
-42.7924   104.299   0.33731815842020946
-42.1039   105.542   0.3423363988827329
-40.6846   105.558   0.3115730572434053
-39.9959   106.8   0.3221283284655374
-38.5764   106.815   0.2971131097747105
-37.8874   108.057   0.31491252753741333
-36.4678   108.07   0.29482437144849133
-56.8974   99.1539   0.4981013049571344
-55.4774   99.1776   0.5052522736217998
-54.7896   100.421   0.5019295767336298
-53.3696   100.444   0.4992867412619727
-52.682   101.687   0.4946443166559173
-51.2621   101.71   0.48281302799323894
-50.5745   102.953   0.47722841491260914
-49.1547   102.974   0.4572128607115069
-48.467   104.218   0.4520581820960669
-47.0474   104.238   0.4264948417038574
-46.3595   105.481   0.42279796593645036
-44.94   105.5   0.39449746513761247
-44.2518   106.743   0.3950819661791683
-42.8323   106.761   0.36773417029152994
-42.1439   108.003   0.37378690453251523
-40.7244   108.02   0.35012090768761683
-40.0358   109.262   0.3634819115169288
-38.6161   109.277   0.34462295338529414
-37.9272   110.518   0.3651737668562731
-57.6262   100.373   0.47562150918561447
-56.9384   101.616   0.472750092543619
-55.5185   101.64   0.4876222513380612
-54.831   102.883   0.48313900691208705
-53.411   102.906   0.48814797961274004
-52.7236   104.15   0.4825917218519184
-51.3037   104.172   0.47807243175067177
-50.6163   105.415   0.47153691265901804
-49.1964   105.436   0.45901421546614735
-48.5088   106.679   0.4529566094009423
-47.0891   106.7   0.43533923553936926
-46.4012   107.943   0.43162535838386284
-44.9815   107.962   0.4116583292003228
-44.2934   109.204   0.4121766368924823
-42.8738   109.222   0.39308775101750126
-42.1854   110.464   0.40044656322660427
-40.7657   110.481   0.3852428454883986
-40.077   111.723   0.40064670222029525
-38.6572   111.737   0.3898979994819119
-59.0877   102.809   0.40864006166796746
-57.668   102.834   0.44067045510222425
-56.9806   104.077   0.4364632172359996
-55.5608   104.101   0.45917279971705777
-54.8736   105.345   0.4538822314213248
-53.4537   105.368   0.4665356792357876
-52.7665   106.611   0.45969141823619086
-51.3466   106.633   0.46303544140810354
-50.6593   107.877   0.4559085982957556
-49.2394   107.898   0.4515023809460995
-48.5518   109.141   0.4450756340219067
-47.1319   109.161   0.43563807225723483
-46.4441   110.404   0.4322020013836116
-45.0242   110.423   0.4211602189191181
-44.3361   111.665   0.42263414438495184
-42.9163   111.683   0.4131223305511331
-59.8178   104.027   0.3601758598240605
-59.1303   105.27   0.355605511768306
-57.7109   105.295   0.39507624580579465
-57.0238   106.538   0.3897053374025038
-55.6042   106.563   0.4203004758503157
-54.9172   107.806   0.41379523921862477
-53.4974   107.829   0.4344290736127123
-52.8104   109.072   0.42699350112150436
-51.3904   109.094   0.43826454339816034
-50.7031   110.337   0.4305143435473455
-49.2832   110.359   0.434812568815573
-48.5955   111.601   0.4284156509746136
-47.1756   111.621   0.4278490387975633
-61.2798   106.461   0.24612476510907938
-59.8609   106.487   0.2987876336129028
-59.1739   107.73   0.29325500848237795
-57.7547   107.755   0.33969945540138796
-57.0679   108.999   0.33377760559989694
-55.6484   109.023   0.37140745819113524
-54.9616   110.266   0.36472565031815585
-53.5419   110.29   0.3931358162264066
-52.8548   111.533   0.38584647205851486
-51.4349   111.555   0.4050733266953061
-62.0108   107.677   0.17888778605595343
-61.3237   108.92   0.17234767187287273
-59.905   108.946   0.22957138323406126
-59.2183   110.19   0.2241587383975901
-57.7993   110.215   0.27654818748276194
-57.1127   111.459   0.27113387837007913
-55.6933   111.483   0.3155255298704056
-63.4735   110.108   0.06493381245545427
-62.0552   110.135   0.10344283445459215
-61.3685   111.378   0.09633119951500665
-59.95   111.405   0.1558614769595079
-64.2053   111.322   0.08632178172396889
11.7659   26.9076   0.1597120533961032
12.4561   25.666   0.14821744161872408
13.8749   25.6433   0.16055743520622273
14.595   26.8671   0.15741404003455398
13.1518   23.577   0.18067943989286706
13.8499   24.8136   0.17819466883159094
11.7007   26.0066   0.24577587351080604
13.1212   26.0312   0.2127022801946423
13.821   27.2668   0.20843975148708957
15.2416   27.2907   0.18191165438201035
10.9727   27.2246   0.2886374022887538
20.7388   10.7533   0.5734697027742627
22.1583   10.7344   0.6040222595236054
22.8862   11.9545   0.6050260407618853
24.3056   11.9371   0.6386333298536822
25.0322   13.1581   0.643862244583422
26.4515   13.1422   0.6810635873396867
27.1767   14.3642   0.6897695702189255
28.5959   14.3498   0.7298658917910895
29.3196   15.5729   0.7411879451259307
30.7388   15.5599   0.782609487547909
31.4612   16.7839   0.7953698259300533
32.8805   16.7723   0.8362049389952199
33.6017   17.9972   0.848896283417475
35.0211   17.9866   0.8873438397825295
35.7412   19.2123   0.8986490861287316
37.1608   19.2027   0.9331629332544251
37.8801   20.4289   0.9419378588845455
39.2999   20.4202   0.9715380846883982
22.117   8.27242   0.6224806146379206
22.8462   9.49177   0.6245821950712332
24.2658   9.4744   0.6509632321414164
24.9939   10.6945   0.6579924999572595
26.4134   10.6787   0.6881215953594247
27.1403   11.8998   0.6994003288532282
28.5597   11.8856   0.7328420702989165
29.2852   13.1076   0.7472859492858143
30.7045   13.0949   0.7824837250703695
31.4287   14.3179   0.7986476882831401
32.8481   14.3066   0.8339044369710512
33.5709   15.5305   0.850369437362377
34.9905   15.5204   0.8837947499278331
35.7122   16.7451   0.8993463237262964
37.1319   16.736   0.9295847406234687
37.8527   17.9615   0.9430715508380049
39.2725   17.9533   0.96896753815595
39.9925   19.1793   0.9794325959452245
22.8048   7.02973   0.6348970443308115
24.2245   7.01245   0.6528002099417575
24.9539   8.23184   0.6615074463677654
26.3736   8.21616   0.6837491194875526
27.102   9.43632   0.6975933239359451
28.5215   9.42227   0.7235003058050521
29.2487   10.6433   0.7412595024686034
30.6682   10.6308   0.769546795198317
31.3941   11.8529   0.7895337484870425
32.8137   11.8418   0.8184333693099289
33.5383   13.0647   0.8392428075354617
34.9579   13.055   0.8669257522994719
35.6813   14.2788   0.8871954970580055
37.101   14.2702   0.9123466062851334
37.8235   15.4948   0.9309499771738564
39.2433   15.4871   0.952547641853154
39.9648   16.7123   0.9685101186874644
41.3848   16.7055   0.9859602983893444
24.1821   4.55115   0.6441774168658839
24.9126   5.76994   0.6540729871352298
26.3323   5.75439   0.6674131970526235
27.062   6.97379   0.6835181931741123
28.4817   6.95991   0.7010779246274979
29.2103   8.18007   0.7220543057139133
30.63   8.16784   0.7427125977792497
31.3575   9.38885   0.7667812272089105
32.7772   9.37815   0.7886689974888091
33.5035   10.6   0.8140704699226013
34.9232   10.5907   0.8355086773935981
35.6484   11.8135   0.860865581841905
37.0682   11.8054   0.8804476020752189
37.7923   13.029   0.9044244855155146
39.2122   13.0219   0.9211026924290288
39.9353   14.2462   0.94294259634402
41.3553   14.24   0.9562623803120173
42.0776   15.465   0.9750578290542572
24.8702   3.30882   0.6359117457635144
26.29   3.29337   0.6395017545714791
27.0206   4.51219   0.6571456810327547
28.4405   4.49849   0.6656752755660975
29.1703   5.71788   0.6893527097212302
30.5901   5.70589   0.7017004552513844
31.3191   6.92598   0.7295228652345339
32.7389   6.91562   0.7439123432233153
33.4668   8.13651   0.7739066212405732
34.8866   8.12761   0.7886798202692916
35.6134   9.34933   0.8191763377930309
37.0333   9.34173   0.8327469577248557
37.7591   10.5643   0.8624717096809642
39.179   10.5578   0.8738073242998156
39.9037   11.7811   0.9018023785730439
41.3238   11.7755   0.9104768585746715
42.0476   12.9995   0.935844629198674
43.4677   12.9947   0.9413792700075782
26.2473   0.833119   0.6011092880674884
26.9785   2.05151   0.619385453816929
28.3984   2.03796   0.6183621496340168
29.1292   3.25676   0.6436954870899776
30.5491   3.245   0.6472724688259192
31.2791   4.46433   0.6779988221966199
32.699   4.45427   0.6845119762283196
33.4283   5.67425   0.7186615741084269
34.8482   5.66575   0.7262760305145713
35.5765   6.88648   0.7617844705689399
36.9964   6.87934   0.7689405149944968
37.7238   8.10085   0.8043257067258262
39.1438   8.0949   0.810117950424505
39.8701   9.31718   0.8442908622033066
41.2902   9.31222   0.8478949229710019
42.0156   10.5352   0.8799756814821644
43.4357   10.5311   0.8812218449403083
44.1603   11.7547   0.9105043108080295
29.0875   0.79676   0.5867863155604436
30.5074   0.785179   0.5812133606895166
31.2383   2.00393   0.613737555963462
32.6583   1.99412   0.6120346150341512
33.3885   3.21336   0.6491450978787427
34.8085   3.20518   0.6494264307063601
35.538   4.42503   0.6890702794345445
36.958   4.41831   0.6898005874163949
37.6867   5.63884   0.7303039017422844
39.1067   5.63339   0.7302228169538417
39.8346   6.85465   0.7701806928247431
41.2546   6.85026   0.7686824689688199
41.9816   8.07222   0.8072907917844742
43.4017   8.06873   0.8040352355463058
44.1278   9.29137   0.8402892597790378
45.548   9.2886   0.8350232967408753
33.3481   0.753839   0.5676563551339864
34.7682   0.745906   0.5605703119868211
35.4985   1.96506   0.6030622923048693
36.9186   1.95865   0.597105612517587
37.6483   3.17836   0.6415729402024367
39.0684   3.1733   0.6356130775873029
39.7974   4.39363   0.6805606753993378
41.2175   4.38973   0.6739307181750979
41.9458   5.6107   0.7182292116030936
43.3659   5.60776   0.7103267771948351
44.0934   6.82939   0.7531475927067709
45.5135   6.82723   0.7439275328283013
46.2403   8.04948   0.7843491205451847
37.6093   0.719399   0.5410783826988496
39.0294   0.714589   0.529476618936096
39.7592   1.93417   0.5777523393288873
41.1794   1.93061   0.5659827043293839
41.9086   3.15074   0.6146945937618128
43.3287   3.14822   0.6024032095698054
44.0574   4.36893   0.6504819155825954
45.4775   4.36726   0.6373621473699262
46.2055   5.58855   0.684061237097969
47.6256   5.58757   0.6699766283237075
41.8708   0.69233   0.5002556302781608
43.291   0.690029   0.48367498835064987
44.0204   1.91002   0.5352757877020045
45.4405   1.90866   0.5185187731413425
46.1694   3.12914   0.5698756609120987
47.5895   3.12855   0.552634291733693
48.3178   4.34955   0.6026487949046307
46.1327   0.671193   0.4457039791116996
47.5529   0.670768   0.4256365458475111
48.2818   1.8911   0.47921134961518075
49.702   1.89134   0.45903283804102885
50.3948   0.654497   0.38197860088753677
16.0137   26.845   0.18195496695611466
16.7322   28.0698   0.17673242486878207
18.1508   28.0484   0.21079893263487
13.8424   23.1783   0.18068749264960138
14.5643   24.4012   0.17818636311457733
15.9831   24.3789   0.21270173953214389
16.7033   25.6027   0.20846680790955707
18.122   25.5812   0.24817703358691443
18.8406   26.8061   0.24366727314105938
20.2592   26.7855   0.28835049852566735
20.9763   28.0114   0.28480856728687065
22.3948   27.9919   0.3344296338544184
14.5311   21.936   0.20920939271457414
15.95   21.9136   0.24986210196826825
16.672   23.1365   0.24573143877005374
18.0909   23.1149   0.2886784543397743
18.8113   24.3388   0.2845626117394934
20.23   24.3183   0.3305023146666318
20.9488   25.5432   0.3275107479152435
22.3674   25.5238   0.3774480758991911
23.0848   26.7497   0.3761578525034406
24.5033   26.7315   0.4300045813709433
25.2194   27.9582   0.430434861506361
26.6378   27.9413   0.4873742812254266
15.9146   19.4492   0.2924982393109417
16.6384   20.6711   0.2878039610568306
18.0573   20.6496   0.3321744270710814
18.7796   21.8724   0.32768268187379124
20.1985   21.8519   0.3740094383835811
20.9191   23.0758   0.37083943965010197
22.3379   23.0566   0.4201967753327028
23.057   24.2815   0.41924096889497997
24.4756   24.2635   0.4722595261082628
25.1933   25.4894   0.4732925944909789
26.6118   25.4728   0.5294711040274076
27.3283   26.6994   0.5319579400666954
28.7468   26.684   0.5895462238026828
29.4624   27.9113   0.5920751134780112
30.8809   27.897   0.6491994916818741
16.6026   18.2067   0.3337707446736453
18.0216   18.1852   0.378315027457277
18.7457   19.407   0.3730387781451157
20.1647   19.3866   0.41849356028498413
20.8872   20.6094   0.4149244389042431
22.3061   20.5903   0.4629637674807851
23.0271   21.8142   0.4617995885662969
24.4458   21.7964   0.5131885228646498
25.1653   23.0214   0.5144925558256408
26.5839   23.0049   0.5690297531764053
27.302   24.2308   0.5723795768543813
28.7206   24.2157   0.6286486856742817
29.4376   25.4423   0.6327045914168817
30.8562   25.4283   0.6887607276841502
31.5723   26.6556   0.6919409295597423
32.9912   26.6426   0.7456541892861596
33.7066   27.8704   0.7465054186005646
35.1256   27.8582   0.7959376169022317
17.9838   15.7217   0.42547274883357933
18.7096   16.9426   0.4195818632877279
20.1287   16.9222   0.463027526179602
20.8531   18.1441   0.4590630566708674
22.2721   18.1249   0.5045473813231043
22.9949   19.3479   0.5033403818491042
24.4138   19.3302   0.5520465922365642
25.1351   20.5542   0.5536447687822961
26.5539   20.5379   0.6056145721496486
27.2737   21.7629   0.60964688960086
28.6924   21.748   0.6635897377145014
29.411   22.9738   0.6689988490274106
30.8297   22.9602   0.7231051237544945
31.5473   24.1867   0.7283637140879572
32.9662   24.1741   0.7804456162987939
33.6829   25.4013   0.7839842728014408
35.102   25.3896   0.8320388272190202
35.8181   26.6173   0.8325338551674658
18.6715   14.4791   0.4654942104903136
20.0908   14.4587   0.5055051631783821
20.8169   15.6797   0.5014914655305721
22.2361   15.6606   0.5434151819741533
22.9607   16.8825   0.542461141465453
24.3798   16.8649   0.5873076280791893
25.1029   18.0879   0.5896572648581553
26.5218   18.0718   0.6377141914682477
27.2434   19.2958   0.6427969352758323
28.6623   19.2811   0.6932307119567075
29.3825   20.5061   0.7001662516859862
30.8014   20.4927   0.7510880108216368
31.5204   21.7185   0.758562021195367
32.9394   21.7062   0.807944082223516
33.6575   22.9327   0.8142791904500577
35.0767   22.9214   0.8601891013027331
35.794   24.1485   0.8640070254344011
37.2134   24.138   0.9047642842199293
20.0511   11.996   0.5440673579622317
20.7787   13.2161   0.5403754435575332
22.198   13.1971   0.5772032397691474
22.9244   14.4181   0.5770060398297431
24.3436   14.4005   0.6169295989008807
25.0685   15.6225   0.6204096549861243
26.4877   15.6065   0.6635839886555454
27.211   16.8296   0.670190346095795
28.6301   16.815   0.7160286935591353
29.352   18.0391   0.7248702711520196
30.7711   18.0259   0.7714969669415438
31.4918   19.2508   0.7814285252024027
32.9109   19.2389   0.8270349025283056
33.6305   20.4646   0.8363489522920445
35.0498   20.4537   0.8790205742757119
35.7685   21.6801   0.8864921601458194
37.1879   21.6701   0.9245581322988856
37.9059   22.897   0.9289315690620068
20.4361   11.4091   0.3788506565917511
21.856   11.428   0.41240395245438616
22.549   12.6674   0.42217373201088754
23.969   12.6845   0.45868396527456734
24.6632   13.9231   0.47194175488083207
26.0832   13.9384   0.5115416112106633
26.7788   15.1762   0.5275320085075403
28.1989   15.1896   0.5694313040218285
28.8958   16.4265   0.5871323019558704
30.316   16.4382   0.62987381275935
31.0142   17.6744   0.6481537471927464
32.4347   17.6845   0.690065170835334
33.1341   18.92   0.7075639971055615
34.5547   18.9288   0.7467652509323112
35.2552   20.1638   0.7623666834273376
36.676   20.1715   0.7973754322776716
37.3775   21.406   0.8099053895363326
38.7986   21.4128   0.8396165493843014
19.7053   12.6266   0.34567172288169495
20.3986   13.8659   0.3511697168037142
21.8185   13.8851   0.38996415219863384
22.5131   15.1236   0.3983282314875499
23.9331   15.141   0.43993875710148594
24.6289   16.3787   0.45101813710758765
26.049   16.3943   0.49560229014805773
26.7462   17.6311   0.508810514828457
28.1664   17.645   0.5555217097467942
28.8649   18.881   0.5701937653114085
30.2852   18.8932   0.617481991640244
30.985   20.1284   0.6323576598729552
32.4055   20.1392   0.6783708351631877
33.1063   21.3739   0.6922321214737163
34.527   21.3833   0.7350700714897865
35.2289   22.6175   0.7464776285998118
36.6498   22.6259   0.7846735244673442
37.3526   23.8597   0.7926587790468215
18.2484   15.0622   0.27349175490314065
19.6684   15.0833   0.31382555663935563
20.3631   16.3217   0.3185857812269725
21.7831   16.3412   0.3611113540170127
22.4793   17.5788   0.3680375660173843
23.8993   17.5966   0.41343218307238677
24.5968   18.8332   0.42263791831779546
26.017   18.8493   0.470976230822745
26.7158   20.0851   0.48204877346592184
28.1361   20.0994   0.5324099923930803
28.8362   21.3345   0.5446438561114956
30.2565   21.3473   0.5954169715417932
30.9578   22.5817   0.6074715960437999
32.3783   22.593   0.6566342360858148
33.0806   23.8269   0.6671436052305368
34.5014   23.8371   0.712746357409143
35.2045   25.0705   0.7204605887902554
36.6255   25.0797   0.7608429141419394
17.5184   16.2794   0.23474168781875954
18.2134   17.5177   0.2379914704353932
19.6334   17.5391   0.27927053192200657
20.3297   18.7766   0.28352257405716247
21.7498   18.7964   0.3277444888934047
22.4476   20.0329   0.3335414367061465
23.8677   20.0511   0.3813098870997208
24.5669   21.2868   0.3890476320452292
25.9871   21.3032   0.4399107864101558
26.6875   22.5382   0.4494297386689045
28.1079   22.553   0.502263934600127
28.8095   23.7872   0.5124555883196129
30.2299   23.8005   0.5655687579773112
30.9326   25.0342   0.5751763294851415
32.3532   25.0462   0.6264402764829219
33.0568   26.2793   0.6339766399481915
34.4776   26.2902   0.6812425265645103
35.182   27.523   0.6855643952248388
16.0636   18.7121   0.16789991066108406
17.4837   18.735   0.2023173002983184
18.1802   19.9723   0.20520216860452567
19.6003   19.9939   0.24474194573060104
20.2983   21.2304   0.24819357364766556
21.7185   21.2505   0.2923129487381633
22.4179   22.4861   0.2971411953937046
23.8382   22.5046   0.3457147089725865
24.5389   23.7394   0.35235392718117986
25.9593   23.7563   0.40452878760355254
26.6612   24.9903   0.41243599503438194
28.0817   25.0057   0.4668000428448999
28.7847   26.2391   0.47505413375740707
30.2052   26.2531   0.5295801166962377
30.9092   27.4859   0.5366449943864202
32.3299   27.4986   0.5890200081491304
15.334   19.9292   0.1488799852229975
16.0305   21.1666   0.15144560079447478
17.4507   21.1896   0.17629370380135265
18.1488   22.4261   0.17820782811088814
19.5691   22.4478   0.21263132412699814
20.2688   23.6833   0.21485865121051048
21.6892   23.7037   0.2567271898338798
22.3902   24.9384   0.2604745093094521
23.8106   24.9573   0.30831007119456943
24.5129   26.1911   0.31359408476564243
25.9334   26.2085   0.3658801443095827
26.6368   27.4417   0.3722196260274309
28.0574   27.4576   0.42696108721990184
13.881   22.3597   0.1532653254979741
15.3012   22.3838   0.1483353969893918
15.9993   23.6203   0.14824523601114592
17.4197   23.6434   0.15963971936833496
18.1194   24.8789   0.15925919125752572
19.54   24.9008   0.18496240158475744
20.2412   26.1354   0.185237847104743
21.6618   26.156   0.22245226454230568
22.3644   27.3897   0.22412106103621918
23.785   27.409   0.2699289721389697
15.2703   24.8376   0.1605005295941399
15.9701   26.0732   0.15739583857268935
17.3907   26.0963   0.15404664877886742
18.0921   27.3308   0.15033459349065598
19.5128   27.3529   0.16375060305232644
48.3115   0.580612   0.280274379651442
49.7314   0.580306   0.25589876362538283
50.4252   1.81751   0.31181299988935507
44.0513   0.561763   0.3335910874109199
45.4712   0.562926   0.31254446717387463
46.1642   1.80067   0.36774439438283807
47.5841   1.80092   0.3461372833140054
48.2777   3.03829   0.4022866228200985
49.6977   3.03781   0.38024375405784244
39.7913   0.538495   0.3740958779831713
41.2112   0.54155   0.35809198030813333
41.9033   1.77995   0.41116455452774825
43.3233   1.78185   0.3943759962269524
44.0161   3.0198   0.4488461920301894
45.4361   3.02072   0.4312658995329913
46.1296   4.25826   0.4860037382572267
47.5497   4.2584   0.4675617687536048
48.244   5.49558   0.5211250453585962
35.5316   0.50959   0.3979809474346736
36.9515   0.515121   0.38788956467530844
37.6426   1.75428   0.4371455071254883
39.0626   1.75834   0.4268340047372042
39.7545   2.99697   0.47835294501027187
41.1746   2.99977   0.46720643574334575
41.8672   4.23791   0.5195252367306155
43.2874   4.23964   0.5071867234066747
43.9809   5.47734   0.5592311414790863
45.4011   5.47822   0.5456001008064411
46.0954   6.71551   0.5963132200446359
47.5157   6.71574   0.5812439454308315
31.2721   0.47342   0.40795048525035554
32.692   0.482162   0.4020297004264738
33.3822   1.72218   0.4443239499509345
34.8022   1.7291   0.4402010550873327
35.4931   2.96853   0.48666223204600567
36.9131   2.9738   0.48278656402182474
37.6049   4.21266   0.5315994094240521
39.025   4.21655   0.5269649453236921
39.7177   5.45487   0.5763843458144918
41.1379   5.4576   0.5703404684922866
41.8315   6.69542   0.6191723553260444
43.2518   6.6972   0.611396393594204
43.9463   7.93456   0.6585493725606311
45.3667   7.93561   0.6489941139948802
46.0622   9.17256   0.6935872954430473
27.0126   0.428516   0.41337946480685245
28.4325   0.441036   0.40807876986680086
29.1219   1.68196   0.43925237904876485
30.5419   1.69245   0.43834218368758343
31.2319   2.93278   0.4760212798814768
32.6519   2.94132   0.47793936602878856
33.3428   4.18101   0.5202282038682644
34.7628   4.18776   0.5233095451069106
35.4546   5.42682   0.5681578214721685
36.8748   5.43203   0.5709090537029539
37.5675   6.67049   0.6165496918335123
38.9878   6.67441   0.6178497397426019
39.6815   7.91231   0.6628515879139161
41.1019   7.91517   0.661993340147769
41.7968   9.15256   0.7053010620295423
43.2173   9.15459   0.7022292503876514
43.9131   10.3915   0.7428938887889729
45.3337   10.3929   0.7373432986065572
26.2817   1.64701   0.4314833972472181
26.9711   2.88818   0.45615676263758176
28.391   2.90059   0.46011602841022786
29.081   4.14116   0.49178279514436124
30.5011   4.15157   0.49951679941719707
31.1919   5.39147   0.5365178197413393
32.612   5.39996   0.5463916910971471
33.3038   6.63919   0.5865267567639181
34.724   6.64598   0.5968681972596619
35.4168   7.88454   0.6381235322412111
36.8372   7.88988   0.6472478415568502
37.5312   9.12783   0.6881396442583437
38.9517   9.13195   0.6951574371320494
39.6468   10.3693   0.7343781655250916
41.0674   10.3725   0.7386534302364015
41.7636   11.6094   0.7753937193452113
43.1842   11.6118   0.7767513051163795
43.8815   12.8482   0.8101449746804595
24.8197   4.09209   0.4582239740563579
26.2397   4.10647   0.4667667207503116
26.9298   5.34723   0.4917462785827677
28.3498   5.35964   0.504724558942796
29.0407   6.59973   0.5354518405982016
30.4608   6.61017   0.5516511339605848
31.1527   7.84953   0.5862068914640993
32.5729   7.85813   0.603749289109311
33.266   9.09677   0.6401543664617161
34.6863   9.10375   0.6572964217915703
35.3806   10.3417   0.6936277027339675
36.801   10.3473   0.7089934061752643
37.4965   11.5847   0.7440075604454573
38.9171   11.5892   0.7566025707067107
39.6137   12.8259   0.7893394833656799
41.0345   12.8296   0.798519467514726
41.7322   14.0658   0.8282045037308133
43.153   14.0688   0.8337722290889752
24.0881   5.31009   0.4581184235544354
24.7783   6.55095   0.47620160657015814
26.1983   6.56544   0.4938380013729195
26.8894   7.80564   0.5178330087006823
28.3094   7.81818   0.5393958462020263
29.0015   9.05763   0.5678373556750214
30.4217   9.06824   0.591804363282327
31.115   10.3069   0.6227356582049902
32.5353   10.3158   0.647408163371454
33.2299   11.5537   0.679035124275614
34.6503   11.561   0.7025686372163218
35.3461   12.7983   0.7333857716100042
36.7667   12.8043   0.7545066798909071
37.4638   14.0409   0.7835012380334846
38.8845   14.0459   0.8011792121616723
39.5826   15.282   0.8273171943094139
41.0035   15.2862   0.8410530898819637
41.7027   16.5219   0.8636458822920411
22.6268   7.75237   0.4456696724032262
24.0468   7.7689   0.4678114774137115
24.7381   9.00915   0.484963019208682
26.1581   9.02384   0.510986303632495
26.8505   10.2633   0.5328988084054973
28.2706   10.2761   0.5622309667743334
28.9642   11.5148   0.5872005023839805
30.3844   11.5257   0.6182785294671013
31.0793   12.7636   0.6449137384177838
32.4996   12.7728   0.6759791786734284
33.1958   14.0099   0.7025824222110877
34.6163   14.0177   0.7319995150271611
35.3137   15.2542   0.7573701472859887
36.7344   15.2607   0.7837933464887292
37.433   16.4966   0.8068432189713179
38.8539   16.5022   0.8291583322864207
39.5535   17.7376   0.8490297521288649
40.9745   17.7424   0.8666204532550553
21.8954   8.97008   0.4272650958128907
22.5869   10.2103   0.43821002955204125
24.0069   10.2271   0.4681050095865247
24.6996   11.4666   0.4835917389699711
26.1196   11.4815   0.5169922436555522
26.8135   12.7202   0.5360445876977021
28.2336   12.7333   0.5721079443601527
28.9289   13.9711   0.5933332537453123
30.3491   13.9824   0.6307154191868144
31.0457   15.2194   0.6529086153513365
32.466   15.229   0.6898562386468648
33.1639   16.4654   0.711657705642257
34.5844   16.4736   0.7463102036016933
35.2834   17.7093   0.7665577408127859
36.7042   17.7164   0.7975814065034359
37.4043   18.9516   0.8151392887108305
38.8252   18.9578   0.8415634557179874
39.5263   20.1925   0.8555367262718754
-5.07783   54.1861   0.922004278135408
-4.36054   55.4118   0.9197259738095888
-2.93955   55.3951   0.9172558964651033
-4.37012   52.9536   0.924426662802407
-2.94915   52.9361   0.9211563107855237
-2.23247   54.1621   0.9174808050308174
-0.811646   54.145   0.9076383613774818
-0.0958592   55.3715   0.9000185126104007
1.32481   55.355   0.8847911406089
-2.95921   50.4773   0.9162665564670567
-2.24217   51.703   0.9167299469309379
-0.821385   51.6852   0.9054060408656421
-0.105325   52.9115   0.9009113531446923
1.31529   52.8942   0.8835156943144797
2.03045   54.121   0.8756674770710601
3.4509   54.1043   0.8532844030568005
4.16521   55.3316   0.8434893633591358
5.58548   55.3154   0.8173039684841837
-2.25247   49.2441   0.9065992236925857
-0.831714   49.2255   0.8937996777136338
-0.115262   50.4515   0.8934314963784267
1.3053   50.4335   0.87397910158081
2.02076   51.6601   0.8694400566456534
3.44112   51.6426   0.8444117168774957
4.15566   52.8697   0.8368053552051378
5.57583   52.8528   0.8073842579589965
6.28951   54.0805   0.7982220711681657
7.70952   54.0642   0.7653975231211555
8.42245   55.2923   0.756001944441942
9.8423   55.2766   0.7206646313646864
-0.842894   46.7661   0.8719353195742215
-0.125934   47.9917   0.8760932251998064
1.29457   47.9729   0.8547965498292557
2.01044   49.1992   0.8541634658541645
3.43073   49.181   0.8268125074646603
4.14559   50.4079   0.8224907705257247
5.56567   50.3903   0.7901622076510602
6.27958   51.6177   0.7833532653918
7.69947   51.6007   0.7471307398976407
8.41254   52.8287   0.7390558794164344
9.83225   52.8122   0.699920308035135
10.5445   54.0406   0.6915997469635142
11.9641   54.0247   0.6503393806313733
12.6757   55.2536   0.6429197850432034
14.0951   55.2381   0.6000314825073766
-0.137619   45.5322   0.8482143749218103
1.2828   45.5127   0.8248902841590512
1.99923   46.7386   0.8287649380252516
3.41942   46.7196   0.7991121788585114
4.13474   47.9462   0.7987724557719803
5.5547   47.9279   0.7638648472733878
6.269   49.1551   0.7603122058733498
7.68874   49.1373   0.7212250203646561
8.40209   50.365   0.7154649467304449
9.82164   50.3479   0.6731839671293416
10.5341   51.5761   0.6663218591641704
11.9535   51.5595   0.6215309646349084
12.6652   52.7882   0.6146264231222069
14.0844   52.772   0.5680967347204148
14.7954   54.0011   0.5618575442227312
16.2145   53.9853   0.5138892195794704
16.9249   55.2148   0.5091049597087005
18.3439   55.1992   0.4600755046728738
1.98682   44.2781   0.7926651817760103
3.40691   44.2585   0.7608492177166226
4.12281   45.4847   0.7647822641771971
5.54265   45.4656   0.7275429533024143
6.25744   46.6925   0.7279267545570766
7.67706   46.674   0.6863386642904485
8.3908   47.9015   0.6838756904584343
9.81021   47.8836   0.6388148433623
10.523   49.1116   0.6345064932685868
11.9422   49.0942   0.5868513440386736
12.6541   50.3227   0.5814334699688346
14.0732   50.3058   0.5318596055351443
14.7843   51.5348   0.5262464536697586
16.2032   51.5182   0.4752458416440875
16.9136   52.7476   0.4701727448502276
18.3324   52.7313   0.41811704103037867
19.0422   53.9611   0.41419756155728105
20.4609   53.9449   0.36114629999488845
3.39287   41.7976   0.7127546138749292
4.10949   43.0233   0.7204659673433575
5.5292   43.0036   0.6812505045869666
6.24462   44.23   0.6855633150191143
7.6641   44.2109   0.6420407657617996
8.37839   45.4379   0.6432551833448357
9.79764   45.4194   0.5962030274998577
10.5109   46.6471   0.5949229613992039
11.9299   46.629   0.5452135820025029
12.6422   47.8573   0.5420366592768419
14.0611   47.8396   0.4903756213353164
14.7724   49.0684   0.48611341269296254
16.1911   49.0511   0.43295646432406687
16.9017   50.2803   0.42833504409515594
18.3203   50.2633   0.3740802721342032
19.0302   51.493   0.3698462653590006
20.4487   51.4761   0.31485637995759164
21.158   52.7061   0.31140553944976446
4.09446   40.5621   0.6671542532278393
5.51406   40.5418   0.6264509873884772
6.23022   41.7677   0.6339846232362405
7.64958   41.7479   0.5890419731224588
8.36452   42.9745   0.5936044932444482
9.78366   42.9552   0.5454016226598527
10.4974   44.1825   0.5473720855140475
11.9164   44.1638   0.49652191291019465
12.6291   45.3917   0.4961031545958942
14.0478   45.3733   0.44315235529104136
14.7595   46.6019   0.4409626401408614
16.1781   46.5839   0.38652858885210384
16.889   47.8129   0.38306816625765117
18.3074   47.7952   0.3276902348255113
19.0175   49.0247   0.3235842548703499
20.4359   49.0072   0.2677110569251853
21.1453   50.2371   0.26350571151304986
22.5635   50.2197   0.20730349731733827
5.49694   38.0801   0.5655953588918466
6.21398   39.3055   0.5751742675920045
7.63322   39.285   0.5295614809443746
8.34895   40.5111   0.5366579619273328
9.76797   40.4912   0.48800632168036495
10.4825   41.7181   0.49262190369490994
11.9013   41.6986   0.4417337320151106
12.6146   42.9261   0.44379740873511087
14.0332   42.907   0.3910129026004105
14.7454   44.1352   0.39072692510243023
16.1639   44.1165   0.33663977780410836
16.8752   45.3453   0.33441682074919343
18.2935   45.3269   0.2794338204298114
19.0039   46.5562   0.2756700564080161
20.4221   46.5381   0.22056713263766037
21.1318   47.7678   0.21574459437028656
22.5499   47.7499   0.1614950773243544
23.259   48.98   0.15578812534978329
6.19561   36.8433   0.5124616473454376
7.61476   36.8223   0.4668106614035273
8.33141   38.0478   0.47506741163754673
9.75035   38.0272   0.42697027250149344
10.4656   39.2536   0.4331329703451353
11.8844   39.2334   0.38324162091296904
12.5984   40.4605   0.3870935416666107
14.017   40.4407   0.3357891004782594
14.7299   41.6685   0.33705294836271565
16.1483   41.6491   0.28483626875803325
16.86   42.8775   0.28349550260983
18.2783   42.8585   0.2311192549313012
18.9891   44.0875   0.22737961650068708
20.4073   44.0688   0.17637471474108438
21.1173   45.2983   0.1702737795434134
22.5354   45.28   0.12361573524434448
23.2448   46.5099   0.1148101911852775
24.6628   46.4918   0.08160398274594446
7.59394   34.3596   0.4045183061370628
8.31165   35.5845   0.4124473537313565
9.73054   35.5633   0.36586619261691805
10.4468   36.789   0.3722147901413892
11.8655   36.7682   0.3247077147220227
12.5804   37.9948   0.3289510905894658
13.999   37.9743   0.2810104268528113
14.7126   39.2016   0.28253957244959466
16.131   39.1816   0.23475830123767713
16.8434   40.4096   0.233281482334109
18.2616   40.3901   0.18710034740748108
18.9731   41.6187   0.18246191383409108
20.3912   41.5995   0.14130636928319942
21.1017   42.8287   0.1328937545560381
22.5197   42.8099   0.10560894848449214
23.2296   44.0396   0.09323465021117293
24.6476   44.0212   0.09675189920616806
25.3568   45.2512   0.08311167186382393
8.28946   33.1211   0.35235835806746385
9.70832   33.0993   0.30827219806528044
10.4257   34.3244   0.31357174617621425
11.8444   34.3029   0.2699312690297294
12.5604   35.5289   0.27330020124397825
13.9789   35.5079   0.23079315414456972
14.6935   36.7347   0.2314934340321557
16.1118   36.7141   0.1915230795491744
16.8251   37.9416   0.1887193418810046
18.2434   37.9215   0.1545120383659444
18.9555   39.1497   0.14745985894473054
20.3736   39.1301   0.1261271184163021
21.0848   40.359   0.11513969775885502
22.5029   40.3399   0.1187116674973453
23.2133   41.5692   0.10587827916999755
9.68348   30.6352   0.25676750359031014
10.4022   31.8597   0.2604810933637969
11.8209   31.8377   0.2224911234184392
12.538   33.063   0.2241306315522252
13.9566   33.0414   0.19023777227459307
14.6723   34.2676   0.18910536745423018
16.0907   34.2465   0.16190633094477622
16.805   35.4735   0.15683402054401183
18.2233   35.4529   0.14190028188837295
18.9363   36.6807   0.13264109468787988
20.3545   36.6607   0.1375775417719076
21.0665   37.8891   0.1262395738269113
10.376   29.3949   0.21493194271675667
11.7948   29.3725   0.18507568722012055
12.5133   30.5971   0.18523957460542625
13.9319   30.5751   0.16376727389805412
14.6489   31.8006   0.160812375145696
16.0674   31.779   0.151476796903023
16.7829   33.0054   0.1448153997335932
18.2013   32.9844   0.15196509467637656
18.9154   34.2116   0.14262527826441349
12.486   28.1313   0.15919246213310367
13.9047   28.1089   0.15404762250680876
14.6232   29.3336   0.15040309172354144
16.0418   29.3118   0.15997190378313128
16.7587   30.5374   0.15358844357568227
15.943   28.5253   0.176809190937577
11.6724   28.4604   0.2845329682128242
13.093   28.4847   0.2481636959750554
13.7944   29.7195   0.24370055395915738
15.2152   29.7432   0.2108234806656986
15.9183   30.9769   0.20511504089169072
17.3392   30.9999   0.1775105067312912
18.0437   32.2328   0.16993981287502605
9.52465   29.6544   0.3708499293514826
10.9452   29.6788   0.3305537928991275
11.6466   30.9138   0.3275237548636733
13.0673   30.9377   0.28835681021956083
13.7704   32.1717   0.28481836317203985
15.1913   32.1951   0.24691417537273821
15.8958   33.4281   0.2420929780063841
17.3168   33.4509   0.206283130672383
18.0227   34.683   0.19924718316703963
19.4438   34.7051   0.16791649710495846
20.1507   35.9365   0.15844399641513687
8.7986   30.8734   0.4202161397423941
9.49987   32.1087   0.4192510347035536
10.9205   32.1327   0.37747254204776165
11.6235   33.3668   0.37614317752685505
13.0443   33.3904   0.3344295591002687
13.7488   34.6236   0.33230789939452365
15.1697   34.6467   0.29055190586193075
15.8755   35.879   0.28699541808189033
17.2966   35.9015   0.24523747674447965
18.0036   37.133   0.23955302127086905
19.4248   37.155   0.1989626598133419
20.1327   38.3858   0.19086385199927217
21.5539   38.4071   0.15437477125489274
22.2627   39.6374   0.1436939455927053
7.35444   33.3044   0.514502879000691
8.77502   33.3283   0.47224990005292644
9.4778   34.5627   0.4732967598663656
10.8985   34.5862   0.42999718603730397
11.6028   35.8197   0.43045149552533657
13.0237   35.8428   0.38632859071003234
13.7294   37.0754   0.38551044084434366
15.1504   37.098   0.3405622410074255
15.8573   38.3298   0.33799002943874007
17.2784   38.3519   0.2920624933126454
17.9863   39.583   0.28747676427843544
19.4075   39.6046   0.24111874667889213
20.1163   40.8351   0.23429624410135158
21.5375   40.8562   0.18883376287094392
22.247   42.0861   0.17995696707824343
23.6683   42.1066   0.1382526672437117
24.3784   43.3362   0.12721387502941794
6.6309   34.5248   0.5690166936039758
7.33347   35.7596   0.5723902511399023
8.75412   35.7829   0.5294813500020558
9.45821   37.0167   0.5318521847280494
10.879   37.0396   0.4873542756558103
11.5844   38.2726   0.48854926056642445
13.0053   38.2951   0.44258995695790393
13.712   39.5272   0.44215221360974755
15.133   39.5493   0.3947872971613949
15.8407   40.7806   0.3923688188426789
17.2619   40.8023   0.34374750908188373
17.9705   42.0331   0.33921022979857085
19.3917   42.0543   0.2896756807189715
20.1011   43.2845   0.2834231818323963
21.5223   43.3052   0.23350942165146066
22.2324   44.5349   0.22590095174655678
23.6537   44.5552   0.17665500275961385
24.3643   45.7845   0.16785714164133778
5.19042   36.9576   0.6689981677104956
6.61106   36.9806   0.6286540304491801
7.31487   38.2148   0.6326972992671918
8.73559   38.2375   0.5895667837488804
9.44074   39.4708   0.5920580485898322
10.8616   39.4931   0.5467979974359808
11.5679   40.7256   0.5473748624114921
12.9889   40.7474   0.5002811809372806
13.6963   41.9792   0.49893257059446305
15.1173   42.0007   0.45024853136906456
15.8256   43.2318   0.44679326315422424
17.2468   43.2529   0.39678615147204954
17.9559   44.4834   0.3916209008722595
19.3771   44.5041   0.3405619326935996
20.087   45.7341   0.33421461667617103
21.5083   45.7544   0.2824517834958741
22.2187   46.984   0.27545781891244137
23.6401   47.0039   0.22353652945324223
4.4692   38.1794   0.7231299856180758
5.17269   39.4141   0.7283502721218688
6.59343   39.4364   0.6887771116986976
7.29822   40.6702   0.6919452596846085
8.71903   40.6922   0.6492063869833679
9.42499   41.9252   0.6501421672219088
10.8459   41.9467   0.6047964616298606
11.5529   43.1789   0.603521515772222
12.9739   43.2001   0.5561701448297984
13.6818   44.4316   0.5528000904486167
15.1029   44.4524   0.5038168417192902
15.8116   45.6833   0.4987651651829746
17.2328   45.7037   0.4484349339647824
17.9423   46.9341   0.4421959859609756
19.3635   46.9542   0.39102779952325584
20.0737   48.1841   0.38422381498288244
21.495   48.2038   0.33236896666205096
22.2057   49.4333   0.3256427643906742
3.03152   40.6146   0.8142792867929274
4.45232   40.6366   0.7804416724522071
5.15673   41.8709   0.7839768590972573
6.57757   41.8925   0.7456550129919335
7.28312   43.1259   0.7464239945232193
8.70401   43.1471   0.7046858739183015
9.41057   44.3799   0.7029048188766377
10.8315   44.4006   0.658332841350027
11.539   45.6327   0.6542017043695304
12.96   45.653   0.607554458464423
13.6683   46.8845   0.6017227351529937
15.0894   46.9045   0.5533872152480578
15.7985   48.1353   0.546540629779708
17.2197   48.155   0.49708949898383437
17.9294   49.3853   0.48978433008825367
19.3507   49.4046   0.43948930589947177
20.0611   50.6345   0.4324485171670718
21.4824   50.6536   0.38160280397292684
2.31216   41.838   0.860093012644563
3.01615   43.0728   0.8640250063510889
4.43706   43.094   0.8320363919925619
5.14216   44.328   0.8325484892184961
6.5631   44.3488   0.795940668705902
7.26919   45.5821   0.7934436741823586
8.69017   45.6024   0.7530891719444646
9.39715   46.835   0.7479946791923051
10.8182   46.855   0.7048686757120078
11.526   48.0869   0.6978807347964254
12.947   48.1065   0.6526809787331025
13.6556   49.3378   0.6446211445492616
15.0768   49.357   0.5979832271895251
15.786   50.5878   0.5896008310713272
17.2073   50.6066   0.5420036992493682
17.9171   51.8369   0.5340482094343156
19.3385   51.8555   0.4856884598176081
20.0489   53.0853   0.4787070294031615
0.876391   44.276   0.9288458714991408
2.29739   44.2968   0.9047699215270149
3.00202   45.5313   0.9050581307297334
4.42305   45.5517   0.8752601385302543
5.12865   46.7855   0.8719705612003196
6.54969   46.8055   0.8375285318124981
7.25616   48.0386   0.8312697105031545
8.67721   48.0582   0.7930611136602269
9.38448   49.2906   0.7847420021892535
10.8056   49.3097   0.743839028285017
11.5136   50.5416   0.7342814174415683
12.9347   50.5603   0.6914725301846776
13.6434   51.7916   0.6816933841544881
15.0647   51.8099   0.6375384223715451
15.774   53.0407   0.6283750074597176
17.1954   53.0587   0.5833794648425675
17.9053   54.289   0.575395464007146
19.3267   54.3067   0.5296399342949879
0.158547   45.5009   0.9614241704887594
0.862683   46.7359   0.9619437403424383
2.28377   46.7559   0.9399181400526325
2.98887   47.9901   0.936182032993584
4.40998   48.0097   0.908710497573347
5.11594   49.2434   0.9015219043927875
6.53705   49.2625   0.869489516900577
7.24378   50.4955   0.8598592134181039
8.66492   50.5142   0.8243418490529274
9.37237   51.7466   0.8133832140510402
10.7936   51.7649   0.7753556732235859
11.5017   52.9967   0.764094241569716
12.9229   53.0145   0.7243561347845408
13.6317   54.2458   0.7138118029284742
15.053   54.2633   0.6729387044894939
15.7624   55.4941   0.6637650939903351
17.1838   55.5112   0.6219522409317295
-1.27582   47.9418   1.0019340617525685
0.145304   47.9612   0.9884213836218834
0.849874   49.196   0.9846999139844577
2.27103   49.2152   0.9648424884922918
2.97644   50.4493   0.9571849102446188
4.39762   50.4681   0.9320667570512312
5.10381   51.7016   0.9214774804085006
6.525   51.7199   0.8922812704523163
7.23189   52.9528   0.8800736773702529
8.65311   52.9707   0.8476832000222717
9.36067   54.203   0.835072064255535
10.7819   54.2204   0.8005730072891531
11.4901   55.4522   0.7885870465585906
12.9115   55.4692   0.7525629873970673
-1.99229   49.1679   1.020200884581071
-1.2883   50.4032   1.0170738714567382
0.132876   50.4218   1.0052615245840253
0.837739   51.6565   0.9975039532272545
2.25894   51.6748   0.9798318248046454
2.96456   52.9088   0.9688525875487972
4.38579   52.9267   0.9464048393790037
5.09212   54.1601   0.9333112136902669
6.51337   54.1776   0.907276369195186
7.22034   55.4104   0.8935852226284855
8.64164   55.4274   0.864849296062614
-3.42556   51.6116   1.033466264567935
-2.00441   51.6297   1.0298178516611562
-1.30016   52.8648   1.02254981805289
0.121054   52.8826   1.012542824870138
0.826079   54.1171   1.001453728856705
2.24732   54.1345   0.9861755767103536
2.95304   55.3685   0.9726742119024225
4.37432   55.3855   0.9532115599907505
-4.14078   52.8387   1.0389897973031306
-3.43716   54.0744   1.03269281013281
-2.01599   54.0916   1.0302702381414304
-1.31159   55.3266   1.0196585785938355
0.109638   55.3435   1.0114629822193195
-5.5732   55.2851   1.028721978038769
-4.15213   55.3017   1.0336988356866805
24.6313   41.5507   0.1382681814446108
25.3411   42.7804   0.12719575464613958
26.7591   42.7624   0.1766330942943616
22.4846   37.8698   0.15432258421890155
23.1957   39.0988   0.14371395200188614
24.6137   39.0801   0.18881636581610156
25.3242   40.3096   0.17994149049065986
26.7423   40.2915   0.23352314660435908
27.4522   41.5213   0.2259231063879941
20.3337   34.1914   0.1679765162158103
21.0466   35.4193   0.15839674870400794
22.4648   35.3999   0.19896575082159282
23.1768   36.6284   0.1908950235076876
24.5949   36.6097   0.2411597395918336
25.3061   37.8388   0.2343072555428018
26.7242   37.8209   0.2896356676930541
27.4349   39.0503   0.2834092094481075
28.8531   39.0332   0.34052795773621974
18.1771   30.5162   0.17742911260557004
18.8926   31.7427   0.16992545424391567
20.3109   31.7223   0.20626066033056387
21.0251   32.9496   0.19927749496619046
22.4433   32.9301   0.24523158442582552
23.1564   34.1581   0.23960536304515548
24.5746   34.1395   0.29212964587662177
25.2867   35.3681   0.2874838952011057
26.7049   35.3504   0.3437435526668121
27.4165   36.5795   0.33920563084948885
28.8347   36.5626   0.39678152678772743
29.5458   37.792   0.391610648476265
18.8677   29.2741   0.2051451681127312
20.2862   29.2536   0.2469826107239139
21.0017   30.4802   0.24209657164032894
22.42   30.4607   0.2905492729297394
23.1343   31.6881   0.28695780177580427
24.5526   31.6697   0.3405321717547423
25.2659   32.8977   0.33801384587025646
26.6842   32.8802   0.3947887156442046
27.3967   34.1088   0.39235852227268136
28.815   34.0923   0.45024719876974423
29.527   35.3213   0.4467655089641541
30.9455   35.3057   0.5038243046936117
23.1105   29.2186   0.33231017137608143
24.5289   29.2003   0.38631062630996965
25.2435   30.4277   0.3855353031824715
26.6618   30.4105   0.4425488673581737
27.3755   31.6386   0.44213107784909284
28.7939   31.6224   0.500300819507624
29.507   32.8509   0.49895336455424444
30.9254   32.8357   0.5561831083375353
31.638   34.0646   0.552798797031979
27.3528   29.1687   0.4885391079534983
28.7712   29.1529   0.5468151973016135
29.4854   30.3809   0.5473699023512338
30.904   30.3662   0.6048075809710071
31.6176   31.5946   0.6035094531156909
33.0363   31.5807   0.6583200893182597
31.5958   29.1249   0.6501444916324369
33.0145   29.1115   0.7046775858504384
33.7288   30.3397   0.7028975529904792
33.0348   28.7311   0.5935976499279628
34.4557   28.7427   0.6420243453327922
28.7618   28.6903   0.4331228116827848
30.1824   28.7049   0.4880085450071554
30.8877   29.9371   0.49259625455336087
32.3085   29.9505   0.5454038320364111
33.0145   31.1823   0.5473764700825201
24.4888   28.642   0.2732183192979546
25.9094   28.6599   0.3247305806356999
26.6142   29.8923   0.3289445089980975
28.0349   29.9089   0.3832764146148319
28.7406   31.1408   0.3869929715124015
30.1614   31.1561   0.4417259218112497
30.8678   32.3876   0.4437883955220117
32.2887   32.4017   0.4965024874056523
20.2156   28.5866   0.1608371847552681
21.6364   28.6075   0.19023882358761754
22.3405   29.8403   0.1889906082322612
23.7613   29.86   0.23078526816068728
24.4664   31.0922   0.2314433191950029
25.8872   31.1106   0.28097062124001615
26.5933   32.3423   0.2825375904194002
28.0142   32.3594   0.3357646348262435
28.721   33.5906   0.3370325355214263
30.142   33.6066   0.39100538359464937
30.8495   34.8375   0.3907294972228243
17.3638   28.5484   0.15996877820374686
18.0668   29.7821   0.1535254376316819
19.4877   29.8042   0.15148046078620184
20.192   31.0371   0.14484132697541666
21.613   31.0582   0.16195480851150998
22.3184   32.2903   0.15688040030545453
23.7394   32.3103   0.19150167101098817
24.4458   33.5418   0.18879351154105026
25.8668   33.5606   0.23469294833888973
26.5741   34.7916   0.23325835461993744
27.995   34.8093   0.28480837417463717
28.703   36.04   0.28349056421687174
30.1241   36.0566   0.33664006000474844
19.4647   32.2549   0.151847917338367
20.1704   33.487   0.1426927117970658
21.5915   33.5083   0.14185259955319937
22.2982   34.7397   0.1327348484761993
23.7193   34.7599   0.15444465027963816
24.4269   35.9908   0.14750013559316047
25.848   36.01   0.18707060164547554
26.5563   37.2405   0.1824396064455285
27.9774   37.2587   0.2311185626469654
28.6863   38.4888   0.22737042463785836
21.5718   35.9579   0.13761431611572847
22.2797   37.1887   0.12624159377954772
23.7008   37.2091   0.12620843870359752
24.4095   38.4394   0.11506858824196614
25.8306   38.459   0.1413463830453399
26.5399   39.6889   0.13285431871038259
27.9611   39.7076   0.176291633380602
23.6839   39.658   0.11866768726153086
24.3934   40.8878   0.1058019376004044
25.8146   40.9076   0.10560577635717018
26.5246   42.1371   0.09318508464340927
25.7997   43.356   0.09675277773790038
-11.438   65.2983   0.7855875317238676
-10.7191   66.5232   0.7868258066433762
-9.29794   66.5102   0.8059395454374954
-8.57956   67.7355   0.8046845096060912
-7.15838   67.723   0.8183990796671238
-6.44045   68.9487   0.8157597916053472
-5.01932   68.9367   0.8253782239070749
-4.30181   70.1627   0.8222648892540639
-2.88076   70.1512   0.8286925772564858
-2.16362   71.3775   0.8261168784742237
-0.742636   71.3666   0.830365426072158
-0.025889   72.5932   0.8289382213922135
1.39501   72.5828   0.8320146963245281
2.1114   73.8097   0.8323507158043394
3.53223   73.7999   0.8350693078421676
4.24826   75.0271   0.8376860581984164
5.66901   75.0178   0.8403524615302768
6.38471   76.2452   0.8453539720732349
7.8054   76.2365   0.8480885116542953
-10.7293   64.0671   0.8078582363261491
-9.30806   64.0533   0.8267813476972009
-8.5898   65.2786   0.8245784253786876
-7.16862   65.2652   0.8377017906152513
-6.45089   66.4909   0.8335063445469365
-5.02978   66.478   0.8418307376783054
-4.31254   67.704   0.8369524786987578
-2.8915   67.6917   0.8416827540112725
-2.17471   68.9181   0.8369363012798492
-0.753745   68.9062   0.8390753034740078
-0.0373918   70.1329   0.8354733199960874
1.38349   70.1216   0.8359344684842223
2.09944   71.3486   0.8341905067788772
3.52024   71.3379   0.8337830859402201
4.23579   72.5652   0.834519092891229
5.65652   72.555   0.8337483042861303
6.37171   73.7825   0.8372717998953482
7.79237   73.7729   0.8364576176352276
8.50723   75.0007   0.8425861714982009
-9.31792   61.5965   0.8479345803185506
-8.59967   62.8217   0.8457861564840125
-7.17849   62.8075   0.8584107350796568
-6.46087   64.0331   0.8532586386319208
-5.03975   64.0194   0.8604862278967631
-4.32271   65.2454   0.853940234969635
-2.90167   65.2322   0.8569711488725835
-2.18515   66.4586   0.8501455986476658
-0.764205   66.4458   0.850179140925016
-0.0481744   67.6726   0.8441899033521766
1.37269   67.6604   0.8420382844027936
2.08825   68.8875   0.8376992401214166
3.50903   68.8758   0.8341661441823177
4.22415   70.1032   0.8322980857841716
5.64485   70.0921   0.8280973020122671
6.35959   71.3198   0.8291245931101053
7.78021   71.3092   0.8245608315339741
8.49459   72.5372   0.8286974379108425
9.91514   72.5271   0.8237879945714175
-8.60931   60.365   0.8664046318551154
-7.18813   60.3499   0.8787218686820065
-6.47051   61.5755   0.8738174582829059
-5.0494   61.5609   0.8800444911480314
-4.33244   62.7869   0.8726345666428738
-2.91142   62.7727   0.8740625463317808
-2.19507   63.9992   0.8656596334010261
-0.774141   63.9855   0.8633903431496069
-0.0583507   65.2123   0.8552077391526328
1.36247   65.1992   0.8503443681238787
2.07774   66.4263   0.8435009128625737
3.49848   66.4137   0.8368503428929199
4.21326   67.6413   0.832070972033034
5.63391   67.6292   0.8242387666204488
6.34825   68.8571   0.8224487101941376
7.76883   68.8456   0.8138465000231914
8.48277   70.0737   0.8153610310163217
9.90326   70.0628   0.8063062631531516
10.6169   71.2911   0.8110454734476973
-7.19767   57.8925   0.8963329961571189
-6.47996   59.118   0.8929808618329949
-5.05885   59.1025   0.8985015094589439
-4.34188   60.3284   0.8913316110741264
-2.92087   60.3134   0.8913599091276193
-2.20459   61.5398   0.8820815971892834
-0.783694   61.5252   0.877811428547724
-0.0680524   62.752   0.8680371041573958
1.35274   62.738   0.860470571780347
2.0678   63.9652   0.8514202708416074
3.48848   63.9517   0.8414571374110503
4.20299   65.1793   0.8341534940285256
5.62359   65.1664   0.8226057029342764
6.3376   66.3943   0.8177713996588508
7.75811   66.382   0.8052454346346818
8.47168   67.6102   0.8035163025104087
9.89211   67.5984   0.7901177348344971
10.6053   68.8269   0.7919184175153375
12.0257   68.8155   0.7777617308662069
-6.48938   56.6606   0.9083431611456079
-5.06827   56.6442   0.9132540512365627
-4.35119   57.87   0.9079272072143206
-2.93019   57.8542   0.9065581384555519
-2.21388   59.0805   0.8979102730228664
-0.793001   59.0651   0.8915460584002375
-0.0774216   60.2918   0.8811833701345917
1.34333   60.2769   0.8709207978341058
2.05826   61.5041   0.8604635553583889
3.4789   61.4898   0.847302477336162
4.19322   62.7173   0.8378686892347733
5.61375   62.7036   0.8226143653620434
6.32752   63.9315   0.8151325573794707
7.74795   63.9184   0.7983898799458796
8.46122   65.1466   0.7936958999516099
9.88156   65.134   0.7758681818453442
10.5944   66.3626   0.7744999612653307
12.0147   66.3505   0.7557043932649827
12.7271   67.5793   0.7578827415900161
-2.22311   56.6212   0.9105419533991802
-0.802261   56.605   0.90228700878656
-0.0866285   57.8316   0.8926431710130582
1.33408   57.8159   0.879793791521624
2.04898   59.043   0.868933956120947
3.46957   59.0279   0.8525863824856684
4.18379   60.2554   0.8418284498043511
5.60424   60.2408   0.8228759648938592
6.31785   61.4687   0.8134474085028479
7.73819   61.4548   0.7926023792545651
8.45124   62.6831   0.7854347112268468
9.87148   62.6697   0.7629975012409927
10.584   63.8983   0.75882996119025
12.0042   63.8854   0.7352099088015607
12.7163   65.1143   0.7342896295059579
14.1364   65.1018   0.7094944256299685
2.03978   56.582   0.8747353970773103
3.4603   56.566   0.8553107370423912
4.17451   57.7935   0.8444331997855111
5.59488   57.7781   0.8218048493407646
6.30842   59.006   0.8113301935093993
7.72866   58.9912   0.7862999745644128
8.44158   60.2195   0.7773562702519349
9.86171   60.2053   0.7505238599804788
10.5741   61.4339   0.7439511408688056
11.9941   61.4203   0.7157257435638321
12.7059   62.6492   0.7119689529747742
14.1259   62.636   0.6824575810993668
14.8373   63.8652   0.6819782181272361
6.29905   56.5432   0.8069845947104551
7.71918   56.5277   0.777893572412061
8.43205   57.7559   0.7681737358176195
9.85205   57.7409   0.7369722247140633
10.5643   58.9695   0.728888057248848
11.9842   58.9551   0.6959831463476671
12.6959   60.1841   0.6901876049307176
14.1156   60.1701   0.6559645341022622
14.8268   61.3993   0.652914435435453
16.2465   61.3857   0.6173011663685714
10.5545   56.5051   0.7119634119812616
11.9742   56.4899   0.6747066029023262
12.6859   57.7188   0.6676536602161319
14.1054   57.7041   0.6288702648400545
14.8165   58.9334   0.6240217464159392
16.236   58.919   0.5839260655254194
16.9465   60.1486   0.5816485021041465
14.8061   56.4673   0.5940515213346372
16.2254   56.4522   0.5498272910651101
16.9358   57.6818   0.5458757001369429
18.355   57.6668   0.5004974125807216
19.0537   56.429   0.4569340105529459
-22.0246   83.7829   0.5670263574120685
-21.3172   82.5515   0.5720122114081095
-19.8957   82.5425   0.5958655720882017
-19.1726   83.7651   0.6115095583880894
-17.7511   83.757   0.6317044403833159
-19.9105   80.0883   0.5812708576902827
-19.1881   81.3111   0.6010030116397062
-17.7666   81.3022   0.6243083052466929
-17.0442   82.5252   0.6387054172308225
-15.6228   82.5172   0.6581155977486013
-14.9004   83.7404   0.6672800686368492
-13.479   83.7332   0.6832673342111409
-19.2023   78.8573   0.5871593821101715
-17.7809   78.8475   0.614214669313585
-17.0591   80.0707   0.6311742548615243
-15.6377   80.0618   0.6539176477202603
-14.9159   81.2853   0.6661147498742227
-13.4946   81.2772   0.6848234370989363
-12.7728   82.5008   0.6924649666228615
-11.3515   82.4935   0.7076353086159558
-10.6298   83.7173   0.7111061453819656
-9.20854   83.7107   0.7236437604926889
-17.7941   76.3929   0.6058455661305109
-17.0728   77.6163   0.6234814672466193
-15.6515   77.6065   0.6498408728296478
-14.9303   78.8302   0.6631932297603763
-13.509   78.8212   0.685014934143772
-12.7878   80.0451   0.6943874998874878
-11.3665   80.0369   0.7121489591370588
-10.6454   81.2609   0.7176560178804315
-9.22415   81.2534   0.7321743874241983
-8.5032   82.4777   0.7344993380527972
-7.082   82.4708   0.7467864069464549
-6.36123   83.6953   0.7466400120539998
-4.94011   83.6891   0.7577073966248451
-17.0856   75.162   0.6192607689818533
-15.6643   75.1513   0.6490443898532656
-14.9436   76.3752   0.6621432246878308
-13.5223   76.3653   0.6869607994638396
-12.8017   77.5894   0.6965709439820155
-11.3804   77.5803   0.7168193287014514
-10.6599   78.8046   0.7231522384671144
-9.23865   78.7961   0.739545100450269
-8.51828   80.0207   0.7430923439250312
-7.09708   80.0129   0.7565347596112141
-6.37689   81.2376   0.7579084721125621
-4.95577   81.2305   0.7697139170497045
-4.23576   82.4554   0.7696163930816442
-2.81473   82.4489   0.7808006080940243
-2.09497   83.6742   0.7800443236765432
-0.674036   83.6682   0.7916203523312159
-15.6764   72.6962   0.6533046073616778
-14.956   73.9202   0.6653229140800705
-13.5347   73.9095   0.6926313016316812
-12.8146   75.1338   0.701457888971247
-11.3933   75.1238   0.7236924830340572
-10.6733   76.3483   0.7297314368999046
-9.25211   76.3389   0.7475926089121004
-8.53229   77.5637   0.7513508086107303
-7.1111   77.5549   0.7657444639695382
-6.39148   78.7799   0.7676270294876281
-4.97035   78.7717   0.7797654712155443
-4.25092   79.997   0.7805772152067965
-2.82987   79.9895   0.7914762220054349
-2.11069   81.215   0.7919278344015921
-0.689728   81.208   0.8026982811897599
0.0291806   82.4338   0.8032996773864718
1.45004   82.4274   0.8147584491123715
2.16868   83.6535   0.8156199463598228
3.58943   83.6476   0.8278797074454691
-14.9677   71.4654   0.6736886150143829
-13.5464   71.4537   0.7027858137441282
-12.8266   72.6782   0.7103072856165821
-11.4054   72.6672   0.7339133804475834
-10.6859   73.892   0.7389464459620858
-9.26463   73.8816   0.7577629344986433
-8.54532   75.1066   0.760814957857688
-7.12413   75.0969   0.7757510500154005
-6.40504   76.3221   0.7773268231574133
-4.9839   76.313   0.7893933166679312
-4.26504   77.5385   0.7901998031510763
-2.84398   77.53   0.8005109986127583
-2.12538   78.7557   0.8012555462522547
-0.704397   78.7478   0.8109239992261895
0.013928   79.9737   0.8121175700965708
1.43482   79.9664   0.8220555526240281
2.15286   81.1927   0.8241117817990445
3.57366   81.1858   0.8346284251689472
4.29139   82.4124   0.8374562926505478
-13.5576   68.9981   0.7174585841705412
-12.838   70.2226   0.7235618909257155
-11.4168   70.2108   0.7480192176675655
-10.6976   71.4356   0.7516308535444778
-9.27635   71.4244   0.770792410510117
-8.55745   72.6496   0.7725201548179802
-7.13627   72.6389   0.7874919745622789
-6.41765   73.8643   0.7880434448049137
-4.99651   73.8543   0.7996335298747779
-4.27817   75.0799   0.7997159748310629
-2.85711   75.0704   0.8090360739175955
-2.13906   76.2964   0.8092592643275679
-0.718064   76.2874   0.8174201876733903
-0.000303135   77.5136   0.8184917641779047
1.4206   77.5053   0.8264110054930275
2.13806   78.7318   0.8288468773543154
3.55888   78.7239   0.8370258825747254
4.27602   79.9507   0.8408342345551801
5.69676   79.9434   0.8494952044596831
-12.8488   67.7672   0.740644050809831
-11.4276   67.7545   0.7655397703581436
-10.7086   68.9794   0.7677178778692058
-9.28741   68.9673   0.7869118019829153
-8.56882   70.1925   0.7871024091565202
-7.14764   70.181   0.8016000250124716
-6.42941   71.4065   0.8006115975302873
-5.00828   71.3955   0.8113189311855102
-4.29041   72.6213   0.8100605600200507
-2.86933   72.6108   0.8180853452421677
-2.15177   73.837   0.8171686484441265
-0.730782   73.827   0.8235229669074198
-0.0135512   75.0534   0.8236543733218675
1.40736   75.0441   0.8292529527231094
2.12425   76.2708   0.8310508097583417
3.54509   76.262   0.8366985777446967
4.26165   77.4889   0.8403673804354835
5.68241   77.4806   0.8461783781213028
6.39866   78.7079   0.8516366934321207
-12.7207   67.5527   0.8577763169964532
-12.0203   68.7903   0.8571810252216268
-10.5998   68.802   0.8829319849229612
-9.89895   70.0392   0.8802295212613572
-8.47824   70.0504   0.9009767699558077
-7.77697   71.2872   0.8968729709942198
-6.35612   71.2979   0.9136215100357469
-5.65444   72.5343   0.9087227533742069
-4.23347   72.5446   0.9222799466539431
-3.53136   73.7806   0.9173945615709733
-2.11029   73.7904   0.9288651193795567
-1.40774   75.026   0.924504364727393
0.0134232   75.0353   0.934898299625809
0.716418   76.2705   0.9318730291729656
2.13766   76.2792   0.9419008657496809
2.84109   77.5141   0.9405238772088661
4.2624   77.5222   0.9508978446184427
4.96621   78.7567   0.9512807560862352
6.38759   78.7644   0.96191063561019
-14.1532   70.0079   0.8086130471368858
-12.7329   70.0194   0.8395315955936387
-12.0329   71.257   0.8403661701901146
-10.6123   71.2679   0.8659779211966075
-9.91194   72.5052   0.8649078448019762
-8.49124   72.5156   0.8859194681798118
-7.79042   73.7525   0.8832468225813205
-6.36959   73.7623   0.9005617760598098
-5.66837   74.9989   0.8969947770193528
-4.24742   75.0082   0.9115227714654189
-3.54578   76.2443   0.907765772707915
-2.12473   76.2531   0.9206157600215186
-1.42266   77.4889   0.9171819479252741
-0.001539   77.4971   0.9294621276556887
0.700978   78.7325   0.9269625382203952
2.12217   78.7402   0.93938696653722
2.82509   79.9752   0.938031970883722
4.24635   79.9823   0.9510133056903043
4.94962   81.2171   0.9508114658542978
-14.8654   71.2372   0.7903576975015811
-14.1662   72.4753   0.7953257760188588
-12.7459   72.486   0.8251796471072215
-12.0463   73.7238   0.8276403868830958
-10.6258   73.7338   0.852589402936723
-9.92584   74.9713   0.8528449953537864
-8.50516   74.9807   0.8735982042678425
-7.80483   76.2178   0.8720486684239582
-6.384   76.2267   0.8894161705298589
-5.68326   77.4635   0.8866710788674672
-4.26234   77.4717   0.9017547837411223
-3.56117   78.7081   0.8983193084866875
-2.14018   78.7158   0.9122343914257997
-1.43857   79.9518   0.9089184639449243
-0.0175036   79.9589   0.9226760080921201
0.684534   81.1946   0.9198914675987594
2.10566   81.2011   0.9342046358266483
2.80808   82.4364   0.9321607748130147
4.22926   82.4425   0.9471435490462881
-16.2991   73.6939   0.7472808106729357
-14.8789   73.7045   0.7805437463717194
-14.1802   74.9428   0.7871331335930418
-12.7599   74.9526   0.8152916349380754
-12.0608   76.1906   0.8190721213666112
-10.6402   76.1998   0.8427428196075002
-9.94076   77.4374   0.8438082735432254
-8.52009   77.446   0.8635939844626066
-7.82023   78.6832   0.862455484126572
-6.39944   78.6911   0.879357118354084
-5.69917   79.928   0.876622862410056
-4.27829   79.9353   0.8917534384009964
-3.57757   81.1719   0.8880302879969802
-2.15663   81.1785   0.9025987923767677
-1.45548   82.4147   0.8985925808730005
-0.0344757   82.4208   0.9134184428778732
0.667092   83.6566   0.9094402607323913
2.08814   83.6622   0.925235461923072
-17.0115   74.9233   0.7343475062938518
-16.3137   76.162   0.7455293756787865
-14.8935   76.1718   0.7760834555638967
-14.1953   77.4102   0.7836708237519115
-12.7749   77.4193   0.8096334849794701
-12.0763   78.6574   0.8138192305420159
-10.6557   78.6657   0.835594943737694
-9.95675   79.9035   0.8366722510039393
-8.53609   79.9111   0.8549632614329113
-7.83668   81.1486   0.8533382672774017
-6.41593   81.1555   0.8693596767736586
-5.71609   82.3926   0.8657340740088723
-4.29526   82.3989   0.8804956885754756
-3.59497   83.6356   0.8755770917514913
-2.17408   83.6412   0.8903900678354405
-18.4469   77.3813   0.7051965470703889
-17.0268   77.3912   0.7370307049234772
-16.3294   78.63   0.7486901895978068
-14.9092   78.6391   0.7761292482570151
-14.2114   79.8776   0.7837071264190462
-12.791   79.8859   0.8067631312845182
-12.0929   81.1241   0.8103454140056563
-10.6723   81.1316   0.8298150336068865
-9.97379   82.3695   0.8296988381937141
-8.55316   82.3763   0.8461943334719263
-7.85416   83.6138   0.8430733069549755
-6.43345   83.6199   0.8578044826182711
-19.1599   78.6106   0.7001537116947962
-18.4634   79.8499   0.7155686549870667
-17.0432   79.859   0.7436722934196223
-16.3463   81.098   0.7543219803240533
-14.926   81.1063   0.7783463046742116
-14.2287   82.345   0.7843162244911174
-12.8083   82.3524   0.8045430690771003
-12.1106   83.5908   0.8059314238817101
-10.69   83.5974   0.8229852064284026
-20.5972   81.0695   0.6845097369650777
-19.1771   81.0789   0.7130620800463314
-18.481   82.3183   0.7260750167854548
-17.0608   82.3267   0.7507469147455761
-16.3643   83.5659   0.7584089793772212
-14.944   83.5734   0.7794945541823879
-21.3109   82.2985   0.6837289960210853
-20.6156   83.5384   0.6979851359448856
-19.1955   83.5471   0.723401257947482
17.8938   56.7416   0.6146052147517136
13.6203   56.7005   0.7421396634057489
15.0417   56.717   0.7049994184394764
15.751   57.9479   0.69659280070928
17.1725   57.9641   0.6585294678296489
9.34923   56.6597   0.8515797144131592
10.7706   56.6763   0.8210377518725909
11.4788   57.9081   0.8093171071959372
12.9002   57.9241   0.7773641939271448
13.6089   59.1555   0.767848650451376
15.0305   59.1711   0.7348812284988643
15.7397   60.4021   0.7281140363981448
5.0807   56.6189   0.9387117514977632
6.50201   56.6355   0.9161558481503024
7.209   57.8683   0.902076379748411
8.63037   57.8845   0.8773184929659243
9.33794   59.1168   0.8644855904524947
10.7594   59.1324   0.8382280179044361
11.4675   60.3643   0.8276755040473294
12.889   60.3794   0.8002206008345454
13.5976   61.6109   0.7923926615005976
15.0192   61.6256   0.7639404557948207
0.814737   56.578   0.9981403859783448
2.23601   56.5945   0.9853627732464821
2.94176   57.8284   0.9706417683677128
4.36307   57.8446   0.9543748129534844
5.06942   59.0779   0.9396707042363301
6.4908   59.0936   0.920908068375991
7.19773   60.3265   0.9074409526244668
8.61917   60.3417   0.8868823985737903
9.32664   61.5741   0.8754848593208212
10.7482   61.5888   0.8536314544345235
11.4561   62.8208   0.8451401836381938
12.8777   62.835   0.8222015507161244
13.5862   64.0666   0.8169514122639115
-3.44838   56.5373   1.024252143029244
-2.02722   56.5536   1.0230552722604973
-1.32277   57.7885   1.0103012574969892
0.0984703   57.8046   1.004218923010561
0.803552   59.039   0.9896651623978686
2.22485   59.0546   0.97969563441918
2.93054   60.2886   0.9649535833914495
4.3519   60.3038   0.9520915357779411
5.05816   61.5372   0.9382829880158763
6.47958   61.552   0.9234277462259833
7.18639   62.785   0.9114733578662626
8.60788   62.7992   0.8952299959228359
9.31519   64.0317   0.8860635473824663
10.7368   64.0455   0.8687333825748836
11.4445   65.2776   0.8628882314645379
12.8662   65.2908   0.8447878846195656
-6.28734   56.513   1.0237197323486544
-5.58427   57.749   1.0158345814649157
-4.16319   57.7648   1.0216422123718254
-3.45942   59.0002   1.010048797880578
-2.03826   59.0157   1.0103732641454835
-1.33386   60.2506   0.9966785818908727
0.0873835   60.2657   0.9928137984588303
0.792384   61.5002   0.9784279050006696
2.21369   61.5149   0.9713721872176493
2.91926   62.7489   0.9576120603354988
4.34064   62.7632   0.9483638040857524
5.04674   63.9967   0.9362504975165558
6.46819   64.0106   0.9253119925733152
7.1748   65.2436   0.9157712904431978
8.59633   65.2569   0.9038528542301555
9.30342   66.4896   0.8975077437548935
10.725   66.5024   0.8848156305129329
11.4326   67.7346   0.8821017231589567
12.8543   67.7469   0.8686485653012959
-7.7192   58.9618   0.9953051670718878
-6.29827   58.977   1.007927727766232
-5.5952   60.213   0.998089680539779
-4.17414   60.2279   1.00482501581121
-3.47043   61.4633   0.9924839261166893
-2.04928   61.4779   0.9946290766411358
-1.34501   62.7128   0.9811956074096538
0.0762242   62.727   0.9797488448037277
0.781063   63.9615   0.9665346045827843
2.20238   63.9754   0.9624947627909464
2.90773   65.2094   0.950618449010957
4.32913   65.2228   0.944789221202274
5.03499   66.4564   0.9352701575480749
6.45648   66.4693   0.9282573404503722
7.16282   67.7025   0.9216194737525897
8.58438   67.7148   0.9139332078439873
9.29117   68.9476   0.9108019611858543
10.7128   68.9594   0.9025540704024316
11.4201   70.1918   0.9028527122404855
-8.43243   60.1903   0.9827198188700571
-7.73008   61.4268   0.9752350869918494
-6.30916   61.4411   0.9883846735456793
-5.60619   62.6771   0.9778953895483916
-4.18514   62.691   0.9859521185128608
-3.4816   63.9265   0.973966692911005
-2.06046   63.9402   0.9780291508947977
-1.3564   65.1752   0.9659587807458457
0.064832   65.1885   0.9669286737960561
0.769412   66.4231   0.9557861603020823
2.19072   66.4359   0.9546665114583203
2.8958   67.6701   0.9453692190884996
4.3172   67.6825   0.9429639335626788
5.02277   68.9162   0.9362328236074611
6.44426   68.9281   0.9330502209956334
7.15029   70.1615   0.9295041417874368
8.57187   70.1728   0.9259559654756797
9.27831   71.4057   0.925720482057084
10.7   71.4165   0.9218167334128844
-9.86408   62.6414   0.9421072824259453
-8.44332   62.6553   0.9614700132609433
-7.74109   63.8918   0.9536319654877341
-6.32019   63.9052   0.9674985738490771
-5.61742   65.1412   0.9576607867089476
-4.19639   65.1543   0.9670310747850864
-3.49311   66.3899   0.9565024215860607
-2.07198   66.4026   0.9624787268298446
-1.36822   67.6377   0.9523705751964405
0.0530124   67.65   0.9558554163801973
0.757261   68.8848   0.947081068819348
2.17857   68.8966   0.9488795927829835
2.88331   70.131   0.9422551173116543
4.30471   70.1423   0.9432746684290838
5.00992   71.3762   0.9392199225421062
6.4314   71.3871   0.9398680492494679
7.13704   72.6206   0.9390006543661181
8.55862   72.6309   0.9394912936797231
9.26465   73.864   0.9415291700738742
-10.5766   63.8703   0.9248058553015317
-9.87519   65.1073   0.9199215804078077
-8.45445   65.1203   0.9396948669115942
-7.75245   66.3568   0.9324036237595821
-6.33157   66.3694   0.9472770114385751
-5.62908   67.6055   0.9388902238813641
-4.20808   67.6176   0.949666332403124
-3.50514   68.8533   0.9411928282769695
-2.08403   68.8651   0.9490760813022313
-1.38062   70.1004   0.941225855414098
0.0405915   70.1117   0.9470207425019783
0.744467   71.3466   0.9407070581349963
2.16576   71.3574   0.9454211284395958
2.87011   72.5919   0.9411600778294842
4.2915   72.6022   0.9454013981373198
4.99629   73.8363   0.9438090548940501
6.41776   73.8461   0.9479880535112235
7.12295   75.0798   0.9490797962236883
8.54451   75.089   0.9533103010038234
-12.0085   66.3236   0.8772001082991261
-10.5879   66.3362   0.9029734326102838
-9.88675   67.5732   0.8988292523610922
-8.46602   67.5853   0.9190976518303147
-7.76436   68.8219   0.913252279986204
-6.34348   68.8336   0.9291209501458896
-5.64138   70.0698   0.9225812890472032
-4.22039   70.0811   0.9348537693136818
-3.51785   71.3169   0.9282290735050269
-2.09675   71.3277   0.9380108274961424
-1.39376   72.5632   0.9322109162630525
0.0274339   72.5735   0.9403091649997662
0.730885   73.8085   0.9359459483458435
2.15216   73.8183   0.9434699179624123
2.85608   75.053   0.941057521940077
4.27743   75.0622   0.9485181645071429
4.98175   76.2965   0.9482719741192387
6.40318   76.3052   0.9559783238128353
7.10787   77.5391   0.9579109580749144
-38.0445   112.142   0.5717300761723157
-36.6246   112.128   0.5610222811974611
-36.6663   109.67   0.4957749590287917
-35.9349   110.888   0.5210830739910859
-34.5149   110.876   0.5066930431730856
-33.7836   112.095   0.5389903524183011
-32.3636   112.085   0.5292760055018589
-35.9756   108.43   0.4496672213982211
-34.5556   108.419   0.42672948105327796
-33.8243   109.637   0.4576177553373551
-32.4041   109.627   0.4402661581361953
-31.673   110.846   0.47783128821792487
-30.2529   110.838   0.46392456283322836
-29.5221   112.057   0.5068090370149293
-28.1019   112.05   0.4949264995936266
-34.5949   105.962   0.3470869775719062
-33.8638   107.18   0.37467069541131287
-32.4436   107.171   0.35026347226052434
-31.7125   108.389   0.38481378613558304
-30.2923   108.381   0.36482831578703095
-29.5614   109.599   0.40585820183901833
-28.1411   109.593   0.38805351435079155
-27.4105   110.812   0.4335950760790534
-25.9903   110.807   0.4166388964079116
-25.26   112.026   0.4659574444088272
-23.8398   112.023   0.44920624439114826
-33.9017   104.725   0.29490476428841067
-32.4814   104.715   0.2676218974598323
-31.7506   105.933   0.29570067636040115
-30.3303   105.925   0.2719775909886718
-29.5995   107.143   0.30692873765745593
-28.1792   107.137   0.2850692898226728
-27.4486   108.356   0.3257165946033502
-26.0283   108.351   0.3051348062742106
-25.2979   109.57   0.350957789484723
-23.8777   109.566   0.33057291177590736
-23.1476   110.785   0.3806624751666532
-21.7274   110.783   0.36011187150661966
-20.9976   112.003   0.41208120558938244
-19.5774   112.001   0.39233359529869627
-32.5173   102.26   0.2046784062865378
-31.7869   103.478   0.2221966246368332
-30.3665   103.47   0.20025835812769854
-29.6361   104.688   0.22252247077542575
-28.2156   104.682   0.20136576173718976
-27.4853   105.901   0.22968983434188028
-26.0649   105.895   0.2091095884936976
-25.3347   107.114   0.2444023731472376
-23.9143   107.111   0.22167539331192693
-23.1843   108.33   0.26426481037020705
-21.764   108.327   0.2417153284340927
-21.0343   109.546   0.28929389900238167
-19.614   109.545   0.26669280080272156
-18.8845   110.765   0.31782984441364054
-17.4643   110.764   0.2957660054840711
-16.7351   111.984   0.34946280202619795
-15.3149   111.984   0.3274766861930811
-31.8211   101.024   0.18206243434602823
-30.4006   101.016   0.17446251746434815
-29.6706   102.234   0.17585337642479384
-28.2501   102.227   0.1682882348828944
-27.5202   103.446   0.1716035547417398
-26.0996   103.441   0.16054248658843778
-25.3698   104.66   0.1697648373486112
-23.9493   104.656   0.1552064431652247
-23.2196   105.875   0.17320635092282632
-21.7992   105.872   0.15432588894932325
-21.0697   107.091   0.1834750664259357
-19.6493   107.089   0.16182848945720613
-18.92   108.309   0.19967463534460658
-17.4997   108.308   0.17705620576528175
-16.7706   109.528   0.22291034072020532
-15.3503   109.528   0.19974088214484303
-14.6214   110.748   0.251013246662404
-13.2012   110.749   0.22760338310315292
-30.4325   98.5619   0.20385190703057074
-29.7031   99.7808   0.1892448942508113
-28.2824   99.7735   0.20115061521158537
-27.553   100.992   0.18280549772913782
-26.1323   100.987   0.1912420717310976
-25.403   102.206   0.17085806975381546
-23.9823   102.201   0.1764860617725957
-23.2531   103.42   0.15716898549013614
-21.8325   103.417   0.1572141851106307
-21.1034   104.637   0.1423226615827603
-19.6829   104.634   0.13794796120276193
-18.954   105.854   0.13151235683386836
-17.5336   105.853   0.1209563971024332
-16.8048   107.073   0.12885348268479932
-15.3844   107.072   0.11280660441658123
-14.6558   108.292   0.1379051848191325
-13.2355   108.293   0.11673688363152444
-12.507   109.513   0.156687874451088
-29.7333   97.3277   0.24211016087723763
-28.3125   97.3198   0.266354819742385
-27.5837   98.5391   0.24329136852753183
-26.1628   98.5327   0.26403050960068547
-25.434   99.7521   0.23564742731462252
-24.0132   99.747   0.25333641664790074
-23.2845   100.967   0.2206331117488957
-21.8638   100.963   0.2357999575911764
-21.1352   102.182   0.20077412681916507
-19.7145   102.18   0.21228285375884348
-18.9862   103.4   0.17579160958361897
-17.5656   103.398   0.1849271478177281
-16.8374   104.618   0.14830913660324171
-15.4168   104.617   0.15443034028324706
-14.6887   105.837   0.1211797012704675
-13.2683   105.837   0.12270574558674421
-12.5402   107.057   0.09858448153740534
-11.1199   107.058   0.09270453063361488
-28.3403   94.8663   0.33331942637656464
-27.6121   96.086   0.31453378196943915
-26.1911   96.079   0.34089866529513113
-25.463   97.2988   0.3156948051520642
-24.042   97.293   0.33868718605816267
-23.3139   98.5129   0.3079182521384518
-21.8929   98.5084   0.3280713032253793
-21.165   99.7285   0.29274008949920144
-19.7441   99.7251   0.31068224925154864
-19.0163   100.945   0.2717004416632403
-17.5956   100.943   0.2872812907239185
-16.8679   102.163   0.24479526139204508
-15.4472   102.162   0.25886492616806595
-14.7197   103.382   0.21378737100211967
-13.2991   103.381   0.22636448484689334
-12.5717   104.602   0.17918230939464938
-11.1512   104.602   0.19005315046059648
-10.4238   105.823   0.14254150272815386
-27.6383   93.6331   0.3783734927290746
-26.2172   93.6253   0.40745160448818973
-25.4897   94.8455   0.38949897304100906
-24.0686   94.8391   0.41470078369831787
-23.3411   96.0594   0.3905862772807046
-21.92   96.0542   0.41271124288054206
-21.1927   97.2746   0.3832034968525182
-19.7716   97.2705   0.40295125015316635
-19.0444   98.491   0.3686946704252713
-17.6235   98.4879   0.3864662986600518
-16.8964   99.7086   0.34803879094146833
-15.4756   99.7064   0.36397046583479903
-14.7487   100.927   0.32184657835682917
-13.3279   100.926   0.3362619960685401
-12.6012   102.147   0.29078357931629895
-11.1805   102.146   0.30424993015611324
-10.4539   103.367   0.25628891899572814
-9.03333   103.367   0.26908876899640294
-26.2409   91.1716   0.45705288534260413
-25.5142   92.3923   0.4484558172217159
-24.0929   92.3851   0.4745585738346725
-23.3662   93.6058   0.45918878470624463
-21.9449   93.5998   0.48193553510816983
-21.2183   94.8207   0.460687974663979
-19.7971   94.8158   0.4808059379832986
-19.0705   96.0367   0.4541037106212628
-17.6494   96.0328   0.47203361109141406
-16.9229   97.2539   0.44059424644450124
-15.5019   97.2509   0.45655366606785547
-14.7756   98.4722   0.42088139659528545
-13.3547   98.47   0.43527789973762626
-12.6286   99.6914   0.3958223465141913
-11.2079   99.69   0.4091013688561794
-10.4819   100.912   0.36624459040373103
-9.06121   100.911   0.3790958158566233
-8.3353   102.132   0.33382847392036347
-25.5366   89.9391   0.48832711372603493
-24.1151   89.9311   0.5146771609465468
-23.3892   91.1522   0.509353325305726
-21.9678   91.1454   0.5320980736668746
-21.2418   92.3667   0.520255504535991
-19.8205   92.361   0.540146544930168
-19.0946   93.5824   0.5224760760073105
-17.6733   93.5776   0.5398972124395515
-16.9475   94.7992   0.5169873596133662
-15.5263   94.7953   0.5323395532928189
-14.8007   96.017   0.5047128787736651
-13.3796   96.014   0.5182721099962827
-12.6541   97.2359   0.4863595891930159
-11.2332   97.2336   0.4988032578081248
-10.5079   98.4556   0.46309158921318894
-9.0871   98.4541   0.47491484457742356
-8.36192   99.6762   0.43619423987485284
-6.94123   99.6753   0.44843733296860755
-24.1353   87.4772   0.5342338158521963
-23.4101   88.6987   0.5390529102045529
-21.9886   88.6911   0.5619013614505645
-21.2634   89.9127   0.5600389272184546
-19.842   89.9062   0.5797508171619927
-19.1167   91.1279   0.5716403589670684
-17.6954   91.1224   0.5885829508234149
-16.9702   92.3443   0.5747690057753608
-15.5489   92.3396   0.5894263482403872
-14.8238   93.5617   0.5704537316908331
-13.4027   93.5579   0.5831334152661777
-12.6778   94.7801   0.5595380058584026
-11.2568   94.777   0.5709561629407259
-10.5321   95.9994   0.5432740008503983
-9.11114   95.9971   0.5539407950313815
-8.38663   97.2196   0.5228656993913422
-6.96583   97.2179   0.5338385977053346
-6.24145   98.4406   0.49986018295119206
-23.429   86.2452   0.5489104936143966
-22.0075   86.2369   0.5724254623966308
-21.2831   87.4588   0.5799529377458119
-19.8616   87.4514   0.6000697626109809
-19.137   88.6735   0.6012178556896001
-17.7156   88.6671   0.6182456954965391
-16.9911   89.8894   0.6134210299622928
-15.5697   89.8839   0.6278475372253999
-14.8453   91.1063   0.6175884956830046
-13.424   91.1016   0.6298351689132627
-12.6998   92.3242   0.6146399677860181
-11.2786   92.3203   0.6251923863899818
-10.5545   93.5431   0.6057248963019426
-9.13348   93.5399   0.6154330446116779
-8.4096   94.7628   0.5922921850742249
-6.98869   94.7603   0.6021618965029227
-6.26498   95.9834   0.5758392657677986
-4.8442   95.9816   0.586806241957258
-21.3009   85.005   0.5825446249000997
-19.8794   84.9969   0.6040274000407577
-19.1556   86.2192   0.6132609721806828
-17.7342   86.212   0.6313912733004768
-17.0104   87.4345   0.6346402445480406
-15.5889   87.4282   0.6496533691130973
-14.8652   88.6509   0.6473777954177928
-13.4438   88.6454   0.659897188962036
-12.7202   89.8683   0.6524599681206507
-11.2989   89.8635   0.6629867117823692
-10.5754   91.0866   0.6509999846390151
-9.15429   91.0826   0.6604546722523804
-8.43099   92.3058   0.644693908455785
-7.00999   92.3025   0.653992403931421
-6.28689   93.526   0.6351570521532455
-4.86601   93.5233   0.6452240460491198
-4.14311   94.747   0.6238226543658035
-17.028   84.9798   0.6415488835622731
-15.6066   84.9726   0.6583331451476496
-14.8835   86.1956   0.6626543669213967
-13.4621   86.1892   0.6763252250212165
-12.7391   87.4124   0.6754881568169768
-11.3178   87.4068   0.6868590393960007
-10.5949   88.6301   0.6814686713268631
-9.17367   88.6252   0.6912361001134094
-8.45095   89.8488   0.682079764836926
-7.02987   89.8446   0.6912694994718045
-6.30735   91.0684   0.6790431724124759
-4.88639   91.0648   0.6887800095821571
-4.1641   92.2888   0.6740927728436197
-2.74328   92.2859   0.6850991478610949
-12.7566   84.9566   0.6874690829411891
-11.3353   84.9501   0.7004460079121019
-10.613   86.1737   0.7002724184201462
-9.19174   86.1679   0.7110367698649618
-8.4696   87.3917   0.7072033229559913
-7.04845   87.3867   0.7169654823629922
-6.3265   88.6107   0.71016141467979
-4.90547   88.6063   0.7199492395995689
-4.18376   89.8306   0.7108834011284814
-2.76286   89.8268   0.7217144410360629
-2.04138   91.0513   0.7108940653149366
-8.48699   84.9347   0.7235417307246349
-7.06581   84.9287   0.7343708753075648
-6.34444   86.153   0.7315951974281939
-4.92336   86.1477   0.7420243910411559
-4.2022   87.3722   0.7371825971901396
-2.78125   87.3676   0.7481340073141965
-2.06034   88.5924   0.7418373304842507
-0.639511   88.5883   0.7540271627176303
0.0811477   89.8133   0.7465842412237816
-4.21952   84.9139   0.7558903757159475
-2.79852   84.9083   0.766958769491555
-2.07819   86.1333   0.7640843192344677
-0.65731   86.1283   0.776067964060491
0.0627755   87.3536   0.7723454193948769
1.48354   87.3491   0.7855589590221704
0.0454652   84.8937   0.7906122234258948
1.46628   84.8884   0.8031016342281947
2.1855   86.1141   0.8018517381661001
2.79006   84.8976   0.9212950083985034
-1.47337   84.8776   0.8846891942371622
-0.052432   84.8826   0.9002726442297413
0.648673   86.1186   0.8941959771526602
2.06965   86.1232   0.9108677226139906
-5.734   84.857   0.852278763081658
-4.31323   84.8624   0.8664625453532311
-3.61333   86.0992   0.8592476127985454
-2.19251   86.1039   0.8739957883765801
-1.49221   87.3403   0.8656930382069616
-0.071341   87.3445   0.8815306488716089
0.629323   88.5806   0.8722523114076557
-9.99185   84.8355   0.8203842407677018
-8.57125   84.8413   0.8351581503523746
-7.87263   86.079   0.8290508582710708
-6.45195   86.0841   0.8426728784053757
-5.75287   87.3213   0.8339582891847764
-4.33214   87.3258   0.8475470989272502
-3.63262   88.5626   0.8368359578794395
-2.21187   88.5664   0.8514045220105427
-1.51197   89.8029   0.8392028679645941
-0.0911742   89.8062   0.8553839085416789
-14.247   84.8122   0.7818811866262031
-12.8266   84.8189   0.7995894821719443
-12.1292   86.0573   0.7970820158553314
-10.7087   86.0631   0.8122073319048542
-10.0109   87.3012   0.8054053699845799
-8.59034   87.3062   0.8187577324215022
-7.89203   88.5439   0.8083636238723256
-6.47141   88.5481   0.8211623191549893
-5.77265   89.7854   0.8079638707269022
-4.35199   89.789   0.8211427766229205
-3.65282   91.0259   0.8057419274184502
-2.23213   91.0288   0.8202193614515562
-1.53263   92.2654   0.8030249084555227
-18.4997   84.7867   0.7317565032167456
-17.0795   84.7944   0.7536731917747894
-16.3833   86.0336   0.7562686956366764
-14.963   86.0404   0.7749074138243885
-14.2664   87.2793   0.7720269749173276
-12.846   87.2852   0.7878785502855128
-12.1489   88.5237   0.7799110205658083
-10.7284   88.5287   0.793582220062924
-10.0309   89.7667   0.781300575962926
-8.61037   89.7709   0.7938089234192306
-7.91235   91.0086   0.7777354835675169
-6.49178   91.012   0.7900923627019814
-5.79334   92.2493   0.7712145746159097
-4.37274   92.252   0.7843601035876302
-3.67393   93.4889   0.7629734942316144
-2.25333   93.491   0.7779408988477213
-22.75   84.7581   0.6677438805410363
-21.33   84.7672   0.6945645110427104
-20.635   86.0072   0.7023911303540199
-19.2149   86.0152   0.7256338746227304
-18.5194   87.2549   0.7272559178171045
-17.0992   87.2618   0.7473890419319774
-16.4033   88.5012   0.7430728699125003
-14.983   88.5072   0.7603101603950844
-14.2867   89.7461   0.7504013059690129
-12.8663   89.7512   0.7653587720801265
-12.1695   90.9897   0.750451990469743
-10.7491   90.9938   0.7636151517616703
-10.0518   92.2319   0.7445037609038637
-8.63131   92.2353   0.7569221498278405
-7.93358   93.4729   0.7340898225694173
-6.51308   93.4755   0.7466732956253345
-5.81496   94.7127   0.7209207369052447
-4.39445   94.7146   0.7346033362298328
-3.69602   95.9514   0.7064367320574427
-23.4645   85.9868   0.6614946258285089
-22.7702   87.2272   0.6676393861958707
-21.3502   87.2356   0.6930426898828085
-20.6554   88.4757   0.6926276416661401
-19.2353   88.4831   0.7147440730779088
-18.5401   89.7228   0.7079855648245962
-17.1199   89.7291   0.727298460056118
-16.4243   90.9684   0.7146791937645873
-15.004   90.9736   0.7315719103410138
-14.3079   92.2125   0.7135830575343005
-12.8876   92.2168   0.7283732147738546
-12.191   93.4552   0.7056737702366441
-10.7706   93.4586   0.7191957383077298
-10.0736   94.6965   0.6923574871408567
-8.6532   94.6991   0.7052271952356912
-7.95577   95.9366   0.6750644035201376
-6.53535   95.9384   0.6883145508414007
-5.8376   97.1755   0.6552151296330073
-4.41717   97.1767   0.6697997091668517
-24.9053   88.4467   0.6248761157221489
-23.4854   88.4556   0.6533701401196739
-22.7913   89.6961   0.649951428954502
-21.3713   89.7038   0.6748514132755455
-20.6768   90.9439   0.664941478628007
-19.2567   90.9506   0.6868465694753075
-18.5618   92.1902   0.6708864658047591
-17.1416   92.1958   0.6901658423886248
-16.4462   93.435   0.66863267195075
-15.026   93.4395   0.6857903615537336
-14.3301   94.6782   0.6592570818732238
-12.9098   94.6818   0.6747250254733405
-12.2135   95.92   0.6438695287090401
-10.7932   95.9227   0.6580480681530793
-10.0965   97.1605   0.6233604494993236
-8.67611   97.1623   0.6371935636837526
-7.97905   98.3996   0.5994375437858402
-6.5587   98.4007   0.6136769765927337
-5.86139   99.6377   0.5733675435529976
-25.6207   89.6748   0.6042213749942976
-24.9272   90.9156   0.597743423217686
-23.5073   90.924   0.6258522669128879
-22.8134   92.1643   0.6125429699212945
-21.3935   92.1715   0.6373320170837153
-20.6992   93.4114   0.6177330248578271
-19.2792   93.4174   0.6396908159415751
-18.5844   94.6569   0.6145527560755037
-17.1643   94.6618   0.6342672622798696
-16.4691   95.9008   0.6040386825361428
-15.049   95.9047   0.6217209985194332
-14.3533   97.1432   0.5870807525375024
-12.9331   97.146   0.6032330644120896
-12.2371   98.384   0.5645209207815062
-10.8168   98.386   0.5797317396865542
-10.1205   99.6235   0.5375449097517353
-8.7002   99.6246   0.552406964927128
-8.00356   100.862   0.5076324063729571
-6.58331   100.862   0.5229762801504464
-25.6434   92.1432   0.5668880400925739
-24.9501   93.3838   0.5504719702219176
-23.5303   93.3916   0.5782249216351708
-22.8366   94.6318   0.5552921843498243
-21.4167   94.6384   0.5799160284041133
-20.7226   95.8781   0.5512912569595136
-19.3027   95.8834   0.5734689006389084
-18.6081   97.1227   0.5397496734598326
-17.1881   97.1269   0.5598700295604349
-16.4932   98.3656   0.5217104752638201
-15.0731   98.3688   0.5399874165200504
-14.3777   99.607   0.4979133358326531
-12.9576   99.6092   0.5147432952453093
-12.2619   100.847   0.46910387975372503
-10.8418   100.848   0.484967514375964
-10.1458   102.086   0.43651185550910204
-8.72563   102.086   0.4521798075987032
-8.02948   103.323   0.40138475419477265
-27.0869   94.6022   0.4796629128877908
-25.6672   94.6107   0.5101182215918163
-24.9742   95.8511   0.4847828586078524
-23.5545   95.8583   0.5116318793820391
-22.861   97.0982   0.48040583884878024
-21.4412   97.1042   0.5043867761946212
-20.7473   98.3436   0.46809323857538987
-19.3274   98.3483   0.4898125968163733
-18.6331   99.5873   0.4491458115133665
-17.2132   99.5909   0.4689729842965371
-16.5185   100.829   0.42425111667501736
-15.0985   100.832   0.44262867055806265
-14.4035   102.07   0.39461677612589985
-12.9835   102.071   0.4112957573328447
-12.2882   103.309   0.3604771837439923
-10.8681   103.309   0.3763468878574638
-10.1727   104.547   0.32325414150479176
-8.75257   104.546   0.3389255034664704
-27.8045   95.8284   0.4348165015267931
-27.1121   97.0691   0.4086430349339152
-25.6924   97.077   0.43689932478775595
-24.9996   98.3172   0.4045233862213635
-23.5799   98.3238   0.4294062645095011
-22.8867   99.5635   0.39185978359612594
-21.4669   99.5688   0.4141225905453596
-20.7734   100.808   0.3724517821141429
-19.3535   100.812   0.39237571280597905
-18.6596   102.051   0.3473247759662417
-17.2397   102.054   0.3654189376592318
-16.5454   103.292   0.316702462889063
-15.1254   103.294   0.33351335805331594
-14.4309   104.531   0.2819581174571849
-13.0109   104.532   0.29726446138077117
-12.3161   105.77   0.24439036396715388
-10.8961   105.77   0.2586106146313395
-10.2011   107.007   0.2044984352018366
-29.2504   98.2856   0.3308236539306098
-27.8309   98.2944   0.3590082032488959
-27.1388   99.5348   0.3279561098683775
-25.7192   99.5422   0.35205661476529493
-25.0266   100.782   0.31576771525917574
-23.6069   100.788   0.33693779841388977
-22.9141   102.027   0.29614268520428105
-21.4943   102.032   0.3145175034874813
-20.8011   103.271   0.2713677394238327
-19.3813   103.274   0.28709601181486016
-18.6877   104.513   0.24207341861510304
-17.2678   104.515   0.25548489192122176
-16.5739   105.753   0.20899952153055623
-15.1541   105.754   0.21996927058114266
-14.4599   106.992   0.17328372687589882
-13.04   106.992   0.1820116754496809
-12.3456   108.229   0.13725275953509902
-10.9257   108.229   0.14307061193689888
-29.9701   99.5102   0.2838099540185321
-29.2786   100.751   0.25739085065324313
-27.8591   100.759   0.27838606286953693
-27.1672   101.999   0.24702137559328213
-25.7476   102.006   0.26430711303330806
-25.0554   103.246   0.23010910455694175
-23.6357   103.251   0.24349275143215846
-22.9432   104.49   0.20767161577836646
-21.5234   104.494   0.21782511333636834
-20.8306   105.733   0.1830860999639248
-19.4108   105.736   0.18880646175383198
-18.7176   106.974   0.15793891224141074
-17.2978   106.975   0.1579861069841238
-16.6043   108.213   0.13530428670222416
-15.1844   108.214   0.1296749783111598
-14.4906   109.451   0.12087021965727424
-13.0707   109.451   0.10697256657666435
-12.3766   110.688   0.1186544563006452
-31.4193   101.965   0.20597953781868508
-29.9999   101.974   0.2179233810310409
-29.3087   103.215   0.19900135677929914
-27.8891   103.223   0.20785660922857083
-27.1976   104.462   0.18718178330169286
-25.778   104.469   0.19171098038452924
-25.0862   105.708   0.17442548552318915
-23.6664   105.713   0.1732699627748481
-22.9743   106.952   0.16346075981715102
-21.5545   106.955   0.15571695476086903
-20.862   108.193   0.1567909755056086
-19.4422   108.196   0.14379297618450967
-18.7493   109.434   0.16009088043983016
-17.3294   109.435   0.1396183369045734
-16.6362   110.672   0.1718156570281071
-15.2163   110.672   0.14747599804713282
-14.5226   111.91   0.19293037604275656
-13.1027   111.909   0.16669580078694182
-32.1418   103.188   0.18792650159038804
-31.4513   104.429   0.18832264866446827
-30.0318   104.437   0.18245418603035762
-29.3409   105.678   0.1864458366389522
-27.9213   105.685   0.1771197617432964
-27.2301   106.924   0.18568656386502608
-25.8104   106.93   0.1733414260931388
-25.1189   108.169   0.1922124865871036
-23.6992   108.173   0.17519902967768342
-23.0072   109.412   0.2055263486757843
-21.5874   109.415   0.18545371390188808
-20.8951   110.653   0.2253461781348883
-19.4752   110.655   0.20311782295013286
-18.7824   111.893   0.25103246801957635
-17.3626   111.893   0.22714572415082065
-33.5952   105.64   0.21425547834303563
-32.1757   105.65   0.19862789330806668
-31.4854   106.891   0.21937103272766895
-30.0658   106.899   0.20294277518551634
-29.3752   108.139   0.2303903643818479
-27.9555   108.146   0.21331809580998815
-27.2646   109.385   0.24834993456814797
-25.8448   109.39   0.22975632744279223
-25.1535   110.629   0.272013694508204
-23.7337   110.633   0.25309851836784486
-23.0418   111.871   0.30102665994891403
-21.6219   111.874   0.28121258862291
-34.321   106.861   0.24275275487624123
-33.6313   108.102   0.26859443404508626
-32.2117   108.112   0.2518763387061217
-31.5216   109.352   0.2845249022493484
-30.1019   109.36   0.2683757999522325
-29.4115   110.6   0.3089148102632792
-27.9917   110.606   0.29317383921489165
-27.3008   111.845   0.33929562331394497
-25.8809   111.85   0.32384468499575364
-35.7786   109.311   0.31979149457108014
-34.3589   109.323   0.3043762967118138
-33.6693   110.563   0.3366029708722161
-32.2495   110.572   0.323790194416077
-31.5596   111.813   0.3637377764269242
-30.1397   111.82   0.35288815508599575
-36.5075   110.531   0.35183055580777006
-35.8182   111.772   0.3806159481682316
-34.3984   111.783   0.37172766913427746
40.0186   21.6469   0.9768298162935047
41.4385   21.6389   1.00080931750259
42.1567   22.866   1.0019331414820052
43.5768   22.8586   1.0202016516355987
44.2946   24.0859   1.0170743827272428
45.7148   24.079   1.0298199502825738
46.4324   25.3065   1.0225463999252093
47.8527   25.2999   1.030267445860541
48.57   26.5275   1.019655971394274
49.9904   26.5212   1.0230520758983894
50.7077   27.7487   1.0102981193687361
52.1282   27.7427   1.010370907142522
41.4125   19.1719   1.0004139443250508
42.1319   20.3984   1.007091147811359
43.552   20.3916   1.022856172685095
44.271   21.6184   1.025169151896409
45.6912   21.6121   1.0356179701028752
46.4097   22.8392   1.0334630182062636
47.83   22.8333   1.0389866890388926
48.5484   24.0605   1.0326993802651374
49.9687   24.055   1.0336949695147046
50.6869   25.2823   1.024252415178996
52.1073   25.277   1.0216387326251886
52.8254   26.5042   1.0100438208315539
54.2459   26.499   1.0048257610153142
54.964   27.7262   0.9924822920334675
56.3846   27.7211   0.9859513882540079
42.1056   17.9313   0.9984994241360394
43.5257   17.9252   1.0113346874304279
44.2459   19.1514   1.0197929446706337
45.6661   19.1458   1.0279229008053097
46.3858   20.3723   1.0319090124618568
47.8061   20.3672   1.0352235797159985
48.5254   21.5939   1.0346489356298585
49.9458   21.5891   1.0334516534410318
50.6649   22.816   1.0287259110180913
52.0853   22.8115   1.023717793144185
52.8042   24.0384   1.015829444345851
54.2247   24.0341   1.0079243027132543
54.9436   25.2609   0.9980882776588461
56.3641   25.2567   0.9883823804580909
57.083   26.4834   0.9779963905863868
58.5036   26.4792   0.9674987441852341
59.2226   27.7058   0.9576593809909661
60.6433   27.7014   0.9472754034598414
43.4977   15.4595   0.9844678867286641
44.2192   16.6849   0.9996795986714945
45.6394   16.6801   1.0049613524907313
46.3604   17.906   1.0158845357618178
47.7807   17.9015   1.0167856657132823
48.5012   19.1278   1.0230267005313203
49.9215   19.1237   1.0197153573424325
50.6416   20.3501   1.0212134938395607
52.062   20.3464   1.01399626232053
52.7819   21.5729   1.0114353019348306
54.2023   21.5693   1.0010346947034379
54.922   22.7959   0.9954009091818239
56.3425   22.7924   0.982721023485303
57.0622   24.0189   0.9752377094842056
58.4827   24.0155   0.9614700151330802
59.2024   25.2419   0.9536314906713208
60.623   25.2384   0.9396944290565978
61.3429   26.4646   0.9324031370603617
44.1908   14.2193   0.963530731217226
45.6109   14.2152   0.9656581175550699
46.3333   15.4403   0.9838245931059054
47.7535   15.4366   0.9822694793181769
48.4753   16.6622   0.995846504236472
49.8956   16.6589   0.9905050327989257
50.6169   17.8847   0.9992224727256699
52.0373   17.8817   0.9899925353253961
52.7582   19.1078   0.9940463822176505
54.1786   19.105   0.9815397801413881
54.8992   20.3312   0.9815217063315532
56.3197   20.3285   0.9663526478465305
57.0402   21.5547   0.9633769615264832
58.4606   21.5521   0.9466353785909358
59.1811   22.7782   0.9421066340919182
60.6016   22.7755   0.924809585806724
61.3221   24.0015   0.9199198986868397
62.7428   23.9987   0.9029723916045304
45.5805   11.7513   0.9090532712663243
46.3043   12.9755   0.9348491482586933
47.7245   12.9726   0.9304127417442247
48.4477   14.1973   0.9519328600274303
49.8679   14.1948   0.94422648766067
50.5905   15.4199   0.9608731654073835
52.0108   15.4177   0.9497048225633072
52.7329   16.6432   0.9614766247808649
54.1533   16.6412   0.9469436783674113
54.875   17.8668   0.9539644961946986
56.2954   17.865   0.9366755521524006
57.0168   19.0908   0.9396167303746804
58.4372   19.089   0.9203898576146956
59.1585   20.3147   0.9205775198211201
60.579   20.3129   0.9002085369513031
61.3003   21.5386   0.8989339686539852
62.7208   21.5366   0.8786368874569318
63.4421   22.7621   0.8771993730047946
46.2733   10.5119   0.8683055280257058
47.6935   10.5096   0.8607820920534996
48.4181   11.7335   0.8903010445910995
49.8383   11.7317   0.8800125169564363
50.5623   12.956   0.9050783004801323
51.9825   12.9546   0.8919365055877038
52.7059   14.1793   0.9119379913130072
54.1262   14.1781   0.8956565692272918
54.8491   15.4031   0.9106024873675687
56.2694   15.402   0.8914932360932433
56.992   16.6272   0.901765263247595
58.4123   16.6263   0.8803296030464963
59.1346   17.8516   0.8867357328990415
60.5549   17.8506   0.8637869528998484
61.2771   19.0759   0.867532650682383
62.6974   19.0748   0.8441724349918107
63.4195   20.3   0.8465535186862113
64.84   20.2987   0.8238000546249099
65.5622   21.5237   0.8262146028726445
47.6604   8.04795   0.7735592153158053
48.3864   9.27078   0.8107600585253328
49.8066   9.26972   0.7979329087711596
50.532   10.4931   0.8311954824227595
51.9522   10.4924   0.8160529762215222
52.6769   11.7162   0.8445712403344109
54.0971   11.7158   0.8267138138437056
54.8214   12.94   0.8501785753593196
56.2416   12.9398   0.8296063705155604
56.9653   14.1643   0.8478141659585555
58.3856   14.1641   0.8248551751671347
59.1089   15.3889   0.8383823173230724
60.5292   15.3887   0.8135405890304459
61.2523   16.6136   0.8235032543955132
62.6726   16.6133   0.7976826060533099
63.3955   17.8381   0.8050825671941981
64.8159   17.8376   0.7794938101101282
65.5388   19.0624   0.7859237685679211
66.9593   19.0616   0.7617755706243167
48.3529   6.80944   0.7142413037622523
49.773   6.80899   0.6988367864530327
50.4997   8.03141   0.7398281422735967
51.9199   8.03136   0.7226318595246147
52.6459   9.25429   0.7594200077032479
54.0661   9.25454   0.7401457007914047
54.7916   10.4779   0.7721098496975703
56.2118   10.4784   0.7503579012711213
56.9367   11.7022   0.7769761128889386
58.3569   11.7027   0.7528702212200988
59.0814   12.9268   0.7744291639653038
60.5016   12.9274   0.7481669198781806
61.2258   14.1517   0.7651551542007693
62.646   14.1522   0.7375562487024309
63.3699   15.3765   0.7510797960270287
64.7901   15.3769   0.7232448271505325
65.5139   16.6012   0.7346973934893207
66.9342   16.6013   0.7079461067058739
67.658   17.8255   0.7187205854850717
49.7379   4.34955   0.5847038204082479
50.4657   5.57108   0.6323740605844003
51.8858   5.57153   0.6133709429048652
52.6131   6.79357   0.65763241069765
54.0332   6.79438   0.6370887380106477
54.7599   8.0169   0.6769895715592694
56.18   8.01795   0.6544211640831937
56.9061   9.24091   0.6893145442394227
58.3263   9.24213   0.6645289053908797
59.052   10.4655   0.694187611528759
60.4721   10.4668   0.6671885265800095
61.1973   11.6904   0.6917906113846901
62.6174   11.6916   0.6631008671386285
63.3424   12.9154   0.6834386658654924
64.7625   12.9165   0.6540620383419299
65.4872   14.1404   0.6713283995184499
66.9074   14.1413   0.6426843937734935
67.632   15.3651   0.6583684302880889
69.0523   15.3656   0.6320634936460106
50.4305   3.11214   0.5115606513405824
51.8506   3.11291   0.4910556629344588
52.5787   4.33416   0.5412809599459445
53.9988   4.33536   0.5196929424188886
54.7265   5.55707   0.5664962397050864
56.1466   5.55859   0.5434376403047574
56.8738   6.78075   0.585829444121754
58.2938   6.78248   0.5608178446697301
59.0206   8.00504   0.5982279355730583
60.4406   8.00691   0.5710650544377582
61.167   9.22983   0.6032513310387334
62.587   9.23172   0.5742500518937738
63.313   10.4549   0.6016836128730798
64.733   10.4567   0.5715615277465764
65.4587   11.68   0.595228115935397
66.8788   11.6816   0.5653004687774472
67.6043   12.905   0.5864851490020887
69.0244   12.9063   0.5586666000397738
69.7499   14.1296   0.5789506628375197
51.815   0.65539   0.36003118509512677
52.5436   1.87603   0.41409276750506024
53.9637   1.87741   0.39172597871471304
54.692   3.09847   0.4436092001976527
56.112   3.10022   0.42036717581181415
56.84   4.3217   0.4688585500980018
58.26   4.32376   0.4440478690411669
58.9876   5.54564   0.48819159927225386
60.4076   5.5479   0.46141823934474024
61.1349   6.77014   0.500611786117747
62.5549   6.77252   0.47188271847992275
63.2818   7.99508   0.5061648146602058
64.7017   7.99745   0.47600041228974005
65.4283   9.22022   0.5061267036029614
66.8483   9.22244   0.4758511170523822
67.5747   10.4453   0.5027950874859473
68.9947   10.4473   0.4741245195093818
69.721   11.6701   0.49955375086170667
71.1412   11.6716   0.4745766429145037
54.657   0.640981   0.312859986121589
56.0771   0.642764   0.2895573360165477
56.8055   1.86373   0.3419809503466552
58.2255   1.8659   0.3175420868168518
58.9536   3.08722   0.3668143439125591
60.3736   3.08969   0.3407498636830269
61.1015   4.31137   0.38576937410842055
62.5214   4.31404   0.357791956449557
63.249   5.53603   0.3983020090333463
64.6689   5.53879   0.3687154219720144
65.3963   6.76102   0.40491613008128136
66.8162   6.76373   0.3748551261487575
67.5434   7.98612   0.4075792560962866
68.9633   7.98862   0.37866803878859534
69.6904   9.21104   0.4093644092981223
71.1104   9.21317   0.3837855704687191
71.8374   10.4355   0.41389526452956726
58.9193   0.629723   0.238407434624008
60.3393   0.632165   0.21322554264440502
61.0674   1.85344   0.26207902167094893
62.4874   1.85619   0.23530676254625857
63.2153   3.07775   0.28041101636704907
64.6352   3.0807   0.25197569406591636
65.3631   4.3025   0.2932128279935951
66.7829   4.30549   0.2640468142205108
67.5106   5.52746   0.30184284470565287
68.9305   5.53036   0.2735725587481351
69.6581   6.75238   0.30890634001263373
71.0781   6.75499   0.28360461279746696
71.8057   7.97697   0.3181852799863644
73.2257   7.97914   0.29789421629162555
63.1813   0.620168   0.1568342196365334
64.6013   0.623045   0.13035790326635924
65.3292   1.8446   0.1742018989563582
66.7491   1.84767   0.1471611144290525
67.477   3.06935   0.18806100100765416
68.8968   3.07242   0.16183423741594313
69.6248   4.29417   0.2003344765635742
71.0446   4.29708   0.17683116241205907
71.7726   5.51878   0.21432100783637625
73.1926   5.52135   0.19555628882754206
73.9207   6.74289   0.2331532202222414
67.4431   0.611685   0.07395745869078903
68.863   0.614726   0.05950197442942687
69.5908   1.83635   0.09039720349657068
71.0107   1.83935   0.07711013941110594
71.7387   3.06091   0.10867773461017904
73.1586   3.06368   0.09816543230689702
73.8868   4.28508   0.13117489889456954
75.3068   4.28744   0.12438789370352794
71.7047   0.603278   0.06387600508015039
73.1245   0.606045   0.08866586996133444
73.8525   1.82746   0.07021063737069892
75.2725   1.82994   0.08864085062768723
76.0008   3.05108   0.08539907552192813
75.9663   0.593621   0.12955934924195983
77.3862   0.595629   0.15096608584711935
37.2374   26.6063   0.875261743708703
37.9531   27.8343   0.8719681186832484
39.3727   27.824   0.9087193020949867
37.9302   25.3655   0.9050512140205116
39.3499   25.3557   0.9399228798151473
40.0662   26.5835   0.9361790533866907
41.4861   26.5744   0.9648437645546585
42.2022   27.8024   0.9571796487598356
43.6222   27.7937   0.9799342324870581
39.3256   22.8878   0.9614148428228073
40.0431   24.1151   0.9619368014583931
41.463   24.1065   0.9884201434612738
42.1801   25.334   0.9847032700260551
43.6001   25.326   1.0052618813025815
44.3169   26.5537   0.9975066716568888
45.7371   26.5461   1.0125394856498202
46.4537   27.774   1.0014527547518166
47.874   27.7667   1.0115582336178193
39.5008   22.6469   0.8482152439092334
40.9221   22.6531   0.8719405197603803
41.6251   23.8868   0.8760914164629179
43.0464   23.8925   0.8938091574827361
43.75   25.1259   0.8934223805121506
45.1714   25.1312   0.9054052352400002
45.8753   26.3645   0.9009111054926581
47.2968   26.3696   0.9076309382122247
48.0011   27.6027   0.9000142998863969
49.4225   27.6077   0.9022805107060672
38.7737   23.8673   0.8248958419097546
39.4772   25.1007   0.8287651416414671
40.8985   25.1076   0.8547983972844135
41.6026   26.3407   0.8541606757513487
43.024   26.3471   0.8740755859764089
43.7286   27.58   0.8694303134811893
45.1501   27.5861   0.8835113581612857
37.3295   26.3128   0.7647736789403795
38.7507   26.3211   0.7991049305316548
39.4553   27.5539   0.798765159480559
40.8767   27.5616   0.8268074382829426
36.6031   27.5329   0.7275404456111031
73.8787   0.652235   0.2003664954527077
75.2985   0.649901   0.22809296498576934
75.9936   1.88636   0.1780000643258307
69.617   0.641435   0.11526997083369167
71.0367   0.638984   0.1485551267678079
71.7319   1.87561   0.10209331809672785
73.1517   1.87317   0.13415566182610514
73.8469   3.10976   0.09013030622382197
75.2667   3.10737   0.1184244590445731
65.3555   0.630757   0.035653411842352274
66.7753   0.628233   0.059291784962165514
67.4706   1.86488   0.022659293898974392
68.8903   1.86236   0.047383967752816634
69.5855   3.09903   0.028332497242559457
71.0052   3.09657   0.04535610653484339
71.7004   4.33321   0.04545715015264528
73.1202   4.33085   0.053259576603647836
73.8155   5.56741   0.06820756922805554
61.0942   0.620084   0.07767672707445837
62.5141   0.617609   0.04798130469255529
63.2092   1.85422   0.09111000000000077
64.629   1.85167   0.058249052352808015
65.3242   3.08832   0.10476688408080095
66.7439   3.08578   0.07186337314654745
67.4393   4.32245   0.11687854550771995
68.8589   4.32001   0.08604985531655691
69.5544   5.55667   0.12877217440114924
70.974   5.55438   0.10213025996246246
71.6696   6.79099   0.14327806391768383
73.0893   6.78887   0.12231690153041073
56.833   0.6088   0.15128810978064244
58.2529   0.606682   0.12240817979612252
58.9478   1.84332   0.17406157215192625
60.3677   1.84095   0.14348048090245583
61.0628   3.07756   0.1947147030914715
62.4826   3.07507   0.16247096017442497
63.1779   4.31169   0.21104339861744148
64.5976   4.30922   0.17741863740881567
65.2931   5.54585   0.22254192324144104
66.7128   5.5435   0.1885917614849602
67.4085   6.78013   0.23052815034177673
68.8282   6.77795   0.19791100045222212
69.5241   8.01455   0.2376159472762735
70.9438   8.01259   0.20843332842902132
71.6399   9.24912   0.2471481790343614
52.5721   0.595984   0.21886271870969815
53.992   0.594581   0.19224829948792785
54.6864   1.83142   0.24722121996301352
56.1063   1.82953   0.219689341798823
56.8011   3.06623   0.274393377471106
58.221   3.06405   0.24558465261493997
58.9162   4.30066   0.29780048757515654
60.336   4.29835   0.2672645185953423
61.0315   5.53493   0.3157128910893565
62.4513   5.53262   0.2832308459543217
63.1471   6.76919   0.3274415062266854
64.5668   6.76698   0.29349851720238734
65.2629   8.00354   0.33355693906737927
66.6826   8.00153   0.2992722140460095
67.379   9.23806   0.33605032733208334
68.7987   9.23629   0.3031544781130582
69.4953   10.4728   0.3379636814807193
70.915   10.4713   0.30856897122037336
51.8452   1.81652   0.28706741995566243
52.5394   3.05346   0.3434760667062568
53.9594   3.05194   0.3178960875820908
54.6542   4.28869   0.37274072168197553
56.0741   4.28683   0.345921669746201
56.7694   5.52346   0.39768109082530023
58.1893   5.52142   0.3690394699757728
58.885   6.75796   0.4165801748763384
60.3049   6.7559   0.38589926418691334
61.001   7.99239   0.428710069977369
62.4209   7.99041   0.3959719612548345
63.1174   9.22688   0.434021209159184
64.5372   9.22509   0.40002042397857673
65.234   10.4615   0.43392462479098787
66.6538   10.46   0.39987331743941207
67.3509   11.6964   0.4306819011753341
68.7707   11.6951   0.39830197087134706
69.468   12.9314   0.427580951399851
50.392   4.27487   0.4358519767076911
51.812   4.27381   0.41288953195739814
52.5068   5.51064   0.466498885422033
53.9269   5.5092   0.44207821072746895
54.6223   6.74584   0.4924180947122057
56.0424   6.74418   0.46624871045398253
56.7383   7.98069   0.5120331293969177
58.1584   7.97897   0.483705997895415
58.8549   9.21538   0.524500625738425
60.2748   9.21371   0.49390012765740493
60.9718   10.4501   0.5295166286340772
62.3917   10.4486   0.49703489817114344
63.0891   11.6849   0.5280120926645537
64.509   11.6836   0.49444519413176674
65.2066   12.9198   0.5215508124813933
66.6265   12.9189   0.48840947984247896
67.3244   14.1551   0.5131205121606427
68.7443   14.1544   0.4819212176279435
49.6641   5.4951   0.5015902436252115
50.3591   6.73199   0.552974027328591
51.7792   6.73109   0.5318957631904947
52.4749   7.96774   0.5797514712357352
53.8951   7.96656   0.5567340730546309
54.5914   9.20303   0.600144274320767
56.0116   9.20173   0.5747895663632059
56.7085   10.4381   0.6129740859122854
58.1287   10.4368   0.5851619519415111
58.8261   11.673   0.6180464545647042
60.2462   11.6719   0.5879817259065128
60.9441   12.908   0.6157202855193262
62.3641   12.9071   0.5839956677921527
63.0623   14.1432   0.6075730491060318
64.4824   14.1425   0.5751804151742312
65.1809   15.3785   0.5956747098878709
66.6009   15.3782   0.5640309743267641
67.2996   16.6141   0.5829368233350858
48.2109   7.95267   0.6295106201645834
49.6312   7.95241   0.6126326084204149
50.3272   9.18905   0.6574619286316147
51.7475   9.18846   0.6383876910624129
52.4442   10.4249   0.678714151907856
53.8645   10.4241   0.6571336165499378
54.5619   11.6603   0.6922908853942826
55.9822   11.6595   0.668011713969149
56.6802   12.8956   0.6976622893635592
58.1005   12.8949   0.6708718059361283
58.7989   14.1309   0.6952801881256231
60.2191   14.1303   0.6662678290297377
60.9179   15.3662   0.6861104940168159
62.3381   15.3659   0.6558800271391118
63.0372   16.6017   0.6722433190445246
64.4574   16.6017   0.6417982315338694
65.1567   17.8375   0.6561824289022075
66.5768   17.8378   0.6268269697452414
47.4826   9.17306   0.6818813603553057
48.179   10.4097   0.7231628516454648
49.5995   10.4098   0.7090192381028886
50.2966   11.6461   0.7457362335303276
51.7171   11.646   0.728858683147837
52.415   12.8821   0.7605828948904906
53.8355   12.8819   0.7405615842048522
54.534   14.1178   0.7668585658385766
55.9545   14.1176   0.7438772076088903
56.6535   15.3534   0.7648398329062113
58.0739   15.3533   0.7393983567739395
58.7733   16.589   0.7555002382527742
60.1936   16.5891   0.7281984550931162
60.8934   17.8246   0.7407211148603771
62.3137   17.825   0.7125603062197622
63.0136   19.0606   0.7227139060513523
64.4339   19.0612   0.6947936456243674
65.134   20.2967   0.7040686614244369
46.0304   11.6295   0.774657001517446
47.4511   11.6304   0.766226291639749
48.1487   12.8666   0.7993330094522569
49.5693   12.8672   0.7878382765517294
50.2677   14.1032   0.815937234105664
51.6884   14.1036   0.8011638159577602
52.3875   15.3393   0.8238178985673955
53.8081   15.3397   0.8056737366949482
54.5077   16.5753   0.8230848133698029
55.9283   16.5757   0.8018487014393673
56.6283   17.8112   0.8143985572187631
58.0489   17.8118   0.7907696377580538
58.7492   19.0471   0.7994510241409407
60.1697   19.0479   0.7744302421780798
60.8703   20.2832   0.7806414413800989
62.2907   20.2842   0.7552275948348294
62.9914   21.5195   0.7602706491769884
64.4118   21.5209   0.735470760805622
45.3022   12.8501   0.8084355385557974
46.0004   14.0862   0.8377182879703652
47.4211   14.0876   0.832404745301228
48.1201   15.3234   0.8570535397511637
49.5409   15.3246   0.848047952653622
50.2405   16.5601   0.8674536125926273
51.6613   16.5612   0.8546519408507757
52.3616   17.7965   0.8687015310220201
53.7823   17.7976   0.852396105106072
54.483   19.0327   0.8614837955527667
55.9037   19.0339   0.8422651720212592
56.6046   20.2689   0.8474923657473254
58.0253   20.2703   0.8262570907411333
58.7265   21.5052   0.8288141468387246
60.1471   21.5068   0.806562297655921
60.8484   22.7417   0.8078581620556912
62.269   22.7435   0.7855860042032328
62.9704   23.9785   0.7868242878813556
43.8517   15.3047   0.8596263665104755
45.2726   15.3071   0.8612723727137667
45.9721   16.5426   0.8825721386946225
47.393   16.5447   0.8800219429082429
48.0932   17.78   0.8962662662401163
49.5142   17.7819   0.8896165353679093
50.215   19.0169   0.9006988120342998
51.6359   19.0187   0.8899280701270196
52.3372   20.2535   0.8961531174972276
53.7581   20.2553   0.8818532644380234
54.4597   21.4901   0.8840289248661504
55.8805   21.492   0.8670963787261479
56.5823   22.7266   0.8664032894674405
58.0031   22.7287   0.8479358820099544
58.7051   23.9633   0.8457849017332961
60.1258   23.9656   0.8267817970903826
60.8278   25.2003   0.8245790683736757
62.2485   25.2029   0.8059412447567126
43.1237   16.5254   0.8729579657692594
43.8237   17.7607   0.8912921013898871
45.2447   17.7638   0.8960026171836779
45.9455   18.9988   0.9096793116258053
47.3666   19.0015   0.9096578752476122
48.068   20.2363   0.9181877204580778
49.4891   20.2389   0.9136484389523154
50.1909   21.4734   0.9174014715488518
51.612   21.4759   0.9087365184694616
52.3142   22.7103   0.9083373272083446
53.7352   22.7129   0.896332694929735
54.4377   23.9472   0.8929788519332363
55.8586   23.9499   0.8787251276707642
56.5612   25.1841   0.873815827277122
57.9821   25.187   0.8584120514065491
58.6848   26.4213   0.8532581379629504
60.1057   26.4244   0.8377019696765678
60.8082   27.6588   0.8335059987786527
41.675   18.9774   0.8825378688758909
43.0962   18.9816   0.8950919785139387
43.7975   20.2163   0.9064744949528358
45.2187   20.2201   0.9139141535177141
45.9206   21.4545   0.9204445447717113
47.3418   21.458   0.9226544748712817
48.0443   22.6922   0.9244332534044838
49.4655   22.6955   0.9219986550966318
50.1683   23.9295   0.9197264267161184
51.5895   23.9329   0.9132558184868012
52.2925   25.1668   0.9079259606377599
53.7137   25.1701   0.8984975459065004
54.4169   26.404   0.8913255578070232
55.838   26.4075   0.8800411694915192
56.5413   27.6414   0.8726291652242659
57.9623   27.6451   0.8604843868426686
40.9474   20.198   0.876463456169166
41.6492   21.4324   0.886204953721204
43.0704   21.4373   0.901507187991311
43.7729   22.6713   0.9065922236595687
45.1942   22.6759   0.9162598594285364
45.8972   23.9097   0.9167294584554395
47.3186   23.914   0.9211485167984583
48.022   25.1476   0.9174763975165793
49.4433   25.1518   0.9173514157617043
50.147   26.3853   0.9105410863876479
51.5683   26.3895   0.9065579352694447
52.2721   27.6229   0.8979093996612363
53.6934   27.6271   0.8913552490449589
21.1702   55.175   0.3586753406633907
22.5887   55.1588   0.3048219972377298
22.5764   52.6894   0.25566296172891206
23.2852   53.9197   0.2532803387552984
24.7036   53.9029   0.19696215372502476
25.4119   55.1335   0.19587743616863806
26.8302   55.1167   0.1388989200821934
23.2724   51.4499   0.20348410257314856
24.6906   51.4327   0.14734113478590818
25.3991   52.6632   0.1439433569151415
26.8173   52.646   0.0885865678305666
27.5253   53.8767   0.08526822385859535
28.9435   53.8595   0.03499157041345622
29.6514   55.0904   0.03125267988509001
31.0695   55.0732   0.042293025429732456
24.6771   48.9623   0.10442667283792871
25.3857   50.1927   0.09710453130518516
26.8038   50.1751   0.05642995658335891
27.512   51.4057   0.04481930387679073
28.9301   51.3883   0.0527572743799376
29.6381   52.6192   0.04319328651538671
25.3717   47.722   0.06880268890094289
26.7897   47.7042   0.07364224331183801
27.4982   48.9347   0.06045667870467479
25.7857   45.8043   0.12145591792909805
26.4968   47.0333   0.11104003782419938
24.3511   48.2331   0.2162034689823447
25.7725   48.2526   0.16459349926409497
26.4839   49.4815   0.15709363449866276
27.9053   49.5008   0.10670688825000876
28.617   50.7294   0.09877681914295425
23.6272   49.4528   0.2733904716701002
24.3384   50.6819   0.26710767491781306
25.7598   50.7011   0.21444752271826273
26.4714   51.9299   0.20884185404271804
27.8929   51.949   0.15578430601315407
28.6048   53.1776   0.15106349658339002
30.0264   53.1964   0.09773684054643778
30.7385   54.4249   0.09420329081300642
22.1933   51.883   0.37531871789187354
23.6148   51.9019   0.32386338169048984
24.3261   53.131   0.3185581736512182
25.7477   53.1498   0.26649559095789843
26.4594   54.3786   0.2623577900501533
27.8809   54.3973   0.20958888329298336
28.5929   55.6259   0.20673175856650539
30.0145   55.6445   0.15315384422207537
21.4704   53.1037   0.42966649857767597
22.1813   54.3332   0.42396317057027527
23.6029   54.3514   0.37423209376000766
24.3142   55.5805   0.370044618931285
25.7358   55.5987   0.3195344269401971
20.0372   55.5366   0.5232178227086686
21.4587   55.5542   0.4766990874755266
52.8455   28.9702   0.9966735925065945
54.266   28.9642   0.99462899113187
54.9834   30.1916   0.9811953628100775
56.404   30.1857   0.9780297132500657
57.1216   31.4129   0.9659597765952805
58.5423   31.4069   0.9624778335109881
57.1028   28.9481   0.9740667636255758
58.5235   28.943   0.967032450334527
59.2419   30.1698   0.9565033612068516
33.1954   56.2871   0.09805437267149239
31.0563   52.6019   0.09773970534025737
31.7641   53.8328   0.09420249465911443
33.1823   53.8156   0.1531543665717723
33.8901   55.0466   0.15200398021104589
35.3083   55.0296   0.2112895170139806
36.0161   56.2606   0.21173577874322708
37.4345   56.2436   0.2709702751225689
28.9163   48.9171   0.10670735682229347
29.6245   50.1478   0.09877378194642601
31.0427   50.1305   0.15577541526184407
31.7507   51.3613   0.15106124585743544
33.169   51.3443   0.20958685550387282
33.877   52.5752   0.2068337013158168
35.2953   52.5583   0.26520067873216324
36.0033   53.7893   0.2640084278957777
37.4218   53.7726   0.32213405594565747
38.1299   55.0035   0.32250231006924746
39.5485   54.9871   0.38030190638491584
40.2568   56.2179   0.38210743253697793
41.6755   56.2015   0.4394668815735739
26.7749   45.2333   0.12144340245563089
27.4837   46.4636   0.111142296179269
28.9018   46.446   0.16462436028729377
29.6104   47.6765   0.15721240409077203
31.0286   47.6593   0.21444882839502885
31.737   48.8899   0.20886033611004368
33.1552   48.8731   0.2664817254522352
33.8636   50.1038   0.26236434590088664
35.282   50.0873   0.3195312347799528
35.9903   51.3181   0.31684586157941275
37.4089   51.3018   0.3732983927101755
38.1173   52.5326   0.3721872243911663
39.536   52.5166   0.42789844589575454
40.2446   53.7474   0.42847233282909025
41.6635   53.7316   0.4836829540101678
42.3723   54.9622   0.4858068855008123
43.7913   54.9465   0.5402203717002909
44.5005   56.1769   0.5434653070804056
27.4684   43.9924   0.1678569927051007
28.8865   43.9749   0.2235508666948097
29.5956   45.2052   0.21622268613630793
31.0138   45.1881   0.27339835405503354
31.7226   46.4186   0.2671101083822925
33.141   46.402   0.3238562180968599
33.8498   47.6326   0.31856575459393355
35.2683   47.6164   0.37433627929977714
35.977   48.8471   0.37003521454045596
37.3957   48.8313   0.4246632195045882
38.1045   50.0619   0.42179696537552436
39.5233   50.0464   0.4753492400330532
40.2323   51.277   0.4741631997529976
41.6513   51.2618   0.5266824660077486
42.3605   52.4923   0.5274657619220444
43.7796   52.4773   0.5790221843763844
44.4891   53.7076   0.5815834076037587
45.9084   53.6927   0.6320670296732804
28.8704   41.5039   0.28245573104470734
29.58   42.734   0.2754634458508065
30.9982   42.7172   0.33235948910780616
31.7076   43.9474   0.3257368723371687
33.1261   43.9312   0.3815967112017625
33.8354   45.1615   0.37532243471447524
35.254   45.1458   0.42966324022425
35.9632   46.3762   0.42395997452589995
37.382   46.3609   0.47669984266831833
38.0913   47.5914   0.47203479744612287
39.5103   47.5765   0.5231503321226129
40.2197   48.8069   0.5200430270660304
41.6388   48.7923   0.569669395351376
42.3485   50.0227   0.5685223830246279
43.7677   50.0083   0.6169298015171607
44.4776   51.2385   0.6178808542105848
45.897   51.2243   0.6650463592863298
46.6072   52.4543   0.6679210282660671
29.5634   40.2629   0.33423036965542385
30.9818   40.2464   0.391037248865118
31.6918   41.4764   0.384313739020608
33.1103   41.4605   0.439498009096743
33.8202   42.6907   0.43244126768845953
35.2389   42.6754   0.485682880077115
35.9488   43.9056   0.4787048568794773
37.3677   43.8908   0.5296400098179922
38.0776   45.1211   0.5232135414914273
39.4966   45.1068   0.5719538967434367
40.2066   46.337   0.5667330059207794
41.6258   46.323   0.613520513104496
42.3359   47.5532   0.6099410709240696
43.7554   47.5395   0.6549373252457085
44.4657   48.7696   0.6536468006500172
45.8853   48.756   0.6970330982098344
46.5958   49.986   0.6980852168610965
48.0156   49.9724   0.7401451276607859
30.9642   37.7759   0.4484367067937247
31.675   39.0056   0.4421888623653953
33.0936   38.9902   0.49710017099172404
33.8042   40.22   0.4897747543514261
35.223   40.2053   0.5420138097871686
35.9335   41.4352   0.5340448483039627
37.3525   41.421   0.5833721968006366
38.063   42.651   0.5753970889742166
39.4822   42.6373   0.6219443222668732
40.1928   43.8673   0.6146049218807169
41.6121   43.8539   0.658528010034503
42.3228   45.0839   0.6524946130045839
43.7423   45.0708   0.694151863787745
44.4532   46.3008   0.6900848715918954
45.8729   46.2879   0.7297557536600878
46.5839   47.5177   0.7281297823877306
48.0038   47.5049   0.7660974220032363
48.7151   48.7345   0.7671676022877937
31.6571   36.535   0.4987478120252783
33.0757   36.5201   0.5533863207561238
33.7872   37.7496   0.546539596003804
35.206   37.7354   0.597980977958331
35.9173   38.965   0.5895986601070247
37.3364   38.9514   0.6375303679041497
38.0476   40.1811   0.6283777446727425
39.4669   40.168   0.6729289635615344
40.1781   41.3977   0.6637647625476989
41.5975   41.385   0.7049995035459264
42.3088   42.6148   0.6965847112878685
43.7285   42.6024   0.7349807208355891
44.4399   43.8321   0.7281096758044108
45.8597   43.8199   0.7639401285441166
46.5713   45.0495   0.759286671817701
47.9913   45.0374   0.7931357197857123
48.7031   46.2669   0.7911746014629147
50.1232   46.2547   0.8232343651719126
33.0567   34.0503   0.6075515862871241
33.769   35.2794   0.6017162620371825
35.1879   35.2657   0.6526767959717891
35.9   36.495   0.6446251856699383
37.3191   36.482   0.6914647424128019
38.0311   37.7114   0.6816798808825163
39.4505   37.6989   0.724346781590144
40.1624   38.9283   0.7138132528890186
41.582   38.9163   0.7525641567335003
42.2939   40.1458   0.7421340108093691
43.7137   40.134   0.7773648113980973
44.4257   41.3635   0.7679420681275408
45.8456   41.352   0.8002150960835489
46.5578   42.5814   0.7924888264196553
47.9779   42.57   0.8221982546807064
48.6902   43.7993   0.8169509348792019
50.1104   43.7879   0.8447847122196284
50.823   45.0171   0.842397501183381
33.7496   32.8094   0.6542105853622378
35.1685   32.7963   0.7048660156370159
35.8815   34.0253   0.6978837009129825
37.3007   34.0128   0.7438441637870147
38.0135   35.2419   0.7342738862304725
39.4329   35.23   0.7753501596053229
40.1457   36.4591   0.7641003729877407
41.5653   36.4477   0.8005648131163423
42.278   37.6769   0.7885857340834922
43.6978   37.6658   0.8210317594344351
44.4105   38.895   0.809314586548395
45.8305   38.8841   0.8382278926401817
46.5433   40.1133   0.8276754496781957
47.9634   40.1026   0.8536323037467612
48.6764   41.3317   0.8451388998265313
50.0967   41.3211   0.8688331312743559
50.8098   42.5501   0.8628882024920733
52.2302   42.5394   0.8848137035557285
35.1478   30.3272   0.7530792654163315
35.8617   31.5557   0.7479894384281094
37.281   31.5438   0.7930638498885193
37.9947   32.7725   0.7847429897743617
39.4142   32.7612   0.8243450430493304
40.1277   33.99   0.8133843679343731
41.5474   33.9792   0.8477747401285329
42.2609   35.2081   0.8351750355464417
43.6807   35.1976   0.8648469113085865
44.3942   36.4266   0.8515728976429464
45.8142   36.4164   0.8773155646630258
46.5277   37.6453   0.8644845516259991
47.9479   37.6353   0.8868816268251356
48.6615   38.8642   0.8754836663239365
50.0818   38.8543   0.8952286300158192
50.7955   40.0831   0.8860624865098399
52.216   40.0731   0.9038499986170282
52.93   41.3018   0.8975088021852502
35.8406   29.0864   0.7934326940579169
37.2599   29.075   0.837520650491677
37.9746   30.3033   0.8312723139862197
39.3941   30.2925   0.8694963312171028
40.1085   31.5211   0.8598542376472886
41.5282   31.5108   0.8922718475890646
42.2425   32.7394   0.8800762751034703
43.6625   32.7296   0.9072685765527204
44.3767   33.9582   0.8935893687818826
45.7968   33.9487   0.9161531422202308
46.511   35.1774   0.9020712776715609
47.9312   35.168   0.9209082799063137
48.6454   36.3967   0.9074394139555558
50.0658   36.3875   0.9234271059482743
50.7802   37.6161   0.9114736419666797
52.2007   37.6069   0.9253146978190729
52.9152   38.8354   0.9157710248746699
54.3358   38.8261   0.9282578790400875
40.088   29.0522   0.9015210812842934
41.5078   29.0425   0.9320685489812464
42.223   30.2708   0.9214802113990305
43.6429   30.2616   0.9463946322755661
44.358   31.49   0.9333132271643887
45.7781   31.4811   0.9532060113113029
46.4931   32.7095   0.9387077607008503
47.9133   32.7008   0.954374879174846
48.6283   33.9292   0.9396693354579599
50.0487   33.9208   0.9520905891773125
50.7637   35.1491   0.9382826120098364
52.1842   35.1407   0.9483649772107794
52.8994   36.369   0.9362493791720246
54.32   36.3605   0.9447920511943372
55.0354   37.5886   0.9352716450315406
44.3381   29.0218   0.968855531026169
45.7582   29.0135   0.9861704112373287
46.474   30.2417   0.972675105058213
47.8943   30.2337   0.9853636739803239
48.61   31.4619   0.970635941020115
50.0304   31.4541   0.9796958762799826
50.7461   32.6822   0.9649516930914238
52.1666   32.6746   0.9714708127370596
52.8825   33.9026   0.957611998671697
54.3031   33.895   0.9624968103843253
55.0191   35.1229   0.9506175098324271
56.4398   35.1152   0.9546649464602748
48.5906   28.9946   0.9981356621221418
50.011   28.9876   1.0042174913832185
50.7275   30.2154   0.989662619279924
52.148   30.2086   0.9928118250705944
52.8645   31.4363   0.978428198694215
54.2851   31.4295   0.9797504325082005
55.0018   32.6572   0.9665340449254763
56.4225   32.6504   0.9669303232394773
57.1394   33.8779   0.955785933146121
50.127   28.8408   0.8926453102996741
51.5484   28.8458   0.8915434033180902
52.253   30.0788   0.8811808951628494
53.6743   30.0839   0.87780893137402
54.3789   31.3171   0.8680411856588375
55.8001   31.3223   0.8633891532790987
56.5047   32.5556   0.855209220015781
57.9259   32.5611   0.8501801456162107
45.8549   28.8189   0.8756644619944322
47.2764   28.8248   0.8847959538786337
47.9816   30.0575   0.8747333593730167
49.403   30.0633   0.8797967776708425
50.1083   31.296   0.8689357916440104
51.5297   31.3018   0.8709158053451542
52.235   32.5345   0.8604607370473113
53.6564   32.5405   0.8604679308376345
54.3616   33.7734   0.8514241128838197
55.7829   33.7795   0.8503424721840029
56.488   35.0125   0.843501802013486
41.5817   28.7941   0.8224838296282811
43.0032   28.8014   0.8444154131705577
43.7087   30.0337   0.8367954290028115
45.1302   30.0407   0.8532881225002511
45.8359   31.273   0.843494427960258
47.2575   31.2797   0.855312270460328
47.9634   32.512   0.8444330287240072
49.3849   32.5187   0.8525915493364933
50.0908   33.7509   0.8418232831182566
51.5123   33.7577   0.8473043668009743
52.2182   34.9901   0.8378704613482921
53.6396   34.997   0.8414574201942736
54.3454   36.2295   0.8341529356179241
55.7668   36.2366   0.8368473456969323
37.3081   28.7653   0.727929481474683
38.7294   28.7744   0.7638602620898659
39.435   30.0066   0.7602994344335665
40.8564   30.0151   0.7901540988946396
41.5625   31.2471   0.7833417325790827
42.984   31.2552   0.8073799415392987
43.6903   32.4871   0.7982170882660924
45.1118   32.4949   0.8173084485064365
45.8183   33.7267   0.8069796713672532
47.2399   33.7344   0.8218107872253805
47.9465   34.9662   0.8113255203677514
49.368   34.9738   0.8228777187407628
50.0746   36.2058   0.8134492793038803
51.496   36.2134   0.8226125211787141
52.2026   37.4455   0.8151315476657734
53.624   37.4534   0.8226083272128955
54.3303   38.6857   0.8177742598052339
35.1612   29.9748   0.6432526564266954
36.5824   29.9855   0.6863240779690002
37.2885   31.2174   0.6838868985439059
38.7098   31.2273   0.7212244310892418
39.4164   32.4589   0.7154611729507062
40.8378   32.4683   0.7471330671306134
41.5447   33.6998   0.7390472582994961
42.9662   33.7087   0.7654905224756231
43.6733   34.9402   0.755997182534432
45.0948   34.9488   0.7778890473582984
45.802   36.1803   0.7681703847454684
47.2236   36.1888   0.7862965216761421
47.9308   37.4203   0.7773492972917653
49.3523   37.4288   0.7925978173071135
50.0595   38.6605   0.7854323713726108
51.481   38.6691   0.7983893097981706
52.188   39.9009   0.7937906588011715
53.6094   39.9097   0.8052442238228104
34.4355   31.1947   0.5961951777731846
35.1421   32.4262   0.5949222554250279
36.5633   32.4377   0.6388102222100099
37.2704   33.6689   0.6345039716187763
38.6917   33.6797   0.6731769529625923
39.3992   34.9108   0.6663277046619024
40.8206   34.9211   0.6999218813553421
41.5283   36.1521   0.6915976069941238
42.9498   36.162   0.7206653106678585
43.6576   37.393   0.7119544788819031
45.0791   37.4026   0.736970671058217
45.7869   38.6337   0.7288855191317788
47.2085   38.6431   0.7505184541368716
47.9163   39.8744   0.7439525052044654
49.3378   39.8838   0.7630966583598708
50.0455   41.1152   0.7588294011172732
51.4669   41.1247   0.7758696926675267
52.1745   42.3563   0.7744940864848497
32.9958   33.6329   0.4960940838187843
34.4169   33.6461   0.5452228443489894
35.1245   34.877   0.5420291597322053
36.5458   34.8893   0.5868280412522906
37.2537   36.1201   0.58142561003107
38.6751   36.1318   0.6215311657511647
39.3833   37.3625   0.6146320525322441
40.8047   37.3736   0.6503461616708448
41.5131   38.6042   0.6429186340432209
42.9346   38.6149   0.6746977100894888
43.643   39.8457   0.6676589848118574
45.0645   39.8561   0.6959727365349881
45.773   41.087   0.690190386777448
47.1944   41.0973   0.7157206298549754
47.9028   42.3283   0.7120709585427556
49.3243   42.3386   0.7352086846603499
50.0325   43.5698   0.734285945664221
51.4539   43.5802   0.7557032817184258
32.2705   34.8524   0.4431692791699356
32.9786   36.083   0.4409437492469998
34.3998   36.097   0.4903629166240037
35.1083   37.3275   0.48610915440876046
36.5295   37.3406   0.5318627736550116
37.2383   38.5709   0.5262331802537732
38.6597   38.5835   0.5681027811936841
39.3686   39.8138   0.5618719871999313
40.79   39.8258   0.6000283159985054
41.4991   41.0561   0.594054172613912
42.9205   41.0677   0.6288674423119734
43.6295   42.2981   0.624020656709376
45.051   42.3095   0.6559611954986363
45.76   43.54   0.6529122605679866
47.1814   43.5513   0.6824505476589503
47.8902   44.782   0.681974053758647
49.3116   44.7933   0.7094894854752967
50.0202   46.0243   0.711950180841327
51.4416   46.0356   0.7378316677942184
30.8326   37.2869   0.3343738028015962
32.2537   37.3026   0.3865626339935089
32.9627   38.5327   0.38303956714679066
34.3839   38.5475   0.43296953703465013
35.0932   39.7775   0.4283377405739551
36.5145   39.7915   0.47525000789058197
37.224   41.0214   0.4701699267286237
38.6453   41.0348   0.5138929946983111
39.3549   42.2648   0.5091122174923717
40.7763   42.2777   0.5498333565726979
41.4859   43.5077   0.5458681708984314
42.9073   43.5202   0.58391470267497
43.6169   44.7504   0.5816462326878763
45.0383   44.7627   0.6173981049533607
45.7477   45.993   0.6172535378594444
47.1691   46.0052   0.6509816203242602
47.8784   47.2357   0.6536251066169357
49.2997   47.2479   0.6856037995810703
50.0087   48.4787   0.6909908682464613
30.1075   38.506   0.2793843768001366
30.8169   39.7359   0.2756448076782853
32.2381   39.7523   0.3276989624640256
32.9478   40.9819   0.32357733233340275
34.3691   40.9975   0.3740874363033349
35.0791   42.2271   0.36984923955579635
36.5004   42.242   0.41813128321138604
37.2106   43.4715   0.414171486222795
38.6319   43.4858   0.46007454830711936
39.3421   44.7155   0.4569300384085085
40.7634   44.7293   0.5005073226237546
41.4736   45.959   0.4988489751417771
42.8949   45.9725   0.5402415385732563
43.605   47.2024   0.5406115148607189
45.0263   47.2156   0.5801551344252688
45.7361   48.4457   0.5828809912838118
47.1574   48.4588   0.6208680455620169
47.867   49.6891   0.6260764969235003
49.2883   49.7023   0.6624950490381062
28.6708   40.9373   0.17031667563688516
30.0921   40.9551   0.22055244274321648
30.8022   42.1845   0.2157247320081785
32.2235   42.2015   0.2676821622745924
32.9339   43.4308   0.2634605093747442
34.3552   43.4471   0.31485785681796163
35.0658   44.6764   0.31139205192168834
36.4872   44.6921   0.3612527231731269
37.1978   45.9214   0.35866576362959557
38.6192   45.9365   0.4068324839537786
39.3299   47.1659   0.40564305737927003
40.7512   47.1805   0.4520518664932162
41.4618   48.41   0.4527203551862896
42.8831   48.4244   0.49751162800481274
43.5935   49.6541   0.5003231056027692
45.0148   49.6682   0.543830883639392
45.725   50.8981   0.5488909636712934
47.1462   50.9122   0.5909024369555422
47.8561   52.1424   0.5979258315209357
27.9459   42.1562   0.12361605882731894
28.6563   43.3854   0.11480195991358177
30.0776   43.4037   0.16148674868236124
30.7884   44.6328   0.15575859526844874
32.2097   44.6504   0.2073149536333538
32.9207   45.8794   0.203483512845636
34.3421   45.8964   0.2556449686577073
35.0532   47.1254   0.2532682569924625
36.4745   47.1418   0.304822636954672
37.1857   48.3708   0.3039345159734267
38.607   48.3868   0.3542825567255622
39.3181   49.6159   0.35509645168601967
40.7394   49.6314   0.40441400816490025
41.4504   50.8607   0.40714019698379195
42.8717   50.876   0.45536462313183906
43.5824   52.1055   0.4601238746250836
45.0036   52.1205   0.507204445958431
45.7141   53.3503   0.513791212458913
47.1353   53.3652   0.5595470400243393
26.5103   44.5852   0.08309205738215929
27.9316   44.6045   0.08165788388147253
28.6426   45.8335   0.06875645424249628
30.064   45.8521   0.10444448286051443
30.7753   47.0809   0.09705560262035379
32.1967   47.099   0.14731860031917204
32.9081   48.3278   0.1439401611781791
34.3295   48.3453   0.1969294543738975
35.041   49.5741   0.19589389985397657
36.4624   49.5912   0.24901200774259777
37.1739   50.82   0.24978801012058147
38.5953   50.8367   0.30242422191352347
39.3067   52.0656   0.3050680252009391
40.728   52.082   0.3569910503079885
41.4393   53.3111   0.3615239687766221
42.8605   53.3272   0.4126647065112307
43.5715   54.5565   0.41879151137528964
44.9927   54.5724   0.46904321762498785
45.7034   55.8021   0.47613620950312047
27.9182   47.0526   0.07359714668382009
28.6296   48.2814   0.06043153150466761
30.051   48.3003   0.05637144667293887
30.7626   49.5289   0.044863348069445495
32.1841   49.5474   0.08855247032127606
32.8959   50.7759   0.0852766673832889
34.3173   50.794   0.13889370036110288
35.0292   52.0226   0.139323328986929
36.4506   52.0402   0.1937378899441224
37.1624   53.2689   0.19651679317554513
38.5838   53.2862   0.2507947766601213
39.2955   54.515   0.25519085014945087
40.7167   54.5321   0.30924575987392394
41.4283   55.7611   0.31512787880478105
42.8495   55.778   0.3686635729225219
30.0385   50.7484   0.05282934790435707
30.7504   51.9769   0.04317568760309382
32.1719   51.9955   0.03492506263415776
32.884   53.224   0.031227712051957544
34.3054   53.2424   0.08195950219468204
35.0176   54.4708   0.08492025671181193
36.439   54.4889   0.13949426511509416
37.151   55.7175   0.144381924076391
38.5724   55.7354   0.19946322969409686
32.16   54.4436   0.04229728123650733
32.8723   55.672   0.04255537568862368
34.2938   55.6905   0.03289756829918643
58.6656   28.8791   0.853937720211491
60.0866   28.8831   0.8418312598139861
54.3973   28.8606   0.8820733926380505
55.8185   28.865   0.8740627494636751
56.5224   30.0986   0.8656567506812398
57.9436   30.1032   0.8569721407373746
58.6474   31.3369   0.8501439172281366
8.52079   77.4641   0.8549843858223357
9.94139   77.4558   0.857191376764836
10.6565   78.6837   0.864999994219651
12.0771   78.6756   0.8655849062916906
12.792   79.9037   0.872899272539506
14.2124   79.8959   0.870390699628619
14.9272   81.1242   0.8756521398363619
16.3475   81.1165   0.8687488014380219
17.0622   82.3449   0.8707645031809688
18.4824   82.3372   0.8581037874290026
19.197   83.5657   0.856303918010422
20.6171   83.5579   0.8376209464907137
9.92782   74.9914   0.8414264460426678
10.6424   76.2195   0.8494722479280858
12.0629   76.2106   0.8470939027050067
12.7772   77.4389   0.8558547774009317
14.1977   77.4303   0.8509649463990866
14.9118   78.6588   0.8587649329123754
16.3322   78.6503   0.8498687957561432
17.0461   79.8789   0.8551398599059684
18.4664   79.8705   0.8409651895292674
19.1802   81.0992   0.8426207509906222
20.6003   81.0908   0.8223274651864656
21.3141   82.3196   0.8200138596389664
22.734   82.3109   0.793613123631406
23.4478   83.5397   0.787973825707427
24.8675   83.5308   0.7563707358167658
10.6292   73.7553   0.830743600637402
12.0497   73.7456   0.8248973390671077
12.7634   74.9741   0.833694362461447
14.1839   74.9646   0.8258210338808256
14.8974   76.1933   0.8350545012153369
16.3177   76.184   0.8237736703731159
17.0311   77.4129   0.8316856617737228
18.4513   77.4037   0.8156091220676707
19.1645   78.6327   0.8206167924189691
20.5846   78.6235   0.7986880054188863
21.2976   79.8525   0.7998216863776579
22.7175   79.8432   0.7718008875351182
23.4305   81.0723   0.7692232315784524
24.8502   81.0627   0.7354642683366724
25.5632   82.2918   0.7301153402031761
26.9828   82.2818   0.6920689922254856
27.6959   83.5108   0.6852734198843554
29.1153   83.5003   0.6447289275346624
12.0373   71.2806   0.801144244190769
12.7506   72.5092   0.8087307277456444
14.1709   72.499   0.7972935532161269
14.8839   73.7278   0.8064379083351669
16.3042   73.7178   0.7922870060779722
17.017   74.9468   0.8014993512162051
18.4371   74.9368   0.7831380274255596
19.1497   76.166   0.7906711136749579
20.5698   76.1561   0.7670343734149062
21.2822   77.3854   0.7715115358826448
22.7021   77.3753   0.7419407927860525
23.4144   78.6047   0.7427112157494303
24.834   78.5944   0.7072916371624912
25.5463   79.8238   0.7047224205316572
26.9657   79.8132   0.6644519997712393
27.678   81.0426   0.6596981279342805
29.0973   81.0314   0.6162122848499513
29.8097   82.2607   0.6109311745196806
12.7385   70.0443   0.782915027317779
14.1588   70.0333   0.7673162385874539
14.8713   71.2622   0.7751342399868564
16.2915   71.2515   0.7574160085448404
17.0038   72.4806   0.7665152966510165
18.4238   72.47   0.7453861884955983
19.1359   73.6993   0.7543115602985282
20.5558   73.6887   0.7284843786931843
21.2677   74.9181   0.735559977160256
22.6875   74.9074   0.7042869443628762
23.3992   76.137   0.7082770220754011
24.8188   76.126   0.6713207504613568
25.5304   77.3557   0.6719937202087497
26.9498   77.3443   0.6299285356292406
27.6613   78.574   0.6278774004533016
29.0805   78.5622   0.5820675390364933
29.7921   79.7919   0.5785378466444493
31.2111   79.7794   0.5305017342101702
14.1473   67.5675   0.7378288758241947
14.8594   68.7966   0.7430909163756466
16.2795   68.7851   0.7212959517424148
16.9913   70.0144   0.7290654360206617
18.4113   70.003   0.7044493523313078
19.1228   71.2325   0.7132456519320663
20.5427   71.2212   0.6848354911947805
21.254   72.4508   0.6932072128880361
22.6737   72.4394   0.6600253782999551
23.3848   73.6691   0.666516451409864
24.8044   73.6575   0.6280315119482449
25.5153   74.8873   0.631715932995202
26.9347   74.8753   0.5882105490383503
27.6455   76.1053   0.589124655739343
29.0646   76.0928   0.5414702392560449
29.7755   77.3228   0.5404696476213979
31.1944   77.3097   0.4900451203715833
31.9054   78.5396   0.4883746307907449
14.8481   66.3309   0.7119509744357371
16.268   66.3187   0.6856006198947013
16.9794   67.5481   0.690980274682278
18.3993   67.5361   0.6625039848936769
19.1104   68.7656   0.6699206370906914
20.5301   68.7536   0.6383267345176752
21.241   69.9834   0.6466457299016188
22.6606   69.9712   0.6110591051608641
23.3712   71.2012   0.6188441726315265
24.7906   71.1888   0.5786263301993768
25.5011   72.4189   0.5846211593844313
26.9203   72.4062   0.5396895218549257
27.6306   73.6363   0.5434015550216972
29.0496   73.6232   0.49430025288279766
29.7598   74.8534   0.49600940515276354
31.1786   74.8397   0.44380749205032455
31.8889   76.0699   0.4443247123444769
33.3076   76.0555   0.39079490784808907
16.2571   63.8522   0.6509807831265046
16.9681   65.0817   0.6536198053914815
18.3879   65.0689   0.6208681341476601
19.0986   66.2987   0.6260859525656198
20.5182   66.2859   0.5909012354023265
21.2286   67.5158   0.5979222190218387
22.648   67.503   0.5595465664267796
23.3582   68.7331   0.5672616503871905
24.7775   68.72   0.5249211940853606
25.4874   69.9502   0.5320931497397767
26.9065   69.9369   0.48562963253903396
27.6163   71.1672   0.49146173808344246
29.0352   71.1535   0.44104070106963855
29.7449   72.3838   0.44520440249395266
31.1636   72.3695   0.39173538262454843
31.8732   73.5999   0.3947729853979358
33.2918   73.585   0.3397843286556911
34.0015   74.8153   0.34264135769051235
16.9572   62.6152   0.6172525901120206
18.3768   62.6017   0.5801579526301438
19.0871   63.8315   0.5828792928214178
20.5066   63.8181   0.543736443509169
21.2166   65.0481   0.548892576011008
22.6359   65.0346   0.507219745278116
23.3457   66.2648   0.5137925748782262
24.7648   66.2511   0.46905655309354644
25.4743   67.4814   0.4761454504665536
26.8933   67.4674   0.42793813805268255
27.6026   68.6979   0.4347705256799284
29.0214   68.6835   0.38311769732028744
29.7306   69.914   0.3890576949502467
31.1492   69.8992   0.3346453346454999
31.8583   71.1297   0.3399031332600498
33.2767   71.1143   0.2841093803449623
33.9859   72.3448   0.2892615771235435
35.4042   72.3288   0.23469239442299855
18.3659   60.1344   0.5402431026861869
19.076   61.3642   0.5406086477295753
20.4952   61.3501   0.4975068039735713
21.205   62.5802   0.5003272029382352
22.6241   62.566   0.4553719358941662
23.3335   63.7963   0.46012752580126937
24.7525   63.7819   0.4126715158573448
25.4616   65.0124   0.41880961068246386
26.8804   64.9977   0.3686550420108175
27.5893   66.2283   0.37542087049070316
29.008   66.2133   0.322431465586098
29.7167   67.444   0.3292597303042095
31.1353   67.4286   0.2739476957377057
31.8439   68.6593   0.2807983262058372
33.2623   68.6434   0.22488399231603529
33.9709   69.8741   0.232246528499351
35.3892   69.8577   0.17887800311943822
36.0979   71.0883   0.18793091815877339
19.0649   58.8967   0.498854026745299
20.484   58.8819   0.4520634247536494
21.1935   60.112   0.4527274787330668
22.6124   60.0971   0.4044252217654068
23.3215   61.3275   0.40714442155087816
24.7403   61.3125   0.3569939635343982
25.4491   62.543   0.3615189759888106
26.8678   62.5278   0.30925489486829405
27.5764   63.7585   0.315137969784663
28.9949   63.743   0.2607323915435143
29.7033   64.9738   0.2675753912451554
31.1217   64.9579   0.2116522619770422
31.83   66.1887   0.21937173929200446
33.2483   66.1724   0.16398408459359348
33.9566   67.4032   0.17320814068627868
35.3748   67.3864   0.1242407743053767
36.0831   68.6172   0.13638628963352625
37.5012   68.5999   0.1075163708464932
20.4726   56.4135   0.4068398947989242
21.1819   57.6436   0.40563907602695315
22.6007   57.6281   0.35428474423830303
23.3096   58.8585   0.35510642066850884
24.7282   58.8429   0.30242959511264655
25.4368   60.0735   0.30508477510357684
26.8554   60.0577   0.25081080518988647
27.5637   61.2884   0.2552030955925092
28.9821   61.2724   0.19946112403172434
29.6902   62.5033   0.20552493765964386
31.1085   62.4869   0.14918398037322605
31.8165   63.7179   0.15729469158239007
33.2348   63.7012   0.10426356026915554
33.9427   64.9322   0.11562599188763123
35.3609   64.9151   0.08019663334579415
36.0689   66.146   0.09524389744229994
37.487   66.1286   0.09899060561488042
38.1952   67.3594   0.11246492786642065
23.2975   56.3892   0.30394173783802714
24.716   56.373   0.249006526018895
25.4245   57.6036   0.24980754592285304
26.8429   57.5873   0.19375502574126932
27.551   58.8181   0.19641596167317862
28.9693   58.8016   0.1394279025159566
29.6773   60.0325   0.14439283223207122
31.0955   60.0158   0.08815355920211113
31.8033   61.2468   0.096692605715221
33.2215   61.2299   0.05348420327536333
33.9293   62.4609   0.06776149349003979
35.3474   62.4437   0.07276736906059221
36.0552   63.6747   0.08533469399956961
27.5383   56.3475   0.1393174073832837
28.9565   56.3306   0.08197194642070832
29.6643   57.5615   0.08490954010003963
31.0826   57.5446   0.03297089625715581
31.7902   58.7756   0.042863970884646656
33.2084   58.7585   0.05105741865781899
33.9161   59.9896   0.06016311162166151
31.7772   56.3042   0.04256594883237229
5.7121   82.406   0.8483671577801675
6.42956   83.6328   0.8513711282983443
7.85017   83.6269   0.8620981210975911
6.41361   81.1704   0.8541810033008225
7.83426   81.1635   0.8627278827069388
8.55086   82.3908   0.8676063277777529
9.97143   82.3842   0.8749561422722834
10.6878   83.6117   0.8787248602378308
12.1083   83.6053   0.8837765837585847
7.81934   78.7   0.8575191067259078
8.53532   79.9275   0.8639670494295473
9.95592   79.92   0.8690406198216508
10.6717   81.1477   0.8752786813352644
12.0922   81.1405   0.8783521275661581
12.8077   82.3684   0.8831082549721725
14.2282   82.3614   0.8825848627752442
14.9436   83.5895   0.8846900813279169
16.364   83.5826   0.8793907265828974
7.09173   79.9986   0.9635651716412337
8.5132   80.0056   0.9740681811865114
9.21758   81.2396   0.9760986973149784
10.6391   81.2462   0.9852827157724825
11.3437   82.4799   0.9864022353989265
12.7653   82.4861   0.9930835312298757
13.47   83.7196   0.991999385080454
14.8916   83.7255   0.9946908112574473
6.37095   81.2236   0.9640635657984373
7.07452   82.4581   0.9643252451325733
8.49591   82.4641   0.9771604026463616
9.19968   83.6983   0.9768925593431443
10.6212   83.704   0.9881251185958172
4.93201   83.6774   0.9453502540857541
6.35326   83.683   0.9606166888514902
30.7267   56.8729   0.15199950657814654
32.1483   56.8916   0.09804922233245851
32.8606   58.1199   0.09973946059609244
26.4476   56.8275   0.31684792882390644
27.8692   56.8458   0.2652006410248664
28.5812   58.0744   0.2640064771932694
30.0028   58.0927   0.21127995645588268
30.715   59.3212   0.21173325199410767
32.1366   59.3395   0.15801003132712765
32.8489   60.568   0.16055416531501146
34.2704   60.5865   0.1080671550472225
34.9827   61.8149   0.11424473729673543
22.1696   56.7837   0.4720408456902859
23.5912   56.8012   0.4246675523276989
24.3026   58.0304   0.42179640823506287
25.7242   58.0479   0.373199866023555
26.4359   59.2769   0.3720881884714958
27.8576   59.2945   0.3221362755108463
28.5695   60.5232   0.3225059069226485
29.9911   60.541   0.27096304176031055
30.7032   61.7696   0.27264220142890494
32.1248   61.7876   0.21973322461566927
32.837   63.0161   0.2228433754905017
34.2585   63.0344   0.16966116232066655
34.9707   64.2629   0.17496939732421643
36.3921   64.2815   0.12524176619642385
37.1041   65.5101   0.13409821027888835
19.3153   56.7584   0.5719594216375841
20.0257   57.9884   0.5667342763588595
21.4473   58.0051   0.5231510202608808
22.1581   59.2347   0.520043209743191
23.5798   59.2514   0.4753485773619183
24.291   60.4807   0.47416237725066224
25.7127   60.4975   0.4278969735812585
26.4242   61.7265   0.4284670699131957
27.8459   61.7435   0.3803063633440809
28.5577   62.9723   0.3821108085359529
29.9794   62.9895   0.3319117503192674
30.6912   64.2182   0.3345454677618566
32.1129   64.2358   0.2824375683226311
32.8248   65.4644   0.28588273819872473
34.2463   65.4823   0.2326568932999826
34.9582   66.711   0.23721679957372233
36.3797   66.7294   0.18519705721204144
37.0914   67.9581   0.19191357429843403
38.5128   67.9769   0.1459683184804126
17.8824   59.1945   0.652498475094003
19.304   59.2105   0.6134195138728468
20.0143   60.4406   0.6099404643077868
21.4359   60.4564   0.5696712999616534
22.1467   61.6861   0.5685287503723973
23.5684   61.702   0.526680681248135
24.2794   62.9314   0.5274655723362422
25.7011   62.9473   0.4835947580361068
26.4124   64.1766   0.48579487440688474
27.8342   64.1927   0.43947943069044726
28.5456   65.4218   0.44232012163137996
29.9673   65.4383   0.39347331548657893
30.6789   66.6672   0.39654098148867284
32.1005   66.6841   0.3453231964406681
32.8121   67.913   0.3483473123191862
34.2337   67.9304   0.29565936481024774
34.9451   69.1593   0.29908261400489206
36.3666   69.1773   0.24647849804800123
37.0779   70.4063   0.2512115045136245
17.1613   60.4174   0.6941486656329463
17.871   61.6479   0.6900905810109282
19.2927   61.663   0.6549357983802694
20.0028   62.8932   0.6535476340711507
21.4246   62.9081   0.6169282454224306
22.1351   64.138   0.6178814853999105
23.5568   64.1529   0.5790170032045685
24.2676   65.3825   0.5815814990179802
25.6894   65.3976   0.5401216251919554
26.4003   66.627   0.5434558767738188
27.8221   66.6423   0.49897888732891205
28.5332   67.8716   0.5020834691562752
29.9549   67.8873   0.4545837106628434
30.666   69.1165   0.4570843576409058
32.0877   69.1328   0.40676742740784794
32.7988   70.3619   0.40876468780950337
34.2203   70.3787   0.356767627455184
34.9313   71.6079   0.35870600775565353
36.3528   71.6254   0.3063778549438585
15.7283   62.8567   0.7592876266606737
17.15   62.871   0.7296569604958215
17.8595   64.1017   0.7281293085709428
19.2813   64.1158   0.6970338370552747
19.9912   65.3461   0.6980851022618938
21.413   65.3601   0.6649451781914053
22.1232   66.5902   0.6679165367020048
23.545   66.6042   0.632059886403178
24.2554   67.834   0.6359086176487935
25.6772   67.8482   0.5966712327572018
26.3878   69.0778   0.6002704807001594
27.8095   69.0923   0.5573100483572855
28.5202   70.3219   0.5599089479549324
29.9419   70.3368   0.5134505428958072
30.6525   71.5663   0.5146530967554743
32.0741   71.5818   0.46532541301759955
32.7846   72.8112   0.4655015467213823
34.2061   72.8274   0.41445754909278865
34.9165   74.0569   0.41447815382719455
15.0079   64.0803   0.7931380838164314
15.7167   65.3115   0.791177502207943
17.1385   65.3249   0.7660006788508735
17.8478   66.5557   0.7671705221135648
19.2696   66.5689   0.7401469718913927
19.9792   67.7994   0.743382021574371
21.401   67.8124   0.7137369473412458
22.1108   69.0427   0.718067698758271
23.5327   69.0558   0.6848242183217518
24.2427   70.2859   0.6889980333789055
25.6645   70.2991   0.6516946831147249
26.3745   71.5291   0.6544505099700053
27.7963   71.5427   0.6128406236534911
28.5063   72.7726   0.6136716874681435
29.928   72.7866   0.5684425212807361
30.638   74.0165   0.5674264181371902
32.0596   74.0311   0.5193186016310238
32.7694   75.261   0.5173409127451649
34.191   75.2764   0.467826345987482
13.5744   66.5225   0.8423962606754607
14.9962   66.5353   0.8232358167621221
15.7048   67.7667   0.8242356034532837
17.1266   67.7791   0.8034263314081759
17.8355   69.0101   0.8069485547418749
19.2574   69.0223   0.783811437783348
19.9666   70.253   0.7885815620466906
21.3885   70.2651   0.7619345050593257
22.0979   71.4957   0.7666730724370069
23.5197   71.5078   0.735739478348144
24.2292   72.7382   0.7388920963171812
25.651   72.7505   0.7032138650510239
26.3604   73.9809   0.7040046093599083
27.7822   73.9935   0.6636443173869576
28.4915   75.2238   0.6619556027408491
29.9132   75.2369   0.6178710302320366
30.6224   76.4672   0.6143960123568496
32.044   76.481   0.5679681153022585
32.7531   77.7112   0.5638886769567201
13.5622   68.9787   0.8692930058386518
14.984   68.9905   0.8546952380819722
15.6923   70.2221   0.858216977226621
17.1141   70.2335   0.8414879559447057
17.8227   71.4647   0.8467288290828416
19.2446   71.4759   0.8268753594103535
19.9533   72.707   0.8321310533804149
21.3752   72.7181   0.8079797089036317
22.084   73.949   0.81178610483304
23.5059   73.9601   0.7825782708457986
24.2147   75.1909   0.7836592626901043
25.6365   75.2023   0.7493067462661749
26.3452   76.433   0.7473145857000243
27.7669   76.4447   0.7082802693849375
28.4755   77.6754   0.7037700263580438
29.8972   77.6877   0.6612099061568849
30.6056   78.9183   0.6554470611727534
32.0272   78.9312   0.6111275153353817
12.8418   70.203   0.893857757140363
13.5493   71.4351   0.897203956745622
14.9712   71.4459   0.8867743794224103
15.679   72.6776   0.89199364908053
17.1009   72.6881   0.8788398602703446
17.8089   73.9196   0.8845400499694742
19.2308   73.9299   0.8674789276979576
19.939   75.1612   0.8717862754138767
21.3609   75.1714   0.8497434200980898
22.069   76.4026   0.8512824090746834
23.4909   76.4129   0.82356924420476
24.199   77.644   0.8216766030501288
25.6208   77.6545   0.7886499159956851
26.3288   78.8856   0.7835500877416847
27.7505   78.8964   0.7460513789277501
28.4583   80.1275   0.7388919474456318
29.8799   80.1388   0.6985568409227696
30.5875   81.3699   0.6910724998145991
11.4068   72.6491   0.9247075537703794
12.8285   72.6594   0.9198614569596869
13.5356   73.8916   0.9247947988608061
14.9575   73.9014   0.9180327662997649
15.6648   75.1335   0.9237073670811554
17.0867   75.143   0.9136306201085855
17.7941   76.3748   0.9182735158981764
19.216   76.3841   0.9035024183697562
19.9235   77.6158   0.9055284976189323
21.3454   77.625   0.885091622375898
22.0529   78.8566   0.8836292548348544
23.4747   78.8659   0.8573464293971237
24.1821   80.0975   0.8521410270606629
25.6038   80.107   0.8206304040187632
26.311   81.3385   0.8127058631509927
27.7327   81.3484   0.7772381488321333
28.4396   82.5799   0.7680924488627656
29.8613   82.5903   0.730488576228267
10.6863   73.8738   0.9416719014603752
11.3926   75.1066   0.9460271190616055
12.8144   75.1158   0.9448408649079492
13.521   76.3483   0.9501286965458945
14.9428   76.3572   0.9465199628111384
15.6495   77.5895   0.9511389383260462
17.0714   77.598   0.9435412709574504
17.7782   78.8302   0.94590335658565
19.2001   78.8385   0.9329260956796097
19.9068   80.0706   0.9318491455165897
21.3287   80.0789   0.9129142456989043
22.0354   81.3109   0.9080380498635505
23.4572   81.3193   0.8832715833762563
24.1637   82.5512   0.8750169255505864
25.5855   82.5598   0.845463783967119
26.2918   83.7918   0.8352624677309525
27.7135   83.8007   0.8024191485751063
9.25003   76.3224   0.9565973251582928
10.6717   76.3311   0.96029085698032
11.3775   77.5642   0.964783628592443
12.7992   77.5724   0.9667535828741466
13.5051   78.8052   0.971064328456153
14.9269   78.8131   0.9699180274641765
15.633   80.0458   0.9722550488426371
17.0549   80.0533   0.9666266394011703
17.761   81.2859   0.9658006937251595
19.1828   81.2933   0.9545059769325687
19.8888   82.5257   0.9499277972561913
21.3107   82.5331   0.9326975179553122
22.0166   83.7655   0.9244951541246698
23.4383   83.7729   0.9016473201867781
8.52939   77.5473   0.9654761362146645
9.23436   78.7809   0.9687961534296045
10.656   78.7886   0.975534960931693
11.3611   80.022   0.978842939393241
12.7828   80.0292   0.98336982361673
13.4882   81.2623   0.9853933377083486
14.9099   81.2692   0.9863168253659678
15.6153   82.5022   0.9856493240498871
17.0371   82.5088   0.9817003106854957
17.7424   83.7418   0.9774557995121836
19.1642   83.7482   0.9677477615577313
37.4734   63.6573   0.12525214569020662
38.1813   64.8882   0.13416236432025305
39.5995   64.8704   0.18527225912154283
35.3342   59.9723   0.10808006291633762
36.0419   61.2034   0.11426727440523023
37.4601   61.186   0.16965815630260955
38.168   62.417   0.1749573948137123
39.5862   62.3994   0.23268835381256542
40.2943   63.6302   0.2372803826699559
33.9031   57.5181   0.09974888470554337
35.3213   57.5009   0.15809579374543947
36.029   58.732   0.16054435524178276
37.4472   58.7148   0.2197486291197281
38.1551   59.9458   0.22292810500249027
39.5734   59.9285   0.282443445666562
40.2815   61.1593   0.2858558028097395
41.6999   61.142   0.3453350546932655
38.1424   57.4746   0.27274071936548283
39.5609   57.4577   0.3318957818352037
40.269   58.6885   0.33455156553213256
41.6876   58.6717   0.39347698789128716
42.3961   59.9023   0.3965273634946299
42.3841   57.4322   0.44233785729915037
43.8029   57.4159   0.4989760214679668
43.5607   57.0072   0.3753998534895801
44.9818   57.0239   0.4279287557526368
39.2843   56.9641   0.2055076397606685
40.7055   56.9818   0.260715534634976
41.4173   58.2107   0.2675716352680145
42.8384   58.2283   0.3224361332109041
43.5498   59.4574   0.3292405503579408
35.006   56.9189   0.04274248471954063
36.4274   56.9374   0.08811719468979853
37.1396   58.1658   0.09667600529604156
38.561   58.1842   0.14917432755001828
39.273   59.4128   0.15728226219126284
40.6943   59.4311   0.2116555928861786
41.4061   60.6599   0.2193829072649031
42.8272   60.6782   0.27395017795212145
34.2821   58.1386   0.051033616371958024
34.9944   59.3669   0.060112727437705016
36.4159   59.3856   0.053482707485690686
37.1281   60.614   0.06776983104598194
38.5494   60.6327   0.10422197465026307
39.2615   61.8613   0.11560947193028932
40.6828   61.88   0.1639850602951373
41.3946   63.1088   0.1732421138176259
36.4041   61.8336   0.0727399477591215
37.1163   63.0621   0.08530545117400452
38.5377   63.0809   0.080275899247535
39.2497   64.3096   0.09526106234972943
40.6709   64.3286   0.1242024959491558
38.5255   65.529   0.09888553989335687
39.2373   66.7577   0.11246461665785962
21.3317   84.7864   0.8321422114037957
22.7516   84.7785   0.8078172441833602
23.4662   86.0069   0.7995662386569325
24.886   85.9986   0.7705949454804356
25.6008   87.227   0.7609039492603504
27.0204   87.2182   0.7289383855992211
25.5814   84.7595   0.7487045011217704
27.0009   84.7502   0.713425882625518
27.715   85.9788   0.7051755597012711
-12.4725   111.969   0.28186743337959663
-11.0523   111.97   0.25876529906461826
-11.0868   109.514   0.1336862371375594
-10.3584   110.734   0.1828439772046136
-8.93817   110.736   0.15918380099746207
-8.20986   111.957   0.21083900042449918
-6.78974   111.959   0.18699888876675275
-10.3919   108.278   0.0880022726979236
-8.9716   108.28   0.07340163554035699
-8.24364   109.5   0.09383452669460667
-6.82344   109.502   0.07364876102149051
-6.09549   110.723   0.1127049688345653
-4.67537   110.725   0.0895931358977929
-3.94743   111.946   0.1356759378077031
-2.5274   111.949   0.11057323365082834
-9.00342   105.823   0.15204943571088964
-8.27606   107.044   0.10648035687393405
-6.85575   107.046   0.11453374568221741
-6.12834   108.267   0.07332829535725381
-4.70812   108.268   0.08082721633212318
-3.98065   109.49   0.05118986716138487
-2.56055   109.492   0.05400680420095152
-1.83299   110.713   0.04757685992160558
-0.412991   110.716   0.04127548455197008
0.314659   111.937   0.058481113404243855
1.73456   111.94   0.045666969463712286
-8.30667   104.588   0.21954856524240726
-6.88624   104.589   0.23284394258816224
-6.15956   105.81   0.18241083328574442
-4.73924   105.812   0.1975454380642583
-4.01247   107.033   0.14746067306234645
-2.59227   107.035   0.165294434268065
-1.86538   108.256   0.11663044028039958
-0.44529   108.258   0.13799531899307216
0.281759   109.48   0.09174432543214804
1.70173   109.483   0.11726582451848484
2.42897   110.704   0.07412093159155032
3.84886   110.707   0.10261032306741155
4.57631   111.929   0.0654643139427863
5.99616   111.932   0.09367263474462653
-6.91474   102.132   0.3470551433129889
-6.18885   103.354   0.30000227015807673
-4.76842   103.355   0.3147871026582857
-4.04247   104.576   0.2670014981231376
-2.62216   104.577   0.28444906767293077
-1.89611   105.799   0.23683408981816503
-0.47592   105.801   0.2575373408284689
0.250306   107.023   0.21090017489086801
1.67037   107.025   0.23523316177784004
2.39682   108.247   0.18992672902990695
3.81678   108.249   0.21719467396784684
4.5435   109.471   0.1733784360870767
5.96338   109.474   0.20222609524984506
6.69043   110.696   0.15942945022799046
8.11029   110.698   0.18738329701443174
8.83773   111.92   0.14522309079481927
10.2576   111.922   0.17032204789750457
-6.21612   100.898   0.4072706839437357
-4.79557   100.897   0.4209125002895486
-4.07047   102.12   0.37818287428174163
-2.65005   102.12   0.3941193707495233
-1.9249   103.342   0.35078030503436036
-0.504602   103.343   0.3696464569301295
0.220689   104.566   0.3265245246593259
1.64086   104.567   0.348628473449886
2.36634   105.79   0.30599230447839537
3.78639   105.791   0.3310752065618908
4.51216   107.014   0.28878808077896734
5.93211   107.016   0.31576297265512154
6.65823   108.238   0.27338230301173305
8.07813   108.24   0.3000460371342993
8.80468   109.462   0.2566212508737326
10.2246   109.464   0.2810430927811592
10.9516   110.686   0.23569963937181004
12.3715   110.688   0.2562787935042625
13.0991   111.909   0.2088371853861271
-4.82078   98.4396   0.5120688234993397
-4.09648   99.6624   0.4760859822553065
-2.67595   99.662   0.49029482518174544
-1.95167   100.885   0.4529167319717832
-0.53127   100.885   0.46997941510772556
0.193074   102.108   0.43192349665305296
1.61334   102.109   0.45201553114909687
2.33781   103.332   0.41371307400177354
3.75796   103.333   0.43673418563240446
4.48267   104.556   0.3981200408168339
5.90272   104.557   0.4231038307555238
6.62775   105.78   0.38396015105737064
8.04771   105.781   0.40897814171419916
8.77316   107.004   0.36820505482679095
10.1931   107.006   0.3917474952057747
10.9191   108.228   0.3481115913037055
12.339   108.229   0.3678983555277189
13.0655   109.451   0.3208447755535359
14.4855   109.453   0.336604174067998
-4.12064   97.2048   0.5581043996422166
-2.7   97.2036   0.570913469800807
-1.97653   98.427   0.5404357079246311
-0.55602   98.4263   0.5557361969936787
0.167425   99.6498   0.5239917064267303
1.5878   99.6496   0.5421219305654393
2.3113   100.873   0.5095224628021814
3.73154   100.873   0.5303532133399402
4.45519   102.097   0.49698599064762206
5.87533   102.098   0.5198673027802375
6.59923   103.321   0.48528883152200997
8.01928   103.322   0.5087598145490627
8.74354   104.545   0.47244563242768717
10.1635   104.546   0.49458836419794716
10.8883   105.769   0.45530969679988015
12.3082   105.77   0.4744345054904789
13.0335   106.993   0.4310704118818593
14.4535   106.994   0.44582333945184915
15.1794   108.216   0.39782062540798346
-2.72238   94.7449   0.6354940833713543
-1.99964   95.9687   0.612131484323425
-0.579034   95.9672   0.6261392392878753
0.143604   97.1912   0.6011229791781352
1.56407   97.1902   0.6177009196204895
2.28668   98.4143   0.5913416515856126
3.70702   98.4138   0.6103183055586643
4.42968   99.6379   0.5828316137616397
5.84991   99.6377   0.6036056812191177
6.57273   100.862   0.5746924467921914
7.99286   100.862   0.596350903411741
8.71595   102.086   0.565475677284177
10.136   102.086   0.5861271193179847
10.8595   103.31   0.5523189748686876
12.2795   103.31   0.5704209059983695
13.0035   104.534   0.5325620433339191
14.4235   104.534   0.5465221130018426
15.1481   105.757   0.5035619624236909
16.568   105.757   0.5130560300785875
-2.02119   93.5101   0.6684560048350213
-0.600502   93.5078   0.6814603143984219
0.121417   94.7322   0.6630720965935731
1.54197   94.7304   0.6784044959314448
2.26378   95.9549   0.6584730917053464
3.68421   95.9535   0.6758455984172707
4.40598   97.1782   0.6544978640912428
5.8263   97.1772   0.6735239135323995
6.54812   98.4019   0.6505553716633159
7.96834   98.4012   0.6702501037672428
8.69032   99.6259   0.6452759457007516
10.1105   99.6253   0.6642334002442206
10.8327   100.85   0.636549267535513
12.2528   100.849   0.6530893200780417
12.9755   102.074   0.6215977799188144
14.3956   102.073   0.6344674380927658
15.1188   103.297   0.5979607010498239
16.5388   103.296   0.6061689038543613
17.2626   104.519   0.5642304936814374
-0.62061   91.0481   0.7233903724103584
0.10065   92.2729   0.7109282877168402
1.52129   92.2702   0.7253156692089295
2.24238   93.4951   0.7114108894302908
3.66289   93.4929   0.727606014887176
4.38386   94.718   0.7121764897130473
5.80426   94.7162   0.7296910146767592
6.5252   95.9414   0.7125498104694158
7.94551   95.9398   0.7304745157087965
8.6665   97.165   0.7113191776551505
10.0867   97.1636   0.7284832256133266
10.8079   98.3888   0.7066233367219057
12.2281   98.3875   0.7217298525071556
12.9495   99.6125   0.6963938110006423
14.3697   99.6112   0.7079980861556037
15.0915   100.836   0.6782183497959909
16.5116   100.834   0.6852658754089521
17.234   102.059   0.6504102167094233
18.654   102.057   0.6530920073006552
1.50185   89.8098   0.7604334116804702
2.22228   91.035   0.7516543051163875
3.64287   91.032   0.7669833310444202
4.36313   92.2574   0.756871105274868
5.7836   92.2547   0.7730812133922269
6.50375   93.4803   0.761359226975019
7.92413   93.4779   0.7776545223298049
8.64425   94.7036   0.7639221638360799
10.0646   94.7014   0.7793141407673793
10.7847   95.9272   0.7630901978141226
12.205   95.925   0.7763884594711576
12.9253   97.1507   0.7569670930760451
14.3455   97.1485   0.7669099034436845
15.0662   98.374   0.7434947007208578
16.4863   98.3717   0.7492131872838322
17.2074   99.5969   0.7211387175849021
18.6275   99.5944   0.7221817569005734
19.3491   100.819   0.6891224709730474
2.20336   88.5747   0.7811016965798993
3.624   88.5707   0.7955667665256012
4.34359   89.7965   0.7900764188355448
5.76414   89.7929   0.805197059669244
6.48357   91.0189   0.7981869784079391
7.90402   91.0156   0.8131715194840503
8.62335   92.2417   0.8043540917406955
10.0437   92.2387   0.8181138612687082
10.763   93.4649   0.8068017910242864
12.1833   93.4619   0.8183308927322707
12.9027   94.6881   0.8041151472270637
14.323   94.6852   0.8122523130160942
15.0425   95.9113   0.7945686188114895
16.4627   95.9082   0.7985372251811418
17.1826   97.1342   0.7767806704598161
18.6027   97.1309   0.7760184727182695
19.323   98.3565   0.7498171110344158
20.743   98.3529   0.7446423168206301
3.6062   86.1093   0.81536444882028
4.32516   87.3353   0.8134869255863889
5.74577   87.3308   0.8275306701869095
6.46452   88.5571   0.8246304506262163
7.88503   88.553   0.8383222879060289
8.60362   89.7794   0.8337123151303416
10.0241   89.7755   0.8460392307688791
10.7426   91.0021   0.8391375691744448
12.1629   90.9983   0.8490291573320656
12.8815   92.225   0.8393259259667809
14.3018   92.2212   0.8455945659711862
15.0204   93.4478   0.8328061599195824
16.4406   93.4441   0.8346931591908479
17.1594   94.6706   0.8183459965075889
18.5795   94.6666   0.8155640134287429
19.2986   95.8929   0.7952454086632621
20.7187   95.8886   0.7879252566075015
21.4382   97.1146   0.7638943775156333
4.30777   84.8739   0.8288093026142983
5.72843   84.8685   0.8414823556676626
6.44653   86.0951   0.8419935322791965
7.86709   86.09   0.8542909073611874
8.585   87.3168   0.8533832951259351
10.0055   87.312   0.8643094411146942
10.7233   88.5389   0.8614041850374283
12.1437   88.5343   0.8695701984313849
12.8614   89.7613   0.8639769036264794
14.2817   89.7568   0.8685061485101854
14.9995   90.9838   0.8597182910698118
16.4197   90.9793   0.8597349940533974
17.1376   92.2063   0.8476941724466426
18.5577   92.2016   0.8427293100397072
19.2758   93.4285   0.8272288921453348
20.6958   93.4236   0.8176117660601484
21.4142   94.6502   0.7988688565715869
22.8341   94.6449   0.7852906277296321
8.56741   84.8539   0.8643813920371002
9.98795   84.8482   0.8737162082163734
10.705   86.0754   0.8743040718194086
12.1255   86.07   0.8810577790360827
12.8424   87.2973   0.8791612423213371
14.2628   87.292   0.8819578447975834
14.9798   88.5194   0.8769728901169063
16.4001   88.5141   0.8750413190244211
17.117   89.7415   0.8667052209373143
18.5372   89.7361   0.8595597186932357
19.2543   90.9635   0.8479904067853573
20.6743   90.9578   0.8357779669266233
21.3916   92.185   0.8212474657495137
22.8116   92.1791   0.8049012423894009
23.5292   93.4061   0.7880687850689153
12.8246   84.833   0.8853696967933768
14.245   84.8268   0.8865435522296669
14.9611   86.0546   0.8851715426966674
16.3815   86.0484   0.8814815085978818
17.0976   87.2763   0.8765561077307028
18.5178   87.2701   0.867454874907043
19.234   88.4979   0.8590906878787578
20.6541   88.4915   0.844507779715497
21.3704   89.7193   0.8333270906432849
22.7903   89.7126   0.8139900306514787
23.5069   90.9402   0.800678243740891
24.9267   90.9332   0.7780256615305142
17.0793   84.8107   0.8778370748607048
18.4996   84.8038   0.8669061540905091
19.2149   86.0319   0.8617246543995342
20.635   86.0249   0.844992467422046
21.3504   87.253   0.836619847959632
22.7703   87.2457   0.814635139188088
23.4859   88.4738   0.8039751053359775
24.9057   88.4661   0.7780460397688527
25.6215   89.694   0.7663081560312367
15.5963   84.9589   0.9905091115179099
17.018   84.9646   0.9882367985457728
17.7226   86.1979   0.9804714019286839
19.1443   86.2034   0.9726621767088514
19.8488   87.4366   0.9616441961557298
21.2705   87.4422   0.9484017292265966
21.9747   88.6754   0.9347197975864212
23.3963   88.681   0.9169953380470363
24.1002   89.9142   0.9017535583517261
25.5218   89.9201   0.8809556856051272
11.3251   84.938   0.9862373902869421
12.7466   84.9432   0.9946759371775306
13.4506   86.1771   0.9901747472037438
14.8722   86.182   0.9945452930862415
15.5761   87.4158   0.9868347683376367
16.9977   87.4205   0.9862525133047823
17.7015   88.6542   0.9752509625732227
19.1232   88.6588   0.9694484514403033
19.8268   89.8925   0.9553616488011228
21.2484   89.8971   0.9446483578559808
21.9517   91.1307   0.9281061738831387
23.3732   91.1355   0.9133823460085059
24.0762   92.3692   0.895072214963685
7.05624   84.9177   0.9585787022461959
8.47755   84.9227   0.9733441153569483
9.18071   86.1572   0.9700698343933801
10.6021   86.1619   0.98304152506392
11.3053   87.3962   0.9776399388322883
12.7268   87.4005   0.9876400255153694
13.43   88.6347   0.9795203571136232
14.8515   88.6388   0.9855579688683965
15.5547   89.8728   0.974332248260316
16.9762   89.8767   0.9756332405161264
17.6792   91.1107   0.9611997347065802
19.1007   91.1146   0.957677973015981
19.8035   92.3486   0.9402554971921192
21.2249   92.3524   0.9320467584837138
21.9274   93.5864   0.9119499821810407
23.3487   93.5904   0.9002508261590217
4.21117   84.9027   0.9378746929094525
4.91338   86.1379   0.9336806585230301
6.33454   86.1424   0.9504618818763853
7.03695   87.3774   0.9454166292698686
8.45816   87.3815   0.9615096866906752
9.1607   88.6162   0.9547265815928649
10.582   88.62   0.9691441997969137
11.2846   89.8546   0.9600225101527556
12.7059   89.858   0.9716848511734656
13.4084   91.0925   0.9597371984038136
14.8298   91.0957   0.967554825319992
15.5322   92.3301   0.9525984673512758
16.9536   92.3332   0.9559908890779237
17.6557   93.5676   0.9377096565568679
19.0771   93.5706   0.9364077957813041
19.7789   94.8049   0.9147426140723943
21.2002   94.808   0.9092524896858958
21.9017   96.0424   0.884411244840318
2.77108   87.3588   0.9042258863801682
4.19209   87.3629   0.9218991390059981
4.89378   88.5983   0.9143996964675792
6.31483   88.6019   0.9323892910152923
7.01668   89.8371   0.923537913894172
8.43777   89.8403   0.9410605695703127
9.1397   91.0753   0.9301614883449002
10.5608   91.0782   0.9461236441396019
11.2627   92.3131   0.9328785880274014
12.6839   92.3157   0.9461061409799635
13.3857   93.5505   0.9301267763052512
14.8069   93.5529   0.939828941882511
15.5085   94.7876   0.9205357624774819
16.9297   94.7899   0.9260262361294087
17.631   96.0246   0.9030208026396723
19.0522   96.0268   0.9039521060321739
19.7531   97.2616   0.877048459322516
21.1743   97.2639   0.873917965257607
2.05021   88.5842   0.8895936283494832
2.75116   89.82   0.8793467725533543
4.17208   89.8232   0.8978101048662797
4.87323   91.0587   0.8862029620803569
6.29418   91.0615   0.9053019611709672
6.99544   92.2969   0.8920387597520629
8.4164   92.2993   0.9107854988415208
9.11768   93.5345   0.8954735196531497
10.5387   93.5366   0.9129851422668372
11.2399   94.7717   0.8952266807909607
12.6609   94.7735   0.9102229671899069
13.3619   96.0086   0.8895148003265599
14.783   96.0103   0.90110992670151
15.4837   97.2453   0.8767788432666466
16.9047   97.2468   0.8840994174865167
17.6051   98.4818   0.855578196309372
19.0261   98.4833   0.8583480529482193
19.726   99.7184   0.8253422865696394
0.609052   91.0424   0.8418033721030103
2.02985   91.0451   0.8596090039081725
2.73032   92.2811   0.8447569766506812
4.15113   92.2834   0.8640072004908286
4.85174   93.5191   0.8475901061834067
6.27256   93.521   0.8678012041936798
6.9732   94.7566   0.8496222436471388
8.39404   94.7582   0.8698047137720039
9.09461   95.9936   0.8495728268371113
10.5155   95.995   0.8686429013121556
11.2159   97.2304   0.8458557442022844
12.6368   97.2315   0.8627295114924497
13.3369   98.4668   0.836605522334152
14.7578   98.4677   0.8500179586338156
15.4576   99.703   0.8196722820737569
16.8785   99.7039   0.8287380647707685
17.5779   100.939   0.7937117360855894
18.9987   100.94   0.7982236090219327
-0.111919   92.2678   0.8194334306391217
0.587856   93.5041   0.8006512777083414
2.00856   93.506   0.8191134063730118
2.70851   94.742   0.7987541041522093
4.12921   94.7435   0.8189890329546542
4.82921   95.9794   0.7970585502332937
6.24991   95.9805   0.8185823714813308
6.94988   97.2163   0.7949852381648356
8.37058   97.2171   0.8168112610021978
9.0704   98.4528   0.7911541162125117
10.4911   98.4534   0.8120907215330062
11.1907   99.689   0.7836938432832055
12.6114   99.6894   0.8022711636348399
13.3107   100.925   0.7701465120352092
14.7314   100.925   0.785077652210276
15.4302   102.161   0.7484293286610294
16.851   102.161   0.7587650558638018
17.5493   103.397   0.716872303831023
-1.55423   94.7275   0.754550960836974
-0.133625   94.7291   0.7716760218440122
0.56567   95.9654   0.7466945972752181
1.98627   95.9666   0.7661046831863113
2.68565   97.2027   0.7397367183667446
4.10622   97.2034   0.7612543872451571
4.80558   98.4394   0.7335091614969772
6.22614   98.4399   0.7566480328395753
6.92538   99.6757   0.7273362923022612
8.34592   99.6759   0.7509141394993173
9.04493   100.912   0.7196466983180013
10.4655   100.912   0.7422527399747323
11.1642   102.148   0.7080477738119088
12.5847   102.147   0.7281849215686889
13.2831   103.383   0.6898835046585762
14.7036   103.383   0.7059419381223925
15.4015   104.618   0.6628976466996997
16.822   104.618   0.6741227484664785
-2.2755   95.9527   0.7220698462752749
-1.57687   97.1893   0.6919942211463902
-0.156366   97.1901   0.7100152141158657
0.542393   98.4265   0.6786357242475518
1.96287   98.4268   0.699279749742548
2.66162   99.663   0.6668024070892367
4.08206   99.6631   0.6899003064936262
4.78071   100.899   0.6563356215382493
6.20112   100.899   0.6813155289584988
6.89956   102.135   0.6464546193662776
8.31995   102.134   0.671871127895819
9.0181   103.37   0.634940615254686
10.4385   103.37   0.6592064926864718
11.1363   104.606   0.6193176648538289
12.5567   104.605   0.6405216389787298
13.2541   105.841   0.59648857491154
14.6744   105.84   0.6132672337570299
15.3713   107.076   0.5642782292451133
-3.71918   98.4135   0.6345685010304232
-2.29876   98.414   0.6512193889159006
-1.60066   99.6505   0.6143584006099372
-0.180264   99.6506   0.6337483952492498
0.517876   100.887   0.5959661377637147
1.93824   100.887   0.6183428453536106
2.63629   102.123   0.5799462057811917
4.05659   102.122   0.6050251660881559
4.75447   103.358   0.566050406324383
6.17473   103.358   0.5928694882518405
6.87235   104.594   0.5528927766755496
8.29258   104.593   0.5800029272339914
8.98987   105.829   0.53817434944449
10.4101   105.828   0.5636778246480865
11.107   107.064   0.5186536994951458
12.5272   107.062   0.5408247498034817
13.2237   108.299   0.4916241450539212
14.6439   108.297   0.5089234323550048
-4.44105   99.6381   0.5891590149526686
-3.74358   100.875   0.5470688575490297
-2.32326   100.875   0.5651226246576931
-1.62575   102.111   0.5220414589857783
-0.205476   102.111   0.5430989372490064
0.491992   103.347   0.49969655556247344
1.91221   103.346   0.5238715366385157
2.60954   104.582   0.48046256888544375
4.0297   104.581   0.5074361683009981
4.72679   105.817   0.464048374202517
6.14689   105.816   0.49263115370426885
6.8437   107.052   0.44850912855815844
8.26378   107.051   0.47710085893865317
8.96024   108.287   0.4312229085983243
10.3803   108.285   0.45773026991886906
11.0764   109.522   0.40873542787480277
12.4965   109.52   0.43125730138746743
13.1922   110.756   0.3786217769753862
-5.8865   102.099   0.47622829651334314
-4.46626   102.099   0.4931492066302029
-3.76936   103.335   0.4452989500324463
-2.34916   103.335   0.4648595466374755
-1.65228   104.571   0.4165367797686049
-0.232137   104.57   0.43931938552720234
0.46464   105.806   0.39153144507306215
1.88472   105.805   0.4175882977287547
2.58131   107.041   0.3704728621640175
4.00133   107.039   0.3992732303824031
4.69768   108.276   0.3525605237402509
6.11764   108.274   0.38282985894519805
6.81371   109.51   0.33588451125349567
8.23367   109.508   0.365585101036681
8.92944   110.745   0.3170942831398878
10.3494   110.743   0.34432107109498794
11.0449   111.979   0.29333572915688266
12.4649   111.977   0.3161643243631364
-6.60933   103.323   0.417740888590043
-5.91307   104.559   0.36572413934548953
-4.49293   104.559   0.38391139876278696
-3.79665   105.795   0.3316351103245839
-2.37656   105.794   0.3524268009104871
-1.68032   107.03   0.30065431129454895
-0.260296   107.028   0.32487283839834946
0.435826   108.265   0.27430831337019257
1.85577   108.263   0.3020288438212486
2.55172   109.499   0.25275841746616473
3.9716   109.497   0.28331406601155545
4.66734   110.734   0.2348833729747592
6.08717   110.732   0.2665565200853272
6.78271   111.968   0.21852124038637424
8.20254   111.966   0.24918551502846392
-8.05694   105.783   0.28433507363672267
-6.63688   105.782   0.3009238390357253
-5.94117   107.019   0.2459806230173432
-4.52115   107.017   0.26419863531063165
-3.82542   108.254   0.20993454598993666
-2.40545   108.252   0.23122860138832257
-1.70976   109.489   0.1782346153248583
-0.289858   109.486   0.20322162000141733
0.40573   110.723   0.151838499057386
1.82557   110.721   0.18081013688396957
2.52104   111.957   0.13115531098663064
3.94082   111.955   0.1631732821267
-8.78109   107.006   0.21804722447213112
-8.08595   108.243   0.16418999238686274
-6.66597   108.241   0.17799570893704272
-5.97074   109.478   0.12537051647017497
-4.5508   109.476   0.1405083488622655
-3.85552   110.712   0.08983042023724275
-2.43563   110.71   0.10691419035843329
-1.74034   111.947   0.05991120179064809
-0.320531   111.944   0.07953679782968384
-10.2311   109.466   0.10486262441880262
-8.81112   109.464   0.1049644682737879
-8.11634   110.701   0.08006305327677099
-6.69643   110.699   0.07237388755621156
-6.00149   111.936   0.07129589328987208
-4.58162   111.934   0.05163170440726641
-10.9567   110.687   0.09751153777886916
-10.2623   111.924   0.13084192753090387
-8.8424   111.922   0.10441407759492916
28.4195   85.0327   0.791962947365594
24.144   85.0053   0.890837392569484
25.5657   85.0129   0.8638091571637796
26.2711   86.2453   0.8517996712842762
27.6928   86.2533   0.8221993553877301
19.8695   84.9811   0.9598574894222567
21.2912   84.9875   0.9443293175582345
21.9963   86.2203   0.9333858473321738
23.418   86.2268   0.9128588554645245
24.1228   87.4596   0.8998800697870805
25.5445   87.4663   0.8757774888634657
26.249   88.6992   0.8620615349265963
62.7636   26.4609   0.9190966108086794
63.4837   27.6868   0.9133533653520962
64.9045   27.6828   0.9009746777795704
63.4635   25.2244   0.8988293163888255
64.8842   25.2213   0.882931560201582
65.6051   26.4468   0.880227635330773
67.026   26.4434   0.8659771821474288
67.7473   27.6686   0.8649089258413313
69.1683   27.6647   0.8525913558088661
64.8627   22.7599   0.8577759439387439
65.5842   23.9852   0.8571770295569084
67.005   23.9827   0.8395306903264487
67.7268   25.2077   0.8403682347637847
69.1476   25.2047   0.8251781383434736
69.8698   26.4295   0.8276421932212034
71.2908   26.426   0.8152956089664658
72.0133   27.6503   0.8190639169197992
73.4345   27.6463   0.8096354611799069
66.9828   21.5221   0.8052664465877118
67.7052   22.7469   0.8086137891478263
69.1259   22.7448   0.7903568181524094
69.8485   23.9693   0.7953258263127165
71.2694   23.9667   0.7805442396174604
71.9924   25.1909   0.7871237386840798
73.4135   25.1878   0.77608987237304
74.1368   26.4116   0.7836667403941563
75.558   26.4078   0.7761260593486122
76.2817   27.6313   0.7837005422991615
77.7031   27.6268   0.7783418914590169
67.6823   20.2861   0.7684312981652957
69.1029   20.2849   0.7471162158593551
69.8261   21.5093   0.7551017282459372
71.2468   21.5075   0.7375915671969148
71.9703   22.7315   0.7472770102177668
73.3912   22.7292   0.7343454908964885
74.1151   23.9529   0.7455285440544871
75.5361   23.9499   0.7370165601938695
76.2603   25.1733   0.7486906170107923
77.6815   25.1696   0.7436589070266022
78.4061   26.3927   0.7543223979174954
79.8274   26.3883   0.7507497186146659
80.5523   27.611   0.7583953915999238
81.9738   27.6059   0.7536705248316398
69.0784   17.8252   0.6946523806912345
69.8023   19.0492   0.7061408216496216
71.2229   19.0484   0.686132501780815
71.947   20.2721   0.6991226716392505
73.3677   20.2707   0.6843257484561021
74.092   21.4942   0.6989987768229647
75.513   21.492   0.6894506001157745
76.2376   22.7152   0.7052020207004516
77.6587   22.7123   0.7001372579716069
78.3837   23.9352   0.7155688785854225
79.8049   23.9315   0.7130577886819567
80.5302   25.1541   0.7260645219262563
81.9516   25.1498   0.7234080314732494
82.6772   26.3721   0.7317367081129658
84.0988   26.367   0.7257322784608682
84.8246   27.5891   0.7272552096753955
86.2462   27.5832   0.7148269930549662
69.7769   16.5893   0.6476522909710147
71.1974   16.5893   0.6254678648819615
71.9221   17.8128   0.6422492506807617
73.3427   17.8121   0.6255213025948858
74.0676   19.0354   0.643880990556487
75.4884   19.034   0.633329811393717
76.2136   20.257   0.6530467823977103
77.6345   20.2549   0.6478977465619117
78.36   21.4775   0.6678652034654917
79.7811   21.4747   0.6662609773954966
80.5068   22.6971   0.6846096771153635
81.9281   22.6934   0.6837310948026276
82.6541   23.9156   0.6979855370994467
84.0755   23.9112   0.6945525826026453
84.8019   25.1331   0.7023982559773364
86.2234   25.128   0.6930474803359468
86.9499   26.3497   0.6926182642697211
88.3715   26.3438   0.6748573330712202
71.1702   14.1304   0.555130624267839
71.8956   15.3535   0.5759801211847528
73.3161   15.3537   0.5577871457823331
74.0417   16.5766   0.5800987933102454
75.4623   16.5761   0.5683263938970298
76.1881   17.7987   0.5922581278462989
77.6089   17.7974   0.5866945031274814
78.3348   19.0198   0.6112579324638665
79.7558   19.0177   0.6102227626039518
80.482   20.2399   0.6337603174702573
81.9031   20.237   0.6345306139186663
82.6296   21.4589   0.654545682133801
84.0508   21.4552   0.6535252864273904
84.7776   22.6769   0.6677103339023607
86.199   22.6725   0.6614868403830877
86.9261   23.8941   0.6676563861748065
88.3475   23.8888   0.6533651505857961
89.0747   25.1102   0.6500383219472543
71.8674   12.8944   0.4999586182875555
73.2877   12.8953   0.4805920203249333
74.014   14.1179   0.5070957897675773
75.4345   14.1181   0.49440405540408083
76.1609   15.3405   0.5225165738998174
77.5816   15.3399   0.5165363491565718
78.3081   16.562   0.545628609953696
79.7289   16.5606   0.5449449421730622
80.4556   17.7825   0.57348294656424
81.8766   17.7803   0.5754489725423119
82.6036   19.002   0.6011911759166151
84.0247   18.999   0.6023540238099181
84.7519   20.2205   0.6228329872445758
86.1731   20.2168   0.6193642224087539
86.9007   21.4381   0.6323227894042741
88.322   21.4335   0.6212677603095152
89.0497   22.6547   0.6248654095083213
90.471   22.6493   0.6042312967730157
73.2576   10.4371   0.3937557237679246
73.9846   11.6593   0.4246305335229689
75.4049   11.6603   0.41123836153744453
76.132   12.8823   0.4435674807737837
77.5525   12.8824   0.43725662945231647
78.2797   14.1042   0.47073870671531026
79.7003   14.1035   0.47026871041990714
80.4277   15.3251   0.503668194350211
81.8484   15.3236   0.5064785582825791
82.5759   16.545   0.537869928514321
83.9969   16.5426   0.5405070767344334
84.7246   17.7639   0.5672673179374984
86.1457   17.7608   0.5661311067235225
86.8737   18.9819   0.5859507317172695
88.2948   18.978   0.5776508028212192
89.023   20.199   0.5886602585532696
90.4442   20.1942   0.5711341261034955
91.1725   21.415   0.5720755020100068
73.9534   9.20098   0.3328489418640244
75.3736   9.20254   0.3192614729340223
76.1013   10.4242   0.3555625120847248
77.5217   10.425   0.3490349122938875
78.2495   11.6464   0.38664530257071594
79.67   11.6464   0.3862049973783376
80.3979   12.8676   0.4242206383475496
81.8185   12.8668   0.42751714585499584
82.5466   14.0878   0.46416819149959265
83.9673   14.0862   0.4679541644221156
84.6956   15.3071   0.5007598725936436
86.1165   15.3046   0.5013958515983167
86.845   16.5255   0.5279244453517953
88.266   16.5222   0.5220703592428911
88.9947   17.7429   0.5403125206766927
90.4157   17.7388   0.5255319590662407
91.1445   18.9594   0.5340676829766061
92.5655   18.9543   0.5095111676891894
75.3407   6.74493   0.22053840051111495
76.0689   7.96627   0.2594836025647873
77.4892   7.96764   0.2535202445565269
78.2175   9.18874   0.29410249930933957
79.6378   9.18933   0.29403518564961045
80.3663   10.4102   0.33567948999008
81.7868   10.41   0.33949399111030065
82.5154   11.6307   0.38056814107331977
83.936   11.6296   0.38530499607453944
84.6648   12.8502   0.4233511072384268
86.0855   12.8484   0.4255141948278597
86.8145   14.0689   0.4582425776812973
88.2353   14.0663   0.4543903388057472
88.9645   15.2867   0.47951161612624216
90.3854   15.2832   0.46724355533276296
91.1148   16.5036   0.4833184767831697
92.5356   16.499   0.46143031976670185
93.265   17.7193   0.4677670146558041
76.0353   5.50859   0.1601585467591419
77.4554   5.51036   0.15761637890777927
78.184   6.73123   0.19675478876002137
79.6042   6.73231   0.19850113878766745
80.3331   7.95291   0.24055654823762482
81.7534   7.95321   0.2455991451532363
82.4825   9.1736   0.288745636157502
83.9029   9.17313   0.2946456897699366
84.6322   10.3934   0.3364276296620135
86.0527   10.3921   0.340071124913598
86.7822   11.6123   0.3777121920192673
88.2029   11.6102   0.3759281846310558
88.9326   12.8304   0.40694258808829475
90.3533   12.8274   0.3971178792248
91.0831   14.0475   0.4198698131564125
92.5038   14.0436   0.4008478639084917
93.2337   15.2636   0.41450531962810955
94.6543   15.2585   0.38642595668510954
77.4208   3.05308   0.09767960687881676
78.1495   4.27389   0.11161660449951091
79.5696   4.27527   0.12073867483122533
80.2986   5.49574   0.1491338663751483
81.7188   5.49644   0.15787319880207742
82.4481   6.71661   0.19506908109692964
83.8683   6.71659   0.20345102604804044
84.5979   7.93656   0.24403018768177134
86.0183   7.93579   0.25002661138366894
86.7482   9.15566   0.2894094220995572
88.1686   9.15412   0.29031114498069355
88.8987   10.3739   0.32488567219870007
90.3192   10.3715   0.3183138702601559
91.0496   11.5913   0.34591659399340985
92.4701   11.588   0.3305156274671435
93.2005   12.8077   0.34986380207160767
94.6209   12.8032   0.32578549691476777
95.3514   14.0228   0.33660972950881946
78.1146   1.81658   0.11482482310023477
79.5346   1.8181   0.13206506578198457
80.2633   3.03863   0.11001496670907923
81.6834   3.03954   0.12463452330714761
82.4126   4.25969   0.1259857233975351
83.8327   4.25994   0.1388803355410704
84.5623   5.4798   0.16062463820970926
85.9825   5.47938   0.1708839079609323
86.7126   6.69905   0.2021888364870816
88.1328   6.69791   0.20748921056286354
88.8632   7.91748   0.23986467038728557
90.2835   7.91553   0.2381300493427932
91.0142   9.13506   0.2665672412356786
92.4345   9.13216   0.2566081816700314
93.1654   10.3516   0.2783838177768272
94.5856   10.3476   0.2604659862630817
95.3166   11.567   0.2749761626032342
96.7367   11.5616   0.25088240273084345
80.228   0.581428   0.1780497005024154
81.648   0.58234   0.19081807231234496
82.3767   1.80271   0.14951271384066112
83.7967   1.80306   0.16159985303211105
84.526   3.02302   0.13606759386422573
85.946   3.02275   0.14907060608986564
86.6759   4.24242   0.14569461211726437
88.096   4.24149   0.1573208009132931
88.8264   5.46098   0.1699908950502951
90.2465   5.45931   0.1764644227599433
90.9773   6.67869   0.19474949576314632
92.3974   6.67613   0.1941184074218628
93.1286   7.89542   0.21093853986410382
94.5486   7.89177   0.20348123377845043
95.2799   9.11096   0.21564721282687715
96.6999   9.10597   0.20356077937559583
97.4313   10.325   0.210129721838675
84.4897   0.566021   0.2042117953890015
85.9096   0.565691   0.21319621043536216
86.6389   1.78562   0.17326648868145092
88.0588   1.7847   0.1850167786985805
88.7888   3.00432   0.15992617703177905
90.2088   3.00273   0.17333845966778458
90.9393   4.22214   0.16265639397207776
92.3593   4.21975   0.1743349936186076
93.0904   5.439   0.17177229957126475
94.5103   5.43558   0.179910845976556
95.2417   6.65469   0.17926934930433544
96.6616   6.64996   0.18513857647718993
97.3932   7.86892   0.18320263753559846
98.8129   7.86261   0.1902655470651467
88.7512   0.547313   0.22516211945174036
90.1711   0.545592   0.23669973854020104
90.901   1.76528   0.2011996580513989
92.3209   1.76283   0.2169398278325111
93.0514   2.98226   0.19128665504943054
94.4713   2.97886   0.20964194809245612
95.2024   4.19806   0.19110858170160702
96.6222   4.19344   0.2111642214012582
97.3538   5.41242   0.1967684448787454
98.7734   5.40627   0.2192999838121278
99.5053   6.62502   0.20740109474156615
93.0126   0.52501   0.25876011533657683
94.4323   0.521418   0.2766647152945226
95.1628   1.74094   0.24709155975063005
96.5825   1.73622   0.2700639222480483
97.3137   2.95542   0.24694149023604736
98.7333   2.94926   0.27412364454749216
99.4649   4.16813   0.2562530079823446
100.884   4.16022   0.2871195611587609
97.2736   0.497787   0.3150526851178994
98.6932   0.491429   0.33989853930989294
99.4241   1.71064   0.31862081868578357
100.844   1.70262   0.3476684514016174
101.575   2.92141   0.3316739248117039
101.534   0.463358   0.3909997600050412
102.954   0.453231   0.41773524616555663
99.4532   0.760149   0.4746219519406984
100.873   0.768327   0.5110881383244967
101.564   2.00792   0.49240614019323387
95.1913   0.728917   0.39094447585814457
96.611   0.733639   0.41978135347344875
97.3034   1.97224   0.3893317485127551
98.7228   1.97871   0.4250218719077878
99.4145   3.21796   0.40103132907542255
100.834   3.22633   0.4424990888126219
90.9288   0.705313   0.3379519057144062
92.3487   0.707205   0.3564800817380959
93.0419   1.94478   0.31429082773762135
94.4616   1.94806   0.339900791996724
95.1543   3.18628   0.3052625966278871
96.5738   3.1912   0.3377826113049627
97.2658   4.43006   0.3098380746454514
98.685   4.43678   0.3484753770354518
99.3764   5.67621   0.32628856875471424
86.666   0.687865   0.3120381572884942
88.086   0.687633   0.3229139451680575
88.7799   1.92437   0.2711750357241615
90.1998   1.92512   0.28713335246884764
90.8933   3.16237   0.24345586068115016
92.313   3.16439   0.26520973379572643
93.0059   4.40223   0.23023610403235953
94.4255   4.40576   0.25719862149708406
95.118   5.64422   0.22960618981203473
96.5373   5.64944   0.26136059381628335
97.2292   6.88848   0.23915171000852087
98.6483   6.89555   0.27615236736265714
82.4034   0.674522   0.29498985274920836
83.8234   0.672977   0.30546256792608795
84.5178   1.90927   0.24874420676670966
85.9378   1.90826   0.25974738670485076
86.6318   3.14481   0.20921264684526023
88.0517   3.14463   0.2235067535892374
88.7453   4.38159   0.18397137521908086
90.1652   4.38254   0.2018871952353589
90.8584   5.62002   0.17475552208728698
92.2781   5.62233   0.19433682718414458
92.971   6.8604   0.17647568784396303
94.3905   6.86428   0.19637842447682477
95.083   8.10293   0.18300347674292844
96.5022   8.10856   0.20452385899938366
97.1942   9.34777   0.19260050467223613
78.1408   0.663127   0.2624570285894434
79.5608   0.66099   0.28029501987905425
80.2557   1.89726   0.22497145507819455
81.6757   1.8953   0.23910375070249415
82.3702   3.13159   0.18588623832871368
83.7901   3.13002   0.19882394850721524
84.4844   4.36646   0.15483636168548878
85.9042   4.36556   0.16915200383087314
86.5982   5.60229   0.1428326380768775
88.018   5.60236   0.15791745438677737
88.7117   6.83952   0.1507552947660539
90.1315   6.84081   0.16269410069206508
90.8249   8.07851   0.1667502098949208
92.2445   8.08124   0.1730171829616931
92.9375   9.31951   0.17962742997660505
94.3569   9.32385   0.1810565812115101
95.0496   10.5627   0.18514737373238685
96.4688   10.5688   0.18538190310815236
77.4135   1.88405   0.20130270763206365
78.1085   3.12043   0.1514252056297096
79.5284   3.11825   0.1702993896054832
80.2231   4.35458   0.1258171407241459
81.643   4.35268   0.1421355863251698
82.3376   5.58907   0.114401846576005
83.7574   5.58768   0.12975566423089208
84.4518   6.82426   0.12843409827611998
85.8716   6.82366   0.14128551270388665
86.5657   8.06057   0.15984981576467444
87.9856   8.06103   0.16722419561773963
88.6795   9.2984   0.1929731732650935
90.0992   9.30014   0.19287633758447298
90.7929   10.5381   0.21733453476150463
92.2125   10.5413   0.20921206944151244
92.9058   11.7798   0.22827172404833662
94.3252   11.7846   0.21308376287272632
95.0181   13.0237   0.2248665604308482
75.9617   4.34387   0.08072423489881767
77.3816   4.3416   0.10363046077288318
78.0766   5.57802   0.08226995137958923
79.4965   5.57596   0.09917971012258404
80.1914   6.81237   0.10391505617570629
81.6113   6.81071   0.11632770478265331
82.306   8.0472   0.142681926325656
83.7259   8.04617   0.15222074891420082
84.4205   9.28289   0.18862746459622476
85.8404   9.28274   0.19457724532945733
86.5349   10.5198   0.23260049441048194
87.9547   10.5208   0.2328272750345204
88.649   11.7584   0.2670495459647895
90.0687   11.7607   0.25955107397196325
90.7627   12.9989   0.2869486365188029
92.1823   13.0026   0.2706968230327061
92.8759   14.2414   0.28957682918355293
94.2953   14.2468   0.26511950135740764
75.2352   5.56519   0.0707946353899798
75.9306   6.80168   0.09721582227189153
77.3504   6.79965   0.0986363300209412
78.0457   8.03608   0.13382963050087263
79.4656   8.03436   0.13656867722871202
80.1609   9.27081   0.17765969829986686
81.5808   9.26957   0.1821549109961082
82.276   10.5062   0.22574855481265071
83.6959   10.5056   0.23048368705832684
84.391   11.7425   0.27330217708609605
85.8109   11.7429   0.2753483248541738
86.5058   12.9802   0.3141429770025112
87.9256   12.9818   0.3104906761885118
88.6203   14.2196   0.3425227875631042
90.04   14.2225   0.3307798814922088
90.7343   15.461   0.3540434577844935
92.1539   15.4653   0.33300572067158424
92.8476   16.7044   0.34660804953145774
73.785   8.02541   0.16326431820823617
75.2048   8.0235   0.14888243684196045
75.9006   9.25996   0.190833959242059
77.3205   9.25833   0.18304501331639603
78.0164   10.4948   0.22632072375281875
79.4363   10.4935   0.22416672366790044
80.1321   11.73   0.26829209828095957
81.552   11.7293   0.2699078546467283
82.2477   12.966   0.3131604540806525
83.6677   12.9661   0.3155557003129552
84.3632   14.2032   0.3554852036301947
85.7831   14.2042   0.3552851812277001
86.4784   15.4417   0.3894365160074222
87.8983   15.444   0.38307862117325203
88.5932   16.6821   0.4093019179041329
90.013   16.6856   0.3944476898145063
90.7074   17.9243   0.41114960780718274
92.1271   17.9293   0.38650871917720125
73.0597   9.24741   0.22344097856033607
73.756   10.4839   0.26235388314259883
75.1759   10.4824   0.245678183809633
75.8723   11.7188   0.285526548678052
77.2922   11.7177   0.2759685851686749
77.9886   12.9542   0.3166893904127523
79.4086   12.9535   0.31324330798917466
80.105   14.1901   0.353898318730111
81.525   14.19   0.35430262488443465
82.2211   15.4269   0.39311013723891824
83.6411   15.4276   0.3939843905537394
84.3371   16.6649   0.42854859701088655
85.757   16.6666   0.4262211984404328
86.4526   17.9044   0.4541290785668773
87.8726   17.9073   0.44535026664413524
88.5677   19.1456   0.4645006135625655
89.9875   19.1498   0.44674146886090915
90.682   20.3888   0.45586302767388304
71.6118   11.7077   0.3427416082123684
73.0317   11.7065   0.3188685152221854
73.7286   12.9429   0.3535403088758073
75.1486   12.942   0.3366019904872836
75.8456   14.1783   0.37226642341204935
77.2656   14.1779   0.3623890312909606
77.9626   15.4143   0.39875507520281134
79.3827   15.4143   0.39463618688609803
80.0795   16.651   0.43051353056553465
81.4996   16.6516   0.4297382110075865
82.1962   17.8886   0.4631290316963528
83.6162   17.8901   0.46225522171198935
84.3125   19.1275   0.4906476026640698
85.7325   19.13   0.4861534942793267
86.4283   20.368   0.5071933162020192
87.8482   20.3716   0.49563359450303557
88.5434   21.6102   0.5075155662637341
89.9633   21.6151   0.48654765439779696
90.6578   22.8542   0.4883152874936452
70.8879   12.9305   0.3989774555034413
71.5854   14.1668   0.42797491748933164
73.0053   14.1662   0.40489956779428793
73.703   15.4024   0.43479418119381386
75.123   15.4022   0.4184251665471373
75.8207   16.6385   0.44947233507747825
77.2407   16.6387   0.4396553650303853
77.9383   17.8752   0.471145773620014
79.3584   17.8759   0.4666305819382182
80.0556   19.1126   0.49710780520929143
81.4757   19.114   0.49519699110556187
82.1726   20.3512   0.5226814421806084
83.5927   20.3534   0.5199448528449938
84.2892   21.5911   0.5418979055135742
85.7092   21.5943   0.5346965681580541
86.4051   22.8325   0.5489028875857742
87.8251   22.8369   0.5342157054973194
88.5204   24.0756   0.5390561102519852
89.9402   24.0812   0.5146875751366071
69.4424   15.3906   0.5057160566958506
70.8624   15.3902   0.47845839944555224
71.5607   16.6264   0.5025140595048063
72.9807   16.6264   0.4807565912184678
73.679   17.8626   0.5060515092359689
75.0991   17.863   0.49042857787857325
75.7972   19.0993   0.5169196069022742
77.2174   19.1002   0.5073035876080516
77.9153   20.3367   0.5338907191551483
79.3355   20.3382   0.5287740821938992
80.033   21.5751   0.5539497540391203
81.4532   21.5772   0.5504880471000255
82.1503   22.8145   0.5719981992978641
83.5704   22.8176   0.5670305988216163
84.267   24.0554   0.5825358701401999
85.6871   24.0594   0.5725232309697131
86.3831   25.2977   0.5799722493361201
87.8031   25.3029   0.5618864387044771
88.4984   26.5417   0.5600561846815015
68.7196   16.6141   0.5535471163324759
69.4185   17.8501   0.572349578492028
70.8386   17.8504   0.5469107696873404
71.5374   19.0864   0.5666008824560719
72.9576   19.0871   0.5463794011490548
73.6564   20.3233   0.5673199185644731
75.0766   20.3244   0.5528560300837844
75.7751   21.5607   0.5747437950948235
77.1953   21.5623   0.565370798679947
77.8936   22.7989   0.5871613577203455
79.3138   22.8012   0.5812730683594409
80.0116   24.0382   0.6009834440315298
81.4317   24.0411   0.5958679132156732
82.129   25.2786   0.6115119704470212
83.5492   25.2824   0.6040248422043581
84.2459   26.5204   0.6132521911905395
85.666   26.5251   0.6000540392331365
86.3621   27.7636   0.6012329498621993
87.782   27.7695   0.5797425376837544
67.2763   19.0736   0.6405242071928291
68.6965   19.0742   0.6137633664532295
69.396   20.31   0.6280717793373618
70.8161   20.311   0.6049969008185101
71.5156   21.5469   0.6206012326768303
72.9358   21.5483   0.6023829761870758
73.635   22.7844   0.6192615037284322
75.0553   22.7863   0.6058450214370023
75.7541   24.0226   0.6234831272777147
77.1744   24.025   0.6142151903038537
77.8729   25.2617   0.6311847510832325
79.2931   25.2647   0.6243235779625818
79.9911   26.5019   0.6387073195134074
81.4113   26.5056   0.6317049706943897
82.1087   27.7432   0.6415506527157472
83.5289   27.7478   0.6313909327825352
66.5543   20.2977   0.6774980590378107
67.2544   21.5333   0.6869966084341318
68.6746   21.5346   0.6630752747614704
69.3747   22.7703   0.6736878579876586
70.795   22.772   0.6533025179807581
71.4948   24.0079   0.6653163307780737
72.9151   24.01   0.6490411774302152
73.6147   25.2461   0.6621402343914786
75.035   25.2487   0.6498328169614097
75.7341   26.4851   0.6631968486053005
77.1544   26.4883   0.6539056889185176
77.8531   27.7251   0.6661180450941115
79.2734   27.7289   0.6581097628815431
65.1125   22.7562   0.7406440238063077
66.5329   22.7579   0.7174583890373015
67.2336   23.9933   0.7235590715345913
68.654   23.9953   0.7027871726205588
69.3545   25.2309   0.7103101364896882
70.7749   25.2333   0.6926341675083602
71.4751   26.4691   0.7014642400008714
72.8955   26.472   0.686958179221996
73.5953   27.7081   0.6965752938484098
75.0157   27.7115   0.685006489020359
64.3909   23.9806   0.765539737701448
65.0922   25.2157   0.7677177476130139
66.5128   25.2182   0.7480185960255261
67.2139   26.4535   0.7516293567976193
68.6344   26.4563   0.7339110232173937
69.3353   27.6918   0.738943908561401
70.7558   27.695   0.723691681588231
62.9505   26.4376   0.8046835464951413
64.3711   26.4405   0.7869123013398645
65.0729   27.6754   0.7871024710925515
66.4936   27.6787   0.7707920277221344
62.2291   27.6622   0.8183998106060375
59.2601   32.634   0.95237000162752
60.6809   32.6277   0.9490756239626025
61.399   33.8545   0.9412263967824127
62.82   33.848   0.9380113272237198
63.5384   35.0746   0.932211032974832
64.9595   35.0676   0.9288649417434187
65.6783   36.2939   0.9245050405487273
67.0995   36.2865   0.9206151041559124
67.8187   37.5124   0.9171818903576341
69.24   37.5045   0.9122341256497729
69.9596   38.7301   0.9089190117936806
71.381   38.7216   0.9026015843105983
72.101   39.9469   0.8985926385187007
73.5225   39.9378   0.8903911387699252
74.2428   41.1628   0.8846904204296562
75.6644   41.1532   0.8739968764246261
76.385   42.3778   0.8656919255716784
77.8067   42.3677   0.8514056847355455
78.5276   43.5921   0.8392079956721121
60.6626   30.1645   0.949665930735646
61.3813   31.3911   0.9411938960703072
62.8022   31.3856   0.9348536249060626
63.5212   32.6119   0.9282293035667429
64.9422   32.606   0.9222795942662941
65.6616   33.8321   0.9173955798890693
67.0827   33.8257   0.9115212230112918
67.8024   35.0514   0.9077653110799093
69.2237   35.0446   0.9017547061146978
69.9438   36.27   0.8983196201798114
71.3652   36.2626   0.8917577978352661
72.0857   37.4877   0.88803013462382
73.5072   37.4796   0.880594810341283
74.228   38.7044   0.8755719159497992
75.6496   38.6958   0.8664613378564582
76.3707   39.9203   0.8592467573404057
77.7924   39.9111   0.8475433322255569
78.5138   41.1354   0.8368378397276269
79.9355   41.1255   0.8211366938579748
61.3626   28.9278   0.9388900574614695
62.7834   28.9232   0.9291202075081587
63.5029   30.1493   0.9225814489788994
64.9239   30.1444   0.9136224657920825
65.6438   31.3703   0.9087239294747331
67.0648   31.3649   0.9005605532111668
67.7851   32.5905   0.8969945930717782
69.2063   32.5846   0.8894139474957683
69.927   33.8099   0.8866720814371029
71.3482   33.8035   0.8793556447763355
72.0693   35.0284   0.8766244463851114
73.4907   35.0214   0.8693625883369971
74.2121   36.246   0.8657315808031959
75.6336   36.2384   0.8578037654382281
76.3553   37.4627   0.8522834329024588
77.777   37.4545   0.8426739167673368
78.4989   38.6785   0.8339570792313014
79.9207   38.6696   0.8211620181182276
80.6428   39.8934   0.8079596648348263
65.625   28.9085   0.8968731738657395
67.0459   28.9041   0.8859169769227816
67.7667   30.1295   0.883245639672229
69.1878   30.1247   0.873599130036198
69.909   31.3497   0.8720489435805782
71.3302   31.3444   0.8635917611927532
72.0518   32.5691   0.8624584453757753
73.4731   32.5631   0.8549687830558499
74.195   33.7875   0.8533349459620185
75.6165   33.7809   0.8462963428965066
76.3388   35.005   0.8430680518202562
77.7604   34.9977   0.8351593740119336
78.4829   36.2216   0.8290516328914656
79.9046   36.2136   0.818758572474206
80.6273   37.4372   0.8083596847938451
82.0491   37.4286   0.7938001826656406
69.8899   28.8896   0.8528438368189105
71.3111   28.8852   0.8427414550145255
72.0331   30.1097   0.8438080231901103
73.4544   30.1047   0.835589917363775
74.1768   31.3289   0.8366650106225324
75.5982   31.3233   0.8298217218174039
76.321   32.5472   0.829693395176797
77.7425   32.5409   0.8229925212296892
78.4656   33.7645   0.8203802411077464
79.8872   33.7575   0.8121997845358029
80.6105   34.9809   0.8054085422939098
82.0323   34.9732   0.7935697448869898
82.7557   36.1964   0.7813082746266051
74.1574   28.8703   0.8138135474419199
75.5787   28.8656   0.8067627532304666
76.302   30.0893   0.8103408480386521
77.7234   30.0839   0.8045507255605473
78.447   31.3073   0.8059237246787094
79.8686   31.3012   0.7995767255241998
80.5925   32.5244   0.7970867330472889
82.0142   32.5176   0.7878718487165306
82.7382   33.7406   0.7799131746547211
84.16   33.733   0.7653468756060869
78.4272   28.8501   0.784313852995088
79.8487   28.8448   0.7794913597981727
80.573   30.0678   0.7818845119325496
81.9947   30.0618   0.7749949870805636
82.7193   31.2846   0.7720339953654918
84.141   31.2779   0.7603084242595267
84.8658   32.5004   0.7504048107521705
82.699   28.8284   0.7562748243859511
84.1206   28.8225   0.7473839374779235
84.8459   30.0449   0.7430705350099711
86.2676   30.0382   0.7272849510336367
86.9723   28.8052   0.7079980014096107
45.9196   56.1612   0.5966874055986128
46.6183   54.9228   0.6359044425068914
48.0377   54.9078   0.6848327168002442
48.7481   56.1378   0.6889933889378066
50.1677   56.1226   0.7357400424062831
48.0268   52.4401   0.7137371084650145
48.7374   53.67   0.7180621003785143
50.1571   53.6556   0.761931775161008
50.8682   54.8852   0.7666671833331609
52.2881   54.8705   0.8079832300239911
52.9997   56.0998   0.8117876200090778
54.4199   56.0848   0.8497458325876054
48.7265   51.2022   0.7433714952834835
50.1464   51.1886   0.7838104617826969
50.8576   52.4181   0.7886770378298087
52.2777   52.4043   0.8268706609863482
52.9895   53.6336   0.8321257116565988
54.4098   53.6194   0.8674776654185431
55.1221   54.8483   0.8717805400443412
56.5425   54.8336   0.9035092915958338
57.2555   56.0622   0.905533135782452
58.6762   56.047   0.9329094168245915
50.1351   48.7216   0.8034288891992887
50.8468   49.9511   0.8069410449345128
52.2669   49.938   0.8414877955145904
52.979   51.1673   0.8467178337557354
54.3993   51.1539   0.8789370910366706
55.1118   52.3828   0.8845477601576994
56.5324   52.369   0.9136283380018388
57.2455   53.5976   0.9182719912966992
58.6662   53.5833   0.9435276413545077
59.3799   54.8115   0.9459007558935557
60.8008   54.7966   0.9666260186856143
61.5152   56.0244   0.9657969714179078
62.9362   56.009   0.9817041153015538
50.8353   47.4841   0.824230598801091
52.2556   47.4718   0.8546925353599416
52.968   48.701   0.8582178336529745
54.3884   48.6884   0.8867691751521366
55.1012   49.9172   0.8919940246436633
56.5218   49.9043   0.9180261543115236
57.2351   51.1329   0.9237071559753142
58.6559   51.1194   0.9465195190803002
59.3697   52.3476   0.9511390066651695
60.7907   52.3337   0.9699210586434357
61.5052   53.5615   0.9722538608820241
62.9263   53.547   0.9863160244059714
63.6414   54.7743   0.9856492581035131
65.0626   54.7593   0.9946960389988518
65.7784   55.9862   0.9905092175239958
67.1998   55.9707   0.9945320809305264
52.2434   45.0056   0.8686473507701516
52.9562   46.2346   0.8692937363170179
54.3767   46.2228   0.8938534219881918
55.0899   47.4516   0.8972081029504807
56.5106   47.4395   0.9198630169758981
57.2242   48.668   0.9247972804890817
58.645   48.6555   0.9448438230734222
59.3591   49.8837   0.9502235736920053
60.7801   49.8706   0.9667554292580931
61.4948   51.0984   0.9710588962570724
62.9159   51.0848   0.9833708151048626
63.6312   52.3123   0.9853902475669233
65.0524   52.2981   0.9930842210004153
65.7684   53.5251   0.99198813500969
67.1897   53.5105   0.9946752334304918
67.9063   54.7371   0.9901691320173563
69.3277   54.722   0.9876367449624395
70.0449   55.9481   0.9795196118506251
71.4664   55.9326   0.9716809352868883
52.9436   43.7682   0.8821016891492748
54.3642   43.7573   0.9025525414068708
55.0778   44.986   0.9028534432564348
56.4985   44.9747   0.9218175632954734
57.2126   46.2031   0.9247063696114564
58.6334   46.1915   0.941674736838578
59.3479   47.4196   0.9460291803110518
60.7688   47.4075   0.9602935488693054
61.4838   48.6353   0.9647842142158007
62.9049   48.6226   0.9755340024827428
63.6205   49.85   0.9788449366472713
65.0417   49.8368   0.9852821880050431
65.7578   51.0639   0.9864052564742355
67.1792   51.0502   0.988122709991022
67.8959   52.2768   0.9862342419526938
69.3174   52.2626   0.9830349230825955
70.0347   53.4888   0.9776401638639874
71.4562   53.4742   0.9691378952450476
72.1741   54.7   0.9600260100643121
54.3506   41.2917   0.9139328749968479
55.0648   42.5202   0.9108015206399277
56.4855   42.5099   0.9259571750356519
57.2   43.7381   0.9257201358942129
58.6209   43.7274   0.9394910696754919
59.3358   44.9554   0.9415290223885853
60.7568   44.9443   0.9533086016605536
61.4721   46.172   0.9565966025446674
62.8932   46.1603   0.9654786584901821
63.6091   47.3877   0.9687945705875947
65.0303   47.3755   0.9740676875864456
65.7468   48.6024   0.9760946572950827
67.1681   48.5897   0.9771576229043093
67.8851   49.8163   0.9768882587072091
69.3065   49.8031   0.9733415690290869
70.024   51.0293   0.9700687862208534
71.4455   51.0157   0.9615065002380399
72.1636   52.2415   0.9547245937965572
73.5851   52.2275   0.941058308501658
55.0506   40.0544   0.9216222924821229
56.4714   40.045   0.9330494145542346
57.1865   41.2731   0.9295029747128315
58.6073   41.2633   0.9399683452116901
59.3228   42.4912   0.9389996698614975
60.7437   42.481   0.9479883596331773
61.4596   43.7086   0.9490790957554617
62.8806   43.6979   0.9559798899558513
63.5969   44.9252   0.9579098339614229
65.0181   44.914   0.9619121477557102
65.7349   46.1409   0.9635656179005166
67.1562   46.1292   0.9640644065621349
67.8735   47.3557   0.9643267651579525
69.295   47.3436   0.9606163698376183
70.0127   48.5697   0.9585811024634279
71.4343   48.5571   0.9504566271008917
72.1525   49.7828   0.9454187114712717
73.5741   49.7698   0.9323895859564296
74.2929   50.9952   0.9235396959524816
56.4562   37.5801   0.9429626556762486
57.1718   38.808   0.9362319851404348
58.5927   38.7992   0.943274133006944
59.3087   40.0268   0.939318444405307
60.7296   40.0177   0.9454010630415042
61.446   41.2451   0.9438085610970056
62.8671   41.2355   0.9485173799145692
63.5838   42.4626   0.9483713302288304
65.005   42.4525   0.9508985277094519
65.7222   43.6792   0.9512803740222975
67.1435   43.6686   0.9510139641456395
67.8612   44.895   0.9508124210379276
69.2826   44.8839   0.9471461291690957
70.0008   46.11   0.9453507126987337
71.4223   46.0983   0.9378760525783791
72.1409   47.324   0.9336795863678298
73.5625   47.3119   0.9218955146869959
74.2815   48.5373   0.9144008475499138
75.7031   48.5247   0.8978089941630124
57.1561   36.3429   0.9453694991906603
58.577   36.335   0.9488791914674934
59.2935   37.5625   0.9422548540601949
60.7145   37.5543   0.9454204408621624
61.4314   38.7816   0.9411596145181774
62.8524   38.773   0.9434702380043585
63.5697   39.9999   0.9410592223659493
64.9909   39.9909   0.9419010669916463
65.7086   41.2175   0.9405238806112269
67.1299   41.2079   0.939384085451739
67.8481   42.4342   0.9380295837552246
69.2694   42.4241   0.9342049668033261
69.988   43.6501   0.9321607640316129
71.4095   43.6395   0.9252375748963098
72.1285   44.8651   0.9212960056355406
73.55   44.854   0.9108715222247326
74.2694   46.0792   0.9042254033149058
75.6911   46.0676   0.8895893097379268
76.4108   47.2926   0.879349549382952
58.5601   33.8709   0.9558548477671703
59.2773   35.0982   0.9470814378922254
60.6982   35.091   0.9470205383200542
61.4157   36.318   0.9407072817832333
62.8367   36.3105   0.9404092353863825
63.5546   37.5372   0.9359461629816109
64.9757   37.5293   0.9348988234028349
65.694   38.7557   0.9318727273614167
67.1152   38.7472   0.9294616129781815
67.8339   39.9733   0.9269610995074179
69.2552   39.9643   0.9227768690208917
69.9743   41.1901   0.919890042342018
71.3958   41.1805   0.9134168544536508
72.1152   42.406   0.9095420935833622
73.5368   42.3959   0.900272242157893
74.2566   43.6211   0.8941982218725333
75.6782   43.6104   0.8815264545094508
76.3984   44.8353   0.8722528647129822
77.82   44.8241   0.8553804182935248
58.6303   33.7946   0.8441897239365097
60.0514   33.8003   0.8390748774692288
60.7556   35.0341   0.8354744999100797
62.1766   35.0402   0.8303656604171438
62.8805   36.2742   0.8289390870263021
64.3015   36.2806   0.8235240676507289
65.005   37.515   0.8236573438026289
66.4259   37.5218   0.817421494701481
67.1289   38.7566   0.8184917898183216
68.5498   38.7639   0.810922770675482
69.2523   39.9989   0.8121159092149363
70.6731   40.0067   0.8026977077331153
71.3752   41.2422   0.8032969127290376
72.7958   41.2504   0.7916158790726735
73.4974   42.4862   0.7906159813714873
74.9179   42.4949   0.7760655320267733
75.619   43.7312   0.7723412976139507
77.0395   43.7403   0.7540349660327452
77.74   44.9769   0.7465832639431467
57.9093   35.019   0.8420369944367069
58.6142   36.2522   0.8376999045004134
60.0353   36.2589   0.8359311933406971
60.74   37.4925   0.8341928194368513
62.1611   37.4995   0.8320141044477547
62.8654   38.7334   0.8323537589270554
64.2864   38.7408   0.8292532845880075
64.9903   39.975   0.8310490719566439
66.4112   39.9829   0.8264097954404935
67.1147   41.2175   0.8288457636979284
68.5355   41.2258   0.8220549251722782
69.2385   42.4608   0.8241097014354328
70.6592   42.4695   0.8147577492727517
71.3617   43.7049   0.815616834058741
72.7823   43.714   0.8030973664506689
73.4843   44.9498   0.8018503164556336
74.9048   44.9594   0.7855561914974619
75.6062   46.1955   0.7811010818069574
77.0266   46.2055   0.7604333830126104
56.4724   37.4694   0.8320707061301948
57.8937   37.4768   0.8341644022613276
58.5991   38.7098   0.8323000600744898
60.0203   38.7175   0.8337798930173355
60.7254   39.9509   0.8345163569397562
62.1465   39.959   0.8350695180642151
62.8512   41.1926   0.8376840335114445
64.2722   41.2011   0.8366931695669572
64.9765   42.4352   0.8403662713364924
66.3975   42.4441   0.837030501236365
67.1013   43.6785   0.8408332355467398
68.5222   43.6878   0.8346348063674313
69.2255   44.9226   0.837455300299665
70.6463   44.9324   0.8278854691320516
71.3491   46.1676   0.8288113959158636
72.7697   46.1777   0.8153632932625812
73.472   47.4134   0.8134837060445628
74.8925   47.4239   0.795561820350878
75.5942   48.6599   0.7900701867555834
55.7517   38.6937   0.8242371746044957
56.4578   39.9263   0.8224459131152656
57.8791   39.9346   0.8280948556777773
58.585   41.1675   0.829125533318086
60.0062   41.1762   0.8337476236847697
60.7117   42.4093   0.837271485242391
62.1328   42.4184   0.8403515930847035
62.838   43.6519   0.8453554222928951
64.259   43.6614   0.8461803294806615
64.9637   44.8953   0.8516389140944651
66.3846   44.9052   0.8494925308676958
67.0888   46.1396   0.8541818658810334
68.5097   46.1498   0.8483704910002481
69.2134   47.3846   0.8514770813122312
70.6341   47.3952   0.8414914378649385
71.3372   48.6304   0.8419898692977257
72.7578   48.6414   0.8275291777333283
73.4604   49.877   0.8246290863169942
74.8809   49.8884   0.8051969945299097
54.3163   41.1418   0.8035156376823049
55.7376   41.1508   0.8138457531989713
56.4442   42.3831   0.8153584917077896
57.8655   42.3925   0.8245663163142192
58.5718   43.6251   0.8286983347394868
59.993   43.6348   0.8364572254455116
60.6989   44.8678   0.8425855505525824
62.12   44.8779   0.848087477799313
62.8255   46.1113   0.8549847367058662
64.2465   46.1218   0.8575193817051607
64.9516   47.3556   0.8639665097675964
66.3725   47.3664   0.8627283118108509
67.077   48.6006   0.8675960696084333
68.4979   48.6119   0.86208985030564
69.2019   49.8465   0.8643855736880374
70.6226   49.8581   0.8542862634971979
71.326   51.0932   0.8533834659752908
72.7466   51.1051   0.8383221993959138
73.4494   52.3407   0.8337061832564268
53.5959   42.366   0.7901184594730085
54.3032   43.5979   0.7920142801742899
55.7245   43.6078   0.8063028835369508
56.4315   44.84   0.8110476311536841
57.8527   44.8503   0.8237857974012419
58.5594   46.0828   0.8307473803750438
59.9806   46.0935   0.8414362661544832
60.6868   47.3263   0.8494713002803553
62.108   47.3374   0.8571963835667984
62.8138   48.5706   0.8649971445039568
64.2348   48.5821   0.8690395042804459
64.9402   49.8158   0.8752883696245501
66.3611   49.8276   0.8749530330252006
67.0659   51.0618   0.8787207975233081
68.4867   51.0739   0.8737089275038911
69.191   52.3085   0.8742971863159579
70.6117   52.321   0.8643122641730803
71.3153   53.5561   0.8614066287183995
72.7358   53.5689   0.8460339059399457
52.1618   44.8116   0.7578759595078882
53.5832   44.8223   0.7777659930853245
54.2909   46.054   0.7829124663715606
55.7121   46.0649   0.8011428649123701
56.4195   47.2969   0.8087262763135633
57.8407   47.3081   0.8248975875828454
58.5477   48.5405   0.8336928511148464
59.9689   48.5521   0.8470909750434147
60.6754   49.7849   0.855857196032142
62.0965   49.7968   0.8655834852860805
62.8027   51.03   0.872910957658341
64.2237   51.0424   0.8783571995492478
64.9293   52.276   0.8831154681014258
66.3502   52.2888   0.8837828862339422
67.0552   53.5229   0.8853606270893235
68.476   53.536   0.8810531198514654
69.1804   54.7705   0.8791440951288919
70.6011   54.7839   0.8695698074335383
71.3049   56.019   0.8639701499473248
52.1499   47.2669   0.7431888319935934
53.5712   47.2785   0.7673182455800214
54.2792   48.51   0.7751309824797373
55.7005   48.5218   0.7972946820341898
56.4082   49.7537   0.8064379765363249
57.8293   49.7659   0.8259168299532367
58.5366   50.9982   0.8350523097387375
59.9577   51.0107   0.8509545405014324
60.6646   52.2434   0.8587724320214289
62.0856   52.2563   0.8703805432108426
62.792   53.4894   0.8756493933076195
64.213   53.5027   0.8825842566010329
64.9188   54.7363   0.8846843335337184
66.3397   54.7499   0.8865526662302682
67.0449   55.984   0.8851648490535545
68.4656   55.998   0.8819503954304916
51.4299   48.491   0.7212959656063516
52.1386   49.7221   0.7290672191231748
53.5598   49.7345   0.757407215439622
54.2682   50.966   0.7665231829501304
55.6893   50.9787   0.7922769780827914
56.3973   52.2105   0.8014986088571843
57.8184   52.2236   0.8237727902765405
58.526   53.4558   0.831679830223146
59.947   53.4692   0.849862353560858
60.6541   54.7018   0.8551305222011436
62.0751   54.7156   0.8687364905424433
62.7817   55.9487   0.8707566422370855
64.2026   55.9629   0.8793810891757898
49.9976   50.9329   0.6699253839048046
51.4188   50.9461   0.7044466977706697
52.1278   52.1771   0.7132603031152092
53.5489   52.1905   0.7453733896511198
54.2575   53.4218   0.7543082857824137
55.6786   53.4354   0.7831398597951701
56.3868   54.6671   0.7906620580247932
57.8079   54.6811   0.8156098086707871
58.5156   55.9132   0.8206024372374248
59.9367   55.9276   0.8409697794808085
49.2773   52.1564   0.6383213924035441
49.9869   53.3869   0.6466473150025441
51.408   53.401   0.6849266092071464
52.1172   54.6319   0.6931940060329432
53.5383   54.6462   0.7284714407579745
54.2471   55.8774   0.7355573940896796
55.6682   55.892   0.7670275418783865
47.8455   54.5953   0.5672537615565035
49.2666   54.6102   0.6110683513323186
49.9764   55.8406   0.6188300816864034
51.3975   55.8557   0.6600242874319098
47.1245   55.8179   0.524912468893626
84.2257   28.9859   0.634620713497439
85.6458   28.9914   0.618248946622639
86.342   30.23   0.613407311661674
79.9715   28.9661   0.6673764380018223
81.3918   28.9706   0.65832666663291
82.0893   30.2083   0.662652435293193
83.5095   30.2137   0.6497606482390273
84.2065   31.4518   0.6473706280022311
85.6266   31.4582   0.6278484610158739
75.715   28.948   0.6943892712304809
77.1354   28.952   0.6848166688975981
77.8342   30.1888   0.6924681942154471
79.2545   30.1935   0.683257447818903
79.9528   31.4308   0.6874613807334936
81.3731   31.4361   0.6763154071880972
82.0709   32.6738   0.6754940488264864
83.4911   32.68   0.6598890967427777
84.1883   33.9182   0.6524512318940034
71.4562   28.9308   0.7297342598508049
72.8767   28.9344   0.7168234719929317
73.5768   30.1706   0.7231514433367334
74.9972   30.1748   0.712146543907923
75.6968   31.4113   0.717654408472491
77.1172   31.4161   0.7076290412355908
77.8162   32.653   0.7111014203332744
79.2366   32.6584   0.7004401330592088
79.9351   33.8957   0.7002784803205107
81.3554   33.9019   0.6868543732116731
82.0534   35.1396   0.6814695517776285
83.4736   35.1466   0.662992571602428
67.1951   28.9138   0.772520271578681
68.6157   28.9174   0.7577638550366453
69.3169   30.1528   0.7608152009522406
70.7375   30.1569   0.7476929984960423
71.4383   31.3927   0.7513476092994511
72.8588   31.3972   0.7395423517284193
73.5591   32.6333   0.7430945700245695
74.9796   32.6383   0.7321774511687742
75.6794   33.8749   0.7344985296105094
77.0998   33.8805   0.7236450787506282
77.7991   35.1174   0.7235444561324494
79.2195   35.1237   0.7110343029699774
79.9183   36.361   0.7072027856279973
81.3386   36.368   0.6912339835395812
82.0368   37.6057   0.6820751131656969
62.9315   28.8967   0.8157590207898423
64.3523   28.9004   0.8016000124750485
65.0546   30.1352   0.8006120158978391
66.4753   30.1393   0.7874919428159248
67.1772   31.3743   0.7880435647856011
68.5979   31.3788   0.7757518675452861
69.2994   32.6141   0.777326945371122
70.7201   32.6191   0.7657448465383218
71.4211   33.8548   0.7676235079777083
72.8417   33.8602   0.756535187549132
73.5423   35.0963   0.7579039385040829
74.9628   35.1022   0.7467881426482337
75.6629   36.3387   0.7466402681345274
77.0834   36.3452   0.7343721468029694
77.7829   37.5821   0.7315927897403044
79.2033   37.5892   0.7169656198172967
79.9024   38.8265   0.7101623265141586
81.3226   38.8343   0.6912624031436992
60.7897   30.1173   0.8369536068385139
62.2106   30.1215   0.8253788281752814
62.9136   31.3559   0.8222649572978291
64.3344   31.3604   0.8113186673558064
65.0371   32.5951   0.8100600780189089
66.4579   32.6   0.7996326844245426
67.1602   33.835   0.7997161308864541
68.581   33.8403   0.7893954205593036
69.2828   35.0756   0.790199943052391
70.7035   35.0814   0.7797665612220125
71.4049   36.3171   0.7805769340686414
72.8255   36.3234   0.7697162788976223
73.5264   37.5595   0.7696130326339351
74.9469   37.5663   0.7577079978461377
75.6473   38.8027   0.7558883184703934
77.0678   38.8101   0.742026225951618
77.7677   40.0469   0.7371794964593098
79.188   40.0549   0.7199471786179868
79.8874   41.2921   0.710879462356313
60.0685   31.3417   0.8416824163542941
60.7721   32.5757   0.8369353977458461
62.1931   32.5808   0.8286935742480448
62.8966   33.815   0.8261176247968554
64.3175   33.8205   0.8180866518896389
65.0206   35.055   0.8171685811385576
66.4414   35.0609   0.8090342019964296
67.1441   36.2957   0.8092578946170368
68.5649   36.302   0.8005089006375868
69.2671   37.5372   0.8012538673853636
70.6878   37.544   0.7914711176031627
71.3896   38.7796   0.791927591386989
72.8102   38.7868   0.7808013383697548
73.5114   40.0228   0.7800410758415214
74.932   40.0306   0.766960266245914
75.6327   41.2669   0.7640811736981894
77.0532   41.2752   0.7481352952507995
77.7534   42.5119   0.7418317464223289
79.1737   42.5207   0.7217148536645202
31.2289   82.2489   0.5659264439836672
31.9416   83.478   0.5618945986570764
33.3607   83.4654   0.5167723483314471
31.9229   81.0089   0.5272651040984968
33.3418   80.9958   0.4787632086950714
34.0539   82.2251   0.4773228362439812
35.4728   82.2111   0.42945904344884933
36.1854   83.44   0.4305219622736973
37.6042   83.4251   0.38399285149596335
33.3242   78.5258   0.4370161667490103
34.0354   79.7555   0.436353297225994
35.4541   79.741   0.3855236828004218
36.1656   80.9704   0.38695897715390937
37.5843   80.9549   0.3378608145375854
38.2963   82.1841   0.3418967095483634
39.7149   82.1675   0.29543393508532617
40.4275   83.3962   0.3018016235874077
41.8461   83.3786   0.2589062378545596
34.0179   77.2856   0.39168897099612293
35.4365   77.2705   0.33862660852330806
36.1471   78.5003   0.34098617274018633
37.5657   78.4844   0.2903359605698144
38.2767   79.714   0.2952202059480343
39.6952   79.697   0.24885043700986081
40.4067   80.9263   0.25634232970775517
41.8252   80.9083   0.21692155264057328
42.5374   82.1371   0.22616650945708597
43.9558   82.1181   0.19739108389184648
44.6688   83.3463   0.2070473617315599
46.0872   83.3263   0.19339431222245868
35.4199   74.7997   0.28834784549220976
36.1298   76.0299   0.2924290170280621
37.5482   76.0135   0.2414433473922968
38.2584   77.2435   0.24798290263644673
39.6767   77.2262   0.20408806922503175
40.3873   78.4558   0.21326785974449267
41.8057   78.4377   0.18144966244112828
42.5169   79.6669   0.19249883116528635
43.9353   79.6478   0.1775808548239426
44.6472   80.8766   0.18876999231869512
46.0656   80.8565   0.19292003524776205
46.7784   82.0846   0.20254875956174234
36.1134   73.5592   0.2411484397627317
37.5317   73.5424   0.19178907685267116
38.2412   74.7727   0.20076389117567936
39.6595   74.7551   0.16327051172823676
40.3693   75.9851   0.17515701527486768
41.7876   75.9668   0.15715323731950798
42.498   77.1964   0.16993281025158177
43.9163   77.1772   0.17396246721635092
44.6274   78.4064   0.18546107408294452
37.5161   71.0712   0.14430415794425344
38.2251   72.3017   0.15631180377694015
39.6432   72.284   0.13341431707279527
40.3525   73.5142   0.14738446322458992
41.7708   73.4958   0.15114238320206905
42.4805   74.7257   0.1639297715486742
38.2097   69.8306   0.12222487471869371
39.6279   69.8127   0.12565130321648368
40.3367   71.0432   0.13927311298308223
39.2243   69.2058   0.15607136188295573
38.4993   70.4249   0.2016690605918537
39.2104   71.654   0.20890555282232454
40.6318   71.6732   0.16741878628159065
41.3425   72.9025   0.17782221458524217
37.0636   72.8547   0.30925563859047367
38.485   72.8729   0.25874338638890987
39.1955   74.1023   0.26372580457740913
40.6169   74.1213   0.21785554847191343
41.327   75.3509   0.2254956097133569
42.7484   75.3707   0.18820090329219918
43.458   76.6007   0.19831792657245742
36.338   74.0738   0.3632702712857162
37.0481   75.3034   0.36431366979568774
38.4696   75.3211   0.314409828090661
39.1794   76.5509   0.31750680307671936
40.6008   76.5695   0.2705042328689135
41.3103   77.7995   0.27614101470082447
42.7316   77.8191   0.2339842088688869
43.4405   79.0494   0.2420354726068046
44.8617   79.0699   0.20730455856058597
45.5699   80.3008   0.2167120439661842
34.9006   76.5063   0.4660312650455977
36.3221   76.5225   0.4164738287095608
37.0315   77.7525   0.4161512825884345
38.453   77.7696   0.3677765082220456
39.162   78.9998   0.3697237211756925
40.5835   79.0179   0.3233310377925418
41.292   80.2484   0.32773367236217904
42.7134   80.2676   0.28400107394162755
43.4214   81.4984   0.2907073786473251
44.8426   81.5187   0.2504573616406584
45.5497   82.75   0.258330427940651
46.9707   82.7714   0.22392150410355893
47.6768   84.0034   0.23193415013748825
34.1746   77.7258   0.516443201136386
34.8835   78.9561   0.5133883228122714
36.305   78.9716   0.46623085483481375
37.0135   80.202   0.46524502146718283
38.4351   80.2184   0.419134131275418
39.1432   81.4491   0.4207554158890897
40.5647   81.4666   0.3759432137969775
41.2723   82.6976   0.38013792233872357
42.6936   82.7163   0.3364308249848685
43.4005   83.9477   0.3425156784732636
44.8217   83.9676   0.29999269991118027
32.7354   80.1619   0.605632116057263
34.157   80.1756   0.5608350024739885
34.865   81.4064   0.5572360541099257
36.2865   81.421   0.5130174558433622
36.9941   82.652   0.5120716649063878
38.4157   82.6676   0.4690096054453471
39.1228   83.8988   0.4709847343598327
40.5443   83.9157   0.4285341643323187
32.0091   81.3818   0.6494620004280465
32.7164   82.613   0.6432316223569857
34.138   82.6258   0.6018405187422995
34.845   83.8571   0.5982232777149348
36.2666   83.8709   0.5577683569368183
30.568   83.8218   0.7219561759553015
31.9896   83.8329   0.6838998026026932
48.1968   82.0636   0.22394698033239538
48.9107   83.2911   0.23194167370268384
50.3291   83.2691   0.2664006569060983
51.0442   84.4958   0.2733885330440949
52.4627   84.473   0.31693314752483603
46.0457   78.3864   0.2073160630534956
46.7576   79.6151   0.21669402391390655
48.176   79.5942   0.25048842288617007
48.8888   80.8223   0.2583064459126004
50.3073   80.8006   0.2999542298418264
51.0212   82.028   0.30707403016210905
52.4398   82.0055   0.35370335028099525
53.155   83.2321   0.36055848346696767
54.5737   83.2089   0.4099723893142089
43.8988   74.7066   0.1881679303175765
44.6091   75.9361   0.19833567505620367
46.0275   75.9162   0.2340223066290895
46.7386   77.1453   0.24191281487346433
48.1571   77.1247   0.28401552774452615
48.869   78.3533   0.2906724273129517
50.2876   78.332   0.3364849179383837
51.0006   79.5598   0.34251950309435014
52.4193   79.5379   0.39054723145862996
53.1335   80.765   0.39673967535400484
54.5523   80.7424   0.44554193966449784
55.2678   81.9687   0.45174689816311875
41.7549   71.0248   0.16740788511895072
42.4642   72.255   0.1778694465050177
43.8825   72.236   0.21790511696607917
44.5923   73.4658   0.2254962083938476
46.0108   73.4462   0.27051384437769627
46.7213   74.6755   0.27604150050309395
48.1398   74.6553   0.3233176765968715
48.8512   75.8842   0.3277445956838982
50.2699   75.8634   0.37590928426949066
50.9821   77.0917   0.3801511804532517
52.401   77.0702   0.42852054793206695
53.1143   78.2979   0.4329940415294447
54.5333   78.2759   0.48082442741607917
55.2478   79.5028   0.48570206917409725
56.6671   79.4802   0.5318379170386431
39.6134   67.3416   0.14597653921093293
40.3218   68.5722   0.1561260388276041
41.7401   68.5539   0.2017113283878735
42.449   69.7842   0.2089761230380176
43.8673   69.7655   0.258763637321787
44.5767   70.9955   0.26370523316764155
45.9952   70.9762   0.3144138355734384
46.7053   72.2058   0.31751524372854645
48.124   72.1861   0.3677525526763891
48.8349   73.4152   0.36969779550330345
50.2537   73.395   0.41910104986745367
50.9654   74.6236   0.4207616902713437
52.3844   74.6028   0.4690024413582511
53.0971   75.8308   0.4709937791521236
54.5163   75.8095   0.5176887385292454
55.2301   77.0368   0.5202028642750842
56.6495   77.0149   0.5647974681246369
57.3645   78.2415   0.5674905021231665
40.3077   66.1012   0.19194103261158513
41.726   66.0831   0.24648939125244818
42.4347   67.3136   0.25129838837525476
43.853   67.2952   0.30639148160482643
44.5622   68.5253   0.3092753789101237
45.9808   68.5066   0.3632774972386825
46.6906   69.7363   0.36430499584825715
48.1094   69.7171   0.41643301982432024
48.8199   70.9465   0.4161624923031891
50.2389   70.9269   0.4662231868965808
50.9502   72.1557   0.46527172705849923
52.3694   72.1356   0.5131301686706815
53.0817   73.3639   0.5120668413400759
54.501   73.3433   0.5578123788515311
55.2142   74.5709   0.5572793016073719
56.6338   74.5498   0.6003932544591124
57.3481   75.7768   0.6002244413550671
58.7679   75.7551   0.6398761130093857
41.7127   63.6125   0.29565813027887544
42.4212   64.8431   0.2990714964686574
43.8396   64.8251   0.3567697296576623
44.5487   66.0554   0.35869889879953987
45.9673   66.0371   0.41446174733019775
46.6769   67.267   0.4145702956073919
48.0958   67.2485   0.4678142473247284
48.8061   68.478   0.4660361466667599
50.2252   68.459   0.5164494747794804
50.9363   69.688   0.5133662337941598
52.3556   69.6687   0.5608601073351539
53.0675   70.8972   0.5572436989325225
54.4871   70.8773   0.6019415669315449
55.1999   72.1053   0.5982341849142385
56.6196   72.0849   0.6400022578085219
57.3334   73.3122   0.6366951546855084
58.7534   73.2913   0.674918320984104
59.4683   74.518   0.6715001787043696
42.4084   62.3726   0.3483195372068597
43.8269   62.3552   0.40685687901275525
44.5359   63.5856   0.40876101820012256
45.9546   63.5679   0.465314635488723
46.6641   64.7979   0.465505456466408
48.0831   64.78   0.5192887828559373
48.7933   66.0097   0.5173252265258274
50.2125   65.9915   0.5679777284366023
50.9234   67.2206   0.56386243003059
52.3428   67.202   0.6111426101983085
53.0546   68.4307   0.6056375648851419
54.4742   68.4117   0.6494680900552369
55.1868   69.6398   0.6432255436470204
56.6066   69.6202   0.6839108860078188
57.3201   70.8478   0.6775053431523631
58.7402   70.8277   0.7145214132550551
59.4546   72.0547   0.7079650344473254
60.8749   72.034   0.740686067102657
43.8147   59.8854   0.4545830837151769
44.5237   61.1159   0.4570891160375643
45.9425   61.0989   0.5134388960723586
46.652   62.329   0.5146572548794018
48.0711   62.3118   0.5684366895266368
48.7812   63.5416   0.5674326832321176
50.2005   63.5241   0.6179783653171051
50.9114   64.7534   0.614373851982651
52.3309   64.7356   0.6613132389420343
53.0425   65.9644   0.655444681113517
54.4623   65.9462   0.6985582652864403
55.1747   67.1745   0.6910689980023721
56.5947   67.1558   0.7304811291197051
57.3079   68.3836   0.7220298747281864
58.7281   68.3642   0.7577395924722455
59.4422   69.5915   0.7486216734773317
60.8626   69.5716   0.7801739100995383
61.5777   70.7982   0.7704279200548232
44.512   58.6463   0.5021681192588815
45.9309   58.63   0.5574257439336651
46.6405   59.8602   0.5599038578184671
48.0597   59.8437   0.6129379169214465
48.7698   61.0735   0.6136694061137503
50.1892   61.0568   0.6636402187932867
50.9   62.2863   0.6619515843322707
52.3196   62.2693   0.7082920725237598
53.0311   63.4983   0.7037780473984672
54.451   63.4808   0.7460516201979618
55.1633   64.7094   0.738992861941172
56.5834   64.6914   0.7772393067775215
57.2965   65.9194   0.7681793150039911
58.7168   65.9009   0.8024252488549952
59.4307   67.1284   0.7919596328096542
60.8512   67.1093   0.8221835865547305
61.566   68.3362   0.8105908153933172
62.9867   68.3166   0.8361432054379215
46.6293   57.3914   0.6002581611273621
48.0486   57.3757   0.6516905707465797
48.7588   58.6056   0.6544558503061948
50.1783   58.5897   0.7032131540294184
50.8891   59.8193   0.7040215976800716
52.3089   59.803   0.7493015280913288
53.0204   61.0322   0.7473015656346523
54.4404   61.0155   0.788637419857821
55.1526   62.2442   0.7835352321370134
56.5728   62.2271   0.8206355768549187
57.2857   63.4553   0.8127060292627344
58.7062   63.4376   0.8454585619650442
59.4199   64.6653   0.8352540392000506
60.8405   64.647   0.8637963764684391
61.5551   65.8741   0.8518059755601641
62.9758   65.8553   0.8757652710629737
63.6913   67.0819   0.8621654481594607
65.1122   67.0626   0.8809471266767392
50.8786   57.3522   0.7388869602314042
52.2985   57.3368   0.7825636140276395
53.01   58.566   0.7836364463193385
54.4301   58.5502   0.8235728322376855
55.1422   59.779   0.8216677187282005
56.5625   59.7627   0.8573501618358749
57.2754   60.991   0.8521342675893296
58.696   60.9742   0.883269324724914
59.4096   62.202   0.8751185862498867
60.8303   62.1846   0.9016489449891252
61.5447   63.412   0.8908506608854271
62.9656   63.394   0.9128469860825545
63.6808   64.6208   0.8998930047511234
65.1019   64.6023   0.9169878952309037
65.8179   65.8285   0.9017586816881777
55.1321   57.3137   0.8512741274113761
56.5525   57.2982   0.8851876241791928
57.2654   58.5267   0.8836338042424605
58.686   58.5107   0.9129133310451769
59.3996   59.7387   0.9080481595157831
60.8204   59.7221   0.9326942210606879
61.5348   60.9496   0.9244864953042883
62.9557   60.9325   0.9443321078942529
63.6708   62.1595   0.9333895489022801
65.0919   62.1418   0.9484056990549997
65.8078   63.3683   0.9347204180930285
67.229   63.3502   0.9446503268405722
59.3898   57.2752   0.9318532985400655
60.8106   57.2594   0.9545055735824703
61.525   58.4871   0.9499317291258386
62.946   58.4708   0.967755015486874
63.661   59.698   0.959858458315602
65.0822   59.6812   0.9726620944603521
65.798   60.9079   0.9616335944630874
67.2193   60.8906   0.9694355367944812
67.9358   62.1167   0.9553662386749929
63.6513   57.2363   0.9774540500708976
65.0725   57.2203   0.988243375894828
65.7882   58.4472   0.9805817660960269
67.2096   58.4307   0.9862429619520762
67.926   59.6571   0.9752602575723062
69.3474   59.6402   0.9756331482683466
67.9162   57.1972   0.9868401187629143
69.3377   57.1812   0.9855545139666314
70.0548   58.4072   0.9743319916742966
69.1701   57.2325   0.876967120250242
70.5908   57.2468   0.8685054058553698
64.9085   57.1965   0.87783406746378
66.3294   57.211   0.8814830684704065
67.0346   58.4451   0.8765478937285736
68.4554   58.4599   0.8750466330430626
69.1599   59.6945   0.8667053074719233
60.6439   57.1602   0.84262402647919
62.0649   57.1749   0.8581045682199827
62.7715   58.4079   0.8562981373330215
64.1924   58.423   0.8668991406155637
64.8984   59.6566   0.8617253100611598
66.3192   59.672   0.8674558778404786
67.0244   60.9061   0.8590940518942033
68.4451   60.9217   0.8595553908853101
56.3766   57.1236   0.7715076538829672
57.7976   57.1385   0.7986882307884609
58.5055   58.3705   0.7999245214393669
59.9265   58.3858   0.8223273435804023
60.6338   59.6183   0.8200128901425874
62.0547   59.6339   0.8376298585891027
62.7614   60.867   0.8321533632690572
64.1822   60.8829   0.8449944023483235
64.8881   62.1165   0.8366145229435117
66.3089   62.1327   0.8445113794378382
67.014   63.3669   0.8333227285991923
52.1069   57.0864   0.666506669133925
53.5279   57.1016   0.7042770690573416
54.2369   58.3328   0.7082611524007225
55.658   58.3482   0.741948738121442
56.3665   59.5798   0.7427252856877857
57.7874   59.5955   0.771782793278005
58.4954   60.8276   0.7692270016061564
59.9163   60.8437   0.7936092615386986
60.6236   62.0762   0.787978242085404
62.0445   62.0927   0.8078119892648299
62.7511   63.3258   0.7995760501665855
64.1718   63.3426   0.8146263253786972
64.8776   64.5763   0.8039735940937358
66.2982   64.5933   0.8139782613804847
47.8349   57.0479   0.5320843166266029
49.256   57.0637   0.5786329924917869
49.966   58.294   0.5846130429608977
51.387   58.3099   0.6280257160339874
52.0967   59.5406   0.6317244810833281
53.5176   59.5567   0.671315209123106
54.2268   60.7878   0.6719913689921905
55.6477   60.8041   0.7072922309767028
56.3563   62.0356   0.7047197599046017
57.7772   62.0523   0.7354452664882669
58.4852   63.2843   0.7301096424510516
59.906   63.3013   0.7564488680671015
60.6132   64.5339   0.7487174166533066
62.034   64.5512   0.7705852710764699
62.7404   65.7844   0.7609214545536224
64.161   65.802   0.778039677651468
64.8665   67.0358   0.7662969789839944
45.6928   58.2535   0.43475667907463084
47.1138   58.2702   0.4856134779842904
47.8244   59.5   0.4914600695885684
49.2454   59.5167   0.5396723728337413
49.9556   60.7469   0.5434067537305739
51.3766   60.7637   0.5882350295587662
52.0863   61.9944   0.5892116512765175
53.5073   62.0113   0.6299582049628367
54.2164   63.2424   0.6278721127745678
55.6373   63.2596   0.6644267679737195
56.3459   64.4911   0.6596853416591878
57.7667   64.5086   0.6920564355599915
58.4745   65.7407   0.6852744048919389
59.8953   65.7586   0.7133998037566325
60.6023   66.9913   0.7051531039426828
62.023   67.0094   0.7289302435761623
62.729   68.2428   0.7192846793864031
64.1496   68.2612   0.7380271065482648
44.9709   59.475   0.3831077394154298
45.682   60.7044   0.3891496113321974
47.1031   60.7219   0.44104091646920895
47.8138   61.9517   0.4452061994177545
49.2348   61.9693   0.4943152941190482
49.945   63.1994   0.49601108858572956
51.366   63.2171   0.5414546518407619
52.0757   64.4477   0.5404643188962602
53.4966   64.4655   0.5820684667631453
54.2057   65.6966   0.5785417271035861
55.6266   65.7147   0.6162118953736607
56.3349   66.9463   0.6109947626616758
57.7557   66.9647   0.644717930571192
58.4633   68.1969   0.638311483525088
59.884   68.2156   0.6681010776821116
60.5905   69.4485   0.6608772957213775
62.0112   69.4675   0.6861969615205253
62.7167   70.7011   0.6775950634412865
43.5387   61.9073   0.28087847906167546
44.9598   61.9255   0.3346437359342028
45.671   63.1549   0.3399112972526799
47.092   63.1732   0.3917218528496983
47.8028   64.403   0.3947713515441561
49.2238   64.4213   0.4438019603381681
49.934   65.6515   0.4443284483352381
51.3549   65.67   0.4900124386176357
52.0645   66.9006   0.4883581267881175
53.4854   66.9193   0.5304721858872519
54.1943   68.1505   0.5273582179126447
55.6151   68.1694   0.5658947163563197
56.3232   69.4012   0.56187255672439
57.7439   69.4204   0.5969564305709434
58.451   70.6529   0.5923198882360794
59.8717   70.6724   0.6235797703582106
60.5777   71.9056   0.6183276235136204
61.9983   71.9254   0.6447880426931015
42.8158   63.1277   0.22486273590793385
43.5273   64.3567   0.23225679753238687
44.9484   64.3756   0.28409880323577513
45.6595   65.605   0.2892704789638929
47.0806   65.624   0.3397909651535789
47.7912   66.8538   0.3426645735993175
49.2122   66.8729   0.3908852005384697
49.9223   68.1031   0.39166202266750294
51.3432   68.1225   0.43700972529224424
52.0526   69.3532   0.43633978732175965
53.4735   69.3728   0.4787550730801709
54.182   70.6041   0.47726937886271625
55.6028   70.6239   0.5167653819674852
56.3104   71.8559   0.5150874974215568
57.731   71.876   0.5513850288138044
58.4376   73.1087   0.5494678971514185
59.8581   73.129   0.5818051048246297
60.5635   74.3626   0.5791945959692655
41.3827   65.5574   0.1363661248257808
42.8039   65.5767   0.17883235165931147
43.5153   66.8058   0.18798069049772273
44.9364   66.8253   0.2346192021127021
45.6474   68.0547   0.24112969539233092
47.0685   68.0744   0.2883539838462453
47.7789   69.3042   0.29241282461615986
49.1999   69.3241   0.33862483665555193
49.9097   70.5545   0.3409698080475778
51.3306   70.5746   0.38550712055680453
52.0396   71.8055   0.386932267974642
53.4604   71.8259   0.42942541843724175
54.1685   73.0574   0.43054358664367537
55.5892   73.0781   0.47083904893285816
56.2962   74.3104   0.4718302766885569
57.7168   74.3313   0.5092854111399597
58.4226   75.5644   0.5100408415019339
59.8431   75.5855   0.543608554016584
40.6586   66.777   0.10740302602813527
41.3702   68.0059   0.12214958043316898
42.7914   68.0255   0.144259107164855
43.5026   69.2547   0.15630159947998315
44.9237   69.2746   0.19177189575117554
45.6344   70.5042   0.2007282242237019
47.0555   70.5244   0.24142912003318864
47.7656   71.7544   0.2479688690138337
49.1866   71.775   0.2903586403053973
49.896   73.0055   0.2952142611731357
51.3169   73.0264   0.33790898182794776
52.0253   74.2575   0.3418826406824411
53.4461   74.2787   0.383983254843233
54.1535   75.5106   0.38774862991376435
55.5741   75.5321   0.428521609723476
56.2804   76.7647   0.43204022960830674
57.7009   76.7864   0.4705467776959071
58.4059   78.0199   0.47341438507928973
40.6456   69.2251   0.12567195391176597
41.3568   70.4542   0.13918279347677856
42.7781   70.474   0.13335835181944922
43.4889   71.7034   0.14732124761893967
44.9101   71.7236   0.16336137854462565
45.6203   72.9534   0.17501442797666678
47.0415   72.9741   0.20409350798101872
47.7511   74.2044   0.21332974476148048
49.1721   74.2255   0.248892647541065
49.8808   75.4563   0.2563335717380794
51.3017   75.4779   0.2954673078362454
52.0095   76.7094   0.30182276256107576
53.4302   76.7313   0.3424954598239233
54.1368   77.9635   0.34821879616126455
55.5573   77.9858   0.389112978452274
56.2627   79.2189   0.3941594220616865
57.6831   79.2414   0.4336514383695771
42.7638   72.9224   0.15115984916637049
43.4741   74.152   0.16396710035857587
44.8953   74.1725   0.15708475419339546
45.605   75.4025   0.16991162408733926
47.0261   75.4236   0.18136314399569073
47.7351   76.6542   0.19246059336913784
49.1561   76.6758   0.21696794694147817
49.8641   77.907   0.2262032935215595
51.2849   77.9291   0.25885528775746464
51.9919   79.161   0.26668996981514304
53.4125   79.1836   0.30430711460627996
54.1181   80.4163   0.3110043086518231
55.5386   80.4393   0.3510831667853085
56.2428   81.6729   0.3565970555122425
44.8793   76.6212   0.17402246981352693
45.5883   77.8516   0.1855513136574339
47.0094   77.8729   0.177635750906176
47.7175   79.1039   0.18867501159401406
49.1385   79.1259   0.19739597260328953
49.8456   80.3575   0.2069903862501807
51.2663   80.3801   0.2292462431535161
51.9722   81.6125   0.23714670564863333
53.3927   81.6357   0.26894181526865385
54.0972   82.869   0.2754400842288556
55.5175   82.8925   0.31286936571035295
46.9909   80.3222   0.19285823809213218
47.6982   81.5536   0.20259775418300682
49.119   81.5758   0.19329886186938244
49.8251   82.808   0.20203955058353998
51.2457   82.831   0.20894331767252036
51.9504   84.064   0.21602400329593197
53.3708   84.0876   0.23747273527713122
49.0976   84.0257   0.20682642481076127
27.7355   88.4463   0.7192800080636155
29.155   88.437   0.6861920285167972
29.8706   89.6648   0.6776124703693085
31.2901   89.6548   0.644776085164452
32.0062   90.8822   0.6382543693544094
33.4257   90.8713   0.6065030008169789
34.1426   92.0983   0.6022196443159217
35.562   92.0863   0.5716696248708668
36.2798   93.3127   0.5694348162871693
37.6993   93.2996   0.5394238222399887
38.4181   94.5253   0.5388085003041391
39.8375   94.5108   0.5080266725281241
40.5576   95.7357   0.5085228215134494
41.977   95.7196   0.4754884015409828
42.6984   96.9436   0.4763284895951554
44.1178   96.9259   0.43977167939738493
44.8407   98.1488   0.44041999273420795
46.26   98.1294   0.3993773278492431
29.1345   85.9688   0.6680741725287689
29.8489   87.1972   0.6609025192870706
31.2683   87.1866   0.6235574552517188
31.9832   88.4147   0.6183619975386562
33.4025   88.4032   0.5818091353700088
34.1181   89.6309   0.5792133372083186
35.5374   89.6184   0.5436339025483969
36.2538   90.8456   0.5433903753288238
37.6731   90.832   0.5082534800667866
38.3903   92.0585   0.5098056884735521
39.8097   92.0437   0.4740538155104339
40.528   93.2695   0.47656296540960275
41.9473   93.2532   0.43890748455682677
42.6669   94.4781   0.4415876243736871
44.0861   94.4602   0.40088823878981544
44.8072   95.6842   0.4028919954528753
46.2262   95.6648   0.35878021127146703
46.9489   96.8877   0.35952365707974765
29.8286   84.7291   0.6383102302172505
31.2479   84.7179   0.5969422920182477
31.9617   85.9466   0.5923527665167116
33.3809   85.9346   0.5514261147243557
34.0952   87.1628   0.5494512899247773
35.5144   87.1499   0.5093010406429572
36.2294   88.3777   0.5100283227429647
37.6485   88.3637   0.4705813638468886
38.3643   89.591   0.4734342826623328
39.7835   89.5757   0.43364978957679373
40.5002   90.8023   0.4377532866809803
41.9193   90.7857   0.39671211224262154
42.6372   92.0116   0.4009241698875239
44.0562   91.9935   0.35782796145634094
44.7755   93.2185   0.3613526255612379
46.1944   93.199   0.3162280664330707
46.9151   94.423   0.31830843532648984
48.3338   94.4019   0.2724669888261703
34.0738   84.6942   0.5150960395887365
35.4929   84.6807   0.4708348117970854
36.2066   85.9092   0.4718553803868315
37.6256   85.8947   0.428531410750713
38.34   87.1226   0.4320342810472337
39.759   87.107   0.38914549978125035
40.4742   88.3344   0.3941733882443123
41.8932   88.3175   0.3510673297246529
42.6094   89.5442   0.3566283359465447
44.0283   89.5259   0.31293451391624183
44.7457   90.7518   0.31795762296255936
46.1645   90.7321   0.27462183088749276
46.8833   91.9571   0.27821939184751215
48.3019   91.936   0.2381118434685753
49.0223   93.1601   0.23971028346735482
38.3173   84.6536   0.387753594438525
39.7362   84.6376   0.3424798534220711
40.45   85.8656   0.3482060884016773
41.8688   85.8484   0.30433313983199034
42.5835   87.0759   0.3110918996052442
44.0022   87.0573   0.2690029739612528
44.7181   88.2841   0.2754270139256416
46.1366   88.2643   0.23745536422662689
46.8537   89.4902   0.2427540730863175
48.2722   89.4691   0.2134755723730468
48.9907   90.6941   0.2170556840997333
50.4091   90.6718   0.20391120616581881
42.5595   84.6068   0.2667228711603118
43.9781   84.588   0.22925601409777688
44.6924   85.8156   0.2372476343401557
46.1109   85.7956   0.2089984928175272
46.8264   87.0224   0.21605341932031827
48.2448   87.0012   0.20250533326310058
48.9616   88.2272   0.20816563116902503
50.3799   88.2049   0.214460509185256
51.0982   89.43   0.21863398637906337
46.8013   84.5538   0.2020388329010021
48.2196   84.5327   0.20680585098106496
48.9349   85.7595   0.21404130442510677
14.5191   111.911   0.225532481031003
15.2126   110.674   0.28566480357229734
16.6326   110.675   0.2969416440986344
17.3604   111.896   0.24530360780062024
18.7803   111.896   0.25350424059569127
16.5994   108.216   0.40785262044027354
17.326   109.438   0.35596600961327474
18.7459   109.438   0.36260322668172806
19.4734   110.659   0.30929573226929835
20.8932   110.658   0.31423519853765397
21.6215   111.878   0.2626862006272863
23.0414   111.877   0.2698234422729036
17.2933   106.979   0.46480796034491484
18.7132   106.978   0.4699141730146019
19.4393   108.2   0.41854061929518627
20.8592   108.199   0.42116615486052306
21.5861   109.421   0.36889165075941127
23.0059   109.419   0.3718788243500771
23.7337   110.64   0.321821596540689
25.1535   110.638   0.32849021294401093
25.8823   111.858   0.28361200609283316
27.3021   111.855   0.29603442367400506
18.6826   104.518   0.5682085884602605
19.4071   105.741   0.5215728616406324
20.827   105.74   0.5224887845686214
21.5524   106.962   0.4730890930892381
22.9722   106.96   0.47287774318527476
23.6985   108.181   0.4230637895164262
25.1183   108.179   0.4253300835821498
25.8457   109.4   0.37870026406117063
27.2654   109.397   0.38600918382857463
27.9938   110.617   0.344160267898551
29.4135   110.613   0.3575531429032594
30.1428   111.833   0.32328470424688927
31.5625   111.828   0.3424434113835469
19.3771   103.281   0.6129028063241344
20.797   103.279   0.6118364569065807
21.5208   104.502   0.5678349848327398
22.9406   104.499   0.564543293291131
23.6653   105.722   0.518915070122267
25.0851   105.719   0.51673692533048
25.8108   106.941   0.471924072282821
27.2305   106.937   0.4731161590983713
27.9573   108.158   0.4317588331464648
29.377   108.154   0.43934830146479475
30.1049   109.375   0.40334180294137667
31.5246   109.369   0.41685701385486823
32.2535   110.589   0.38761883339177206
33.6731   110.583   0.4070542469990953
34.403   111.802   0.3840201817613273
35.8226   111.794   0.40783626616572183
20.769   100.816   0.6860972234311986
21.4913   102.041   0.6487633312695738
22.9112   102.037   0.6429926593671216
23.6342   103.261   0.6029786480465107
25.054   103.257   0.596735921492915
25.778   104.48   0.5559713841556941
27.1977   104.476   0.5523669070463947
27.9228   105.698   0.5134164975923526
29.3425   105.693   0.514541582381829
30.0687   106.915   0.47969254736758027
31.4884   106.909   0.48663502751035426
32.2157   108.13   0.4576210331704601
33.6354   108.123   0.46991833333037714
34.3638   109.343   0.44672465792700644
35.7835   109.335   0.4639874675031636
36.513   110.555   0.44680229408543154
37.9327   110.544   0.4664725608221722
38.6632   111.763   0.45398045112096985
21.4639   99.5781   0.7142360254145703
22.8837   99.5741   0.7058978183845039
23.6053   100.799   0.6723403007406279
25.0251   100.794   0.66258300612074
25.7474   102.018   0.6273872568039611
27.1672   102.013   0.618862214067073
27.8905   103.237   0.5843599404476629
29.3102   103.231   0.5791470970314874
30.0346   104.454   0.5474405629837802
31.4543   104.447   0.5473885731361221
32.1798   105.669   0.5195330307112297
33.5995   105.662   0.525135839569157
34.3263   106.883   0.5028385426754783
35.746   106.874   0.5123989266187005
36.474   108.095   0.4957362403536763
37.8937   108.084   0.5079885038069272
38.6229   109.304   0.49597154152229456
40.0427   109.291   0.5094174319749929
22.8581   97.11   0.7529605235336031
23.5782   98.3355   0.7257937516953412
24.9981   98.3304   0.7129281801135338
25.7189   99.5555   0.683734663447743
27.1386   99.5497   0.6709898359885917
27.8603   100.774   0.6415440826630693
29.28   100.768   0.6310836473875692
30.0026   101.992   0.6033320976046254
31.4223   101.984   0.596672942238872
32.1461   103.208   0.5720337402636305
33.5658   103.199   0.5698506558739738
34.2908   104.422   0.5498051382080738
35.7105   104.412   0.5513950398761325
36.4368   105.634   0.5359379908161037
37.8565   105.623   0.5404201883719726
38.5841   106.844   0.5292769501877044
40.0039   106.831   0.5343063259966152
40.7327   108.051   0.5268478717808402
23.5529   95.8712   0.7638300923634759
24.9728   95.8655   0.7477207700739603
25.6922   97.0914   0.7244123480449477
27.1119   97.0851   0.7077369638502675
27.832   98.3105   0.6837216246397393
29.2517   98.3035   0.6683769146222793
29.9727   99.5283   0.6452359800879078
31.3924   99.5205   0.6326733201265867
32.1144   100.745   0.6118651812286737
33.5341   100.736   0.6030365328900046
34.2573   101.959   0.5850763112620455
35.677   101.949   0.5796603833280299
36.4015   103.172   0.5661369533955538
37.8212   103.16   0.5623764308717084
38.5471   104.382   0.5525427404282879
39.9669   104.369   0.5495445477847962
40.6941   105.59   0.542893193915711
42.114   105.575   0.5384280917634218
24.949   93.3997   0.7686551632559281
25.6671   94.6263   0.7503717345422849
27.0868   94.6194   0.7298039531271382
27.8056   95.8456   0.7109287235722022
29.2252   95.838   0.6908284953590123
29.9447   97.0637   0.6725699071472023
31.3644   97.0554   0.6545454071338365
32.0848   98.2805   0.6379475291902893
33.5044   98.2711   0.6225740598515179
34.2259   99.4956   0.6084764991353362
35.6456   99.4851   0.5958882026017958
36.3682   100.709   0.5849842732928804
37.788   100.697   0.5738327979472757
38.512   101.92   0.5657746989747766
39.9317   101.906   0.5545825997991662
40.6572   103.128   0.5492957309136858
42.077   103.113   0.5363737968991371
42.8039   104.333   0.5327534514200705
25.6436   92.1605   0.763605729418003
27.0633   92.1529   0.7390633869973497
27.7807   93.3799   0.7244036857995707
29.2004   93.3717   0.6998636581506444
29.9185   94.5982   0.685928021005121
31.3381   94.5893   0.662641871601847
32.0569   95.8153   0.6502617472987303
33.4766   95.8054   0.6290312074929215
34.1964   97.0308   0.6186133283400846
35.616   97.0198   0.5995245282721978
36.337   98.2444   0.591461334323721
37.7566   98.2321   0.5733804670548172
38.4788   99.4559   0.5676376132709998
39.8985   99.4421   0.5493629037348606
40.6221   100.665   0.5455537095465501
42.0418   100.649   0.5248247802838604
42.767   101.871   0.5226314284464718
44.1867   101.854   0.4986828651557998
27.0412   89.6858   0.7380286241061378
27.7574   90.9134   0.7263737398887709
29.177   90.9046   0.6974443705414757
29.8938   92.1319   0.6868055110437015
31.3133   92.1224   0.6586734775288856
32.0308   93.3491   0.649679105405124
33.4503   93.3387   0.6230481682823561
34.1686   94.5649   0.6161073770050134
35.5882   94.5535   0.5909435675256951
36.3075   95.779   0.5860625649194787
37.7271   95.7663   0.5616484754719796
38.4475   96.9911   0.5585215304712988
39.8671   96.9769   0.5335682430579953
40.5889   98.2008   0.5317868181893951
42.0085   98.185   0.5045836501512946
42.7318   99.408   0.5037353670331258
44.1513   99.3904   0.4726724976133063
44.8762   100.612   0.47191810730252626
26.2253   91.1534   0.8651346600385383
27.6468   91.1597   0.843033249640843
28.3499   92.3932   0.8276204746138182
29.7714   92.4   0.8058943230970146
30.474   93.6337   0.7919433691874687
31.8954   93.6414   0.7718608229467253
32.5972   94.8754   0.7599543999477879
34.0186   94.8841   0.7423279396600919
34.7197   96.1185   0.7330196927777586
36.141   96.1284   0.717966029837068
36.841   97.3634   0.7116122680224122
38.2622   97.3747   0.6983792522691381
38.9611   98.6104   0.6950504010501697
40.3821   98.6233   0.6824303480942189
41.0797   99.8598   0.6820963568294437
42.5006   99.8746   0.6686039634940855
43.1967   101.112   0.6705795180289966
44.6174   101.129   0.6541442960081508
25.4976   92.3742   0.8777766173691331
26.2002   93.608   0.8587817475936471
27.6216   93.6135   0.840689151827236
28.3236   94.8475   0.8216612014693163
29.7449   94.8536   0.8044948974356504
30.4463   96.0879   0.7866886232811526
31.8676   96.0948   0.7718570916950859
32.5681   97.3295   0.756143617310891
33.9894   97.3375   0.7443923024857259
34.689   98.5727   0.7316503673203492
36.1102   98.582   0.7232124514967925
36.8087   99.8178   0.7141182675159634
38.2298   99.8286   0.708142174990305
38.9271   101.065   0.7028846064611182
40.348   101.078   0.6978163726941357
41.0439   102.315   0.6962559730443972
42.4646   102.33   0.6904049536322883
43.1591   103.568   0.6917199216445923
24.0507   94.8245   0.8779796011297756
25.4721   94.8287   0.8641191700222851
26.1735   96.063   0.8406464060471557
27.5948   96.0677   0.8265600038714648
28.2956   97.3022   0.8029726022723306
29.7168   97.3076   0.7904098051011276
30.4169   98.5425   0.7679822198462652
31.8381   98.5488   0.7586879266206897
32.5373   99.7841   0.7389274592272246
33.9584   99.7916   0.7336049209213338
34.6566   101.028   0.7175365774648674
36.0776   101.036   0.7163167316208641
36.7746   102.273   0.7046715546976468
38.1955   102.283   0.7066514911892559
38.8912   103.521   0.6994752104256416
40.3119   103.533   0.7029560797091091
41.0063   104.771   0.7000240067311962
42.4268   104.786   0.7027348006182692
23.3229   96.0456   0.8755634814221062
24.0239   97.2801   0.8481525924030398
25.445   97.2836   0.8376351293970411
26.1454   98.5183   0.8087418005766721
27.5665   98.5224   0.7985960493265666
28.2661   99.7574   0.769674535112081
29.6871   99.7622   0.7620798777031169
30.386   100.998   0.7349152332072018
31.8069   101.003   0.7317139126735259
32.5048   102.239   0.7079880366220862
33.9257   102.246   0.7097174155958152
34.6225   103.483   0.6906023602624001
36.0432   103.491   0.6972343365038773
36.7388   104.729   0.6835556231938997
38.1594   104.739   0.6936617763723191
38.8537   105.977   0.6852855244348872
40.2741   105.989   0.6972608192061266
40.9671   107.228   0.6931003174144433
21.8747   98.4986   0.8433646305128041
23.2958   98.5011   0.8370967685996654
23.9956   99.736   0.8036799673999571
25.4166   99.7389   0.7964473491700492
26.1158   100.974   0.7616967441180243
27.5367   100.977   0.7557453605547293
28.2351   102.213   0.7214976645838862
29.6559   102.217   0.7191115699249994
30.3535   103.453   0.6879147985034196
31.7742   103.458   0.6910499330728567
32.4707   104.695   0.6641361080381067
33.8913   104.702   0.6730574195416028
34.5868   105.939   0.6518382774891359
36.0072   105.947   0.6664569753554965
36.7014   107.185   0.6510623395651151
38.1217   107.195   0.669736022623841
38.8146   108.434   0.6599531043945456
40.2348   108.446   0.6804271966933718
21.147   99.72   0.8242099611142778
21.8464   100.955   0.7872593537075304
23.2672   100.957   0.7835159538899013
23.966   102.192   0.7437798397375397
25.3867   102.194   0.739863534714341
26.0847   103.43   0.6993624310756178
27.5054   103.433   0.6978173829878411
28.2026   104.669   0.6591757352937072
29.6232   104.673   0.6623188733533107
30.3194   105.909   0.6278997531453537
31.7399   105.914   0.6374073736630292
32.4352   107.151   0.608590543797716
33.8555   107.158   0.6249395330749975
34.5496   108.396   0.6020921524152242
35.9697   108.404   0.6245411835900007
36.6627   109.643   0.6077748678581564
38.0827   109.653   0.6345147752416767
38.7745   110.892   0.6231066120657038
19.6976   102.175   0.7584380858052956
21.1184   102.176   0.7593117475714419
21.8166   103.412   0.7152821890694604
23.2373   103.413   0.7143534979266208
23.9348   104.648   0.6687613999028373
25.3554   104.65   0.6683593718950881
26.0522   105.886   0.6230711355856594
27.4727   105.888   0.6264291979146551
28.1686   107.125   0.5842025419321634
29.589   107.128   0.5935496777861126
30.284   108.365   0.5567429568481338
31.7043   108.37   0.5730820011132757
32.3983   109.608   0.5426347298137115
33.8183   109.614   0.566318541105619
34.5113   110.853   0.5425412887513762
35.9311   110.861   0.5724821918627684
36.6231   112.1   0.5546482939665497
38.0428   112.11   0.5889159957073683
18.97   103.397   0.7229052773358341
19.6678   104.632   0.6763623067557786
21.0883   104.633   0.678881705453904
21.7855   105.868   0.6289801666189476
23.2059   105.869   0.6306787851196528
23.9023   107.105   0.5797783542009798
25.3227   107.106   0.5836260789238285
26.0184   108.342   0.5349344352348229
27.4386   108.344   0.5434166817461566
28.1335   109.581   0.49925354280164985
29.5536   109.584   0.5146141855798383
30.2476   110.822   0.4766372729864913
31.6675   110.827   0.4994231972986458
32.3606   112.065   0.4687146786692309
33.7803   112.071   0.4989868735748487
17.5193   105.854   0.625894080496054
18.9398   105.853   0.6329271443065144
19.6365   107.089   0.5804801546995394
21.0569   107.089   0.5849909230065025
21.753   108.325   0.5300768812163001
23.1733   108.325   0.5348102093266351
23.8686   109.561   0.480650527930636
25.2888   109.562   0.488535454189355
25.9835   110.799   0.43777465664425813
27.4035   110.801   0.4516472074528954
28.0974   112.038   0.40743010443510347
29.5174   112.041   0.428447779781854
16.7917   107.075   0.5762616506414425
17.488   108.311   0.5226641368986372
18.9083   108.31   0.5305611086387694
19.6041   109.546   0.4737296275303009
21.0243   109.545   0.47997608273746356
21.7194   110.781   0.4226369245581813
23.1396   110.781   0.43039855947714273
23.834   112.018   0.3750736727630963
25.2541   112.018   0.38766693178552414
15.34   109.533   0.45541845592817276
16.7602   109.532   0.4677118878112884
17.4556   110.768   0.4105406313630855
18.8758   110.766   0.4196691077503772
19.5708   112.002   0.36094571614025595
20.9908   112.002   0.3689114392371158
14.6123   110.754   0.396259069296842
15.3076   111.99   0.340227938300194
16.7277   111.988   0.35321627935303396
45.5277   85.1996   0.30710659387255174
46.9486   85.2208   0.26640786399804706
47.6534   86.4535   0.27338930118056953
49.0741   86.4758   0.23689782607697757
49.7774   87.7094   0.24282300138166066
41.2508   85.1472   0.4329930368955116
42.6721   85.1654   0.39053677163616796
43.3778   86.3974   0.3967290385136925
44.799   86.4169   0.35376034260499145
45.5035   87.6496   0.3604941885800674
46.9244   87.6705   0.3169375017254953
47.6277   88.904   0.323327898579751
49.0483   88.9262   0.2802654812851547
49.75   90.1606   0.28551255664155706
51.1702   90.1839   0.2451072010366124
36.9732   85.1024   0.5572763946193997
38.3947   85.1172   0.5176847979224426
39.1008   86.349   0.5202227407563009
40.5222   86.3652   0.4808298763596108
41.2275   87.5974   0.48567149391332665
42.6488   87.6149   0.44555361069123567
43.3531   88.8477   0.4517168803575962
44.7742   88.8667   0.40998630464931296
45.4772   90.1002   0.41644300930619904
46.898   90.1207   0.37253425345866015
47.5997   91.3551   0.37862925137923475
49.0201   91.3771   0.33259924834551186
49.7201   92.6125   0.3375103109536091
32.6959   85.0646   0.6774906715224954
34.1175   85.0765   0.6399910936880284
34.8235   86.3083   0.6366770452906219
36.2451   86.3212   0.6003891154909448
36.9506   87.5533   0.600211546040228
38.3721   87.5673   0.5647962110354499
39.0769   88.7998   0.5675063435768795
40.4983   88.8152   0.5319373929326624
41.2022   90.0482   0.5366249528301885
42.6234   90.065   0.4998029611757001
43.3262   91.2987   0.5056620511764737
44.7472   91.3172   0.46644368363179534
45.4486   92.5516   0.47262946374512094
46.8694   92.5717   0.43028662540218343
47.5692   93.8071   0.436044894477619
48.9896   93.8287   0.3900960138222393
29.8411   85.0421   0.7577619283125778
30.5469   86.2742   0.7486269364643541
31.9685   86.2843   0.7144468979567318
32.6739   87.5165   0.7079713977273381
34.0954   87.5275   0.6749342338331914
34.8003   88.76   0.6714956812966105
36.2219   88.772   0.6398836222314176
36.9261   90.0048   0.6394534619501234
38.3476   90.018   0.6085706286044376
39.051   91.2512   0.6108100359358907
40.4724   91.2659   0.5796901758698331
41.1747   92.4997   0.5837348798898323
42.5959   92.516   0.5511425768347032
43.2971   93.7505   0.5563703982060857
44.718   93.7685   0.5210005566215855
45.4177   95.0039   0.5267500166112964
46.8384   95.0236   0.48766270105473286
47.5365   96.2599   0.4932434895667661
28.3979   87.4858   0.8106052676858184
29.8195   87.4943   0.7801869135021421
30.5242   88.7269   0.7703445787438231
31.9458   88.7362   0.7406769673751176
32.6501   89.969   0.7334204864878003
34.0716   89.9791   0.7052629367831529
34.7753   91.2122   0.7008527234733429
36.1968   91.2234   0.6742003559773606
36.8997   92.4569   0.6727033521545713
38.3211   92.4694   0.6470467139241206
39.0231   93.7035   0.6478255475048798
40.4444   93.7175   0.6221027728599187
41.1452   94.9521   0.6248337858982962
42.5663   94.9678   0.5976006191429206
43.2658   96.2033   0.6017985127931111
44.6866   96.2208   0.571658263300722
45.3846   97.4572   0.5767620739958552
46.8052   97.4765   0.5424255709311645
27.6706   88.7063   0.8361641764629717
28.3747   89.9393   0.8230887497712489
29.7963   89.9469   0.7969901254093422
30.4999   91.1801   0.7855959457634686
31.9214   91.1885   0.7605981922145221
32.6246   92.4219   0.751680557151774
34.046   92.4313   0.7285468138699124
34.7484   93.665   0.7222237534171765
36.1698   93.6755   0.7010321034018335
36.8713   94.9098   0.6973178686940389
38.2927   94.9216   0.6775498062873333
38.9931   96.1565   0.676430964696325
40.4143   96.1699   0.6568558517665812
41.1135   97.4055   0.6581163574931116
42.5345   97.4207   0.6372024952870153
43.2322   98.6571   0.6403201777236113
44.653   98.6742   0.6164917679904561
45.3493   99.9116   0.6209336357453967
50.3532   85.7373   0.23690356687902084
51.0699   86.9632   0.242806939769032
52.4882   86.9401   0.2801853850578241
53.1793   85.6988   0.3232963346529065
54.0739   85.3216   0.24261751791657846
49.8024   85.2586   0.21399114467659594
51.2229   85.2818   0.20259861796172537
51.9262   86.5156   0.2081324097780109
53.3464   86.5395   0.21345191495978888
51.1978   87.7327   0.21456693594307596
51.8995   88.9673   0.21865557390563448
89.0981   27.5653   0.6649279810626139
90.5196   27.5584   0.6373294281609794
90.4961   25.104   0.6258404109675272
91.2234   26.3251   0.6125255015099402
92.6447   26.3179   0.5781972327848004
93.3719   27.5388   0.5552987484228663
94.7929   27.5304   0.5116412219514801
91.1988   23.8702   0.5977294705801295
92.62   23.8638   0.5668738836813736
93.3478   25.0845   0.5504873023058764
94.7689   25.0768   0.510188073165185
95.4966   26.2972   0.48476877993534295
96.9174   26.2882   0.4369058823133432
97.645   27.5083   0.4045088132538035
99.0656   27.4976   0.3521313817313113
92.5937   21.4092   0.5444477660896415
93.322   22.6298   0.5352852510577886
94.743   22.6228   0.4981234184416543
95.4713   23.8431   0.47964205403613264
96.8921   23.8348   0.43481473066123366
97.6204   25.0548   0.40865394895926466
99.0409   25.0449   0.3591063769971216
99.7691   26.2645   0.32798435938318726
101.189   26.2529   0.2781058970967718
101.918   27.4721   0.24769297527382883
103.338   27.4585   0.20726661573924618
93.2945   20.1747   0.5080609609092211
94.7153   20.1684   0.4740035970327674
95.4442   21.3886   0.46302528008738614
96.8649   21.3809   0.42118579035860415
97.5938   22.6008   0.4022498477314832
99.0143   22.5916   0.3555650432761962
99.7431   23.8112   0.33082623837900055
101.163   23.8002   0.28377852279550725
101.892   25.0194   0.25753223099254663
103.312   25.0065   0.21825398049062272
104.041   26.2253   0.19925142408524724
105.461   26.2104   0.18295458452850769
106.19   27.4288   0.1856963650694324
107.61   27.4118   0.2032909737297723
94.6858   17.7136   0.43661165811279223
95.4152   18.9336   0.4335671804922485
96.8358   18.9266   0.39486528082372985
97.5652   20.1464   0.38355381630222635
98.9856   20.1378   0.3400433648816038
99.715   21.3573   0.3225275802160224
101.135   21.3469   0.2784583451793148
101.865   22.5661   0.2586177488108641
103.285   22.5538   0.2215898237735643
104.014   23.7726   0.20556753148296156
105.434   23.7583   0.18794696060325325
106.164   24.9767   0.18783370304607178
107.584   24.9602   0.19942025975311506
108.313   26.1783   0.21897819526153972
109.733   26.1598   0.25120199043797575
110.463   27.3776   0.2846189909334938
111.883   27.3573   0.323685850787456
95.3843   16.4784   0.3910310601474004
96.8047   16.4719   0.3556010545541207
97.5347   17.6916   0.35199650566447643
98.955   17.6835   0.31200937485915153
99.6849   18.9029   0.3021560689445103
101.105   18.8931   0.2621067912130481
101.835   20.1122   0.2492492728173967
103.255   20.1005   0.21613766446410826
103.985   21.3192   0.20568777309310113
105.405   21.3054   0.19007025017082502
106.135   22.5238   0.1902958223398543
107.555   22.5078   0.19958379192710754
108.285   23.7259   0.21477050542381057
109.705   23.7078   0.24249020598778398
110.435   24.9256   0.268978828163107
111.856   24.9056   0.3040290117735458
112.585   26.1232   0.3368452018360903
114.006   26.1015   0.37144832749657297
96.7717   14.0169   0.30566543802006785
97.5022   15.2363   0.30870699700525234
98.9223   15.2288   0.27382981941344775
99.6528   16.4481   0.2707849515759709
101.073   16.4388   0.23714080205649676
101.803   17.6578   0.2302867343118164
103.223   17.6465   0.20480295408025784
103.954   18.8652   0.19939794382089346
105.374   18.8518   0.19101573233637065
106.104   20.0702   0.19215295990434075
107.524   20.0546   0.20459484353228066
108.254   21.2727   0.21562546231834578
109.675   21.2549   0.24306686322902646
110.405   22.4727   0.26241686302522677
111.825   22.453   0.2947704869894549
112.556   23.6706   0.32027912826158017
113.976   23.6491   0.351800525866579
114.707   24.8666   0.38096888324375894
97.4677   12.7808   0.25809188286344814
98.8877   12.7738   0.23153794505436667
99.6187   13.9929   0.23303310923557705
101.039   13.984   0.20939398272157025
101.77   15.2029   0.2075020481826603
103.189   15.192   0.19354660937355264
103.92   16.4106   0.1917602930744535
105.34   16.3976   0.19445673040550926
106.071   17.6159   0.19693260268426907
107.491   17.6007   0.2156894063230748
108.222   18.8187   0.22402330235936976
109.642   18.8012   0.2524329812049084
110.373   20.019   0.26611069125459685
111.793   19.9995   0.2972721312198647
112.524   21.2171   0.3151793140420214
113.944   21.1957   0.34435141933786256
114.675   22.4132   0.3653233225514044
116.096   22.3904   0.390100038451679
98.8512   10.3184   0.19748736668455713
99.5826   11.5373   0.19925144917917187
101.002   11.5289   0.19164459293181127
101.734   12.7476   0.1907052699848605
103.153   12.737   0.19368285933453522
103.885   13.9555   0.19275870927146335
105.304   13.9428   0.2087349515533981
106.036   15.1611   0.21036729783880412
107.456   15.1461   0.23679343318597534
108.187   16.3641   0.24152534028544434
109.607   16.3468   0.27263235317914847
110.338   17.5646   0.28053948028752856
111.758   17.5452   0.31161264415937673
112.49   18.7628   0.32280738839127954
113.91   18.7415   0.34998818551487976
114.641   19.959   0.36323602519573706
116.062   19.9362   0.38518272287318295
116.793   21.1536   0.4004311801046477
99.5447   9.08138   0.1864299267821581
100.964   9.07323   0.1986743377993239
101.696   10.2918   0.19431572247247367
103.116   10.2816   0.214483216126575
103.847   11.4999   0.21087230733313334
105.267   11.4875   0.2386478577318475
105.999   12.7056   0.2373400935366792
107.418   12.6909   0.2694543560605394
108.15   13.9088   0.2705668494106413
109.57   13.8917   0.30381739581531503
110.302   15.1094   0.30680368315911627
111.722   15.0902   0.33758628526644374
112.454   16.3077   0.3421562800826537
113.874   16.2866   0.3680696809029471
114.606   17.504   0.37396259171205615
116.026   17.4813   0.39342925666503126
116.758   18.6986   0.4007421240648377
118.178   18.6748   0.4129052796949908
100.925   6.61705   0.23382726017297234
101.657   7.83556   0.22414223720664433
103.076   7.82553   0.2548953149824436
103.808   9.04381   0.24761898230951454
105.228   9.03155   0.2818406287248167
105.96   10.2496   0.27697438509724787
107.38   10.235   0.3123222694589654
108.112   11.4529   0.3095295785542949
109.532   11.436   0.34328052668335163
110.264   12.6536   0.3419646326741974
111.684   12.6346   0.3716702436300223
112.416   13.852   0.37120313845655795
113.836   13.831   0.3948954418577113
114.568   15.0483   0.39496102339344513
115.988   15.0258   0.41135567335336154
116.72   16.2429   0.4120969546114118
118.141   16.2192   0.42096000997719607
118.873   17.4363   0.4226320622006778
101.616   5.37879   0.27342976959358173
103.036   5.36884   0.3071478562516748
103.768   6.58712   0.2970956048143407
105.188   6.57497   0.33235980518107133
105.92   7.79299   0.32514934430196724
107.34   7.77854   0.3598412566674336
108.072   8.99632   0.3546919966675307
109.492   8.9796   0.3866753759938675
110.224   10.1972   0.3826526623453703
111.644   10.1783   0.40967699471657043
112.376   11.3956   0.40602099699399957
113.797   11.3748   0.42642314665130376
114.529   12.592   0.4227046841472174
115.949   12.5696   0.43509895426213013
116.682   13.7867   0.4314864656046579
118.102   13.763   0.4354705271312857
118.834   14.98   0.43200237267867
120.255   14.9554   0.4279370981814947
102.995   2.91145   0.3633571047881115
103.727   4.12984   0.3516492128528072
105.146   4.11771   0.38419907548040744
105.879   5.33578   0.37584925182844087
107.298   5.32139   0.40717694139034866
108.031   6.53917   0.40108301896240867
109.451   6.52253   0.429057688428954
110.183   7.74006   0.42402435071585265
111.603   7.72131   0.44664827560396647
112.336   8.93864   0.4418554175293073
113.756   8.91799   0.45719974201654695
114.489   10.1351   0.45202427191468136
115.909   10.1129   0.45902502807581147
116.642   11.3299   0.4532298423537414
118.062   11.3064   0.4513672562337652
118.795   12.5232   0.4451575002176204
120.215   12.4988   0.43490152908446
120.947   13.7157   0.4286705728178678
103.685   1.67193   0.4053402966644181
105.105   1.65973   0.4328402274511908
105.837   2.87797   0.42405338685122845
107.257   2.86356   0.45013514637273067
107.989   4.08143   0.4438361607620537
109.409   4.06482   0.4664084544688265
110.141   5.28239   0.4612496356638134
111.561   5.26371   0.4781186907034692
112.294   6.48104   0.47328235135064706
113.714   6.46053   0.4826784627471998
114.447   7.67766   0.4773209265263774
115.867   7.65562   0.47801646509299145
116.6   8.87255   0.4715736078280857
118.021   8.84927   0.46320920759414724
118.753   10.066   0.45579164099399677
120.174   10.0418   0.43844916752116014
120.907   11.2585   0.430886075430616
122.327   11.2334   0.4052360423259486
105.795   0.419541   0.4665247203836014
107.215   0.405025   0.48586284300098515
107.947   1.62313   0.4799108447409774
109.367   1.60647   0.49556395591285557
110.099   2.82417   0.4911608067629149
111.519   2.80552   0.501048874262781
112.252   4.02292   0.4969793693907207
113.672   4.00251   0.49935298947738127
114.405   5.21966   0.4948144403713357
115.825   5.19781   0.4882832396263435
116.558   6.41475   0.48262451129216083
117.978   6.39171   0.4666259668085324
118.711   7.60844   0.45976980424990666
120.131   7.58441   0.43443300116358435
120.865   8.80102   0.4269727519409154
122.285   8.77614   0.3931519656570459
123.017   9.99274   0.3855257331229656
110.057   0.365478   0.5116991245839666
111.477   0.34677   0.5137559893334566
112.209   1.56434   0.5108021308686932
113.629   1.54396   0.5052627186919677
114.362   2.76123   0.5020359652455171
115.782   2.73948   0.4876121193120601
116.515   3.95649   0.48333706830740586
117.935   3.93365   0.4593627690616644
118.668   5.15044   0.4537763484360989
120.088   5.12666   0.42026310104504716
120.821   6.34324   0.41371119104998705
122.241   6.3186   0.37156216653475094
122.974   7.53506   0.3647645163663794
124.394   7.50966   0.3154807417260185
114.318   0.3024   0.49814315557277195
115.738   0.280649   0.4757192033552965
116.471   1.49786   0.47268735798622713
117.891   1.4751   0.44080318737504576
118.624   2.69204   0.4365629531923187
120.044   2.66844   0.3952378797635665
120.777   3.88512   0.38972946783634227
122.196   3.8607   0.3397080877753705
122.93   5.07716   0.3337362415141634
124.349   5.05194   0.27655647181000753
125.082   6.26828   0.27099662377970496
118.579   0.23328   0.4086923580592106
119.999   0.209715   0.36020746715280505
120.732   1.42664   0.35566522517671056
122.151   1.40233   0.29879928463769856
122.884   2.61896   0.29325843483180264
124.303   2.59387   0.2295705863127937
125.036   3.81024   0.22408467060465992
126.455   3.78442   0.15590317636276704
122.837   0.160392   0.2462757354089901
124.256   0.135331   0.1789435571804978
124.989   1.35194   0.17239081327031092
126.407   1.32616   0.10354140282997974
127.141   2.54249   0.09655650366495057
127.093   0.0840889   0.06471978510478447
128.511   0.0576934   0.08602870190634312
-0.688113   1.20212   129.92829692838572
125.018   1.11955   0.43264380557220494
126.436   1.14629   0.36741041425087606
127.123   2.38936   0.3627050626886809
128.541   2.41701   0.29378508062867914
120.76   1.04246   0.599737460977719
122.179   1.06688   0.5526041683700905
122.866   2.3095   0.5481249058380765
124.285   2.33509   0.4938376969207589
124.972   3.57808   0.48787526489872346
126.391   3.60482   0.4276663163027911
127.078   4.84798   0.420815121401311
116.499   0.971339   0.6978168312107398
117.919   0.993472   0.6757108327709415
118.607   2.23562   0.6721931142908254
120.027   2.25887   0.6408958299911147
120.715   3.50138   0.6354102347302875
122.134   3.52581   0.5953624510329827
122.821   4.76865   0.5880608526334659
124.24   4.7943   0.5404125129010251
124.927   6.03736   0.5318604538786459
126.346   6.06416   0.47788475765606864
112.238   0.906355   0.7172743333097871
113.658   0.925845   0.7215523717825327
114.346   2.16753   0.7188132580858536
115.766   2.18844   0.714210970862252
116.455   3.43045   0.7098099013820535
117.875   3.45263   0.6957420157644639
118.563   4.69497   0.689322053107254
119.983   4.71836   0.6658687099571504
120.67   5.96101   0.6574602311927311
122.09   5.98562   0.6250415017420835
122.777   7.22851   0.615017408290204
124.196   7.25432   0.574771873354986
124.884   8.4973   0.5636503019603561
107.976   0.848822   0.6677186696685953
109.396   0.864832   0.6929618483466463
110.085   2.10599   0.6889004311945219
111.505   2.12388   0.7086445848237316
112.194   3.3654   0.7043765598740478
113.614   3.38499   0.7167135533809865
114.303   4.62682   0.7112302369837763
115.723   4.6479   0.7148127108550879
116.411   5.89002   0.7076225548270771
117.831   5.91245   0.7016691245879352
118.519   7.15487   0.6924887490782786
119.939   7.17856   0.6770028363308388
120.626   8.42123   0.6661051119005162
122.046   8.44613   0.6415966119767152
122.734   9.68894   0.6294245213685268
124.153   9.71493   0.5968556773626262
103.715   0.799975   0.5759689591019636
105.134   0.812027   0.6121321043075587
105.824   2.05249   0.6027873937799291
107.244   2.06663   0.6384562914561958
107.934   3.30754   0.6313950297555408
109.353   3.32372   0.6639362199036887
110.043   4.565   0.6576446138302957
111.462   4.58311   0.6848906820799946
112.151   5.82469   0.6783215683582532
113.571   5.84454   0.6982346310517681
114.26   7.08641   0.690541208039027
115.68   7.10783   0.7017591227764698
116.368   8.34998   0.6924799012245765
117.788   8.3728   0.6941973448523122
118.476   9.61521   0.683272878211919
119.896   9.63929   0.6755176921443281
120.584   10.8819   0.6631964490254746
122.004   10.9071   0.6464651962789638
122.692   12.1498   0.6335374969171123
102.983   2.01809   0.5329992589113052
103.674   3.25824   0.5189602743948704
105.093   3.2705   0.5614203505395932
105.783   4.51111   0.5507392446521301
107.203   4.52549   0.5927502158582485
107.892   5.76648   0.5840054384164586
109.312   5.78293   0.6231782827570294
110.001   7.02424   0.6153175014575812
111.42   7.04266   0.6491698988708572
112.109   8.28426   0.6412602349280668
113.529   8.30447   0.6679667383934618
114.218   9.54636   0.659133526381414
115.638   9.5682   0.677181898458604
116.326   10.8103   0.6673476305494765
117.746   10.8336   0.6760700925199988
118.435   12.076   0.664940455980835
119.854   12.1004   0.6644566502037577
120.543   13.343   0.652655927729152
121.963   13.3684   0.6429649290591215
101.525   4.46614   0.4237738193895422
102.944   4.47655   0.46923037934473144
103.634   5.71685   0.45480136323454334
105.053   5.72937   0.5021759197731399
105.743   6.97006   0.49094999745391477
107.162   6.98472   0.5379979687693993
107.852   8.22575   0.5289897920565194
109.271   8.24252   0.5733035462126495
109.961   9.48387   0.5653181493637002
111.38   9.50264   0.6046343679447932
112.069   10.7443   0.5969354068908957
113.489   10.7649   0.629340162392325
114.178   12.0068   0.6212876065076457
115.597   12.029   0.6453717068480762
116.286   13.2712   0.6367479014492298
117.706   13.2949   0.6516348977763543
118.394   14.5372   0.642752020611369
119.814   14.562   0.6482791065582787
120.503   15.8045   0.639447824298432
100.795   5.68489   0.3702841785709988
101.486   6.92482   0.35290328717652847
102.905   6.93556   0.40099239905514406
103.596   8.17592   0.3876501649683643
105.014   8.18878   0.4380444269705983
105.705   9.42953   0.4279192448348169
107.123   9.44453   0.4783857142515856
107.813   10.6856   0.47071206697937845
109.232   10.7027   0.5188505179721802
109.922   11.9441   0.5125897482392711
111.341   11.9633   0.5560226704011276
112.03   13.205   0.5508379525777074
113.45   13.226   0.5875471470443888
114.139   14.468   0.5827482303705429
115.558   14.4906   0.6114616750050642
116.247   15.7328   0.6067933173659701
117.667   15.7567   0.6265790692322876
118.356   16.9992   0.6223360346308099
119.775   17.0241   0.6331107012205677
99.3398   8.13512   0.25811288247586495
100.759   8.14417   0.3005758213828902
101.45   9.38421   0.28640459161822024
102.868   9.3953   0.33390733684661605
103.559   10.6358   0.3234233139401049
104.978   10.649   0.3742548997675254
105.668   11.8898   0.367091228443283
107.086   11.9052   0.41906210756879503
107.776   13.1464   0.4147265605190961
109.195   13.1638   0.46491881011634684
109.885   14.4054   0.46280593124980335
111.304   14.4248   0.5090708005768936
111.993   15.6667   0.5085490831768373
113.412   15.688   0.5486138350424622
114.101   16.9301   0.5492138472398526
115.521   16.953   0.5815205929285736
116.21   18.1953   0.5831019207651442
117.629   18.2194   0.6070274623112191
118.318   19.4619   0.6093923038568834
98.6132   9.35526   0.21886355315584172
99.3048   10.595   0.20782673071575755
100.723   10.6044   0.24174875387476205
101.415   11.8446   0.23258512420187105
102.833   11.8561   0.27461107042506594
103.524   13.0967   0.2685010986942134
104.942   13.1103   0.31668313816810667
105.633   14.3513   0.31402060441951885
107.051   14.3669   0.36542545067359394
107.741   15.6084   0.36634292677762925
109.16   15.6261   0.4173196017442744
109.849   16.8679   0.4212758834777978
111.268   16.8876   0.46926603329028543
111.957   18.1296   0.47541271543786107
113.376   18.1511   0.5179271184249753
114.066   19.3934   0.5258188090968231
115.485   19.4164   0.5611965163826286
116.174   20.6589   0.570685500078634
117.593   20.6829   0.59767574821135
97.161   11.8082   0.18520769422461916
98.5799   11.8161   0.1903393022998661
99.2716   13.0561   0.18670998902040375
100.69   13.0659   0.20301933405466582
101.381   14.3063   0.19910160722606074
102.8   14.3181   0.2293613742546896
103.491   15.559   0.22770946401061262
104.909   15.5729   0.270026480182961
105.599   16.8141   0.2730639485541798
107.018   16.8301   0.32207424609862784
107.707   18.0717   0.3296267889598787
109.126   18.0897   0.38054546377535425
109.815   19.3317   0.3916936175124616
111.234   19.3516   0.4410284004460498
111.923   20.5938   0.45523920086038056
113.342   20.6154   0.4997706473973834
114.031   21.8579   0.5163007360056703
115.451   21.8809   0.553845808867414
116.14   23.1234   0.5717128824856059
96.4372   13.0303   0.2060070872567244
97.1296   14.27   0.21058865116620223
98.5484   14.2783   0.19432133181923175
99.2402   15.5185   0.19349521957919297
100.659   15.5288   0.18862422962069061
101.35   16.7694   0.18641429666203185
102.768   16.7816   0.20123826673870576
103.459   18.0227   0.20274627000268233
104.877   18.0369   0.2371724267278994
105.567   19.2784   0.24519755300573717
106.986   19.2947   0.29147366947976666
107.675   20.5365   0.3057725952403206
109.094   20.5547   0.35702836021806816
109.783   21.7969   0.3761708388485208
111.202   21.8169   0.4266384886528655
111.891   23.0593   0.4495551245398041
113.31   23.081   0.4960335875724541
113.999   24.3234   0.5209335082330556
115.418   24.3464   0.5611081624784998
94.9883   15.4862   0.27519245992577546
96.4074   15.4932   0.24515819382594764
97.0998   16.7332   0.2471127070791798
98.5186   16.742   0.21673232338532106
99.2104   17.9824   0.21297582022380016
100.629   17.9931   0.19171212794187142
101.32   19.234   0.18700668437250945
102.738   19.2466   0.18732725375662643
103.429   20.4879   0.18926122159596995
104.847   20.5024   0.2165009237855569
105.537   21.7441   0.22863508042292924
106.955   21.7606   0.27407331136029933
107.645   23.0026   0.2948898268845505
109.063   23.021   0.34716712113908543
109.753   24.2632   0.37438608414309293
111.171   24.2834   0.42703264512212574
111.86   25.5258   0.4578001856705593
113.279   25.5475   0.5067102130409461
113.969   26.79   0.5390516209047164
94.267   16.7103   0.31674857537169776
94.9601   17.9499   0.3208120166078595
96.3792   17.9575   0.284203694557268
97.0715   19.1977   0.2799438693738436
98.4903   19.207   0.24125745584333766
99.182   20.4477   0.23138660289653695
100.6   20.4588   0.19960794072381263
101.291   21.6998   0.19033917095543063
102.71   21.7128   0.18044569820309028
103.4   22.9542   0.1815391142426296
104.818   22.9691   0.2052214657388462
105.508   24.2109   0.22179156882081896
106.926   24.2277   0.26783586391668984
107.616   25.4697   0.2959824994826527
109.034   25.4884   0.3504925962128134
109.724   26.7306   0.3848259866485104
111.142   26.7509   0.44023845811105483
111.832   27.9933   0.4778786561460987
113.25   28.015   0.5291673270337084
92.8209   19.1686   0.39295512466438176
94.2402   19.1751   0.3590249294965472
94.9333   20.415   0.35568945725168727
96.3523   20.4231   0.3144768671937546
97.0446   21.6635   0.3028261877711365
98.4633   21.6733   0.2587933731763602
99.1549   22.9141   0.24199942148690842
100.573   22.9256   0.20400019607834044
101.264   24.1668   0.18925416772161546
102.682   24.1802   0.17509968589349373
103.373   25.4217   0.17584723483751183
104.791   25.4369   0.20010282356828313
105.481   26.6787   0.22244325119005287
106.899   26.6958   0.27188170221623936
107.589   27.9378   0.30659134038651764
109.007   27.9567   0.364777329339419
92.1016   20.3944   0.4279639470796581
92.7954   21.6339   0.4267865977277191
94.2147   21.6411   0.38930191368653805
94.9078   22.8811   0.3783329089571793
96.3267   22.8898   0.33331794131129694
97.019   24.1302   0.3145632686757946
98.4376   24.1406   0.26635570202269054
99.1292   25.3814   0.24326742486408073
100.548   25.3935   0.20110206363933558
101.239   26.6347   0.1824134041127459
102.657   26.6485   0.16760578748957727
103.347   27.89   0.17170643552296058
104.765   27.9056   0.2012913808388231
92.0774   22.8605   0.4570456104154176
92.7712   24.1002   0.4484519372240466
94.1904   24.1079   0.4074329147233932
94.8835   25.348   0.38951942185211036
96.3024   25.3573   0.3409268836568934
96.9947   26.5978   0.3157053689755707
98.4132   26.6087   0.2640735124922631
99.1049   27.8496   0.23560855247634815
100.523   27.8621   0.19135686556797432
90.6348   25.3205   0.5093542382271908
92.0543   25.3275   0.4745412732313164
92.7481   26.5672   0.45919227998737006
94.1673   26.5756   0.4146509254782872
94.8604   27.8157   0.39059792626177775
96.2792   27.8256   0.338635275776166
89.9182   26.5481   0.5321617987041161
90.6128   27.7874   0.5202712657835324
92.0323   27.7951   0.48192306439928684
79.9493   43.5813   0.8203161341824263
80.6705   44.8054   0.8030223284566893
82.0922   44.794   0.7779413216946381
82.8136   46.0177   0.7545430140157701
84.2353   46.0057   0.7220727594917286
84.9569   47.229   0.6919850504165561
86.3784   47.2162   0.6512210761331386
87.1002   48.439   0.6144567437989428
88.5216   48.4253   0.5650962838313498
89.2437   49.6476   0.5220668539564663
90.6649   49.6328   0.4648242786258075
91.3873   50.8545   0.4165555545182428
92.8083   50.8386   0.35239439552864865
93.531   52.0598   0.30060069860198674
94.9518   52.0428   0.2313691855023084
95.6749   53.2636   0.17809564845891165
97.0956   53.2457   0.10704578459706207
97.8188   54.4661   0.05960973074926597
80.6572   42.3495   0.8057388720919448
82.0789   42.3391   0.7843578966262797
82.8007   43.5627   0.7630672185332048
84.2225   43.5516   0.734611121614695
84.9444   44.7748   0.7064278377867081
86.3661   44.7629   0.6697928933633147
87.0882   45.9858   0.6345670177372916
88.5097   45.973   0.5891584591601827
89.2319   47.1953   0.5470809263719587
90.6532   47.1814   0.4932251615641699
91.3757   48.4033   0.44528289884072697
92.7968   48.3882   0.3838716191645324
93.5196   49.6095   0.33158389586950876
94.9405   49.5933   0.2643625351671463
95.6635   50.8141   0.20988091861815428
97.0842   50.7967   0.14034478971447648
97.8075   52.0171   0.08985254587378179
99.2281   51.9989   0.05088044811123339
82.0646   39.8839   0.790087324287641
82.7869   41.1074   0.7712067621591511
84.2087   41.0972   0.7466680989569621
84.9311   42.3204   0.7209132402723669
86.3528   42.3094   0.6883147608471005
87.0753   43.5322   0.6552065170616062
88.4969   43.5203   0.6136719237507963
89.2195   44.7427   0.5733676220366838
90.6409   44.7297   0.5230175809664526
91.3636   45.9516   0.47617796043076177
92.7848   45.9375   0.41775575399987375
93.5077   47.1588   0.3657438584583486
94.9286   47.1434   0.30086510266230687
95.6518   48.3642   0.24590953621199793
97.0725   48.3476   0.17788653687112027
97.7959   49.568   0.12519061466420037
99.2165   49.5502   0.07224057031889758
99.94   50.7704   0.07117113178810205
82.7719   38.652   0.7777318882494162
84.1937   38.6427   0.7569101003421757
84.9167   39.8657   0.7340816099045132
86.3384   39.8556   0.7052231632611085
87.0614   41.0784   0.675059686250042
88.4831   41.0674   0.6371942717884405
89.2061   42.2897   0.5994398051514442
90.6276   42.2777   0.5524092142605903
91.3507   43.4996   0.5075718175785578
92.7719   43.4863   0.45207783621850095
93.4951   44.7077   0.4013446025549633
94.9161   44.6932   0.33890798161152846
95.6395   45.9141   0.2843848448845353
97.0602   45.8982   0.21786325986728672
97.7838   47.1186   0.16400189023301123
99.2044   47.1014   0.1049872373195942
99.9281   48.3215   0.08018160636954211
101.349   48.3033   0.10469694360390705
84.1775   36.1879   0.7636064496846543
84.9011   37.4108   0.7445035795750091
86.3229   37.4016   0.7191759868071254
87.0464   38.6243   0.6923626217525042
88.4681   38.6142   0.6580616460484542
89.1917   39.8364   0.6234480411389546
90.6132   39.8253   0.5797259438734846
91.3367   41.0472   0.5375648519016114
92.758   41.0348   0.4849249014022682
93.4816   42.2562   0.4364118811398254
94.9027   42.2426   0.3763728072005208
95.6263   43.4635   0.32315471526809175
97.0471   43.4484   0.2583418084631327
97.771   44.6688   0.20434688644557356
99.1916   44.6524   0.14284726108679469
99.9155   45.8724   0.10471284543932098
101.336   45.8547   0.09738172313119003
102.06   47.0744   0.13074651046968574
84.8841   34.9557   0.75044218298281
86.3059   34.9474   0.7283680800254763
87.0301   36.1699   0.7057770540333538
88.4518   36.1606   0.674721201682592
89.1759   37.3828   0.6438650169096024
90.5975   37.3726   0.6032434500266027
91.3216   38.5944   0.5645445155167133
92.7429   38.583   0.5147476080566116
93.467   39.8043   0.46910937956941334
94.8881   39.7916   0.41140945540908797
95.6122   41.0125   0.36047895916405864
97.033   40.9983   0.2974010928022975
97.7572   42.2187   0.24439484446280707
99.1778   42.203   0.18201082385397027
99.9021   43.423   0.1377120546648013
101.323   43.4059   0.1070426550492856
102.047   44.6255   0.11925602710135859
103.467   44.6072   0.16648627571063748
86.2875   32.4929   0.7315658890352955
87.0123   33.7152   0.7135719234947543
88.434   33.7069   0.6857911416750748
89.1588   34.9289   0.6593701009296677
90.5804   34.9195   0.6218240104724192
91.3051   36.1412   0.5870488736042333
92.7264   36.1307   0.5399876850447614
93.4511   37.352   0.497905824428678
94.8722   37.3402   0.44255635799297033
95.5968   38.5611   0.39464629733471657
97.0177   38.5478   0.33342183491787336
97.7423   39.7682   0.28227605282772644
99.1629   39.7533   0.22016877616955674
99.8876   40.9732   0.17342001037942947
101.308   40.9568   0.1298551885755903
102.033   42.1764   0.12082930108214344
103.453   42.1585   0.14806826128511866
104.178   43.3779   0.19262951487245691
86.9931   31.2603   0.7146812646208108
88.4147   31.2528   0.6901540770002028
89.1402   32.4746   0.6686341077151267
90.5617   32.4662   0.6342786296258157
91.2871   33.6877   0.6040216304073909
92.7084   33.6781   0.559875387921276
93.4337   34.8993   0.521693482803839
94.8548   34.8884   0.4689875371478431
95.58   36.1092   0.42445783064987735
97.0009   36.0968   0.36534297584598957
97.726   37.3171   0.3167880048234172
99.1467   37.3031   0.2556411156289234
99.8718   38.523   0.20881805477496423
101.292   38.5074   0.15841593985454996
102.018   39.7269   0.13538478496492656
103.438   39.7096   0.1397878392421959
104.163   40.9288   0.17167708059027367
105.584   40.9101   0.22704812265244317
88.3939   28.7984   0.6868279988468747
89.1199   30.0201   0.6708684595358476
90.5415   30.0125   0.6397018133474398
91.2675   31.2339   0.6145490460492165
92.6888   31.2251   0.573500915430831
93.4148   32.4462   0.539818015631194
94.8359   32.4361   0.48981414842775234
95.5617   33.6569   0.4491404902700285
96.9825   33.6453   0.39243622411800805
97.7083   34.8656   0.3470556871742632
99.1289   34.8525   0.28745797953788244
99.8546   36.0724   0.24181873376560897
101.275   36.0575   0.18861306953655171
102.001   37.2769   0.15792523547552206
103.421   37.2603   0.1426393003348012
104.147   38.4795   0.16002215471615228
105.567   38.4612   0.20232412115217052
106.293   39.6802   0.25094176615303043
91.2463   28.7797   0.6177413536424471
92.6676   28.7717   0.5799891809335751
93.3942   29.9927   0.5512702603986561
94.8153   29.9835   0.5043953707162662
95.5417   31.2041   0.46807735471821565
96.9626   31.1934   0.4140855708666988
97.6889   32.4137   0.37234363160930084
99.1096   32.4014   0.31476129050441354
99.8359   33.6212   0.2713717376588766
101.256   33.6072   0.2176554616819897
101.983   34.8266   0.18320493988973868
103.403   34.8107   0.15563755973415036
104.129   36.0297   0.15713662844798398
105.55   36.0121   0.185521130871931
106.276   37.2308   0.22553629419674182
107.696   37.2116   0.28094910571133386
95.52   28.7509   0.4804006661111139
96.9409   28.7411   0.42941120153065226
97.6679   29.9612   0.39185126004646464
99.0885   29.9498   0.3367582070269397
99.8154   31.1695   0.2963344394430033
101.236   31.1563   0.24339016003117406
101.963   32.3756   0.20784284928762722
103.383   32.3606   0.1728414591468094
104.11   33.5795   0.16316280213333417
105.53   33.5625   0.17518975426662642
106.257   34.7811   0.20548248100507238
107.678   34.7624   0.2531774476528285
108.404   35.9809   0.30117611127046084
99.7932   28.7173   0.31580653888100885
101.214   28.7049   0.26429122195033455
101.941   29.9242   0.22982641275536647
103.361   29.9099   0.1909598125260913
104.089   31.1287   0.17445701476294903
105.509   31.1125   0.17299355479323592
106.237   32.3309   0.19251867441887335
107.657   32.3128   0.22982297535276952
108.385   33.5311   0.27238511339645693
109.805   33.5112   0.3236308545241013
104.066   28.6774   0.18815419208723524
105.486   28.6618   0.1764631689616829
106.214   29.8802   0.18639205991672708
107.635   29.8627   0.2137012166554088
108.363   31.0808   0.2484932192233782
109.783   31.0614   0.29336547172426064
110.511   32.2794   0.3392293029795587
108.339   28.6299   0.23030979136806282
109.76   28.611   0.2690174157931082
110.488   29.8288   0.3086480357948164
111.909   29.8082   0.3527977891087177
112.612   28.575   0.3633029727376265
73.5956   54.6851   0.9461267885436925
74.3141   55.9103   0.9328809034383763
75.7357   55.895   0.9129829023590764
74.3037   53.4528   0.9301545247968227
75.7253   53.4384   0.9107908815968684
76.4444   54.6634   0.8954727801558249
77.866   54.6485   0.8698019659669676
78.5856   55.873   0.8495729574321459
80.0072   55.8577   0.8168123774772277
75.7145   50.9816   0.9052984314578267
76.4337   52.2066   0.8920346798191211
77.8553   52.1927   0.8678050587545575
78.575   53.4172   0.8496182319136053
79.9966   53.4028   0.8185808023646793
80.7168   54.6269   0.7949904527728616
82.1384   54.6119   0.7566458418573393
82.859   55.8354   0.7273339398103211
84.2805   55.8197   0.681303302501906
76.4226   49.7497   0.8862022455399247
77.8442   49.7367   0.8640072569139693
78.5641   50.9613   0.8475866563366848
79.9857   50.9477   0.8189855981639729
80.706   52.1719   0.7970547659979226
82.1276   52.1578   0.7612506157632977
82.8483   53.3814   0.7335063053580398
84.2697   53.3667   0.6899023771520171
84.9909   54.5898   0.6563362095755495
86.4122   54.5742   0.6050209417863176
87.1339   55.7967   0.5660385234239819
88.555   55.7803   0.5074361437658945
77.8325   47.2805   0.8596081723669227
78.5526   48.505   0.8447513598686894
79.9743   48.4924   0.8191132278262908
80.6947   49.7166   0.7987505931140216
82.1164   49.7034   0.766101272678752
82.8372   50.9272   0.7397413669655093
84.2587   50.9133   0.6992804444570168
84.9799   52.1365   0.666799677564409
86.4013   52.1219   0.6183378607201756
87.1229   53.3445   0.5799414884279273
88.5441   53.329   0.5238662520147712
89.2662   54.551   0.48045670980849225
90.6872   54.5345   0.4175745562172126
91.4097   55.756   0.3704644922256408
92.8305   55.7385   0.30202655512388554
78.5405   46.0486   0.8418011938694343
79.9622   46.0369   0.8194265921972533
80.683   47.2611   0.8006470008686722
82.1047   47.2488   0.771675151861197
82.8257   48.4726   0.7466908865119508
84.2473   48.4596   0.7100142885886198
84.9686   49.6829   0.6786336124890969
86.3901   49.6692   0.6338503056716176
87.1118   50.892   0.5960695429226387
88.5331   50.8773   0.5430724169022042
89.2551   52.0995   0.4996963277831849
90.6762   52.0838   0.43929749600925533
91.3985   53.3054   0.39154201562539903
92.8195   53.2887   0.3248915357469317
93.5422   54.5098   0.2743080567537169
94.963   54.4922   0.20327166551194464
95.6861   55.7128   0.15176155639686956
97.1068   55.6945   0.07960967277912652
79.1603   44.9866   0.7233959704062495
79.8603   46.2236   0.710923723053325
81.2804   46.2339   0.6814620825842023
81.9798   47.4713   0.6630662485755089
83.3996   47.4822   0.6261385948813586
84.0982   48.72   0.6011187653034953
85.5177   48.7317   0.555728863745622
86.2156   49.9699   0.5239971183126854
87.6346   49.9824   0.4699790846410098
88.3316   51.2212   0.43192821162781253
89.7501   51.2346   0.369749617984931
90.4462   52.474   0.3265122509187069
91.8643   52.4884   0.25754343323020323
92.5594   53.7283   0.21088985276679123
93.9772   53.7436   0.1381421731405727
94.6716   54.9841   0.09173576183801135
96.0891   55.0002   0.041105352449526525
96.7831   56.2412   0.058463834975139906
77.7275   47.4421   0.7517553524917546
79.1477   47.4526   0.7254187962825333
79.848   48.6895   0.7115173434288157
81.2679   48.7006   0.6784022110813019
81.9675   49.938   0.6584700904369167
83.3871   49.9497   0.6176932976809775
84.086   51.1875   0.5913439777320826
85.5052   51.1999   0.5421226706198524
86.2031   52.4383   0.5095206963411814
87.6219   52.4515   0.4519989048659316
88.3189   53.6905   0.4136812420209549
89.7372   53.7046   0.3486416785182165
90.4332   54.9441   0.3059653248327336
91.8511   54.9591   0.23514876142561328
92.5462   56.1993   0.1899519412904224
93.9638   56.2151   0.11708667729507591
77.0145   48.6708   0.7669706448098241
77.7157   49.9073   0.7568778038758983
79.1358   49.9186   0.727600996425926
79.8363   51.1556   0.7122824229194479
81.2561   51.1674   0.6758440796515134
81.9558   52.4048   0.654495798305841
83.3753   52.4173   0.6103173354903184
84.0741   53.6552   0.5828241415727384
85.4932   53.6684   0.5304250182636571
86.1911   54.9069   0.4970066096139992
87.6097   54.9208   0.43664933298929987
88.3065   56.16   0.3980991082632554
89.7247   56.1748   0.33105096284409247
75.5829   51.1244   0.7981882610011228
77.0031   51.1361   0.7730766973593255
77.7045   52.3726   0.7613572617372223
79.1245   52.3847   0.7296876180942087
79.8251   53.6217   0.7125418514024313
81.2448   53.6343   0.6735225979876251
81.9445   54.8718   0.6505590903215475
83.3638   54.8851   0.603596106680617
84.0626   56.1231   0.5747134068385733
85.4815   56.137   0.5197928144943913
74.8698   52.3529   0.8131719190921443
75.572   53.5889   0.8043532930249013
76.9922   53.6015   0.7776573217041026
77.6936   54.838   0.7639162650448033
79.1135   54.8509   0.7304685140373972
79.8141   56.088   0.711309721570006
81.2337   56.1014   0.6702389424675366
73.4388   54.8044   0.8391332075421635
74.8592   54.8175   0.8181184938625946
75.5614   56.0535   0.806788200211182
76.9815   56.0669   0.7793162259314242
72.7254   56.0326   0.8490278263991106
109.697   29.1988   0.405587142301135
111.115   29.2192   0.46375580858896
111.805   30.4615   0.5069220551524656
105.455   29.1473   0.22995090780425093
106.873   29.1647   0.28497624462400256
107.563   30.4067   0.32581063518552983
108.981   30.4257   0.3877502288845233
109.671   31.6678   0.43366116957827594
111.089   31.6882   0.4947457528872779
101.214   29.1032   0.17126879458909225
102.632   29.1175   0.16056973562909924
103.323   30.359   0.17004946339227672
104.741   30.3749   0.20852208516125784
105.431   31.6167   0.24412398489292214
106.849   31.6343   0.30477849333573365
107.539   32.8762   0.35106745790517213
108.957   32.8954   0.4166701333189116
109.648   34.1374   0.4657592296455333
96.9717   29.0661   0.3078632326212419
98.3901   29.0775   0.2533202518552335
99.0819   30.3183   0.2208404401372164
100.5   30.3313   0.1761319959575766
101.191   31.5725   0.15697799208806046
102.609   31.5872   0.15521288606298156
103.3   32.8286   0.17312677435914126
104.718   32.8449   0.22189558355226488
105.408   34.0866   0.26441214041719097
106.826   34.1045   0.3305565760955312
107.517   35.3463   0.38040347001572034
108.935   35.3656   0.44924778240966384
92.7262   29.0348   0.4606838503789774
94.1454   29.0438   0.41271074616491543
94.8386   30.2839   0.38319222330313824
96.2573   30.2944   0.3280297242629092
96.9499   31.5348   0.2927312760878144
98.3682   31.5468   0.23565742084644808
99.0602   32.7876   0.20041362229150297
100.478   32.8011   0.15753824932377913
101.17   34.0422   0.1421205474236556
102.587   34.0573   0.15464759939941014
103.278   35.2987   0.18326017024983615
104.696   35.3154   0.24173979813013835
105.387   36.557   0.28941458152622374
106.805   36.5751   0.3600725482454877
107.496   37.8169   0.41218922838910044
88.4775   29.0084   0.5716476712101611
89.8972   29.0155   0.5401347424485866
90.592   30.2548   0.5224800474659296
92.0114   30.2632   0.48077692332307304
92.7055   31.5029   0.45407639225134794
94.1245   31.5125   0.4029504808285996
94.8179   32.7526   0.36869054774973625
96.2365   32.7636   0.310708303719102
96.9293   34.004   0.27150887646631555
98.3475   34.0166   0.2125237633771818
99.0397   35.2573   0.17576763069461632
100.457   35.2713   0.13817470825010744
101.149   36.5124   0.13194506432602868
102.567   36.528   0.16137924277923865
103.258   37.7693   0.20000174999234557
104.676   37.7863   0.26666398331983243
105.367   39.0279   0.3180066665967836
106.785   39.0461   0.3922411248199248
87.762   30.2366   0.5885708623436946
88.4576   31.4756   0.5747377662899835
89.8773   31.4833   0.5398837097005246
90.5722   32.7227   0.5169901449737714
91.9915   32.7316   0.47203103711514677
92.6858   33.9713   0.4406020199681349
94.1047   33.9816   0.3864522350821661
94.7984   35.2216   0.3480384748846037
96.2168   35.2333   0.28745644887530386
96.9099   36.4736   0.244955934812775
98.3279   36.4867   0.18505834215187522
99.0203   37.7274   0.148576781496974
100.438   37.7419   0.12096478826501392
101.13   38.9829   0.1294544707609593
102.547   38.999   0.1769905364701761
103.239   40.2402   0.22288447680356527
104.657   40.2576   0.2956213456433768
105.349   41.499   0.34934470083285635
86.323   32.6967   0.617595182947535
87.7429   32.7041   0.5894142685751692
88.4387   33.943   0.570459437646534
89.8583   33.9515   0.5323365101136682
90.5535   35.1908   0.5046825735053663
91.9727   35.2004   0.45657118831568855
92.6673   36.4401   0.4209658418446808
94.086   36.451   0.3639660835847227
94.7799   37.6909   0.32186995821294223
96.1982   37.7032   0.2589548995481638
96.8914   38.9435   0.2138837534737047
98.3093   38.9572   0.15435796059808768
99.002   40.1978   0.12117842217160513
100.42   40.2129   0.11215480373127346
101.112   41.4539   0.13747057867049828
102.529   41.4703   0.19968467642760912
103.221   42.7115   0.251016274372796
104.639   42.7291   0.32712807889265755
85.6084   33.9253   0.629836693119733
86.305   35.1638   0.6146281314746344
87.7248   35.1719   0.5831449991211438
88.4209   36.4108   0.5595195349583424
89.8404   36.4199   0.5182902951049736
90.5358   37.6591   0.48636967421910754
91.9549   37.6695   0.4353800179153846
92.6496   38.909   0.39581102814348224
94.0683   38.9206   0.3362806714635869
94.7623   40.1605   0.29086697990662425
96.1805   40.1734   0.22614440077083456
96.8739   41.4137   0.17915409568301882
98.2917   41.4279   0.12242201599385209
98.9845   42.6686   0.09824667933319432
100.402   42.6841   0.11673804007263365
101.094   43.9251   0.1567127946276264
102.512   43.9419   0.22761662944521469
103.204   45.1831   0.2818237924661456
84.171   36.3847   0.6511006834584032
85.591   36.3926   0.6251908508607609
86.2879   37.6311   0.6057215862093743
87.7077   37.6399   0.5709548318387364
88.404   38.8787   0.5432579221695715
89.8234   38.8886   0.49880361867171874
90.519   40.1277   0.463095249381808
91.938   40.1387   0.40909836225533885
92.6329   41.3782   0.3663031667894773
94.0514   41.3905   0.3041574920990778
94.7456   42.6304   0.25616233134479266
96.1637   42.6439   0.1898782241332558
96.8572   43.8842   0.1425132274562587
98.2749   43.8989   0.09301553633668375
98.9678   45.1396   0.08745947633047085
100.385   45.1556   0.13381050033535977
101.078   46.3967   0.18242162700732195
102.495   46.4137   0.2587428839601193
83.457   37.6135   0.6604471666984433
84.1547   38.8515   0.6447901441554474
85.5746   38.8601   0.6154309546976015
86.2718   40.0985   0.5922899036789345
87.6915   40.1081   0.5539302753957411
88.388   41.3468   0.522860841907289
89.8073   41.3574   0.475019873268477
90.5031   42.5965   0.4361859465870057
91.9219   42.6082   0.37917012013079265
92.6169   43.8477   0.3337290667592495
94.0353   43.8606   0.2691123371382307
94.7296   45.1005   0.2193591347539488
96.1475   45.1146   0.1520850091231888
96.8411   46.3549   0.10610400557943198
98.2587   46.3702   0.07381144897643076
98.9519   47.611   0.0938498801277905
100.369   47.6274   0.1592217635877714
101.062   48.8685   0.21109298898826637
82.0212   40.0719   0.6790445198954201
83.4413   40.0804   0.6539937690834687
84.1393   41.3184   0.6351577835467367
85.5592   41.3278   0.6021563667354175
86.2566   42.5661   0.5758383540543305
87.6761   42.5764   0.5338293828556084
88.3728   43.8151   0.4998527883287243
89.7919   43.8264   0.44842226751132624
90.4879   45.0655   0.4072702910844336
91.9065   45.0779   0.3470296961356479
92.6017   46.3174   0.29993716008524274
94.0199   46.3309   0.23287142375139086
94.7142   47.5709   0.1824009868394366
96.132   47.5856   0.11467981513762701
96.8258   48.826   0.0736683106905512
98.2433   48.8418   0.07362574278063055
98.9366   50.0827   0.1127563745426384
100.354   50.0993   0.18705106254710235
81.3077   41.3007   0.6887792824991172
82.0065   42.5382   0.6740970924132532
83.4265   42.5476   0.6452156848682451
84.1248   43.7855   0.6238206873773897
85.5446   43.7956   0.5868012355133568
86.2422   45.0339   0.558100797347576
87.6616   45.0449   0.5120655133867157
88.3584   46.2836   0.47607930011711547
89.7774   46.2956   0.4209017700129099
90.4734   47.5347   0.37820672918392206
91.8919   47.5478   0.31478915165551685
92.5871   48.7874   0.26698204059449615
94.0051   48.8015   0.19756254705788961
94.6995   50.0416   0.1474821345112676
96.1172   50.0569   0.08069231685854576
96.811   51.2975   0.0513506572499347
98.2285   51.3136   0.08951541766645638
98.922   52.5546   0.1356087386564732
79.8734   43.7578   0.7108853283054865
81.2936   43.7672   0.6851016712868246
81.9927   45.0047   0.668452578721932
83.4127   45.0148   0.6355946113679691
84.1112   46.2527   0.6121272580109481
85.5308   46.2636   0.5709058941717089
86.2285   47.5018   0.5404363144719256
87.6477   47.5136   0.4902772582937136
88.3447   48.7523   0.4529107086391333
89.7634   48.765   0.3941064323250785
90.4595   50.0042   0.35077298926799017
91.8778   50.0179   0.2844367943849747
92.573   51.2577   0.23681271080750552
93.9909   51.2724   0.1652825762141904
94.6853   52.5127   0.11659232393258197
96.1029   52.5284   0.053936814885572774
96.7968   53.7692   0.047456190323287226
98.2142   53.7857   0.11053777634817888
55.2905   84.4346   0.4164445101090911
56.7094   84.4108   0.46645387767709634
56.6869   81.9455   0.4997953281094185
57.4039   83.1709   0.5056444798472527
58.8232   83.1472   0.5511828281069745
59.5418   84.3716   0.5563474633715866
60.9614   84.3474   0.597606517702077
57.3829   80.7062   0.5366093085290282
58.8024   80.6831   0.5797230631948359
59.5198   81.9083   0.5837104076509191
60.9395   81.8846   0.6220202970964861
61.6584   83.1089   0.6248363465740467
63.0785   83.0848   0.6568405742644104
63.7989   84.3081   0.6581028567025057
65.2193   84.2836   0.6824196436211355
58.7841   78.219   0.608576585155885
59.5004   79.4448   0.6107999099541537
60.9203   79.4218   0.6470434684006978
61.638   80.6467   0.6478428358791966
63.0582   80.6232   0.6775327814947404
63.7774   81.8473   0.6764498651045786
65.1979   81.8234   0.6983681693777312
65.9186   83.0465   0.6950221363381189
67.3393   83.0223   0.7081059101575136
68.0615   84.2444   0.7027927930763116
69.4823   84.2199   0.7065645405764485
59.4834   76.9814   0.6394468312533904
60.9034   76.9591   0.6742114356787521
61.6202   78.1846   0.6726935483561622
63.0405   78.1618   0.701013416419403
63.7586   79.3864   0.6973333779477359
65.1792   79.3632   0.7179550194824211
65.8987   80.587   0.7115833893508176
67.3194   80.5633   0.7232256425210614
68.0404   81.7862   0.714097094238593
69.4613   81.7623   0.7162049008489159
70.1837   82.9842   0.7046002554640484
71.6047   82.9601   0.6970654273452406
72.3285   84.1812   0.6834471230461047
73.7495   84.1568   0.6663024988696978
60.8884   74.4965   0.7052619158865767
61.6045   75.7224   0.7008200981707091
63.0248   75.7004   0.7285601553749727
63.7421   76.9255   0.7222033370180481
65.1627   76.903   0.7423365678720169
65.8813   78.1274   0.7329915552037465
67.3021   78.1044   0.7444756678360983
68.0219   79.3279   0.7316748048142708
69.4429   79.3046   0.7335719392125116
70.1641   80.5273   0.7175433227338932
71.5851   80.5037   0.7095642465626377
72.3077   81.7254   0.6907031996451175
73.7287   81.7016   0.6730356974187909
74.4526   82.9225   0.651871168253358
75.8736   82.8985   0.6248953992469481
76.5986   84.1186   0.6022490680773185
78.0196   84.0946   0.566362904858718
61.5904   73.2603   0.7333958549105658
63.0109   73.239   0.7606020575833339
63.7275   74.4647   0.7516412841242822
65.1482   74.4429   0.7718353516132823
65.8659   75.6677   0.7599742495637606
67.2868   75.6455   0.7718345224204485
68.0057   76.8696   0.7561619998386623
69.4268   76.847   0.7586630411454124
70.1469   78.0702   0.738934158095295
71.5681   78.0473   0.7315232395488195
72.2895   79.2697   0.7079759176695204
73.7106   79.2465   0.6908202298717132
74.4332   80.468   0.6641907632600759
75.8543   80.4446   0.6375202036014258
76.5782   81.6653   0.6085090056852117
77.9992   81.6418   0.5731052782866323
78.7241   82.8617   0.5427525126611571
80.145   82.8382   0.49959585666817197
80.8708   84.0575   0.4687068273451948
62.9982   70.7778   0.7969811854742881
63.7143   72.0038   0.7856133718312099
65.1351   71.9828   0.8058693814756883
65.8522   73.2081   0.7919444614365356
67.2732   73.1866   0.8044763389932612
67.9914   74.4112   0.7867063683484491
69.4125   74.3893   0.7903887714283403
70.1318   75.6131   0.7679915950060924
71.553   75.5909   0.7621164018704752
72.2735   76.8138   0.7350345434059589
73.6947   76.7913   0.7192676622787946
74.4163   78.0134   0.6879069922598554
75.8375   77.9907   0.6625065961935774
76.5602   79.2119   0.6278856424541024
77.9814   79.189   0.5935130074396082
78.7052   80.4094   0.5565869743355509
80.1261   80.3864   0.5144919435715231
80.8509   81.6061   0.47655670176800957
82.2717   81.5833   0.42842588623938327
63.7023   69.5429   0.8231043068773234
65.1232   69.5227   0.8430374724767603
65.8399   70.7483   0.8276232778263324
67.2609   70.7277   0.8406642314265541
67.9785   71.9527   0.8216748079380336
69.3997   71.9316   0.8265652847779204
70.1184   73.1558   0.8029774841177069
71.5397   73.1344   0.7986001627848586
72.2594   74.3579   0.7697616449265348
73.6807   74.3362   0.7557102884042257
74.4014   75.5588   0.7216253460071934
75.8227   75.5368   0.6979126091424362
76.5445   76.7585   0.6592195840537536
77.9657   76.7362   0.6263583159821571
78.6885   77.9572   0.5841859721013499
80.1097   77.9347   0.5432800843027454
80.8334   79.1549   0.499064574980034
82.2544   79.1324   0.4518384003158661
82.9789   80.352   0.4073272640027966
65.8285   68.2885   0.8651337353265112
67.2496   68.2687   0.8778868719829442
67.9668   69.494   0.858779936887211
69.3881   69.4738   0.8642067171689914
70.1062   70.6984   0.8406581885641778
71.5276   70.6778   0.8376369261201417
72.2467   71.9017   0.8087282670959376
73.6681   71.8808   0.7964620078823624
74.3882   73.1039   0.7616662589349787
75.8096   73.0827   0.7397996755879255
76.5306   74.305   0.699336785819251
77.9519   74.2835   0.6683439982523982
78.6739   75.5048   0.6229737474404498
80.0951   75.4831   0.583629283021341
80.818   76.7037   0.5347195620135868
82.2391   76.6817   0.4885472443889142
82.9628   77.9016   0.438111789387138
84.3837   77.8798   0.38739629580056384
67.2391   65.8095   0.9133865392045158
67.956   67.0352   0.8951597902050807
69.3773   67.0158   0.9002539308439578
70.0951   68.2408   0.8780698092976436
71.5165   68.221   0.8755613856263923
72.2351   69.4453   0.8481589650531343
73.6566   69.4253   0.8370926890135908
74.3761   70.6488   0.8036750089432931
75.7976   70.6284   0.7835275681174233
76.518   71.8512   0.7436962417546558
77.9395   71.8305   0.7143642558247199
78.6608   73.0524   0.668593785493109
80.0821   73.0313   0.6306857854748277
80.8043   74.2524   0.5799249089321835
82.2255   74.2311   0.5347280897802198
82.9484   75.4514   0.4807177342266414
84.3695   75.43   0.4302905413787289
85.0931   76.6497   0.3753130693168055
67.9457   64.5761   0.9280892737231704
69.3671   64.5575   0.9321519725881655
70.0845   65.7828   0.9119478932482947
71.506   65.7639   0.9092545793120871
72.2243   66.9886   0.8844159089478207
73.6458   66.9694   0.8739249510112435
74.365   68.1934   0.8433449650054273
75.7865   68.1738   0.8242188908293749
76.5065   69.397   0.787171658534531
77.928   69.3771   0.7592413911266961
78.6488   70.5995   0.7154174795180811
80.0703   70.5793   0.6789046030187194
80.7918   71.8008   0.6290999523128293
82.2132   71.7802   0.584940244811383
82.9355   73.001   0.5301866275190262
84.3567   72.9801   0.4801515385792266
85.0797   74.2002   0.42259097245445293
86.5008   74.1793   0.3691875810479027
69.3572   62.099   0.9576816485659537
70.0745   63.3246   0.9402486160585419
71.496   63.3065   0.9363956695756355
72.214   64.5315   0.9147405315169994
73.6356   64.5131   0.9039396052834532
74.3544   65.7375   0.8771579219274059
75.776   65.7188   0.8584507964933142
76.4957   66.9424   0.8253362042222548
77.9172   66.9234   0.7982828884549683
78.6376   68.1463   0.7584406502818809
80.0592   68.1268   0.722876732230329
80.7803   69.3489   0.6763658551405456
82.2017   69.329   0.6329642406961096
82.9236   70.5502   0.5804856931914865
84.3449   70.53   0.530680629003928
85.0674   71.7505   0.47377788044610075
86.4886   71.7301   0.4196266435773578
87.2116   72.95   0.3607627198034743
70.0646   60.866   0.9611911672503064
71.4861   60.8488   0.9559913127220363
72.204   62.0741   0.9377119067176254
73.6256   62.0565   0.9260267490736958
74.3443   63.2812   0.9030178569662957
75.7659   63.2633   0.8840930776790449
76.4852   64.4874   0.8555727029306186
77.9069   64.4691   0.828732864076238
78.627   65.6925   0.7937110053413682
80.0485   65.6738   0.7588159855986178
80.7694   66.8964   0.7170477320234692
82.1908   66.8772   0.6741755335222469
82.9124   68.099   0.6259403885355221
84.3337   68.0794   0.5763270078696656
85.0559   69.3004   0.5226795289658864
86.4771   69.2805   0.46780864677772094
87.1998   70.5008   0.41057404935042024
88.6209   70.4808   0.3531173317751468
71.4763   58.3908   0.9675562515947089
72.1942   59.6163   0.952579928404963
73.6157   59.5996   0.939829308970517
74.3342   60.8246   0.9205386303681165
75.7559   60.8075   0.9010997891465763
76.4751   62.0319   0.876783776081655
77.8967   62.0145   0.8500077764350171
78.6166   63.2382   0.8196651084436869
80.0381   63.2203   0.785080333469131
80.7587   64.4434   0.7484599187665316
82.1802   64.425   0.7060016572218528
82.9015   65.6473   0.6628311172538608
84.3229   65.6284   0.6132946274018694
85.0448   66.8499   0.5642527890936843
86.466   66.8305   0.5089368723132597
87.1885   68.0513   0.4553233905698237
88.6096   68.0316   0.39623949828355304
89.3326   69.2519   0.3400586567049862
72.1842   57.1583   0.9597357240407386
73.6058   57.1424   0.946207635775573
74.3242   58.3676   0.9301354417502885
75.7459   58.3514   0.9102089979779384
76.4649   59.576   0.889521062145244
77.8866   59.5595   0.86272541402233
78.6063   60.7835   0.8366033767562754
80.0279   60.7665   0.8022694372840083
80.7483   61.9898   0.7701290411353161
82.1698   61.9723   0.7281681124575603
82.8909   63.195   0.6899436933547545
84.3122   63.1768   0.6405266973358745
85.0339   64.3988   0.5964591100821615
86.4552   64.3801   0.5407593642277511
87.1775   65.6013   0.49161721898241256
88.5986   65.5821   0.4312633881979799
89.3213   66.8027   0.3787396599248635
90.7424   66.7833   0.3161074817210145
76.4548   57.1198   0.895219978552758
77.8764   57.1041   0.8686352859514758
78.596   58.3284   0.8458624001573798
80.0176   58.3122   0.8120949513449787
80.7379   59.5359   0.783684126418294
82.1594   59.5192   0.7422743697582477
82.8803   60.7422   0.7080495815972222
84.3016   60.7249   0.659215002863256
85.0232   61.9472   0.6192959308763485
86.4444   61.9292   0.5636912097948686
87.1665   63.1508   0.5187153554696461
88.5876   63.1322   0.45766793639056985
89.3102   64.3532   0.4088543628237363
90.7312   64.3341   0.34430852443702453
91.4543   65.5546   0.29336903381236556
80.7274   57.0816   0.791161235147426
82.1489   57.0657   0.7509160538968402
82.8697   58.289   0.7196334275170942
84.2911   58.2725   0.6718241883111999
85.0124   59.4951   0.6350393767318717
86.4337   59.4779   0.5799925947803157
87.1556   60.6999   0.5382101448319244
88.5767   60.6819   0.4770958289484424
89.2992   61.9032   0.43123522583388557
90.7201   61.8847   0.3656046772129711
91.4431   63.1054   0.3171378249279029
92.8639   63.0864   0.24929773364393196
85.0017   57.0426   0.6464651962789674
86.423   57.0262   0.592856896729728
87.1447   58.2485   0.5529140710815746
88.5659   58.2313   0.4926503222367798
89.2881   59.4529   0.4484957747850061
90.7091   59.4349   0.3828689593059216
91.4319   60.656   0.3358505173436537
92.8527   60.6374   0.2667382612224962
93.5759   61.858   0.2184923568457259
89.2771   57.0022   0.46404304757209824
90.6981   56.9849   0.3992749804332875
91.4207   58.2061   0.3525549744366128
92.8416   58.1881   0.283302294378284
93.5646   59.4089   0.23498599958295743
94.9854   59.3902   0.16317061622731094
93.5534   56.9595   0.25274542528006305
94.9742   56.9413   0.18079944690181088
95.6974   58.1619   0.13114240351617848
94.6583   57.4558   0.07434204732181755
96.0757   57.4723   0.04558245276419692
90.4205   57.4145   0.2887976800460838
91.8383   57.4301   0.21720545573258634
92.5332   58.6705   0.17335391544467849
93.9507   58.6868   0.10254803752388247
94.645   59.9277   0.06512058046424357
86.1792   57.3757   0.48536671702950296
87.5976   57.3904   0.4230619458188134
88.2942   58.6298   0.38386303546968614
89.7122   58.6452   0.3156692889718573
90.4077   59.8852   0.27328419273715854
91.8254   59.9014   0.20215452010776627
92.5201   61.142   0.15922992809142172
93.9376   61.1587   0.09351181743502046
81.9333   57.339   0.6452531751181098
83.3525   57.353   0.5962925624221741
84.0511   58.5913   0.5654160503558436
85.4698   58.6059   0.5087226847703974
86.1672   59.8449   0.47244963752763935
87.5855   59.8603   0.40904349401989043
88.2817   61.0999   0.368173586776672
89.6996   61.116   0.30008867022931873
90.3947   62.3562   0.2566280187352918
91.8124   62.3729   0.18756852081306022
92.5066   63.6137   0.14513945018498997
77.683   57.3035   0.763085440825601
79.1028   57.3172   0.7284851199578468
79.8033   58.5544   0.7066293936711102
81.2227   58.5686   0.6642283793997397
81.9221   59.8064   0.6364542481592843
83.3412   59.8212   0.586141186063565
84.0393   61.0596   0.5522575305054709
85.458   61.0751   0.4946464292805527
86.1548   62.3143   0.4553514357065308
87.573   62.3303   0.3916800990604428
88.2687   63.5702   0.3481268303363024
89.6865   63.5869   0.2812098504675791
90.3811   64.8274   0.23573673875745516
91.7987   64.8446   0.17064893788125463
73.4284   57.2682   0.8393286245565557
74.8487   57.2821   0.8183213610801071
75.5509   58.5182   0.8041137233003819
76.971   58.5323   0.7763835971992203
77.6723   59.769   0.756967865896566
79.092   59.7836   0.7217408260587748
79.7922   61.0209   0.6963947946387902
81.2116   61.0359   0.6531394567778016
81.9105   62.274   0.6214824695838188
83.3295   62.2895   0.5704860471562818
84.0271   63.5283   0.5324950891792337
85.4456   63.5444   0.4745389551975682
86.1418   64.7839   0.43104891833758135
87.5599   64.8006   0.3681022412319724
88.2549   66.0408   0.3210256376054742
89.6727   66.058   0.2563958072980139
90.3666   67.2988   0.20905142907907243
71.2946   58.4819   0.8597257818630313
72.715   58.4963   0.845594453624197
73.418   59.732   0.8328064240866576
74.8383   59.7467   0.8122598783640621
75.5403   60.9829   0.7945497152475749
76.9603   60.9979   0.7668959773007045
77.6613   62.2347   0.7436041823443449
79.0809   62.2501   0.7079690247461407
79.7807   63.4876   0.6781904304839453
81.1999   63.5034   0.6345003861306957
81.8983   64.7417   0.5979469625309581
83.3171   64.758   0.5465453412115043
84.014   65.9971   0.5035470683064298
85.4324   66.0139   0.44584992990915673
86.1279   67.2537   0.3978260172487477
87.5459   67.2711   0.33630506983987424
88.2401   68.5115   0.28575923432148076
89.6579   68.5292   0.22528244494412075
70.5805   59.7096   0.8597421590221098
71.2842   60.9447   0.8476953049297858
72.7046   60.96   0.8347925490803078
73.4074   62.1958   0.81833692938789
74.8276   62.2113   0.7985339191293037
75.5293   63.4477   0.7767612825057661
76.9492   63.4635   0.7491971235929837
77.6497   64.7005   0.7211324774269978
79.0693   64.7167   0.685390516421111
79.7684   65.9545   0.6503871001180778
81.1876   65.971   0.6062668471885979
81.8852   67.2096   0.5644001594613519
83.3039   67.2267   0.5128721965558292
83.9999   68.466   0.4649203372622014
85.4182   68.4836   0.4078108017206038
86.1128   69.7237   0.35602280825812255
87.5307   69.7416   0.2966994944383954
88.2241   70.9824   0.24481578788959263
69.1495   62.1564   0.847987912649703
70.5701   62.1723   0.8427356228379118
71.2735   63.4076   0.8272234522787661
72.6939   63.4236   0.8155581279099614
73.3963   64.6596   0.7952403095920137
74.8165   64.6759   0.776020276796941
75.5177   65.9125   0.7498031008204765
76.9375   65.9291   0.7221694814930942
77.6374   67.1664   0.6892016395801726
79.0568   67.1833   0.6529698691363948
79.7552   68.4214   0.6129188363886396
81.1742   68.4387   0.5682032118881425
81.8709   69.6776   0.5217295084620035
83.2895   69.6954   0.47000047872316175
83.9846   70.9351   0.4185234163102468
85.4028   70.9533   0.36244747205629396
86.0964   72.1938   0.3089697881670625
87.5143   72.2122   0.25336171770810767
68.4346   63.3834   0.8357658404122529
69.1388   64.6182   0.8213742265252809
70.5592   64.6349   0.8175784060259895
71.2624   65.8704   0.7988740889526956
72.6827   65.8872   0.7879466352488614
73.3846   67.1234   0.7638904502610305
74.8046   67.1405   0.7446516836749901
75.5052   68.3773   0.7142267777113972
76.9249   68.3947   0.6860884345330418
77.624   69.6323   0.6487516242754222
79.0433   69.65   0.6116679900076504
79.7408   70.8885   0.5676599334108379
81.1596   70.9065   0.5223207252254117
81.8554   72.1458   0.47290993857181535
83.2738   72.1643   0.421301091857115
83.9679   73.4044   0.36864900650890003
85.386   73.4231   0.3142718091079748
86.0788   74.664   0.2628922402810763
67.0031   65.8276   0.8006904832705327
68.4236   65.8449   0.8048852402672068
69.1274   67.0799   0.7880431333372535
70.5478   67.0974   0.7852826879538335
71.2504   68.3331   0.7638255494548489
72.6706   68.3507   0.7529400108906404
73.3719   69.5871   0.7257862633034606
74.7918   69.605   0.7058811939696389
75.4917   70.8422   0.6722053555276069
76.9112   70.8603   0.6430303647573737
77.6094   72.0983   0.6028627041043386
79.0285   72.1167   0.5645622197774113
79.725   73.3556   0.5187552120220106
81.1437   73.3744   0.47281756524054697
81.8384   74.6142   0.4231071495496114
83.2567   74.6333   0.37200961009092337
83.95   75.8739   0.32171345946354163
85.3679   75.8931   0.2702189482623375
66.2871   67.0537   0.7780220433895155
66.9915   68.2882   0.7635902435207013
68.412   68.3063   0.7686587604392474
69.1152   69.5416   0.7503542163538502
70.5355   69.5598   0.7477105990956667
71.2375   70.7958   0.7243925524189205
72.6576   70.8142   0.7129362594229597
73.3581   72.0509   0.6837139972239862
74.7779   72.0695   0.6626638212547886
75.4768   73.3071   0.6274499581639961
76.8962   73.326   0.5967697210817539
77.5934   74.5645   0.5559823288558734
79.0124   74.5836   0.516693613275801
79.7078   75.8231   0.4717648248863
81.1263   75.8425   0.425350749382204
81.8201   77.0829   0.37864202091157595
83.2383   77.1025   0.3285910680465902
83.9306   78.3437   0.2836771404255206
64.8546   69.4953   0.7263700296680768
66.2751   69.514   0.7390778646394428
66.979   70.7488   0.7243960311873615
68.3993   70.7676   0.729790579550051
69.1019   72.0032   0.7109150793167948
70.5221   72.0221   0.7077160164924879
71.2233   73.2585   0.6836979084361757
72.6433   73.2776   0.6710068032441979
73.3429   74.5148   0.6415770101866163
74.7625   74.5341   0.6190176087963919
75.4604   75.7723   0.5842798815636225
76.8797   75.7918   0.5523655764075097
77.5758   77.0309   0.5134964556839741
78.9947   77.0507   0.4731942624335133
79.689   78.2908   0.4319062977081932
81.1075   78.3108   0.3856326231013116
81.8003   79.5519   0.3444012485459348
83.2184   79.572   0.29599630065256294
64.1372   70.7203   0.6974445067530463
64.8416   71.9547   0.6867919699588818
66.2621   71.9741   0.6998675660437478
66.9652   73.2093   0.6859443563438663
68.3855   73.2288   0.690835877759686
69.0873   74.4648   0.6725870426941036
70.5074   74.4845   0.6683713788007413
71.2076   75.7213   0.6452170332531523
72.6275   75.7411   0.6311467024392982
73.3261   76.9789   0.6032753517258916
74.7456   76.9989   0.5793125322310909
75.4424   78.2377   0.5474647203245194
76.8615   78.2579   0.5143631790865327
77.5566   79.4977   0.4797514564855415
78.9753   79.5181   0.43905866350637374
79.6687   80.7589   0.40346743363002524
81.087   80.7794   0.357483580042496
81.7789   82.0211   0.32313955189669996
62.7032   73.1593   0.6382555052641533
64.1236   73.1793   0.6586511292027039
64.8273   74.414   0.6496766426461673
66.2477   74.4342   0.6626449275441555
66.95   75.6698   0.6502734578621527
68.3702   75.69   0.6545137813675092
69.071   76.9265   0.6379632434552943
70.491   76.9469   0.6326254579132929
71.1902   78.1843   0.6118275655771004
72.61   78.2048   0.5967055220123247
73.3074   79.4432   0.5720310655899713
74.7268   79.4638   0.5473621652982607
75.4225   80.7033   0.5198575766496071
76.8415   80.7241   0.48645610284998797
77.5354   81.9646   0.45739901617734074
78.9541   81.9856   0.4168499130382496
79.6465   83.2271   0.3876568843707019
81.0648   83.2481   0.34257158376024477
61.984   74.3831   0.6065149709611477
62.6881   75.6175   0.6022024493473938
64.1085   75.6382   0.623034469351419
64.8113   76.8734   0.61610562406133
66.2316   76.8942   0.6290193478741353
66.9329   78.1303   0.6185966294767531
68.3531   78.1513   0.622573216577778
69.0527   79.3883   0.6084465794135129
70.4727   79.4093   0.6028578107646958
71.1707   80.6474   0.585346982566753
72.5904   80.6685   0.5698930075022853
73.2865   81.9076   0.5495869267004115
74.7059   81.9289   0.5249743422301669
75.4003   83.169   0.5027427274461549
76.8194   83.1905   0.46985854254232834
77.5122   84.4316   0.4467699631801594
78.9308   84.4532   0.4069566070234053
60.5477   76.8194   0.5433185621714027
61.9681   76.8408   0.5716861813967524
62.6713   78.0756   0.5694569781818486
64.0916   78.097   0.5909355802454278
64.7933   79.3327   0.5860700811336508
66.2136   79.3543   0.5995199579663698
66.9137   80.5909   0.591374534453423
68.3338   80.6125   0.5958716892083354
69.0322   81.8502   0.5847447648333443
70.4521   81.8719   0.5796876831536126
71.1487   83.1106   0.5658742351441725
72.5684   83.1323   0.5514762914214882
73.2632   84.3721   0.53582305848106
74.6826   84.394   0.5124364350824377
59.8263   78.0419   0.5082471937945174
60.5298   79.2763   0.5098077382700257
61.9502   79.2983   0.5393197289178316
62.6522   80.5337   0.538791620202097
64.0725   80.5558   0.561658944556218
64.773   81.7921   0.5585189790866545
66.1932   81.8142   0.57338808847063
66.8919   83.0516   0.5676190447826784
68.312   83.0738   0.5736975945565733
69.009   84.3122   0.565576970889023
70.4289   84.3344   0.5625532152605648
58.387   80.4754   0.43773871201894066
59.8073   80.498   0.4740301572685003
60.5097   81.733   0.4765189712907568
61.9299   81.7557   0.5079659142107871
62.6307   82.9917   0.5085185247363164
64.0509   83.0144   0.5335626205048457
64.7499   84.2514   0.5317789954482989
66.1701   84.2741   0.5492492876645403
57.6631   81.6961   0.39672194292728463
58.3658   82.9307   0.4009273624984953
59.7859   82.954   0.4388881064690609
60.487   84.1897   0.4415783169495537
61.9071   84.2129   0.4754998317560177
56.2205   84.1268   0.3179528424153512
57.6406   84.1506   0.35786306040159976
46.9846   99.3513   0.3991660807232967
48.4038   99.3303   0.3531968431342457
49.1299   100.551   0.35214528251845145
50.5488   100.529   0.3016682283569101
51.2763   101.749   0.29910688724935414
52.6951   101.725   0.2454345126505226
53.4236   102.945   0.2414089683503862
54.8421   102.92   0.18924389025804378
55.5715   104.139   0.18265957407154496
56.9897   104.114   0.1442619839042889
57.7198   105.332   0.13422656219988177
59.1378   105.307   0.13241412311381395
59.8683   106.525   0.12389778044824205
61.2862   106.499   0.16762723525728201
62.0174   107.716   0.1624017241287787
48.3678   96.8667   0.3121005607172097
49.0921   98.0886   0.31120702112902277
50.5109   98.0662   0.26209389538865335
51.2367   99.2871   0.25927146005682356
52.6552   99.2636   0.2126587407091438
53.3824   100.484   0.20780664089484313
54.8007   100.459   0.17212286309494398
55.5289   101.679   0.1653470592420683
56.9471   101.654   0.15853999495395105
57.6761   102.872   0.14981658786662916
59.0941   102.847   0.1820418907834159
59.8239   104.065   0.17632674215784788
49.0562   95.6249   0.27253750200660193
50.4748   95.6025   0.2295528043827867
51.1988   96.8244   0.2273184110449448
52.6172   96.8009   0.1948183256267239
53.3427   98.0218   0.1904160182337564
54.7609   97.9975   0.18052487363241917
55.4878   99.2176   0.17487052353098148
56.9059   99.1925   0.19678785531632334
57.6339   100.412   0.19198645785576346
50.4408   93.1377   0.2090024162539653
51.1629   94.3607   0.20833437066408206
52.5812   94.3372   0.19638497905897942
53.3049   95.5591   0.1942411902764174
54.7231   95.5348   0.20896473386675155
55.4484   96.7558   0.20642155895157518
51.1293   91.8958   0.2056183600751611
52.5475   91.8724   0.21525717177367026
53.2694   93.0954   0.21592123563929802
40.0829   111.751   0.4753072690376175
40.7729   110.51   0.500766432581098
42.1928   110.496   0.5129706911705535
42.9239   111.714   0.5074926797501588
44.3439   111.698   0.515542646150632
42.1526   108.036   0.5305913399217892
42.8826   109.255   0.5254609595393315
44.3026   109.238   0.5252647427726292
45.0336   110.456   0.5222751190703987
46.4536   110.438   0.5162870325700625
47.1854   111.655   0.5138822822398141
48.6054   111.635   0.5002078068163297
42.8425   106.795   0.5340038389375124
44.2625   106.777   0.5252058834400084
44.9923   107.997   0.5232129776677946
46.4122   107.978   0.508604758137392
47.143   109.196   0.5069758376885404
48.563   109.175   0.4849383053543997
49.2945   110.393   0.4836145676052357
50.7144   110.371   0.4531200834216024
51.4464   111.589   0.45129286500010185
52.8661   111.566   0.4120634053152506
44.2238   104.316   0.5162279050961871
44.9521   105.536   0.5141182062522199
46.372   105.517   0.49178711857875884
47.1015   106.736   0.4907530539894798
48.5213   106.715   0.4609681984692647
49.2519   107.934   0.4601170503252369
50.6715   107.912   0.42246339486398066
51.4028   109.13   0.42087457751686186
52.8222   109.107   0.3750233059424409
53.5539   110.324   0.37181836963764847
54.9731   110.301   0.31793971126614373
55.7053   111.518   0.31368984682325957
57.1241   111.493   0.2515942169446626
44.9133   103.075   0.497056666789614
46.333   103.055   0.46712667446850054
47.0611   104.275   0.4663076881201936
48.4807   104.255   0.4299759295588504
49.21   105.474   0.42897692245621094
50.6294   105.451   0.38474583818411145
51.3597   106.67   0.3832855984771636
52.7788   106.647   0.33206749313957507
53.5097   107.865   0.32915232036246744
54.9286   107.841   0.27144570359465464
55.6599   109.059   0.2666319560742881
57.0785   109.034   0.20359194483083498
57.8103   110.251   0.19701984671601291
59.2285   110.226   0.13299101473407685
59.9609   111.443   0.12435131684062747
61.3789   111.418   0.07647862446462118
46.2957   100.593   0.4361372490397963
47.0221   101.814   0.4352131431838831
48.4415   101.793   0.3932800020341738
49.1692   103.013   0.39218369420464155
50.5885   102.991   0.3438351930794738
51.3174   104.21   0.3416640016156212
52.7364   104.186   0.28720315109691685
53.4662   105.405   0.28393309070976175
54.8848   105.381   0.22625604964287915
55.6153   106.599   0.22022073017770394
57.0336   106.574   0.16290672177660218
57.7645   107.792   0.1549610273584939
59.1826   107.767   0.11181185089246802
59.9141   108.984   0.10082306283782282
61.332   108.958   0.10665237925146843
62.0641   110.175   0.09825477087652788
63.482   110.149   0.15666314180432142
64.2147   111.366   0.1522090010479035
45.312   102.367   0.6578928864184491
46.7324   102.386   0.636725945756886
47.4256   103.625   0.641250255360573
48.8459   103.645   0.6137092308251545
49.5378   104.885   0.6182482672842655
50.9578   104.907   0.5827664883982274
51.6488   106.147   0.5865298798867766
53.0684   106.17   0.542901510404971
53.7586   107.412   0.5449909724022939
55.1779   107.436   0.49339933117100876
55.8674   108.677   0.49418960936061496
57.2864   108.702   0.435595982534274
57.9752   109.944   0.43477787432204906
59.3939   109.97   0.3703521837386686
60.0819   111.212   0.3683100324454909
61.5004   111.239   0.2995517484509137
62.1877   112.481   0.29652551323621384
63.606   112.509   0.2251107505207169
44.5797   103.584   0.6835491204002814
45.2728   104.823   0.686504399111907
46.6932   104.842   0.6729908766097779
47.3851   106.082   0.6767700421856765
48.8053   106.102   0.6565514831298438
49.4961   107.342   0.660179445302563
50.9161   107.364   0.6317673780751881
51.6062   108.605   0.6343629875709964
53.0259   108.627   0.5972480640403947
53.7152   109.869   0.5982053995075609
55.1347   109.893   0.5523008690921983
55.8234   111.134   0.5519484758562152
57.2426   111.159   0.49831034506620236
57.9306   112.401   0.4962751756838135
59.3495   112.427   0.436158228169546
43.1198   106.025   0.702954002762624
44.5403   106.041   0.7028654636557418
45.2321   107.281   0.7049697369391086
46.6524   107.299   0.6999231172064525
47.3431   108.539   0.7025567663897321
48.7633   108.559   0.690209511670189
49.4533   109.8   0.6922154650107137
50.8733   109.821   0.6714969620184451
51.5626   111.063   0.6720367549472254
52.9824   111.085   0.642334087527667
53.6711   112.327   0.6414231754466003
55.0907   112.35   0.6025286466218859
42.3874   107.242   0.7045918392942114
43.0791   108.482   0.7033871480202072
44.4994   108.498   0.7119382557497521
45.1901   109.739   0.7123509036984498
46.6103   109.757   0.7154929559401686
47.3002   110.998   0.7163694926502645
48.7203   111.017   0.7124773470083093
49.4096   112.259   0.7121854252931604
50.8297   112.28   0.6994546804475597
40.9265   109.686   0.6747215796163594
42.3466   109.7   0.6947487387538027
43.0374   110.94   0.69195822128218
44.4574   110.956   0.7088953448852653
45.1474   112.197   0.7073125829504213
46.5674   112.215   0.7188749334898236
40.1943   110.904   0.6520082054698376
40.8852   112.144   0.644728198545711
42.305   112.158   0.6728529185490663
51.8702   91.4195   0.24842978887403946
51.1402   92.6357   0.2905248526374307
51.8384   93.8722   0.2936494679034846
53.2582   93.8964   0.24807893904965153
53.9546   95.134   0.24863881434723675
49.6878   95.0651   0.394898771839065
51.1078   95.0882   0.34557007972334314
51.8043   96.3256   0.3487617811630174
53.2239   96.3498   0.29696984695419865
53.9188   97.5882   0.2980819518186222
55.338   97.6133   0.24605848898178898
56.0314   98.8526   0.24442530556388758
48.9568   96.2813   0.4494399403702338
49.6533   97.5187   0.45435867989948175
51.0732   97.5415   0.4056484438525551
51.7681   98.7799   0.4091817322413102
53.1876   98.8039   0.35560620073334187
53.881   100.043   0.357357999770535
55.3002   100.068   0.2999658980617623
55.9924   101.308   0.29967565800378043
57.4112   101.334   0.2407755801571223
58.1024   102.574   0.23798834005051894
47.5016   98.7138   0.5478392556215714
48.9218   98.7349   0.5079993897634144
49.6167   99.9732   0.5130097562425076
51.0366   99.9958   0.4670233934183577
51.73   101.235   0.4710289375399334
53.1495   101.259   0.4186649376291265
53.8417   102.499   0.42104377444631463
55.2608   102.523   0.36313695763444614
55.952   103.764   0.3636116334772568
57.3708   103.789   0.3010667367877097
58.0612   105.03   0.2999720820343105
59.4798   105.057   0.23482325268167067
60.1693   106.298   0.23179225612603993
46.7698   99.9305   0.5927174453312452
47.4646   101.169   0.5978672511519596
48.8848   101.19   0.5633624499378683
49.5781   102.429   0.5683285317490214
50.998   102.451   0.527058943572728
51.6901   103.691   0.5310059321702529
53.1097   103.714   0.48240121268503994
53.8008   104.955   0.4849145285511676
55.22   104.979   0.42908834754628267
55.9103   106.22   0.4302203853840492
57.3292   106.245   0.3682283530636902
58.0188   107.487   0.36773297377309144
59.4374   107.513   0.3010511750516808
60.1262   108.755   0.2992287586446195
61.5446   108.782   0.22989206162893105
62.2326   110.024   0.22670632986310504
63.4353   107.69   0.22984927670106106
64.1672   108.907   0.22675916740013147
65.5853   108.88   0.2996155870444695
66.3179   110.097   0.29648293374155776
61.2418   104.039   0.23476788536765536
61.9722   105.257   0.2317414507592475
63.3902   105.231   0.30117976359642706
64.1213   106.448   0.2992972602614326
65.5395   106.421   0.37033768374282505
66.2713   107.638   0.3683121637958762
67.6898   107.612   0.4361379368961151
59.0519   100.386   0.24077416804964535
59.7808   101.605   0.23771945650282666
61.1988   101.579   0.3011012786422527
61.9284   102.798   0.2999673315546224
63.3466   102.771   0.3681722422997129
64.0769   103.989   0.3676969540260038
65.4954   103.962   0.4355184955888793
66.2264   105.18   0.43484479989992014
67.6452   105.153   0.49834995735928644
68.377   106.37   0.49610593626765226
56.8666   96.7308   0.2460474344511719
57.5932   97.9509   0.2443654640083183
59.0114   97.9254   0.3000692253464211
59.7392   99.1448   0.2996495619886702
61.1574   99.119   0.36307119136610244
61.8862   100.338   0.3637437284682716
63.3046   100.312   0.42918662607309
64.0342   101.53   0.43012292429025656
65.4529   101.503   0.49350149949113964
66.1833   102.721   0.49416891848840777
67.6023   102.694   0.5524078927748954
68.3335   103.912   0.5517412890114357
69.7529   103.885   0.6023657360773444
54.6876   93.0712   0.24810796037209365
55.4112   94.2931   0.24858392948861613
56.8294   94.2682   0.2970221540558845
57.5545   95.4892   0.2980304011338481
58.9729   95.4638   0.35558093312212286
59.6994   96.6839   0.35735443190199906
61.1179   96.6582   0.4187853029894947
61.8456   97.8776   0.42112660804086244
63.2644   97.8515   0.4822682863303383
63.9931   99.0702   0.4848161816606408
65.4121   99.0439   0.5428305444611625
66.1418   100.262   0.5449375468803743
67.5612   100.235   0.5970312554632307
68.2916   101.453   0.5980666852450494
69.7113   101.427   0.6421865305345504
70.4424   102.644   0.6412551520260878
52.5165   89.4067   0.24518136144495487
53.2365   90.6307   0.24840565613528262
54.6548   90.6066   0.2905274857909331
55.3765   91.8295   0.2935517330897571
56.7949   91.8048   0.3455034876813849
57.5183   93.0267   0.3487504265230358
58.9368   93.0015   0.40558364118884255
59.6618   94.2224   0.40912543308867755
61.0806   94.1968   0.467031626338089
61.8071   95.4169   0.47097636883394034
63.2261   95.391   0.5269804076054444
63.9538   96.6104   0.5310094726085405
65.3732   96.5842   0.5827780795465791
66.102   97.8029   0.5863356888336247
67.5217   97.7765   0.631678977012851
68.2514   98.9946   0.6342064805723763
69.6714   98.9682   0.6713782689363704
70.4019   100.186   0.6721667352673748
71.8221   100.16   0.699444207925122
53.2064   88.1651   0.28544570411901327
54.6248   88.1412   0.3326095608968569
55.3447   89.3651   0.3374407355373651
56.7633   89.3406   0.39005848279456945
57.4849   90.5635   0.3949574913835668
58.9037   90.5385   0.449414051849741
59.627   91.7604   0.454376198760454
61.046   91.735   0.5080086711858387
61.771   92.9559   0.5129294103480498
63.1903   92.9302   0.5633683430935741
63.9168   94.1502   0.5683106632819785
65.3364   94.1243   0.6136406603216612
66.0642   95.3436   0.6181162026674276
67.4842   95.3175   0.6565502113319301
68.2131   96.536   0.6602050742004333
69.6333   96.5098   0.6900978046625007
70.3631   97.7279   0.6922441043447037
71.7836   97.7016   0.7122285939219243
72.514   98.9193   0.7121932743293802
54.5978   85.6753   0.37250402682387146
55.3161   86.9001   0.37855739327082255
56.7348   86.8759   0.4302301941984093
57.4547   88.0997   0.43607675929817896
58.8736   88.075   0.4876563031480261
59.5953   89.2978   0.49326660134251743
61.0145   89.2727   0.5424409276594101
61.7379   90.4945   0.547726409806941
63.1575   90.4691   0.5925624861565262
63.8825   91.6899   0.5977733182402849
65.3023   91.6643   0.6366721134147444
66.0289   92.8842   0.6413157880482945
67.449   92.8584   0.6729746800586235
68.1769   94.0775   0.6768960998558049
69.5973   94.0515   0.6998417035301618
70.3263   95.27   0.7024212197819769
71.7469   95.244   0.7156532121076529
72.4767   96.462   0.7163662820094233
73.8974   96.4361   0.7189327854535511
57.4277   85.6355   0.47265637623965423
58.8469   85.6112   0.5210037331920002
59.5669   86.8349   0.5267916760921744
60.9864   86.8102   0.5716746714697089
61.7081   88.0328   0.5767477438187357
63.1279   88.0078   0.6165101864527499
63.8513   89.2294   0.620953138328487
65.2714   89.2041   0.6540915379363987
65.9965   90.4248   0.6579496029332368
67.4168   90.3993   0.6833594149494125
68.1434   91.6191   0.6864234407419381
69.564   91.5934   0.7029793382454427
70.2919   92.8125   0.7050154820995072
71.7126   92.7867   0.7119317663933861
72.4415   94.0051   0.7124016072413096
73.8623   93.9794   0.7088645145583161
74.592   95.1974   0.7071985435505356
61.6816   85.5709   0.6018278574476281
63.1016   85.5463   0.6372014830491239
63.8235   86.7688   0.6403093783476871
65.2437   86.7439   0.6684529452399769
65.9673   87.9654   0.6706002833283062
67.3877   87.9403   0.6906003547638835
68.1129   89.1608   0.691766282786318
69.5336   89.1355   0.7028176008040781
70.2602   90.3552   0.7030019274511295
71.681   90.3298   0.704514087864821
72.4088   91.5487   0.703296679929601
73.8297   91.5232   0.6946670569416703
74.5585   92.7416   0.6918121782680604
75.9793   92.7163   0.672810649440096
65.9413   85.506   0.6821058275663718
67.3619   85.4812   0.6979460795792171
68.0856   86.7026   0.6962057023610199
69.5064   86.6777   0.7029682994275057
70.2316   87.8982   0.6998576498117317
71.6524   87.8731   0.697209416172791
72.379   89.0927   0.6929314396100108
73.7999   89.0675   0.6803171392813814
74.5276   90.2864   0.6745396207784967
75.9485   90.2613   0.6519756897308385
76.6771   91.4797   0.6444684476372797
70.2061   85.4412   0.6994641520478381
71.627   85.4165   0.6936410743316768
72.3522   86.6369   0.6851086118273529
73.7732   86.6121   0.6695410592338576
74.4996   87.8316   0.6597324154534185
75.9206   87.8068   0.634550399889564
76.6481   89.0257   0.6232161823958065
78.0688   89.001   0.5887868969330095
74.4746   85.377   0.6510592983745823
75.8956   85.3526   0.6244760123495545
76.6219   86.5721   0.6079934374645836
78.0427   86.5477   0.5724005415790583
78.77   87.7666   0.5546844959073594
78.7457   85.314   0.5426411060728858
80.1664   85.2902   0.49901817602167947
65.6327   111.339   0.2250189325367991
79.6222   85.6951   0.38415129831877864
75.3758   85.6348   0.4956113598375247
76.7948   85.6568   0.4639476263545251
77.4865   86.8985   0.446588860138723
78.9053   86.9204   0.40810814743153845
71.124   85.5738   0.5525279359453217
72.5437   85.5961   0.5403972057662794
73.2372   86.8366   0.5291045076353071
74.6566   86.859   0.5081018893883381
75.3485   88.1004   0.49600620963854775
76.7677   88.1228   0.4667164663904626
77.4583   89.365   0.4542499091909648
66.8673   85.5123   0.5454839044371532
68.2874   85.5349   0.5547033982228737
68.9828   86.7741   0.5491724501465798
70.4027   86.7968   0.5496499795324289
71.0963   88.037   0.5428278364269876
72.5161   88.0597   0.5343349979179703
73.2082   89.3009   0.5267785587891773
74.6277   89.3236   0.5093508221255739
75.3184   90.5656   0.5010545978234296
76.7377   90.5883   0.475138600831382
62.6064   85.4497   0.4762975855492019
64.0265   85.4729   0.5046080260955053
64.7239   86.7108   0.5036863508176516
66.144   86.734   0.5250546733436463
66.8396   87.9729   0.5227836837545767
68.2596   87.996   0.5363564672864487
68.9534   89.236   0.5329734890217355
70.3733   89.2591   0.5381486040119402
71.0655   90.5   0.5339538744123876
72.4853   90.5231   0.5302692429323049
73.1761   91.7649   0.5254482657693323
74.5958   91.7879   0.5128208556601419
75.2855   93.0304   0.5074504704894877
58.3419   85.386   0.3613759399849432
59.7619   85.4098   0.4009270631922981
60.4614   86.6462   0.4029153385017755
61.8814   86.6701   0.439795384241353
62.579   87.9076   0.440401555401434
63.9989   87.9314   0.47265769855150075
64.6947   89.17   0.4721005083665957
66.1146   89.1937   0.49833638237640226
66.8086   90.4334   0.49702801731894264
68.2285   90.457   0.516146355213324
68.9208   91.6977   0.5141903635814241
70.3407   91.7212   0.5252630674243134
71.0316   92.9627   0.5229065882162908
72.4515   92.9862   0.5252172978872619
73.1412   94.2284   0.5222763731971799
74.561   94.2517   0.5154053744384175
55.4941   85.3456   0.27461611387535156
56.1955   86.5807   0.2782001258087435
57.6155   86.605   0.3162265959719384
58.3151   87.8411   0.31827266612136434
59.735   87.8655   0.3587925027087403
60.4328   89.1028   0.35957086923164405
61.8525   89.1271   0.3992491202244503
62.5484   90.3655   0.3991564229722484
63.9682   90.3897   0.4359849882736798
64.6623   91.6292   0.4353041924907249
66.0821   91.6533   0.4672005351024323
66.7745   92.8938   0.4662357879871546
68.1944   92.9178   0.49174278845754754
68.8853   94.1591   0.4905083689398176
70.3052   94.183   0.5084468212114235
70.995   95.4251   0.5069190270644822
72.4149   95.4488   0.5160598802464692
73.1037   96.6914   0.513972810564922
54.048   87.7743   0.21694374846950598
55.468   87.7987   0.23813554963507924
56.1678   89.0346   0.23965796460789907
57.5875   89.0593   0.2724308903189964
58.2855   90.2963   0.27260878562511653
59.7051   90.3211   0.31202878072382806
60.4011   91.5593   0.31120033740341596
61.8207   91.5841   0.35318858984967266
62.5149   92.8233   0.35193314706062967
63.9345   92.848   0.3932209302669425
64.6271   94.0882   0.39196159250620166
66.0467   94.1128   0.4297982898988791
66.7378   95.3539   0.42863444798569483
68.1575   95.3783   0.4610099131255216
68.8474   96.6202   0.459880082195348
70.2672   96.6445   0.48514573068305866
70.9561   97.887   0.48368174453870233
72.376   97.911   0.5002932939786461
53.3195   88.9914   0.20392550110273103
54.0195   90.2271   0.2057231634989135
55.4392   90.2518   0.2089224975918079
56.1373   91.4887   0.20833475466182536
57.5568   91.5137   0.22955160639821415
58.253   92.7516   0.22732861676436616
59.6724   92.7768   0.2620431453024549
60.3668   94.0158   0.25920003858024265
61.7861   94.041   0.3015514715599971
62.4789   95.281   0.29890535291292725
63.8982   95.3062   0.34366879404450273
64.5895   96.547   0.34148426025221446
66.0089   96.5721   0.3849922726497208
66.699   97.8137   0.38316118018400314
68.1185   97.8387   0.4223726553649044
68.8076   99.0809   0.42066927627293654
70.2273   99.1057   0.45341844911737
70.9156   100.348   0.45131364925071843
53.2901   91.4437   0.21530315836048616
53.9883   92.6803   0.21598939788795254
55.4078   92.7052   0.19642265653432217
56.1042   93.9429   0.19425573350611708
57.5234   93.9682   0.19480641673210033
58.218   95.207   0.19033670166313268
59.6371   95.2325   0.21256869477888715
60.3302   96.4723   0.2074711787212839
61.7492   96.4979   0.2457306248720331
62.4408   97.7385   0.24114016670808194
63.8598   97.7642   0.28746704158911857
64.5502   99.0055   0.28385704148391305
65.9693   99.0312   0.3319947740552569
66.6588   100.273   0.32915554074024095
68.078   100.299   0.37478847367548557
68.7666   101.541   0.3719899729831419
70.186   101.566   0.4118095312155903
55.374   95.159   0.20897497457829833
56.0687   96.3976   0.20639779553086302
57.4878   96.4231   0.180453733682623
58.181   97.6626   0.17483895446953593
59.5999   97.6884   0.17246964950390611
60.2918   98.9288   0.16511477826046045
61.7105   98.9548   0.18961075918839462
62.4013   100.196   0.18273789973620827
63.82   100.222   0.22587527531804028
64.5098   101.464   0.220265703185946
65.9286   101.49   0.271125616642918
66.6175   102.732   0.26661207774592993
68.0365   102.758   0.3176565126044168
68.7246   104.001   0.3133695741452912
57.4503   98.8782   0.1968837982161019
58.1423   100.118   0.19203614243157854
59.561   100.144   0.15822736804990398
60.2521   101.385   0.1501800585963367
61.6706   101.412   0.14399517353022903
62.3607   102.653   0.13489659002361784
63.7792   102.68   0.162802149862956
64.4685   103.922   0.1547632062216412
65.887   103.948   0.20344967436690406
66.5754   105.191   0.1969555533616671
67.9941   105.218   0.2517015891884725
59.521   102.6   0.1820889068559679
60.2112   103.842   0.17612149215810946
61.6297   103.868   0.1325526687773601
62.3191   105.11   0.12346100598974467
63.7375   105.137   0.11165021271810853
64.4261   106.379   0.10093626702033416
65.8445   106.407   0.13315994142383678
66.5323   107.649   0.12434588855286667
61.5877   106.325   0.16775756316780327
62.2765   107.567   0.16242081147439033
63.6947   107.594   0.10717299100052927
64.3827   108.837   0.0984541517661893
65.8009   108.864   0.0763275834806711
63.6509   110.052   0.15676176191916058
64.3381   111.294   0.15227212482919872
