0.730082   1.23019   0.14903585272007558
1.41663   2.47347   0.1452409229521766
-0.733618   3.66024   0.288733573205472
0.684685   3.68838   0.21816045333882167
1.37153   4.9315   0.21371743681786873
2.78987   4.95958   0.1446337664585972
3.47738   6.20231   0.14236618980642826
-1.46531   4.87567   0.3564250549554564
-0.778419   6.11876   0.34928864627410955
0.640067   6.14691   0.2828088798040109
1.32755   7.38969   0.27656429415237144
2.74607   7.41779   0.21073340504058638
3.43443   8.66006   0.20671824423596402
4.8531   8.68766   0.14580408910589585
5.54241   9.92935   0.14560635047964005
-2.92824   7.30723   0.46856619084180556
-1.50943   7.33488   0.40995964362361204
-0.821961   8.57771   0.40084562476843816
0.596777   8.60575   0.33966187368616957
1.28504   9.84814   0.33171195652252156
2.7038   9.8761   0.27029982556413196
3.39298   11.1179   0.26464133105015814
4.81185   11.1455   0.20633794997527652
5.50195   12.3867   0.20374187124889098
6.92101   12.4136   0.1530179038544188
7.61196   13.6543   0.15418374136075336
-3.65882   8.52415   0.5168069404526224
-2.97132   9.767   0.505485632733512
-1.55223   9.79454   0.45357423956834153
-0.864089   11.037   0.44289911277851884
0.554932   11.0649   0.38785553450866156
1.24391   12.3069   0.37861649462219604
2.66294   12.3346   0.32254490602085095
3.35281   13.576   0.31546642040001605
4.77194   13.6033   0.26082975846325457
5.4627   14.8442   0.25639565206921794
6.88197   14.871   0.2064593541111666
7.57361   16.1113   0.20487294233255837
8.99305   16.1375   0.1636949018754094
9.68568   17.3773   0.1649757463992812
-5.12063   10.9577   0.584159644275432
-3.70117   10.9846   0.5447624000424405
-3.01308   12.2271   0.532436205474421
-1.59373   12.2545   0.4876797617289442
-0.904964   13.4967   0.4762260816135534
0.51435   13.5242   0.4277600821126255
1.20393   14.7659   0.4178374421949286
2.62325   14.7932   0.3673345887607101
3.3137   16.0343   0.3593095602680219
4.73308   16.0613   0.3090627970170462
5.42446   17.3019   0.3031135985072257
6.84396   17.3283   0.25532095977416236
7.53637   18.5683   0.2516784537857784
8.95602   18.5943   0.20922105152206819
9.64961   19.8335   0.20758459865799256
11.0695   19.859   0.17398143579129413
11.7644   21.0974   0.17392348892544743
-5.85013   12.1759   0.60862997995498
-5.16199   13.4185   0.5958035656993004
-3.74232   13.4452   0.5638022777534692
-3.05368   14.6876   0.5515728895622051
-1.63408   14.7146   0.5138454328881402
-0.944767   15.9565   0.5027404323594821
0.474802   15.9836   0.4605891301192421
1.16494   17.225   0.4508170582398144
2.58451   17.2519   0.40573310500869886
3.27557   18.4928   0.39741098324027163
4.69519   18.5193   0.3513132812747042
5.38733   19.7595   0.3445116085126881
6.80704   19.7856   0.29935835398398375
7.50042   21.0251   0.29410745383277814
8.92029   21.0508   0.25212368571794247
9.61509   22.2894   0.24838385615816494
11.0351   22.3147   0.21197322944183278
11.7315   23.5523   0.2092598862658568
-7.31067   14.6109   0.6312578412186255
-5.89079   14.6371   0.6133949367251079
-5.20218   15.8795   0.6021514314522541
-3.78234   15.9061   0.5769944640982272
-3.09321   17.1482   0.5665038481775732
-1.6734   17.1749   0.5350653269461593
-0.983535   18.4166   0.5254247695731518
0.436252   18.4432   0.48884774480404464
1.12702   19.6843   0.4801344120139692
2.54681   19.7107   0.43963859805526584
3.23867   20.9512   0.4318980671408468
4.6585   20.9773   0.3892812602733393
5.35164   22.217   0.3824200519062768
6.77156   22.2428   0.3395252716661898
7.46617   23.4816   0.33375554302513005
8.88624   23.507   0.2924833157634805
9.58249   24.7448   0.28779118141458
11.0027   24.7699   0.2498717671126524
-8.03889   15.83   0.6361010136762874
-7.3502   17.0725   0.6275435259007938
-5.93023   17.0986   0.6157703422543179
-5.24117   18.3408   0.6079319485764824
-3.82121   18.3671   0.588421704647271
-3.13152   19.609   0.5811674189938733
-1.71156   19.6354   0.5546876025295672
-1.02101   20.8767   0.5478914691834497
0.398934   20.9029   0.5155634802582499
1.09056   22.1437   0.5089562892822923
2.51053   22.1696   0.47192405840346696
3.20346   23.4096   0.46550340492847103
4.62347   23.4353   0.4254774166744919
5.31791   24.6743   0.4195782043910279
6.738   24.6997   0.37832815504532563
7.43411   25.9378   0.3730352890813412
8.85435   25.9629   0.3322117547589191
9.55224   27.1998   0.32768126647704543
-9.4974   18.2665   0.6292071255953794
-8.07744   18.2921   0.6309433606909578
-7.38836   19.5345   0.6275380706379486
-5.96834   19.5604   0.6205690163873799
-5.27874   20.8025   0.617609015802068
-3.85869   20.8285   0.6024418830891481
-3.16828   22.0701   0.5994908923411597
-1.74821   22.096   0.5766728036763993
-1.05674   23.337   0.5734574889222385
0.363329   23.3628   0.5440534521542891
1.05611   24.603   0.5403742814938538
2.47621   24.6285   0.5054847772188589
3.17052   25.8678   0.5014992658020542
4.59066   25.8931   0.46304622836170406
5.28666   27.1314   0.45907142374580445
6.7069   27.1564   0.41850951972446254
-10.2235   19.4868   0.6240506149343984
-9.5344   20.7293   0.6269152864622146
-8.11446   20.7547   0.6324424476582824
-7.42487   21.9969   0.635554307356971
-6.00482   22.0226   0.6320023481760167
-5.3145   23.2644   0.6349010108670489
-3.89438   23.2901   0.6224789333784712
-3.20301   24.5313   0.624582830775871
-1.78286   24.5568   0.6040145382356289
-1.09018   25.7973   0.6050149654752353
0.329998   25.8226   0.5772156603982607
1.02421   27.0622   0.577006152480196
2.44442   27.0873   0.5434219153659522
-11.6789   21.9255   0.6076707332100171
-10.2592   21.9503   0.6255175537105259
-9.56959   23.1927   0.6359084526093366
-8.14965   23.2179   0.6441741634837588
-7.45937   24.4599   0.6540732845790295
-6.03931   24.4853   0.6527980272641768
-5.348   25.7267   0.6615076514296713
-3.92784   25.752   0.650962125549559
-3.23524   26.9927   0.6579804936318396
-1.81501   27.0178   0.6386477950325984
-12.4022   23.1475   0.6012008316694184
-11.7126   24.3899   0.6193758955593918
-10.2929   24.4146   0.6395010633298429
-9.60267   25.6567   0.6571479164541254
-8.18272   25.6817   0.6674081911394252
-7.49152   26.9233   0.6835171120023261
-6.0714   26.9483   0.6837452935121373
-13.8537   25.5889   0.5867775472868749
-12.4343   25.6128   0.6183605744223996
-11.7442   26.855   0.6437212828546207
-10.3245   26.8794   0.6656982124055916
-14.5737   26.8128   0.5812105298426726
1.46215   0.0154939   0.07991454675614415
2.88039   0.0432803   0.0432949321940799
3.56693   1.2866   0.03636953945267952
4.98538   1.31375   0.08280848507248496
5.67223   2.55687   0.08180369001457083
7.09098   2.58301   0.1410277171339024
7.77846   3.82572   0.14042277201365988
9.19756   3.85073   0.19379067392421084
9.88581   5.09298   0.19235936317216157
11.3052   5.11696   0.2382342955999405
11.9942   6.35876   0.23603749363183904
13.4138   6.38188   0.27519146353039353
14.1034   7.62331   0.27334123069892025
15.5232   7.64563   0.3075089104400075
16.2135   8.88669   0.30718510722364223
17.6333   8.90812   0.33883565396811455
18.3243   10.1488   0.3413203334112979
19.7442   10.1691   0.3728893267445457
2.83488   2.50145   0.0763524413493104
3.52172   3.74456   0.07470759265295476
4.94016   3.77193   0.035478513215747416
5.62766   5.01464   0.04173260835366005
7.04639   5.04107   0.08103669539165699
7.73474   6.28327   0.08562770930020251
9.1538   6.30869   0.13676215192808325
9.84298   7.55038   0.138863798018057
11.2623   7.57487   0.18621223268088624
11.9522   8.81613   0.18682493837815073
13.3718   8.83981   0.22911379268826348
14.0624   10.0807   0.22938136018430094
15.4821   10.1036   0.2679549820398944
16.1734   11.344   0.26900122676300003
17.5933   11.3659   0.30571661714731824
18.2854   12.6059   0.30865458039692156
4.89591   6.22986   0.08186067798399975
5.58429   7.47205   0.08471133159146955
7.00307   7.49876   0.059496582254781584
7.69238   8.74041   0.06835809023078418
9.11145   8.76621   0.09419723350502365
9.80157   10.0074   0.10060875409227643
11.2209   10.0323   0.14113093211624364
11.9118   11.2731   0.14481943930287847
13.3313   11.2973   0.18621734613080507
14.0229   12.5376   0.18857746418912405
15.4426   12.5609   0.22854087161818618
16.1351   13.8007   0.2308509042650692
17.5549   13.8231   0.27031045114830593
6.9613   9.95622   0.09859218072443607
7.65149   11.1974   0.1034185844033843
9.07063   11.2235   0.08774531554447738
9.76162   12.4641   0.09554564354275934
11.181   12.4895   0.11297800670927095
11.8728   13.7297   0.11920322982201309
13.2924   13.7543   0.15142113458827405
13.985   14.994   0.15568089156990336
15.4048   15.0177   0.19254887691181172
16.0985   16.2568   0.1957736192647007
9.03123   13.6806   0.11910997817143622
9.72303   14.9208   0.12383654549445455
11.1425   14.9463   0.1133484891826976
11.8352   16.186   0.1194009212694774
13.2549   16.2108   0.1323974319992644
13.9487   17.4498   0.1373534855764489
15.3686   17.4738   0.16434214310395265
11.1053   17.4028   0.13840469645210782
11.7991   18.6419   0.14150572426583927
13.2189   18.6668   0.13428320818330283
13.914   19.9051   0.13759698397857428
13.1845   21.1222   0.15296303475023004
22.753   0.374777   0.42163342730979075
24.1729   0.390952   0.41566933233521164
24.8618   1.63263   0.43241982204797325
18.4933   0.313785   0.425420854591076
19.9132   0.332846   0.4234172728692119
20.6016   1.575   0.4265099324752004
22.0215   1.59275   0.4263524979403785
22.7104   2.83456   0.4365485540005833
24.1303   2.85074   0.4403372861795832
14.2335   0.247446   0.3979731858756317
15.6534   0.268616   0.41039435731500984
16.3414   1.51105   0.40520478822442463
17.7613   1.5313   0.4135066370688628
18.4498   2.77344   0.41229975745808983
19.8697   2.79264   0.41970562731514605
20.5587   4.03446   0.4242003517207411
21.9786   4.05236   0.4336317434183053
22.6681   5.29377   0.44484847577574105
9.97444   0.176084   0.30938268439594346
11.394   0.199374   0.3447317772471828
12.0815   1.44211   0.33837597151689286
13.5013   1.46439   0.3652725865706315
14.1893   2.70677   0.359501184420857
15.6092   2.72817   0.3800250996973758
16.2978   3.97024   0.37635462319466667
17.7177   3.99075   0.39332912694078354
18.4068   5.2325   0.3935965204368547
19.8268   5.25196   0.410036157064227
20.5164   6.49334   0.415658410356389
21.9364   6.51149   0.4341434763992212
5.71739   0.0985455   0.15164025174985712
7.13624   0.124411   0.20888344601868197
7.82313   1.36752   0.20505571072272238
9.24231   1.3922   0.25498608844405707
9.92979   2.63493   0.2508041367282445
11.3493   2.65849   0.29225812837284937
12.0374   3.90081   0.2876487761142042
13.4571   3.92343   0.32135085187377527
14.1458   5.16537   0.317369215425818
15.5657   5.18717   0.34521170446553573
16.255   6.42877   0.34333531947645585
17.6749   6.4497   0.3682135284043768
18.3648   7.69095   0.36978633141315476
19.7848   7.7108   0.3945047066892865
20.4754   8.95161   0.4005568600086645
7.40467   28.3936   0.4149201590667767
8.82506   28.4183   0.374006165858264
3.14033   28.3258   0.5424550773105553
4.56058   28.3507   0.5045528749298736
5.25827   29.5881   0.5033576105513856
6.67862   29.6128   0.46298568703578646
7.37811   30.8491   0.4617935183607487
-1.12088   28.2576   0.6438608550183805
0.299395   28.2825   0.6169350444122944
0.995229   29.5213   0.6204234773128752
2.41553   29.546   0.5873135707609682
3.11314   30.7837   0.5896598972289019
4.5335   30.8081   0.5520632327007474
5.23287   32.0447   0.55365817875292
6.65332   32.0689   0.5131827257420108
-5.3789   28.1892   0.6975924971643549
-3.95867   28.2141   0.6881201235249552
-3.26462   29.4541   0.6993930011088181
-1.84431   29.4788   0.6810727200527112
-1.14858   30.7178   0.6897730957351111
0.271784   30.7423   0.663584972862557
0.969278   31.9802   0.67021345553786
2.38969   32.0045   0.6377309592610354
3.08894   33.2414   0.6428027100907402
4.5094   33.2653   0.6055072935151145
5.21036   34.5012   0.6096551759806523
-9.63336   28.1212   0.6893617627922222
-8.21339   28.1458   0.7010793632678111
-7.52103   29.3869   0.7220633992247487
-6.10086   29.4115   0.7235048099356346
-5.40697   30.6518   0.7412639964277224
-3.98665   30.6762   0.7328526020967652
-3.29107   31.9155   0.7472892088074069
-1.87065   31.9397   0.7298648283072693
-1.17331   33.178   0.7411984633686174
0.247161   33.2019   0.7159258954451908
0.946245   34.4391   0.7248899851874079
2.36676   34.4628   0.6932263255243546
3.06751   35.699   0.7001784084074563
4.48808   35.7224   0.6635935187296503
-13.8837   28.0551   0.613738470360136
-12.4643   28.0788   0.6472765946641356
-11.7734   29.3207   0.6780065560155004
-10.3536   29.3448   0.7016984323767586
-9.66148   30.5861   0.7295191504683064
-8.24146   30.6103   0.7427147789696925
-7.5478   31.8509   0.7666864623821139
-6.12755   31.8749   0.7695436180620294
-5.4322   33.1145   0.7895547649783389
-4.01177   33.1384   0.7824820049688042
-3.31468   34.377   0.7986507898324513
-1.89414   34.4006   0.7826034058832102
-1.1953   35.6382   0.7953687509576929
0.225312   35.6615   0.7714958312369542
0.925816   36.8981   0.7814240634226716
2.34646   36.9211   0.751089527020581
3.04851   38.1567   0.7585679110007227
-16.0212   29.2572   0.5676509138546316
-14.6022   29.28   0.6120340350013217
-13.9114   30.522   0.6491379360351704
-12.492   30.5454   0.6845023739915002
-11.8001   31.7869   0.7186569348444354
-10.3804   31.8105   0.7439275502359072
-9.68698   33.0514   0.773898535016057
-8.2669   33.075   0.7886699259512813
-7.57187   34.3149   0.8140677053537985
-6.15153   34.3384   0.8184267310517171
-5.45474   35.5774   0.8392366438615501
-4.03421   35.6006   0.8338070069866286
-3.33569   36.8386   0.850376775553048
-1.91503   36.8615   0.8362025510604476
-1.21485   38.0985   0.8488992148070342
0.205885   38.1211   0.8270365806909623
0.907608   39.3572   0.836344055077812
2.32839   39.3795   0.8079589227801125
-16.7381   30.4831   0.560562868909456
-16.0475   31.7252   0.603053073949548
-14.6285   31.7477   0.6494202722428684
-13.9368   32.9894   0.6890531764675341
-12.5174   33.0123   0.726271023792082
-11.8244   34.2534   0.7617836306983765
-10.4046   34.2765   0.788681500987566
-9.70997   35.5168   0.8191768561183835
-8.2898   35.5398   0.8355039198591466
-7.59343   36.7792   0.8607682162463934
-6.17299   36.8019   0.866922132835469
-5.47487   38.0403   0.8871937797910886
-4.05422   38.0628   0.8837963622916754
-3.35444   39.3003   0.8993444223988929
-1.93366   39.3224   0.8873492350253083
-1.23234   40.5589   0.8986575403901075
0.188524   40.5808   0.8790238194633864
0.891261   41.8164   0.8864897344476139
-18.1816   32.9303   0.5410850580084415
-16.7631   32.9518   0.5971038351911662
-16.0716   34.1936   0.6415572071140645
-14.6527   34.2158   0.6898040953778097
-13.96   35.4571   0.7302977064184165
-12.5406   35.4796   0.7689471308223988
-11.8464   36.7202   0.8043280487462807
-10.4265   36.7427   0.8327433818410087
-9.73061   37.9825   0.8624694037471701
-8.31036   38.0047   0.880351187935815
-7.61275   39.2436   0.9044249330928467
-6.19219   39.2656   0.9123592823005638
-5.49289   40.5035   0.9309487047630499
-4.07213   40.5252   0.9295851628011272
-3.37127   41.7621   0.9430721189813643
-1.95038   41.7835   0.9331668069536118
-1.24811   43.0196   0.9419468740857938
0.172856   43.0407   0.9245670959800594
-18.8959   34.1578   0.5294742486655988
-18.2046   35.3996   0.5777615598151192
-16.7861   35.4209   0.6356181322146186
-16.0937   36.6624   0.6805642585384578
-14.6747   36.6842   0.7302116610956028
-13.981   37.9251   0.7701898142665861
-12.5615   37.947   0.8101156954410883
-11.8662   39.1872   0.8441894455630212
-10.4462   39.2089   0.8738237121982899
-9.74917   40.4482   0.9018036427072134
-8.32882   40.4697   0.9211117313333917
-7.63008   41.7081   0.9429356638180565
-6.20944   41.7293   0.9525516484159784
-5.50912   42.9668   0.9684991927719916
-4.08827   42.9876   0.9689763330959116
-3.38651   44.2242   0.9794399982132634
-1.96553   44.2448   0.9715388118340914
-1.26251   45.4806   0.9768272019144423
-20.3359   36.6074   0.500262980841078
-18.9177   36.6277   0.5659712536869683
-18.2257   37.8693   0.6146980234228825
-16.8072   37.8903   0.6738361892923226
-16.1139   39.1315   0.7182349337090188
-14.6948   39.1527   0.7686768046454896
-14.0001   40.3933   0.8072013937054373
-12.5805   40.4145   0.8478963203128075
-11.8841   41.6542   0.8799826816477693
-10.464   41.6752   0.9103814420340519
-9.7659   42.9141   0.9358347725961036
-8.34546   42.9348   0.9562618900698688
-7.64575   44.1727   0.9750714775851038
-6.22502   44.1931   0.985959413414162
-5.52386   45.4302   0.9985024571326795
-4.10292   45.4502   1.0004187385790007
-3.40047   46.6865   1.0069987680727324
-1.97941   46.7063   1.000809137098578
-21.0479   37.8362   0.48366559728804287
-20.3561   39.0778   0.5352670828661141
-18.938   39.0979   0.602308401070414
-18.2451   40.3393   0.6504842350126561
-16.8265   40.3599   0.7103183370855617
-16.1323   41.6007   0.7531536430237844
-14.7131   41.6214   0.8039250835743329
-14.0174   42.8615   0.8402997262881863
-12.5977   42.882   0.8812279444048502
-11.9003   44.1213   0.9105177538082375
-10.4801   44.1415   0.9413786963810051
-9.78108   45.38   0.9635316152571218
-8.36056   45.3998   0.9844734529686406
-7.66004   46.6375   0.9996773269910647
-6.23923   46.657   1.011339003549254
-5.53739   47.8938   1.0197972859348072
-4.1164   47.9129   1.022757582470058
-3.4134   49.149   1.0250686964296585
-22.4851   40.2878   0.44568778309484774
-21.0673   40.307   0.5185157471089954
-20.3748   41.5485   0.569758949030202
-18.9566   41.5683   0.6373728108415039
-18.2629   42.8094   0.6840485435990632
-16.8442   42.8295   0.7439334177196243
-16.1491   44.07   0.7843512988451028
-14.7298   44.09   0.8350159579313436
-14.0331   45.3298   0.868315829638041
-12.6133   45.3495   0.9090487170663625
-11.915   46.5885   0.9348474260541115
-10.4948   46.6078   0.9656649367145923
-9.79498   47.846   0.9838282642819326
-8.37437   47.8649   1.0049681830286965
-7.67319   49.1023   1.015789610352459
-6.25234   49.1209   1.0279223328637235
-5.54998   50.3575   1.0319086805042392
-4.12894   50.3758   1.0356101448421602
-23.1956   41.5174   0.42556106494837875
-22.5032   42.7589   0.47920393362325414
-21.0854   42.778   0.5525492919188293
-20.3921   44.0193   0.6025452763070995
-18.9738   44.0388   0.6699747084778632
-18.2793   45.2796   0.7142408137316149
-16.8605   45.2991   0.7734681247472314
-16.1645   46.5393   0.8107524776403702
-14.7451   46.5586   0.8607787520611784
-14.0476   47.798   0.890311934099504
-12.6277   47.817   0.9304104524348373
-11.9286   49.0556   0.9519308483288058
-10.5083   49.0741   0.9822652034964892
-9.80783   50.3119   0.9958560422571116
-8.38716   50.3301   1.0167764498157885
-7.68547   51.5671   1.0229318171315231
-6.26457   51.5849   1.0351225593619335
-5.56184   52.8212   1.0346490564921036
-24.6306   43.9705   0.3819608487790341
-23.2131   43.9889   0.4590234198818176
-22.5201   45.2302   0.5115599378371986
-21.1022   45.2491   0.5847116383312364
-20.4082   46.4902   0.6323740190741558
-18.9898   46.5092   0.6988445606857071
-18.2945   47.7498   0.7398319065841902
-16.8755   47.7687   0.7979342391450565
-16.1787   49.0086   0.8311962584131366
-14.7592   49.0271   0.8800124430938459
-14.0609   50.2662   0.9050716711951591
-12.6409   50.2843   0.9442268636297099
-11.9412   51.5227   0.9608667649575554
-10.5208   51.5403   0.9904004139740642
-9.81986   52.7779   0.999223151703361
-8.39915   52.7952   1.0197191546695594
-7.6971   54.032   1.0212104386462175
-6.27617   54.0489   1.0334534136089533
-25.3399   45.2008   0.3600296237811545
-24.6471   46.4421   0.41408488260258836
-23.2295   46.4605   0.4909400065181066
-22.5359   47.7016   0.5412828281037555
-21.1178   47.7203   0.6133515468310151
-20.4231   48.9611   0.6576246421781958
-19.0046   48.9796   0.7226359733641828
-18.3085   50.2199   0.7594173951128576
-16.8894   50.2381   0.8160503232031701
-16.1919   51.4777   0.8445678066324808
-14.7723   51.4955   0.891839430615174
-14.0734   52.7343   0.9119473669022786
-12.6533   52.7516   0.9497031378278159
-11.9531   53.9897   0.9614743366309889
-10.5326   54.0065   0.9899955050402997
-9.83129   55.2439   0.994043500255396
-8.41055   55.2602   1.0140034615325522
-26.7734   47.6549   0.3128633727364068
-25.356   47.6727   0.3917193638307916
-24.6627   48.9139   0.44361206025084526
-23.2449   48.9321   0.5196880217976928
-22.5507   50.1731   0.5664924094813619
-21.1325   50.1913   0.6370933605053499
-20.4371   51.4319   0.6769871564512879
-19.0184   51.4499   0.740141554028687
-18.3217   52.6899   0.7720098509734183
-16.9024   52.7074   0.8267075722406314
-16.2043   53.9467   0.8501741527475412
-14.7845   53.9637   0.8956603988119599
-14.0851   55.2023   0.9106018504264088
-12.665   55.2187   0.946952026239978
-27.4819   48.8857   0.28952669997773917
-26.7887   50.1269   0.34198305513577737
-25.3712   50.1446   0.42036758914074257
-24.6773   51.3858   0.468857910245736
-23.2594   51.4037   0.5434355619574404
-22.5646   52.6445   0.5858364020782585
-21.1463   52.6623   0.6544260691628967
-20.4502   53.9027   0.6893086826669169
-19.0314   53.92   0.7503700487093012
-18.334   55.1598   0.7769736224608911
-16.9146   55.1766   0.8295048040849424
-28.9143   51.3405   0.23839072968553213
-27.4969   51.3578   0.3175357302729878
-26.8032   52.599   0.3668108640703008
-25.3856   52.6166   0.44404654035359836
-24.6912   53.8577   0.4881914173764211
-23.2731   53.8752   0.5608148179212097
-22.5777   55.1159   0.5982274651000229
-21.1592   55.1331   0.6645280280018296
-29.6222   52.5715   0.213224857837916
-28.9286   53.8127   0.26206199648174844
-27.5111   53.83   0.34074351057650293
-26.817   55.0712   0.38576295830470786
-25.3992   55.0885   0.4614160595384602
-31.0536   55.0268   0.15671777180651816
-29.6362   55.0438   0.23530535480519757
-31.7611   56.2579   0.1303379069956243
-31.0672   57.4991   0.17418926488162206
-29.6497   57.5161   0.2519713078904012
-28.9555   58.7574   0.293208765216867
-27.5378   58.7744   0.368713615154091
-26.843   60.0154   0.4049150651679926
-25.4249   60.0321   0.4760005147056032
-24.7292   61.2728   0.5061280272816355
-23.3108   61.2888   0.5715626824767345
-22.6142   62.529   0.5952297539606035
-21.1952   62.5443   0.6540627645723308
-20.4977   63.7839   0.6713320340934126
-19.0783   63.7984   0.7232475440677268
-18.3799   65.0373   0.7346962909937677
-16.9601   65.051   0.7794916612767575
-16.2609   66.2895   0.7859245892577742
-14.8409   66.3025   0.8238023245900672
-14.141   67.5404   0.8262152927657527
-33.1918   58.7133   0.07396627609931326
-31.7744   58.7303   0.14716918835136517
-31.0804   59.9715   0.18805323714310174
-29.6628   59.9885   0.26404594297205125
-28.9684   61.2297   0.30183999072356155
-27.5506   61.2465   0.3747543328635437
-26.8555   62.4874   0.40757985720592166
-25.4373   62.5036   0.47575082763984794
-24.7415   63.7441   0.5027949383197882
-23.3228   63.7596   0.5653027949692089
-22.6261   64.9996   0.5864882863280391
-21.207   65.0142   0.642684137037782
-20.5094   66.2537   0.658375052686536
-19.09   66.2674   0.7079466858457627
-18.3917   67.5063   0.7187236534301619
-16.9718   67.5192   0.7617722297379973
-16.2729   68.7577   0.7684336861434424
-14.8528   68.7699   0.8052673407012111
-33.8991   59.9445   0.0594375302313324
-33.2051   61.1856   0.09038943522337184
-31.7876   61.2026   0.16184776797966594
-31.0935   62.4439   0.20034555148542776
-29.6758   62.4608   0.27348191896357626
-28.9814   63.702   0.30890430557051113
-27.5633   63.7183   0.3786723649805986
-26.8682   64.9592   0.4093650204890481
-25.4498   64.9749   0.4741289065222669
-24.7539   66.2153   0.49955885539143396
-23.3351   66.2301   0.5586661793951736
-22.6384   67.47   0.5789519928284209
-21.2192   67.4839   0.6320601949181741
-20.5217   68.7233   0.6476616477760583
-19.1022   68.7363   0.6946500917728287
-18.404   69.9752   0.7061460613782391
-16.9842   69.9873   0.7471151517671158
-16.2855   71.2258   0.755099218646132
-35.3299   62.3998   0.06381551535481114
-33.9124   62.4168   0.07711355263506112
-33.2186   63.658   0.1086657259672973
-31.801   63.675   0.17680005656107725
-31.1069   64.9163   0.21432619998497734
-29.6891   64.933   0.28359777855265433
-28.9946   66.1741   0.3180903330816578
-27.5764   66.19   0.3837870763848096
-26.8813   67.4308   0.4138996738341299
-25.4627   67.4459   0.4745765375574299
-24.7668   68.6862   0.49996356867275876
-23.3479   68.7004   0.5551268503684531
-22.6513   69.9402   0.5759821698629226
-21.232   69.9534   0.6254606382499216
-20.5347   71.1928   0.6421541325881197
-19.1151   71.205   0.6861254841499479
-18.4173   72.444   0.699125646790332
-16.9974   72.4553   0.7375860763327885
-36.0374   63.6308   0.08867406610728958
-35.3437   64.872   0.07013194707122114
-33.9261   64.8891   0.09814565706132974
-33.2325   66.1305   0.13112745707897822
-31.8147   66.1473   0.19553971463618278
-31.1208   67.3887   0.2331742267061265
-29.7028   67.405   0.2978867737916542
-29.0084   68.646   0.3328523095909056
-27.59   68.6615   0.39374738094367046
-26.895   69.9022   0.42463961190637795
-25.4762   69.9167   0.4804987096756868
-24.7806   71.157   0.5070990731602643
-23.3614   71.1705   0.5577921566318402
-22.6651   72.4103   0.5800935355612912
-21.2456   72.4228   0.6255322613582779
-20.5487   73.6622   0.6438821087745796
-19.129   73.6737   0.6843282034228892
-18.4315   74.9127   0.6989999570815435
-37.4691   66.0856   0.12955099382096716
-36.0515   66.1029   0.08865286233393704
-35.3581   67.3442   0.08540854758161
-33.9404   67.3614   0.12431592818299787
-33.2471   68.6028   0.16006292512633574
-31.8291   68.6195   0.22053936156613968
-31.1355   69.8608   0.25947121227604375
-29.7172   69.8768   0.31926305768128044
-29.0231   71.1178   0.35555203557285475
-27.6044   71.1327   0.41122279849249543
-26.9097   72.3734   0.4435492531839044
-25.4906   72.3873   0.4944100828259864
-24.7952   73.6275   0.5225078851079651
-23.3759   73.6403   0.5683224964753725
-22.6799   74.8802   0.5922595123761203
-21.2603   74.8919   0.6332363302906749
-20.5637   76.1314   0.6530466292693042
-19.1439   76.1422   0.6894577652039311
-38.1773   67.3163   0.15092922182268037
-37.4841   68.5575   0.11484123823783872
-36.0664   68.575   0.09769242549963036
-35.3735   69.8165   0.11163476161124745
-33.9556   69.8335   0.15752926712201895
-33.2626   71.075   0.19668218017909084
-31.8444   71.0915   0.2535397601955152
-31.1511   72.3328   0.294115980524691
-29.7325   72.3482   0.34902893862830253
-29.0387   73.5893   0.38662702957760126
-27.6198   73.6037   0.43725603483542663
-26.9253   74.8443   0.4707169213019637
-25.506   74.8576   0.5165422054392086
-24.8109   76.0978   0.5455328954334479
-23.3914   76.11   0.586701568090626
-22.6958   77.3499   0.6112658177912452
-21.276   77.3609   0.6479071615594308
-20.5799   78.6005   0.6678659446326036
-39.6105   69.7703   0.17801924053314963
-38.1928   69.788   0.1320869789191962
-37.5002   71.0294   0.11000268178549052
-36.0823   71.047   0.12072539086704268
-35.3899   72.2885   0.14912967511531944
-33.9718   72.3055   0.19851559132722585
-33.2792   73.547   0.24055359070277818
-31.8607   73.5631   0.2940565591854734
-31.1677   74.8044   0.3356764662588065
-29.7489   74.8194   0.38620154064944073
-29.0553   76.0605   0.42423353238517086
-27.6362   76.0743   0.47017692414664386
-26.9419   77.315   0.5036647893192452
-25.5225   77.3276   0.5449607967551433
-24.8277   78.5679   0.5734790057186049
-23.4081   78.5794   0.6102270069408597
-22.7128   79.8194   0.6337537297720615
-21.2929   79.8298   0.6662680691733638
-40.3197   71.0004   0.19081092736004335
-39.6272   72.2417   0.14947066601845058
-38.2094   72.2597   0.12463615045403044
-37.5173   73.5013   0.12597495782892915
-36.0993   73.5188   0.15785059391715783
-35.4073   74.7605   0.1951080982429971
-33.989   74.7772   0.24560008143320847
-33.2967   76.0188   0.2887697698859751
-31.8781   76.0345   0.33948178154357533
-31.1853   77.2758   0.38046777787350045
-29.7663   77.2903   0.4275201281811176
-29.0729   78.5314   0.46418175319588
-27.6536   78.5446   0.5064840076448615
-26.9596   79.7854   0.5377844735579488
-25.5401   79.7974   0.5754648208187872
-24.8456   81.0378   0.6011950182761001
-23.4258   81.0487   0.6344247551916626
-22.7309   82.2888   0.6545391050197071
-41.7547   73.4533   0.20420364835134563
-40.3369   73.4717   0.16162716355860288
-39.645   74.7132   0.13605179160893152
-38.2272   74.7313   0.1388829003153363
-37.5355   75.9731   0.16064824929018062
-36.1174   75.9904   0.2034772960307819
-35.4257   77.2323   0.24403815275484914
-34.0073   77.2487   0.29467151202652825
-33.3152   78.4904   0.3364138225459792
-31.8964   78.5056   0.3852629881003363
-31.2038   79.747   0.42336896437977084
-29.7847   79.761   0.4679572309517171
-29.0915   81.0021   0.5007670116930619
-27.6721   81.0148   0.5405081312986856
-26.9783   82.2556   0.5672807505988536
-25.5587   82.267   0.6022465109903089
-24.8645   83.5076   0.6228540278427988
-23.4447   83.5178   0.6535242688684171
-42.4649   74.6828   0.21325594950668791
-41.7731   75.9243   0.17324450929250268
-40.3553   75.9429   0.14910496302940418
-39.6639   77.1848   0.1457285833321654
-38.246   77.2028   0.17092156095706001
-37.5547   78.4448   0.20219614239643505
-36.1366   78.462   0.25004435606508274
-35.4451   79.704   0.2893950068677771
-34.0265   79.7199   0.3401133487530294
-33.3346   80.9618   0.37771055055425734
-31.9157   80.9765   0.42554972682402287
-31.2232   82.2181   0.45826669091261824
-29.804   82.2314   0.5014065117247656
-29.111   83.4727   0.5279386138558149
-27.6915   83.4848   0.566122654554649
-43.9016   77.1345   0.22516520601549328
-42.4838   77.1536   0.18502594412676185
-41.7926   78.3955   0.1599217621213523
-40.3748   78.4141   0.1572402620196218
-39.6838   79.6564   0.17003296739162146
-38.2659   79.6743   0.20752363720790928
-37.5749   80.9166   0.23986936027763478
-36.1566   80.9333   0.29023530109206447
-35.4653   82.1756   0.32492202141436966
-34.0467   82.1911   0.37593937011172335
-33.3549   83.4331   0.40693874231879074
-31.9359   83.4472   0.45439096601934914
-44.6131   78.3633   0.2366762134224681
-43.9217   79.6052   0.20120884672399456
-42.504   79.6245   0.17330106750970062
-41.8132   80.8669   0.1626614889886319
-40.3954   80.8855   0.17644732925153092
-39.7047   82.128   0.19472696269392112
-38.2867   82.1456   0.23812194354993788
-37.5959   83.3882   0.26659534879663505
-36.1776   83.4046   0.3183264362254559
-46.0516   80.8138   0.25879555637606877
-44.6338   80.8337   0.21695328990360782
-43.943   82.0761   0.1913197585196052
-42.5253   82.0954   0.17429173818629445
-41.8349   83.3381   0.17173505757416202
-40.417   83.3566   0.194126608171055
-46.7646   82.0416   0.2766777909410142
-46.0737   83.2839   0.24711756311520666
-44.6559   83.304   0.2096521404612854
-7.70828   56.4969   1.0114335816058304
-11.9644   56.4566   0.953962777051599
-10.5439   56.4726   0.9814423365638951
-9.84233   57.7097   0.9815285723808556
-8.42158   57.7253   1.0010338668097087
-16.216   56.4156   0.8478089997163266
-14.7962   56.4318   0.8914919741646583
-14.0964   57.6701   0.9017671595262259
-12.6761   57.6858   0.936671329763006
-11.9754   58.9234   0.939627037712303
-10.5548   58.9385   0.966350003880582
-9.85319   60.1756   0.9633796445846255
-20.4626   56.3733   0.6940872135401993
-19.0436   56.39   0.7528713967205823
-18.3458   57.6295   0.7744248317299747
-16.9263   57.6455   0.8248553994488966
-16.2273   58.8843   0.8383845537699267
-14.8074   58.8997   0.8803294894526701
-14.1074   60.1379   0.8867391160877027
-12.6871   60.1526   0.9203910527596405
-11.9862   61.3902   0.9205770853111641
-10.5657   61.4045   0.9466375177437247
-24.7043   56.3295   0.5006100478416298
-23.2862   56.3466   0.571067001322962
-22.5902   57.5871   0.6032510671354002
-21.1716   57.6037   0.6671926933053144
-20.4745   58.8437   0.6917951575430392
-19.0554   58.8597   0.7481695061949521
-18.3572   60.0989   0.7651603296041949
-16.9376   60.1142   0.8135417506188597
-16.2384   61.3528   0.8235050758799234
-14.8184   61.3674   0.8637895634933307
-14.1183   62.6055   0.8675297458877124
-12.698   62.6194   0.900206737366478
-11.9972   63.8569   0.8989337350439135
-28.9423   56.285   0.28040520679901704
-27.5247   56.3022   0.35779024581449836
-26.8302   57.5433   0.3982995982925415
-25.4123   57.5604   0.4718853250526026
-24.717   58.8012   0.5061648150553338
-23.2986   58.8178   0.574249022637392
-22.6023   60.0581   0.6016850089540207
-21.1835   60.0741   0.6631008520579645
-20.4861   61.3139   0.6834395730421231
-19.0668   61.3291   0.737554750510089
-18.3685   62.5682   0.7510791569468562
-16.9488   62.5827   0.7976841856273695
-16.2495   63.8212   0.8050831882482707
-14.8295   63.835   0.8441763619054965
-14.1295   65.073   0.8465551133860094
-12.7092   65.0861   0.8786375475700996
-26.998   84.7258   0.5859808358641085
-25.5783   84.7365   0.6193599357401167
-24.8844   85.9772   0.6323074331367613
-31.2436   84.6889   0.47942980716680494
-29.8243   84.7017   0.5220814304301595
-29.1315   85.9431   0.5401972047317543
-27.712   85.9546   0.577662851497307
-27.0187   87.1957   0.5886553660674483
-25.599   87.2059   0.6212734502616372
-35.4864   84.6469   0.34594230732883513
-34.0678   84.662   0.39713390688784495
-33.376   85.9041   0.41987591024015525
-31.9571   85.9177   0.4672539994478377
-31.2649   87.1595   0.4832822156876862
-29.8456   87.1717   0.5255438706711361
-29.1529   88.4132   0.5340689094115104
-27.7334   88.4241   0.571144211211142
-27.0403   89.6652   0.5720684836625758
-39.7267   84.5994   0.21089689423981772
-38.3086   84.6168   0.25654231619754087
-37.6179   85.8595   0.278438880187373
-36.1996   85.8754   0.3304566839995864
-35.5085   87.1179   0.34984106391331854
-34.0898   87.1325   0.4008510072333605
-33.3982   88.3746   0.41449764776172077
-31.9792   88.3877   0.46145274947712567
-31.2872   89.6296   0.4677675277314559
-29.8679   89.6413   0.5095293710866909
-29.1754   90.8827   0.5080481866909853
-27.7559   90.8931   0.5444676390750908
-27.063   92.1342   0.5353075471166087
-43.9656   84.5468   0.19113526623834068
-42.5478   84.5662   0.17996096799027764
-41.8577   85.8091   0.17931073587490298
-40.4399   85.8274   0.20343849193306135
-39.7497   87.0704   0.21565676432702424
-38.3315   87.0874   0.26049132423173266
-37.641   88.3301   0.2748737164590321
-36.2226   88.3457   0.3257629506251429
-35.5316   89.5882   0.33662694485142114
-34.1129   89.6023   0.38642204906034794
-33.4215   90.8444   0.39099759590053385
-32.0024   90.8571   0.4366211286687787
-31.3106   92.0989   0.4336079335067553
-29.8913   92.1101   0.4739451234056547
-29.199   93.3514   0.463018066602159
-27.7795   93.3613   0.49817821108515076
-48.2057   84.4903   0.3150271258161751
-46.7877   84.5111   0.2700459405360485
-46.0974   85.7538   0.24694270590564021
-44.6795   85.774   0.21113138089824726
-43.9896   87.0171   0.19681476062531217
-42.5718   87.0364   0.185188579561478
-41.8819   88.2795   0.18326977383081863
-40.464   88.2976   0.20355456270985986
-39.7739   89.5405   0.21015589451642197
-38.3557   89.5573   0.250909445816611
-37.6653   90.8   0.2581679492113623
-36.2469   90.8152   0.30564530096175385
-35.556   92.0576   0.3087771526521981
-34.1373   92.0713   0.35551475356164103
-33.446   93.3133   0.3519969744188141
-32.027   93.3256   0.3947939462555105
-31.3353   94.5672   0.38357001968350035
-29.916   94.578   0.4212413678640792
-29.224   95.8191   0.4022515257895259
-48.921   85.7165   0.3399030155794434
-48.2306   86.9592   0.3186229903820458
-46.8125   86.9802   0.2741412409689579
-46.1227   88.2232   0.25625444386390733
-44.7048   88.2435   0.21929190591537687
-44.0152   89.4866   0.20743013281584197
-42.5973   89.5059   0.19026670754496666
-41.9076   90.7489   0.1864754407422142
-40.4896   90.7668   0.19746305983651674
-39.7997   92.0097   0.19926740827340184
-38.3814   92.0262   0.2315817566217136
-37.6911   93.2688   0.23309918489775944
-36.2726   93.2837   0.27389488859780015
-35.5819   94.5259   0.2708017355926598
-34.1631   94.5393   0.31204724001343226
-33.4721   95.7812   0.30220777620703676
-32.0529   95.793   0.33997926407356266
-31.3615   97.0344   0.3225771845620865
-29.9422   97.0447   0.3555441744706275
-50.3658   88.1629   0.3910113169717728
-48.9474   88.1846   0.34767599859639226
-48.2576   89.4275   0.3316677554421014
-46.8394   89.4486   0.28711549940746833
-46.15   90.6918   0.27346255685193677
-44.7319   90.712   0.23378798087155828
-44.0426   91.9552   0.2241047522923215
-42.6245   91.9743   0.19883080747208418
-41.9351   93.2173   0.19420489180244363
-40.5169   93.235   0.19173361729232105
-39.8271   94.4778   0.19078519334581212
-38.4087   94.494   0.20932426997363987
-37.7187   95.7364   0.2073476549180139
-36.3   95.7511   0.23693663709945528
-35.6095   96.9931   0.2303505589313877
-34.1906   97.0061   0.26218264626019827
-33.4998   98.2478   0.2491219982257683
-32.0806   98.2592   0.27855789344407483
-31.3895   99.5004   0.25854413549720784
-51.0844   89.3872   0.4177415588614543
-50.3947   90.63   0.40532901450549763
-48.976   90.6519   0.3633965464888183
-48.2869   91.895   0.3516214015102042
-46.8684   91.9162   0.30718510706087565
-46.1794   93.1593   0.2970973072917351
-44.7611   93.1795   0.25489591993596167
-44.072   94.4226   0.24766051360683286
-42.6537   94.4416   0.21456248507135917
-41.9645   95.6845   0.21091524364065822
-40.5461   95.702   0.19386206436536635
-39.8565   96.9446   0.19284950090678762
-38.438   96.9606   0.1936109501035518
-37.7481   98.2029   0.19200442703229773
-36.3293   98.2172   0.20471856291016038
-35.6391   99.4591   0.19920667659494506
-34.22   99.4717   0.21620846421913711
-33.5295   100.713   0.2055047931314391
-32.1102   100.724   0.22122913460934632
-52.5342   91.8309   0.46639976415088263
-51.1151   91.8534   0.432838930781416
-50.426   93.0964   0.42409510725779104
-49.0072   93.1183   0.3841640534979857
-48.3184   94.3615   0.37581810759994416
-46.8997   94.3826   0.33235127500883477
-46.211   95.6258   0.32515750029793145
-44.7924   95.6459   0.2818468023590105
-44.1036   96.8889   0.27698933192453573
-42.6851   96.9077   0.23872980542865482
-41.996   98.1505   0.23725136459038587
-40.5774   98.1678   0.20898086036764602
-39.8881   99.4103   0.21044752315007786
-38.4693   99.426   0.19445323345216042
-37.7796   100.668   0.1968643441560761
-36.3606   100.682   0.19091780954117268
-35.6707   101.924   0.1922779498538588
-34.2515   101.936   0.18971697341040167
-33.5612   103.177   0.1898280801146182
-53.2566   93.0533   0.48589406252803874
-52.5677   94.2962   0.4799125545346751
-51.1484   94.3187   0.45012241668239844
-50.4598   95.5618   0.44382748900896457
-49.0407   95.5838   0.40719158881293044
-48.3523   96.827   0.4009895135785982
-46.9333   96.848   0.3597936769872385
-46.2449   98.0911   0.3547248793078937
-44.8261   98.1111   0.31225130904449594
-44.1374   99.354   0.30949953150207193
-42.7186   99.3726   0.2696192871439309
-42.0298   100.615   0.27018404838183946
-40.6109   100.632   0.23658250146619428
-39.9218   101.875   0.24167002296520337
-38.5028   101.89   0.21562606521475947
-37.8134   103.132   0.22377222794619495
-36.3942   103.146   0.20483822885389572
-35.7045   104.387   0.21540970265984152
-34.2851   104.399   0.19995311950555103
-54.7118   95.4945   0.5116880494989132
-53.2921   95.5175   0.4955778949872573
-52.6037   96.7606   0.4911566145334876
-51.1841   96.7832   0.4663206943724452
-50.496   98.0264   0.4612537154321903
-49.0766   98.0483   0.42906012399196475
-48.3885   99.2914   0.4239883724820761
-46.9693   99.3124   0.38663292668886995
-46.281   100.555   0.38266587253112
-44.8619   100.575   0.34302524688425357
-44.1735   101.818   0.3421113415249481
-42.7545   101.836   0.30348123500474034
-42.0658   103.079   0.30643615974619665
-40.6467   103.096   0.2728313215156985
-39.9578   104.338   0.2805527579618432
-38.5385   104.353   0.2523316072155875
-37.8494   105.595   0.26587547837286213
-36.43   105.608   0.2426071928035185
-35.7406   106.85   0.2623654131168939
-55.438   96.715   0.5137553600693625
-54.7497   97.9579   0.5107929717605749
-53.3299   97.9811   0.5010625310278147
-52.6419   99.2243   0.4969839534632889
-51.2222   99.2468   0.478125621568222
-50.5343   100.49   0.4732726169978524
-49.1147   100.512   0.4467718992953783
-48.4268   101.755   0.44174237967394414
-47.0073   101.776   0.4095679308734973
-46.3193   103.019   0.4062338489097123
-44.9   103.038   0.37136473984480606
-44.2117   104.281   0.37131788268275057
-42.7924   104.299   0.33731815842020946
-42.1039   105.542   0.3423363988827329
-40.6846   105.558   0.3115730572434053
-39.9959   106.8   0.3221283284655374
-38.5764   106.815   0.2971131097747105
-37.8874   108.057   0.31491252753741333
-36.4678   108.07   0.29482437144849133
-56.8974   99.1539   0.4981013049571344
-55.4774   99.1776   0.5052522736217998
-54.7896   100.421   0.5019295767336298
-53.3696   100.444   0.4992867412619727
-52.682   101.687   0.4946443166559173
-51.2621   101.71   0.48281302799323894
-50.5745   102.953   0.47722841491260914
-49.1547   102.974   0.4572128607115069
-48.467   104.218   0.4520581820960669
-47.0474   104.238   0.4264948417038574
-46.3595   105.481   0.42279796593645036
-44.94   105.5   0.39449746513761247
-44.2518   106.743   0.3950819661791683
-42.8323   106.761   0.36773417029152994
-42.1439   108.003   0.37378690453251523
-40.7244   108.02   0.35012090768761683
-40.0358   109.262   0.3634819115169288
-38.6161   109.277   0.34462295338529414
-37.9272   110.518   0.3651737668562731
-57.6262   100.373   0.47562150918561447
-56.9384   101.616   0.472750092543619
-55.5185   101.64   0.4876222513380612
-54.831   102.883   0.48313900691208705
-53.411   102.906   0.48814797961274004
-52.7236   104.15   0.4825917218519184
-51.3037   104.172   0.47807243175067177
-50.6163   105.415   0.47153691265901804
-49.1964   105.436   0.45901421546614735
-48.5088   106.679   0.4529566094009423
-47.0891   106.7   0.43533923553936926
-46.4012   107.943   0.43162535838386284
-44.9815   107.962   0.4116583292003228
-44.2934   109.204   0.4121766368924823
-42.8738   109.222   0.39308775101750126
-42.1854   110.464   0.40044656322660427
-40.7657   110.481   0.3852428454883986
-40.077   111.723   0.40064670222029525
-38.6572   111.737   0.3898979994819119
-59.0877   102.809   0.40864006166796746
-57.668   102.834   0.44067045510222425
-56.9806   104.077   0.4364632172359996
-55.5608   104.101   0.45917279971705777
-54.8736   105.345   0.4538822314213248
-53.4537   105.368   0.4665356792357876
-52.7665   106.611   0.45969141823619086
-51.3466   106.633   0.46303544140810354
-50.6593   107.877   0.4559085982957556
-49.2394   107.898   0.4515023809460995
-48.5518   109.141   0.4450756340219067
-47.1319   109.161   0.43563807225723483
-46.4441   110.404   0.4322020013836116
-45.0242   110.423   0.4211602189191181
-44.3361   111.665   0.42263414438495184
-42.9163   111.683   0.4131223305511331
-59.8178   104.027   0.3601758598240605
-59.1303   105.27   0.355605511768306
-57.7109   105.295   0.39507624580579465
-57.0238   106.538   0.3897053374025038
-55.6042   106.563   0.4203004758503157
-54.9172   107.806   0.41379523921862477
-53.4974   107.829   0.4344290736127123
-52.8104   109.072   0.42699350112150436
-51.3904   109.094   0.43826454339816034
-50.7031   110.337   0.4305143435473455
-49.2832   110.359   0.434812568815573
-48.5955   111.601   0.4284156509746136
-47.1756   111.621   0.4278490387975633
-61.2798   106.461   0.24612476510907938
-59.8609   106.487   0.2987876336129028
-59.1739   107.73   0.29325500848237795
-57.7547   107.755   0.33969945540138796
-57.0679   108.999   0.33377760559989694
-55.6484   109.023   0.37140745819113524
-54.9616   110.266   0.36472565031815585
-53.5419   110.29   0.3931358162264066
-52.8548   111.533   0.38584647205851486
-51.4349   111.555   0.4050733266953061
-62.0108   107.677   0.17888778605595343
-61.3237   108.92   0.17234767187287273
-59.905   108.946   0.22957138323406126
-59.2183   110.19   0.2241587383975901
-57.7993   110.215   0.27654818748276194
-57.1127   111.459   0.27113387837007913
-55.6933   111.483   0.3155255298704056
-63.4735   110.108   0.06493381245545427
-62.0552   110.135   0.10344283445459215
-61.3685   111.378   0.09633119951500665
-59.95   111.405   0.1558614769595079
-64.2053   111.322   0.08632178172396889
13.1518   23.577   0.18067943989286706
13.8499   24.8136   0.17819466883159094
11.7007   26.0066   0.24577587351080604
13.1212   26.0312   0.2127022801946423
13.821   27.2668   0.20843975148708957
15.2416   27.2907   0.18191165438201035
10.9727   27.2246   0.2886374022887538
20.4361   11.4091   0.3788506565917511
21.856   11.428   0.41240395245438616
22.549   12.6674   0.42217373201088754
23.969   12.6845   0.45868396527456734
24.6632   13.9231   0.47194175488083207
26.0832   13.9384   0.5115416112106633
26.7788   15.1762   0.5275320085075403
28.1989   15.1896   0.5694313040218285
28.8958   16.4265   0.5871323019558704
30.316   16.4382   0.62987381275935
31.0142   17.6744   0.6481537471927464
32.4347   17.6845   0.690065170835334
33.1341   18.92   0.7075639971055615
34.5547   18.9288   0.7467652509323112
35.2552   20.1638   0.7623666834273376
36.676   20.1715   0.7973754322776716
37.3775   21.406   0.8099053895363326
38.7986   21.4128   0.8396165493843014
19.7053   12.6266   0.34567172288169495
20.3986   13.8659   0.3511697168037142
21.8185   13.8851   0.38996415219863384
22.5131   15.1236   0.3983282314875499
23.9331   15.141   0.43993875710148594
24.6289   16.3787   0.45101813710758765
26.049   16.3943   0.49560229014805773
26.7462   17.6311   0.508810514828457
28.1664   17.645   0.5555217097467942
28.8649   18.881   0.5701937653114085
30.2852   18.8932   0.617481991640244
30.985   20.1284   0.6323576598729552
32.4055   20.1392   0.6783708351631877
33.1063   21.3739   0.6922321214737163
34.527   21.3833   0.7350700714897865
35.2289   22.6175   0.7464776285998118
36.6498   22.6259   0.7846735244673442
37.3526   23.8597   0.7926587790468215
18.2484   15.0622   0.27349175490314065
19.6684   15.0833   0.31382555663935563
20.3631   16.3217   0.3185857812269725
21.7831   16.3412   0.3611113540170127
22.4793   17.5788   0.3680375660173843
23.8993   17.5966   0.41343218307238677
24.5968   18.8332   0.42263791831779546
26.017   18.8493   0.470976230822745
26.7158   20.0851   0.48204877346592184
28.1361   20.0994   0.5324099923930803
28.8362   21.3345   0.5446438561114956
30.2565   21.3473   0.5954169715417932
30.9578   22.5817   0.6074715960437999
32.3783   22.593   0.6566342360858148
33.0806   23.8269   0.6671436052305368
34.5014   23.8371   0.712746357409143
35.2045   25.0705   0.7204605887902554
36.6255   25.0797   0.7608429141419394
17.5184   16.2794   0.23474168781875954
18.2134   17.5177   0.2379914704353932
19.6334   17.5391   0.27927053192200657
20.3297   18.7766   0.28352257405716247
21.7498   18.7964   0.3277444888934047
22.4476   20.0329   0.3335414367061465
23.8677   20.0511   0.3813098870997208
24.5669   21.2868   0.3890476320452292
25.9871   21.3032   0.4399107864101558
26.6875   22.5382   0.4494297386689045
28.1079   22.553   0.502263934600127
28.8095   23.7872   0.5124555883196129
30.2299   23.8005   0.5655687579773112
30.9326   25.0342   0.5751763294851415
32.3532   25.0462   0.6264402764829219
33.0568   26.2793   0.6339766399481915
34.4776   26.2902   0.6812425265645103
35.182   27.523   0.6855643952248388
16.0636   18.7121   0.16789991066108406
17.4837   18.735   0.2023173002983184
18.1802   19.9723   0.20520216860452567
19.6003   19.9939   0.24474194573060104
20.2983   21.2304   0.24819357364766556
21.7185   21.2505   0.2923129487381633
22.4179   22.4861   0.2971411953937046
23.8382   22.5046   0.3457147089725865
24.5389   23.7394   0.35235392718117986
25.9593   23.7563   0.40452878760355254
26.6612   24.9903   0.41243599503438194
28.0817   25.0057   0.4668000428448999
28.7847   26.2391   0.47505413375740707
30.2052   26.2531   0.5295801166962377
30.9092   27.4859   0.5366449943864202
32.3299   27.4986   0.5890200081491304
15.334   19.9292   0.1488799852229975
16.0305   21.1666   0.15144560079447478
17.4507   21.1896   0.17629370380135265
18.1488   22.4261   0.17820782811088814
19.5691   22.4478   0.21263132412699814
20.2688   23.6833   0.21485865121051048
21.6892   23.7037   0.2567271898338798
22.3902   24.9384   0.2604745093094521
23.8106   24.9573   0.30831007119456943
24.5129   26.1911   0.31359408476564243
25.9334   26.2085   0.3658801443095827
26.6368   27.4417   0.3722196260274309
28.0574   27.4576   0.42696108721990184
13.881   22.3597   0.1532653254979741
15.3012   22.3838   0.1483353969893918
15.9993   23.6203   0.14824523601114592
17.4197   23.6434   0.15963971936833496
18.1194   24.8789   0.15925919125752572
19.54   24.9008   0.18496240158475744
20.2412   26.1354   0.185237847104743
21.6618   26.156   0.22245226454230568
22.3644   27.3897   0.22412106103621918
23.785   27.409   0.2699289721389697
15.2703   24.8376   0.1605005295941399
15.9701   26.0732   0.15739583857268935
17.3907   26.0963   0.15404664877886742
18.0921   27.3308   0.15033459349065598
19.5128   27.3529   0.16375060305232644
48.3115   0.580612   0.280274379651442
49.7314   0.580306   0.25589876362538283
50.4252   1.81751   0.31181299988935507
44.0513   0.561763   0.3335910874109199
45.4712   0.562926   0.31254446717387463
46.1642   1.80067   0.36774439438283807
47.5841   1.80092   0.3461372833140054
48.2777   3.03829   0.4022866228200985
49.6977   3.03781   0.38024375405784244
39.7913   0.538495   0.3740958779831713
41.2112   0.54155   0.35809198030813333
41.9033   1.77995   0.41116455452774825
43.3233   1.78185   0.3943759962269524
44.0161   3.0198   0.4488461920301894
45.4361   3.02072   0.4312658995329913
46.1296   4.25826   0.4860037382572267
47.5497   4.2584   0.4675617687536048
48.244   5.49558   0.5211250453585962
35.5316   0.50959   0.3979809474346736
36.9515   0.515121   0.38788956467530844
37.6426   1.75428   0.4371455071254883
39.0626   1.75834   0.4268340047372042
39.7545   2.99697   0.47835294501027187
41.1746   2.99977   0.46720643574334575
41.8672   4.23791   0.5195252367306155
43.2874   4.23964   0.5071867234066747
43.9809   5.47734   0.5592311414790863
45.4011   5.47822   0.5456001008064411
46.0954   6.71551   0.5963132200446359
47.5157   6.71574   0.5812439454308315
31.2721   0.47342   0.40795048525035554
32.692   0.482162   0.4020297004264738
33.3822   1.72218   0.4443239499509345
34.8022   1.7291   0.4402010550873327
35.4931   2.96853   0.48666223204600567
36.9131   2.9738   0.48278656402182474
37.6049   4.21266   0.5315994094240521
39.025   4.21655   0.5269649453236921
39.7177   5.45487   0.5763843458144918
41.1379   5.4576   0.5703404684922866
41.8315   6.69542   0.6191723553260444
43.2518   6.6972   0.611396393594204
43.9463   7.93456   0.6585493725606311
45.3667   7.93561   0.6489941139948802
46.0622   9.17256   0.6935872954430473
27.0126   0.428516   0.41337946480685245
28.4325   0.441036   0.40807876986680086
29.1219   1.68196   0.43925237904876485
30.5419   1.69245   0.43834218368758343
31.2319   2.93278   0.4760212798814768
32.6519   2.94132   0.47793936602878856
33.3428   4.18101   0.5202282038682644
34.7628   4.18776   0.5233095451069106
35.4546   5.42682   0.5681578214721685
36.8748   5.43203   0.5709090537029539
37.5675   6.67049   0.6165496918335123
38.9878   6.67441   0.6178497397426019
39.6815   7.91231   0.6628515879139161
41.1019   7.91517   0.661993340147769
41.7968   9.15256   0.7053010620295423
43.2173   9.15459   0.7022292503876514
43.9131   10.3915   0.7428938887889729
45.3337   10.3929   0.7373432986065572
26.2817   1.64701   0.4314833972472181
26.9711   2.88818   0.45615676263758176
28.391   2.90059   0.46011602841022786
29.081   4.14116   0.49178279514436124
30.5011   4.15157   0.49951679941719707
31.1919   5.39147   0.5365178197413393
32.612   5.39996   0.5463916910971471
33.3038   6.63919   0.5865267567639181
34.724   6.64598   0.5968681972596619
35.4168   7.88454   0.6381235322412111
36.8372   7.88988   0.6472478415568502
37.5312   9.12783   0.6881396442583437
38.9517   9.13195   0.6951574371320494
39.6468   10.3693   0.7343781655250916
41.0674   10.3725   0.7386534302364015
41.7636   11.6094   0.7753937193452113
43.1842   11.6118   0.7767513051163795
43.8815   12.8482   0.8101449746804595
24.8197   4.09209   0.4582239740563579
26.2397   4.10647   0.4667667207503116
26.9298   5.34723   0.4917462785827677
28.3498   5.35964   0.504724558942796
29.0407   6.59973   0.5354518405982016
30.4608   6.61017   0.5516511339605848
31.1527   7.84953   0.5862068914640993
32.5729   7.85813   0.603749289109311
33.266   9.09677   0.6401543664617161
34.6863   9.10375   0.6572964217915703
35.3806   10.3417   0.6936277027339675
36.801   10.3473   0.7089934061752643
37.4965   11.5847   0.7440075604454573
38.9171   11.5892   0.7566025707067107
39.6137   12.8259   0.7893394833656799
41.0345   12.8296   0.798519467514726
41.7322   14.0658   0.8282045037308133
43.153   14.0688   0.8337722290889752
24.0881   5.31009   0.4581184235544354
24.7783   6.55095   0.47620160657015814
26.1983   6.56544   0.4938380013729195
26.8894   7.80564   0.5178330087006823
28.3094   7.81818   0.5393958462020263
29.0015   9.05763   0.5678373556750214
30.4217   9.06824   0.591804363282327
31.115   10.3069   0.6227356582049902
32.5353   10.3158   0.647408163371454
33.2299   11.5537   0.679035124275614
34.6503   11.561   0.7025686372163218
35.3461   12.7983   0.7333857716100042
36.7667   12.8043   0.7545066798909071
37.4638   14.0409   0.7835012380334846
38.8845   14.0459   0.8011792121616723
39.5826   15.282   0.8273171943094139
41.0035   15.2862   0.8410530898819637
41.7027   16.5219   0.8636458822920411
22.6268   7.75237   0.4456696724032262
24.0468   7.7689   0.4678114774137115
24.7381   9.00915   0.484963019208682
26.1581   9.02384   0.510986303632495
26.8505   10.2633   0.5328988084054973
28.2706   10.2761   0.5622309667743334
28.9642   11.5148   0.5872005023839805
30.3844   11.5257   0.6182785294671013
31.0793   12.7636   0.6449137384177838
32.4996   12.7728   0.6759791786734284
33.1958   14.0099   0.7025824222110877
34.6163   14.0177   0.7319995150271611
35.3137   15.2542   0.7573701472859887
36.7344   15.2607   0.7837933464887292
37.433   16.4966   0.8068432189713179
38.8539   16.5022   0.8291583322864207
39.5535   17.7376   0.8490297521288649
40.9745   17.7424   0.8666204532550553
21.8954   8.97008   0.4272650958128907
22.5869   10.2103   0.43821002955204125
24.0069   10.2271   0.4681050095865247
24.6996   11.4666   0.4835917389699711
26.1196   11.4815   0.5169922436555522
26.8135   12.7202   0.5360445876977021
28.2336   12.7333   0.5721079443601527
28.9289   13.9711   0.5933332537453123
30.3491   13.9824   0.6307154191868144
31.0457   15.2194   0.6529086153513365
32.466   15.229   0.6898562386468648
33.1639   16.4654   0.711657705642257
34.5844   16.4736   0.7463102036016933
35.2834   17.7093   0.7665577408127859
36.7042   17.7164   0.7975814065034359
37.4043   18.9516   0.8151392887108305
38.8252   18.9578   0.8415634557179874
39.5263   20.1925   0.8555367262718754
15.943   28.5253   0.176809190937577
11.6724   28.4604   0.2845329682128242
13.093   28.4847   0.2481636959750554
13.7944   29.7195   0.24370055395915738
15.2152   29.7432   0.2108234806656986
15.9183   30.9769   0.20511504089169072
17.3392   30.9999   0.1775105067312912
18.0437   32.2328   0.16993981287502605
9.52465   29.6544   0.3708499293514826
10.9452   29.6788   0.3305537928991275
11.6466   30.9138   0.3275237548636733
13.0673   30.9377   0.28835681021956083
13.7704   32.1717   0.28481836317203985
15.1913   32.1951   0.24691417537273821
15.8958   33.4281   0.2420929780063841
17.3168   33.4509   0.206283130672383
18.0227   34.683   0.19924718316703963
19.4438   34.7051   0.16791649710495846
20.1507   35.9365   0.15844399641513687
8.7986   30.8734   0.4202161397423941
9.49987   32.1087   0.4192510347035536
10.9205   32.1327   0.37747254204776165
11.6235   33.3668   0.37614317752685505
13.0443   33.3904   0.3344295591002687
13.7488   34.6236   0.33230789939452365
15.1697   34.6467   0.29055190586193075
15.8755   35.879   0.28699541808189033
17.2966   35.9015   0.24523747674447965
18.0036   37.133   0.23955302127086905
19.4248   37.155   0.1989626598133419
20.1327   38.3858   0.19086385199927217
21.5539   38.4071   0.15437477125489274
22.2627   39.6374   0.1436939455927053
7.35444   33.3044   0.514502879000691
8.77502   33.3283   0.47224990005292644
9.4778   34.5627   0.4732967598663656
10.8985   34.5862   0.42999718603730397
11.6028   35.8197   0.43045149552533657
13.0237   35.8428   0.38632859071003234
13.7294   37.0754   0.38551044084434366
15.1504   37.098   0.3405622410074255
15.8573   38.3298   0.33799002943874007
17.2784   38.3519   0.2920624933126454
17.9863   39.583   0.28747676427843544
19.4075   39.6046   0.24111874667889213
20.1163   40.8351   0.23429624410135158
21.5375   40.8562   0.18883376287094392
22.247   42.0861   0.17995696707824343
23.6683   42.1066   0.1382526672437117
24.3784   43.3362   0.12721387502941794
6.6309   34.5248   0.5690166936039758
7.33347   35.7596   0.5723902511399023
8.75412   35.7829   0.5294813500020558
9.45821   37.0167   0.5318521847280494
10.879   37.0396   0.4873542756558103
11.5844   38.2726   0.48854926056642445
13.0053   38.2951   0.44258995695790393
13.712   39.5272   0.44215221360974755
15.133   39.5493   0.3947872971613949
15.8407   40.7806   0.3923688188426789
17.2619   40.8023   0.34374750908188373
17.9705   42.0331   0.33921022979857085
19.3917   42.0543   0.2896756807189715
20.1011   43.2845   0.2834231818323963
21.5223   43.3052   0.23350942165146066
22.2324   44.5349   0.22590095174655678
23.6537   44.5552   0.17665500275961385
24.3643   45.7845   0.16785714164133778
5.19042   36.9576   0.6689981677104956
6.61106   36.9806   0.6286540304491801
7.31487   38.2148   0.6326972992671918
8.73559   38.2375   0.5895667837488804
9.44074   39.4708   0.5920580485898322
10.8616   39.4931   0.5467979974359808
11.5679   40.7256   0.5473748624114921
12.9889   40.7474   0.5002811809372806
13.6963   41.9792   0.49893257059446305
15.1173   42.0007   0.45024853136906456
15.8256   43.2318   0.44679326315422424
17.2468   43.2529   0.39678615147204954
17.9559   44.4834   0.3916209008722595
19.3771   44.5041   0.3405619326935996
20.087   45.7341   0.33421461667617103
21.5083   45.7544   0.2824517834958741
22.2187   46.984   0.27545781891244137
23.6401   47.0039   0.22353652945324223
4.4692   38.1794   0.7231299856180758
5.17269   39.4141   0.7283502721218688
6.59343   39.4364   0.6887771116986976
7.29822   40.6702   0.6919452596846085
8.71903   40.6922   0.6492063869833679
9.42499   41.9252   0.6501421672219088
10.8459   41.9467   0.6047964616298606
11.5529   43.1789   0.603521515772222
12.9739   43.2001   0.5561701448297984
13.6818   44.4316   0.5528000904486167
15.1029   44.4524   0.5038168417192902
15.8116   45.6833   0.4987651651829746
17.2328   45.7037   0.4484349339647824
17.9423   46.9341   0.4421959859609756
19.3635   46.9542   0.39102779952325584
20.0737   48.1841   0.38422381498288244
21.495   48.2038   0.33236896666205096
22.2057   49.4333   0.3256427643906742
3.03152   40.6146   0.8142792867929274
4.45232   40.6366   0.7804416724522071
5.15673   41.8709   0.7839768590972573
6.57757   41.8925   0.7456550129919335
7.28312   43.1259   0.7464239945232193
8.70401   43.1471   0.7046858739183015
9.41057   44.3799   0.7029048188766377
10.8315   44.4006   0.658332841350027
11.539   45.6327   0.6542017043695304
12.96   45.653   0.607554458464423
13.6683   46.8845   0.6017227351529937
15.0894   46.9045   0.5533872152480578
15.7985   48.1353   0.546540629779708
17.2197   48.155   0.49708949898383437
17.9294   49.3853   0.48978433008825367
19.3507   49.4046   0.43948930589947177
20.0611   50.6345   0.4324485171670718
21.4824   50.6536   0.38160280397292684
2.31216   41.838   0.860093012644563
3.01615   43.0728   0.8640250063510889
4.43706   43.094   0.8320363919925619
5.14216   44.328   0.8325484892184961
6.5631   44.3488   0.795940668705902
7.26919   45.5821   0.7934436741823586
8.69017   45.6024   0.7530891719444646
9.39715   46.835   0.7479946791923051
10.8182   46.855   0.7048686757120078
11.526   48.0869   0.6978807347964254
12.947   48.1065   0.6526809787331025
13.6556   49.3378   0.6446211445492616
15.0768   49.357   0.5979832271895251
15.786   50.5878   0.5896008310713272
17.2073   50.6066   0.5420036992493682
17.9171   51.8369   0.5340482094343156
19.3385   51.8555   0.4856884598176081
20.0489   53.0853   0.4787070294031615
0.876391   44.276   0.9288458714991408
2.29739   44.2968   0.9047699215270149
3.00202   45.5313   0.9050581307297334
4.42305   45.5517   0.8752601385302543
5.12865   46.7855   0.8719705612003196
6.54969   46.8055   0.8375285318124981
7.25616   48.0386   0.8312697105031545
8.67721   48.0582   0.7930611136602269
9.38448   49.2906   0.7847420021892535
10.8056   49.3097   0.743839028285017
11.5136   50.5416   0.7342814174415683
12.9347   50.5603   0.6914725301846776
13.6434   51.7916   0.6816933841544881
15.0647   51.8099   0.6375384223715451
15.774   53.0407   0.6283750074597176
17.1954   53.0587   0.5833794648425675
17.9053   54.289   0.575395464007146
19.3267   54.3067   0.5296399342949879
0.158547   45.5009   0.9614241704887594
0.862683   46.7359   0.9619437403424383
2.28377   46.7559   0.9399181400526325
2.98887   47.9901   0.936182032993584
4.40998   48.0097   0.908710497573347
5.11594   49.2434   0.9015219043927875
6.53705   49.2625   0.869489516900577
7.24378   50.4955   0.8598592134181039
8.66492   50.5142   0.8243418490529274
9.37237   51.7466   0.8133832140510402
10.7936   51.7649   0.7753556732235859
11.5017   52.9967   0.764094241569716
12.9229   53.0145   0.7243561347845408
13.6317   54.2458   0.7138118029284742
15.053   54.2633   0.6729387044894939
15.7624   55.4941   0.6637650939903351
17.1838   55.5112   0.6219522409317295
-1.27582   47.9418   1.0019340617525685
0.145304   47.9612   0.9884213836218834
0.849874   49.196   0.9846999139844577
2.27103   49.2152   0.9648424884922918
2.97644   50.4493   0.9571849102446188
4.39762   50.4681   0.9320667570512312
5.10381   51.7016   0.9214774804085006
6.525   51.7199   0.8922812704523163
7.23189   52.9528   0.8800736773702529
8.65311   52.9707   0.8476832000222717
9.36067   54.203   0.835072064255535
10.7819   54.2204   0.8005730072891531
11.4901   55.4522   0.7885870465585906
12.9115   55.4692   0.7525629873970673
-1.99229   49.1679   1.020200884581071
-1.2883   50.4032   1.0170738714567382
0.132876   50.4218   1.0052615245840253
0.837739   51.6565   0.9975039532272545
2.25894   51.6748   0.9798318248046454
2.96456   52.9088   0.9688525875487972
4.38579   52.9267   0.9464048393790037
5.09212   54.1601   0.9333112136902669
6.51337   54.1776   0.907276369195186
7.22034   55.4104   0.8935852226284855
8.64164   55.4274   0.864849296062614
-3.42556   51.6116   1.033466264567935
-2.00441   51.6297   1.0298178516611562
-1.30016   52.8648   1.02254981805289
0.121054   52.8826   1.012542824870138
0.826079   54.1171   1.001453728856705
2.24732   54.1345   0.9861755767103536
2.95304   55.3685   0.9726742119024225
4.37432   55.3855   0.9532115599907505
-4.14078   52.8387   1.0389897973031306
-3.43716   54.0744   1.03269281013281
-2.01599   54.0916   1.0302702381414304
-1.31159   55.3266   1.0196585785938355
0.109638   55.3435   1.0114629822193195
-5.5732   55.2851   1.028721978038769
-4.15213   55.3017   1.0336988356866805
33.0348   28.7311   0.5935976499279628
34.4557   28.7427   0.6420243453327922
28.7618   28.6903   0.4331228116827848
30.1824   28.7049   0.4880085450071554
30.8877   29.9371   0.49259625455336087
32.3085   29.9505   0.5454038320364111
33.0145   31.1823   0.5473764700825201
24.4888   28.642   0.2732183192979546
25.9094   28.6599   0.3247305806356999
26.6142   29.8923   0.3289445089980975
28.0349   29.9089   0.3832764146148319
28.7406   31.1408   0.3869929715124015
30.1614   31.1561   0.4417259218112497
30.8678   32.3876   0.4437883955220117
32.2887   32.4017   0.4965024874056523
20.2156   28.5866   0.1608371847552681
21.6364   28.6075   0.19023882358761754
22.3405   29.8403   0.1889906082322612
23.7613   29.86   0.23078526816068728
24.4664   31.0922   0.2314433191950029
25.8872   31.1106   0.28097062124001615
26.5933   32.3423   0.2825375904194002
28.0142   32.3594   0.3357646348262435
28.721   33.5906   0.3370325355214263
30.142   33.6066   0.39100538359464937
30.8495   34.8375   0.3907294972228243
17.3638   28.5484   0.15996877820374686
18.0668   29.7821   0.1535254376316819
19.4877   29.8042   0.15148046078620184
20.192   31.0371   0.14484132697541666
21.613   31.0582   0.16195480851150998
22.3184   32.2903   0.15688040030545453
23.7394   32.3103   0.19150167101098817
24.4458   33.5418   0.18879351154105026
25.8668   33.5606   0.23469294833888973
26.5741   34.7916   0.23325835461993744
27.995   34.8093   0.28480837417463717
28.703   36.04   0.28349056421687174
30.1241   36.0566   0.33664006000474844
19.4647   32.2549   0.151847917338367
20.1704   33.487   0.1426927117970658
21.5915   33.5083   0.14185259955319937
22.2982   34.7397   0.1327348484761993
23.7193   34.7599   0.15444465027963816
24.4269   35.9908   0.14750013559316047
25.848   36.01   0.18707060164547554
26.5563   37.2405   0.1824396064455285
27.9774   37.2587   0.2311185626469654
28.6863   38.4888   0.22737042463785836
21.5718   35.9579   0.13761431611572847
22.2797   37.1887   0.12624159377954772
23.7008   37.2091   0.12620843870359752
24.4095   38.4394   0.11506858824196614
25.8306   38.459   0.1413463830453399
26.5399   39.6889   0.13285431871038259
27.9611   39.7076   0.176291633380602
23.6839   39.658   0.11866768726153086
24.3934   40.8878   0.1058019376004044
25.8146   40.9076   0.10560577635717018
26.5246   42.1371   0.09318508464340927
25.7997   43.356   0.09675277773790038
-12.7207   67.5527   0.8577763169964532
-12.0203   68.7903   0.8571810252216268
-10.5998   68.802   0.8829319849229612
-9.89895   70.0392   0.8802295212613572
-8.47824   70.0504   0.9009767699558077
-7.77697   71.2872   0.8968729709942198
-6.35612   71.2979   0.9136215100357469
-5.65444   72.5343   0.9087227533742069
-4.23347   72.5446   0.9222799466539431
-3.53136   73.7806   0.9173945615709733
-2.11029   73.7904   0.9288651193795567
-1.40774   75.026   0.924504364727393
0.0134232   75.0353   0.934898299625809
0.716418   76.2705   0.9318730291729656
2.13766   76.2792   0.9419008657496809
2.84109   77.5141   0.9405238772088661
4.2624   77.5222   0.9508978446184427
4.96621   78.7567   0.9512807560862352
6.38759   78.7644   0.96191063561019
-14.1532   70.0079   0.8086130471368858
-12.7329   70.0194   0.8395315955936387
-12.0329   71.257   0.8403661701901146
-10.6123   71.2679   0.8659779211966075
-9.91194   72.5052   0.8649078448019762
-8.49124   72.5156   0.8859194681798118
-7.79042   73.7525   0.8832468225813205
-6.36959   73.7623   0.9005617760598098
-5.66837   74.9989   0.8969947770193528
-4.24742   75.0082   0.9115227714654189
-3.54578   76.2443   0.907765772707915
-2.12473   76.2531   0.9206157600215186
-1.42266   77.4889   0.9171819479252741
-0.001539   77.4971   0.9294621276556887
0.700978   78.7325   0.9269625382203952
2.12217   78.7402   0.93938696653722
2.82509   79.9752   0.938031970883722
4.24635   79.9823   0.9510133056903043
4.94962   81.2171   0.9508114658542978
-14.8654   71.2372   0.7903576975015811
-14.1662   72.4753   0.7953257760188588
-12.7459   72.486   0.8251796471072215
-12.0463   73.7238   0.8276403868830958
-10.6258   73.7338   0.852589402936723
-9.92584   74.9713   0.8528449953537864
-8.50516   74.9807   0.8735982042678425
-7.80483   76.2178   0.8720486684239582
-6.384   76.2267   0.8894161705298589
-5.68326   77.4635   0.8866710788674672
-4.26234   77.4717   0.9017547837411223
-3.56117   78.7081   0.8983193084866875
-2.14018   78.7158   0.9122343914257997
-1.43857   79.9518   0.9089184639449243
-0.0175036   79.9589   0.9226760080921201
0.684534   81.1946   0.9198914675987594
2.10566   81.2011   0.9342046358266483
2.80808   82.4364   0.9321607748130147
4.22926   82.4425   0.9471435490462881
-16.2991   73.6939   0.7472808106729357
-14.8789   73.7045   0.7805437463717194
-14.1802   74.9428   0.7871331335930418
-12.7599   74.9526   0.8152916349380754
-12.0608   76.1906   0.8190721213666112
-10.6402   76.1998   0.8427428196075002
-9.94076   77.4374   0.8438082735432254
-8.52009   77.446   0.8635939844626066
-7.82023   78.6832   0.862455484126572
-6.39944   78.6911   0.879357118354084
-5.69917   79.928   0.876622862410056
-4.27829   79.9353   0.8917534384009964
-3.57757   81.1719   0.8880302879969802
-2.15663   81.1785   0.9025987923767677
-1.45548   82.4147   0.8985925808730005
-0.0344757   82.4208   0.9134184428778732
0.667092   83.6566   0.9094402607323913
2.08814   83.6622   0.925235461923072
-17.0115   74.9233   0.7343475062938518
-16.3137   76.162   0.7455293756787865
-14.8935   76.1718   0.7760834555638967
-14.1953   77.4102   0.7836708237519115
-12.7749   77.4193   0.8096334849794701
-12.0763   78.6574   0.8138192305420159
-10.6557   78.6657   0.835594943737694
-9.95675   79.9035   0.8366722510039393
-8.53609   79.9111   0.8549632614329113
-7.83668   81.1486   0.8533382672774017
-6.41593   81.1555   0.8693596767736586
-5.71609   82.3926   0.8657340740088723
-4.29526   82.3989   0.8804956885754756
-3.59497   83.6356   0.8755770917514913
-2.17408   83.6412   0.8903900678354405
-18.4469   77.3813   0.7051965470703889
-17.0268   77.3912   0.7370307049234772
-16.3294   78.63   0.7486901895978068
-14.9092   78.6391   0.7761292482570151
-14.2114   79.8776   0.7837071264190462
-12.791   79.8859   0.8067631312845182
-12.0929   81.1241   0.8103454140056563
-10.6723   81.1316   0.8298150336068865
-9.97379   82.3695   0.8296988381937141
-8.55316   82.3763   0.8461943334719263
-7.85416   83.6138   0.8430733069549755
-6.43345   83.6199   0.8578044826182711
-19.1599   78.6106   0.7001537116947962
-18.4634   79.8499   0.7155686549870667
-17.0432   79.859   0.7436722934196223
-16.3463   81.098   0.7543219803240533
-14.926   81.1063   0.7783463046742116
-14.2287   82.345   0.7843162244911174
-12.8083   82.3524   0.8045430690771003
-12.1106   83.5908   0.8059314238817101
-10.69   83.5974   0.8229852064284026
-20.5972   81.0695   0.6845097369650777
-19.1771   81.0789   0.7130620800463314
-18.481   82.3183   0.7260750167854548
-17.0608   82.3267   0.7507469147455761
-16.3643   83.5659   0.7584089793772212
-14.944   83.5734   0.7794945541823879
-21.3109   82.2985   0.6837289960210853
-20.6156   83.5384   0.6979851359448856
-19.1955   83.5471   0.723401257947482
17.8938   56.7416   0.6146052147517136
13.6203   56.7005   0.7421396634057489
15.0417   56.717   0.7049994184394764
15.751   57.9479   0.69659280070928
17.1725   57.9641   0.6585294678296489
9.34923   56.6597   0.8515797144131592
10.7706   56.6763   0.8210377518725909
11.4788   57.9081   0.8093171071959372
12.9002   57.9241   0.7773641939271448
13.6089   59.1555   0.767848650451376
15.0305   59.1711   0.7348812284988643
15.7397   60.4021   0.7281140363981448
5.0807   56.6189   0.9387117514977632
6.50201   56.6355   0.9161558481503024
7.209   57.8683   0.902076379748411
8.63037   57.8845   0.8773184929659243
9.33794   59.1168   0.8644855904524947
10.7594   59.1324   0.8382280179044361
11.4675   60.3643   0.8276755040473294
12.889   60.3794   0.8002206008345454
13.5976   61.6109   0.7923926615005976
15.0192   61.6256   0.7639404557948207
0.814737   56.578   0.9981403859783448
2.23601   56.5945   0.9853627732464821
2.94176   57.8284   0.9706417683677128
4.36307   57.8446   0.9543748129534844
5.06942   59.0779   0.9396707042363301
6.4908   59.0936   0.920908068375991
7.19773   60.3265   0.9074409526244668
8.61917   60.3417   0.8868823985737903
9.32664   61.5741   0.8754848593208212
10.7482   61.5888   0.8536314544345235
11.4561   62.8208   0.8451401836381938
12.8777   62.835   0.8222015507161244
13.5862   64.0666   0.8169514122639115
-3.44838   56.5373   1.024252143029244
-2.02722   56.5536   1.0230552722604973
-1.32277   57.7885   1.0103012574969892
0.0984703   57.8046   1.004218923010561
0.803552   59.039   0.9896651623978686
2.22485   59.0546   0.97969563441918
2.93054   60.2886   0.9649535833914495
4.3519   60.3038   0.9520915357779411
5.05816   61.5372   0.9382829880158763
6.47958   61.552   0.9234277462259833
7.18639   62.785   0.9114733578662626
8.60788   62.7992   0.8952299959228359
9.31519   64.0317   0.8860635473824663
10.7368   64.0455   0.8687333825748836
11.4445   65.2776   0.8628882314645379
12.8662   65.2908   0.8447878846195656
-6.28734   56.513   1.0237197323486544
-5.58427   57.749   1.0158345814649157
-4.16319   57.7648   1.0216422123718254
-3.45942   59.0002   1.010048797880578
-2.03826   59.0157   1.0103732641454835
-1.33386   60.2506   0.9966785818908727
0.0873835   60.2657   0.9928137984588303
0.792384   61.5002   0.9784279050006696
2.21369   61.5149   0.9713721872176493
2.91926   62.7489   0.9576120603354988
4.34064   62.7632   0.9483638040857524
5.04674   63.9967   0.9362504975165558
6.46819   64.0106   0.9253119925733152
7.1748   65.2436   0.9157712904431978
8.59633   65.2569   0.9038528542301555
9.30342   66.4896   0.8975077437548935
10.725   66.5024   0.8848156305129329
11.4326   67.7346   0.8821017231589567
12.8543   67.7469   0.8686485653012959
-7.7192   58.9618   0.9953051670718878
-6.29827   58.977   1.007927727766232
-5.5952   60.213   0.998089680539779
-4.17414   60.2279   1.00482501581121
-3.47043   61.4633   0.9924839261166893
-2.04928   61.4779   0.9946290766411358
-1.34501   62.7128   0.9811956074096538
0.0762242   62.727   0.9797488448037277
0.781063   63.9615   0.9665346045827843
2.20238   63.9754   0.9624947627909464
2.90773   65.2094   0.950618449010957
4.32913   65.2228   0.944789221202274
5.03499   66.4564   0.9352701575480749
6.45648   66.4693   0.9282573404503722
7.16282   67.7025   0.9216194737525897
8.58438   67.7148   0.9139332078439873
9.29117   68.9476   0.9108019611858543
10.7128   68.9594   0.9025540704024316
11.4201   70.1918   0.9028527122404855
-8.43243   60.1903   0.9827198188700571
-7.73008   61.4268   0.9752350869918494
-6.30916   61.4411   0.9883846735456793
-5.60619   62.6771   0.9778953895483916
-4.18514   62.691   0.9859521185128608
-3.4816   63.9265   0.973966692911005
-2.06046   63.9402   0.9780291508947977
-1.3564   65.1752   0.9659587807458457
0.064832   65.1885   0.9669286737960561
0.769412   66.4231   0.9557861603020823
2.19072   66.4359   0.9546665114583203
2.8958   67.6701   0.9453692190884996
4.3172   67.6825   0.9429639335626788
5.02277   68.9162   0.9362328236074611
6.44426   68.9281   0.9330502209956334
7.15029   70.1615   0.9295041417874368
8.57187   70.1728   0.9259559654756797
9.27831   71.4057   0.925720482057084
10.7   71.4165   0.9218167334128844
-9.86408   62.6414   0.9421072824259453
-8.44332   62.6553   0.9614700132609433
-7.74109   63.8918   0.9536319654877341
-6.32019   63.9052   0.9674985738490771
-5.61742   65.1412   0.9576607867089476
-4.19639   65.1543   0.9670310747850864
-3.49311   66.3899   0.9565024215860607
-2.07198   66.4026   0.9624787268298446
-1.36822   67.6377   0.9523705751964405
0.0530124   67.65   0.9558554163801973
0.757261   68.8848   0.947081068819348
2.17857   68.8966   0.9488795927829835
2.88331   70.131   0.9422551173116543
4.30471   70.1423   0.9432746684290838
5.00992   71.3762   0.9392199225421062
6.4314   71.3871   0.9398680492494679
7.13704   72.6206   0.9390006543661181
8.55862   72.6309   0.9394912936797231
9.26465   73.864   0.9415291700738742
-10.5766   63.8703   0.9248058553015317
-9.87519   65.1073   0.9199215804078077
-8.45445   65.1203   0.9396948669115942
-7.75245   66.3568   0.9324036237595821
-6.33157   66.3694   0.9472770114385751
-5.62908   67.6055   0.9388902238813641
-4.20808   67.6176   0.949666332403124
-3.50514   68.8533   0.9411928282769695
-2.08403   68.8651   0.9490760813022313
-1.38062   70.1004   0.941225855414098
0.0405915   70.1117   0.9470207425019783
0.744467   71.3466   0.9407070581349963
2.16576   71.3574   0.9454211284395958
2.87011   72.5919   0.9411600778294842
4.2915   72.6022   0.9454013981373198
4.99629   73.8363   0.9438090548940501
6.41776   73.8461   0.9479880535112235
7.12295   75.0798   0.9490797962236883
8.54451   75.089   0.9533103010038234
-12.0085   66.3236   0.8772001082991261
-10.5879   66.3362   0.9029734326102838
-9.88675   67.5732   0.8988292523610922
-8.46602   67.5853   0.9190976518303147
-7.76436   68.8219   0.913252279986204
-6.34348   68.8336   0.9291209501458896
-5.64138   70.0698   0.9225812890472032
-4.22039   70.0811   0.9348537693136818
-3.51785   71.3169   0.9282290735050269
-2.09675   71.3277   0.9380108274961424
-1.39376   72.5632   0.9322109162630525
0.0274339   72.5735   0.9403091649997662
0.730885   73.8085   0.9359459483458435
2.15216   73.8183   0.9434699179624123
2.85608   75.053   0.941057521940077
4.27743   75.0622   0.9485181645071429
4.98175   76.2965   0.9482719741192387
6.40318   76.3052   0.9559783238128353
7.10787   77.5391   0.9579109580749144
2.79006   84.8976   0.9212950083985034
-1.47337   84.8776   0.8846891942371622
-0.052432   84.8826   0.9002726442297413
0.648673   86.1186   0.8941959771526602
2.06965   86.1232   0.9108677226139906
-5.734   84.857   0.852278763081658
-4.31323   84.8624   0.8664625453532311
-3.61333   86.0992   0.8592476127985454
-2.19251   86.1039   0.8739957883765801
-1.49221   87.3403   0.8656930382069616
-0.071341   87.3445   0.8815306488716089
0.629323   88.5806   0.8722523114076557
-9.99185   84.8355   0.8203842407677018
-8.57125   84.8413   0.8351581503523746
-7.87263   86.079   0.8290508582710708
-6.45195   86.0841   0.8426728784053757
-5.75287   87.3213   0.8339582891847764
-4.33214   87.3258   0.8475470989272502
-3.63262   88.5626   0.8368359578794395
-2.21187   88.5664   0.8514045220105427
-1.51197   89.8029   0.8392028679645941
-0.0911742   89.8062   0.8553839085416789
-14.247   84.8122   0.7818811866262031
-12.8266   84.8189   0.7995894821719443
-12.1292   86.0573   0.7970820158553314
-10.7087   86.0631   0.8122073319048542
-10.0109   87.3012   0.8054053699845799
-8.59034   87.3062   0.8187577324215022
-7.89203   88.5439   0.8083636238723256
-6.47141   88.5481   0.8211623191549893
-5.77265   89.7854   0.8079638707269022
-4.35199   89.789   0.8211427766229205
-3.65282   91.0259   0.8057419274184502
-2.23213   91.0288   0.8202193614515562
-1.53263   92.2654   0.8030249084555227
-18.4997   84.7867   0.7317565032167456
-17.0795   84.7944   0.7536731917747894
-16.3833   86.0336   0.7562686956366764
-14.963   86.0404   0.7749074138243885
-14.2664   87.2793   0.7720269749173276
-12.846   87.2852   0.7878785502855128
-12.1489   88.5237   0.7799110205658083
-10.7284   88.5287   0.793582220062924
-10.0309   89.7667   0.781300575962926
-8.61037   89.7709   0.7938089234192306
-7.91235   91.0086   0.7777354835675169
-6.49178   91.012   0.7900923627019814
-5.79334   92.2493   0.7712145746159097
-4.37274   92.252   0.7843601035876302
-3.67393   93.4889   0.7629734942316144
-2.25333   93.491   0.7779408988477213
-22.75   84.7581   0.6677438805410363
-21.33   84.7672   0.6945645110427104
-20.635   86.0072   0.7023911303540199
-19.2149   86.0152   0.7256338746227304
-18.5194   87.2549   0.7272559178171045
-17.0992   87.2618   0.7473890419319774
-16.4033   88.5012   0.7430728699125003
-14.983   88.5072   0.7603101603950844
-14.2867   89.7461   0.7504013059690129
-12.8663   89.7512   0.7653587720801265
-12.1695   90.9897   0.750451990469743
-10.7491   90.9938   0.7636151517616703
-10.0518   92.2319   0.7445037609038637
-8.63131   92.2353   0.7569221498278405
-7.93358   93.4729   0.7340898225694173
-6.51308   93.4755   0.7466732956253345
-5.81496   94.7127   0.7209207369052447
-4.39445   94.7146   0.7346033362298328
-3.69602   95.9514   0.7064367320574427
-23.4645   85.9868   0.6614946258285089
-22.7702   87.2272   0.6676393861958707
-21.3502   87.2356   0.6930426898828085
-20.6554   88.4757   0.6926276416661401
-19.2353   88.4831   0.7147440730779088
-18.5401   89.7228   0.7079855648245962
-17.1199   89.7291   0.727298460056118
-16.4243   90.9684   0.7146791937645873
-15.004   90.9736   0.7315719103410138
-14.3079   92.2125   0.7135830575343005
-12.8876   92.2168   0.7283732147738546
-12.191   93.4552   0.7056737702366441
-10.7706   93.4586   0.7191957383077298
-10.0736   94.6965   0.6923574871408567
-8.6532   94.6991   0.7052271952356912
-7.95577   95.9366   0.6750644035201376
-6.53535   95.9384   0.6883145508414007
-5.8376   97.1755   0.6552151296330073
-4.41717   97.1767   0.6697997091668517
-24.9053   88.4467   0.6248761157221489
-23.4854   88.4556   0.6533701401196739
-22.7913   89.6961   0.649951428954502
-21.3713   89.7038   0.6748514132755455
-20.6768   90.9439   0.664941478628007
-19.2567   90.9506   0.6868465694753075
-18.5618   92.1902   0.6708864658047591
-17.1416   92.1958   0.6901658423886248
-16.4462   93.435   0.66863267195075
-15.026   93.4395   0.6857903615537336
-14.3301   94.6782   0.6592570818732238
-12.9098   94.6818   0.6747250254733405
-12.2135   95.92   0.6438695287090401
-10.7932   95.9227   0.6580480681530793
-10.0965   97.1605   0.6233604494993236
-8.67611   97.1623   0.6371935636837526
-7.97905   98.3996   0.5994375437858402
-6.5587   98.4007   0.6136769765927337
-5.86139   99.6377   0.5733675435529976
-25.6207   89.6748   0.6042213749942976
-24.9272   90.9156   0.597743423217686
-23.5073   90.924   0.6258522669128879
-22.8134   92.1643   0.6125429699212945
-21.3935   92.1715   0.6373320170837153
-20.6992   93.4114   0.6177330248578271
-19.2792   93.4174   0.6396908159415751
-18.5844   94.6569   0.6145527560755037
-17.1643   94.6618   0.6342672622798696
-16.4691   95.9008   0.6040386825361428
-15.049   95.9047   0.6217209985194332
-14.3533   97.1432   0.5870807525375024
-12.9331   97.146   0.6032330644120896
-12.2371   98.384   0.5645209207815062
-10.8168   98.386   0.5797317396865542
-10.1205   99.6235   0.5375449097517353
-8.7002   99.6246   0.552406964927128
-8.00356   100.862   0.5076324063729571
-6.58331   100.862   0.5229762801504464
-25.6434   92.1432   0.5668880400925739
-24.9501   93.3838   0.5504719702219176
-23.5303   93.3916   0.5782249216351708
-22.8366   94.6318   0.5552921843498243
-21.4167   94.6384   0.5799160284041133
-20.7226   95.8781   0.5512912569595136
-19.3027   95.8834   0.5734689006389084
-18.6081   97.1227   0.5397496734598326
-17.1881   97.1269   0.5598700295604349
-16.4932   98.3656   0.5217104752638201
-15.0731   98.3688   0.5399874165200504
-14.3777   99.607   0.4979133358326531
-12.9576   99.6092   0.5147432952453093
-12.2619   100.847   0.46910387975372503
-10.8418   100.848   0.484967514375964
-10.1458   102.086   0.43651185550910204
-8.72563   102.086   0.4521798075987032
-8.02948   103.323   0.40138475419477265
-27.0869   94.6022   0.4796629128877908
-25.6672   94.6107   0.5101182215918163
-24.9742   95.8511   0.4847828586078524
-23.5545   95.8583   0.5116318793820391
-22.861   97.0982   0.48040583884878024
-21.4412   97.1042   0.5043867761946212
-20.7473   98.3436   0.46809323857538987
-19.3274   98.3483   0.4898125968163733
-18.6331   99.5873   0.4491458115133665
-17.2132   99.5909   0.4689729842965371
-16.5185   100.829   0.42425111667501736
-15.0985   100.832   0.44262867055806265
-14.4035   102.07   0.39461677612589985
-12.9835   102.071   0.4112957573328447
-12.2882   103.309   0.3604771837439923
-10.8681   103.309   0.3763468878574638
-10.1727   104.547   0.32325414150479176
-8.75257   104.546   0.3389255034664704
-27.8045   95.8284   0.4348165015267931
-27.1121   97.0691   0.4086430349339152
-25.6924   97.077   0.43689932478775595
-24.9996   98.3172   0.4045233862213635
-23.5799   98.3238   0.4294062645095011
-22.8867   99.5635   0.39185978359612594
-21.4669   99.5688   0.4141225905453596
-20.7734   100.808   0.3724517821141429
-19.3535   100.812   0.39237571280597905
-18.6596   102.051   0.3473247759662417
-17.2397   102.054   0.3654189376592318
-16.5454   103.292   0.316702462889063
-15.1254   103.294   0.33351335805331594
-14.4309   104.531   0.2819581174571849
-13.0109   104.532   0.29726446138077117
-12.3161   105.77   0.24439036396715388
-10.8961   105.77   0.2586106146313395
-10.2011   107.007   0.2044984352018366
-29.2504   98.2856   0.3308236539306098
-27.8309   98.2944   0.3590082032488959
-27.1388   99.5348   0.3279561098683775
-25.7192   99.5422   0.35205661476529493
-25.0266   100.782   0.31576771525917574
-23.6069   100.788   0.33693779841388977
-22.9141   102.027   0.29614268520428105
-21.4943   102.032   0.3145175034874813
-20.8011   103.271   0.2713677394238327
-19.3813   103.274   0.28709601181486016
-18.6877   104.513   0.24207341861510304
-17.2678   104.515   0.25548489192122176
-16.5739   105.753   0.20899952153055623
-15.1541   105.754   0.21996927058114266
-14.4599   106.992   0.17328372687589882
-13.04   106.992   0.1820116754496809
-12.3456   108.229   0.13725275953509902
-10.9257   108.229   0.14307061193689888
-29.9701   99.5102   0.2838099540185321
-29.2786   100.751   0.25739085065324313
-27.8591   100.759   0.27838606286953693
-27.1672   101.999   0.24702137559328213
-25.7476   102.006   0.26430711303330806
-25.0554   103.246   0.23010910455694175
-23.6357   103.251   0.24349275143215846
-22.9432   104.49   0.20767161577836646
-21.5234   104.494   0.21782511333636834
-20.8306   105.733   0.1830860999639248
-19.4108   105.736   0.18880646175383198
-18.7176   106.974   0.15793891224141074
-17.2978   106.975   0.1579861069841238
-16.6043   108.213   0.13530428670222416
-15.1844   108.214   0.1296749783111598
-14.4906   109.451   0.12087021965727424
-13.0707   109.451   0.10697256657666435
-12.3766   110.688   0.1186544563006452
-31.4193   101.965   0.20597953781868508
-29.9999   101.974   0.2179233810310409
-29.3087   103.215   0.19900135677929914
-27.8891   103.223   0.20785660922857083
-27.1976   104.462   0.18718178330169286
-25.778   104.469   0.19171098038452924
-25.0862   105.708   0.17442548552318915
-23.6664   105.713   0.1732699627748481
-22.9743   106.952   0.16346075981715102
-21.5545   106.955   0.15571695476086903
-20.862   108.193   0.1567909755056086
-19.4422   108.196   0.14379297618450967
-18.7493   109.434   0.16009088043983016
-17.3294   109.435   0.1396183369045734
-16.6362   110.672   0.1718156570281071
-15.2163   110.672   0.14747599804713282
-14.5226   111.91   0.19293037604275656
-13.1027   111.909   0.16669580078694182
-32.1418   103.188   0.18792650159038804
-31.4513   104.429   0.18832264866446827
-30.0318   104.437   0.18245418603035762
-29.3409   105.678   0.1864458366389522
-27.9213   105.685   0.1771197617432964
-27.2301   106.924   0.18568656386502608
-25.8104   106.93   0.1733414260931388
-25.1189   108.169   0.1922124865871036
-23.6992   108.173   0.17519902967768342
-23.0072   109.412   0.2055263486757843
-21.5874   109.415   0.18545371390188808
-20.8951   110.653   0.2253461781348883
-19.4752   110.655   0.20311782295013286
-18.7824   111.893   0.25103246801957635
-17.3626   111.893   0.22714572415082065
-33.5952   105.64   0.21425547834303563
-32.1757   105.65   0.19862789330806668
-31.4854   106.891   0.21937103272766895
-30.0658   106.899   0.20294277518551634
-29.3752   108.139   0.2303903643818479
-27.9555   108.146   0.21331809580998815
-27.2646   109.385   0.24834993456814797
-25.8448   109.39   0.22975632744279223
-25.1535   110.629   0.272013694508204
-23.7337   110.633   0.25309851836784486
-23.0418   111.871   0.30102665994891403
-21.6219   111.874   0.28121258862291
-34.321   106.861   0.24275275487624123
-33.6313   108.102   0.26859443404508626
-32.2117   108.112   0.2518763387061217
-31.5216   109.352   0.2845249022493484
-30.1019   109.36   0.2683757999522325
-29.4115   110.6   0.3089148102632792
-27.9917   110.606   0.29317383921489165
-27.3008   111.845   0.33929562331394497
-25.8809   111.85   0.32384468499575364
-35.7786   109.311   0.31979149457108014
-34.3589   109.323   0.3043762967118138
-33.6693   110.563   0.3366029708722161
-32.2495   110.572   0.323790194416077
-31.5596   111.813   0.3637377764269242
-30.1397   111.82   0.35288815508599575
-36.5075   110.531   0.35183055580777006
-35.8182   111.772   0.3806159481682316
-34.3984   111.783   0.37172766913427746
39.5008   22.6469   0.8482152439092334
40.9221   22.6531   0.8719405197603803
41.6251   23.8868   0.8760914164629179
43.0464   23.8925   0.8938091574827361
43.75   25.1259   0.8934223805121506
45.1714   25.1312   0.9054052352400002
45.8753   26.3645   0.9009111054926581
47.2968   26.3696   0.9076309382122247
48.0011   27.6027   0.9000142998863969
49.4225   27.6077   0.9022805107060672
38.7737   23.8673   0.8248958419097546
39.4772   25.1007   0.8287651416414671
40.8985   25.1076   0.8547983972844135
41.6026   26.3407   0.8541606757513487
43.024   26.3471   0.8740755859764089
43.7286   27.58   0.8694303134811893
45.1501   27.5861   0.8835113581612857
37.3295   26.3128   0.7647736789403795
38.7507   26.3211   0.7991049305316548
39.4553   27.5539   0.798765159480559
40.8767   27.5616   0.8268074382829426
36.6031   27.5329   0.7275404456111031
73.8787   0.652235   0.2003664954527077
75.2985   0.649901   0.22809296498576934
75.9936   1.88636   0.1780000643258307
69.617   0.641435   0.11526997083369167
71.0367   0.638984   0.1485551267678079
71.7319   1.87561   0.10209331809672785
73.1517   1.87317   0.13415566182610514
73.8469   3.10976   0.09013030622382197
75.2667   3.10737   0.1184244590445731
65.3555   0.630757   0.035653411842352274
66.7753   0.628233   0.059291784962165514
67.4706   1.86488   0.022659293898974392
68.8903   1.86236   0.047383967752816634
69.5855   3.09903   0.028332497242559457
71.0052   3.09657   0.04535610653484339
71.7004   4.33321   0.04545715015264528
73.1202   4.33085   0.053259576603647836
73.8155   5.56741   0.06820756922805554
61.0942   0.620084   0.07767672707445837
62.5141   0.617609   0.04798130469255529
63.2092   1.85422   0.09111000000000077
64.629   1.85167   0.058249052352808015
65.3242   3.08832   0.10476688408080095
66.7439   3.08578   0.07186337314654745
67.4393   4.32245   0.11687854550771995
68.8589   4.32001   0.08604985531655691
69.5544   5.55667   0.12877217440114924
70.974   5.55438   0.10213025996246246
71.6696   6.79099   0.14327806391768383
73.0893   6.78887   0.12231690153041073
56.833   0.6088   0.15128810978064244
58.2529   0.606682   0.12240817979612252
58.9478   1.84332   0.17406157215192625
60.3677   1.84095   0.14348048090245583
61.0628   3.07756   0.1947147030914715
62.4826   3.07507   0.16247096017442497
63.1779   4.31169   0.21104339861744148
64.5976   4.30922   0.17741863740881567
65.2931   5.54585   0.22254192324144104
66.7128   5.5435   0.1885917614849602
67.4085   6.78013   0.23052815034177673
68.8282   6.77795   0.19791100045222212
69.5241   8.01455   0.2376159472762735
70.9438   8.01259   0.20843332842902132
71.6399   9.24912   0.2471481790343614
52.5721   0.595984   0.21886271870969815
53.992   0.594581   0.19224829948792785
54.6864   1.83142   0.24722121996301352
56.1063   1.82953   0.219689341798823
56.8011   3.06623   0.274393377471106
58.221   3.06405   0.24558465261493997
58.9162   4.30066   0.29780048757515654
60.336   4.29835   0.2672645185953423
61.0315   5.53493   0.3157128910893565
62.4513   5.53262   0.2832308459543217
63.1471   6.76919   0.3274415062266854
64.5668   6.76698   0.29349851720238734
65.2629   8.00354   0.33355693906737927
66.6826   8.00153   0.2992722140460095
67.379   9.23806   0.33605032733208334
68.7987   9.23629   0.3031544781130582
69.4953   10.4728   0.3379636814807193
70.915   10.4713   0.30856897122037336
51.8452   1.81652   0.28706741995566243
52.5394   3.05346   0.3434760667062568
53.9594   3.05194   0.3178960875820908
54.6542   4.28869   0.37274072168197553
56.0741   4.28683   0.345921669746201
56.7694   5.52346   0.39768109082530023
58.1893   5.52142   0.3690394699757728
58.885   6.75796   0.4165801748763384
60.3049   6.7559   0.38589926418691334
61.001   7.99239   0.428710069977369
62.4209   7.99041   0.3959719612548345
63.1174   9.22688   0.434021209159184
64.5372   9.22509   0.40002042397857673
65.234   10.4615   0.43392462479098787
66.6538   10.46   0.39987331743941207
67.3509   11.6964   0.4306819011753341
68.7707   11.6951   0.39830197087134706
69.468   12.9314   0.427580951399851
50.392   4.27487   0.4358519767076911
51.812   4.27381   0.41288953195739814
52.5068   5.51064   0.466498885422033
53.9269   5.5092   0.44207821072746895
54.6223   6.74584   0.4924180947122057
56.0424   6.74418   0.46624871045398253
56.7383   7.98069   0.5120331293969177
58.1584   7.97897   0.483705997895415
58.8549   9.21538   0.524500625738425
60.2748   9.21371   0.49390012765740493
60.9718   10.4501   0.5295166286340772
62.3917   10.4486   0.49703489817114344
63.0891   11.6849   0.5280120926645537
64.509   11.6836   0.49444519413176674
65.2066   12.9198   0.5215508124813933
66.6265   12.9189   0.48840947984247896
67.3244   14.1551   0.5131205121606427
68.7443   14.1544   0.4819212176279435
49.6641   5.4951   0.5015902436252115
50.3591   6.73199   0.552974027328591
51.7792   6.73109   0.5318957631904947
52.4749   7.96774   0.5797514712357352
53.8951   7.96656   0.5567340730546309
54.5914   9.20303   0.600144274320767
56.0116   9.20173   0.5747895663632059
56.7085   10.4381   0.6129740859122854
58.1287   10.4368   0.5851619519415111
58.8261   11.673   0.6180464545647042
60.2462   11.6719   0.5879817259065128
60.9441   12.908   0.6157202855193262
62.3641   12.9071   0.5839956677921527
63.0623   14.1432   0.6075730491060318
64.4824   14.1425   0.5751804151742312
65.1809   15.3785   0.5956747098878709
66.6009   15.3782   0.5640309743267641
67.2996   16.6141   0.5829368233350858
48.2109   7.95267   0.6295106201645834
49.6312   7.95241   0.6126326084204149
50.3272   9.18905   0.6574619286316147
51.7475   9.18846   0.6383876910624129
52.4442   10.4249   0.678714151907856
53.8645   10.4241   0.6571336165499378
54.5619   11.6603   0.6922908853942826
55.9822   11.6595   0.668011713969149
56.6802   12.8956   0.6976622893635592
58.1005   12.8949   0.6708718059361283
58.7989   14.1309   0.6952801881256231
60.2191   14.1303   0.6662678290297377
60.9179   15.3662   0.6861104940168159
62.3381   15.3659   0.6558800271391118
63.0372   16.6017   0.6722433190445246
64.4574   16.6017   0.6417982315338694
65.1567   17.8375   0.6561824289022075
66.5768   17.8378   0.6268269697452414
47.4826   9.17306   0.6818813603553057
48.179   10.4097   0.7231628516454648
49.5995   10.4098   0.7090192381028886
50.2966   11.6461   0.7457362335303276
51.7171   11.646   0.728858683147837
52.415   12.8821   0.7605828948904906
53.8355   12.8819   0.7405615842048522
54.534   14.1178   0.7668585658385766
55.9545   14.1176   0.7438772076088903
56.6535   15.3534   0.7648398329062113
58.0739   15.3533   0.7393983567739395
58.7733   16.589   0.7555002382527742
60.1936   16.5891   0.7281984550931162
60.8934   17.8246   0.7407211148603771
62.3137   17.825   0.7125603062197622
63.0136   19.0606   0.7227139060513523
64.4339   19.0612   0.6947936456243674
65.134   20.2967   0.7040686614244369
46.0304   11.6295   0.774657001517446
47.4511   11.6304   0.766226291639749
48.1487   12.8666   0.7993330094522569
49.5693   12.8672   0.7878382765517294
50.2677   14.1032   0.815937234105664
51.6884   14.1036   0.8011638159577602
52.3875   15.3393   0.8238178985673955
53.8081   15.3397   0.8056737366949482
54.5077   16.5753   0.8230848133698029
55.9283   16.5757   0.8018487014393673
56.6283   17.8112   0.8143985572187631
58.0489   17.8118   0.7907696377580538
58.7492   19.0471   0.7994510241409407
60.1697   19.0479   0.7744302421780798
60.8703   20.2832   0.7806414413800989
62.2907   20.2842   0.7552275948348294
62.9914   21.5195   0.7602706491769884
64.4118   21.5209   0.735470760805622
45.3022   12.8501   0.8084355385557974
46.0004   14.0862   0.8377182879703652
47.4211   14.0876   0.832404745301228
48.1201   15.3234   0.8570535397511637
49.5409   15.3246   0.848047952653622
50.2405   16.5601   0.8674536125926273
51.6613   16.5612   0.8546519408507757
52.3616   17.7965   0.8687015310220201
53.7823   17.7976   0.852396105106072
54.483   19.0327   0.8614837955527667
55.9037   19.0339   0.8422651720212592
56.6046   20.2689   0.8474923657473254
58.0253   20.2703   0.8262570907411333
58.7265   21.5052   0.8288141468387246
60.1471   21.5068   0.806562297655921
60.8484   22.7417   0.8078581620556912
62.269   22.7435   0.7855860042032328
62.9704   23.9785   0.7868242878813556
43.8517   15.3047   0.8596263665104755
45.2726   15.3071   0.8612723727137667
45.9721   16.5426   0.8825721386946225
47.393   16.5447   0.8800219429082429
48.0932   17.78   0.8962662662401163
49.5142   17.7819   0.8896165353679093
50.215   19.0169   0.9006988120342998
51.6359   19.0187   0.8899280701270196
52.3372   20.2535   0.8961531174972276
53.7581   20.2553   0.8818532644380234
54.4597   21.4901   0.8840289248661504
55.8805   21.492   0.8670963787261479
56.5823   22.7266   0.8664032894674405
58.0031   22.7287   0.8479358820099544
58.7051   23.9633   0.8457849017332961
60.1258   23.9656   0.8267817970903826
60.8278   25.2003   0.8245790683736757
62.2485   25.2029   0.8059412447567126
43.1237   16.5254   0.8729579657692594
43.8237   17.7607   0.8912921013898871
45.2447   17.7638   0.8960026171836779
45.9455   18.9988   0.9096793116258053
47.3666   19.0015   0.9096578752476122
48.068   20.2363   0.9181877204580778
49.4891   20.2389   0.9136484389523154
50.1909   21.4734   0.9174014715488518
51.612   21.4759   0.9087365184694616
52.3142   22.7103   0.9083373272083446
53.7352   22.7129   0.896332694929735
54.4377   23.9472   0.8929788519332363
55.8586   23.9499   0.8787251276707642
56.5612   25.1841   0.873815827277122
57.9821   25.187   0.8584120514065491
58.6848   26.4213   0.8532581379629504
60.1057   26.4244   0.8377019696765678
60.8082   27.6588   0.8335059987786527
41.675   18.9774   0.8825378688758909
43.0962   18.9816   0.8950919785139387
43.7975   20.2163   0.9064744949528358
45.2187   20.2201   0.9139141535177141
45.9206   21.4545   0.9204445447717113
47.3418   21.458   0.9226544748712817
48.0443   22.6922   0.9244332534044838
49.4655   22.6955   0.9219986550966318
50.1683   23.9295   0.9197264267161184
51.5895   23.9329   0.9132558184868012
52.2925   25.1668   0.9079259606377599
53.7137   25.1701   0.8984975459065004
54.4169   26.404   0.8913255578070232
55.838   26.4075   0.8800411694915192
56.5413   27.6414   0.8726291652242659
57.9623   27.6451   0.8604843868426686
40.9474   20.198   0.876463456169166
41.6492   21.4324   0.886204953721204
43.0704   21.4373   0.901507187991311
43.7729   22.6713   0.9065922236595687
45.1942   22.6759   0.9162598594285364
45.8972   23.9097   0.9167294584554395
47.3186   23.914   0.9211485167984583
48.022   25.1476   0.9174763975165793
49.4433   25.1518   0.9173514157617043
50.147   26.3853   0.9105410863876479
51.5683   26.3895   0.9065579352694447
52.2721   27.6229   0.8979093996612363
53.6934   27.6271   0.8913552490449589
25.7857   45.8043   0.12145591792909805
26.4968   47.0333   0.11104003782419938
24.3511   48.2331   0.2162034689823447
25.7725   48.2526   0.16459349926409497
26.4839   49.4815   0.15709363449866276
27.9053   49.5008   0.10670688825000876
28.617   50.7294   0.09877681914295425
23.6272   49.4528   0.2733904716701002
24.3384   50.6819   0.26710767491781306
25.7598   50.7011   0.21444752271826273
26.4714   51.9299   0.20884185404271804
27.8929   51.949   0.15578430601315407
28.6048   53.1776   0.15106349658339002
30.0264   53.1964   0.09773684054643778
30.7385   54.4249   0.09420329081300642
22.1933   51.883   0.37531871789187354
23.6148   51.9019   0.32386338169048984
24.3261   53.131   0.3185581736512182
25.7477   53.1498   0.26649559095789843
26.4594   54.3786   0.2623577900501533
27.8809   54.3973   0.20958888329298336
28.5929   55.6259   0.20673175856650539
30.0145   55.6445   0.15315384422207537
21.4704   53.1037   0.42966649857767597
22.1813   54.3332   0.42396317057027527
23.6029   54.3514   0.37423209376000766
24.3142   55.5805   0.370044618931285
25.7358   55.5987   0.3195344269401971
20.0372   55.5366   0.5232178227086686
21.4587   55.5542   0.4766990874755266
50.127   28.8408   0.8926453102996741
51.5484   28.8458   0.8915434033180902
52.253   30.0788   0.8811808951628494
53.6743   30.0839   0.87780893137402
54.3789   31.3171   0.8680411856588375
55.8001   31.3223   0.8633891532790987
56.5047   32.5556   0.855209220015781
57.9259   32.5611   0.8501801456162107
45.8549   28.8189   0.8756644619944322
47.2764   28.8248   0.8847959538786337
47.9816   30.0575   0.8747333593730167
49.403   30.0633   0.8797967776708425
50.1083   31.296   0.8689357916440104
51.5297   31.3018   0.8709158053451542
52.235   32.5345   0.8604607370473113
53.6564   32.5405   0.8604679308376345
54.3616   33.7734   0.8514241128838197
55.7829   33.7795   0.8503424721840029
56.488   35.0125   0.843501802013486
41.5817   28.7941   0.8224838296282811
43.0032   28.8014   0.8444154131705577
43.7087   30.0337   0.8367954290028115
45.1302   30.0407   0.8532881225002511
45.8359   31.273   0.843494427960258
47.2575   31.2797   0.855312270460328
47.9634   32.512   0.8444330287240072
49.3849   32.5187   0.8525915493364933
50.0908   33.7509   0.8418232831182566
51.5123   33.7577   0.8473043668009743
52.2182   34.9901   0.8378704613482921
53.6396   34.997   0.8414574201942736
54.3454   36.2295   0.8341529356179241
55.7668   36.2366   0.8368473456969323
37.3081   28.7653   0.727929481474683
38.7294   28.7744   0.7638602620898659
39.435   30.0066   0.7602994344335665
40.8564   30.0151   0.7901540988946396
41.5625   31.2471   0.7833417325790827
42.984   31.2552   0.8073799415392987
43.6903   32.4871   0.7982170882660924
45.1118   32.4949   0.8173084485064365
45.8183   33.7267   0.8069796713672532
47.2399   33.7344   0.8218107872253805
47.9465   34.9662   0.8113255203677514
49.368   34.9738   0.8228777187407628
50.0746   36.2058   0.8134492793038803
51.496   36.2134   0.8226125211787141
52.2026   37.4455   0.8151315476657734
53.624   37.4534   0.8226083272128955
54.3303   38.6857   0.8177742598052339
35.1612   29.9748   0.6432526564266954
36.5824   29.9855   0.6863240779690002
37.2885   31.2174   0.6838868985439059
38.7098   31.2273   0.7212244310892418
39.4164   32.4589   0.7154611729507062
40.8378   32.4683   0.7471330671306134
41.5447   33.6998   0.7390472582994961
42.9662   33.7087   0.7654905224756231
43.6733   34.9402   0.755997182534432
45.0948   34.9488   0.7778890473582984
45.802   36.1803   0.7681703847454684
47.2236   36.1888   0.7862965216761421
47.9308   37.4203   0.7773492972917653
49.3523   37.4288   0.7925978173071135
50.0595   38.6605   0.7854323713726108
51.481   38.6691   0.7983893097981706
52.188   39.9009   0.7937906588011715
53.6094   39.9097   0.8052442238228104
34.4355   31.1947   0.5961951777731846
35.1421   32.4262   0.5949222554250279
36.5633   32.4377   0.6388102222100099
37.2704   33.6689   0.6345039716187763
38.6917   33.6797   0.6731769529625923
39.3992   34.9108   0.6663277046619024
40.8206   34.9211   0.6999218813553421
41.5283   36.1521   0.6915976069941238
42.9498   36.162   0.7206653106678585
43.6576   37.393   0.7119544788819031
45.0791   37.4026   0.736970671058217
45.7869   38.6337   0.7288855191317788
47.2085   38.6431   0.7505184541368716
47.9163   39.8744   0.7439525052044654
49.3378   39.8838   0.7630966583598708
50.0455   41.1152   0.7588294011172732
51.4669   41.1247   0.7758696926675267
52.1745   42.3563   0.7744940864848497
32.9958   33.6329   0.4960940838187843
34.4169   33.6461   0.5452228443489894
35.1245   34.877   0.5420291597322053
36.5458   34.8893   0.5868280412522906
37.2537   36.1201   0.58142561003107
38.6751   36.1318   0.6215311657511647
39.3833   37.3625   0.6146320525322441
40.8047   37.3736   0.6503461616708448
41.5131   38.6042   0.6429186340432209
42.9346   38.6149   0.6746977100894888
43.643   39.8457   0.6676589848118574
45.0645   39.8561   0.6959727365349881
45.773   41.087   0.690190386777448
47.1944   41.0973   0.7157206298549754
47.9028   42.3283   0.7120709585427556
49.3243   42.3386   0.7352086846603499
50.0325   43.5698   0.734285945664221
51.4539   43.5802   0.7557032817184258
32.2705   34.8524   0.4431692791699356
32.9786   36.083   0.4409437492469998
34.3998   36.097   0.4903629166240037
35.1083   37.3275   0.48610915440876046
36.5295   37.3406   0.5318627736550116
37.2383   38.5709   0.5262331802537732
38.6597   38.5835   0.5681027811936841
39.3686   39.8138   0.5618719871999313
40.79   39.8258   0.6000283159985054
41.4991   41.0561   0.594054172613912
42.9205   41.0677   0.6288674423119734
43.6295   42.2981   0.624020656709376
45.051   42.3095   0.6559611954986363
45.76   43.54   0.6529122605679866
47.1814   43.5513   0.6824505476589503
47.8902   44.782   0.681974053758647
49.3116   44.7933   0.7094894854752967
50.0202   46.0243   0.711950180841327
51.4416   46.0356   0.7378316677942184
30.8326   37.2869   0.3343738028015962
32.2537   37.3026   0.3865626339935089
32.9627   38.5327   0.38303956714679066
34.3839   38.5475   0.43296953703465013
35.0932   39.7775   0.4283377405739551
36.5145   39.7915   0.47525000789058197
37.224   41.0214   0.4701699267286237
38.6453   41.0348   0.5138929946983111
39.3549   42.2648   0.5091122174923717
40.7763   42.2777   0.5498333565726979
41.4859   43.5077   0.5458681708984314
42.9073   43.5202   0.58391470267497
43.6169   44.7504   0.5816462326878763
45.0383   44.7627   0.6173981049533607
45.7477   45.993   0.6172535378594444
47.1691   46.0052   0.6509816203242602
47.8784   47.2357   0.6536251066169357
49.2997   47.2479   0.6856037995810703
50.0087   48.4787   0.6909908682464613
30.1075   38.506   0.2793843768001366
30.8169   39.7359   0.2756448076782853
32.2381   39.7523   0.3276989624640256
32.9478   40.9819   0.32357733233340275
34.3691   40.9975   0.3740874363033349
35.0791   42.2271   0.36984923955579635
36.5004   42.242   0.41813128321138604
37.2106   43.4715   0.414171486222795
38.6319   43.4858   0.46007454830711936
39.3421   44.7155   0.4569300384085085
40.7634   44.7293   0.5005073226237546
41.4736   45.959   0.4988489751417771
42.8949   45.9725   0.5402415385732563
43.605   47.2024   0.5406115148607189
45.0263   47.2156   0.5801551344252688
45.7361   48.4457   0.5828809912838118
47.1574   48.4588   0.6208680455620169
47.867   49.6891   0.6260764969235003
49.2883   49.7023   0.6624950490381062
28.6708   40.9373   0.17031667563688516
30.0921   40.9551   0.22055244274321648
30.8022   42.1845   0.2157247320081785
32.2235   42.2015   0.2676821622745924
32.9339   43.4308   0.2634605093747442
34.3552   43.4471   0.31485785681796163
35.0658   44.6764   0.31139205192168834
36.4872   44.6921   0.3612527231731269
37.1978   45.9214   0.35866576362959557
38.6192   45.9365   0.4068324839537786
39.3299   47.1659   0.40564305737927003
40.7512   47.1805   0.4520518664932162
41.4618   48.41   0.4527203551862896
42.8831   48.4244   0.49751162800481274
43.5935   49.6541   0.5003231056027692
45.0148   49.6682   0.543830883639392
45.725   50.8981   0.5488909636712934
47.1462   50.9122   0.5909024369555422
47.8561   52.1424   0.5979258315209357
27.9459   42.1562   0.12361605882731894
28.6563   43.3854   0.11480195991358177
30.0776   43.4037   0.16148674868236124
30.7884   44.6328   0.15575859526844874
32.2097   44.6504   0.2073149536333538
32.9207   45.8794   0.203483512845636
34.3421   45.8964   0.2556449686577073
35.0532   47.1254   0.2532682569924625
36.4745   47.1418   0.304822636954672
37.1857   48.3708   0.3039345159734267
38.607   48.3868   0.3542825567255622
39.3181   49.6159   0.35509645168601967
40.7394   49.6314   0.40441400816490025
41.4504   50.8607   0.40714019698379195
42.8717   50.876   0.45536462313183906
43.5824   52.1055   0.4601238746250836
45.0036   52.1205   0.507204445958431
45.7141   53.3503   0.513791212458913
47.1353   53.3652   0.5595470400243393
26.5103   44.5852   0.08309205738215929
27.9316   44.6045   0.08165788388147253
28.6426   45.8335   0.06875645424249628
30.064   45.8521   0.10444448286051443
30.7753   47.0809   0.09705560262035379
32.1967   47.099   0.14731860031917204
32.9081   48.3278   0.1439401611781791
34.3295   48.3453   0.1969294543738975
35.041   49.5741   0.19589389985397657
36.4624   49.5912   0.24901200774259777
37.1739   50.82   0.24978801012058147
38.5953   50.8367   0.30242422191352347
39.3067   52.0656   0.3050680252009391
40.728   52.082   0.3569910503079885
41.4393   53.3111   0.3615239687766221
42.8605   53.3272   0.4126647065112307
43.5715   54.5565   0.41879151137528964
44.9927   54.5724   0.46904321762498785
45.7034   55.8021   0.47613620950312047
27.9182   47.0526   0.07359714668382009
28.6296   48.2814   0.06043153150466761
30.051   48.3003   0.05637144667293887
30.7626   49.5289   0.044863348069445495
32.1841   49.5474   0.08855247032127606
32.8959   50.7759   0.0852766673832889
34.3173   50.794   0.13889370036110288
35.0292   52.0226   0.139323328986929
36.4506   52.0402   0.1937378899441224
37.1624   53.2689   0.19651679317554513
38.5838   53.2862   0.2507947766601213
39.2955   54.515   0.25519085014945087
40.7167   54.5321   0.30924575987392394
41.4283   55.7611   0.31512787880478105
42.8495   55.778   0.3686635729225219
30.0385   50.7484   0.05282934790435707
30.7504   51.9769   0.04317568760309382
32.1719   51.9955   0.03492506263415776
32.884   53.224   0.031227712051957544
34.3054   53.2424   0.08195950219468204
35.0176   54.4708   0.08492025671181193
36.439   54.4889   0.13949426511509416
37.151   55.7175   0.144381924076391
38.5724   55.7354   0.19946322969409686
32.16   54.4436   0.04229728123650733
32.8723   55.672   0.04255537568862368
34.2938   55.6905   0.03289756829918643
58.6656   28.8791   0.853937720211491
60.0866   28.8831   0.8418312598139861
54.3973   28.8606   0.8820733926380505
55.8185   28.865   0.8740627494636751
56.5224   30.0986   0.8656567506812398
57.9436   30.1032   0.8569721407373746
58.6474   31.3369   0.8501439172281366
7.09173   79.9986   0.9635651716412337
8.5132   80.0056   0.9740681811865114
9.21758   81.2396   0.9760986973149784
10.6391   81.2462   0.9852827157724825
11.3437   82.4799   0.9864022353989265
12.7653   82.4861   0.9930835312298757
13.47   83.7196   0.991999385080454
14.8916   83.7255   0.9946908112574473
6.37095   81.2236   0.9640635657984373
7.07452   82.4581   0.9643252451325733
8.49591   82.4641   0.9771604026463616
9.19968   83.6983   0.9768925593431443
10.6212   83.704   0.9881251185958172
4.93201   83.6774   0.9453502540857541
6.35326   83.683   0.9606166888514902
30.7267   56.8729   0.15199950657814654
32.1483   56.8916   0.09804922233245851
32.8606   58.1199   0.09973946059609244
26.4476   56.8275   0.31684792882390644
27.8692   56.8458   0.2652006410248664
28.5812   58.0744   0.2640064771932694
30.0028   58.0927   0.21127995645588268
30.715   59.3212   0.21173325199410767
32.1366   59.3395   0.15801003132712765
32.8489   60.568   0.16055416531501146
34.2704   60.5865   0.1080671550472225
34.9827   61.8149   0.11424473729673543
22.1696   56.7837   0.4720408456902859
23.5912   56.8012   0.4246675523276989
24.3026   58.0304   0.42179640823506287
25.7242   58.0479   0.373199866023555
26.4359   59.2769   0.3720881884714958
27.8576   59.2945   0.3221362755108463
28.5695   60.5232   0.3225059069226485
29.9911   60.541   0.27096304176031055
30.7032   61.7696   0.27264220142890494
32.1248   61.7876   0.21973322461566927
32.837   63.0161   0.2228433754905017
34.2585   63.0344   0.16966116232066655
34.9707   64.2629   0.17496939732421643
36.3921   64.2815   0.12524176619642385
37.1041   65.5101   0.13409821027888835
19.3153   56.7584   0.5719594216375841
20.0257   57.9884   0.5667342763588595
21.4473   58.0051   0.5231510202608808
22.1581   59.2347   0.520043209743191
23.5798   59.2514   0.4753485773619183
24.291   60.4807   0.47416237725066224
25.7127   60.4975   0.4278969735812585
26.4242   61.7265   0.4284670699131957
27.8459   61.7435   0.3803063633440809
28.5577   62.9723   0.3821108085359529
29.9794   62.9895   0.3319117503192674
30.6912   64.2182   0.3345454677618566
32.1129   64.2358   0.2824375683226311
32.8248   65.4644   0.28588273819872473
34.2463   65.4823   0.2326568932999826
34.9582   66.711   0.23721679957372233
36.3797   66.7294   0.18519705721204144
37.0914   67.9581   0.19191357429843403
38.5128   67.9769   0.1459683184804126
17.8824   59.1945   0.652498475094003
19.304   59.2105   0.6134195138728468
20.0143   60.4406   0.6099404643077868
21.4359   60.4564   0.5696712999616534
22.1467   61.6861   0.5685287503723973
23.5684   61.702   0.526680681248135
24.2794   62.9314   0.5274655723362422
25.7011   62.9473   0.4835947580361068
26.4124   64.1766   0.48579487440688474
27.8342   64.1927   0.43947943069044726
28.5456   65.4218   0.44232012163137996
29.9673   65.4383   0.39347331548657893
30.6789   66.6672   0.39654098148867284
32.1005   66.6841   0.3453231964406681
32.8121   67.913   0.3483473123191862
34.2337   67.9304   0.29565936481024774
34.9451   69.1593   0.29908261400489206
36.3666   69.1773   0.24647849804800123
37.0779   70.4063   0.2512115045136245
17.1613   60.4174   0.6941486656329463
17.871   61.6479   0.6900905810109282
19.2927   61.663   0.6549357983802694
20.0028   62.8932   0.6535476340711507
21.4246   62.9081   0.6169282454224306
22.1351   64.138   0.6178814853999105
23.5568   64.1529   0.5790170032045685
24.2676   65.3825   0.5815814990179802
25.6894   65.3976   0.5401216251919554
26.4003   66.627   0.5434558767738188
27.8221   66.6423   0.49897888732891205
28.5332   67.8716   0.5020834691562752
29.9549   67.8873   0.4545837106628434
30.666   69.1165   0.4570843576409058
32.0877   69.1328   0.40676742740784794
32.7988   70.3619   0.40876468780950337
34.2203   70.3787   0.356767627455184
34.9313   71.6079   0.35870600775565353
36.3528   71.6254   0.3063778549438585
15.7283   62.8567   0.7592876266606737
17.15   62.871   0.7296569604958215
17.8595   64.1017   0.7281293085709428
19.2813   64.1158   0.6970338370552747
19.9912   65.3461   0.6980851022618938
21.413   65.3601   0.6649451781914053
22.1232   66.5902   0.6679165367020048
23.545   66.6042   0.632059886403178
24.2554   67.834   0.6359086176487935
25.6772   67.8482   0.5966712327572018
26.3878   69.0778   0.6002704807001594
27.8095   69.0923   0.5573100483572855
28.5202   70.3219   0.5599089479549324
29.9419   70.3368   0.5134505428958072
30.6525   71.5663   0.5146530967554743
32.0741   71.5818   0.46532541301759955
32.7846   72.8112   0.4655015467213823
34.2061   72.8274   0.41445754909278865
34.9165   74.0569   0.41447815382719455
15.0079   64.0803   0.7931380838164314
15.7167   65.3115   0.791177502207943
17.1385   65.3249   0.7660006788508735
17.8478   66.5557   0.7671705221135648
19.2696   66.5689   0.7401469718913927
19.9792   67.7994   0.743382021574371
21.401   67.8124   0.7137369473412458
22.1108   69.0427   0.718067698758271
23.5327   69.0558   0.6848242183217518
24.2427   70.2859   0.6889980333789055
25.6645   70.2991   0.6516946831147249
26.3745   71.5291   0.6544505099700053
27.7963   71.5427   0.6128406236534911
28.5063   72.7726   0.6136716874681435
29.928   72.7866   0.5684425212807361
30.638   74.0165   0.5674264181371902
32.0596   74.0311   0.5193186016310238
32.7694   75.261   0.5173409127451649
34.191   75.2764   0.467826345987482
13.5744   66.5225   0.8423962606754607
14.9962   66.5353   0.8232358167621221
15.7048   67.7667   0.8242356034532837
17.1266   67.7791   0.8034263314081759
17.8355   69.0101   0.8069485547418749
19.2574   69.0223   0.783811437783348
19.9666   70.253   0.7885815620466906
21.3885   70.2651   0.7619345050593257
22.0979   71.4957   0.7666730724370069
23.5197   71.5078   0.735739478348144
24.2292   72.7382   0.7388920963171812
25.651   72.7505   0.7032138650510239
26.3604   73.9809   0.7040046093599083
27.7822   73.9935   0.6636443173869576
28.4915   75.2238   0.6619556027408491
29.9132   75.2369   0.6178710302320366
30.6224   76.4672   0.6143960123568496
32.044   76.481   0.5679681153022585
32.7531   77.7112   0.5638886769567201
13.5622   68.9787   0.8692930058386518
14.984   68.9905   0.8546952380819722
15.6923   70.2221   0.858216977226621
17.1141   70.2335   0.8414879559447057
17.8227   71.4647   0.8467288290828416
19.2446   71.4759   0.8268753594103535
19.9533   72.707   0.8321310533804149
21.3752   72.7181   0.8079797089036317
22.084   73.949   0.81178610483304
23.5059   73.9601   0.7825782708457986
24.2147   75.1909   0.7836592626901043
25.6365   75.2023   0.7493067462661749
26.3452   76.433   0.7473145857000243
27.7669   76.4447   0.7082802693849375
28.4755   77.6754   0.7037700263580438
29.8972   77.6877   0.6612099061568849
30.6056   78.9183   0.6554470611727534
32.0272   78.9312   0.6111275153353817
12.8418   70.203   0.893857757140363
13.5493   71.4351   0.897203956745622
14.9712   71.4459   0.8867743794224103
15.679   72.6776   0.89199364908053
17.1009   72.6881   0.8788398602703446
17.8089   73.9196   0.8845400499694742
19.2308   73.9299   0.8674789276979576
19.939   75.1612   0.8717862754138767
21.3609   75.1714   0.8497434200980898
22.069   76.4026   0.8512824090746834
23.4909   76.4129   0.82356924420476
24.199   77.644   0.8216766030501288
25.6208   77.6545   0.7886499159956851
26.3288   78.8856   0.7835500877416847
27.7505   78.8964   0.7460513789277501
28.4583   80.1275   0.7388919474456318
29.8799   80.1388   0.6985568409227696
30.5875   81.3699   0.6910724998145991
11.4068   72.6491   0.9247075537703794
12.8285   72.6594   0.9198614569596869
13.5356   73.8916   0.9247947988608061
14.9575   73.9014   0.9180327662997649
15.6648   75.1335   0.9237073670811554
17.0867   75.143   0.9136306201085855
17.7941   76.3748   0.9182735158981764
19.216   76.3841   0.9035024183697562
19.9235   77.6158   0.9055284976189323
21.3454   77.625   0.885091622375898
22.0529   78.8566   0.8836292548348544
23.4747   78.8659   0.8573464293971237
24.1821   80.0975   0.8521410270606629
25.6038   80.107   0.8206304040187632
26.311   81.3385   0.8127058631509927
27.7327   81.3484   0.7772381488321333
28.4396   82.5799   0.7680924488627656
29.8613   82.5903   0.730488576228267
10.6863   73.8738   0.9416719014603752
11.3926   75.1066   0.9460271190616055
12.8144   75.1158   0.9448408649079492
13.521   76.3483   0.9501286965458945
14.9428   76.3572   0.9465199628111384
15.6495   77.5895   0.9511389383260462
17.0714   77.598   0.9435412709574504
17.7782   78.8302   0.94590335658565
19.2001   78.8385   0.9329260956796097
19.9068   80.0706   0.9318491455165897
21.3287   80.0789   0.9129142456989043
22.0354   81.3109   0.9080380498635505
23.4572   81.3193   0.8832715833762563
24.1637   82.5512   0.8750169255505864
25.5855   82.5598   0.845463783967119
26.2918   83.7918   0.8352624677309525
27.7135   83.8007   0.8024191485751063
9.25003   76.3224   0.9565973251582928
10.6717   76.3311   0.96029085698032
11.3775   77.5642   0.964783628592443
12.7992   77.5724   0.9667535828741466
13.5051   78.8052   0.971064328456153
14.9269   78.8131   0.9699180274641765
15.633   80.0458   0.9722550488426371
17.0549   80.0533   0.9666266394011703
17.761   81.2859   0.9658006937251595
19.1828   81.2933   0.9545059769325687
19.8888   82.5257   0.9499277972561913
21.3107   82.5331   0.9326975179553122
22.0166   83.7655   0.9244951541246698
23.4383   83.7729   0.9016473201867781
8.52939   77.5473   0.9654761362146645
9.23436   78.7809   0.9687961534296045
10.656   78.7886   0.975534960931693
11.3611   80.022   0.978842939393241
12.7828   80.0292   0.98336982361673
13.4882   81.2623   0.9853933377083486
14.9099   81.2692   0.9863168253659678
15.6153   82.5022   0.9856493240498871
17.0371   82.5088   0.9817003106854957
17.7424   83.7418   0.9774557995121836
19.1642   83.7482   0.9677477615577313
43.5607   57.0072   0.3753998534895801
44.9818   57.0239   0.4279287557526368
39.2843   56.9641   0.2055076397606685
40.7055   56.9818   0.260715534634976
41.4173   58.2107   0.2675716352680145
42.8384   58.2283   0.3224361332109041
43.5498   59.4574   0.3292405503579408
35.006   56.9189   0.04274248471954063
36.4274   56.9374   0.08811719468979853
37.1396   58.1658   0.09667600529604156
38.561   58.1842   0.14917432755001828
39.273   59.4128   0.15728226219126284
40.6943   59.4311   0.2116555928861786
41.4061   60.6599   0.2193829072649031
42.8272   60.6782   0.27395017795212145
34.2821   58.1386   0.051033616371958024
34.9944   59.3669   0.060112727437705016
36.4159   59.3856   0.053482707485690686
37.1281   60.614   0.06776983104598194
38.5494   60.6327   0.10422197465026307
39.2615   61.8613   0.11560947193028932
40.6828   61.88   0.1639850602951373
41.3946   63.1088   0.1732421138176259
36.4041   61.8336   0.0727399477591215
37.1163   63.0621   0.08530545117400452
38.5377   63.0809   0.080275899247535
39.2497   64.3096   0.09526106234972943
40.6709   64.3286   0.1242024959491558
38.5255   65.529   0.09888553989335687
39.2373   66.7577   0.11246461665785962
15.5963   84.9589   0.9905091115179099
17.018   84.9646   0.9882367985457728
17.7226   86.1979   0.9804714019286839
19.1443   86.2034   0.9726621767088514
19.8488   87.4366   0.9616441961557298
21.2705   87.4422   0.9484017292265966
21.9747   88.6754   0.9347197975864212
23.3963   88.681   0.9169953380470363
24.1002   89.9142   0.9017535583517261
25.5218   89.9201   0.8809556856051272
11.3251   84.938   0.9862373902869421
12.7466   84.9432   0.9946759371775306
13.4506   86.1771   0.9901747472037438
14.8722   86.182   0.9945452930862415
15.5761   87.4158   0.9868347683376367
16.9977   87.4205   0.9862525133047823
17.7015   88.6542   0.9752509625732227
19.1232   88.6588   0.9694484514403033
19.8268   89.8925   0.9553616488011228
21.2484   89.8971   0.9446483578559808
21.9517   91.1307   0.9281061738831387
23.3732   91.1355   0.9133823460085059
24.0762   92.3692   0.895072214963685
7.05624   84.9177   0.9585787022461959
8.47755   84.9227   0.9733441153569483
9.18071   86.1572   0.9700698343933801
10.6021   86.1619   0.98304152506392
11.3053   87.3962   0.9776399388322883
12.7268   87.4005   0.9876400255153694
13.43   88.6347   0.9795203571136232
14.8515   88.6388   0.9855579688683965
15.5547   89.8728   0.974332248260316
16.9762   89.8767   0.9756332405161264
17.6792   91.1107   0.9611997347065802
19.1007   91.1146   0.957677973015981
19.8035   92.3486   0.9402554971921192
21.2249   92.3524   0.9320467584837138
21.9274   93.5864   0.9119499821810407
23.3487   93.5904   0.9002508261590217
4.21117   84.9027   0.9378746929094525
4.91338   86.1379   0.9336806585230301
6.33454   86.1424   0.9504618818763853
7.03695   87.3774   0.9454166292698686
8.45816   87.3815   0.9615096866906752
9.1607   88.6162   0.9547265815928649
10.582   88.62   0.9691441997969137
11.2846   89.8546   0.9600225101527556
12.7059   89.858   0.9716848511734656
13.4084   91.0925   0.9597371984038136
14.8298   91.0957   0.967554825319992
15.5322   92.3301   0.9525984673512758
16.9536   92.3332   0.9559908890779237
17.6557   93.5676   0.9377096565568679
19.0771   93.5706   0.9364077957813041
19.7789   94.8049   0.9147426140723943
21.2002   94.808   0.9092524896858958
21.9017   96.0424   0.884411244840318
2.77108   87.3588   0.9042258863801682
4.19209   87.3629   0.9218991390059981
4.89378   88.5983   0.9143996964675792
6.31483   88.6019   0.9323892910152923
7.01668   89.8371   0.923537913894172
8.43777   89.8403   0.9410605695703127
9.1397   91.0753   0.9301614883449002
10.5608   91.0782   0.9461236441396019
11.2627   92.3131   0.9328785880274014
12.6839   92.3157   0.9461061409799635
13.3857   93.5505   0.9301267763052512
14.8069   93.5529   0.939828941882511
15.5085   94.7876   0.9205357624774819
16.9297   94.7899   0.9260262361294087
17.631   96.0246   0.9030208026396723
19.0522   96.0268   0.9039521060321739
19.7531   97.2616   0.877048459322516
21.1743   97.2639   0.873917965257607
2.05021   88.5842   0.8895936283494832
2.75116   89.82   0.8793467725533543
4.17208   89.8232   0.8978101048662797
4.87323   91.0587   0.8862029620803569
6.29418   91.0615   0.9053019611709672
6.99544   92.2969   0.8920387597520629
8.4164   92.2993   0.9107854988415208
9.11768   93.5345   0.8954735196531497
10.5387   93.5366   0.9129851422668372
11.2399   94.7717   0.8952266807909607
12.6609   94.7735   0.9102229671899069
13.3619   96.0086   0.8895148003265599
14.783   96.0103   0.90110992670151
15.4837   97.2453   0.8767788432666466
16.9047   97.2468   0.8840994174865167
17.6051   98.4818   0.855578196309372
19.0261   98.4833   0.8583480529482193
19.726   99.7184   0.8253422865696394
0.609052   91.0424   0.8418033721030103
2.02985   91.0451   0.8596090039081725
2.73032   92.2811   0.8447569766506812
4.15113   92.2834   0.8640072004908286
4.85174   93.5191   0.8475901061834067
6.27256   93.521   0.8678012041936798
6.9732   94.7566   0.8496222436471388
8.39404   94.7582   0.8698047137720039
9.09461   95.9936   0.8495728268371113
10.5155   95.995   0.8686429013121556
11.2159   97.2304   0.8458557442022844
12.6368   97.2315   0.8627295114924497
13.3369   98.4668   0.836605522334152
14.7578   98.4677   0.8500179586338156
15.4576   99.703   0.8196722820737569
16.8785   99.7039   0.8287380647707685
17.5779   100.939   0.7937117360855894
18.9987   100.94   0.7982236090219327
-0.111919   92.2678   0.8194334306391217
0.587856   93.5041   0.8006512777083414
2.00856   93.506   0.8191134063730118
2.70851   94.742   0.7987541041522093
4.12921   94.7435   0.8189890329546542
4.82921   95.9794   0.7970585502332937
6.24991   95.9805   0.8185823714813308
6.94988   97.2163   0.7949852381648356
8.37058   97.2171   0.8168112610021978
9.0704   98.4528   0.7911541162125117
10.4911   98.4534   0.8120907215330062
11.1907   99.689   0.7836938432832055
12.6114   99.6894   0.8022711636348399
13.3107   100.925   0.7701465120352092
14.7314   100.925   0.785077652210276
15.4302   102.161   0.7484293286610294
16.851   102.161   0.7587650558638018
17.5493   103.397   0.716872303831023
-1.55423   94.7275   0.754550960836974
-0.133625   94.7291   0.7716760218440122
0.56567   95.9654   0.7466945972752181
1.98627   95.9666   0.7661046831863113
2.68565   97.2027   0.7397367183667446
4.10622   97.2034   0.7612543872451571
4.80558   98.4394   0.7335091614969772
6.22614   98.4399   0.7566480328395753
6.92538   99.6757   0.7273362923022612
8.34592   99.6759   0.7509141394993173
9.04493   100.912   0.7196466983180013
10.4655   100.912   0.7422527399747323
11.1642   102.148   0.7080477738119088
12.5847   102.147   0.7281849215686889
13.2831   103.383   0.6898835046585762
14.7036   103.383   0.7059419381223925
15.4015   104.618   0.6628976466996997
16.822   104.618   0.6741227484664785
-2.2755   95.9527   0.7220698462752749
-1.57687   97.1893   0.6919942211463902
-0.156366   97.1901   0.7100152141158657
0.542393   98.4265   0.6786357242475518
1.96287   98.4268   0.699279749742548
2.66162   99.663   0.6668024070892367
4.08206   99.6631   0.6899003064936262
4.78071   100.899   0.6563356215382493
6.20112   100.899   0.6813155289584988
6.89956   102.135   0.6464546193662776
8.31995   102.134   0.671871127895819
9.0181   103.37   0.634940615254686
10.4385   103.37   0.6592064926864718
11.1363   104.606   0.6193176648538289
12.5567   104.605   0.6405216389787298
13.2541   105.841   0.59648857491154
14.6744   105.84   0.6132672337570299
15.3713   107.076   0.5642782292451133
-3.71918   98.4135   0.6345685010304232
-2.29876   98.414   0.6512193889159006
-1.60066   99.6505   0.6143584006099372
-0.180264   99.6506   0.6337483952492498
0.517876   100.887   0.5959661377637147
1.93824   100.887   0.6183428453536106
2.63629   102.123   0.5799462057811917
4.05659   102.122   0.6050251660881559
4.75447   103.358   0.566050406324383
6.17473   103.358   0.5928694882518405
6.87235   104.594   0.5528927766755496
8.29258   104.593   0.5800029272339914
8.98987   105.829   0.53817434944449
10.4101   105.828   0.5636778246480865
11.107   107.064   0.5186536994951458
12.5272   107.062   0.5408247498034817
13.2237   108.299   0.4916241450539212
14.6439   108.297   0.5089234323550048
-4.44105   99.6381   0.5891590149526686
-3.74358   100.875   0.5470688575490297
-2.32326   100.875   0.5651226246576931
-1.62575   102.111   0.5220414589857783
-0.205476   102.111   0.5430989372490064
0.491992   103.347   0.49969655556247344
1.91221   103.346   0.5238715366385157
2.60954   104.582   0.48046256888544375
4.0297   104.581   0.5074361683009981
4.72679   105.817   0.464048374202517
6.14689   105.816   0.49263115370426885
6.8437   107.052   0.44850912855815844
8.26378   107.051   0.47710085893865317
8.96024   108.287   0.4312229085983243
10.3803   108.285   0.45773026991886906
11.0764   109.522   0.40873542787480277
12.4965   109.52   0.43125730138746743
13.1922   110.756   0.3786217769753862
-5.8865   102.099   0.47622829651334314
-4.46626   102.099   0.4931492066302029
-3.76936   103.335   0.4452989500324463
-2.34916   103.335   0.4648595466374755
-1.65228   104.571   0.4165367797686049
-0.232137   104.57   0.43931938552720234
0.46464   105.806   0.39153144507306215
1.88472   105.805   0.4175882977287547
2.58131   107.041   0.3704728621640175
4.00133   107.039   0.3992732303824031
4.69768   108.276   0.3525605237402509
6.11764   108.274   0.38282985894519805
6.81371   109.51   0.33588451125349567
8.23367   109.508   0.365585101036681
8.92944   110.745   0.3170942831398878
10.3494   110.743   0.34432107109498794
11.0449   111.979   0.29333572915688266
12.4649   111.977   0.3161643243631364
-6.60933   103.323   0.417740888590043
-5.91307   104.559   0.36572413934548953
-4.49293   104.559   0.38391139876278696
-3.79665   105.795   0.3316351103245839
-2.37656   105.794   0.3524268009104871
-1.68032   107.03   0.30065431129454895
-0.260296   107.028   0.32487283839834946
0.435826   108.265   0.27430831337019257
1.85577   108.263   0.3020288438212486
2.55172   109.499   0.25275841746616473
3.9716   109.497   0.28331406601155545
4.66734   110.734   0.2348833729747592
6.08717   110.732   0.2665565200853272
6.78271   111.968   0.21852124038637424
8.20254   111.966   0.24918551502846392
-8.05694   105.783   0.28433507363672267
-6.63688   105.782   0.3009238390357253
-5.94117   107.019   0.2459806230173432
-4.52115   107.017   0.26419863531063165
-3.82542   108.254   0.20993454598993666
-2.40545   108.252   0.23122860138832257
-1.70976   109.489   0.1782346153248583
-0.289858   109.486   0.20322162000141733
0.40573   110.723   0.151838499057386
1.82557   110.721   0.18081013688396957
2.52104   111.957   0.13115531098663064
3.94082   111.955   0.1631732821267
-8.78109   107.006   0.21804722447213112
-8.08595   108.243   0.16418999238686274
-6.66597   108.241   0.17799570893704272
-5.97074   109.478   0.12537051647017497
-4.5508   109.476   0.1405083488622655
-3.85552   110.712   0.08983042023724275
-2.43563   110.71   0.10691419035843329
-1.74034   111.947   0.05991120179064809
-0.320531   111.944   0.07953679782968384
-10.2311   109.466   0.10486262441880262
-8.81112   109.464   0.1049644682737879
-8.11634   110.701   0.08006305327677099
-6.69643   110.699   0.07237388755621156
-6.00149   111.936   0.07129589328987208
-4.58162   111.934   0.05163170440726641
-10.9567   110.687   0.09751153777886916
-10.2623   111.924   0.13084192753090387
-8.8424   111.922   0.10441407759492916
28.4195   85.0327   0.791962947365594
24.144   85.0053   0.890837392569484
25.5657   85.0129   0.8638091571637796
26.2711   86.2453   0.8517996712842762
27.6928   86.2533   0.8221993553877301
19.8695   84.9811   0.9598574894222567
21.2912   84.9875   0.9443293175582345
21.9963   86.2203   0.9333858473321738
23.418   86.2268   0.9128588554645245
24.1228   87.4596   0.8998800697870805
25.5445   87.4663   0.8757774888634657
26.249   88.6992   0.8620615349265963
99.4532   0.760149   0.4746219519406984
100.873   0.768327   0.5110881383244967
101.564   2.00792   0.49240614019323387
95.1913   0.728917   0.39094447585814457
96.611   0.733639   0.41978135347344875
97.3034   1.97224   0.3893317485127551
98.7228   1.97871   0.4250218719077878
99.4145   3.21796   0.40103132907542255
100.834   3.22633   0.4424990888126219
90.9288   0.705313   0.3379519057144062
92.3487   0.707205   0.3564800817380959
93.0419   1.94478   0.31429082773762135
94.4616   1.94806   0.339900791996724
95.1543   3.18628   0.3052625966278871
96.5738   3.1912   0.3377826113049627
97.2658   4.43006   0.3098380746454514
98.685   4.43678   0.3484753770354518
99.3764   5.67621   0.32628856875471424
86.666   0.687865   0.3120381572884942
88.086   0.687633   0.3229139451680575
88.7799   1.92437   0.2711750357241615
90.1998   1.92512   0.28713335246884764
90.8933   3.16237   0.24345586068115016
92.313   3.16439   0.26520973379572643
93.0059   4.40223   0.23023610403235953
94.4255   4.40576   0.25719862149708406
95.118   5.64422   0.22960618981203473
96.5373   5.64944   0.26136059381628335
97.2292   6.88848   0.23915171000852087
98.6483   6.89555   0.27615236736265714
82.4034   0.674522   0.29498985274920836
83.8234   0.672977   0.30546256792608795
84.5178   1.90927   0.24874420676670966
85.9378   1.90826   0.25974738670485076
86.6318   3.14481   0.20921264684526023
88.0517   3.14463   0.2235067535892374
88.7453   4.38159   0.18397137521908086
90.1652   4.38254   0.2018871952353589
90.8584   5.62002   0.17475552208728698
92.2781   5.62233   0.19433682718414458
92.971   6.8604   0.17647568784396303
94.3905   6.86428   0.19637842447682477
95.083   8.10293   0.18300347674292844
96.5022   8.10856   0.20452385899938366
97.1942   9.34777   0.19260050467223613
78.1408   0.663127   0.2624570285894434
79.5608   0.66099   0.28029501987905425
80.2557   1.89726   0.22497145507819455
81.6757   1.8953   0.23910375070249415
82.3702   3.13159   0.18588623832871368
83.7901   3.13002   0.19882394850721524
84.4844   4.36646   0.15483636168548878
85.9042   4.36556   0.16915200383087314
86.5982   5.60229   0.1428326380768775
88.018   5.60236   0.15791745438677737
88.7117   6.83952   0.1507552947660539
90.1315   6.84081   0.16269410069206508
90.8249   8.07851   0.1667502098949208
92.2445   8.08124   0.1730171829616931
92.9375   9.31951   0.17962742997660505
94.3569   9.32385   0.1810565812115101
95.0496   10.5627   0.18514737373238685
96.4688   10.5688   0.18538190310815236
77.4135   1.88405   0.20130270763206365
78.1085   3.12043   0.1514252056297096
79.5284   3.11825   0.1702993896054832
80.2231   4.35458   0.1258171407241459
81.643   4.35268   0.1421355863251698
82.3376   5.58907   0.114401846576005
83.7574   5.58768   0.12975566423089208
84.4518   6.82426   0.12843409827611998
85.8716   6.82366   0.14128551270388665
86.5657   8.06057   0.15984981576467444
87.9856   8.06103   0.16722419561773963
88.6795   9.2984   0.1929731732650935
90.0992   9.30014   0.19287633758447298
90.7929   10.5381   0.21733453476150463
92.2125   10.5413   0.20921206944151244
92.9058   11.7798   0.22827172404833662
94.3252   11.7846   0.21308376287272632
95.0181   13.0237   0.2248665604308482
75.9617   4.34387   0.08072423489881767
77.3816   4.3416   0.10363046077288318
78.0766   5.57802   0.08226995137958923
79.4965   5.57596   0.09917971012258404
80.1914   6.81237   0.10391505617570629
81.6113   6.81071   0.11632770478265331
82.306   8.0472   0.142681926325656
83.7259   8.04617   0.15222074891420082
84.4205   9.28289   0.18862746459622476
85.8404   9.28274   0.19457724532945733
86.5349   10.5198   0.23260049441048194
87.9547   10.5208   0.2328272750345204
88.649   11.7584   0.2670495459647895
90.0687   11.7607   0.25955107397196325
90.7627   12.9989   0.2869486365188029
92.1823   13.0026   0.2706968230327061
92.8759   14.2414   0.28957682918355293
94.2953   14.2468   0.26511950135740764
75.2352   5.56519   0.0707946353899798
75.9306   6.80168   0.09721582227189153
77.3504   6.79965   0.0986363300209412
78.0457   8.03608   0.13382963050087263
79.4656   8.03436   0.13656867722871202
80.1609   9.27081   0.17765969829986686
81.5808   9.26957   0.1821549109961082
82.276   10.5062   0.22574855481265071
83.6959   10.5056   0.23048368705832684
84.391   11.7425   0.27330217708609605
85.8109   11.7429   0.2753483248541738
86.5058   12.9802   0.3141429770025112
87.9256   12.9818   0.3104906761885118
88.6203   14.2196   0.3425227875631042
90.04   14.2225   0.3307798814922088
90.7343   15.461   0.3540434577844935
92.1539   15.4653   0.33300572067158424
92.8476   16.7044   0.34660804953145774
73.785   8.02541   0.16326431820823617
75.2048   8.0235   0.14888243684196045
75.9006   9.25996   0.190833959242059
77.3205   9.25833   0.18304501331639603
78.0164   10.4948   0.22632072375281875
79.4363   10.4935   0.22416672366790044
80.1321   11.73   0.26829209828095957
81.552   11.7293   0.2699078546467283
82.2477   12.966   0.3131604540806525
83.6677   12.9661   0.3155557003129552
84.3632   14.2032   0.3554852036301947
85.7831   14.2042   0.3552851812277001
86.4784   15.4417   0.3894365160074222
87.8983   15.444   0.38307862117325203
88.5932   16.6821   0.4093019179041329
90.013   16.6856   0.3944476898145063
90.7074   17.9243   0.41114960780718274
92.1271   17.9293   0.38650871917720125
73.0597   9.24741   0.22344097856033607
73.756   10.4839   0.26235388314259883
75.1759   10.4824   0.245678183809633
75.8723   11.7188   0.285526548678052
77.2922   11.7177   0.2759685851686749
77.9886   12.9542   0.3166893904127523
79.4086   12.9535   0.31324330798917466
80.105   14.1901   0.353898318730111
81.525   14.19   0.35430262488443465
82.2211   15.4269   0.39311013723891824
83.6411   15.4276   0.3939843905537394
84.3371   16.6649   0.42854859701088655
85.757   16.6666   0.4262211984404328
86.4526   17.9044   0.4541290785668773
87.8726   17.9073   0.44535026664413524
88.5677   19.1456   0.4645006135625655
89.9875   19.1498   0.44674146886090915
90.682   20.3888   0.45586302767388304
71.6118   11.7077   0.3427416082123684
73.0317   11.7065   0.3188685152221854
73.7286   12.9429   0.3535403088758073
75.1486   12.942   0.3366019904872836
75.8456   14.1783   0.37226642341204935
77.2656   14.1779   0.3623890312909606
77.9626   15.4143   0.39875507520281134
79.3827   15.4143   0.39463618688609803
80.0795   16.651   0.43051353056553465
81.4996   16.6516   0.4297382110075865
82.1962   17.8886   0.4631290316963528
83.6162   17.8901   0.46225522171198935
84.3125   19.1275   0.4906476026640698
85.7325   19.13   0.4861534942793267
86.4283   20.368   0.5071933162020192
87.8482   20.3716   0.49563359450303557
88.5434   21.6102   0.5075155662637341
89.9633   21.6151   0.48654765439779696
90.6578   22.8542   0.4883152874936452
70.8879   12.9305   0.3989774555034413
71.5854   14.1668   0.42797491748933164
73.0053   14.1662   0.40489956779428793
73.703   15.4024   0.43479418119381386
75.123   15.4022   0.4184251665471373
75.8207   16.6385   0.44947233507747825
77.2407   16.6387   0.4396553650303853
77.9383   17.8752   0.471145773620014
79.3584   17.8759   0.4666305819382182
80.0556   19.1126   0.49710780520929143
81.4757   19.114   0.49519699110556187
82.1726   20.3512   0.5226814421806084
83.5927   20.3534   0.5199448528449938
84.2892   21.5911   0.5418979055135742
85.7092   21.5943   0.5346965681580541
86.4051   22.8325   0.5489028875857742
87.8251   22.8369   0.5342157054973194
88.5204   24.0756   0.5390561102519852
89.9402   24.0812   0.5146875751366071
69.4424   15.3906   0.5057160566958506
70.8624   15.3902   0.47845839944555224
71.5607   16.6264   0.5025140595048063
72.9807   16.6264   0.4807565912184678
73.679   17.8626   0.5060515092359689
75.0991   17.863   0.49042857787857325
75.7972   19.0993   0.5169196069022742
77.2174   19.1002   0.5073035876080516
77.9153   20.3367   0.5338907191551483
79.3355   20.3382   0.5287740821938992
80.033   21.5751   0.5539497540391203
81.4532   21.5772   0.5504880471000255
82.1503   22.8145   0.5719981992978641
83.5704   22.8176   0.5670305988216163
84.267   24.0554   0.5825358701401999
85.6871   24.0594   0.5725232309697131
86.3831   25.2977   0.5799722493361201
87.8031   25.3029   0.5618864387044771
88.4984   26.5417   0.5600561846815015
68.7196   16.6141   0.5535471163324759
69.4185   17.8501   0.572349578492028
70.8386   17.8504   0.5469107696873404
71.5374   19.0864   0.5666008824560719
72.9576   19.0871   0.5463794011490548
73.6564   20.3233   0.5673199185644731
75.0766   20.3244   0.5528560300837844
75.7751   21.5607   0.5747437950948235
77.1953   21.5623   0.565370798679947
77.8936   22.7989   0.5871613577203455
79.3138   22.8012   0.5812730683594409
80.0116   24.0382   0.6009834440315298
81.4317   24.0411   0.5958679132156732
82.129   25.2786   0.6115119704470212
83.5492   25.2824   0.6040248422043581
84.2459   26.5204   0.6132521911905395
85.666   26.5251   0.6000540392331365
86.3621   27.7636   0.6012329498621993
87.782   27.7695   0.5797425376837544
67.2763   19.0736   0.6405242071928291
68.6965   19.0742   0.6137633664532295
69.396   20.31   0.6280717793373618
70.8161   20.311   0.6049969008185101
71.5156   21.5469   0.6206012326768303
72.9358   21.5483   0.6023829761870758
73.635   22.7844   0.6192615037284322
75.0553   22.7863   0.6058450214370023
75.7541   24.0226   0.6234831272777147
77.1744   24.025   0.6142151903038537
77.8729   25.2617   0.6311847510832325
79.2931   25.2647   0.6243235779625818
79.9911   26.5019   0.6387073195134074
81.4113   26.5056   0.6317049706943897
82.1087   27.7432   0.6415506527157472
83.5289   27.7478   0.6313909327825352
66.5543   20.2977   0.6774980590378107
67.2544   21.5333   0.6869966084341318
68.6746   21.5346   0.6630752747614704
69.3747   22.7703   0.6736878579876586
70.795   22.772   0.6533025179807581
71.4948   24.0079   0.6653163307780737
72.9151   24.01   0.6490411774302152
73.6147   25.2461   0.6621402343914786
75.035   25.2487   0.6498328169614097
75.7341   26.4851   0.6631968486053005
77.1544   26.4883   0.6539056889185176
77.8531   27.7251   0.6661180450941115
79.2734   27.7289   0.6581097628815431
65.1125   22.7562   0.7406440238063077
66.5329   22.7579   0.7174583890373015
67.2336   23.9933   0.7235590715345913
68.654   23.9953   0.7027871726205588
69.3545   25.2309   0.7103101364896882
70.7749   25.2333   0.6926341675083602
71.4751   26.4691   0.7014642400008714
72.8955   26.472   0.686958179221996
73.5953   27.7081   0.6965752938484098
75.0157   27.7115   0.685006489020359
64.3909   23.9806   0.765539737701448
65.0922   25.2157   0.7677177476130139
66.5128   25.2182   0.7480185960255261
67.2139   26.4535   0.7516293567976193
68.6344   26.4563   0.7339110232173937
69.3353   27.6918   0.738943908561401
70.7558   27.695   0.723691681588231
62.9505   26.4376   0.8046835464951413
64.3711   26.4405   0.7869123013398645
65.0729   27.6754   0.7871024710925515
66.4936   27.6787   0.7707920277221344
62.2291   27.6622   0.8183998106060375
58.6303   33.7946   0.8441897239365097
60.0514   33.8003   0.8390748774692288
60.7556   35.0341   0.8354744999100797
62.1766   35.0402   0.8303656604171438
62.8805   36.2742   0.8289390870263021
64.3015   36.2806   0.8235240676507289
65.005   37.515   0.8236573438026289
66.4259   37.5218   0.817421494701481
67.1289   38.7566   0.8184917898183216
68.5498   38.7639   0.810922770675482
69.2523   39.9989   0.8121159092149363
70.6731   40.0067   0.8026977077331153
71.3752   41.2422   0.8032969127290376
72.7958   41.2504   0.7916158790726735
73.4974   42.4862   0.7906159813714873
74.9179   42.4949   0.7760655320267733
75.619   43.7312   0.7723412976139507
77.0395   43.7403   0.7540349660327452
77.74   44.9769   0.7465832639431467
57.9093   35.019   0.8420369944367069
58.6142   36.2522   0.8376999045004134
60.0353   36.2589   0.8359311933406971
60.74   37.4925   0.8341928194368513
62.1611   37.4995   0.8320141044477547
62.8654   38.7334   0.8323537589270554
64.2864   38.7408   0.8292532845880075
64.9903   39.975   0.8310490719566439
66.4112   39.9829   0.8264097954404935
67.1147   41.2175   0.8288457636979284
68.5355   41.2258   0.8220549251722782
69.2385   42.4608   0.8241097014354328
70.6592   42.4695   0.8147577492727517
71.3617   43.7049   0.815616834058741
72.7823   43.714   0.8030973664506689
73.4843   44.9498   0.8018503164556336
74.9048   44.9594   0.7855561914974619
75.6062   46.1955   0.7811010818069574
77.0266   46.2055   0.7604333830126104
56.4724   37.4694   0.8320707061301948
57.8937   37.4768   0.8341644022613276
58.5991   38.7098   0.8323000600744898
60.0203   38.7175   0.8337798930173355
60.7254   39.9509   0.8345163569397562
62.1465   39.959   0.8350695180642151
62.8512   41.1926   0.8376840335114445
64.2722   41.2011   0.8366931695669572
64.9765   42.4352   0.8403662713364924
66.3975   42.4441   0.837030501236365
67.1013   43.6785   0.8408332355467398
68.5222   43.6878   0.8346348063674313
69.2255   44.9226   0.837455300299665
70.6463   44.9324   0.8278854691320516
71.3491   46.1676   0.8288113959158636
72.7697   46.1777   0.8153632932625812
73.472   47.4134   0.8134837060445628
74.8925   47.4239   0.795561820350878
75.5942   48.6599   0.7900701867555834
55.7517   38.6937   0.8242371746044957
56.4578   39.9263   0.8224459131152656
57.8791   39.9346   0.8280948556777773
58.585   41.1675   0.829125533318086
60.0062   41.1762   0.8337476236847697
60.7117   42.4093   0.837271485242391
62.1328   42.4184   0.8403515930847035
62.838   43.6519   0.8453554222928951
64.259   43.6614   0.8461803294806615
64.9637   44.8953   0.8516389140944651
66.3846   44.9052   0.8494925308676958
67.0888   46.1396   0.8541818658810334
68.5097   46.1498   0.8483704910002481
69.2134   47.3846   0.8514770813122312
70.6341   47.3952   0.8414914378649385
71.3372   48.6304   0.8419898692977257
72.7578   48.6414   0.8275291777333283
73.4604   49.877   0.8246290863169942
74.8809   49.8884   0.8051969945299097
54.3163   41.1418   0.8035156376823049
55.7376   41.1508   0.8138457531989713
56.4442   42.3831   0.8153584917077896
57.8655   42.3925   0.8245663163142192
58.5718   43.6251   0.8286983347394868
59.993   43.6348   0.8364572254455116
60.6989   44.8678   0.8425855505525824
62.12   44.8779   0.848087477799313
62.8255   46.1113   0.8549847367058662
64.2465   46.1218   0.8575193817051607
64.9516   47.3556   0.8639665097675964
66.3725   47.3664   0.8627283118108509
67.077   48.6006   0.8675960696084333
68.4979   48.6119   0.86208985030564
69.2019   49.8465   0.8643855736880374
70.6226   49.8581   0.8542862634971979
71.326   51.0932   0.8533834659752908
72.7466   51.1051   0.8383221993959138
73.4494   52.3407   0.8337061832564268
53.5959   42.366   0.7901184594730085
54.3032   43.5979   0.7920142801742899
55.7245   43.6078   0.8063028835369508
56.4315   44.84   0.8110476311536841
57.8527   44.8503   0.8237857974012419
58.5594   46.0828   0.8307473803750438
59.9806   46.0935   0.8414362661544832
60.6868   47.3263   0.8494713002803553
62.108   47.3374   0.8571963835667984
62.8138   48.5706   0.8649971445039568
64.2348   48.5821   0.8690395042804459
64.9402   49.8158   0.8752883696245501
66.3611   49.8276   0.8749530330252006
67.0659   51.0618   0.8787207975233081
68.4867   51.0739   0.8737089275038911
69.191   52.3085   0.8742971863159579
70.6117   52.321   0.8643122641730803
71.3153   53.5561   0.8614066287183995
72.7358   53.5689   0.8460339059399457
52.1618   44.8116   0.7578759595078882
53.5832   44.8223   0.7777659930853245
54.2909   46.054   0.7829124663715606
55.7121   46.0649   0.8011428649123701
56.4195   47.2969   0.8087262763135633
57.8407   47.3081   0.8248975875828454
58.5477   48.5405   0.8336928511148464
59.9689   48.5521   0.8470909750434147
60.6754   49.7849   0.855857196032142
62.0965   49.7968   0.8655834852860805
62.8027   51.03   0.872910957658341
64.2237   51.0424   0.8783571995492478
64.9293   52.276   0.8831154681014258
66.3502   52.2888   0.8837828862339422
67.0552   53.5229   0.8853606270893235
68.476   53.536   0.8810531198514654
69.1804   54.7705   0.8791440951288919
70.6011   54.7839   0.8695698074335383
71.3049   56.019   0.8639701499473248
52.1499   47.2669   0.7431888319935934
53.5712   47.2785   0.7673182455800214
54.2792   48.51   0.7751309824797373
55.7005   48.5218   0.7972946820341898
56.4082   49.7537   0.8064379765363249
57.8293   49.7659   0.8259168299532367
58.5366   50.9982   0.8350523097387375
59.9577   51.0107   0.8509545405014324
60.6646   52.2434   0.8587724320214289
62.0856   52.2563   0.8703805432108426
62.792   53.4894   0.8756493933076195
64.213   53.5027   0.8825842566010329
64.9188   54.7363   0.8846843335337184
66.3397   54.7499   0.8865526662302682
67.0449   55.984   0.8851648490535545
68.4656   55.998   0.8819503954304916
51.4299   48.491   0.7212959656063516
52.1386   49.7221   0.7290672191231748
53.5598   49.7345   0.757407215439622
54.2682   50.966   0.7665231829501304
55.6893   50.9787   0.7922769780827914
56.3973   52.2105   0.8014986088571843
57.8184   52.2236   0.8237727902765405
58.526   53.4558   0.831679830223146
59.947   53.4692   0.849862353560858
60.6541   54.7018   0.8551305222011436
62.0751   54.7156   0.8687364905424433
62.7817   55.9487   0.8707566422370855
64.2026   55.9629   0.8793810891757898
49.9976   50.9329   0.6699253839048046
51.4188   50.9461   0.7044466977706697
52.1278   52.1771   0.7132603031152092
53.5489   52.1905   0.7453733896511198
54.2575   53.4218   0.7543082857824137
55.6786   53.4354   0.7831398597951701
56.3868   54.6671   0.7906620580247932
57.8079   54.6811   0.8156098086707871
58.5156   55.9132   0.8206024372374248
59.9367   55.9276   0.8409697794808085
49.2773   52.1564   0.6383213924035441
49.9869   53.3869   0.6466473150025441
51.408   53.401   0.6849266092071464
52.1172   54.6319   0.6931940060329432
53.5383   54.6462   0.7284714407579745
54.2471   55.8774   0.7355573940896796
55.6682   55.892   0.7670275418783865
47.8455   54.5953   0.5672537615565035
49.2666   54.6102   0.6110683513323186
49.9764   55.8406   0.6188300816864034
51.3975   55.8557   0.6600242874319098
47.1245   55.8179   0.524912468893626
84.2257   28.9859   0.634620713497439
85.6458   28.9914   0.618248946622639
86.342   30.23   0.613407311661674
79.9715   28.9661   0.6673764380018223
81.3918   28.9706   0.65832666663291
82.0893   30.2083   0.662652435293193
83.5095   30.2137   0.6497606482390273
84.2065   31.4518   0.6473706280022311
85.6266   31.4582   0.6278484610158739
75.715   28.948   0.6943892712304809
77.1354   28.952   0.6848166688975981
77.8342   30.1888   0.6924681942154471
79.2545   30.1935   0.683257447818903
79.9528   31.4308   0.6874613807334936
81.3731   31.4361   0.6763154071880972
82.0709   32.6738   0.6754940488264864
83.4911   32.68   0.6598890967427777
84.1883   33.9182   0.6524512318940034
71.4562   28.9308   0.7297342598508049
72.8767   28.9344   0.7168234719929317
73.5768   30.1706   0.7231514433367334
74.9972   30.1748   0.712146543907923
75.6968   31.4113   0.717654408472491
77.1172   31.4161   0.7076290412355908
77.8162   32.653   0.7111014203332744
79.2366   32.6584   0.7004401330592088
79.9351   33.8957   0.7002784803205107
81.3554   33.9019   0.6868543732116731
82.0534   35.1396   0.6814695517776285
83.4736   35.1466   0.662992571602428
67.1951   28.9138   0.772520271578681
68.6157   28.9174   0.7577638550366453
69.3169   30.1528   0.7608152009522406
70.7375   30.1569   0.7476929984960423
71.4383   31.3927   0.7513476092994511
72.8588   31.3972   0.7395423517284193
73.5591   32.6333   0.7430945700245695
74.9796   32.6383   0.7321774511687742
75.6794   33.8749   0.7344985296105094
77.0998   33.8805   0.7236450787506282
77.7991   35.1174   0.7235444561324494
79.2195   35.1237   0.7110343029699774
79.9183   36.361   0.7072027856279973
81.3386   36.368   0.6912339835395812
82.0368   37.6057   0.6820751131656969
62.9315   28.8967   0.8157590207898423
64.3523   28.9004   0.8016000124750485
65.0546   30.1352   0.8006120158978391
66.4753   30.1393   0.7874919428159248
67.1772   31.3743   0.7880435647856011
68.5979   31.3788   0.7757518675452861
69.2994   32.6141   0.777326945371122
70.7201   32.6191   0.7657448465383218
71.4211   33.8548   0.7676235079777083
72.8417   33.8602   0.756535187549132
73.5423   35.0963   0.7579039385040829
74.9628   35.1022   0.7467881426482337
75.6629   36.3387   0.7466402681345274
77.0834   36.3452   0.7343721468029694
77.7829   37.5821   0.7315927897403044
79.2033   37.5892   0.7169656198172967
79.9024   38.8265   0.7101623265141586
81.3226   38.8343   0.6912624031436992
60.7897   30.1173   0.8369536068385139
62.2106   30.1215   0.8253788281752814
62.9136   31.3559   0.8222649572978291
64.3344   31.3604   0.8113186673558064
65.0371   32.5951   0.8100600780189089
66.4579   32.6   0.7996326844245426
67.1602   33.835   0.7997161308864541
68.581   33.8403   0.7893954205593036
69.2828   35.0756   0.790199943052391
70.7035   35.0814   0.7797665612220125
71.4049   36.3171   0.7805769340686414
72.8255   36.3234   0.7697162788976223
73.5264   37.5595   0.7696130326339351
74.9469   37.5663   0.7577079978461377
75.6473   38.8027   0.7558883184703934
77.0678   38.8101   0.742026225951618
77.7677   40.0469   0.7371794964593098
79.188   40.0549   0.7199471786179868
79.8874   41.2921   0.710879462356313
60.0685   31.3417   0.8416824163542941
60.7721   32.5757   0.8369353977458461
62.1931   32.5808   0.8286935742480448
62.8966   33.815   0.8261176247968554
64.3175   33.8205   0.8180866518896389
65.0206   35.055   0.8171685811385576
66.4414   35.0609   0.8090342019964296
67.1441   36.2957   0.8092578946170368
68.5649   36.302   0.8005089006375868
69.2671   37.5372   0.8012538673853636
70.6878   37.544   0.7914711176031627
71.3896   38.7796   0.791927591386989
72.8102   38.7868   0.7808013383697548
73.5114   40.0228   0.7800410758415214
74.932   40.0306   0.766960266245914
75.6327   41.2669   0.7640811736981894
77.0532   41.2752   0.7481352952507995
77.7534   42.5119   0.7418317464223289
79.1737   42.5207   0.7217148536645202
39.2243   69.2058   0.15607136188295573
38.4993   70.4249   0.2016690605918537
39.2104   71.654   0.20890555282232454
40.6318   71.6732   0.16741878628159065
41.3425   72.9025   0.17782221458524217
37.0636   72.8547   0.30925563859047367
38.485   72.8729   0.25874338638890987
39.1955   74.1023   0.26372580457740913
40.6169   74.1213   0.21785554847191343
41.327   75.3509   0.2254956097133569
42.7484   75.3707   0.18820090329219918
43.458   76.6007   0.19831792657245742
36.338   74.0738   0.3632702712857162
37.0481   75.3034   0.36431366979568774
38.4696   75.3211   0.314409828090661
39.1794   76.5509   0.31750680307671936
40.6008   76.5695   0.2705042328689135
41.3103   77.7995   0.27614101470082447
42.7316   77.8191   0.2339842088688869
43.4405   79.0494   0.2420354726068046
44.8617   79.0699   0.20730455856058597
45.5699   80.3008   0.2167120439661842
34.9006   76.5063   0.4660312650455977
36.3221   76.5225   0.4164738287095608
37.0315   77.7525   0.4161512825884345
38.453   77.7696   0.3677765082220456
39.162   78.9998   0.3697237211756925
40.5835   79.0179   0.3233310377925418
41.292   80.2484   0.32773367236217904
42.7134   80.2676   0.28400107394162755
43.4214   81.4984   0.2907073786473251
44.8426   81.5187   0.2504573616406584
45.5497   82.75   0.258330427940651
46.9707   82.7714   0.22392150410355893
47.6768   84.0034   0.23193415013748825
34.1746   77.7258   0.516443201136386
34.8835   78.9561   0.5133883228122714
36.305   78.9716   0.46623085483481375
37.0135   80.202   0.46524502146718283
38.4351   80.2184   0.419134131275418
39.1432   81.4491   0.4207554158890897
40.5647   81.4666   0.3759432137969775
41.2723   82.6976   0.38013792233872357
42.6936   82.7163   0.3364308249848685
43.4005   83.9477   0.3425156784732636
44.8217   83.9676   0.29999269991118027
32.7354   80.1619   0.605632116057263
34.157   80.1756   0.5608350024739885
34.865   81.4064   0.5572360541099257
36.2865   81.421   0.5130174558433622
36.9941   82.652   0.5120716649063878
38.4157   82.6676   0.4690096054453471
39.1228   83.8988   0.4709847343598327
40.5443   83.9157   0.4285341643323187
32.0091   81.3818   0.6494620004280465
32.7164   82.613   0.6432316223569857
34.138   82.6258   0.6018405187422995
34.845   83.8571   0.5982232777149348
36.2666   83.8709   0.5577683569368183
30.568   83.8218   0.7219561759553015
31.9896   83.8329   0.6838998026026932
69.1701   57.2325   0.876967120250242
70.5908   57.2468   0.8685054058553698
64.9085   57.1965   0.87783406746378
66.3294   57.211   0.8814830684704065
67.0346   58.4451   0.8765478937285736
68.4554   58.4599   0.8750466330430626
69.1599   59.6945   0.8667053074719233
60.6439   57.1602   0.84262402647919
62.0649   57.1749   0.8581045682199827
62.7715   58.4079   0.8562981373330215
64.1924   58.423   0.8668991406155637
64.8984   59.6566   0.8617253100611598
66.3192   59.672   0.8674558778404786
67.0244   60.9061   0.8590940518942033
68.4451   60.9217   0.8595553908853101
56.3766   57.1236   0.7715076538829672
57.7976   57.1385   0.7986882307884609
58.5055   58.3705   0.7999245214393669
59.9265   58.3858   0.8223273435804023
60.6338   59.6183   0.8200128901425874
62.0547   59.6339   0.8376298585891027
62.7614   60.867   0.8321533632690572
64.1822   60.8829   0.8449944023483235
64.8881   62.1165   0.8366145229435117
66.3089   62.1327   0.8445113794378382
67.014   63.3669   0.8333227285991923
52.1069   57.0864   0.666506669133925
53.5279   57.1016   0.7042770690573416
54.2369   58.3328   0.7082611524007225
55.658   58.3482   0.741948738121442
56.3665   59.5798   0.7427252856877857
57.7874   59.5955   0.771782793278005
58.4954   60.8276   0.7692270016061564
59.9163   60.8437   0.7936092615386986
60.6236   62.0762   0.787978242085404
62.0445   62.0927   0.8078119892648299
62.7511   63.3258   0.7995760501665855
64.1718   63.3426   0.8146263253786972
64.8776   64.5763   0.8039735940937358
66.2982   64.5933   0.8139782613804847
47.8349   57.0479   0.5320843166266029
49.256   57.0637   0.5786329924917869
49.966   58.294   0.5846130429608977
51.387   58.3099   0.6280257160339874
52.0967   59.5406   0.6317244810833281
53.5176   59.5567   0.671315209123106
54.2268   60.7878   0.6719913689921905
55.6477   60.8041   0.7072922309767028
56.3563   62.0356   0.7047197599046017
57.7772   62.0523   0.7354452664882669
58.4852   63.2843   0.7301096424510516
59.906   63.3013   0.7564488680671015
60.6132   64.5339   0.7487174166533066
62.034   64.5512   0.7705852710764699
62.7404   65.7844   0.7609214545536224
64.161   65.802   0.778039677651468
64.8665   67.0358   0.7662969789839944
45.6928   58.2535   0.43475667907463084
47.1138   58.2702   0.4856134779842904
47.8244   59.5   0.4914600695885684
49.2454   59.5167   0.5396723728337413
49.9556   60.7469   0.5434067537305739
51.3766   60.7637   0.5882350295587662
52.0863   61.9944   0.5892116512765175
53.5073   62.0113   0.6299582049628367
54.2164   63.2424   0.6278721127745678
55.6373   63.2596   0.6644267679737195
56.3459   64.4911   0.6596853416591878
57.7667   64.5086   0.6920564355599915
58.4745   65.7407   0.6852744048919389
59.8953   65.7586   0.7133998037566325
60.6023   66.9913   0.7051531039426828
62.023   67.0094   0.7289302435761623
62.729   68.2428   0.7192846793864031
64.1496   68.2612   0.7380271065482648
44.9709   59.475   0.3831077394154298
45.682   60.7044   0.3891496113321974
47.1031   60.7219   0.44104091646920895
47.8138   61.9517   0.4452061994177545
49.2348   61.9693   0.4943152941190482
49.945   63.1994   0.49601108858572956
51.366   63.2171   0.5414546518407619
52.0757   64.4477   0.5404643188962602
53.4966   64.4655   0.5820684667631453
54.2057   65.6966   0.5785417271035861
55.6266   65.7147   0.6162118953736607
56.3349   66.9463   0.6109947626616758
57.7557   66.9647   0.644717930571192
58.4633   68.1969   0.638311483525088
59.884   68.2156   0.6681010776821116
60.5905   69.4485   0.6608772957213775
62.0112   69.4675   0.6861969615205253
62.7167   70.7011   0.6775950634412865
43.5387   61.9073   0.28087847906167546
44.9598   61.9255   0.3346437359342028
45.671   63.1549   0.3399112972526799
47.092   63.1732   0.3917218528496983
47.8028   64.403   0.3947713515441561
49.2238   64.4213   0.4438019603381681
49.934   65.6515   0.4443284483352381
51.3549   65.67   0.4900124386176357
52.0645   66.9006   0.4883581267881175
53.4854   66.9193   0.5304721858872519
54.1943   68.1505   0.5273582179126447
55.6151   68.1694   0.5658947163563197
56.3232   69.4012   0.56187255672439
57.7439   69.4204   0.5969564305709434
58.451   70.6529   0.5923198882360794
59.8717   70.6724   0.6235797703582106
60.5777   71.9056   0.6183276235136204
61.9983   71.9254   0.6447880426931015
42.8158   63.1277   0.22486273590793385
43.5273   64.3567   0.23225679753238687
44.9484   64.3756   0.28409880323577513
45.6595   65.605   0.2892704789638929
47.0806   65.624   0.3397909651535789
47.7912   66.8538   0.3426645735993175
49.2122   66.8729   0.3908852005384697
49.9223   68.1031   0.39166202266750294
51.3432   68.1225   0.43700972529224424
52.0526   69.3532   0.43633978732175965
53.4735   69.3728   0.4787550730801709
54.182   70.6041   0.47726937886271625
55.6028   70.6239   0.5167653819674852
56.3104   71.8559   0.5150874974215568
57.731   71.876   0.5513850288138044
58.4376   73.1087   0.5494678971514185
59.8581   73.129   0.5818051048246297
60.5635   74.3626   0.5791945959692655
41.3827   65.5574   0.1363661248257808
42.8039   65.5767   0.17883235165931147
43.5153   66.8058   0.18798069049772273
44.9364   66.8253   0.2346192021127021
45.6474   68.0547   0.24112969539233092
47.0685   68.0744   0.2883539838462453
47.7789   69.3042   0.29241282461615986
49.1999   69.3241   0.33862483665555193
49.9097   70.5545   0.3409698080475778
51.3306   70.5746   0.38550712055680453
52.0396   71.8055   0.386932267974642
53.4604   71.8259   0.42942541843724175
54.1685   73.0574   0.43054358664367537
55.5892   73.0781   0.47083904893285816
56.2962   74.3104   0.4718302766885569
57.7168   74.3313   0.5092854111399597
58.4226   75.5644   0.5100408415019339
59.8431   75.5855   0.543608554016584
40.6586   66.777   0.10740302602813527
41.3702   68.0059   0.12214958043316898
42.7914   68.0255   0.144259107164855
43.5026   69.2547   0.15630159947998315
44.9237   69.2746   0.19177189575117554
45.6344   70.5042   0.2007282242237019
47.0555   70.5244   0.24142912003318864
47.7656   71.7544   0.2479688690138337
49.1866   71.775   0.2903586403053973
49.896   73.0055   0.2952142611731357
51.3169   73.0264   0.33790898182794776
52.0253   74.2575   0.3418826406824411
53.4461   74.2787   0.383983254843233
54.1535   75.5106   0.38774862991376435
55.5741   75.5321   0.428521609723476
56.2804   76.7647   0.43204022960830674
57.7009   76.7864   0.4705467776959071
58.4059   78.0199   0.47341438507928973
40.6456   69.2251   0.12567195391176597
41.3568   70.4542   0.13918279347677856
42.7781   70.474   0.13335835181944922
43.4889   71.7034   0.14732124761893967
44.9101   71.7236   0.16336137854462565
45.6203   72.9534   0.17501442797666678
47.0415   72.9741   0.20409350798101872
47.7511   74.2044   0.21332974476148048
49.1721   74.2255   0.248892647541065
49.8808   75.4563   0.2563335717380794
51.3017   75.4779   0.2954673078362454
52.0095   76.7094   0.30182276256107576
53.4302   76.7313   0.3424954598239233
54.1368   77.9635   0.34821879616126455
55.5573   77.9858   0.389112978452274
56.2627   79.2189   0.3941594220616865
57.6831   79.2414   0.4336514383695771
42.7638   72.9224   0.15115984916637049
43.4741   74.152   0.16396710035857587
44.8953   74.1725   0.15708475419339546
45.605   75.4025   0.16991162408733926
47.0261   75.4236   0.18136314399569073
47.7351   76.6542   0.19246059336913784
49.1561   76.6758   0.21696794694147817
49.8641   77.907   0.2262032935215595
51.2849   77.9291   0.25885528775746464
51.9919   79.161   0.26668996981514304
53.4125   79.1836   0.30430711460627996
54.1181   80.4163   0.3110043086518231
55.5386   80.4393   0.3510831667853085
56.2428   81.6729   0.3565970555122425
44.8793   76.6212   0.17402246981352693
45.5883   77.8516   0.1855513136574339
47.0094   77.8729   0.177635750906176
47.7175   79.1039   0.18867501159401406
49.1385   79.1259   0.19739597260328953
49.8456   80.3575   0.2069903862501807
51.2663   80.3801   0.2292462431535161
51.9722   81.6125   0.23714670564863333
53.3927   81.6357   0.26894181526865385
54.0972   82.869   0.2754400842288556
55.5175   82.8925   0.31286936571035295
46.9909   80.3222   0.19285823809213218
47.6982   81.5536   0.20259775418300682
49.119   81.5758   0.19329886186938244
49.8251   82.808   0.20203955058353998
51.2457   82.831   0.20894331767252036
51.9504   84.064   0.21602400329593197
53.3708   84.0876   0.23747273527713122
49.0976   84.0257   0.20682642481076127
26.2253   91.1534   0.8651346600385383
27.6468   91.1597   0.843033249640843
28.3499   92.3932   0.8276204746138182
29.7714   92.4   0.8058943230970146
30.474   93.6337   0.7919433691874687
31.8954   93.6414   0.7718608229467253
32.5972   94.8754   0.7599543999477879
34.0186   94.8841   0.7423279396600919
34.7197   96.1185   0.7330196927777586
36.141   96.1284   0.717966029837068
36.841   97.3634   0.7116122680224122
38.2622   97.3747   0.6983792522691381
38.9611   98.6104   0.6950504010501697
40.3821   98.6233   0.6824303480942189
41.0797   99.8598   0.6820963568294437
42.5006   99.8746   0.6686039634940855
43.1967   101.112   0.6705795180289966
44.6174   101.129   0.6541442960081508
25.4976   92.3742   0.8777766173691331
26.2002   93.608   0.8587817475936471
27.6216   93.6135   0.840689151827236
28.3236   94.8475   0.8216612014693163
29.7449   94.8536   0.8044948974356504
30.4463   96.0879   0.7866886232811526
31.8676   96.0948   0.7718570916950859
32.5681   97.3295   0.756143617310891
33.9894   97.3375   0.7443923024857259
34.689   98.5727   0.7316503673203492
36.1102   98.582   0.7232124514967925
36.8087   99.8178   0.7141182675159634
38.2298   99.8286   0.708142174990305
38.9271   101.065   0.7028846064611182
40.348   101.078   0.6978163726941357
41.0439   102.315   0.6962559730443972
42.4646   102.33   0.6904049536322883
43.1591   103.568   0.6917199216445923
24.0507   94.8245   0.8779796011297756
25.4721   94.8287   0.8641191700222851
26.1735   96.063   0.8406464060471557
27.5948   96.0677   0.8265600038714648
28.2956   97.3022   0.8029726022723306
29.7168   97.3076   0.7904098051011276
30.4169   98.5425   0.7679822198462652
31.8381   98.5488   0.7586879266206897
32.5373   99.7841   0.7389274592272246
33.9584   99.7916   0.7336049209213338
34.6566   101.028   0.7175365774648674
36.0776   101.036   0.7163167316208641
36.7746   102.273   0.7046715546976468
38.1955   102.283   0.7066514911892559
38.8912   103.521   0.6994752104256416
40.3119   103.533   0.7029560797091091
41.0063   104.771   0.7000240067311962
42.4268   104.786   0.7027348006182692
23.3229   96.0456   0.8755634814221062
24.0239   97.2801   0.8481525924030398
25.445   97.2836   0.8376351293970411
26.1454   98.5183   0.8087418005766721
27.5665   98.5224   0.7985960493265666
28.2661   99.7574   0.769674535112081
29.6871   99.7622   0.7620798777031169
30.386   100.998   0.7349152332072018
31.8069   101.003   0.7317139126735259
32.5048   102.239   0.7079880366220862
33.9257   102.246   0.7097174155958152
34.6225   103.483   0.6906023602624001
36.0432   103.491   0.6972343365038773
36.7388   104.729   0.6835556231938997
38.1594   104.739   0.6936617763723191
38.8537   105.977   0.6852855244348872
40.2741   105.989   0.6972608192061266
40.9671   107.228   0.6931003174144433
21.8747   98.4986   0.8433646305128041
23.2958   98.5011   0.8370967685996654
23.9956   99.736   0.8036799673999571
25.4166   99.7389   0.7964473491700492
26.1158   100.974   0.7616967441180243
27.5367   100.977   0.7557453605547293
28.2351   102.213   0.7214976645838862
29.6559   102.217   0.7191115699249994
30.3535   103.453   0.6879147985034196
31.7742   103.458   0.6910499330728567
32.4707   104.695   0.6641361080381067
33.8913   104.702   0.6730574195416028
34.5868   105.939   0.6518382774891359
36.0072   105.947   0.6664569753554965
36.7014   107.185   0.6510623395651151
38.1217   107.195   0.669736022623841
38.8146   108.434   0.6599531043945456
40.2348   108.446   0.6804271966933718
21.147   99.72   0.8242099611142778
21.8464   100.955   0.7872593537075304
23.2672   100.957   0.7835159538899013
23.966   102.192   0.7437798397375397
25.3867   102.194   0.739863534714341
26.0847   103.43   0.6993624310756178
27.5054   103.433   0.6978173829878411
28.2026   104.669   0.6591757352937072
29.6232   104.673   0.6623188733533107
30.3194   105.909   0.6278997531453537
31.7399   105.914   0.6374073736630292
32.4352   107.151   0.608590543797716
33.8555   107.158   0.6249395330749975
34.5496   108.396   0.6020921524152242
35.9697   108.404   0.6245411835900007
36.6627   109.643   0.6077748678581564
38.0827   109.653   0.6345147752416767
38.7745   110.892   0.6231066120657038
19.6976   102.175   0.7584380858052956
21.1184   102.176   0.7593117475714419
21.8166   103.412   0.7152821890694604
23.2373   103.413   0.7143534979266208
23.9348   104.648   0.6687613999028373
25.3554   104.65   0.6683593718950881
26.0522   105.886   0.6230711355856594
27.4727   105.888   0.6264291979146551
28.1686   107.125   0.5842025419321634
29.589   107.128   0.5935496777861126
30.284   108.365   0.5567429568481338
31.7043   108.37   0.5730820011132757
32.3983   109.608   0.5426347298137115
33.8183   109.614   0.566318541105619
34.5113   110.853   0.5425412887513762
35.9311   110.861   0.5724821918627684
36.6231   112.1   0.5546482939665497
38.0428   112.11   0.5889159957073683
18.97   103.397   0.7229052773358341
19.6678   104.632   0.6763623067557786
21.0883   104.633   0.678881705453904
21.7855   105.868   0.6289801666189476
23.2059   105.869   0.6306787851196528
23.9023   107.105   0.5797783542009798
25.3227   107.106   0.5836260789238285
26.0184   108.342   0.5349344352348229
27.4386   108.344   0.5434166817461566
28.1335   109.581   0.49925354280164985
29.5536   109.584   0.5146141855798383
30.2476   110.822   0.4766372729864913
31.6675   110.827   0.4994231972986458
32.3606   112.065   0.4687146786692309
33.7803   112.071   0.4989868735748487
17.5193   105.854   0.625894080496054
18.9398   105.853   0.6329271443065144
19.6365   107.089   0.5804801546995394
21.0569   107.089   0.5849909230065025
21.753   108.325   0.5300768812163001
23.1733   108.325   0.5348102093266351
23.8686   109.561   0.480650527930636
25.2888   109.562   0.488535454189355
25.9835   110.799   0.43777465664425813
27.4035   110.801   0.4516472074528954
28.0974   112.038   0.40743010443510347
29.5174   112.041   0.428447779781854
16.7917   107.075   0.5762616506414425
17.488   108.311   0.5226641368986372
18.9083   108.31   0.5305611086387694
19.6041   109.546   0.4737296275303009
21.0243   109.545   0.47997608273746356
21.7194   110.781   0.4226369245581813
23.1396   110.781   0.43039855947714273
23.834   112.018   0.3750736727630963
25.2541   112.018   0.38766693178552414
15.34   109.533   0.45541845592817276
16.7602   109.532   0.4677118878112884
17.4556   110.768   0.4105406313630855
18.8758   110.766   0.4196691077503772
19.5708   112.002   0.36094571614025595
20.9908   112.002   0.3689114392371158
14.6123   110.754   0.396259069296842
15.3076   111.99   0.340227938300194
16.7277   111.988   0.35321627935303396
45.5277   85.1996   0.30710659387255174
46.9486   85.2208   0.26640786399804706
47.6534   86.4535   0.27338930118056953
49.0741   86.4758   0.23689782607697757
49.7774   87.7094   0.24282300138166066
41.2508   85.1472   0.4329930368955116
42.6721   85.1654   0.39053677163616796
43.3778   86.3974   0.3967290385136925
44.799   86.4169   0.35376034260499145
45.5035   87.6496   0.3604941885800674
46.9244   87.6705   0.3169375017254953
47.6277   88.904   0.323327898579751
49.0483   88.9262   0.2802654812851547
49.75   90.1606   0.28551255664155706
51.1702   90.1839   0.2451072010366124
36.9732   85.1024   0.5572763946193997
38.3947   85.1172   0.5176847979224426
39.1008   86.349   0.5202227407563009
40.5222   86.3652   0.4808298763596108
41.2275   87.5974   0.48567149391332665
42.6488   87.6149   0.44555361069123567
43.3531   88.8477   0.4517168803575962
44.7742   88.8667   0.40998630464931296
45.4772   90.1002   0.41644300930619904
46.898   90.1207   0.37253425345866015
47.5997   91.3551   0.37862925137923475
49.0201   91.3771   0.33259924834551186
49.7201   92.6125   0.3375103109536091
32.6959   85.0646   0.6774906715224954
34.1175   85.0765   0.6399910936880284
34.8235   86.3083   0.6366770452906219
36.2451   86.3212   0.6003891154909448
36.9506   87.5533   0.600211546040228
38.3721   87.5673   0.5647962110354499
39.0769   88.7998   0.5675063435768795
40.4983   88.8152   0.5319373929326624
41.2022   90.0482   0.5366249528301885
42.6234   90.065   0.4998029611757001
43.3262   91.2987   0.5056620511764737
44.7472   91.3172   0.46644368363179534
45.4486   92.5516   0.47262946374512094
46.8694   92.5717   0.43028662540218343
47.5692   93.8071   0.436044894477619
48.9896   93.8287   0.3900960138222393
29.8411   85.0421   0.7577619283125778
30.5469   86.2742   0.7486269364643541
31.9685   86.2843   0.7144468979567318
32.6739   87.5165   0.7079713977273381
34.0954   87.5275   0.6749342338331914
34.8003   88.76   0.6714956812966105
36.2219   88.772   0.6398836222314176
36.9261   90.0048   0.6394534619501234
38.3476   90.018   0.6085706286044376
39.051   91.2512   0.6108100359358907
40.4724   91.2659   0.5796901758698331
41.1747   92.4997   0.5837348798898323
42.5959   92.516   0.5511425768347032
43.2971   93.7505   0.5563703982060857
44.718   93.7685   0.5210005566215855
45.4177   95.0039   0.5267500166112964
46.8384   95.0236   0.48766270105473286
47.5365   96.2599   0.4932434895667661
28.3979   87.4858   0.8106052676858184
29.8195   87.4943   0.7801869135021421
30.5242   88.7269   0.7703445787438231
31.9458   88.7362   0.7406769673751176
32.6501   89.969   0.7334204864878003
34.0716   89.9791   0.7052629367831529
34.7753   91.2122   0.7008527234733429
36.1968   91.2234   0.6742003559773606
36.8997   92.4569   0.6727033521545713
38.3211   92.4694   0.6470467139241206
39.0231   93.7035   0.6478255475048798
40.4444   93.7175   0.6221027728599187
41.1452   94.9521   0.6248337858982962
42.5663   94.9678   0.5976006191429206
43.2658   96.2033   0.6017985127931111
44.6866   96.2208   0.571658263300722
45.3846   97.4572   0.5767620739958552
46.8052   97.4765   0.5424255709311645
27.6706   88.7063   0.8361641764629717
28.3747   89.9393   0.8230887497712489
29.7963   89.9469   0.7969901254093422
30.4999   91.1801   0.7855959457634686
31.9214   91.1885   0.7605981922145221
32.6246   92.4219   0.751680557151774
34.046   92.4313   0.7285468138699124
34.7484   93.665   0.7222237534171765
36.1698   93.6755   0.7010321034018335
36.8713   94.9098   0.6973178686940389
38.2927   94.9216   0.6775498062873333
38.9931   96.1565   0.676430964696325
40.4143   96.1699   0.6568558517665812
41.1135   97.4055   0.6581163574931116
42.5345   97.4207   0.6372024952870153
43.2322   98.6571   0.6403201777236113
44.653   98.6742   0.6164917679904561
45.3493   99.9116   0.6209336357453967
54.0739   85.3216   0.24261751791657846
49.8024   85.2586   0.21399114467659594
51.2229   85.2818   0.20259861796172537
51.9262   86.5156   0.2081324097780109
53.3464   86.5395   0.21345191495978888
51.1978   87.7327   0.21456693594307596
51.8995   88.9673   0.21865557390563448
-0.688113   1.20212   129.92829692838572
125.018   1.11955   0.43264380557220494
126.436   1.14629   0.36741041425087606
127.123   2.38936   0.3627050626886809
128.541   2.41701   0.29378508062867914
120.76   1.04246   0.599737460977719
122.179   1.06688   0.5526041683700905
122.866   2.3095   0.5481249058380765
124.285   2.33509   0.4938376969207589
124.972   3.57808   0.48787526489872346
126.391   3.60482   0.4276663163027911
127.078   4.84798   0.420815121401311
116.499   0.971339   0.6978168312107398
117.919   0.993472   0.6757108327709415
118.607   2.23562   0.6721931142908254
120.027   2.25887   0.6408958299911147
120.715   3.50138   0.6354102347302875
122.134   3.52581   0.5953624510329827
122.821   4.76865   0.5880608526334659
124.24   4.7943   0.5404125129010251
124.927   6.03736   0.5318604538786459
126.346   6.06416   0.47788475765606864
112.238   0.906355   0.7172743333097871
113.658   0.925845   0.7215523717825327
114.346   2.16753   0.7188132580858536
115.766   2.18844   0.714210970862252
116.455   3.43045   0.7098099013820535
117.875   3.45263   0.6957420157644639
118.563   4.69497   0.689322053107254
119.983   4.71836   0.6658687099571504
120.67   5.96101   0.6574602311927311
122.09   5.98562   0.6250415017420835
122.777   7.22851   0.615017408290204
124.196   7.25432   0.574771873354986
124.884   8.4973   0.5636503019603561
107.976   0.848822   0.6677186696685953
109.396   0.864832   0.6929618483466463
110.085   2.10599   0.6889004311945219
111.505   2.12388   0.7086445848237316
112.194   3.3654   0.7043765598740478
113.614   3.38499   0.7167135533809865
114.303   4.62682   0.7112302369837763
115.723   4.6479   0.7148127108550879
116.411   5.89002   0.7076225548270771
117.831   5.91245   0.7016691245879352
118.519   7.15487   0.6924887490782786
119.939   7.17856   0.6770028363308388
120.626   8.42123   0.6661051119005162
122.046   8.44613   0.6415966119767152
122.734   9.68894   0.6294245213685268
124.153   9.71493   0.5968556773626262
103.715   0.799975   0.5759689591019636
105.134   0.812027   0.6121321043075587
105.824   2.05249   0.6027873937799291
107.244   2.06663   0.6384562914561958
107.934   3.30754   0.6313950297555408
109.353   3.32372   0.6639362199036887
110.043   4.565   0.6576446138302957
111.462   4.58311   0.6848906820799946
112.151   5.82469   0.6783215683582532
113.571   5.84454   0.6982346310517681
114.26   7.08641   0.690541208039027
115.68   7.10783   0.7017591227764698
116.368   8.34998   0.6924799012245765
117.788   8.3728   0.6941973448523122
118.476   9.61521   0.683272878211919
119.896   9.63929   0.6755176921443281
120.584   10.8819   0.6631964490254746
122.004   10.9071   0.6464651962789638
122.692   12.1498   0.6335374969171123
102.983   2.01809   0.5329992589113052
103.674   3.25824   0.5189602743948704
105.093   3.2705   0.5614203505395932
105.783   4.51111   0.5507392446521301
107.203   4.52549   0.5927502158582485
107.892   5.76648   0.5840054384164586
109.312   5.78293   0.6231782827570294
110.001   7.02424   0.6153175014575812
111.42   7.04266   0.6491698988708572
112.109   8.28426   0.6412602349280668
113.529   8.30447   0.6679667383934618
114.218   9.54636   0.659133526381414
115.638   9.5682   0.677181898458604
116.326   10.8103   0.6673476305494765
117.746   10.8336   0.6760700925199988
118.435   12.076   0.664940455980835
119.854   12.1004   0.6644566502037577
120.543   13.343   0.652655927729152
121.963   13.3684   0.6429649290591215
101.525   4.46614   0.4237738193895422
102.944   4.47655   0.46923037934473144
103.634   5.71685   0.45480136323454334
105.053   5.72937   0.5021759197731399
105.743   6.97006   0.49094999745391477
107.162   6.98472   0.5379979687693993
107.852   8.22575   0.5289897920565194
109.271   8.24252   0.5733035462126495
109.961   9.48387   0.5653181493637002
111.38   9.50264   0.6046343679447932
112.069   10.7443   0.5969354068908957
113.489   10.7649   0.629340162392325
114.178   12.0068   0.6212876065076457
115.597   12.029   0.6453717068480762
116.286   13.2712   0.6367479014492298
117.706   13.2949   0.6516348977763543
118.394   14.5372   0.642752020611369
119.814   14.562   0.6482791065582787
120.503   15.8045   0.639447824298432
100.795   5.68489   0.3702841785709988
101.486   6.92482   0.35290328717652847
102.905   6.93556   0.40099239905514406
103.596   8.17592   0.3876501649683643
105.014   8.18878   0.4380444269705983
105.705   9.42953   0.4279192448348169
107.123   9.44453   0.4783857142515856
107.813   10.6856   0.47071206697937845
109.232   10.7027   0.5188505179721802
109.922   11.9441   0.5125897482392711
111.341   11.9633   0.5560226704011276
112.03   13.205   0.5508379525777074
113.45   13.226   0.5875471470443888
114.139   14.468   0.5827482303705429
115.558   14.4906   0.6114616750050642
116.247   15.7328   0.6067933173659701
117.667   15.7567   0.6265790692322876
118.356   16.9992   0.6223360346308099
119.775   17.0241   0.6331107012205677
99.3398   8.13512   0.25811288247586495
100.759   8.14417   0.3005758213828902
101.45   9.38421   0.28640459161822024
102.868   9.3953   0.33390733684661605
103.559   10.6358   0.3234233139401049
104.978   10.649   0.3742548997675254
105.668   11.8898   0.367091228443283
107.086   11.9052   0.41906210756879503
107.776   13.1464   0.4147265605190961
109.195   13.1638   0.46491881011634684
109.885   14.4054   0.46280593124980335
111.304   14.4248   0.5090708005768936
111.993   15.6667   0.5085490831768373
113.412   15.688   0.5486138350424622
114.101   16.9301   0.5492138472398526
115.521   16.953   0.5815205929285736
116.21   18.1953   0.5831019207651442
117.629   18.2194   0.6070274623112191
118.318   19.4619   0.6093923038568834
98.6132   9.35526   0.21886355315584172
99.3048   10.595   0.20782673071575755
100.723   10.6044   0.24174875387476205
101.415   11.8446   0.23258512420187105
102.833   11.8561   0.27461107042506594
103.524   13.0967   0.2685010986942134
104.942   13.1103   0.31668313816810667
105.633   14.3513   0.31402060441951885
107.051   14.3669   0.36542545067359394
107.741   15.6084   0.36634292677762925
109.16   15.6261   0.4173196017442744
109.849   16.8679   0.4212758834777978
111.268   16.8876   0.46926603329028543
111.957   18.1296   0.47541271543786107
113.376   18.1511   0.5179271184249753
114.066   19.3934   0.5258188090968231
115.485   19.4164   0.5611965163826286
116.174   20.6589   0.570685500078634
117.593   20.6829   0.59767574821135
97.161   11.8082   0.18520769422461916
98.5799   11.8161   0.1903393022998661
99.2716   13.0561   0.18670998902040375
100.69   13.0659   0.20301933405466582
101.381   14.3063   0.19910160722606074
102.8   14.3181   0.2293613742546896
103.491   15.559   0.22770946401061262
104.909   15.5729   0.270026480182961
105.599   16.8141   0.2730639485541798
107.018   16.8301   0.32207424609862784
107.707   18.0717   0.3296267889598787
109.126   18.0897   0.38054546377535425
109.815   19.3317   0.3916936175124616
111.234   19.3516   0.4410284004460498
111.923   20.5938   0.45523920086038056
113.342   20.6154   0.4997706473973834
114.031   21.8579   0.5163007360056703
115.451   21.8809   0.553845808867414
116.14   23.1234   0.5717128824856059
96.4372   13.0303   0.2060070872567244
97.1296   14.27   0.21058865116620223
98.5484   14.2783   0.19432133181923175
99.2402   15.5185   0.19349521957919297
100.659   15.5288   0.18862422962069061
101.35   16.7694   0.18641429666203185
102.768   16.7816   0.20123826673870576
103.459   18.0227   0.20274627000268233
104.877   18.0369   0.2371724267278994
105.567   19.2784   0.24519755300573717
106.986   19.2947   0.29147366947976666
107.675   20.5365   0.3057725952403206
109.094   20.5547   0.35702836021806816
109.783   21.7969   0.3761708388485208
111.202   21.8169   0.4266384886528655
111.891   23.0593   0.4495551245398041
113.31   23.081   0.4960335875724541
113.999   24.3234   0.5209335082330556
115.418   24.3464   0.5611081624784998
94.9883   15.4862   0.27519245992577546
96.4074   15.4932   0.24515819382594764
97.0998   16.7332   0.2471127070791798
98.5186   16.742   0.21673232338532106
99.2104   17.9824   0.21297582022380016
100.629   17.9931   0.19171212794187142
101.32   19.234   0.18700668437250945
102.738   19.2466   0.18732725375662643
103.429   20.4879   0.18926122159596995
104.847   20.5024   0.2165009237855569
105.537   21.7441   0.22863508042292924
106.955   21.7606   0.27407331136029933
107.645   23.0026   0.2948898268845505
109.063   23.021   0.34716712113908543
109.753   24.2632   0.37438608414309293
111.171   24.2834   0.42703264512212574
111.86   25.5258   0.4578001856705593
113.279   25.5475   0.5067102130409461
113.969   26.79   0.5390516209047164
94.267   16.7103   0.31674857537169776
94.9601   17.9499   0.3208120166078595
96.3792   17.9575   0.284203694557268
97.0715   19.1977   0.2799438693738436
98.4903   19.207   0.24125745584333766
99.182   20.4477   0.23138660289653695
100.6   20.4588   0.19960794072381263
101.291   21.6998   0.19033917095543063
102.71   21.7128   0.18044569820309028
103.4   22.9542   0.1815391142426296
104.818   22.9691   0.2052214657388462
105.508   24.2109   0.22179156882081896
106.926   24.2277   0.26783586391668984
107.616   25.4697   0.2959824994826527
109.034   25.4884   0.3504925962128134
109.724   26.7306   0.3848259866485104
111.142   26.7509   0.44023845811105483
111.832   27.9933   0.4778786561460987
113.25   28.015   0.5291673270337084
92.8209   19.1686   0.39295512466438176
94.2402   19.1751   0.3590249294965472
94.9333   20.415   0.35568945725168727
96.3523   20.4231   0.3144768671937546
97.0446   21.6635   0.3028261877711365
98.4633   21.6733   0.2587933731763602
99.1549   22.9141   0.24199942148690842
100.573   22.9256   0.20400019607834044
101.264   24.1668   0.18925416772161546
102.682   24.1802   0.17509968589349373
103.373   25.4217   0.17584723483751183
104.791   25.4369   0.20010282356828313
105.481   26.6787   0.22244325119005287
106.899   26.6958   0.27188170221623936
107.589   27.9378   0.30659134038651764
109.007   27.9567   0.364777329339419
92.1016   20.3944   0.4279639470796581
92.7954   21.6339   0.4267865977277191
94.2147   21.6411   0.38930191368653805
94.9078   22.8811   0.3783329089571793
96.3267   22.8898   0.33331794131129694
97.019   24.1302   0.3145632686757946
98.4376   24.1406   0.26635570202269054
99.1292   25.3814   0.24326742486408073
100.548   25.3935   0.20110206363933558
101.239   26.6347   0.1824134041127459
102.657   26.6485   0.16760578748957727
103.347   27.89   0.17170643552296058
104.765   27.9056   0.2012913808388231
92.0774   22.8605   0.4570456104154176
92.7712   24.1002   0.4484519372240466
94.1904   24.1079   0.4074329147233932
94.8835   25.348   0.38951942185211036
96.3024   25.3573   0.3409268836568934
96.9947   26.5978   0.3157053689755707
98.4132   26.6087   0.2640735124922631
99.1049   27.8496   0.23560855247634815
100.523   27.8621   0.19135686556797432
90.6348   25.3205   0.5093542382271908
92.0543   25.3275   0.4745412732313164
92.7481   26.5672   0.45919227998737006
94.1673   26.5756   0.4146509254782872
94.8604   27.8157   0.39059792626177775
96.2792   27.8256   0.338635275776166
89.9182   26.5481   0.5321617987041161
90.6128   27.7874   0.5202712657835324
92.0323   27.7951   0.48192306439928684
79.1603   44.9866   0.7233959704062495
79.8603   46.2236   0.710923723053325
81.2804   46.2339   0.6814620825842023
81.9798   47.4713   0.6630662485755089
83.3996   47.4822   0.6261385948813586
84.0982   48.72   0.6011187653034953
85.5177   48.7317   0.555728863745622
86.2156   49.9699   0.5239971183126854
87.6346   49.9824   0.4699790846410098
88.3316   51.2212   0.43192821162781253
89.7501   51.2346   0.369749617984931
90.4462   52.474   0.3265122509187069
91.8643   52.4884   0.25754343323020323
92.5594   53.7283   0.21088985276679123
93.9772   53.7436   0.1381421731405727
94.6716   54.9841   0.09173576183801135
96.0891   55.0002   0.041105352449526525
96.7831   56.2412   0.058463834975139906
77.7275   47.4421   0.7517553524917546
79.1477   47.4526   0.7254187962825333
79.848   48.6895   0.7115173434288157
81.2679   48.7006   0.6784022110813019
81.9675   49.938   0.6584700904369167
83.3871   49.9497   0.6176932976809775
84.086   51.1875   0.5913439777320826
85.5052   51.1999   0.5421226706198524
86.2031   52.4383   0.5095206963411814
87.6219   52.4515   0.4519989048659316
88.3189   53.6905   0.4136812420209549
89.7372   53.7046   0.3486416785182165
90.4332   54.9441   0.3059653248327336
91.8511   54.9591   0.23514876142561328
92.5462   56.1993   0.1899519412904224
93.9638   56.2151   0.11708667729507591
77.0145   48.6708   0.7669706448098241
77.7157   49.9073   0.7568778038758983
79.1358   49.9186   0.727600996425926
79.8363   51.1556   0.7122824229194479
81.2561   51.1674   0.6758440796515134
81.9558   52.4048   0.654495798305841
83.3753   52.4173   0.6103173354903184
84.0741   53.6552   0.5828241415727384
85.4932   53.6684   0.5304250182636571
86.1911   54.9069   0.4970066096139992
87.6097   54.9208   0.43664933298929987
88.3065   56.16   0.3980991082632554
89.7247   56.1748   0.33105096284409247
75.5829   51.1244   0.7981882610011228
77.0031   51.1361   0.7730766973593255
77.7045   52.3726   0.7613572617372223
79.1245   52.3847   0.7296876180942087
79.8251   53.6217   0.7125418514024313
81.2448   53.6343   0.6735225979876251
81.9445   54.8718   0.6505590903215475
83.3638   54.8851   0.603596106680617
84.0626   56.1231   0.5747134068385733
85.4815   56.137   0.5197928144943913
74.8698   52.3529   0.8131719190921443
75.572   53.5889   0.8043532930249013
76.9922   53.6015   0.7776573217041026
77.6936   54.838   0.7639162650448033
79.1135   54.8509   0.7304685140373972
79.8141   56.088   0.711309721570006
81.2337   56.1014   0.6702389424675366
73.4388   54.8044   0.8391332075421635
74.8592   54.8175   0.8181184938625946
75.5614   56.0535   0.806788200211182
76.9815   56.0669   0.7793162259314242
72.7254   56.0326   0.8490278263991106
109.697   29.1988   0.405587142301135
111.115   29.2192   0.46375580858896
111.805   30.4615   0.5069220551524656
105.455   29.1473   0.22995090780425093
106.873   29.1647   0.28497624462400256
107.563   30.4067   0.32581063518552983
108.981   30.4257   0.3877502288845233
109.671   31.6678   0.43366116957827594
111.089   31.6882   0.4947457528872779
101.214   29.1032   0.17126879458909225
102.632   29.1175   0.16056973562909924
103.323   30.359   0.17004946339227672
104.741   30.3749   0.20852208516125784
105.431   31.6167   0.24412398489292214
106.849   31.6343   0.30477849333573365
107.539   32.8762   0.35106745790517213
108.957   32.8954   0.4166701333189116
109.648   34.1374   0.4657592296455333
96.9717   29.0661   0.3078632326212419
98.3901   29.0775   0.2533202518552335
99.0819   30.3183   0.2208404401372164
100.5   30.3313   0.1761319959575766
101.191   31.5725   0.15697799208806046
102.609   31.5872   0.15521288606298156
103.3   32.8286   0.17312677435914126
104.718   32.8449   0.22189558355226488
105.408   34.0866   0.26441214041719097
106.826   34.1045   0.3305565760955312
107.517   35.3463   0.38040347001572034
108.935   35.3656   0.44924778240966384
92.7262   29.0348   0.4606838503789774
94.1454   29.0438   0.41271074616491543
94.8386   30.2839   0.38319222330313824
96.2573   30.2944   0.3280297242629092
96.9499   31.5348   0.2927312760878144
98.3682   31.5468   0.23565742084644808
99.0602   32.7876   0.20041362229150297
100.478   32.8011   0.15753824932377913
101.17   34.0422   0.1421205474236556
102.587   34.0573   0.15464759939941014
103.278   35.2987   0.18326017024983615
104.696   35.3154   0.24173979813013835
105.387   36.557   0.28941458152622374
106.805   36.5751   0.3600725482454877
107.496   37.8169   0.41218922838910044
88.4775   29.0084   0.5716476712101611
89.8972   29.0155   0.5401347424485866
90.592   30.2548   0.5224800474659296
92.0114   30.2632   0.48077692332307304
92.7055   31.5029   0.45407639225134794
94.1245   31.5125   0.4029504808285996
94.8179   32.7526   0.36869054774973625
96.2365   32.7636   0.310708303719102
96.9293   34.004   0.27150887646631555
98.3475   34.0166   0.2125237633771818
99.0397   35.2573   0.17576763069461632
100.457   35.2713   0.13817470825010744
101.149   36.5124   0.13194506432602868
102.567   36.528   0.16137924277923865
103.258   37.7693   0.20000174999234557
104.676   37.7863   0.26666398331983243
105.367   39.0279   0.3180066665967836
106.785   39.0461   0.3922411248199248
87.762   30.2366   0.5885708623436946
88.4576   31.4756   0.5747377662899835
89.8773   31.4833   0.5398837097005246
90.5722   32.7227   0.5169901449737714
91.9915   32.7316   0.47203103711514677
92.6858   33.9713   0.4406020199681349
94.1047   33.9816   0.3864522350821661
94.7984   35.2216   0.3480384748846037
96.2168   35.2333   0.28745644887530386
96.9099   36.4736   0.244955934812775
98.3279   36.4867   0.18505834215187522
99.0203   37.7274   0.148576781496974
100.438   37.7419   0.12096478826501392
101.13   38.9829   0.1294544707609593
102.547   38.999   0.1769905364701761
103.239   40.2402   0.22288447680356527
104.657   40.2576   0.2956213456433768
105.349   41.499   0.34934470083285635
86.323   32.6967   0.617595182947535
87.7429   32.7041   0.5894142685751692
88.4387   33.943   0.570459437646534
89.8583   33.9515   0.5323365101136682
90.5535   35.1908   0.5046825735053663
91.9727   35.2004   0.45657118831568855
92.6673   36.4401   0.4209658418446808
94.086   36.451   0.3639660835847227
94.7799   37.6909   0.32186995821294223
96.1982   37.7032   0.2589548995481638
96.8914   38.9435   0.2138837534737047
98.3093   38.9572   0.15435796059808768
99.002   40.1978   0.12117842217160513
100.42   40.2129   0.11215480373127346
101.112   41.4539   0.13747057867049828
102.529   41.4703   0.19968467642760912
103.221   42.7115   0.251016274372796
104.639   42.7291   0.32712807889265755
85.6084   33.9253   0.629836693119733
86.305   35.1638   0.6146281314746344
87.7248   35.1719   0.5831449991211438
88.4209   36.4108   0.5595195349583424
89.8404   36.4199   0.5182902951049736
90.5358   37.6591   0.48636967421910754
91.9549   37.6695   0.4353800179153846
92.6496   38.909   0.39581102814348224
94.0683   38.9206   0.3362806714635869
94.7623   40.1605   0.29086697990662425
96.1805   40.1734   0.22614440077083456
96.8739   41.4137   0.17915409568301882
98.2917   41.4279   0.12242201599385209
98.9845   42.6686   0.09824667933319432
100.402   42.6841   0.11673804007263365
101.094   43.9251   0.1567127946276264
102.512   43.9419   0.22761662944521469
103.204   45.1831   0.2818237924661456
84.171   36.3847   0.6511006834584032
85.591   36.3926   0.6251908508607609
86.2879   37.6311   0.6057215862093743
87.7077   37.6399   0.5709548318387364
88.404   38.8787   0.5432579221695715
89.8234   38.8886   0.49880361867171874
90.519   40.1277   0.463095249381808
91.938   40.1387   0.40909836225533885
92.6329   41.3782   0.3663031667894773
94.0514   41.3905   0.3041574920990778
94.7456   42.6304   0.25616233134479266
96.1637   42.6439   0.1898782241332558
96.8572   43.8842   0.1425132274562587
98.2749   43.8989   0.09301553633668375
98.9678   45.1396   0.08745947633047085
100.385   45.1556   0.13381050033535977
101.078   46.3967   0.18242162700732195
102.495   46.4137   0.2587428839601193
83.457   37.6135   0.6604471666984433
84.1547   38.8515   0.6447901441554474
85.5746   38.8601   0.6154309546976015
86.2718   40.0985   0.5922899036789345
87.6915   40.1081   0.5539302753957411
88.388   41.3468   0.522860841907289
89.8073   41.3574   0.475019873268477
90.5031   42.5965   0.4361859465870057
91.9219   42.6082   0.37917012013079265
92.6169   43.8477   0.3337290667592495
94.0353   43.8606   0.2691123371382307
94.7296   45.1005   0.2193591347539488
96.1475   45.1146   0.1520850091231888
96.8411   46.3549   0.10610400557943198
98.2587   46.3702   0.07381144897643076
98.9519   47.611   0.0938498801277905
100.369   47.6274   0.1592217635877714
101.062   48.8685   0.21109298898826637
82.0212   40.0719   0.6790445198954201
83.4413   40.0804   0.6539937690834687
84.1393   41.3184   0.6351577835467367
85.5592   41.3278   0.6021563667354175
86.2566   42.5661   0.5758383540543305
87.6761   42.5764   0.5338293828556084
88.3728   43.8151   0.4998527883287243
89.7919   43.8264   0.44842226751132624
90.4879   45.0655   0.4072702910844336
91.9065   45.0779   0.3470296961356479
92.6017   46.3174   0.29993716008524274
94.0199   46.3309   0.23287142375139086
94.7142   47.5709   0.1824009868394366
96.132   47.5856   0.11467981513762701
96.8258   48.826   0.0736683106905512
98.2433   48.8418   0.07362574278063055
98.9366   50.0827   0.1127563745426384
100.354   50.0993   0.18705106254710235
81.3077   41.3007   0.6887792824991172
82.0065   42.5382   0.6740970924132532
83.4265   42.5476   0.6452156848682451
84.1248   43.7855   0.6238206873773897
85.5446   43.7956   0.5868012355133568
86.2422   45.0339   0.558100797347576
87.6616   45.0449   0.5120655133867157
88.3584   46.2836   0.47607930011711547
89.7774   46.2956   0.4209017700129099
90.4734   47.5347   0.37820672918392206
91.8919   47.5478   0.31478915165551685
92.5871   48.7874   0.26698204059449615
94.0051   48.8015   0.19756254705788961
94.6995   50.0416   0.1474821345112676
96.1172   50.0569   0.08069231685854576
96.811   51.2975   0.0513506572499347
98.2285   51.3136   0.08951541766645638
98.922   52.5546   0.1356087386564732
79.8734   43.7578   0.7108853283054865
81.2936   43.7672   0.6851016712868246
81.9927   45.0047   0.668452578721932
83.4127   45.0148   0.6355946113679691
84.1112   46.2527   0.6121272580109481
85.5308   46.2636   0.5709058941717089
86.2285   47.5018   0.5404363144719256
87.6477   47.5136   0.4902772582937136
88.3447   48.7523   0.4529107086391333
89.7634   48.765   0.3941064323250785
90.4595   50.0042   0.35077298926799017
91.8778   50.0179   0.2844367943849747
92.573   51.2577   0.23681271080750552
93.9909   51.2724   0.1652825762141904
94.6853   52.5127   0.11659232393258197
96.1029   52.5284   0.053936814885572774
96.7968   53.7692   0.047456190323287226
98.2142   53.7857   0.11053777634817888
94.6583   57.4558   0.07434204732181755
96.0757   57.4723   0.04558245276419692
90.4205   57.4145   0.2887976800460838
91.8383   57.4301   0.21720545573258634
92.5332   58.6705   0.17335391544467849
93.9507   58.6868   0.10254803752388247
94.645   59.9277   0.06512058046424357
86.1792   57.3757   0.48536671702950296
87.5976   57.3904   0.4230619458188134
88.2942   58.6298   0.38386303546968614
89.7122   58.6452   0.3156692889718573
90.4077   59.8852   0.27328419273715854
91.8254   59.9014   0.20215452010776627
92.5201   61.142   0.15922992809142172
93.9376   61.1587   0.09351181743502046
81.9333   57.339   0.6452531751181098
83.3525   57.353   0.5962925624221741
84.0511   58.5913   0.5654160503558436
85.4698   58.6059   0.5087226847703974
86.1672   59.8449   0.47244963752763935
87.5855   59.8603   0.40904349401989043
88.2817   61.0999   0.368173586776672
89.6996   61.116   0.30008867022931873
90.3947   62.3562   0.2566280187352918
91.8124   62.3729   0.18756852081306022
92.5066   63.6137   0.14513945018498997
77.683   57.3035   0.763085440825601
79.1028   57.3172   0.7284851199578468
79.8033   58.5544   0.7066293936711102
81.2227   58.5686   0.6642283793997397
81.9221   59.8064   0.6364542481592843
83.3412   59.8212   0.586141186063565
84.0393   61.0596   0.5522575305054709
85.458   61.0751   0.4946464292805527
86.1548   62.3143   0.4553514357065308
87.573   62.3303   0.3916800990604428
88.2687   63.5702   0.3481268303363024
89.6865   63.5869   0.2812098504675791
90.3811   64.8274   0.23573673875745516
91.7987   64.8446   0.17064893788125463
73.4284   57.2682   0.8393286245565557
74.8487   57.2821   0.8183213610801071
75.5509   58.5182   0.8041137233003819
76.971   58.5323   0.7763835971992203
77.6723   59.769   0.756967865896566
79.092   59.7836   0.7217408260587748
79.7922   61.0209   0.6963947946387902
81.2116   61.0359   0.6531394567778016
81.9105   62.274   0.6214824695838188
83.3295   62.2895   0.5704860471562818
84.0271   63.5283   0.5324950891792337
85.4456   63.5444   0.4745389551975682
86.1418   64.7839   0.43104891833758135
87.5599   64.8006   0.3681022412319724
88.2549   66.0408   0.3210256376054742
89.6727   66.058   0.2563958072980139
90.3666   67.2988   0.20905142907907243
71.2946   58.4819   0.8597257818630313
72.715   58.4963   0.845594453624197
73.418   59.732   0.8328064240866576
74.8383   59.7467   0.8122598783640621
75.5403   60.9829   0.7945497152475749
76.9603   60.9979   0.7668959773007045
77.6613   62.2347   0.7436041823443449
79.0809   62.2501   0.7079690247461407
79.7807   63.4876   0.6781904304839453
81.1999   63.5034   0.6345003861306957
81.8983   64.7417   0.5979469625309581
83.3171   64.758   0.5465453412115043
84.014   65.9971   0.5035470683064298
85.4324   66.0139   0.44584992990915673
86.1279   67.2537   0.3978260172487477
87.5459   67.2711   0.33630506983987424
88.2401   68.5115   0.28575923432148076
89.6579   68.5292   0.22528244494412075
70.5805   59.7096   0.8597421590221098
71.2842   60.9447   0.8476953049297858
72.7046   60.96   0.8347925490803078
73.4074   62.1958   0.81833692938789
74.8276   62.2113   0.7985339191293037
75.5293   63.4477   0.7767612825057661
76.9492   63.4635   0.7491971235929837
77.6497   64.7005   0.7211324774269978
79.0693   64.7167   0.685390516421111
79.7684   65.9545   0.6503871001180778
81.1876   65.971   0.6062668471885979
81.8852   67.2096   0.5644001594613519
83.3039   67.2267   0.5128721965558292
83.9999   68.466   0.4649203372622014
85.4182   68.4836   0.4078108017206038
86.1128   69.7237   0.35602280825812255
87.5307   69.7416   0.2966994944383954
88.2241   70.9824   0.24481578788959263
69.1495   62.1564   0.847987912649703
70.5701   62.1723   0.8427356228379118
71.2735   63.4076   0.8272234522787661
72.6939   63.4236   0.8155581279099614
73.3963   64.6596   0.7952403095920137
74.8165   64.6759   0.776020276796941
75.5177   65.9125   0.7498031008204765
76.9375   65.9291   0.7221694814930942
77.6374   67.1664   0.6892016395801726
79.0568   67.1833   0.6529698691363948
79.7552   68.4214   0.6129188363886396
81.1742   68.4387   0.5682032118881425
81.8709   69.6776   0.5217295084620035
83.2895   69.6954   0.47000047872316175
83.9846   70.9351   0.4185234163102468
85.4028   70.9533   0.36244747205629396
86.0964   72.1938   0.3089697881670625
87.5143   72.2122   0.25336171770810767
68.4346   63.3834   0.8357658404122529
69.1388   64.6182   0.8213742265252809
70.5592   64.6349   0.8175784060259895
71.2624   65.8704   0.7988740889526956
72.6827   65.8872   0.7879466352488614
73.3846   67.1234   0.7638904502610305
74.8046   67.1405   0.7446516836749901
75.5052   68.3773   0.7142267777113972
76.9249   68.3947   0.6860884345330418
77.624   69.6323   0.6487516242754222
79.0433   69.65   0.6116679900076504
79.7408   70.8885   0.5676599334108379
81.1596   70.9065   0.5223207252254117
81.8554   72.1458   0.47290993857181535
83.2738   72.1643   0.421301091857115
83.9679   73.4044   0.36864900650890003
85.386   73.4231   0.3142718091079748
86.0788   74.664   0.2628922402810763
67.0031   65.8276   0.8006904832705327
68.4236   65.8449   0.8048852402672068
69.1274   67.0799   0.7880431333372535
70.5478   67.0974   0.7852826879538335
71.2504   68.3331   0.7638255494548489
72.6706   68.3507   0.7529400108906404
73.3719   69.5871   0.7257862633034606
74.7918   69.605   0.7058811939696389
75.4917   70.8422   0.6722053555276069
76.9112   70.8603   0.6430303647573737
77.6094   72.0983   0.6028627041043386
79.0285   72.1167   0.5645622197774113
79.725   73.3556   0.5187552120220106
81.1437   73.3744   0.47281756524054697
81.8384   74.6142   0.4231071495496114
83.2567   74.6333   0.37200961009092337
83.95   75.8739   0.32171345946354163
85.3679   75.8931   0.2702189482623375
66.2871   67.0537   0.7780220433895155
66.9915   68.2882   0.7635902435207013
68.412   68.3063   0.7686587604392474
69.1152   69.5416   0.7503542163538502
70.5355   69.5598   0.7477105990956667
71.2375   70.7958   0.7243925524189205
72.6576   70.8142   0.7129362594229597
73.3581   72.0509   0.6837139972239862
74.7779   72.0695   0.6626638212547886
75.4768   73.3071   0.6274499581639961
76.8962   73.326   0.5967697210817539
77.5934   74.5645   0.5559823288558734
79.0124   74.5836   0.516693613275801
79.7078   75.8231   0.4717648248863
81.1263   75.8425   0.425350749382204
81.8201   77.0829   0.37864202091157595
83.2383   77.1025   0.3285910680465902
83.9306   78.3437   0.2836771404255206
64.8546   69.4953   0.7263700296680768
66.2751   69.514   0.7390778646394428
66.979   70.7488   0.7243960311873615
68.3993   70.7676   0.729790579550051
69.1019   72.0032   0.7109150793167948
70.5221   72.0221   0.7077160164924879
71.2233   73.2585   0.6836979084361757
72.6433   73.2776   0.6710068032441979
73.3429   74.5148   0.6415770101866163
74.7625   74.5341   0.6190176087963919
75.4604   75.7723   0.5842798815636225
76.8797   75.7918   0.5523655764075097
77.5758   77.0309   0.5134964556839741
78.9947   77.0507   0.4731942624335133
79.689   78.2908   0.4319062977081932
81.1075   78.3108   0.3856326231013116
81.8003   79.5519   0.3444012485459348
83.2184   79.572   0.29599630065256294
64.1372   70.7203   0.6974445067530463
64.8416   71.9547   0.6867919699588818
66.2621   71.9741   0.6998675660437478
66.9652   73.2093   0.6859443563438663
68.3855   73.2288   0.690835877759686
69.0873   74.4648   0.6725870426941036
70.5074   74.4845   0.6683713788007413
71.2076   75.7213   0.6452170332531523
72.6275   75.7411   0.6311467024392982
73.3261   76.9789   0.6032753517258916
74.7456   76.9989   0.5793125322310909
75.4424   78.2377   0.5474647203245194
76.8615   78.2579   0.5143631790865327
77.5566   79.4977   0.4797514564855415
78.9753   79.5181   0.43905866350637374
79.6687   80.7589   0.40346743363002524
81.087   80.7794   0.357483580042496
81.7789   82.0211   0.32313955189669996
62.7032   73.1593   0.6382555052641533
64.1236   73.1793   0.6586511292027039
64.8273   74.414   0.6496766426461673
66.2477   74.4342   0.6626449275441555
66.95   75.6698   0.6502734578621527
68.3702   75.69   0.6545137813675092
69.071   76.9265   0.6379632434552943
70.491   76.9469   0.6326254579132929
71.1902   78.1843   0.6118275655771004
72.61   78.2048   0.5967055220123247
73.3074   79.4432   0.5720310655899713
74.7268   79.4638   0.5473621652982607
75.4225   80.7033   0.5198575766496071
76.8415   80.7241   0.48645610284998797
77.5354   81.9646   0.45739901617734074
78.9541   81.9856   0.4168499130382496
79.6465   83.2271   0.3876568843707019
81.0648   83.2481   0.34257158376024477
61.984   74.3831   0.6065149709611477
62.6881   75.6175   0.6022024493473938
64.1085   75.6382   0.623034469351419
64.8113   76.8734   0.61610562406133
66.2316   76.8942   0.6290193478741353
66.9329   78.1303   0.6185966294767531
68.3531   78.1513   0.622573216577778
69.0527   79.3883   0.6084465794135129
70.4727   79.4093   0.6028578107646958
71.1707   80.6474   0.585346982566753
72.5904   80.6685   0.5698930075022853
73.2865   81.9076   0.5495869267004115
74.7059   81.9289   0.5249743422301669
75.4003   83.169   0.5027427274461549
76.8194   83.1905   0.46985854254232834
77.5122   84.4316   0.4467699631801594
78.9308   84.4532   0.4069566070234053
60.5477   76.8194   0.5433185621714027
61.9681   76.8408   0.5716861813967524
62.6713   78.0756   0.5694569781818486
64.0916   78.097   0.5909355802454278
64.7933   79.3327   0.5860700811336508
66.2136   79.3543   0.5995199579663698
66.9137   80.5909   0.591374534453423
68.3338   80.6125   0.5958716892083354
69.0322   81.8502   0.5847447648333443
70.4521   81.8719   0.5796876831536126
71.1487   83.1106   0.5658742351441725
72.5684   83.1323   0.5514762914214882
73.2632   84.3721   0.53582305848106
74.6826   84.394   0.5124364350824377
59.8263   78.0419   0.5082471937945174
60.5298   79.2763   0.5098077382700257
61.9502   79.2983   0.5393197289178316
62.6522   80.5337   0.538791620202097
64.0725   80.5558   0.561658944556218
64.773   81.7921   0.5585189790866545
66.1932   81.8142   0.57338808847063
66.8919   83.0516   0.5676190447826784
68.312   83.0738   0.5736975945565733
69.009   84.3122   0.565576970889023
70.4289   84.3344   0.5625532152605648
58.387   80.4754   0.43773871201894066
59.8073   80.498   0.4740301572685003
60.5097   81.733   0.4765189712907568
61.9299   81.7557   0.5079659142107871
62.6307   82.9917   0.5085185247363164
64.0509   83.0144   0.5335626205048457
64.7499   84.2514   0.5317789954482989
66.1701   84.2741   0.5492492876645403
57.6631   81.6961   0.39672194292728463
58.3658   82.9307   0.4009273624984953
59.7859   82.954   0.4388881064690609
60.487   84.1897   0.4415783169495537
61.9071   84.2129   0.4754998317560177
56.2205   84.1268   0.3179528424153512
57.6406   84.1506   0.35786306040159976
45.312   102.367   0.6578928864184491
46.7324   102.386   0.636725945756886
47.4256   103.625   0.641250255360573
48.8459   103.645   0.6137092308251545
49.5378   104.885   0.6182482672842655
50.9578   104.907   0.5827664883982274
51.6488   106.147   0.5865298798867766
53.0684   106.17   0.542901510404971
53.7586   107.412   0.5449909724022939
55.1779   107.436   0.49339933117100876
55.8674   108.677   0.49418960936061496
57.2864   108.702   0.435595982534274
57.9752   109.944   0.43477787432204906
59.3939   109.97   0.3703521837386686
60.0819   111.212   0.3683100324454909
61.5004   111.239   0.2995517484509137
62.1877   112.481   0.29652551323621384
63.606   112.509   0.2251107505207169
44.5797   103.584   0.6835491204002814
45.2728   104.823   0.686504399111907
46.6932   104.842   0.6729908766097779
47.3851   106.082   0.6767700421856765
48.8053   106.102   0.6565514831298438
49.4961   107.342   0.660179445302563
50.9161   107.364   0.6317673780751881
51.6062   108.605   0.6343629875709964
53.0259   108.627   0.5972480640403947
53.7152   109.869   0.5982053995075609
55.1347   109.893   0.5523008690921983
55.8234   111.134   0.5519484758562152
57.2426   111.159   0.49831034506620236
57.9306   112.401   0.4962751756838135
59.3495   112.427   0.436158228169546
43.1198   106.025   0.702954002762624
44.5403   106.041   0.7028654636557418
45.2321   107.281   0.7049697369391086
46.6524   107.299   0.6999231172064525
47.3431   108.539   0.7025567663897321
48.7633   108.559   0.690209511670189
49.4533   109.8   0.6922154650107137
50.8733   109.821   0.6714969620184451
51.5626   111.063   0.6720367549472254
52.9824   111.085   0.642334087527667
53.6711   112.327   0.6414231754466003
55.0907   112.35   0.6025286466218859
42.3874   107.242   0.7045918392942114
43.0791   108.482   0.7033871480202072
44.4994   108.498   0.7119382557497521
45.1901   109.739   0.7123509036984498
46.6103   109.757   0.7154929559401686
47.3002   110.998   0.7163694926502645
48.7203   111.017   0.7124773470083093
49.4096   112.259   0.7121854252931604
50.8297   112.28   0.6994546804475597
40.9265   109.686   0.6747215796163594
42.3466   109.7   0.6947487387538027
43.0374   110.94   0.69195822128218
44.4574   110.956   0.7088953448852653
45.1474   112.197   0.7073125829504213
46.5674   112.215   0.7188749334898236
40.1943   110.904   0.6520082054698376
40.8852   112.144   0.644728198545711
42.305   112.158   0.6728529185490663
51.8702   91.4195   0.24842978887403946
51.1402   92.6357   0.2905248526374307
51.8384   93.8722   0.2936494679034846
53.2582   93.8964   0.24807893904965153
53.9546   95.134   0.24863881434723675
49.6878   95.0651   0.394898771839065
51.1078   95.0882   0.34557007972334314
51.8043   96.3256   0.3487617811630174
53.2239   96.3498   0.29696984695419865
53.9188   97.5882   0.2980819518186222
55.338   97.6133   0.24605848898178898
56.0314   98.8526   0.24442530556388758
48.9568   96.2813   0.4494399403702338
49.6533   97.5187   0.45435867989948175
51.0732   97.5415   0.4056484438525551
51.7681   98.7799   0.4091817322413102
53.1876   98.8039   0.35560620073334187
53.881   100.043   0.357357999770535
55.3002   100.068   0.2999658980617623
55.9924   101.308   0.29967565800378043
57.4112   101.334   0.2407755801571223
58.1024   102.574   0.23798834005051894
47.5016   98.7138   0.5478392556215714
48.9218   98.7349   0.5079993897634144
49.6167   99.9732   0.5130097562425076
51.0366   99.9958   0.4670233934183577
51.73   101.235   0.4710289375399334
53.1495   101.259   0.4186649376291265
53.8417   102.499   0.42104377444631463
55.2608   102.523   0.36313695763444614
55.952   103.764   0.3636116334772568
57.3708   103.789   0.3010667367877097
58.0612   105.03   0.2999720820343105
59.4798   105.057   0.23482325268167067
60.1693   106.298   0.23179225612603993
46.7698   99.9305   0.5927174453312452
47.4646   101.169   0.5978672511519596
48.8848   101.19   0.5633624499378683
49.5781   102.429   0.5683285317490214
50.998   102.451   0.527058943572728
51.6901   103.691   0.5310059321702529
53.1097   103.714   0.48240121268503994
53.8008   104.955   0.4849145285511676
55.22   104.979   0.42908834754628267
55.9103   106.22   0.4302203853840492
57.3292   106.245   0.3682283530636902
58.0188   107.487   0.36773297377309144
59.4374   107.513   0.3010511750516808
60.1262   108.755   0.2992287586446195
61.5446   108.782   0.22989206162893105
62.2326   110.024   0.22670632986310504
79.6222   85.6951   0.38415129831877864
75.3758   85.6348   0.4956113598375247
76.7948   85.6568   0.4639476263545251
77.4865   86.8985   0.446588860138723
78.9053   86.9204   0.40810814743153845
71.124   85.5738   0.5525279359453217
72.5437   85.5961   0.5403972057662794
73.2372   86.8366   0.5291045076353071
74.6566   86.859   0.5081018893883381
75.3485   88.1004   0.49600620963854775
76.7677   88.1228   0.4667164663904626
77.4583   89.365   0.4542499091909648
66.8673   85.5123   0.5454839044371532
68.2874   85.5349   0.5547033982228737
68.9828   86.7741   0.5491724501465798
70.4027   86.7968   0.5496499795324289
71.0963   88.037   0.5428278364269876
72.5161   88.0597   0.5343349979179703
73.2082   89.3009   0.5267785587891773
74.6277   89.3236   0.5093508221255739
75.3184   90.5656   0.5010545978234296
76.7377   90.5883   0.475138600831382
62.6064   85.4497   0.4762975855492019
64.0265   85.4729   0.5046080260955053
64.7239   86.7108   0.5036863508176516
66.144   86.734   0.5250546733436463
66.8396   87.9729   0.5227836837545767
68.2596   87.996   0.5363564672864487
68.9534   89.236   0.5329734890217355
70.3733   89.2591   0.5381486040119402
71.0655   90.5   0.5339538744123876
72.4853   90.5231   0.5302692429323049
73.1761   91.7649   0.5254482657693323
74.5958   91.7879   0.5128208556601419
75.2855   93.0304   0.5074504704894877
58.3419   85.386   0.3613759399849432
59.7619   85.4098   0.4009270631922981
60.4614   86.6462   0.4029153385017755
61.8814   86.6701   0.439795384241353
62.579   87.9076   0.440401555401434
63.9989   87.9314   0.47265769855150075
64.6947   89.17   0.4721005083665957
66.1146   89.1937   0.49833638237640226
66.8086   90.4334   0.49702801731894264
68.2285   90.457   0.516146355213324
68.9208   91.6977   0.5141903635814241
70.3407   91.7212   0.5252630674243134
71.0316   92.9627   0.5229065882162908
72.4515   92.9862   0.5252172978872619
73.1412   94.2284   0.5222763731971799
74.561   94.2517   0.5154053744384175
55.4941   85.3456   0.27461611387535156
56.1955   86.5807   0.2782001258087435
57.6155   86.605   0.3162265959719384
58.3151   87.8411   0.31827266612136434
59.735   87.8655   0.3587925027087403
60.4328   89.1028   0.35957086923164405
61.8525   89.1271   0.3992491202244503
62.5484   90.3655   0.3991564229722484
63.9682   90.3897   0.4359849882736798
64.6623   91.6292   0.4353041924907249
66.0821   91.6533   0.4672005351024323
66.7745   92.8938   0.4662357879871546
68.1944   92.9178   0.49174278845754754
68.8853   94.1591   0.4905083689398176
70.3052   94.183   0.5084468212114235
70.995   95.4251   0.5069190270644822
72.4149   95.4488   0.5160598802464692
73.1037   96.6914   0.513972810564922
54.048   87.7743   0.21694374846950598
55.468   87.7987   0.23813554963507924
56.1678   89.0346   0.23965796460789907
57.5875   89.0593   0.2724308903189964
58.2855   90.2963   0.27260878562511653
59.7051   90.3211   0.31202878072382806
60.4011   91.5593   0.31120033740341596
61.8207   91.5841   0.35318858984967266
62.5149   92.8233   0.35193314706062967
63.9345   92.848   0.3932209302669425
64.6271   94.0882   0.39196159250620166
66.0467   94.1128   0.4297982898988791
66.7378   95.3539   0.42863444798569483
68.1575   95.3783   0.4610099131255216
68.8474   96.6202   0.459880082195348
70.2672   96.6445   0.48514573068305866
70.9561   97.887   0.48368174453870233
72.376   97.911   0.5002932939786461
53.3195   88.9914   0.20392550110273103
54.0195   90.2271   0.2057231634989135
55.4392   90.2518   0.2089224975918079
56.1373   91.4887   0.20833475466182536
57.5568   91.5137   0.22955160639821415
58.253   92.7516   0.22732861676436616
59.6724   92.7768   0.2620431453024549
60.3668   94.0158   0.25920003858024265
61.7861   94.041   0.3015514715599971
62.4789   95.281   0.29890535291292725
63.8982   95.3062   0.34366879404450273
64.5895   96.547   0.34148426025221446
66.0089   96.5721   0.3849922726497208
66.699   97.8137   0.38316118018400314
68.1185   97.8387   0.4223726553649044
68.8076   99.0809   0.42066927627293654
70.2273   99.1057   0.45341844911737
70.9156   100.348   0.45131364925071843
53.2901   91.4437   0.21530315836048616
53.9883   92.6803   0.21598939788795254
55.4078   92.7052   0.19642265653432217
56.1042   93.9429   0.19425573350611708
57.5234   93.9682   0.19480641673210033
58.218   95.207   0.19033670166313268
59.6371   95.2325   0.21256869477888715
60.3302   96.4723   0.2074711787212839
61.7492   96.4979   0.2457306248720331
62.4408   97.7385   0.24114016670808194
63.8598   97.7642   0.28746704158911857
64.5502   99.0055   0.28385704148391305
65.9693   99.0312   0.3319947740552569
66.6588   100.273   0.32915554074024095
68.078   100.299   0.37478847367548557
68.7666   101.541   0.3719899729831419
70.186   101.566   0.4118095312155903
55.374   95.159   0.20897497457829833
56.0687   96.3976   0.20639779553086302
57.4878   96.4231   0.180453733682623
58.181   97.6626   0.17483895446953593
59.5999   97.6884   0.17246964950390611
60.2918   98.9288   0.16511477826046045
61.7105   98.9548   0.18961075918839462
62.4013   100.196   0.18273789973620827
63.82   100.222   0.22587527531804028
64.5098   101.464   0.220265703185946
65.9286   101.49   0.271125616642918
66.6175   102.732   0.26661207774592993
68.0365   102.758   0.3176565126044168
68.7246   104.001   0.3133695741452912
57.4503   98.8782   0.1968837982161019
58.1423   100.118   0.19203614243157854
59.561   100.144   0.15822736804990398
60.2521   101.385   0.1501800585963367
61.6706   101.412   0.14399517353022903
62.3607   102.653   0.13489659002361784
63.7792   102.68   0.162802149862956
64.4685   103.922   0.1547632062216412
65.887   103.948   0.20344967436690406
66.5754   105.191   0.1969555533616671
67.9941   105.218   0.2517015891884725
59.521   102.6   0.1820889068559679
60.2112   103.842   0.17612149215810946
61.6297   103.868   0.1325526687773601
62.3191   105.11   0.12346100598974467
63.7375   105.137   0.11165021271810853
64.4261   106.379   0.10093626702033416
65.8445   106.407   0.13315994142383678
66.5323   107.649   0.12434588855286667
61.5877   106.325   0.16775756316780327
62.2765   107.567   0.16242081147439033
63.6947   107.594   0.10717299100052927
64.3827   108.837   0.0984541517661893
65.8009   108.864   0.0763275834806711
63.6509   110.052   0.15676176191916058
64.3381   111.294   0.15227212482919872
