-11.7111   21.1102   0.21433655777771557
-10.9804   22.3273   0.21882463298266888
-9.55965   22.3015   0.21533011958386256
-11.0144   19.8732   0.21403656229719237
-9.59372   19.8472   0.21025686695088228
-8.86287   21.0643   0.21503323371051428
-7.44229   21.0381   0.21174004368564842
-6.71241   22.2558   0.21651975914451863
-5.29193   22.2295   0.21386875625018398
-9.63051   17.3923   0.20374265041959136
-8.89883   18.609   0.20833718247110927
-7.47837   18.5826   0.20474757239098104
-6.74743   19.7998   0.209716901798593
-5.32703   19.7732   0.20685736655966658
-4.59715   20.9909   0.21175948644629863
-3.17685   20.9645   0.20966298695764207
-2.44831   22.183   0.21405263955391982
-1.02813   22.1567   0.21280293700980757
-8.93733   16.1532   0.20036555692034577
-7.51699   16.1267   0.1964675291237732
-6.78522   17.3434   0.20131936841744721
-5.36492   17.3166   0.198247821930029
-4.63398   18.5338   0.20336725006745773
-3.21375   18.507   0.2011855683194001
-2.48393   19.7248   0.2061749715654153
-1.0638   19.6981   0.20489054736614937
-0.335363   20.9167   0.20933258982060182
1.08465   20.8904   0.2089722184502048
1.81147   22.1099   0.212350699551474
3.23135   22.0838   0.21289530384675034
-7.55772   13.6703   0.1875390362031333
-6.82528   14.8866   0.19194096722690596
-5.40507   14.8596   0.18857243594969175
-4.67331   16.0764   0.19365209423086596
-3.25315   16.0493   0.1913109429698153
-2.52231   17.2665   0.19660719442584132
-1.10223   17.2395   0.19530726074573038
-0.372552   18.4574   0.2004054271345979
1.04743   18.4307   0.20017797087841652
1.77572   19.6494   0.20459502071164964
3.19559   19.6229   0.20532569249852795
3.92227   20.8425   0.2087075944952657
5.34202   20.8164   0.21037161619382017
6.06692   22.037   0.21228579698133476
7.48654   22.0113   0.21472529334011953
-6.86719   12.4296   0.18232534108017068
-5.44706   12.4025   0.17876820774399627
-4.71461   13.6188   0.18336434331679838
-3.29452   13.5914   0.18083573347101584
-2.56288   14.8082   0.1860710079512676
-1.14285   14.7808   0.1847135677204052
-0.412196   15.9982   0.1901259462987639
1.00775   15.971   0.18995556760463925
1.73723   17.1891   0.19513050530350365
3.15709   17.1622   0.196075586445637
3.88521   18.381   0.20051063911922556
5.30497   18.3545   0.20249991209874643
6.03153   19.5743   0.205810033769008
7.45118   19.5482   0.2085927333346011
8.17599   20.7689   0.2105005760087139
9.59553   20.7434   0.2139414660602293
10.3184   21.9652   0.2141823755587763
11.7379   21.9403   0.2181233825154925
-5.49063   9.94516   0.16957985788412547
-4.75754   11.1612   0.17341483241061112
-3.33752   11.1335   0.17069967223167334
-2.60516   12.3499   0.17549075445732226
-1.18519   12.3221   0.17408788699964164
-0.45374   13.5391   0.1793106485655567
0.966167   13.5114   0.1792165355763824
1.69659   14.729   0.18463919437649373
3.11642   14.7017   0.18577698565753567
3.84571   15.9199   0.19090708315827376
5.26546   15.893   0.1931855908187787
5.99346   17.112   0.19762801648551834
7.41313   17.0856   0.20076219365209277
8.13963   18.3054   0.20407081834500634
9.55921   18.2796   0.20790266015614306
10.284   19.5004   0.2098280009912896
-4.80199   8.70339   0.16460890650265642
-3.38203   8.67559   0.16187752314635995
-2.64896   9.8916   0.1656832112798416
-1.22905   9.8635   0.16427604816284166
-0.496844   11.08   0.16888645099296745
0.923015   11.052   0.16888247866489908
1.65425   12.269   0.17399602323041755
3.07404   12.2414   0.17534763870665707
3.80428   13.459   0.1806789628041968
5.22401   13.4319   0.18315778034252306
5.95318   14.6502   0.18827445631311715
7.37286   14.6236   0.19173202679782214
8.10081   15.8426   0.19619853108522478
-3.42814   6.21762   0.1550950650407676
-2.69433   7.43323   0.15762335011031908
-1.27447   7.4049   0.15627658333864525
-0.541464   8.62096   0.15985718818996
0.878346   8.5926   0.15981819188065022
1.6104   9.80921   0.1643046247066718
3.03015   9.78122   0.1656461786459344
3.76124   10.9984   0.17065587478900549
5.18095   10.971   0.17336912326017126
5.9111   12.1887   0.1786537153266078
-2.74137   4.97476   0.1518994525994113
-1.32156   4.94632   0.15069630552870242
-0.587735   6.16193   0.15299362314815781
0.832033   6.13335   0.15301196847305942
1.56498   7.34948   0.15625483352524036
2.9847   7.32124   0.15764651375783778
3.71668   8.53794   0.16185547256735028
-1.37017   2.48764   0.1474400997015414
-0.635688   3.70291   0.14851038099742522
0.784051   3.67421   0.14851485624340885
1.51789   4.88986   0.1506883631870758
-0.684965   1.24389   0.1464481231562921
3.57398   1.1581   0.14851326068738915
4.99368   1.1304   0.1506858221598835
5.72765   2.34611   0.15301506886578378
7.14732   2.31943   0.1562528751735486
7.88058   3.53563   0.1598162022449549
9.30022   3.50996   0.1643016302414562
10.0328   4.72663   0.16889034667499525
11.4524   4.7019   0.17397158647319386
12.1843   5.919   0.17921490479310287
13.604   5.89519   0.1846470094531732
14.3352   7.11277   0.1899827436900536
15.7548   7.09005   0.1951199654059027
16.4851   8.30822   0.2001570073717134
17.9047   8.28687   0.20458241957704862
18.6339   9.50584   0.20896275385819407
20.0534   9.48616   0.2123199569046696
20.7812   10.7061   0.2157315461401051
22.2007   10.6883   0.21791076155160669
22.9269   11.9094   0.22011506082047239
24.3463   11.8935   0.2209902486536471
25.0709   13.1157   0.22206622885977165
7.83273   1.0758   0.15763952930658015
9.25242   1.05023   0.16185937878294332
9.98586   2.26642   0.1656492514320567
11.4055   2.24188   0.1706471860301269
12.1384   3.45849   0.17534827743664985
13.558   3.43492   0.18066781229649137
14.2903   4.65195   0.1857954415479569
15.7099   4.62946   0.19091837418121965
16.4414   5.84698   0.19607980033649675
17.861   5.82583   0.2004963550790899
18.5917   7.04398   0.20533528703074871
20.0113   7.02447   0.2087219684173181
20.7408   8.24346   0.21291310809811637
22.1603   8.22584   0.21489237678428758
22.8884   9.44582   0.218217896607956
24.3079   9.43019   0.21884949074649568
25.0345   10.6513   0.22109531881068822
26.4539   10.6376   0.22028456595957932
12.0916   0.998663   0.1733617940868186
13.5113   0.975211   0.1786391500231696
14.2444   2.19181   0.18315582136530661
15.664   2.16948   0.18829020818938
16.3965   3.3865   0.19316337359862168
17.8161   3.36551   0.1976202914682595
18.548   4.58303   0.2024779336125299
19.9676   4.56367   0.20582732593122938
20.6985   5.78187   0.210350594246844
22.1181   5.76441   0.21228089433578437
22.8479   6.98344   0.216257369816615
24.2674   6.96802   0.2166646674010317
24.9959   8.18803   0.21983822597537434
26.4153   8.17464   0.21868704602696462
27.1424   9.3957   0.22099936651492869
16.3508   0.926702   0.19174277202544207
17.7705   0.905783   0.19622630182776216
18.5031   2.12285   0.20075508088215502
19.9228   2.10359   0.20407289898465214
20.6548   3.32119   0.20859262906440437
22.0744   3.30385   0.21049885415365177
22.8056   4.52212   0.21472665158289045
24.2252   4.50686   0.21500520668114198
24.9553   5.72596   0.21874626876817943
26.3748   5.71281   0.21735584303165306
27.1036   6.93285   0.2203902277779128
28.5231   6.9217   0.2174245211561922
20.6102   0.861289   0.2079116482571397
22.0299   0.844009   0.20980261771722533
22.7621   2.06172   0.2139561751854809
24.1817   2.04658   0.21416454795320458
24.9131   3.26495   0.218104188176202
26.3326   3.25198   0.21656016808268339
27.063   4.47115   0.22000343747314569
28.4825   4.46027   0.21680133394423573
29.2118   5.68031   0.21968849400913099
24.8698   0.804881   0.21812488487332224
26.2895   0.792018   0.21655022421830963
27.021   2.01051   0.22013464061796464
28.4406   1.99982   0.216753345764259
29.1713   3.21905   0.2199391970522761
30.5908   3.21035   0.2149369882081734
29.1297   0.758856   0.2206058731856436
30.5493   0.750329   0.21546065557312333
31.2802   1.96963   0.2183934406066271
13.8781   23.1393   0.22070627539786994
11.7035   19.4753   0.21412762549470293
12.4264   20.6972   0.21433025917961318
13.8458   20.673   0.21881914907064307
14.5668   21.8961   0.21727038454423686
15.9861   21.873   0.2217417642213569
16.7053   23.0973   0.21851041165125332
18.1245   23.0755   0.22263802460496362
9.52042   15.8166   0.20032878599941675
10.2469   17.0364   0.2037264096772931
11.6665   17.0111   0.20837569435997155
12.3914   18.232   0.21029778886141637
13.8108   18.2076   0.21504476278208057
14.5339   19.4297   0.21531230805506563
15.9533   19.4065   0.21997406665332375
16.6744   20.6297   0.21852775567419197
18.0937   20.6078   0.22283298678606714
18.8131   21.8322   0.21984617349410326
20.2323   21.8119   0.22348507780162857
7.33077   12.162   0.1823316034043482
8.05994   13.3803   0.1875083542138867
9.47957   13.3542   0.19194816904571047
10.2076   14.5732   0.19648717515400443
11.6272   14.5479   0.201352526678957
12.3538   15.7678   0.2047203214143631
13.7734   15.7433   0.2097866535316313
14.4984   16.9643   0.21173060714029865
15.9179   16.941   0.21655451969423392
16.6411   18.1631   0.216959028390156
18.0605   18.1413   0.2212910526885345
18.7819   19.3646   0.2201382747275009
20.2012   19.3443   0.22377549016815837
20.9209   20.5688   0.2210597430560362
5.13636   8.51034   0.16460270350149253
5.86744   9.72761   0.16957449926212456
7.28709   9.70074   0.1734129724097952
8.01733   10.9185   0.17878312448326925
9.43696   10.8924   0.183355678668538
10.1663   12.1108   0.18854434491652275
11.5859   12.0854   0.19366455535280583
12.3141   13.3044   0.19821947432076464
13.7337   13.28   0.2033780715809851
14.4606   14.4999   0.20686311899418
15.8801   14.4767   0.2117687654022666
16.6054   15.6977   0.2139133703161186
18.0248   15.6759   0.21817447146721708
18.7483   16.8981   0.21883007105971727
20.1677   16.878   0.2223850039908255
20.8894   18.1013   0.22143461788979685
22.3088   18.0829   0.22417149685006865
2.93759   4.86147   0.15190091408546838
3.67054   6.07766   0.15509296728091815
5.0902   6.04997   0.1576248140363698
5.82227   7.26673   0.1618772142705707
7.2419   7.23987   0.16568253740210753
7.97315   8.45714   0.17070588449142798
9.39277   8.4311   0.17549264514503227
10.1233   9.64886   0.1808720663894791
11.5429   9.62364   0.18611287542779112
12.2725   10.8419   0.19135568975078857
13.6921   10.8176   0.19662751587710275
14.4206   12.0367   0.2011529020422031
15.8402   12.0135   0.206167237940463
16.5673   13.2335   0.20967186268071503
17.9869   13.2118   0.21400602795248552
18.7124   14.4328   0.21630628747218536
20.1319   14.4128   0.21977299652141064
20.8556   15.635   0.22044185174326583
22.2751   15.6168   0.22300426004899432
22.9971   16.8402   0.2222203636033397
0.734758   1.21514   0.14644842308813197
1.46927   2.43042   0.14743809412767275
2.88897   2.40198   0.14851000808026513
3.62286   3.61766   0.15069718842765464
5.04252   3.58996   0.15299295343250438
5.7756   4.80617   0.15628119048689296
7.19524   4.7794   0.1598588877729365
7.92751   5.99613   0.16427822679831972
9.34713   5.97028   0.16888078191434344
10.0787   7.18748   0.17407960822566176
11.4983   7.16248   0.1793136026630458
12.2291   8.38015   0.18469401614562578
13.6488   8.35608   0.19014323048691514
14.3787   9.57431   0.19528787571173045
15.7983   9.55136   0.20039746405581144
16.5272   10.7703   0.2049574590006425
17.9468   10.7488   0.20933399150639848
18.6742   11.9687   0.21284691682051593
20.0937   11.9489   0.2162410229350577
20.8196   13.1699   0.21853695339690385
22.239   13.152   0.22074258764452453
22.9632   14.3741   0.221736893637483
24.3826   14.3581   0.2227402298642974
-25.7613   45.8007   0.12914038872483058
-24.3392   45.7809   0.1293629004003873
-24.3523   43.333   0.1399694609548788
-23.6273   44.5528   0.14269653114213865
-22.2052   44.5325   0.14282510283559702
-21.4809   45.7527   0.1452916377497346
-20.059   45.7324   0.14542957058315228
-23.6407   42.1047   0.1533985658342375
-22.2186   42.0842   0.15319654043091402
-21.4937   43.304   0.15593976401162304
-20.0718   43.2833   0.1557652721244364
-19.3477   44.5037   0.15813668138670614
-17.9259   44.483   0.15801322729442602
-17.2029   45.7041   0.1595892540241974
-15.7813   45.6838   0.15940401500589593
-22.2331   39.6361   0.1633735902770085
-21.5075   40.8556   0.16636201489523056
-20.0856   40.8344   0.16578676062943085
-19.3608   42.0544   0.1685247162881455
-17.939   42.0331   0.16808634685779733
-17.2152   43.2538   0.1702250862828392
-15.7936   43.2327   0.1696172455854673
-15.071   44.4541   0.1709578018108557
-13.6495   44.4335   0.17030681137288775
-12.9282   45.6557   0.17057109954502958
-11.5069   45.6356   0.169712315404629
-21.5225   38.4072   0.17621109499688298
-20.1006   38.3858   0.17530422128403012
-19.3751   39.6053   0.1782309456856497
-17.9533   39.5836   0.17747219500530179
-17.2287   40.8037   0.18002238749666796
-15.807   40.782   0.17927255785535004
-15.0836   42.0029   0.1811243219449012
-13.6621   41.9815   0.18028582861667158
-12.94   43.2032   0.18105049019541652
-11.5187   43.1822   0.18011346423851865
-10.7979   44.4048   0.17969869226012683
-9.37681   44.3842   0.17850630493066738
-8.65722   45.6077   0.1769503289061651
-7.23633   45.5876   0.1754923519701073
-20.117   35.9373   0.18421126458498843
-19.3907   37.1564   0.1874806390004071
-17.9689   37.1343   0.1862320326904063
-17.2435   38.3539   0.1892517106924015
-15.8218   38.3316   0.18804305358082304
-15.0975   39.552   0.19052973521211766
-13.676   39.5298   0.18930491277301806
-12.953   40.751   0.19076191968000447
-11.5317   40.7292   0.1895608873159216
-10.8101   41.9513   0.18982376036734833
-9.38897   41.9298   0.18853029597388363
-8.66866   43.1528   0.18761238871673777
-7.24776   43.1318   0.186107204589183
-6.52874   44.3556   0.18390105519001343
-5.10802   44.3351   0.18220682780840075
-4.39023   45.5596   0.17875192306657958
-2.96965   45.5396   0.1770313520255661
-19.408   34.7075   0.19570577405891576
-17.9862   34.6852   0.19417718712557652
-17.2599   35.9043   0.197442675224988
-15.8382   35.8815   0.19595739332824688
-15.113   37.1013   0.19879001483978131
-13.6914   37.0785   0.19745933758624987
-12.9675   38.2991   0.19946393157661482
-11.5462   38.2765   0.19797866046622317
-10.8236   39.498   0.19901203481196764
-9.40247   39.4758   0.19751213152614228
-8.68129   40.6982   0.19732353154147547
-7.26039   40.6763   0.1957057150417429
-6.5406   41.8996   0.19416523478728112
-5.11988   41.8782   0.19248933191218767
-4.40142   43.1024   0.18963813566896356
-2.98086   43.0815   0.18792598569649768
-2.26366   44.3063   0.18375165332589546
-0.843238   44.286   0.18212296616297513
-0.127232   45.5116   0.17671895455779493
1.29306   45.4918   0.17524328803124065
-18.0053   32.2361   0.2011206105798226
-17.2781   33.4547   0.20462468081832505
-15.8564   33.4316   0.20280318044843312
-15.1302   34.6508   0.20605516251722522
-13.7087   34.6274   0.20425488978235085
-12.9836   35.8474   0.2069852651760537
-11.5623   35.8241   0.2052517722213375
-10.8387   37.045   0.20694216583384056
-9.41757   37.022   0.20525855792146627
-8.69541   38.2438   0.20582850167068786
-7.2745   38.2211   0.20410142086717672
-6.55381   39.4439   0.20336858680730488
-5.13309   39.4216   0.20163353416532653
-4.41382   40.6452   0.19949360917082118
-2.99328   40.6235   0.19779255825232725
-2.27537   41.8479   0.1942772132804052
-0.85497   41.8267   0.19270197300494946
-0.138357   43.0519   0.18783264759886678
1.28191   43.0313   0.186456815643731
1.99728   44.2572   0.1803442774251517
3.41742   44.2373   0.1791901783022725
4.13165   45.4639   0.1719281899515023
5.55167   45.4446   0.17100677062619415
-17.2983   31.005   0.21069572848066803
-15.8767   30.9817   0.20846855878045523
-15.1494   32.2003   0.21211857532993156
-13.728   32.1765   0.20990231061138848
-13.0018   33.3959   0.21314483338800422
-11.5805   33.372   0.2111492600034379
-10.8557   34.5922   0.21357179120848307
-9.43462   34.5685   0.21155344218423872
-8.71134   35.7896   0.2129435908873519
-7.29043   35.7662   0.2110804067174409
-6.56869   36.9883   0.21114232853693712
-5.14797   36.9653   0.20937896957431126
-4.42775   38.1883   0.2080489415978849
-3.00721   38.1657   0.20640284615285803
-2.28845   39.3896   0.2036000491159082
-0.868075   39.3676   0.2021275513753636
-0.150714   40.5923   0.19794624107570247
1.26952   40.5708   0.19667422937436485
1.98554   41.7964   0.19111600246970467
3.40564   41.7755   0.19011728380134263
4.1204   43.0018   0.18327459071022412
5.54038   42.9817   0.1825504313881511
6.25397   44.2087   0.17451160419869
7.67382   44.1892   0.17405299451603826
-15.8993   28.5317   0.21272218972171125
-15.171   29.7498   0.2165624852092366
-13.7496   29.7257   0.21404553253922373
-13.0223   30.9444   0.2177163521649235
-11.601   30.92   0.21536524789296954
-10.875   32.1395   0.21845718115914597
-9.45394   32.1151   0.2161968605229982
-8.72942   33.3356   0.218407545886128
-7.30852   33.3115   0.21635756723535338
-6.58558   34.5329   0.21736261155037745
-5.16488   34.5091   0.21547948858302077
-4.44353   35.7315   0.21507518894563357
-3.02301   35.7081   0.2134154373516597
-2.30323   36.9314   0.21153230226138045
-0.882883   36.9086   0.21007798782595033
-0.164618   38.1328   0.20670314784492286
1.25558   38.1105   0.20554817561827177
1.97239   39.3355   0.20072117576379434
3.39246   39.3138   0.19987153974490657
4.10789   40.5397   0.19363420901276776
5.52782   40.5187   0.19310817279442175
6.24198   41.7453   0.1855350090953185
7.66178   41.725   0.18531420236992063
8.37474   42.9523   0.17652736360122606
-15.1952   27.2989   0.2194260467674698
-13.7738   27.2746   0.2165114546623346
-13.0454   28.4928   0.2206289872160957
-11.6242   28.468   0.2178130620509247
-10.8969   29.6868   0.2215842277780622
-9.47587   29.6619   0.21901922038944413
-8.75002   30.8816   0.2219789785092286
-7.32914   30.8569   0.21976108413456732
-6.60487   32.0776   0.22167303038484348
-5.18418   32.0531   0.21968971869434423
-4.46156   33.2748   0.2202621492676401
-3.04106   33.2507   0.2185813935356805
-2.32009   34.4733   0.21768282545942988
-0.899762   34.4497   0.21630249689728553
-0.18042   35.6733   0.21388600754841403
1.23975   35.6502   0.2128281409964389
1.95752   36.8747   0.20885213070495623
3.37754   36.8522   0.20818634081034226
4.09382   38.0775   0.20269699677104236
5.5137   38.0557   0.20237082299580664
6.22857   39.2819   0.19545480321547573
7.64832   39.2607   0.19548511554591594
8.36187   40.4876   0.1871969179767661
9.78149   40.4671   0.18748249624964947
-13.8008   24.8233   0.21743983075784545
-13.0713   26.0409   0.22159176428739408
-11.6502   26.0158   0.21853038690305843
-10.9217   27.234   0.22263130956808533
-9.50069   27.2087   0.2198317586246369
-8.77347   28.4277   0.2235150842784457
-7.35262   28.4024   0.22105669521640944
-6.62692   29.6223   0.22383915854916936
-5.20626   29.5972   0.22172979524637784
-4.48222   30.8181   0.22334115809675742
-3.06174   30.7934   0.22159812815093996
-2.33942   32.0153   0.22180324975076565
-0.919114   31.991   0.22048271613893014
-0.19851   33.2138   0.21912764276558125
1.22163   33.19   0.21821289169066171
1.94054   34.4138   0.2152213606963769
3.36053   34.3906   0.21473453471670598
4.07782   35.6153   0.21017291000507307
5.49767   35.5927   0.21008315115687048
6.21342   36.8183   0.20395635415451022
7.63312   36.7963   0.20429243647281653
8.34743   38.0228   0.196667725110146
9.76699   38.0015   0.1972908434266527
10.48   39.2287   0.1883780772807716
-13.1002   23.5885   0.22066658106745796
-11.6792   23.5633   0.217263963878044
-10.9495   24.7809   0.22171026137732167
-9.5286   24.7553   0.2186024711662687
-8.80003   25.9735   0.2228588658770411
-7.37925   25.9479   0.2201343746442157
-6.65208   27.167   0.22377578622362257
-5.23146   27.1414   0.22146465293585751
-4.5059   28.3615   0.2241118401602207
-3.08545   28.3362   0.22230640926433196
-2.36162   29.5572   0.22363133970890625
-0.94134   29.5323   0.222341853010179
-0.219296   30.7544   0.2221421405879586
1.20082   30.7299   0.22135231772222386
1.92107   31.953   0.21953025782338106
3.34102   31.929   0.21924016534385354
4.05953   33.1531   0.2157635038647638
5.47933   33.1297   0.2159357737847075
6.19617   34.3547   0.2107973016905104
7.61582   34.3319   0.21142530595933987
8.33108   35.5579   0.20466335871376778
9.75058   35.5357   0.20567245221467997
10.4644   36.7625   0.1974420927765893
11.8837   36.741   0.1987097883849708
-8.82985   23.5191   0.21997350954149064
-7.40916   23.4932   0.21697737209211626
-6.68057   24.7115   0.22129880727197743
-5.26   24.6855   0.21885086611663357
-4.53289   25.9047   0.22237237328409268
-3.11248   25.879   0.22049430128690428
-2.38705   27.0992   0.22296214118096366
-0.966798   27.0738   0.22170481344346177
-0.243165   28.2949   0.22275386551303686
1.17692   28.2699   0.22204538690096773
1.8987   29.4921   0.22152275639310842
3.31862   29.4675   0.2214237466939808
4.03855   30.6908   0.21920221258007436
5.45832   30.6667   0.2196556452723216
6.17645   31.891   0.215665528075305
7.59606   31.8675   0.21663273552258883
8.31247   33.0928   0.2109528060965298
9.73194   33.0699   0.2123441678031216
10.4467   34.2961   0.204966216728514
11.8661   34.2738   0.2068160051833509
12.5794   35.5009   0.1979763874809305
-4.56334   23.4479   0.2181866366210362
-3.14298   23.4218   0.21625130774171078
-2.41594   24.6411   0.2197239970963571
-0.995721   24.6152   0.21849189175115863
-0.270419   25.8355   0.22076770176817087
1.14964   25.81   0.22018805740775368
1.87308   27.0313   0.2210081998478796
3.29299   27.0061   0.22109279703328313
4.01452   28.2285   0.2202727363974045
5.43427   28.2038   0.22100559382060916
6.1539   29.4273   0.21836006983878734
7.57349   29.4031   0.21969064522641985
8.29127   30.6276   0.21526859408655177
9.71071   30.604   0.21708569828526342
10.4267   31.8296   0.21090239448617018
11.846   31.8066   0.21317835255954196
12.5604   33.0331   0.20536284961014714
13.9796   33.0108   0.20797588802551045
-0.30119   23.3761   0.21621613520040603
1.11885   23.3501   0.21576030042850847
1.84401   24.5705   0.2179223476378693
3.2639   24.5449   0.2182136805977128
3.98716   25.7663   0.21883432089139912
5.4069   25.7411   0.21984293575186822
6.12821   26.9637   0.2186852589910898
7.5478   26.9389   0.22038167823120008
8.26717   28.1626   0.21740995837357496
9.6866   28.1383   0.21967907979596016
10.4041   29.3631   0.21489078621476615
11.8234   29.3395   0.2176180828883476
12.5391   30.5653   0.21105695913662756
13.9583   30.5424   0.21417156674031254
14.6724   31.7692   0.20597987765798895
3.95637   23.3043   0.21488474236204058
5.37611   23.2786   0.21626451142062136
6.09922   24.5002   0.21666312561208947
7.51881   24.4749   0.21873443464621728
8.23994   25.6976   0.2173522955940445
9.6594   25.6729   0.21999664201982777
10.3786   26.8967   0.2168852922629846
11.7979   26.8726   0.21991593848559574
12.5152   28.0976   0.2150026278909187
13.9343   28.0743   0.2183108563493805
14.6499   29.3003   0.21167602603979704
16.069   29.2778   0.21528418427743207
8.20952   23.233   0.21500478971409004
9.62901   23.2078   0.21810737745431702
10.35   24.4307   0.21655606664325944
11.7694   24.4062   0.22013634411428032
12.4884   25.6302   0.21674558819039552
13.9077   25.6065   0.22065559136355586
14.6248   26.8316   0.2154296404861679
12.4588   23.1633   0.2165966297060062
16.044   26.8089   0.2194376676872056
16.7595   28.0351   0.21266823928363118
14.5972   24.3635   0.2173678449081219
16.0164   24.3405   0.22158418264849405
16.7336   25.5658   0.21647110661702823
18.1527   25.544   0.22054453065084223
18.8419   24.3008   0.21788981160210227
-32.1313   56.8833   0.06978982733894738
-30.7091   56.8647   0.0702665638835445
-29.9851   58.0851   0.07088935039905646
-28.563   58.0668   0.0717175710687435
-27.8394   59.2875   0.07237637736167953
-26.4173   59.2698   0.07347257991931419
-25.6944   60.491   0.07388511352092633
-24.2725   60.4742   0.07503745731299853
-23.5502   61.696   0.07518842996100013
-22.1285   61.6801   0.07620931701570514
-21.407   62.9024   0.07603874012633316
-19.9854   62.8875   0.07681926841619992
-19.2646   64.1105   0.07630235907231254
-17.8432   64.0963   0.07671375365604102
-17.1231   65.3199   0.07586955911299076
-15.7018   65.3065   0.0757387615425555
-14.9823   66.5305   0.07471880620031267
-13.5611   66.5178   0.0742189328945148
-12.8422   67.7423   0.07288518367953731
-11.4211   67.7302   0.07188769018406847
-10.7026   68.9551   0.0705811589590313
-9.2816   68.9436   0.06907957440517212
-30.7203   54.4171   0.07499713327854575
-29.9961   55.6373   0.07621010431694837
-28.5739   55.6187   0.07704342931100785
-27.8501   56.8392   0.07818938546887345
-26.428   56.821   0.07925061513956838
-25.7048   58.0419   0.08011778828699836
-24.2828   58.0244   0.0813212149441968
-23.5603   59.2459   0.08183892716794514
-22.1385   59.2292   0.08300674671374754
-21.4168   60.4514   0.08300445771162078
-19.9952   60.4355   0.08402225895559219
-19.2743   61.6584   0.08347508610358051
-17.8528   61.6433   0.08418776633217195
-17.1327   62.8668   0.08315990620485605
-15.7113   62.8525   0.0834578935751459
-14.9919   64.0764   0.08200810935511148
-13.5707   64.0629   0.08176723060004185
-12.8519   65.2873   0.08005223294824604
-11.4307   65.2743   0.07941668590416212
-10.7125   66.4992   0.07741563149648682
-9.2915   66.4868   0.07623301187806014
-8.57378   67.7121   0.07421272397641847
-7.15286   67.7002   0.07263460883077881
-6.43563   68.9259   0.07065608890959088
-30.0072   53.1897   0.08362840426553726
-28.5851   53.1708   0.08425989556129301
-27.861   54.3912   0.08594562234343464
-26.4389   54.3725   0.08690120827698566
-25.7153   55.5932   0.08830005662512398
-24.2934   55.575   0.0894219771644559
-23.5705   56.7963   0.09036061088771193
-22.1487   56.7788   0.09150005464479243
-21.4267   58.0007   0.09184339932733278
-20.005   57.984   0.0928910652323481
-19.2839   59.2066   0.09258234172886448
-17.8624   59.1907   0.09326505240442405
-17.1421   60.4139   0.09245696296115521
-15.7207   60.3988   0.09278243368224548
-15.0012   61.6226   0.09135392711865162
-13.5799   61.6081   0.09133334549878257
-12.8612   62.8325   0.0892472408537081
-11.44   62.8185   0.08884447084653128
-10.7219   64.0434   0.08642615344905852
-9.3009   64.03   0.08547701971875368
-8.58337   65.2554   0.08275024108726482
-7.16246   65.2425   0.08139758534501813
-6.44547   66.4682   0.07858085581107072
-5.02466   66.4559   0.07688123047922847
-28.5965   50.7232   0.09296784390314854
-27.8722   51.9433   0.09490252894417561
-26.4501   51.9243   0.09573599114230927
-25.7262   53.1448   0.09753425039441477
-24.3042   53.126   0.09852989394087293
-23.581   54.347   0.09986330657453936
-22.1591   54.3288   0.10102341312784975
-21.4367   55.5504   0.10174350102095145
-20.015   55.5329   0.10275645965096256
-19.2935   56.7552   0.10286889714583225
-17.872   56.7384   0.10358223785958993
-17.1514   57.9614   0.1029239039290705
-15.73   57.9453   0.10342968626076376
-15.0104   59.169   0.10193493022512154
-13.5891   59.1536   0.10202872144646478
-12.8702   60.3778   0.09995649053463374
-11.4491   60.363   0.09958890500452454
-10.731   61.5878   0.09686118933814526
-9.30997   61.5735   0.09601150972670029
-8.59252   62.7987   0.09294006079189022
-7.17162   62.785   0.09169581506263128
-6.45479   64.0107   0.0882789895728325
-5.03399   63.9974   0.08665652254735409
-4.31775   65.2235   0.08315285262695367
-27.8837   49.4956   0.10496766168683042
-26.4616   49.4763   0.10552293589547422
-25.7374   50.6966   0.1077024605104266
-24.3153   50.6774   0.10841720343192797
-23.5917   51.898   0.11027651608570499
-22.1698   51.8792   0.11113140870159173
-21.447   53.1004   0.11245892583517177
-20.0252   53.0821   0.11330405994491088
-19.3034   54.3041   0.11381427854184331
-17.8818   54.2865   0.11443085248306313
-17.1609   55.5092   0.11420634833493304
-15.7395   55.4922   0.11453894534174974
-15.0195   56.7156   0.11342733356647307
-13.5982   56.6993   0.11346060990493624
-12.8792   57.9234   0.1114794151401962
-11.4581   57.9077   0.11106691676642677
-10.7399   59.1323   0.10835907899202513
-9.31884   59.1171   0.1075400967081599
-8.60138   60.3423   0.10428107450539811
-7.18049   60.3276   0.10301255457467585
-6.46373   61.5532   0.0992442441655941
-5.04294   61.539   0.09771078190251072
-4.32683   62.7651   0.0935650041415057
-2.90614   62.7514   0.09173594497251393
-26.4736   47.0286   0.1158576281476533
-25.749   48.2486   0.1182888414010407
-24.327   48.229   0.11872834539401213
-23.6029   49.4494   0.12104565254481636
-22.181   49.4299   0.12162347635222451
-21.4577   50.6509   0.1233730116354478
-20.0359   50.6318   0.12400838681315131
-19.3136   51.8534   0.12499683996005685
-17.8919   51.835   0.12563220128613617
-17.1706   53.0573   0.12573503887143023
-15.7491   53.0395   0.12608064879274739
-15.0289   54.2626   0.12520067891189846
-13.6075   54.2454   0.1252864318272351
-12.8882   55.4692   0.12356743098405963
-11.4671   55.4526   0.12309870023684245
-10.7487   56.677   0.12050518661036971
-9.32766   56.6609   0.11965466977932977
-8.6101   57.8859   0.11629508330105878
-7.18921   57.8703   0.11506742588586948
-6.47243   59.0959   0.11106786033772399
-5.05165   59.0807   0.10951228241617582
-4.33559   60.3068   0.10501987621398365
-2.91492   60.2922   0.10321283301993081
-2.19955   61.5187   0.0984043500054754
-23.6147   47.001   0.13192865496168743
-22.1927   46.9811   0.13226220170555314
-21.469   48.2016   0.13430539825338175
-20.0471   48.1819   0.1347997774478883
-19.3243   49.4031   0.13621828071151335
-17.9026   49.3839   0.13656719957588775
-17.1807   50.6059   0.13726157510388626
-15.7592   50.5872   0.1374395867281344
-15.0385   51.81   0.13706790288028667
-13.6172   51.7919   0.13696079731076274
-12.8975   53.0154   0.13558207846171963
-11.4763   52.9979   0.135125497223877
-10.7576   54.222   0.13280154366572808
-9.3366   54.205   0.1319131532486437
-8.61883   55.4298   0.1287420370353065
-7.19795   55.4133   0.12743140311556075
-6.48104   56.6387   0.12342810214857906
-5.06028   56.6226   0.12184445863477107
-4.34418   57.8486   0.11715775219762675
-2.92352   57.833   0.11535346938865892
-2.20817   59.0594   0.11016777024157424
-0.787618   59.0444   0.10824271563943733
-19.3356   46.9532   0.14733315987923568
-17.9138   46.9332   0.14752965803525922
-17.1914   48.1548   0.14868520437487928
-15.7699   48.1353   0.14862479604696055
-15.0486   49.3576   0.14880073924547532
-13.6272   49.3387   0.1486028599993959
-12.9071   50.5618   0.14771658674637828
-11.4859   50.5434   0.14713211749988434
-10.7668   51.7673   0.14521463424875677
-9.3458   51.7494   0.1441924495249309
-8.62774   52.9739   0.14122326437241234
-7.20685   52.9565   0.13991378095098475
-6.48973   54.1817   0.1359959738374648
-5.06898   54.1647   0.13442310664465507
-4.35274   55.3905   0.12972627374591597
-2.9321   55.374   0.12788429497010312
-2.21669   56.6003   0.12251525456040194
-0.796158   56.5844   0.12056481617785511
-0.081531   57.8112   0.1146665785004523
-15.0594   46.9057   0.16010415360008814
-13.638   46.8859   0.15970629292548214
-12.9173   48.1086   0.15929309464004054
-11.496   48.0893   0.1587089789520434
-10.7765   49.3128   0.1571829825394589
-9.35544   49.294   0.1561600861295892
-8.63698   50.5182   0.15356109175178573
-7.21609   50.4999   0.15220105124472774
-6.49866   51.7248   0.14856611861390312
-5.07791   51.707   0.14696695172725158
-4.36144   52.9325   0.14238748400052773
-2.94082   52.9152   0.14057742919828908
-2.22526   54.1413   0.13510844866254712
-0.804747   54.1245   0.1332605964867343
-0.0900376   55.3511   0.12710471463309403
1.33037   55.3349   0.12521973326916172
-10.7868   46.8587   0.16877316137348525
-9.36571   46.839   0.16763400728969097
-8.64674   48.0628   0.16553535000114147
-7.22585   48.0436   0.16412768931536237
-6.508   49.2682   0.16089469382176774
-5.08727   49.2495   0.15921074869493024
-4.37046   50.4747   0.15490449444738552
-2.94986   50.4565   0.1530982808525301
-2.23404   51.6824   0.1478225287295557
-0.813557   51.6646   0.1459884398300086
-0.0986741   52.8911   0.1398106405550384
1.32171   52.874   0.138006037549088
2.03571   54.101   0.1310999298245438
-6.51796   46.8118   0.1727403511053508
-5.09723   46.7922   0.17105988892782617
-4.37999   48.0171   0.16711249534370579
-2.9594   47.9979   0.16532753430690336
-2.24323   49.2236   0.1602986041735861
-0.822771   49.205   0.15850097340079755
-0.107619   50.4312   0.15248047985234037
1.31273   50.4132   0.15076034093885599
2.02693   51.64   0.14382757037508587
3.44717   51.6227   0.14226198508385823
-2.25303   46.7649   0.17235416473065054
-0.832589   46.7454   0.1706505591669716
-0.117067   47.9714   0.1648671171095079
1.30326   47.9525   0.16325980399351242
2.01774   49.1791   0.15645287629187316
3.43795   49.1608   0.15500806301609016
4.15146   50.388   0.14731467306415882
2.00793   46.7181   0.1686885357693285
3.42811   46.699   0.16742614043213316
4.14192   47.926   0.15982219151294424
5.56199   47.9076   0.15873507614890947
6.26483   46.6719   0.16266356199223
-39.2154   69.192   0.11554207026015137
-38.5028   67.9643   0.10270876301465529
-37.0807   67.9455   0.10243163573818384
-36.356   69.1654   0.10043336099125706
-34.9338   69.1474   0.10022709214578505
-37.0925   65.4978   0.09245674664404263
-36.368   66.7179   0.09054385677670344
-34.9458   66.6995   0.09030542619355293
-34.2214   67.9197   0.08873860490225997
-32.7993   67.9021   0.08869977452057164
-32.0752   69.1226   0.08769920182076954
-30.6531   69.1062   0.08748965653149623
-36.3796   64.2703   0.0819803025122503
-34.9574   64.2518   0.08162658880536407
-34.233   65.4719   0.08008870082602065
-32.8109   65.454   0.08004167664411144
-32.0868   66.6744   0.07902689415635347
-30.6647   66.6573   0.07914827856624583
-29.9411   67.8781   0.07857645957919254
-28.5191   67.8622   0.07859980916007646
-27.796   69.0835   0.07842123436927112
-26.3742   69.0688   0.0781747401658614
-34.9687   61.8042   0.07457385600865672
-34.2444   63.0243   0.07340885505169335
-32.8222   63.006   0.07340463200643588
-32.0981   64.2264   0.07246999379053495
-30.676   64.2088   0.07277430865354047
-29.9523   65.4295   0.07211005477740397
-28.5303   65.4129   0.07250027586154871
-27.8072   66.634   0.07228948747916199
-26.3853   66.6185   0.07258222923003209
-25.6627   67.8402   0.07255025844199885
-24.241   67.8258   0.07252330659863564
-23.5191   69.0481   0.07271004057212198
-22.0974   69.0347   0.07237720635670264
-34.2556   60.5768   0.06910709080840062
-32.8334   60.5583   0.06907105037568324
-32.1093   61.7786   0.06852328071538848
-30.6871   61.7605   0.06901173813200343
-29.9633   62.9811   0.06855406625430897
-28.5413   62.9638   0.06924998194945685
-27.818   64.1849   0.06903636722771853
-26.3961   64.1686   0.06974302832542081
-25.6735   65.3901   0.06969368694508694
-24.2517   65.3749   0.0702659234622365
-23.5297   66.597   0.07031116554289174
-22.1081   66.5828   0.07051255207408007
-21.3867   67.8055   0.070468503602679
-19.9652   67.7923   0.07026250778331138
-19.2445   69.0155   0.07023218635354647
-17.823   69.0031   0.0695440148395258
-32.8445   58.1107   0.0675613795004242
-32.1203   59.3309   0.06767370242568671
-30.6981   59.3125   0.06810330388461419
-29.9742   60.533   0.06823356945082283
-28.5521   60.5152   0.0689715158598106
-27.8287   61.736   0.06913739943041272
-26.4067   61.719   0.07008130991926528
-25.684   62.9404   0.07023296946591784
-24.2621   62.9243   0.07117485511049614
-23.54   64.1463   0.0711715533060821
-22.1184   64.1313   0.0718437888755895
-21.397   65.3538   0.07169581577748653
-19.9754   65.3397   0.07205060721465813
-19.2547   66.5628   0.07168130858181102
-17.8333   66.5496   0.07163721100098672
-17.1132   67.7732   0.07113606680158667
-15.6919   67.7607   0.07057407456000095
-14.9723   68.9848   0.07000535693788042
-13.5511   68.973   0.06894534066925853
-8.56362   70.1689   0.06787964054118414
-7.14269   70.1579   0.06591435731311096
-51.8891   91.3923   0.2205819575577225
-51.1589   92.6095   0.21676791736786433
-49.7377   92.5863   0.2199810219087144
-51.1867   90.1586   0.2154567473995634
-49.7653   90.1353   0.2183608252411603
-49.0355   91.3526   0.2149442020618399
-47.6141   91.3308   0.21759866727533117
-46.884   92.5481   0.21487321843356696
-45.4626   92.5281   0.21711167633271733
-49.7903   87.6848   0.21532461540659878
-49.0613   88.9026   0.21164276505469884
-47.6397   88.8804   0.21410992503852258
-46.9104   90.098   0.21111920803186135
-45.4888   90.0776   0.21315506092982275
-44.7593   91.2953   0.21096788855179147
-43.3378   91.2768   0.21243799095266433
-42.6082   92.4947   0.21096625322548962
-41.1867   92.4784   0.21142949179336779
-49.0847   86.453   0.2070127290772245
-47.663   86.4307   0.20923701871322498
-46.9344   87.6486   0.20594742047425066
-45.5127   87.6278   0.20789896584640066
-44.7838   88.8457   0.20537660528892557
-43.3622   88.8267   0.20685267704335
-42.6332   90.0447   0.20507547391143566
-41.2116   90.0278   0.20568952331122053
-40.4827   91.246   0.20473087212241314
-39.0611   91.2312   0.2043003915806365
-38.3322   92.4497   0.2039503370921385
-36.9108   92.437   0.202399061262643
-47.6841   83.9814   0.20303034255992683
-46.9563   85.1997   0.1997178259445039
-45.5345   85.1785   0.20146438891278184
-44.8062   86.3967   0.19863436258613837
-43.3845   86.3771   0.200101499244757
-42.6561   87.5954   0.19792892663782033
-41.2344   87.5778   0.19872118659066607
-40.506   88.7962   0.19737200916037126
-39.0844   88.7807   0.19726150156581537
-38.3561   89.9994   0.19666868078064867
-36.9345   89.9859   0.19540460588225939
-36.2063   91.2048   0.19548698166373854
-34.7848   91.1933   0.19310603304920565
-34.0567   92.4125   0.19363049863077206
-32.6353   92.4027   0.19020249735480158
-46.9761   82.751   0.19251007765828868
-45.5542   82.7297   0.19387397968783904
-44.8267   83.9481   0.19100709410909772
-43.4048   83.9281   0.19228356664052923
-42.6771   85.1466   0.18994170158235357
-41.2552   85.1284   0.190688017452594
-40.5275   86.347   0.1891322553135833
-39.1057   86.3307   0.1892351711495572
-38.378   87.5496   0.1883298701746447
-36.9563   87.5353   0.18744316471932967
-36.2287   88.7545   0.18716850696632653
-34.8071   88.7421   0.18531305944266185
-34.0796   89.9615   0.18553223439606842
-32.6581   89.9509   0.18258633574284558
-31.9307   91.1706   0.18327124706293269
-30.5092   91.1617   0.17913079020648626
-29.7819   92.3816   0.18036745826228617
-28.3606   92.3741   0.17524485727119404
-45.5722   80.2811   0.1853785856025541
-44.8453   81.4999   0.18233995722277105
-43.4234   81.4796   0.18345683415997174
-42.6963   82.6982   0.18096593602112138
-41.2743   82.6795   0.18168216753439942
-40.5471   83.8983   0.17979646826342247
-39.1252   83.8813   0.18012667764659926
-38.3981   85.1003   0.17900421782740258
-36.9763   85.0852   0.178523219778266
-36.2493   86.3046   0.17793363931533573
-34.8276   86.2913   0.17662601733605937
-34.1007   87.511   0.17648492853499817
-32.6791   87.4996   0.17406323563578563
-31.9523   88.7195   0.1744337983304843
-30.5308   88.7097   0.1710205250839845
-29.804   89.9298   0.17195961735245086
-28.3826   89.9215   0.1674071384380041
-27.656   91.1419   0.16871481855485512
-26.2347   91.135   0.16328349579794443
-25.5082   92.3556   0.1648756501124493
-24.087   92.3499   0.1585504651522625
-44.8624   79.0518   0.17314080974744164
-43.4404   79.0313   0.17399534476530693
-42.7138   80.2502   0.1712898420806033
-41.2918   80.231   0.17193562748890368
-40.5651   81.4499   0.16991353683565114
-39.1432   81.4323   0.17024320838142065
-38.4165   82.6515   0.16886029728743235
-36.9946   82.6356   0.1685730108884635
-36.2682   83.8551   0.16792977699027295
-34.8464   83.8411   0.16684271035919226
-34.12   85.0609   0.1665740075762078
-32.6983   85.0486   0.16462861233699583
-31.9722   86.2687   0.16491224939343463
-30.5505   86.258   0.16195619778199669
-29.8245   87.4784   0.16271410510463452
-28.403   87.4693   0.1586924383831845
-27.677   88.6899   0.159832224535605
-26.2556   88.6821   0.1550343832831932
-25.5297   89.9029   0.15647686729992893
-24.1084   89.8964   0.150770885783693
-23.3826   91.1175   0.15241610807259504
-21.9615   91.1121   0.1459855472298576
-21.2359   92.3334   0.14787609678376726
-43.456   76.5832   0.16392428130085132
-42.73   77.8024   0.16108094238611928
-41.308   77.7828   0.1617440261648052
-40.5817   79.0019   0.15931004362562373
-39.1597   78.9837   0.15974670575633537
-38.4335   80.203   0.15809190365100367
-37.0115   80.1864   0.15800360755374737
-36.2855   81.406   0.15714913299155725
-34.8636   81.3912   0.1563747102315426
-34.1378   82.6111   0.15603159936371913
-32.716   82.598   0.15447850983227893
-31.9904   83.8183   0.15459020020687655
-30.5687   83.8068   0.1521147593101993
-29.8432   85.0273   0.15277002323754416
-28.4216   85.0173   0.14939829316294143
-27.6963   86.2382   0.15025385186410223
-26.2748   86.2295   0.14608316124728105
-25.5495   87.4506   0.14728866215700412
-24.1282   87.4432   0.14228636617750917
-23.403   88.6645   0.14379179392440983
-21.9817   88.6582   0.13799083302886966
-21.2567   89.8798   0.13980579387135295
-19.8356   89.8746   0.13328600826793113
-42.745   75.3546   0.15071204331439245
-41.3229   75.3348   0.1509773824120611
-40.5971   76.5542   0.14849410762721021
-39.175   76.5355   0.1487094482539694
-38.4492   77.7549   0.14692596775247035
-37.0272   77.7377   0.1469287242168755
-36.3015   78.9574   0.1457050102089755
-34.8796   78.9417   0.14531799613262814
-34.1542   80.1618   0.14473444648735492
-32.7323   80.1478   0.14361135052633905
-32.0071   81.3682   0.143534629967821
-30.5854   81.3558   0.14166273327872989
-29.8605   82.5766   0.14210158338316195
-28.4388   82.5657   0.1392886930084379
-27.714   83.7867   0.14007233845410155
-26.2925   83.7772   0.13649692304224323
-25.5678   84.9985   0.13751996218731138
-24.1464   84.9902   0.13318535955577113
-23.4219   86.2118   0.13448888429903944
-22.0005   86.2046   0.12941101189620108
-21.2761   87.4264   0.13108390442765633
-19.8549   87.4203   0.12527286218491748
-19.1306   88.6423   0.12706691150728286
-41.3368   72.887   0.14007208858298842
-40.6114   74.1065   0.13753624976711132
-39.1893   74.0875   0.13761834906726478
-38.4638   75.3071   0.13552999667969998
-37.0418   75.2892   0.13566834560795557
-36.3164   76.509   0.13416799171188845
-34.8944   76.4926   0.13393229632915463
-34.1693   77.7127   0.13315198083393534
-32.7474   77.6979   0.13237152261720575
-32.0226   78.9184   0.13215494693729707
-30.6008   78.9052   0.13067811599499557
-29.8763   80.1261   0.13100339690252952
-28.4546   80.1143   0.12878342284626104
-27.7304   81.3355   0.12946034141774823
-26.3087   81.3251   0.12636775696355299
-25.5847   82.5466   0.12738029674954135
-24.1632   82.5375   0.12353562239289691
-23.4392   83.7592   0.12480745170059886
-22.0178   83.7512   0.12029039861934657
-21.294   84.9732   0.12191903050795594
-19.8727   84.9662   0.11671902158602845
-19.1491   86.1884   0.11855580964254551
-17.7279   86.1824   0.11269645069832956
-40.6248   71.6589   0.12653675355405614
-39.2027   71.6397   0.12644322836752028
-38.4775   72.8594   0.12420776948323202
-37.0554   72.8411   0.1241963364999174
-36.3303   74.0609   0.1224811822281297
-34.9083   74.0439   0.1223861511773269
-34.1834   75.2641   0.121249206182964
-32.7615   75.2485   0.12088014725337885
-32.037   76.469   0.12053854155415024
-30.6151   76.4549   0.11948347166031227
-29.891   77.6759   0.11959590293985609
-28.4692   77.6632   0.11796478288031872
-27.7454   78.8846   0.11836832346535912
-26.3237   78.8733   0.11596771102336992
-25.6002   80.095   0.11679015369456404
-24.1786   80.0849   0.11367079660141428
-23.4552   81.3069   0.11488759724183456
-22.0338   81.298   0.11092213485143163
-21.3106   82.5202   0.1124769309680876
-19.8892   82.5123   0.10791144517612461
-19.1661   83.7348   0.10958786429162759
-17.7449   83.7278   0.10450196170407558
-17.022   84.9505   0.10636620703963758
-15.6008   84.9445   0.10062927009572675
-38.4905   70.4118   0.11325661128605104
-37.0683   70.3932   0.11303211932897898
-36.3435   71.6131   0.11121668040361386
-34.9214   71.5955   0.11105755264726795
-34.1967   72.8157   0.1097496697033733
-32.7747   72.7993   0.10955756477760853
-32.0504   74.0199   0.1089440682185088
-30.6285   74.005   0.10821409335202864
-29.9046   75.226   0.10820448234708689
-28.4828   75.2124   0.10706175787833934
-27.7593   76.4339   0.10736936248297735
-26.3376   76.4217   0.10553999241992994
-25.6144   77.6435   0.10623262210827954
-24.1928   77.6326   0.1036376861957118
-23.4699   78.8547   0.1047663113791902
-22.0484   78.8449   0.1014398836750127
-21.3258   80.0674   0.10283559694968754
-19.9044   80.0586   0.09897944231001159
-19.1819   81.2812   0.10059990059637654
-17.7606   81.2734   0.09611493120218334
-17.0382   82.4963   0.09789897854420543
-15.6171   82.4893   0.09291038693279002
-14.8949   83.7125   0.09492212597703459
-34.2093   70.3676   0.09868267325118614
-32.7873   70.3506   0.0986681812946786
-32.0631   71.5711   0.09781957881732542
-30.6411   71.5554   0.09742612585954201
-29.9174   72.7764   0.09721039039115544
-28.4955   72.762   0.09651051756155643
-27.7722   73.9835   0.09663844990477781
-26.3505   73.9704   0.09540235846141913
-25.6276   75.1923   0.09591511872483952
-24.206   75.1805   0.09397286842488276
-23.4835   76.4027   0.09499536830814669
-22.062   76.392   0.09233926575407275
-21.3398   77.6146   0.09357323335228573
-19.9184   77.6049   0.09041714439197815
-19.1964   78.8278   0.09181971465867439
-17.775   78.8191   0.08796277621812693
-17.0533   80.0422   0.08969397973109278
-15.632   80.0343   0.08535350022113894
-14.9104   81.2577   0.08723135904019996
-13.4893   81.2506   0.08241025421632991
-29.9295   70.3271   0.08707077580910708
-28.5076   70.3119   0.08680288013655782
-27.7844   71.5333   0.08675309792740157
-26.3626   71.5194   0.08605039221293198
-25.64   72.7413   0.08643251702918549
-24.2183   72.7286   0.08514446546899501
-23.4961   73.9509   0.0859142595847655
-22.0746   73.9394   0.08391680403828124
-21.3527   75.1621   0.08491607621646556
-19.9313   75.1515   0.08245107640291721
-19.2097   76.3745   0.08364000239119772
-17.7884   76.3649   0.0806233837047272
-17.0671   77.5882   0.08198926759033727
-15.6459   77.5794   0.07844424771771745
-14.9248   78.803   0.08006566055432275
-13.5037   78.7949   0.0760822581158092
-12.7828   80.0187   0.0778954427421835
-25.6516   70.2906   0.07837046637605986
-24.2299   70.277   0.07774991961410672
-23.5079   71.4994   0.07818478112779463
-22.0863   71.4869   0.07698954474471817
-21.3648   72.7097   0.07768397518149953
-19.9433   72.6982   0.07603301914300457
-19.2221   73.9214   0.0767871734080618
-17.8007   73.9108   0.0745714422550646
-17.0799   75.1343   0.07558690362754672
-15.6586   75.1245   0.07286700213403155
-14.9381   76.3483   0.074123882790915
-13.5169   76.3393   0.07090860314518162
-12.7966   77.5633   0.07231860065017946
-11.3755   77.5551   0.0685698184334774
-21.376   70.2575   0.0725803003576137
-19.9545   70.2451   0.07173067684053248
-19.2336   71.4683   0.07210589434990794
-17.8122   71.4569   0.07064240935868865
-17.0917   72.6804   0.07125875384821147
-15.6705   72.6698   0.06921018711144085
-14.9503   73.8937   0.07004205879327634
-13.5291   73.8838   0.06751310983801748
-12.8093   75.108   0.06841673771818643
-11.3882   75.0987   0.06547831702175068
-10.6686   76.3233   0.06653878568173516
-17.1028   70.2267   0.06959087583872417
-15.6815   70.2152   0.06833132517374622
-14.9617   71.4392   0.06847890186035299
-13.5405   71.4283   0.06678996930678492
-12.821   72.6527   0.06690784707342327
-11.3999   72.6425   0.06478433452618164
-10.6808   73.8672   0.06506681181677965
-9.2598   73.8576   0.06246968544822482
-12.8319   70.1975   0.06838084527117115
-11.4108   70.1863   0.06692630275160485
-10.6921   71.4111   0.06634613779264262
-9.27108   71.4006   0.06441621224505818
-8.55274   72.6257   0.06408550850231773
-65.6914   116.211   0.1464773361308864
-64.2717   116.183   0.14740016960641514
-64.3212   113.724   0.14848329872413527
-63.5865   114.939   0.14840276277752096
-62.1667   114.911   0.15064212558245332
-61.4322   116.127   0.15180909063689724
-60.0124   116.1   0.15515282788270524
-63.6353   112.48   0.15065805653863812
-62.2155   112.453   0.1527190230455941
-61.4809   113.668   0.15299026112795158
-60.0611   113.641   0.1563946610341936
-59.3266   114.857   0.15724938791613988
-57.9068   114.831   0.16168487869927461
-57.1728   116.047   0.16464167151727116
-55.753   116.022   0.16995575894919843
-62.2631   109.994   0.15792140450236808
-61.5288   111.21   0.15619631877864892
-60.1089   111.183   0.1597775015451117
-59.3744   112.398   0.1597915204258351
-57.9546   112.373   0.1637681898294051
-57.2203   113.588   0.1658568358555063
-55.8005   113.563   0.17113459615168541
-55.0665   114.779   0.17351221858993515
-53.6467   114.756   0.17848921536047882
-52.9132   115.972   0.1827308950342056
-51.4935   115.95   0.18769017022741988
-61.5754   108.752   0.1618598467811016
-60.1554   108.725   0.1656484228720644
-59.4213   109.941   0.16432175753685607
-58.0013   109.915   0.16888472399835058
-57.2671   111.13   0.16896452290348
-55.8472   111.105   0.174244339936761
-55.1132   112.321   0.17524340215825296
-53.6933   112.297   0.18077956189791375
-52.9596   113.513   0.1838388696658056
-51.5398   113.491   0.18871451984413065
-50.8063   114.707   0.19210999453438712
-49.3865   114.686   0.19662443896931142
-48.6534   115.903   0.20082094014319632
-47.2337   115.884   0.20403296302314097
-60.2004   106.268   0.17307420373932023
-59.4668   107.483   0.17093884871497142
-58.0468   107.457   0.1755125351648785
-57.313   108.673   0.17382143135988967
-55.893   108.647   0.17944737390109577
-55.1591   109.863   0.1798278621348823
-53.7391   109.839   0.18449926829122962
-53.0054   111.055   0.18633370602228225
-51.5855   111.033   0.19103991729479453
-50.8519   112.249   0.19328023696178467
-49.4321   112.228   0.1977507774953159
-48.6987   113.444   0.2018005203164765
-47.2789   113.425   0.20495933743062542
-46.5458   114.642   0.20813594115385448
-45.1261   114.625   0.20981622911491607
-44.3933   115.842   0.21441345573447373
-42.9736   115.827   0.21457353052043251
-59.5109   105.026   0.17890324200528523
-58.0908   105.0   0.1832138095231922
-57.3574   106.216   0.18047243556842743
-55.9373   106.19   0.18577742058711522
-55.2038   107.406   0.18497926910872695
-53.7837   107.382   0.18999181561320416
-53.0502   108.598   0.18994917741333095
-51.6302   108.575   0.1950832130143437
-50.8967   109.791   0.19626380206243188
-49.4768   109.77   0.20053092030907005
-48.7434   110.986   0.20357369672921263
-47.3235   110.967   0.2066431949036863
-46.5903   112.183   0.20983707965943407
-45.1704   112.166   0.21151231642625612
-44.4374   113.383   0.21542140097957527
-43.0176   113.368   0.21560032467508275
-42.2849   114.586   0.21825242266696393
-40.8651   114.573   0.21687307347848583
-40.1328   115.791   0.22085655978485144
-38.7131   115.78   0.21787932439770738
-58.1332   102.543   0.1918134771073202
-57.4003   103.759   0.18823825328556665
-55.9801   103.733   0.19319578152744432
-55.247   104.949   0.1913548797391918
-53.8268   104.925   0.1960565734679654
-53.0936   106.141   0.19494486400005248
-51.6734   106.117   0.2003773689816319
-50.9402   107.334   0.20055059212078474
-49.5201   107.312   0.2052632456140211
-48.787   108.529   0.20588176218403154
-47.3669   108.509   0.20958685550386844
-46.6339   109.726   0.21114251111512009
-45.2138   109.708   0.21358670370601804
-44.4808   110.925   0.21671448959402764
-43.0609   110.91   0.21697755644306377
-42.328   112.127   0.2198970213531863
-40.9081   112.114   0.21860590110972972
-40.1755   113.332   0.2220030630419392
-38.7557   113.321   0.21911661278871442
-38.0234   114.54   0.2210555812459747
-36.6037   114.531   0.21648533437625594
-35.872   115.75   0.2196800628186312
-34.4523   115.743   0.2133827078279845
-57.4415   101.303   0.19613918527412894
-56.0211   101.277   0.20062138470263022
-55.2884   102.493   0.1979395867430255
-53.8681   102.468   0.20281018219014338
-53.1353   103.685   0.2001648820347885
-51.715   103.661   0.20516461683243567
-50.9821   104.877   0.20508478734416644
-49.5619   104.855   0.20950775641965522
-48.829   106.072   0.2092159649739907
-47.4088   106.052   0.21267733776780126
-46.6759   107.269   0.2141690220363242
-45.2558   107.251   0.21657746881889403
-44.523   108.468   0.21815636593966267
-43.1028   108.452   0.21924114577332462
-42.3701   109.67   0.220692659597
-40.95   109.657   0.21943010276624117
-40.2174   110.874   0.2231955420701762
-38.7974   110.863   0.22036814651850534
-38.0649   112.081   0.22274546011086244
-36.645   112.073   0.21739836705918805
-35.913   113.291   0.22105983352929898
-34.4931   113.285   0.2139464652664284
-33.7615   114.503   0.21691837174383707
-56.0601   98.8216   0.2078471072687766
-55.328   100.038   0.20413439200683836
-53.9075   100.013   0.20862224234246152
-53.1751   101.229   0.20577572743159064
-51.7546   101.205   0.2103994534213495
-51.0221   102.422   0.20871341595595544
-49.6017   102.4   0.2127924105789462
-48.8692   103.616   0.21232788323722343
-47.4488   103.596   0.21556291425010404
-46.7162   104.813   0.2162138987206872
-45.2959   104.795   0.21850913024401902
-44.5633   106.012   0.21935797227362672
-43.143   105.996   0.22036528764758576
-42.4105   107.213   0.2220819668500852
-40.9902   107.2   0.22085228094814305
-40.2578   108.417   0.22409770190700287
-38.8376   108.406   0.22136966820230047
-38.1053   109.624   0.2233017017400431
-36.6852   109.615   0.21898707724430536
-35.9531   110.833   0.22220090008819357
-34.5331   110.827   0.21526469752377134
-33.8013   112.045   0.21788063245731465
-32.3814   112.04   0.21009726319016117
-55.3653   97.5835   0.2098126306970107
-53.9446   97.5582   0.213956841442383
-53.2127   98.7748   0.21053764508990214
-51.792   98.7507   0.21465775085004413
-51.06   99.9673   0.21236454506344077
-49.6393   99.9447   0.2163483533563387
-48.9072   101.161   0.21496646250055818
-47.4866   101.141   0.21788340918940902
-46.7544   102.358   0.21784274144437377
-45.3339   102.339   0.22063517398638216
-44.6017   103.556   0.22088956516775604
-43.1812   103.54   0.22181320970581284
-42.449   104.758   0.22291105849643403
-41.0285   104.744   0.2225281105838175
-40.2964   105.961   0.22441145247068475
-38.876   105.95   0.22172744530165667
-38.144   107.168   0.223287930708307
-36.7237   107.159   0.21908639848241723
-35.9918   108.377   0.22192577588013776
-34.5716   108.37   0.21606547618719973
-33.84   109.588   0.21835807747826835
-32.4199   109.583   0.21077990890974577
-31.6885   110.802   0.2132313297805911
-53.9792   95.1044   0.21818262992273021
-53.2479   96.3212   0.2141601503548198
-51.8271   96.297   0.21812817332935966
-51.0955   97.5137   0.21506245604475407
-49.6747   97.4909   0.2188371540666753
-48.9429   98.7077   0.216663125612089
-47.5221   98.6868   0.21984890265815724
-46.7904   99.9037   0.21899162084426535
-45.3696   99.885   0.22122705530743914
-44.6379   101.102   0.2209220903395631
-43.2171   101.086   0.2216024819355619
-42.4854   102.303   0.22301993184467236
-41.0647   102.289   0.22256785482184938
-40.333   103.506   0.22395696015082545
-38.9124   103.495   0.22129981924981457
-38.1808   104.713   0.2233782442405734
-36.7602   104.703   0.22005056237147147
-36.0287   105.921   0.2217744349558783
-34.6083   105.914   0.2159806935816233
-33.877   107.132   0.21807246502022748
-32.4567   107.126   0.21147969169639258
-31.7255   108.345   0.2137935920461588
-30.3054   108.341   0.2055012408721762
-53.2805   93.8685   0.2165981994384991
-51.8595   93.8442   0.2201435440797632
-51.1285   95.0611   0.21657926955274973
-49.7075   95.0382   0.22000968160515108
-48.9763   96.2551   0.2173165893345448
-47.5553   96.2339   0.22035693771696926
-46.824   97.4509   0.21862115634128168
-45.403   97.4318   0.2208981892184693
-44.6718   98.6489   0.2203319541056162
-43.2508   98.6321   0.22136386335624564
-42.5195   99.8495   0.22165006203472584
-41.0987   99.835   0.22157267430801275
-40.3674   101.053   0.2216350152841458
-38.9466   101.04   0.22066057645169912
-38.2154   102.258   0.22230609528306458
-36.7947   102.248   0.21907852473484787
-36.0636   103.466   0.22049126966844193
-34.6429   103.458   0.21565630062671962
-33.912   104.677   0.2166798790843277
-32.4915   104.67   0.21111371343425256
-31.7608   105.889   0.2133281509787281
-30.3404   105.885   0.20514828783101516
-29.6099   107.104   0.2066734864466162
-49.0072   93.8034   0.21685861753686506
-47.5859   93.7819   0.21965256656820958
-46.8552   94.999   0.2174224689400836
-45.434   94.9795   0.21964630659312592
-44.7033   96.1968   0.21840835606725856
-43.2821   96.1795   0.219578368697825
-42.5514   97.397   0.21922324238090893
-41.1303   97.382   0.21923717750417027
-40.3996   98.5997   0.21953828823237745
-38.9786   98.5869   0.2182409906502461
-38.2479   99.8049   0.21910657224282312
-36.8269   99.7942   0.2162975034529908
-36.0963   101.012   0.2179417353330956
-34.6755   101.004   0.21314298017996694
-33.945   102.222   0.21572540416001554
-32.5243   102.216   0.20932825896185173
-31.794   103.434   0.21146323557535804
-30.3734   103.429   0.20427917172340593
-29.6433   104.648   0.20581059253595999
-28.2229   104.645   0.19696273759267346
-44.7324   93.7456   0.21523916929778797
-43.3111   93.7278   0.2165886885319683
-42.5809   94.9454   0.2156380532280789
-41.1597   94.9298   0.21600495364690642
-40.4295   96.1477   0.2157236426542083
-39.0083   96.1343   0.21476065747710812
-38.2782   97.3524   0.2152530603731273
-36.857   97.3411   0.21283235186409694
-36.127   98.5595   0.21394964360802798
-34.7059   98.5502   0.21011546825495409
-33.976   99.7688   0.21159208397291251
-32.555   99.7613   0.20644188044096107
-31.8252   100.98   0.2081907778937356
-30.4044   100.974   0.20190822172461803
-29.6748   102.194   0.20350577387386234
-28.2542   102.189   0.19643912543075745
-27.5248   103.409   0.19735665684236672
-40.4572   93.6965   0.2107888042567708
-39.0358   93.6824   0.21008793397052306
-38.3063   94.9007   0.21016626751217948
-36.885   94.8887   0.208207228500835
-36.1555   96.1073   0.20886746994207353
-34.7343   96.0973   0.20556193713817048
-34.0049   97.3161   0.20668057480082658
-32.5838   97.3079   0.20211457146875628
-31.8545   98.5269   0.20360341352737943
-30.4335   98.5204   0.19775778113641956
-29.7044   99.7397   0.19947934730192687
-28.2836   99.7347   0.1924681012531685
-27.5547   100.954   0.19442350680923884
-26.134   100.951   0.18584730291290416
-36.1819   93.6558   0.20268009275703122
-34.7606   93.645   0.19993043790279258
-34.0318   94.864   0.2007377891678553
-32.6105   94.855   0.19669799185553047
-31.8818   96.0743   0.19789585644980023
-30.4607   96.067   0.19267771017946914
-29.7321   97.2864   0.19429415842994427
-28.3111   97.2807   0.18787495841649693
-27.5827   98.5004   0.18970516598131848
-26.1618   98.496   0.1822431891731475
-25.4337   99.7161   0.1839418929988569
-31.9072   93.6222   0.19106723947343712
-30.4859   93.6141   0.18645219226386706
-29.7579   94.8337   0.18788892995597864
-28.3367   94.8272   0.18206861344010014
-27.6089   96.0471   0.18375374826108304
-26.1878   96.0419   0.17702768145123826
-25.4602   97.2621   0.17873278938124199
-24.0393   97.2581   0.1710985973057617
-27.6333   93.5943   0.17670217882074832
-26.2121   93.5882   0.1706695637774911
-25.485   94.8086   0.17234955758573842
-24.064   94.8038   0.16534811761856483
-23.3371   96.0245   0.16709503284059596
-23.3607   93.5708   0.160300873360062
-21.9396   93.5663   0.1530826247488546
26.4903   13.1017   0.22152304620513244
27.2133   14.325   0.22136679967872558
28.6326   14.3128   0.21953630679229474
29.3542   15.537   0.21822149298361992
30.7735   15.5264   0.21518273629638504
31.4938   16.7514   0.21280606194373364
32.9132   16.7421   0.20883230114137152
33.6324   17.9679   0.20553916901651476
35.0517   17.9596   0.20067558396576127
35.7701   19.186   0.1966436624964065
37.1895   19.1787   0.19111967454974818
37.9071   20.4055   0.18640839573366874
39.3265   20.3989   0.18035947438379943
40.0436   21.6261   0.17519663238772554
41.4631   21.6201   0.1687356808739633
42.1797   22.8476   0.16327688140088673
43.5992   22.8421   0.1565328400049042
27.1789   11.8597   0.22147462608614862
28.5983   11.8479   0.21922342484324062
29.3218   13.0711   0.21922597929990148
30.7412   13.0609   0.21574246220899568
31.4634   14.285   0.21471406567805623
32.8827   14.2762   0.21010411704676396
33.6037   15.5011   0.20819743033957114
35.023   15.4934   0.20271926400813745
35.743   16.719   0.19982294663025812
37.1624   16.7123   0.19367075153466248
37.8815   17.9384   0.19008237687907756
39.3009   17.9325   0.18330351878782777
40.0193   19.1591   0.17910134002849012
41.4387   19.1538   0.17191285583108654
42.1566   20.3807   0.16741833830258837
43.5761   20.376   0.1598573426527516
44.2935   21.6031   0.15496754498926837
45.713   21.5987   0.14734795553383165
46.4301   22.826   0.14222211501732226
47.8497   22.822   0.1344909662393711
28.5617   9.38422   0.21835149094980008
29.2873   10.6063   0.21963592602304413
30.7066   10.5965   0.2156859058909511
31.4308   11.8196   0.21588742436742422
32.8501   11.8113   0.2107721281384233
33.573   13.0352   0.21013302929335023
34.9923   13.0282   0.20398325911701515
35.7141   14.2528   0.20244411574555624
37.1334   14.2468   0.19552329784452804
37.8541   15.4721   0.19310189020307417
39.2735   15.4669   0.18557831231046323
39.9934   16.6927   0.18253933822604104
41.4128   16.6882   0.17453128659355013
42.132   17.9144   0.17105300348137503
43.5515   17.9105   0.1626861088108018
44.2702   19.137   0.15873200685432207
45.6897   19.1334   0.15025475034087946
46.4079   20.3601   0.14605238786134372
47.8275   20.3569   0.1375175988737438
48.5454   21.5837   0.13315062898837626
49.965   21.5806   0.12481962986646082
50.6827   22.8076   0.12039057272062408
52.1024   22.8046   0.11245470199151231
29.2506   8.14272   0.2196738036271049
30.67   8.13337   0.21527111650196049
31.3961   9.35536   0.21662504956722
32.8154   9.34758   0.21094073219745782
33.5402   10.5705   0.21139484383494342
34.9595   10.564   0.20469601852503067
35.6831   11.7877   0.20425790070399027
37.1024   11.7823   0.19668334957489636
37.8249   13.0067   0.19544769121173977
39.2443   13.0022   0.18721615849066056
39.9658   14.2272   0.18534424728056803
41.3852   14.2234   0.176526315318708
42.1059   15.4489   0.17405085463737172
43.5253   15.4456   0.16500327269481732
44.2453   16.6715   0.16194261329248594
45.6648   16.6687   0.15270252126274822
46.3843   17.8948   0.14934111958867807
47.8038   17.8923   0.14007979868632522
48.5228   19.1186   0.136507985114422
49.9424   19.1163   0.12734751666208644
50.6611   20.3428   0.12357835571005124
52.0808   20.3406   0.11490195820786181
52.7993   21.5672   0.11094669891438842
54.219   21.565   0.10288197120973165
30.6312   5.67133   0.21490210887750683
31.3592   6.89229   0.2170756863400415
32.7786   6.88497   0.21095318651302628
33.5053   8.10682   0.21236565541537028
34.9247   8.10091   0.20506680009206862
35.6501   9.3236   0.2056738437429516
37.0694   9.31884   0.19742345985216592
37.7937   10.5423   0.19724162846620646
39.2131   10.5385   0.18824205162502705
39.9363   11.7625   0.18757174627326062
41.3557   11.7595   0.17790612693215635
42.078   12.9841   0.17657717859338634
43.4974   12.9816   0.16667519311523113
44.2189   14.2067   0.16470315722535422
45.6383   14.2046   0.15464908664457241
46.3591   15.4301   0.15214601539310885
47.7786   15.4284   0.14203232026549578
48.4989   16.6541   0.13933854455964642
49.9184   16.6526   0.12931767087293247
50.6383   17.8785   0.12639695407722606
52.0579   17.8771   0.11685627924934201
52.7774   19.1032   0.11361707618135675
54.1971   19.1018   0.10473571501641489
54.9163   20.3279   0.10147329698004623
31.3204   4.43039   0.2176235164222849
32.7399   4.42346   0.2110811464816315
33.4683   5.64434   0.2131672151152706
34.8877   5.6389   0.20536197530214956
35.615   6.8606   0.20679365101472622
37.0344   6.8564   0.19797626650687167
37.7605   8.07887   0.1987326837739587
39.1798   8.07567   0.1891227180959506
39.9048   9.29883   0.18922610522863947
41.3242   9.29643   0.178994899648005
42.0481   10.5202   0.17850843117343299
43.4675   10.5184   0.16792048713602606
44.1906   11.7427   0.16683060270825878
45.61   11.7414   0.15596861863849223
46.3323   12.9661   0.15445241985802552
47.7518   12.9651   0.14361455358006306
48.4734   14.1902   0.1417314714521785
49.8929   14.1894   0.13097121821224594
50.6139   15.4147   0.1287953803519376
52.0335   15.4141   0.11841984630964546
52.7541   16.6396   0.11597598889425215
54.1738   16.639   0.1062989181506573
54.8941   17.8647   0.10368206209369332
56.3138   17.864   0.09497478612768685
32.6997   1.96296   0.2116465837191813
33.4297   3.183   0.21412206892331373
34.8491   3.17792   0.20599794295089494
35.578   4.39872   0.20792168261150692
36.9974   4.39498   0.19867183519563092
37.7252   5.61652   0.20005657299874016
39.1446   5.61386   0.18990569133125043
39.8713   6.83611   0.19071951263570386
41.2907   6.8343   0.1798770760825297
42.0163   8.05719   0.18013356155919497
43.4357   8.05605   0.1688527891389403
44.1604   9.2795   0.16862856252723007
45.5798   9.27886   0.15707510178255427
46.3036   10.5028   0.15632693306017467
47.723   10.5025   0.1447280898789186
48.4461   11.7269   0.14366520107527725
49.8656   11.7268   0.1321377311747095
50.588   12.9515   0.13074654871162109
52.0075   12.9516   0.11962441222426193
52.7293   14.1766   0.11782856190245118
54.1489   14.1767   0.10736340158545422
54.8703   15.4018   0.10550872001877604
56.29   15.402   0.09589963503580265
57.011   16.6272   0.09401457333839347
33.3898   0.722769   0.2152827669856555
34.8094   0.717909   0.20705040665499805
35.5395   1.93795   0.20923296489798204
36.959   1.93453   0.199721383181672
37.6883   3.15525   0.20147542306693372
39.1077   3.153   0.19095469724518557
39.8359   4.3744   0.19222820188515652
41.2553   4.37308   0.1809288890697119
41.9826   5.59512   0.18175626234053113
43.402   5.59454   0.16992640436377132
44.1282   6.81716   0.17025282259040614
45.5476   6.81713   0.15808018503278828
46.273   8.04028   0.15802879357889407
47.6924   8.04064   0.14575939112112116
48.4169   9.26425   0.14530585810627117
49.8364   9.26489   0.13313299966574868
50.5602   10.4889   0.1323616636341517
51.9797   10.4897   0.12052505963491635
52.7028   11.714   0.11946995438184684
54.1224   11.7149   0.10815914200843033
54.845   12.9394   0.10699696257371066
56.2646   12.9403   0.09661640647426319
56.9867   14.165   0.095402358461415
58.4064   14.1658   0.08643384753671257
37.6502   0.695055   0.2030532446650386
39.0697   0.693027   0.19243349500541831
39.7991   1.91372   0.19391078489862323
41.2186   1.91273   0.18239037364948926
41.9472   3.13402   0.18348170726260513
43.3666   3.13384   0.17130172678639316
44.0943   4.35571   0.171977184824034
45.5137   4.35616   0.15936034513014957
46.2405   5.57855   0.15973141863766208
47.6599   5.57947   0.14690104696699874
48.3859   6.80234   0.14694117496467723
49.8053   6.80358   0.13413237826863633
50.5305   8.02687   0.13389330976564853
51.9499   8.02831   0.12131893050962828
52.6744   9.25196   0.12085480379364337
54.0939   9.2535   0.10888356166106955
54.8178   10.4774   0.10824453796843597
56.2374   10.479   0.09715559685370748
56.9607   11.7032   0.09644863918169298
58.3804   11.7046   0.08684503440036459
59.1033   12.929   0.0860601533812238
41.9107   0.673874   0.18542276797632049
43.3302   0.673923   0.1731160806048937
44.0589   1.89515   0.17398684691665753
45.4784   1.89592   0.16113730201291204
46.2064   3.11765   0.16169712427869629
47.6258   3.11897   0.14851841501982177
48.3531   4.34117   0.14878074472188893
49.7725   4.34288   0.1355221915407232
50.499   5.56551   0.13559618763077425
51.9184   5.56748   0.12247730401997013
52.6442   6.79049   0.12239929289011427
54.0637   6.79261   0.10978752205965978
54.7888   8.01595   0.10954944089314358
56.2083   8.01812   0.0977770837159719
56.9329   9.24173   0.0974161054446333
58.3525   9.24386   0.08706371230311925
59.0765   10.4677   0.08671228286696396
60.4962   10.4697   0.07843353874459805
46.1712   0.657568   0.163905557941152
47.5908   0.659091   0.15067565940124486
48.3189   1.88074   0.15097314198227502
49.7384   1.88275   0.13752196951760154
50.4659   3.10482   0.13761442656931006
51.8854   3.10717   0.12424441395893854
52.6123   4.32961   0.12422215744383193
54.0317   4.33218   0.11118197200985563
54.758   5.55495   0.1110284197852063
56.1775   5.55764   0.09876968158296492
56.9032   6.7807   0.09863708430402889
58.3227   6.7834   0.08765001768396825
59.048   8.00669   0.08757480288302223
60.4675   8.00934   0.07853102889941278
61.1923   9.23281   0.07859703811213484
50.4319   0.644794   0.14004375066385544
51.8514   0.647339   0.1265697139919345
52.5791   1.86932   0.12647936630138554
53.9986   1.87218   0.11319967711968121
54.7258   3.09447   0.11303578371471583
56.1452   3.09753   0.10041142415084237
56.8719   4.3201   0.10021609850717647
58.2914   4.32325   0.08875555250236665
59.0176   5.54606   0.08867605370109788
60.4371   5.54921   0.07898610257507391
61.1629   6.77222   0.07914572698510088
62.5825   6.77527   0.07212601819038975
54.6925   0.634508   0.11551957626307405
56.112   0.637739   0.10272840316095708
56.8394   1.85995   0.10236644420902934
58.2589   1.86336   0.09053755077314697
58.9859   3.08579   0.09032400788273319
60.4054   3.08929   0.08007952297560292
61.132   4.31191   0.08006358972716678
62.5515   4.3154   0.07246184099234709
63.2778   5.53817   0.07278682641797404
58.9532   0.625897   0.09241919294713696
60.3727   0.629557   0.08192208249306202
61.0999   1.8519   0.08161914971377732
62.5194   1.85565   0.07341583548527027
63.2463   3.07813   0.0734174427503457
64.6658   3.08185   0.06851722411189935
63.2139   0.618308   0.07458700801077903
64.6334   0.622191   0.06910429509082909
65.3605   1.84459   0.06906815474587506
20.9501   23.0373   0.21905793754164637
22.3693   23.0186   0.2219914863232394
22.3402   20.5502   0.22383945139317957
23.0583   21.7757   0.219756478857849
24.4775   21.7588   0.22157899268658118
25.1943   22.9851   0.21640328093631098
26.6136   22.9697   0.21734385199494602
23.0288   19.3074   0.22167207762819446
24.4481   19.2908   0.2232922076562446
25.1667   20.5162   0.21970200272186668
26.586   20.5012   0.2202492678761946
27.3033   21.7275   0.21546677238033787
28.7226   21.7139   0.2151570124351054
29.4389   22.9409   0.20939648994192878
30.8582   22.9287   0.2080907974899443
24.4165   16.8238   0.22363320415358884
25.137   18.0482   0.22164949808199377
26.5563   18.0336   0.2217737811374481
27.2754   19.259   0.2185545469671123
28.6947   19.2459   0.21770293980560068
29.4126   20.4721   0.21334547100887719
30.8319   20.4604   0.21148735186767137
31.5489   21.6872   0.206353361978911
32.9682   21.6767   0.20356642650496293
33.6843   22.904   0.197801567233428
35.1037   22.8945   0.1942448454914592
25.1051   15.5814   0.2223868026659856
26.5244   15.5671   0.22211582564058846
27.2454   16.7915   0.22045591396014066
28.6647   16.7788   0.21916546260759184
29.3844   18.0041   0.21625884952990984
30.8037   17.9929   0.2138753608997542
31.5223   19.2189   0.21004406680504029
32.9416   19.2089   0.20668618725013987
33.6593   20.4356   0.20215249194605653
35.0786   20.4267   0.19786222479291105
35.7955   21.6538   0.19270710936548321
37.2149   21.6458   0.18783199940372008
37.9312   22.8733   0.18211449695177898
39.3506   22.866   0.17670059422650503
8.38632   45.4168   0.16492341404421565
9.80606   45.398   0.16467788224287966
9.79441   42.9326   0.1765306251051069
10.5063   44.1606   0.16668596221637696
11.9258   44.1415   0.16677544783330783
12.6367   45.3701   0.1560487423851926
14.0561   45.3515   0.1563151624123524
10.4938   41.6948   0.1779223988147648
11.9133   41.6749   0.17849263290119402
12.6246   42.9032   0.16792784164634605
14.0439   42.8838   0.16862321904174576
14.7542   44.1127   0.15710407378550253
16.1734   44.0937   0.15804736631782526
16.8828   45.3232   0.1457310193472898
18.3019   45.3046   0.14691882112241522
11.8994   39.208   0.1892081922116478
12.6111   40.436   0.1789087476899898
14.0304   40.4158   0.1801058300000313
14.7411   41.6445   0.16880094786463648
16.1603   41.6248   0.17023953712343046
16.87   42.854   0.15802262496237832
18.2891   42.8347   0.1597439200720962
18.998   44.0644   0.14687307445546452
20.417   44.0456   0.14876810814149632
21.1252   45.2757   0.13550166050643084
22.5441   45.2572   0.13761398911448114
12.5962   37.9686   0.18914917393422526
14.0154   37.9476   0.1907511729977051
14.7267   39.1759   0.1799297918633816
16.1458   39.1555   0.18182513577610826
16.856   40.3845   0.16994734478655585
18.275   40.3646   0.17203017177227814
18.9843   41.5941   0.15936291914997316
20.4032   41.5747   0.16170176251358462
21.1118   42.8047   0.14853989363130632
22.5307   42.7858   0.15102744783647537
23.2387   44.0161   0.13755177207146327
24.6575   43.9977   0.13998549924902637
25.3651   45.2283   0.12659593200415334
13.9986   35.4793   0.2000718121075512
14.7106   36.7072   0.18990853061408325
16.1296   36.6861   0.19222289145676627
16.8405   37.9147   0.18092744402107733
18.2595   37.8943   0.18353541892506609
18.9693   39.1235   0.17124955474395004
20.3882   39.1037   0.1739720667233674
21.0973   40.3334   0.16114384878114635
22.5162   40.3143   0.16394721711575447
23.2246   41.5443   0.15069562037431505
14.6926   34.2382   0.19875271067334044
16.1116   34.2166   0.20152044561284538
16.8233   35.4448   0.19098088909626396
18.2422   35.4239   0.1938455570808888
18.9528   36.6527   0.1824280954239248
20.3717   36.6326   0.1853546060932974
21.0815   37.862   0.17319177232189756
16.0915   31.7471   0.20929214032065405
16.8042   32.9747   0.19973805346002796
18.2231   32.9535   0.20302787985890275
18.9347   34.1819   0.19245531949000416
16.783   30.5048   0.2070835097249431
44.3155   24.0697   0.15082005834768786
45.735   24.0646   0.143878768412858
46.4511   25.2924   0.1379774619276616
47.8707   25.2875   0.1311350830250995
48.5866   26.5153   0.12519768368464165
50.0063   26.5106   0.11852463878873744
50.7221   27.7384   0.11270230698614596
48.5666   24.0493   0.12936220468127796
49.9863   24.0454   0.12191788219945453
50.703   25.2728   0.11673842555046088
52.1227   25.269   0.10964697898255138
52.8199   24.0316   0.10788776575682528
26.7839   45.2103   0.12906839272262052
27.4911   46.4411   0.11581420465555953
28.91   46.4236   0.11825654315935373
24.6434   41.5258   0.15344849298706173
25.3514   42.7562   0.14000957110140852
26.7702   42.7382   0.1427145752892817
27.4778   43.9689   0.12932304512344348
28.8967   43.9514   0.131897118998106
29.6041   45.1823   0.1187861102991432
31.0229   45.1654   0.12104391764975411
31.7302   46.3964   0.1084136983964685
33.1491   46.38   0.11026418276121772
22.5003   37.8426   0.17616827183122358
23.2093   39.0725   0.16335363479274292
24.6282   39.0538   0.16630556214390207
25.3367   40.284   0.15323204625665188
26.7555   40.2661   0.15591561820420555
27.4637   41.4966   0.14277548809231738
28.8825   41.4794   0.14518364232929226
29.5904   42.71   0.13222575392108551
31.0093   42.6935   0.13434023969012288
31.7171   43.9242   0.12165693568391217
33.1361   43.9083   0.12339991896269668
33.8438   45.1392   0.11113838220884824
35.2628   45.1239   0.11238834459142351
35.9706   46.3547   0.10107685194939477
37.3897   46.3399   0.10174448387996139
20.3536   34.1615   0.19576685112654202
21.0641   35.3905   0.18422209422324679
22.483   35.3711   0.18743476198400608
23.1928   36.6005   0.17532524062439003
24.6117   36.582   0.17830863691924723
25.3209   37.8118   0.1658047043964695
26.7398   37.7941   0.1685660108088219
27.4485   39.0243   0.1557993902427117
28.8674   39.0074   0.15814490190961178
29.5759   40.2378   0.1454118633399648
30.9949   40.2217   0.14740926022472606
31.7032   41.4523   0.13479562307434148
33.1223   41.4369   0.13632318218117276
33.8305   42.6675   0.1239987096707099
35.2496   42.6528   0.12500311996106556
35.9579   43.8834   0.11338200915489687
37.377   43.8693   0.11371424712849433
38.0854   45.0999   0.10280457188277552
39.5046   45.0863   0.10283389519025361
40.2131   46.3169   0.09282273428423062
18.202   30.4833   0.2106572809090632
18.9146   31.7111   0.20119209726030657
20.3336   31.6906   0.2046509467361432
21.0452   32.9191   0.1941834441964613
22.4641   32.8996   0.19748665777717986
23.1748   34.1287   0.18619817399749056
24.5937   34.1103   0.18918205517437353
25.3038   35.3398   0.17744793602631792
26.7227   35.3223   0.18004557756301834
27.4323   36.5522   0.16806858718987858
28.8512   36.5357   0.1701125509772888
29.5604   37.7658   0.15795838059438763
30.9795   37.7502   0.15965165204281498
31.6885   38.9805   0.14744836384307922
33.1076   38.9656   0.14868100080373264
33.8164   40.196   0.13657818273795197
35.2356   40.1819   0.1372447813215475
35.9445   41.4124   0.12560425948191292
37.3637   41.3989   0.1256730281325331
38.0726   42.6293   0.11449493438576334
39.4919   42.6164   0.11416855959501572
40.2009   43.8468   0.10357499698286245
41.6203   43.8343   0.1028889206863439
18.1785   28.0134   0.21649856812459517
18.8926   29.2405   0.20846316221337613
20.3116   29.22   0.21205727999764584
21.0244   30.4479   0.2027998274160993
22.4434   30.4285   0.20615976814111928
23.1552   31.657   0.1959736717010737
24.5742   31.6389   0.1988232883743765
25.2853   32.8679   0.18809856458782592
26.7043   32.8508   0.19051679715972497
27.4147   34.0803   0.17925596224393608
28.8338   34.0642   0.18115973614465222
29.5438   35.294   0.16968400042431903
30.9629   35.2789   0.17093776645317638
31.6727   36.5089   0.15943754263033674
33.0918   36.4947   0.16006439329219757
33.8015   37.7248   0.14860975741854504
35.2207   37.7113   0.14875916778471146
35.9302   38.9415   0.1374783255644353
37.3495   38.9287   0.13705035570913518
38.059   40.1589   0.12606577648196007
39.4784   40.1467   0.12522914996118265
40.188   41.3769   0.1145702841054364
41.6074   41.3651   0.11343341659317598
42.3171   42.5953   0.10334147279771226
18.8684   26.7703   0.21405478270760822
20.2875   26.7499   0.21768385332863047
21.0017   27.977   0.20989640301825246
22.4208   27.9579   0.21311032354158735
23.1339   29.1858   0.20425496321999329
24.553   29.1679   0.20697850129904918
25.2652   30.3964   0.19734586390396067
26.6843   30.3797   0.19948486158102338
27.3958   31.6087   0.18930913871232088
28.8149   31.5931   0.19084480605979304
29.526   32.8225   0.18025720512645368
30.9451   32.808   0.1810640770556136
31.6558   34.0376   0.1703085728905045
33.075   34.024   0.17059431409047995
33.7854   35.2538   0.15968822749345304
35.2047   35.241   0.15934230448942638
35.9149   36.4709   0.14852302851746546
37.3343   36.4588   0.14774146337437127
38.0445   37.6888   0.1369716028963627
39.4639   37.6772   0.135661121917813
40.1742   38.9072   0.1252325037679879
41.5936   38.8962   0.12349068790803672
42.304   40.1261   0.11342971392012113
43.7235   40.1154   0.11150363222783434
20.2611   24.2804   0.2216229230021109
20.977   25.5068   0.21534358592723674
22.3961   25.4878   0.2184887182442148
23.1107   26.715   0.21107761605627606
24.5299   26.6974   0.21360639035384857
25.2434   27.9253   0.20522324429752245
26.6626   27.9091   0.20694235912446865
27.3753   29.1375   0.19801002499873624
28.7945   29.1225   0.19903652931057872
29.5066   30.3514   0.1895266208214542
30.9258   30.3374   0.18988464919524337
31.6375   31.5666   0.18007848289009853
33.0568   31.5536   0.17975597347515707
33.7681   32.7831   0.16964274225560302
35.1874   32.7709   0.16875556287127053
35.8986   34.0005   0.15870856939686653
37.3179   33.9891   0.15723899007561876
38.0289   35.2188   0.14705403768682893
39.4484   35.208   0.1451776842355605
40.1593   36.4377   0.13508345568573696
41.5788   36.4274   0.1327689722789208
42.2898   37.6571   0.12302345304859383
43.7094   37.6471   0.12051132726843473
44.4205   38.8768   0.11113788732920991
23.0856   24.2449   0.21623249062062616
24.5047   24.2277   0.2183643972812446
25.2199   25.4549   0.21150692660052664
26.639   25.439   0.2129341212675891
27.3532   26.6668   0.2053115924637489
28.7724   26.6523   0.20590563372574508
29.4858   27.8807   0.1974994936702365
30.905   27.8673   0.1973441156964153
31.6178   29.096   0.18851739972745113
33.0371   29.0837   0.18760860854449188
33.7495   30.3127   0.17846652347149103
35.1688   30.3012   0.17695346845993143
35.8809   31.5304   0.1676863142895086
37.3003   31.5197   0.16561283162846935
38.0122   32.7491   0.15615879738266927
39.4316   32.739   0.1535695933445226
40.1434   33.9684   0.1441830087076821
41.5629   33.9588   0.14124482291397814
42.2746   35.1882   0.1319849991476284
43.6942   35.179   0.12875488340253652
44.406   36.4085   0.11965989303020605
45.8256   36.3995   0.11631122043895674
27.3292   24.1968   0.21106136548406984
28.7485   24.1828   0.21117760297910382
29.4632   25.4105   0.20404671033859237
30.8825   25.3977   0.20336715565695507
31.5966   26.6259   0.1956592446065348
33.0158   26.6141   0.1941512297153933
33.7294   27.8427   0.18610349271305832
35.1487   27.8319   0.1838303837780904
35.8618   29.0606   0.17550504266259798
37.2812   29.0506   0.1727635957023339
37.9941   30.2796   0.1641118216339113
39.4135   30.2702   0.16088728974036623
40.1262   31.4993   0.15216313614012927
41.5457   31.4904   0.14858007941847107
42.2582   32.7196   0.13989660467645695
43.6778   32.7111   0.1359586334147254
44.3904   33.9403   0.12742688099455365
45.81   33.9321   0.12343941833952655
46.5226   35.1612   0.11506511200185691
31.5736   24.1562   0.2016242544933521
32.9929   24.1451   0.19950551370826863
33.7077   25.3731   0.192523245349752
35.127   25.3629   0.18962813609799872
35.8413   26.5912   0.18224812756239467
37.2607   26.5819   0.17878187827629802
37.9746   27.8104   0.1710820271098047
39.394   27.8017   0.1671101732390959
40.1077   29.0304   0.15925595750237992
41.5272   29.0223   0.15488395656103301
42.2406   30.2511   0.1470084011204797
43.6602   30.2434   0.1423267016409819
44.3735   31.4722   0.13445742820684975
45.7932   31.4648   0.12976332301540433
46.5065   32.6937   0.12181879986275074
47.9262   32.6864   0.11718122716544802
35.8192   24.1222   0.18794999334929474
37.2386   24.1136   0.18374874149228526
37.9536   25.3416   0.1769964971404833
39.3731   25.3336   0.1724022621661337
40.0877   26.5619   0.16527098958982417
41.5072   26.5545   0.16025170825922558
42.2217   27.7829   0.15313983805659465
43.6412   27.7759   0.1477974965958488
44.3555   29.0044   0.1406073255559601
45.7751   28.9978   0.13512494218315235
46.4893   30.2263   0.12788389265267508
47.909   30.2199   0.12251791705705666
48.6231   31.4484   0.11529137001528297
40.0664   24.0937   0.17067070633240244
41.4859   24.0871   0.1648132276244834
42.2014   25.315   0.1585484468545819
43.6209   25.3088   0.1524356257572331
44.3361   26.5369   0.14595951493479348
45.7557   26.531   0.13982678570288384
46.4708   27.7592   0.13321415089997027
47.8905   27.7535   0.1271435802547673
48.6054   28.9817   0.12049875518029222
50.0252   28.9762   0.11464824464421773
-5.01481   68.9145   0.06875148652938283
-4.3082   67.682   0.07414006743994989
-2.88747   67.6702   0.07219821673698218
-2.17151   68.8968   0.06963999138426333
-0.750882   68.8855   0.06757526840494461
-2.89704   65.2108   0.08127769927846362
-2.18136   66.4373   0.07775729161950198
-0.760741   66.4251   0.07578966021826523
-0.0456002   67.6521   0.07253361693235891
1.37493   67.6405   0.07052385695635287
2.08956   68.8678   0.06793229644285673
3.51   68.8567   0.06614410404563904
-2.19066   63.978   0.08743440741493216
-0.770058   63.9648   0.08551292113476218
-0.0551683   65.1918   0.08123440019653096
1.36534   65.1792   0.07920655844057507
2.07967   66.4066   0.0753374302720778
3.50009   66.3946   0.07340170570225298
4.21389   67.6223   0.07024912810846873
5.63423   67.6109   0.06858899401507623
6.34755   68.839   0.06658725478648261
7.7678   68.8281   0.06545838678122544
-0.778969   61.5046   0.09640007743254267
-0.0642501   62.7316   0.09139914594354864
1.35624   62.718   0.08941173524767426
2.07034   63.9454   0.08445081467931695
3.49074   63.9325   0.08247708105892228
4.20427   65.1603   0.07788165637683894
5.62458   65.1479   0.07609873914855823
6.33758   66.3761   0.07229309026456122
7.75781   66.3643   0.07089577490937256
8.47033   67.5927   0.06839779894119394
9.89047   67.5814   0.06748598447085125
10.6026   68.8102   0.06690829544981464
12.0226   68.7993   0.06671986211017406
-0.0729877   60.2714   0.10266969116779323
1.34747   60.2569   0.10066778283045812
2.06143   61.4843   0.09490830785553014
3.4818   61.4704   0.09290515809146557
4.19513   62.6982   0.08722229302191202
5.61542   62.685   0.08539141701599938
6.32817   63.9131   0.0800786838053688
7.74837   63.9005   0.07848082313533761
8.4606   65.129   0.07409467187321941
9.88071   65.1169   0.07288879817914701
10.5925   66.3457   0.07006240075818172
12.0125   66.334   0.06928224880876832
12.7238   67.5631   0.0684902912827813
14.1437   67.5517   0.06836000292568942
14.8547   68.7811   0.06999849998392708
16.2745   68.77   0.07060347016967092
1.3389   57.7959   0.11266876408304073
2.05279   59.0232   0.10633080879970855
3.47314   59.0084   0.1044565249278381
4.18634   60.2362   0.09793896262468908
5.6066   60.2221   0.09612346279655312
6.31917   61.4502   0.08968550607539791
7.73934   61.4367   0.08800535495070874
8.45134   62.6652   0.08203641203758229
9.87142   62.6522   0.0806339686484556
10.5829   63.8811   0.07562605371167022
12.0029   63.8686   0.0746067021118085
12.7139   65.0978   0.07127804711129855
14.1338   65.0856   0.07068762267894356
14.8444   66.3151   0.06959806031780269
16.2642   66.3031   0.069547537699045
16.9744   67.5328   0.07109845286642645
18.3941   67.521   0.07163134788624638
19.104   68.7509   0.07585446591994925
20.5237   68.7391   0.07672027111526171
2.04427   56.5621   0.11849680375436406
3.46459   56.5465   0.11669799698366796
4.17775   57.7741   0.10960590723131614
5.59797   57.7592   0.1078651236498631
6.31044   58.9873   0.10056117590800201
7.73057   58.9729   0.09898785986170369
8.44241   60.2014   0.09178161253758889
9.86245   60.1876   0.09033598397095309
10.5737   61.4165   0.08366743691544548
11.9937   61.4031   0.08243142604613969
12.7044   62.6324   0.07686787365343226
14.1243   62.6194   0.07600355254854728
14.8346   63.8489   0.07214838875540036
16.2543   63.8362   0.07167468172234923
16.9642   65.066   0.07030227592333352
18.3839   65.0534   0.07025225975012817
19.0934   66.2834   0.07168653988023088
20.513   66.2708   0.07203138204976922
21.2222   67.501   0.07633511642750677
22.6417   67.4883   0.07683449746044584
23.3506   68.7187   0.08350622731270126
24.77   68.7058   0.08406997085761408
3.45599   54.0846   0.12940548674611876
4.16918   55.3121   0.12189881049460716
5.58937   55.2963   0.12033269256523811
6.30181   56.5243   0.11241567906657955
7.7219   56.5091   0.11094453569238974
8.43365   57.7375   0.1028459313730996
9.85365   57.7229   0.10149272683301068
10.5648   58.9518   0.09353336303159447
11.9847   58.9376   0.09236611932954764
12.6952   60.1668   0.08491907912830964
14.115   60.1531   0.08397082826791938
14.8251   61.3826   0.07768796560600713
16.2448   61.3691   0.07704349420944374
16.9544   62.5989   0.07259235496937845
18.374   62.5856   0.07233069887675532
19.0832   63.8157   0.07047985527794769
20.5027   63.8023   0.07045977575894077
21.2115   65.0326   0.07169288667643184
22.631   65.0192   0.07188720331185458
23.3395   66.2497   0.07602775808874128
24.7589   66.236   0.07617414259445789
25.4671   67.4667   0.08302162368925889
26.8864   67.4527   0.08294582569363546
4.16048   52.8501   0.13455401331807196
5.58063   52.8334   0.13313609165061221
6.29311   54.0613   0.1248243281576156
7.71316   54.0452   0.12355573641074011
8.4249   55.2736   0.11484329148888019
9.84485   55.2581   0.11364520403430961
10.5559   56.487   0.10477547422941982
11.9758   56.472   0.10370467684728613
12.6862   57.7012   0.09490911442006131
14.1059   57.6866   0.09395365878985265
14.8158   58.9162   0.08583530742066528
16.2355   58.9019   0.08518368388371132
16.9448   60.1317   0.07813104376622917
18.3644   60.1176   0.0777321683732046
19.0733   61.3478   0.0727242050489401
20.4928   61.3337   0.07256631449922303
21.2013   62.564   0.07028264366114799
22.6207   62.5499   0.07033135858207375
23.3288   63.7804   0.0710866372815608
24.7481   63.7661   0.07115370686057226
25.456   64.9968   0.07517572746571338
26.8752   64.9822   0.07503992270785431
27.5828   66.2131   0.08186385038587146
5.57157   50.3705   0.14604220485873318
6.28418   51.5982   0.13756694515762233
7.70419   51.5813   0.13645280832580908
8.41598   52.8096   0.12735138947023733
9.83589   52.7933   0.1263790841080903
10.5469   54.022   0.11681613758381289
11.9667   54.0062   0.1159696943170934
12.6771   55.2354   0.10628156001865904
14.0968   55.22   0.10557622838499287
14.8065   56.4495   0.09594816308820142
16.2261   56.4345   0.09539103731483543
16.9353   57.6643   0.08646831789736828
18.3548   57.6494   0.0860801370816779
19.0635   58.8796   0.07842155315983117
20.4829   58.8648   0.07821879569515564
21.1911   60.0952   0.07257830254284175
22.6105   60.0803   0.07265184099525768
23.3183   61.3109   0.0696770406949105
24.7376   61.2959   0.06974396031198979
25.4451   62.5267   0.07024713517290414
26.8643   62.5115   0.07008416368909495
27.5716   63.7424   0.07389458708187212
28.9906   63.7269   0.07346032943024323
6.27482   49.1351   0.15024920931572353
7.69478   49.1174   0.14935781231659725
8.40672   50.3455   0.14008490139911606
9.82657   50.3283   0.1393162951703786
10.5377   51.5569   0.12939605867258946
11.9574   51.5403   0.12873088207574657
12.6678   52.7694   0.118392313939716
14.0874   52.7532   0.1178798540888137
14.7971   53.9827   0.10736605608850643
16.2166   53.9668   0.10697181871876325
16.9257   55.1967   0.09665914338540234
18.3451   55.181   0.09644195145267256
19.0537   56.4112   0.08677292204368814
20.473   56.3956   0.08676687155821808
21.181   57.6261   0.07836249102727864
22.6003   57.6105   0.07859351118254285
23.3079   58.8412   0.07224998269896096
24.7271   58.8255   0.07253392309809537
25.4344   60.0563   0.06904665089633273
26.8535   60.0405   0.06923647882439013
27.5605   61.2715   0.06913392799487361
28.9795   61.2554   0.06897383561902427
29.6863   62.4865   0.07236483952860219
7.68474   46.6533   0.16198717881363403
8.3969   47.8812   0.15271073341451952
9.8167   47.8632   0.15216335169810294
10.528   49.0917   0.1421526644140031
11.9476   49.0743   0.14170324625780523
12.6581   50.3032   0.13105613301177402
14.0776   50.2862   0.13072184209228443
14.7873   51.5156   0.1196005852828501
16.2068   51.499   0.11953970051828065
16.9158   52.7288   0.10821002726180419
18.3352   52.7123   0.1082412583075423
19.0436   53.9425   0.097187704983708
20.4629   53.9262   0.0974185300648698
21.1708   55.1566   0.08708248962908713
22.59   55.1404   0.08753844869541491
23.2975   56.3711   0.07857798673929006
24.7166   56.3548   0.07917581701504725
25.4237   57.5857   0.07210339797818362
26.8427   57.5693   0.0727594667380158
27.5495   58.8003   0.06851671328953315
28.9685   58.7838   0.06898296891262529
29.6751   60.015   0.06822147755656034
31.094   59.9983   0.06810073421043326
10.5176   46.6263   0.15461012256640977
11.9372   46.608   0.1544974757075339
12.6478   47.8368   0.14361803507916518
14.0673   47.819   0.143678425659526
14.7771   49.0483   0.1321749219784162
16.1965   49.0308   0.13242008911037742
16.9055   50.2606   0.12047244498224632
18.3248   50.2434   0.12089007403422312
19.0332   51.4735   0.10888025532666698
20.4524   51.4565   0.10955354855047067
21.1603   52.6869   0.097827859017767
22.5794   52.67   0.09868459859572856
23.2868   53.9007   0.08767542415067164
24.7058   53.8838   0.08872057258606893
25.4128   55.1147   0.078994809956098
26.8318   55.0978   0.0800956303427366
27.5385   56.3289   0.07247482321468737
28.9574   56.312   0.07342683433187375
29.6639   57.5432   0.06850751783563619
31.0828   57.5262   0.06908473058498633
31.7892   58.7574   0.06766550081097752
14.7661   46.5806   0.14482078580093574
16.1854   46.5624   0.1452907774086198
16.8946   47.792   0.13319527018629687
18.3138   47.7741   0.13390224045922716
19.0223   49.0041   0.12132588347092592
20.4414   48.9865   0.12238549750685664
21.1493   50.2168   0.10979189405416237
22.5683   50.1993   0.11102044856692031
23.2757   51.43   0.09872963081061388
24.6947   51.4126   0.10025696983252727
25.4017   52.6435   0.08875753489141232
26.8206   52.6262   0.09032236710804149
27.5273   53.8572   0.08007627613719408
28.9462   53.84   0.08163632769790595
29.6527   55.0712   0.0734282643128676
31.0715   55.054   0.07458619175155555
31.7779   56.2853   0.06910528199783542
19.0106   46.5344   0.13416437679205445
20.4296   46.5162   0.13557392817205086
21.1376   47.7464   0.1224871013617331
22.5566   47.7284   0.12423220194458443
23.2641   48.959   0.11119437935435503
24.683   48.9411   0.11309610957057803
25.3901   50.172   0.10043560125772409
26.8089   50.1544   0.10235340736878502
27.5157   51.3854   0.09050806593890018
28.9346   51.3679   0.09247318530255208
29.6411   52.5991   0.08191965576099736
23.2518   46.4877   0.12419653779393426
24.6707   46.4695   0.12650774679837204
25.3779   47.7002   0.11316611683715116
26.7968   47.6824   0.11553445373567414
27.5037   48.9133   0.10269440101583073
33.1967   56.2682   0.06978868103066797
33.9031   57.4995   0.06756256359849255
31.06   52.5818   0.08358438849450242
31.7664   53.8131   0.07501906424369958
33.1853   53.796   0.07620426497250583
33.8917   55.0273   0.07024492864257441
35.3106   55.0104   0.07088702278978974
28.9225   48.8958   0.10486429325561947
29.6293   50.1269   0.09296429422095387
31.0481   50.1096   0.09496157117487097
31.7548   51.3408   0.0842911027333251
33.1736   51.3239   0.08593794272613367
33.8803   52.5551   0.07705121673276655
35.2992   52.5385   0.07822544343115147
36.0058   53.7697   0.0716914220810279
29.617   47.6546   0.10554908810596338
31.0358   47.6375   0.10768797518757613
31.7427   48.8686   0.09576142229520215
33.1616   48.8519   0.09755254994104652
33.8685   50.083   0.0868528640863385
35.2875   50.0667   0.0882924119049917
35.9944   51.2978   0.07923686010942121
37.4134   51.282   0.08010468151113699
33.8564   47.611   0.09856297479277247
35.2754   47.5952   0.0999190172089379
35.9827   48.8262   0.08944210417918547
37.4018   48.8108   0.09034362180032432
38.1092   50.0418   0.08131125383364869
38.0975   47.5707   0.09149125641283858
39.5167   47.5564   0.09185281704989107
-6.42513   71.3835   0.0649287524907154
-5.0043   71.3732   0.06271296197756997
-4.28716   72.5991   0.06199119372943071
-2.86642   72.5893   0.05967069716368702
-2.14968   73.8156   0.059451752707554366
-0.72904   73.8064   0.0572789926238261
-0.012709   75.033   0.05784350862145419
1.40784   75.0244   0.056178693470036165
2.12377   76.2513   0.057683915435763844
3.54423   76.2432   0.05679174675954506
4.25979   77.4704   0.059456323465213706
5.68015   77.4628   0.05965289263732722
6.39537   78.6903   0.06344966508973954
7.81563   78.6832   0.06483871991333494
8.53055   79.9109   0.06961730316523297
9.95071   79.9041   0.07219495896529492
10.6654   81.1321   0.07774818325851696
12.0854   81.1256   0.08128536153576765
12.7999   82.3537   0.0874343753909206
14.2199   82.3474   0.09173685191895009
14.9342   83.5757   0.09844338474473681
16.354   83.5694   0.10323458722734204
17.0682   84.7978   0.11012706297726398
-4.29804   70.1406   0.0669471254050555
-2.87731   70.1298   0.06481248027964998
-2.16099   71.3562   0.06343886821184681
-0.740353   71.3459   0.06138416290868684
-0.0244842   72.5727   0.060708324345514736
1.39606   72.563   0.05880830213498773
2.1115   73.7901   0.059164604283305916
3.53196   73.781   0.057859039051821215
4.24699   75.0084   0.059384231071895
5.66736   74.9999   0.059037364439818975
6.38203   76.2275   0.06199104774078477
7.8023   76.2194   0.06269970095622324
8.51664   77.4474   0.06694091499225613
9.93682   77.4397   0.06878148660795251
10.6509   78.6679   0.0741443187304337
12.0709   78.6604   0.07684621005618744
12.7848   79.8888   0.08312123675692323
14.2047   79.8816   0.08666216013925317
14.9183   81.1102   0.09360576905298088
16.3383   81.1031   0.09774430929726577
17.0517   82.3318   0.10504694188790273
18.4715   82.3247   0.1095972171179663
-0.0354126   70.1124   0.0655727465415339
1.38513   70.1017   0.06365831917353802
2.10013   71.3289   0.062450640509125535
3.52058   71.3189   0.06097273489027681
4.23514   72.5464   0.060982322028600995
5.65551   72.5369   0.06008239425988413
6.36966   73.7647   0.06165030737961103
7.78994   73.7557   0.061712728832876255
8.50373   74.9838   0.06490195374563718
9.92392   74.9752   0.06595997346876635
10.6374   76.2035   0.07063993204979944
12.0575   76.1952   0.07261749100595893
12.7707   77.4238   0.07856805966804133
14.1907   77.4158   0.08142812781834144
14.9036   78.6445   0.08829637591656463
16.3236   78.6366   0.0917017448034715
17.0363   79.8655   0.09921668206506401
18.4562   79.8576   0.1029526104574343
19.1688   81.0867   0.11109860485171962
4.22414   70.0844   0.06455780355619481
5.6445   70.0739   0.06326655988751305
6.3582   71.3018   0.06306095146761048
7.77847   71.2919   0.06249737674494838
8.49178   72.5201   0.06403335771299234
9.91196   72.5106   0.06441133518255968
10.6249   73.7391   0.06784968680841498
12.045   73.73   0.06908176315063135
12.7576   74.9587   0.07420579492195456
14.1776   74.9498   0.07623686772159519
14.89   76.1788   0.08279456503901751
16.3099   76.17   0.085470228734922
17.0221   77.3992   0.09293422405120061
18.4419   77.3905   0.09601650899715393
19.1539   78.6197   0.10426140225414071
20.5736   78.611   0.10755491620563912
8.48068   70.0564   0.06506835175413739
9.90084   70.046   0.06475288719432398
10.6133   71.2747   0.06635088545000495
12.0334   71.2647   0.06692428557706365
12.7455   72.4936   0.07058144232020322
14.1655   72.4838   0.07189054179793666
14.8774   73.713   0.07746812247627413
16.2973   73.7034   0.07939559181718034
17.0089   74.9327   0.08635235955085144
18.4287   74.9232   0.08876739266194436
19.1401   76.1527   0.09686655769665903
20.5598   76.1432   0.09956937280107063
21.271   77.3727   0.10839714018367323
12.7343   70.0284   0.06841359514015395
14.1543   70.0178   0.06893772552093168
14.8656   71.2471   0.07285739495754827
16.2855   71.2367   0.07418180369875474
16.9966   72.4662   0.08007352870955857
18.4164   72.4559   0.08175622300473223
19.1272   73.6855   0.08922135394623924
20.5469   73.6753   0.09134796111572052
21.2575   74.905   0.0999437341707866
22.6772   74.8946   0.10202612410554007
16.9852   69.9995   0.07465313121362839
18.4049   69.9885   0.07572060485759553
19.1152   71.2183   0.08200835323307151
20.5349   71.2072   0.0834372219096537
21.245   72.4372   0.09136459927126958
22.6646   72.426   0.09286167131815183
23.3745   73.656   0.1018931793595657
21.2333   69.9692   0.0832238547533113
22.6528   69.9572   0.08417636247783947
23.3622   71.1875   0.09244317173269381
24.7817   71.1753   0.09335850255867782
25.4787   69.9363   0.0926009179220194
-19.8148   92.3291   0.14056133892361644
-19.1108   91.0964   0.13511287873478658
-17.6898   91.0921   0.1279442456697473
-16.9652   92.3142   0.12974112686423056
-15.5443   92.3109   0.12180981077072033
-17.7095   88.6372   0.12056757441367931
-16.9855   89.8594   0.12255761910220013
-15.5645   89.8552   0.11536936335094106
-14.8407   91.0778   0.11712237190221741
-13.4199   91.0744   0.1094867115224505
-12.6964   92.2972   0.11113622271788583
-11.2757   92.2946   0.10304911450372098
-17.0044   87.4049   0.11463869329332677
-15.5833   87.3998   0.10817670728950925
-14.8601   88.6225   0.11013087668769087
-13.4391   88.6182   0.10315987592082827
-12.7161   89.8412   0.10503128105473862
-11.2953   89.8377   0.09770020470807822
-10.5726   91.061   0.09924207776945809
-9.15195   91.0582   0.0917045805835223
-8.42956   92.2819   0.0928914425552771
-7.00903   92.2797   0.08545614313786944
-14.8781   86.1674   0.10272180878469475
-13.4571   86.1622   0.09637395913835196
-12.7346   87.3854   0.09843520711615271
-11.3137   87.381   0.09172267985618328
-10.5915   88.6045   0.09353747911933098
-9.17076   88.6007   0.0866869517286202
-8.44886   89.8246   0.08823801675015124
-7.02823   89.8215   0.081399727272269
-6.30664   91.0456   0.08277630639259402
-4.88615   91.0432   0.07622532125219562
-4.16486   92.2676   0.07741784355043967
-2.74449   92.2657   0.07191464454476787
-13.4738   83.7063   0.08936050581772702
-12.7519   84.9297   0.09143664473284356
-11.3309   84.9244   0.0855130984118727
-10.6092   86.1481   0.08737739982398689
-9.1884   86.1434   0.08127951525446221
-8.467   87.3674   0.0831262028484371
-7.04629   87.3634   0.07687055678216952
-6.32521   88.5877   0.07859570980657947
-4.90463   88.5844   0.07262740529579786
-4.18385   89.809   0.07419764147195115
-2.7634   89.8062   0.06907929429286178
-2.04292   91.0311   0.0705483160677846
-0.622587   91.0288   0.06691033773640724
0.0976316   92.2539   0.06839533047482277
1.51785   92.2521   0.06675295424174402
-12.7679   82.4742   0.08445714889812447
-11.3469   82.4678   0.07924146641753098
-10.6258   83.6918   0.08120948220497506
-9.20489   83.6861   0.07580428747768841
-8.48402   84.9103   0.07774961350385648
-7.06324   84.9054   0.07217220794738366
-6.34267   86.1299   0.07414293560414364
-4.92201   86.1256   0.06871984356792223
-4.20176   87.3504   0.07065566431645876
-2.78123   87.3467   0.0659163985666726
-2.06128   88.5718   0.0678605341859343
-0.640875   88.5686   0.06443202048671258
0.0787738   89.7939   0.06635143510761647
1.49907   89.7912   0.06477211514224451
2.21846   91.0169   0.0669079188138446
3.63864   91.0146   0.06754220902517313
4.35785   92.2404   0.0700258266641669
5.77792   92.2384   0.07287669654972438
-11.3618   80.0114   0.07344971068697602
-10.6412   81.2355   0.07534779359742148
-9.22024   81.2289   0.0705408541201539
-8.4999   82.4533   0.07252587469310877
-7.07907   82.4474   0.0675659122635071
-6.35903   83.6721   0.06965889821121377
-4.93832   83.6668   0.06481157304062672
-4.2186   84.8918   0.06695971624790827
-2.798   84.8872   0.06270738473258072
-2.0786   86.1124   0.06491393455954171
-0.65812   86.1083   0.06168961095679093
0.0609673   87.3339   0.06405600073568621
1.48133   87.3303   0.062475784108724855
2.20013   88.5561   0.06507474548548169
3.62038   88.553   0.06543603288708917
4.33894   89.779   0.06839417811480787
5.75908   89.7762   0.07086868419831266
6.47746   91.0025   0.07412334922276428
7.89749   90.9999   0.07846329332879169
8.61578   92.2263   0.08203740671181589
10.0357   92.224   0.08802511005389427
-10.6554   78.7794   0.07022143547379887
-9.23446   78.7718   0.06612990322086099
-8.51467   79.9964   0.06790010603821175
-7.09381   79.9895   0.06362419036812395
-6.37431   81.2144   0.06556780383694477
-4.95355   81.2081   0.061390130314247796
-4.23437   82.4333   0.0634370877326509
-2.81373   82.4276   0.05967467553326254
-2.09487   83.6531   0.0619913703671734
-0.674338   83.648   0.05902611477134764
0.0441873   84.8738   0.06163887920209329
1.46461   84.8693   0.06008009320898276
2.18282   86.0953   0.06304837904339831
3.60313   86.0912   0.0632366104404724
4.32107   87.3175   0.06655150561782691
5.74127   87.3138   0.0685659106262024
6.45898   88.5404   0.07230782530266472
7.87908   88.5369   0.07607409611687782
8.59663   89.7637   0.08013910655853244
10.0166   89.7605   0.08544770330441613
10.7341   90.9873   0.08966470877664634
12.154   90.9843   0.09609479694552467
12.8714   92.2112   0.10056137429451728
-9.24762   76.3147   0.06324008301702243
-8.52836   77.5395   0.06452248367816846
-7.10747   77.5315   0.060975811597719476
-6.38851   78.7566   0.0624850254060913
-4.96772   78.7493   0.05883590825337658
-4.24909   79.9747   0.060720679344027015
-2.8284   79.9681   0.057275649276112846
-2.1101   81.1938   0.05944490222046241
-0.689526   81.1877   0.05679509573898329
0.0284317   82.4137   0.05938742039489726
1.4489   82.4081   0.05786975116587223
2.16653   83.6344   0.06097118663762265
3.58689   83.6294   0.06097024192177859
4.30422   84.8559   0.06454716415149786
5.72447   84.8513   0.06614773238743961
6.44154   86.0781   0.0702767358376868
7.86168   86.0738   0.07343278286978158
8.57855   87.3008   0.0779304978811218
9.99859   87.2967   0.08248946660029267
10.7153   88.5239   0.08723428225187914
12.1353   88.52   0.09285192512812503
12.8519   89.7473   0.09794983409888498
14.2717   89.7435   0.10445597158611891
-8.54102   75.0826   0.06303665282992374
-7.12012   75.0736   0.06007213080955278
-6.40167   76.2989   0.06100499979509708
-4.98086   76.2906   0.05788191513763055
-4.26276   77.5162   0.05917083825669999
-2.84205   77.5085   0.0561715417271095
-2.1243   78.7344   0.057838979935682946
-0.70369   78.7273   0.05536517137154285
0.0137043   79.9535   0.05768202625784094
1.43421   79.9469   0.05617404738845434
2.15126   81.1734   0.05915912524708452
3.57166   81.1674   0.05880301097733096
4.28838   82.3942   0.062466045976995135
5.70868   82.3886   0.06366155904468279
6.42512   83.6156   0.0679357608333047
7.84531   83.6104   0.07054298618573122
8.5615   84.8376   0.07529078031206662
9.98159   84.8327   0.0792460226131256
10.6976   86.0601   0.0844277797884111
12.1176   86.0554   0.0893815417186402
12.8335   87.283   0.09491122167583964
14.2534   87.2784   0.10067363110567835
14.9692   88.5061   0.10637654816734675
-7.13182   72.6158   0.06166299052105933
-6.41385   73.8412   0.06165842683688905
-4.99303   73.8319   0.05902654995847431
-4.27543   75.0577   0.059376918074285336
-2.8547   75.0489   0.05679801140885278
-2.13748   76.275   0.057678543670936014
-0.716845   76.2668   0.055367891814663985
1.86703e-09   77.4933   0.0570000000000395
1.42053   77.4857   0.055374688260976336
2.13701   78.7124   0.057842528471707774
3.55744   78.7053   0.05726667530073609
4.27357   79.9323   0.060700738051525954
5.69391   79.9257   0.061359191650482064
6.40972   81.153   0.06557719191914732
7.82996   81.1468   0.06756372103429231
8.5455   82.3743   0.07248431830403804
9.96563   82.3685   0.07582202912082912
10.681   83.5962   0.08119685954518034
12.101   83.5906   0.08548707504646454
12.8161   84.8185   0.09143188721666502
14.2361   84.813   0.09638449045360072
14.9511   86.041   0.10268344559859384
16.3709   86.0356   0.10831841948625999
-32.3418   114.499   0.20806845027539134
-31.6108   115.718   0.21035560368100306
-30.1912   115.715   0.20059823030126106
-31.6501   113.26   0.21199301875297097
-30.2303   113.256   0.20331935471075419
-29.4995   114.476   0.20445931135559237
-28.0798   114.474   0.1939769573944265
-27.3496   115.694   0.1952605951030547
-25.93   115.693   0.1838923054398939
-30.2686   110.798   0.20479550776323052
-29.5376   112.018   0.20561519885455753
-28.1177   112.015   0.19621511154851912
-27.3872   113.235   0.1980734459739607
-25.9674   113.234   0.18689269648652423
-25.2374   114.455   0.18704429956564492
-23.8177   114.455   0.17497442670287727
-23.0883   115.675   0.17612921393113798
-21.6687   115.676   0.16322907216546242
-29.5745   109.56   0.20705472706509578
-28.1545   109.558   0.19699873096037318
-27.424   110.777   0.19951613969802304
-26.004   110.776   0.18851761190934066
-25.2739   111.996   0.18935313570152618
-23.8541   111.996   0.17747611106851424
-23.1244   113.217   0.1783049354336535
-21.7047   113.217   0.16558867714913458
-20.9754   114.438   0.16649924924755868
-19.5558   114.44   0.15297594582155766
-18.827   115.661   0.15308690342416237
-17.4075   115.663   0.13974923971171485
-28.1896   107.101   0.19761351168379696
-27.4594   108.32   0.2001200139916065
-26.0393   108.319   0.18932884090914576
-25.3093   109.539   0.1900536766284739
-23.8894   109.538   0.179255069663317
-23.1597   110.759   0.17995699486266292
-21.7399   110.759   0.168349873774824
-21.0106   111.98   0.1681664948793242
-19.5908   111.981   0.15568603020182256
-18.8619   113.202   0.1555313473226589
-17.4422   113.204   0.1423401910916277
-16.7137   114.425   0.14307302331327654
-15.2941   114.428   0.12934079016304273
-14.5659   115.649   0.12925308506956057
-13.1464   115.652   0.11592023119370055
-27.4931   105.864   0.19946751615237857
-26.0728   105.862   0.18972983423805695
-25.3432   107.082   0.19053865749500934
-23.923   107.081   0.1798995553079553
-23.1937   108.301   0.1815369108473471
-21.7737   108.301   0.17006060684356178
-21.0447   109.522   0.16990267802480036
-19.6248   109.523   0.15764609097595858
-18.896   110.744   0.15823226598895862
-17.4762   110.745   0.14601164337133513
-16.7477   111.967   0.14489430630635217
-15.328   111.969   0.13214174208024454
-14.5997   113.19   0.131800151744985
-13.1801   113.193   0.11857023235196808
-12.4521   114.415   0.11832666647885834
-11.0326   114.418   0.10572435859346005
-10.3049   115.64   0.10479374981361916
-8.88534   115.644   0.09252557700441373
-26.1043   103.406   0.1886072639110134
-25.3752   104.626   0.18958884460853548
-23.9549   104.624   0.18000394440122724
-23.226   105.845   0.18089256480021654
-21.8058   105.844   0.17044741124464222
-21.0772   107.065   0.17046289918923427
-19.6572   107.065   0.15922989669029275
-18.9288   108.286   0.15988045534086168
-17.5088   108.287   0.1478147489258056
-16.7807   109.508   0.14759139541315158
-15.3608   109.51   0.13492460857826508
-14.6328   110.732   0.1345411832860103
-13.2131   110.734   0.12217110951448307
-12.4853   111.956   0.12102156832565451
-11.0656   111.959   0.10840571940631175
-10.3379   113.181   0.10729333623296779
-8.91834   113.184   0.09563400493548191
-8.19083   114.406   0.09522884279460243
-6.77129   114.41   0.0843127445882289
-6.04392   115.632   0.08351266730263303
-4.62441   115.636   0.07488599668830298
-25.4054   102.171   0.18699596252324846
-23.9848   102.168   0.17836841088040056
-23.2565   103.389   0.17953832459952115
-21.8361   103.387   0.17011646010895015
-21.108   104.608   0.1703720927851719
-19.6878   104.608   0.15930251096576453
-18.9599   105.829   0.16017243832820252
-17.5398   105.829   0.14908269517284742
-16.8121   107.051   0.14825734383160064
-15.3921   107.052   0.1364735871881407
-14.6646   108.274   0.13627846491651277
-13.2447   108.276   0.12396515639485581
-12.5173   109.497   0.12359939320239373
-11.0976   109.5   0.11109320411257922
-10.3703   110.722   0.1098544946736471
-8.95057   110.725   0.09820520149157486
-8.22333   111.947   0.09764737579679507
-6.80371   111.95   0.08715187892409365
-6.07651   113.173   0.08554923786919512
-4.65695   113.176   0.0770311138436914
-3.92977   114.399   0.07613312354028134
-2.51025   114.402   0.0704046340804377
-1.78308   115.625   0.06969611825633062
-0.363579   115.629   0.06756915379076724
-24.013   99.7129   0.17554654653395788
-23.2851   100.933   0.1772663814714956
-21.8645   100.931   0.16787209416695506
-21.137   102.152   0.16854984425979658
-19.7165   102.151   0.15837550315626908
-18.9892   103.372   0.15962662685154325
-17.5689   103.372   0.14866623692015488
-16.8418   104.594   0.14817158971949076
-15.4217   104.594   0.1373349190846962
-14.6948   105.816   0.1373918847676197
-13.2747   105.817   0.12594415429071082
-12.5479   107.039   0.12503759434666367
-11.128   107.041   0.1133112968772347
-10.4013   108.263   0.11292439948921706
-8.98149   108.266   0.10119498801817878
-8.25478   109.488   0.09996609475217091
-6.83506   109.491   0.08944707988526562
-6.10832   110.713   0.08826082086634542
-4.68868   110.717   0.07898593292479515
-3.96189   111.939   0.07834219105948524
-2.54231   111.943   0.07169805366953996
-1.81544   113.165   0.07087679733170725
-0.395901   113.169   0.06809598291382565
0.331078   114.391   0.0676777282420176
-23.312   98.4787   0.172759283397441
-21.8912   98.4758   0.16415644976667684
-21.1641   99.6968   0.16555159316660845
-19.7435   99.6949   0.1561392327379593
-19.0167   100.916   0.1573691519961901
-17.5963   100.915   0.14731574932776184
-16.8698   102.137   0.14730054310830462
-15.4495   102.137   0.13656038957179278
-14.7231   103.359   0.13694016941716516
-13.303   103.359   0.12635525315554164
-12.5768   104.581   0.12582785860054582
-11.1568   104.583   0.11415012045548453
-10.4307   105.805   0.11404165905491977
-9.01076   105.807   0.10291993781576209
-8.28473   107.029   0.10194143612879411
-6.8649   107.032   0.09134038591992104
-6.13883   108.254   0.09078317244952477
-4.71909   108.257   0.08158216716905559
-3.99294   109.48   0.08012163003833431
-2.57328   109.483   0.07347257991931419
-1.84698   110.706   0.07225932742560204
-0.427388   110.709   0.06898001232241135
0.299083   111.932   0.068230612513741
1.71863   111.935   0.06883262307947027
-21.9162   96.0209   0.1591489239674602
-21.1896   97.2419   0.1608918891678497
-19.7689   97.2392   0.1521918854604343
-19.0426   98.4606   0.1535870437244026
-17.622   98.4589   0.144210852573585
-16.8959   99.6806   0.14512842588549035
-15.4755   99.6797   0.13513804053633288
-14.7497   100.902   0.13546121216052565
-13.3294   100.902   0.12504899039976572
-12.6039   102.124   0.12493538329873431
-11.1837   102.125   0.11409754598587939
-10.4583   103.347   0.11433044214032208
-9.03825   103.348   0.10388012370035009
-8.31295   104.571   0.10273270219360489
-6.893   104.573   0.09263275284693386
-6.1677   105.796   0.09181313903793346
-4.74785   105.798   0.08305240755089599
-4.02247   107.021   0.08171916788612398
-2.60271   107.023   0.07511550039772347
-1.8772   108.246   0.07386037909461486
-0.457523   108.249   0.07008171519019835
0.268195   109.472   0.06912754652814111
1.6878   109.475   0.06909464812848967
2.41378   110.698   0.0685513099801888
-21.2135   94.7875   0.15490671386353885
-19.7926   94.784   0.1469226667332135
-19.0668   96.0055   0.14857543538553444
-17.646   96.0029   0.13995835094770243
-16.9205   97.2248   0.14120084985579393
-15.4999   97.2231   0.13191940721516457
-14.7747   98.4452   0.13282861137571383
-13.3542   98.4444   0.12303369457184964
-12.6293   99.6668   0.12358373679412986
-11.2089   99.6666   0.11341450524514217
-10.4842   100.889   0.113742032688008
-9.06399   100.89   0.10337830575125788
-8.33939   102.113   0.10260575081349345
-6.91931   102.114   0.09309450520841366
-6.19478   103.337   0.0926675261351029
-4.77482   103.338   0.08428121083610776
-4.05027   104.562   0.08284724738939746
-2.6304   104.564   0.07612446978469263
-1.90576   105.787   0.0752663198250064
-0.485986   105.789   0.07116997178586044
0.238843   107.013   0.07025379438151647
1.65853   107.015   0.06969629904091405
2.38361   108.239   0.06927091814030173
3.80323   108.241   0.07252044125624238
-19.0895   93.5507   0.1424085671580146
-17.6686   93.5474   0.13444333378789078
-16.9436   94.7693   0.13599874999425984
-15.5228   94.7668   0.12746219047231028
-14.7981   95.9891   0.12870217558379077
-13.3775   95.9874   0.11966277616703638
-12.653   97.21   0.12049107850791307
-11.2326   97.209   0.11117917970555562
-10.5084   98.4319   0.11154093419010057
-9.08808   98.4316   0.10202873369791132
-8.36412   99.6548   0.10193557965696587
-6.94393   99.655   0.0928472083586817
-6.22011   100.878   0.09270023139130035
-4.80003   100.879   0.08430817338787523
-4.07628   102.103   0.0833349416511485
-2.65631   102.104   0.07678495946472938
-1.93252   103.328   0.0760188930463997
-0.512653   103.329   0.07186298432433917
0.211248   104.553   0.07112441584294386
1.63102   104.555   0.07031786686184589
2.35513   105.779   0.06966607854616197
3.77483   105.781   0.0724015945957038
4.49922   107.005   0.07244999378882037
-14.8201   93.5333   0.12339894651090669
-13.3993   93.5308   0.11497865019211401
-12.6754   94.7535   0.11630064488213321
-11.2548   94.7517   0.10754831472412735
-10.5311   95.9747   0.10842495100298483
-9.11069   95.9736   0.09958294231443439
-8.3873   97.1969   0.0999391119632384
-6.96699   97.1964   0.09133598907331114
-6.24381   98.42   0.09131859011175937
-4.82362   98.42   0.08346922546663728
-4.10058   99.6438   0.0832060093983646
-2.68051   99.6444   0.07671181460505293
-1.95753   100.868   0.07640641072580673
-0.537563   100.869   0.07203470374757004
0.185448   102.093   0.07169358587767803
1.60532   102.095   0.0706045246425493
2.32846   103.319   0.07026141473098955
3.74823   103.32   0.072261683484398
4.4716   104.544   0.07244971773581813
5.89129   104.546   0.07808965936665946
-10.5525   93.5178   0.10427828153552278
-9.13195   93.5158   0.09604130153220705
-8.40907   94.7393   0.09687177917226325
-6.98864   94.738   0.08880911496012463
-6.26604   95.9618   0.08920729846823454
-4.84574   95.961   0.08178069209783094
-4.12334   97.185   0.0820129892151247
-2.70317   97.1848   0.0757585302127758
-1.98091   98.409   0.07585048516654266
-0.560848   98.4092   0.07165745820219994
0.161349   99.6336   0.07167859931667395
1.58131   99.6341   0.07026044406350092
2.30354   100.859   0.0704905135461507
3.72341   100.859   0.07203801843471201
4.44577   102.084   0.07281427675944237
5.86555   102.085   0.07777630037485025
6.58815   103.31   0.07842380059650739
-6.28694   93.5036   0.08642048889007736
-4.86654   93.502   0.07938050201403433
-4.14472   94.7263   0.08007440040362658
-2.72445   94.7252   0.07418676499214961
-2.00284   95.9497   0.07467815209283069
-0.582678   95.9491   0.07059024635882956
0.138792   97.1737   0.07111761326141411
1.55884   97.1735   0.06953159641486918
2.28026   98.3983   0.07024653799298661
3.7002   98.3985   0.07173235601874743
4.42166   99.6233   0.07256708689206287
5.84151   99.6237   0.07698417304875531
6.5631   100.849   0.07821306540470221
7.98287   100.849   0.08477682525313733
-2.02346   93.4904   0.07286841290984994
-0.603216   93.4889   0.06893484239482961
0.117602   94.7139   0.07000921367934465
1.53774   94.7129   0.06837395995553003
2.25842   95.938   0.06959037361589732
3.67845   95.9373   0.07068806405610709
4.39908   97.1625   0.07208151566109207
5.81901   97.1622   0.07600347623628526
6.53968   98.3875   0.07770697266011832
7.95952   98.3873   0.08395905192413901
8.68033   99.6126   0.08585395797516228
2.23786   93.4775   0.06846692632213304
3.65797   93.476   0.06926170947933663
4.37786   94.7015   0.07123996139807794
5.79786   94.7004   0.07458618437753994
6.5177   95.926   0.07681482213740082
7.93761   95.9251   0.08242624642672677
8.6575   97.1509   0.08500401402286072
10.0773   97.1501   0.09235177312861709
6.49701   93.4644   0.07565897435201893
7.91698   93.4627   0.08066376447947257
8.63603   94.6887   0.08364412711003642
10.0559   94.6872   0.09036979583910398
10.775   95.9134   0.09350524049485151
10.754   93.4505   0.09173576183801035
12.1738   93.4483   0.09894998736736073
54.9373   22.7916   0.09894998736735879
56.3572   22.7894   0.09178398553124689
56.3361   20.3265   0.09350524049485326
57.0552   21.5527   0.09032170281831384
58.4751   21.5511   0.08364412711003368
59.1941   22.7772   0.0806284069047644
60.6141   22.7755   0.07564826501645736
57.0338   19.0898   0.09235177312862058
58.4536   19.089   0.08494786636520271
59.1735   20.3147   0.08249721207410571
60.5934   20.3138   0.0768311134892667
61.3133   21.5395   0.07462452679917089
62.7333   21.5383   0.07127362766128881
63.4532   22.7639   0.06926947379618457
64.8733   22.7624   0.0684669263221323
58.4308   16.6272   0.08585907057498632
59.1516   17.8525   0.08401606989142248
60.5714   17.8524   0.07768487626301514
61.2921   19.0777   0.07599236803784928
62.712   19.0773   0.0721045074874008
63.4327   20.3026   0.07066102178711992
64.8527   20.3019   0.06959626426755912
65.5734   21.527   0.06838574412844026
66.9935   21.526   0.0700072853351711
67.7143   22.7509   0.06891393182803782
69.1346   22.7495   0.0728901913840342
59.1283   15.3906   0.08523338547775874
60.548   15.3912   0.07818081606123242
61.2696   16.6161   0.0770570567826218
62.6895   16.6165   0.07261425479890762
63.4109   17.8414   0.07165144799653524
64.8309   17.8415   0.07027446193319868
65.5523   19.0663   0.06953394854314565
66.9723   19.0661   0.07108797366643668
67.6938   20.2908   0.07056606833316177
69.114   20.2902   0.07468928972751215
69.8356   21.5147   0.07418112967594875
71.2558   21.5136   0.08004305091636522
71.9777   22.7378   0.07938582996983734
73.3981   22.7362   0.0863917820165816
60.523   12.9303   0.07844902803731917
61.2456   14.1548   0.07773422669584108
62.6654   14.1559   0.07276819360132636
63.3877   15.3804   0.07231694130699998
64.8076   15.3813   0.07047446346017888
65.5298   16.6058   0.0702604440634964
66.9498   16.6063   0.07171338787144627
67.672   17.8307   0.0716846566567776
69.092   17.8309   0.07585604788017686
69.8143   19.0551   0.07577558973707091
71.2345   19.0549   0.08205498156723834
71.9569   20.2789   0.08184607504334127
73.3772   20.2781   0.08924634446295186
74.0998   21.5019   0.08884486479251433
75.5202   21.5006   0.09685298136867133
76.2431   22.7241   0.09607070313056129
77.6636   22.7221   0.10423286429913127
61.2198   11.6937   0.07811497935735795
62.6395   11.6955   0.07255818354948154
63.3629   12.9196   0.07249668957959536
64.7827   12.9212   0.07027239856444463
65.5058   14.1453   0.07045381465896071
66.9257   14.1466   0.07170397478522714
67.6487   15.3706   0.07202950784227523
69.0687   15.3716   0.07633806390000494
69.7916   16.5955   0.07668383141184644
71.2117   16.596   0.08317289221856097
71.9347   17.8198   0.08340389679146326
73.3549   17.8199   0.09134883688367196
74.0781   19.0435   0.0913208081436054
75.4984   19.0429   0.09988087905100028
76.2218   20.2663   0.09957323937685113
77.6423   20.2652   0.1084697192768599
78.3659   21.4882   0.10754831472412567
79.7865   21.4864   0.11630064488213712
80.5105   22.7091   0.1150253885018407
81.9312   22.7066   0.12346857899886982
62.6119   9.23531   0.07229190826088404
63.3363   10.4589   0.07263153585048651
64.756   10.4612   0.0697138436754127
65.4801   11.6849   0.07030576078814565
66.8999   11.6869   0.07110914146577597
67.6238   12.9106   0.07189499287154842
69.0436   12.9122   0.07597288990159383
69.7674   14.1359   0.07684022384142038
71.1874   14.1371   0.08347969813074227
71.9112   15.3607   0.08421787221249265
73.3312   15.3615   0.09243662693975742
74.0551   16.5849   0.09289154966949613
75.4752   16.5851   0.10189975466114337
76.1992   17.8083   0.10200509791182477
77.6195   17.808   0.11149757844904165
78.3437   19.0309   0.11113316336720015
79.7642   19.0299   0.12053368823694317
80.4886   20.2525   0.11961726464018807
81.9092   20.2508   0.12877212431268215
82.6339   21.473   0.1273468099325609
84.0547   21.4706   0.13599874999425726
84.7797   22.6925   0.13439694937014396
86.2006   22.6891   0.14233302498014486
63.3079   7.99844   0.07252124102633845
64.7275   8.00133   0.0690537623884503
65.4526   9.22459   0.0697588281151612
66.8723   9.22724   0.0702607778209182
67.5971   10.4506   0.0711625603811454
69.0169   10.4529   0.07520146275173234
69.7415   11.6762   0.0762030839271016
71.1614   11.6782   0.0830326441828759
71.8859   12.9014   0.08397553215074338
73.3059   12.903   0.09262882920559824
74.0304   14.1261   0.09331248576691015
75.4505   14.1271   0.1028885805131032
76.1751   15.3501   0.10342896112791795
77.5953   15.3505   0.11343059551990577
78.3201   16.5732   0.1134586268205303
79.7404   16.5731   0.12358373679412314
80.4653   17.7955   0.12303369457185047
81.8858   17.7946   0.13282861137571278
82.611   19.0168   0.13191940721516457
84.0316   19.0151   0.14120084985579917
84.7572   20.2369   0.13992983956254584
86.1779   20.2344   0.14857543538553172
86.9037   21.4559   0.14699802719764957
88.3246   21.4524   0.1548628425413963
64.6973   5.54156   0.06851927028216219
65.4233   6.76444   0.06923144155656295
66.8429   6.76765   0.06910421405384963
67.5686   7.9906   0.07007842820726128
68.9883   7.99354   0.07386568621491356
69.7138   9.21652   0.07501734732713944
71.1336   9.21913   0.08182558340764118
71.859   10.4421   0.08297162165463469
73.2788   10.4443   0.09184263715725872
74.0041   11.6672   0.09284126237832017
75.4241   11.6689   0.10285154349838257
76.1494   12.8916   0.10359276036480519
77.5694   12.8928   0.11413912563183798
78.2948   14.1154   0.11461845401155704
79.715   14.1159   0.12520786716497076
80.4405   15.3382   0.12514231898123243
81.8609   15.3381   0.1356425080865174
82.5866   16.5602   0.13513804053633657
84.0071   16.5593   0.14516711060015988
84.7331   17.781   0.1442108525735764
86.1537   17.7793   0.15358704372439716
86.88   19.0006   0.15219188546042312
88.3007   18.998   0.1608918891678569
89.0273   20.219   0.15914892396745858
65.3925   4.30444   0.06898661101982291
66.812   4.30806   0.06822528929949696
67.5385   5.53071   0.06897427056518743
68.9581   5.53415   0.0724028487008652
69.6844   6.75682   0.07344817492626787
71.1041   6.75999   0.08016772979198371
71.8302   7.98264   0.08131130548700215
73.25   7.98546   0.09035187933851042
73.976   9.20806   0.09146995626980553
75.3959   9.21045   0.10177697382020913
76.1219   10.4329   0.10276035227654821
77.5418   10.4348   0.11377899630423663
78.2679   11.6572   0.11453475455074595
79.6879   11.6585   0.1257579420951215
80.4141   12.8806   0.12601150741103156
81.8343   12.8813   0.13708628669564238
82.5606   14.1031   0.1369916055822375
83.9809   14.103   0.14764210104167858
84.7074   15.3246   0.14709187605031537
86.1279   15.3237   0.15721415330688424
86.8547   16.545   0.15625639186925855
88.2753   16.5431   0.16555159316660145
89.0023   17.764   0.1640360326269811
90.4231   17.7612   0.17271878878685964
66.78   1.84846   0.06766364164010445
67.507   3.0709   0.0680800146886016
68.9266   3.07468   0.07089828206663536
69.6534   4.29713   0.07169991701529742
71.073   4.30072   0.07820962920254676
71.7998   5.52315   0.07923548699919813
73.2195   5.52646   0.08827842375121953
73.9462   6.74884   0.08941835661652785
75.3659   6.75179   0.0999076478554082
76.0926   7.97407   0.10103188853030756
77.5124   7.97657   0.11242790089653369
78.2392   9.19871   0.11332387612502688
79.6591   9.20067   0.1250235721774077
80.3859   10.4226   0.12555421139890632
81.8059   10.424   0.1372420125180309
82.5328   11.6457   0.13740847863213898
83.953   11.6463   0.14874252922416184
84.6801   12.8678   0.14854985695045056
86.1003   12.8676   0.15931107933851002
86.8277   14.0888   0.1587234387228283
88.2481   14.0877   0.16879022483544492
88.9757   15.3085   0.1675943018124456
90.3962   15.3065   0.17694160053531424
91.1241   16.5269   0.1754664070413467
67.4747   0.611183   0.0675644016402153
68.8942   0.615111   0.06979138081454084
69.6214   1.83746   0.07025671569323527
71.0409   1.8413   0.07620950662482846
71.7681   3.06361   0.07705570452601473
73.1876   3.06726   0.08593724454507734
73.9148   4.28949   0.08687790340472014
75.3345   4.29286   0.09756999743773831
76.0617   5.51499   0.09856979709829906
77.4814   5.51799   0.11024099237579532
78.2087   6.73998   0.11118217887773106
79.6285   6.74251   0.12336138942148958
80.3559   7.96432   0.12402924050400775
81.7757   7.96628   0.13626889006666512
82.5033   9.18788   0.13660948868947645
83.9233   9.18918   0.14865224518990452
84.6509   10.4105   0.14858519441721135
86.071   10.4111   0.16017243832819617
86.7989   11.6321   0.15974454607278424
88.2191   11.6318   0.1706169393700407
88.9472   12.8525   0.16967907944115995
90.3676   12.8512   0.17970322757257381
91.096   14.0716   0.1785310337168339
92.5165   14.0691   0.18757659768744792
71.7355   0.604013   0.07502494865709779
73.1551   0.607812   0.083602400737061
73.8824   1.83003   0.08427078319322959
75.302   1.83365   0.09494443058968752
76.0295   3.05573   0.0957681053378429
77.4491   3.05907   0.10771333993521953
78.1767   4.28099   0.1084341348469197
79.5964   4.28395   0.12102925307544618
80.3242   5.50568   0.12164485192559507
81.7439   5.50814   0.13436628446154153
82.4719   6.72966   0.13481568751447512
83.8918   6.73152   0.14737195425182076
84.6199   7.95279   0.14746373655919756
86.0399   7.95393   0.15964936078794628
86.7683   9.17492   0.15944871557965073
88.1884   9.17522   0.17097235566020563
88.917   10.3959   0.1703135050429044
90.3372   10.3952   0.18100513804862026
91.066   11.6156   0.18008672910572965
92.4864   11.6138   0.18987329986072593
93.2155   12.8338   0.18855953966851224
75.9965   0.596287   0.09297134118103276
77.416   0.599767   0.104907367310406
78.1437   1.82176   0.10550210471834302
79.5632   1.82495   0.118255182127465
80.2912   3.04673   0.11875181051251466
81.7109   3.04952   0.1318601289245534
82.4391   4.27105   0.13224610580277799
83.8588   4.27333   0.14526194821769492
84.5873   5.49459   0.14538499785053483
86.0071   5.49623   0.1581645232028985
86.7359   6.7172   0.15798991613391117
88.1558   6.71806   0.1701758572771145
88.8848   7.93871   0.16966558549099017
90.3049   7.93866   0.18112194814544164
91.0342   9.15897   0.18023143344045287
92.4543   9.15787   0.19077971170960725
93.1839   10.3778   0.18956014876550112
94.6042   10.3755   0.19903652931057966
80.2575   0.587447   0.11581195199546676
81.677   0.590383   0.12909795449967526
82.4052   1.81206   0.12938215680688114
83.8248   1.81458   0.14272069961992231
84.5533   3.03595   0.14277885137512322
85.973   3.03792   0.15596554106596805
86.7019   4.25896   0.15577146722041124
88.1217   4.26024   0.1685027002751003
88.851   5.48094   0.16805712005148823
90.2709   5.48138   0.18005358119182194
91.0005   6.70172   0.17926371662999957
92.4205   6.70116   0.19046679736899222
93.1504   7.92112   0.1893201787977213
94.5705   7.9194   0.19946360169213764
95.3007   9.13899   0.19798571892942185
84.5186   0.576839   0.1400116702600186
85.9382   0.57894   0.15346150514379786
86.6669   1.8002   0.15318621870129215
88.0865   1.80171   0.16628450799758926
88.8158   3.02259   0.16576504456609603
90.2355   3.02335   0.17828698886907154
90.9652   4.24382   0.17748495739076042
92.385   4.24366   0.1892274546676574
93.1152   5.46373   0.1880841835455605
94.5351   5.46246   0.19883457345240715
95.2656   6.68211   0.19739630822282656
96.6857   6.67955   0.2069861348013431
88.7798   0.563648   0.16337137743191213
90.1994   0.564524   0.17617170715242575
90.9289   1.78528   0.17529957102058258
92.3485   1.78534   0.18744048015303533
93.0785   3.00563   0.18624009799181301
94.4983   3.00466   0.1974613858454369
95.2288   4.22449   0.19594784612238234
96.6487   4.2223   0.20611553192324078
97.3797   5.44167   0.20430976579693996
93.0411   0.546825   0.184242511817985
94.4607   0.545953   0.19574642417168195
95.1909   1.76612   0.19420639150141258
96.6106   1.76411   0.20469967659964788
97.3414   2.98375   0.20281632700549482
98.7612   2.98037   0.21207580743687024
97.3023   0.52503   0.20118437668964398
98.722   0.521727   0.21067865657441417
99.453   1.74122   0.20844474087872797
52.142   27.7338   0.1063765481673509
52.8578   28.9615   0.10071241234326463
54.2777   28.9569   0.09491122167584001
54.9935   30.1845   0.08938154171863517
56.4135   30.1797   0.08445371513438703
57.1295   31.4072   0.07917834299857543
58.5496   31.4022   0.07532569282788038
59.2658   32.6295   0.07055246274936329
60.686   32.6243   0.06792267662570675
61.4024   33.8513   0.06363717467015732
62.8227   33.8457   0.06244661720221552
63.5395   35.0725   0.058800850333987444
64.9599   35.0664   0.0591779519753798
65.6769   36.293   0.056152916219910864
67.0974   36.2864   0.05767607823006118
67.8148   37.5126   0.05536072615131029
69.2354   37.5055   0.05783536980084282
69.9532   38.7314   0.05617125599450659
71.3739   38.7237   0.059171192315183044
72.092   39.9493   0.05788212159207813
73.5128   39.9409   0.06096736832109433
74.2312   41.1662   0.0600762848385319
75.6522   41.1573   0.06307971147683031
52.8394   26.4964   0.10445597158611818
54.2592   26.4926   0.09794983409889019
54.9759   27.7199   0.09289289531498357
56.3958   27.716   0.08723428225187829
57.1125   28.9432   0.08241880853300315
58.5326   28.9391   0.07789255420128414
59.2494   30.1661   0.07341730041346163
60.6696   30.1618   0.07029288726464634
61.3867   31.3886   0.06616592778764757
62.8069   31.384   0.06455462802928986
63.5242   32.6105   0.06096367771058484
64.9446   32.6055   0.060984424240944475
65.6622   33.8317   0.05786691628210476
67.0827   33.8262   0.0593990740668594
67.8007   35.0522   0.05681144250941294
69.2212   35.0461   0.05944947434586886
69.9395   36.2718   0.057275649276111625
71.3602   36.2651   0.06069736402843424
72.0789   37.4905   0.05881547415434127
73.4996   37.4832   0.06243356469079587
74.2186   38.7083   0.060936114086804175
75.6395   38.7004   0.0645685682046634
76.3588   39.9252   0.06324713432243277
54.2397   24.0286   0.10059110298629713
54.9571   25.2556   0.09605123632728343
56.377   25.2525   0.08968779181137308
57.0945   26.4794   0.08540362989943841
58.5145   26.4762   0.08006853314505225
59.2321   27.7029   0.07613862357568754
60.6521   27.6995   0.07228008024345434
61.3699   28.9261   0.06857025594235612
62.7901   28.9223   0.06660060059789424
63.508   30.1487   0.06322412514223151
64.9283   30.1446   0.06304419085054445
65.6465   31.3706   0.060064631856028124
67.0669   31.3661   0.06162142484558994
67.7855   32.5918   0.05902889123133134
69.206   32.5868   0.06199137036717265
69.9249   33.8123   0.0596839174317517
71.3455   33.8066   0.06344005044134396
72.0647   35.0318   0.06139283345798541
73.4854   35.0255   0.06555997254423163
74.2049   36.2504   0.06361462096090699
75.6258   36.2435   0.06795608876326072
76.3456   37.4681   0.06613206483998955
77.7666   37.4605   0.07024286440628977
57.0754   24.0159   0.08802511005389427
58.4954   24.0135   0.0820822148823938
59.2136   25.24   0.07845368060199681
60.6337   25.2374   0.07415881606390398
61.3521   26.4637   0.07090768646627828
62.7722   26.4608   0.0684614490059927
63.4908   27.6869   0.06547472794903456
64.911   27.6837   0.06511881448552533
65.6298   28.9096   0.06249439974909861
67.0502   28.906   0.06405185399346706
67.7692   30.1315   0.06168354723911478
69.1897   30.1274   0.06486933019540618
69.9091   31.3527   0.06271140247195797
71.3297   31.3481   0.06693683589773747
72.0494   32.5731   0.06484512317823578
73.4702   32.5678   0.06966240018833879
74.1902   33.7925   0.06754887119708541
75.611   33.7866   0.07256176679216347
76.3314   35.011   0.07053764952137362
77.7523   35.0043   0.07528784762496736
78.4729   36.2285   0.07341900298968597
61.3332   24.0015   0.07286096348525746
62.7533   23.9995   0.07003670466262778
63.4725   25.2253   0.0675059997333562
64.8927   25.223   0.06692936575226065
65.6121   26.4486   0.06480563247126314
67.0324   26.4459   0.06638102138412516
67.752   27.6713   0.06442802185384432
69.1724   27.6681   0.06786530777945331
69.8924   28.8932   0.06593519545735614
71.3129   28.8895   0.07066894650410603
72.0331   30.1143   0.0687399447192126
73.4538   30.11   0.0741553099919408
74.1744   31.3345   0.07218871102880733
75.5951   31.3296   0.07779421572327876
76.316   32.5538   0.07580428747769191
77.7369   32.5481   0.0812094822049764
78.4581   33.772   0.07921735920869577
79.8791   33.7657   0.08449390510563781
65.5933   23.9878   0.06679243969193181
67.0135   23.9859   0.06838026030953702
67.7337   25.2111   0.06692996339458399
69.154   25.2088   0.07051205570680276
69.8745   26.4337   0.0690431748980322
71.295   26.4309   0.0741976414719492
72.0158   27.6555   0.0726603743453038
73.4363   27.6522   0.07856850514042157
74.1574   28.8765   0.07684757640940734
75.5781   28.8725   0.08316134919540698
76.2995   30.0965   0.08125306148078366
77.7204   30.0918   0.0874191054632824
78.4421   31.3155   0.08551309841188147
79.863   31.3101   0.09137061891001641
80.585   32.5336   0.08947055381521012
69.8556   23.9742   0.07190917882996518
71.276   23.9723   0.07744333412243645
71.9973   25.1967   0.07627883061505433
73.4178   25.1943   0.08280984241018584
74.1394   26.4184   0.08142911027389949
75.56   26.4153   0.0882653952577125
76.2819   27.6391   0.08665194746801202
77.7026   27.6354   0.09353747911933837
78.4249   28.8589   0.09176862208837655
79.8457   28.8545   0.09839176794834036
80.5682   30.0777   0.09644070717285763
81.9892   30.0725   0.10267833267053277
74.1202   23.9602   0.08546625064901442
75.5407   23.958   0.09289612478462086
76.2631   25.1817   0.09170943244835861
77.6837   25.1789   0.09924207776946153
78.4064   26.4022   0.09770020470807607
79.8272   26.3987   0.10503128105474717
80.5502   27.6217   0.10322601416309914
81.9712   27.6174   0.11020072595042141
82.6945   28.8401   0.10822388830568178
84.1155   28.835   0.11463869329332316
78.3868   23.9453   0.10304911450371798
79.8075   23.9426   0.11102621312104517
80.531   25.1655   0.10955240754999761
81.9518   25.1621   0.11714730043838117
82.6756   26.3847   0.11532189731356292
84.0966   26.3804   0.12243925024272094
84.8206   27.6027   0.12051933454844328
82.6555   23.929   0.12185671914178918
84.0763   23.9256   0.12966823049614123
84.8009   25.1477   0.12787134158989416
86.2219   25.1435   0.13511287873478553
86.926   23.9108   0.14063655285878093
41.6325   46.3036   0.09260091792201436
42.3295   45.0646   0.09331168201249004
43.7489   45.0524   0.09244317173269323
44.4583   46.2826   0.08423805553311549
45.8779   46.2707   0.08316567801683951
43.7366   42.5838   0.10195925656850022
44.4465   43.8139   0.0928467554629701
45.8661   43.8027   0.09136459927127061
46.5762   45.0326   0.08349772451989129
47.9959   45.0216   0.08200835323307151
48.7062   46.2514   0.07573334800469327
50.126   46.2403   0.07469598382778134
44.4339   41.3453   0.10202612410554492
45.8536   41.3349   0.0999437341707866
46.5642   42.5646   0.09134796111572573
47.9839   42.5543   0.08928616914170125
48.6947   43.784   0.08175622300473666
50.1145   43.7737   0.08007352870955857
50.8256   45.0032   0.0741240177000696
52.2455   44.9928   0.0728706388060391
52.9568   46.2221   0.06893772552093927
54.3768   46.2115   0.06844274979864438
45.8401   38.8671   0.10846607764642088
46.5513   40.0967   0.09956937280107885
47.9711   40.0872   0.09688890545361421
48.6824   41.3166   0.08883388992946445
50.1023   41.3072   0.08636538658513326
50.8138   42.5365   0.07933303221231809
52.2337   42.5269   0.07740839747727643
52.9456   43.756   0.07194692488216592
54.3656   43.7463   0.07058144232020344
55.0777   44.9752   0.06692428557705932
56.4978   44.9652   0.06635088545000804
57.2103   46.1939   0.06474457506232016
58.6304   46.1834   0.06510883196618066
46.5375   37.6289   0.107554916205629
47.9572   37.6201   0.10430158196307482
48.6692   38.8494   0.09601650899714746
50.089   38.8407   0.09291210900630972
50.8012   40.0698   0.08553624962552578
52.2211   40.0611   0.08271819630528605
52.9335   41.2901   0.07623686772159534
54.3535   41.2812   0.07420330181333154
55.0661   42.5099   0.06909182296046254
56.4862   42.5008   0.06786007662831288
57.1992   43.7293   0.06441374077011945
58.6194   43.7198   0.06402608843276683
59.3327   44.948   0.062493599672286626
60.7529   44.938   0.06307590665222483
61.4666   46.166   0.06329620841725504
62.887   46.1555   0.06455780355619459
47.9423   35.1532   0.11109860485173098
48.655   36.3823   0.10298101766830718
50.0748   36.3744   0.09921668206506401
50.7876   37.6033   0.09172382460408451
52.2075   37.5954   0.08823072027361388
52.9204   38.8241   0.08142812781834118
54.3404   38.8161   0.07856805966803777
55.0536   40.0446   0.07267606208374403
56.4737   40.0364   0.07063993204979564
57.1872   41.2647   0.06590925579917183
58.6074   41.2561   0.0648989214086029
59.3212   42.4842   0.06170664469893165
60.7415   42.4752   0.061601948021146984
61.4556   43.703   0.060079114507455525
62.876   43.6935   0.06096310359553567
63.5905   44.921   0.060981390604021475
65.011   44.9109   0.06247951664345804
65.726   46.1381   0.06363788180007224
67.1465   46.1275   0.06561356567052054
48.6396   33.9152   0.1094901365420693
50.0594   33.9081   0.10501261828942234
50.7729   35.1368   0.0977443092972668
52.1928   35.1297   0.09353763948272144
52.9064   36.3583   0.08663902123177387
54.3264   36.3511   0.08314499383606681
55.0402   37.5794   0.07689252239327311
56.4603   37.572   0.07416056903773088
57.1743   38.8002   0.0687248135683193
58.5945   38.7925   0.06694161635336017
59.3088   40.0204   0.06274583651526222
60.7291   40.0123   0.06199104774078209
61.4438   41.24   0.059034312056635875
62.8641   41.2315   0.05938871946759223
63.5792   42.4589   0.05785378120745458
64.9996   42.4498   0.05916967128521407
65.7151   43.6768   0.058801190464138516
67.1356   43.6672   0.060707577780704514
67.8515   44.8939   0.0613707585092467
69.2721   44.8837   0.06344966508973895
69.9884   46.1101   0.06483147383794477
71.4092   46.0993   0.06692002689778853
50.0429   31.4421   0.11012706297727455
50.7571   32.6705   0.10323458722734727
52.177   32.6642   0.09840802812778884
52.8913   33.8925   0.09176676958464089
54.3112   33.8862   0.0874343753909206
55.0257   35.1143   0.08128536153576721
56.4458   35.1078   0.07777409594460385
57.1604   36.3357   0.07219681433415293
58.5806   36.329   0.06961156513109232
59.2955   37.5567   0.06484296415186319
60.7158   37.5496   0.06340922645798741
61.431   38.7771   0.059653667112761634
62.8513   38.7695   0.05945519321304178
63.5669   39.9967   0.05678741057664418
64.9874   39.9886   0.057683099778013384
65.7033   41.2155   0.05616066238925784
67.1238   41.2069   0.057854731872166526
67.8402   42.4335   0.05728263262106801
69.2608   42.4243   0.05947142170824741
69.9775   43.6506   0.05969958123806294
71.3983   43.6408   0.06199419327646519
72.1154   44.8667   0.06273483880588551
73.5363   44.8563   0.06488990676522911
50.7402   30.2043   0.10828097709200926
52.16   30.1989   0.10261062323170862
52.8751   31.4269   0.09641950010242074
54.295   31.4214   0.09143188721666388
55.0101   32.6493   0.08548707504646995
56.4302   32.6437   0.08123016681011766
57.1455   33.8714   0.07575783787833641
58.5656   33.8655   0.07253282015750132
59.2812   35.093   0.06762048506184944
60.7014   35.0869   0.06557949374614129
61.4172   36.3141   0.061396253957388146
62.8376   36.3076   0.06071029566721177
63.5537   37.5346   0.05726744275764656
64.9741   37.5275   0.05784332286444391
65.6906   38.7542   0.05536479025518248
67.1111   38.7466   0.05700000000000216
67.828   39.973   0.055359461702587515
69.2486   39.9649   0.05767711851332695
69.9658   41.191   0.05679947182853384
71.3866   41.1822   0.0593664888636711
72.1042   42.408   0.059014828645012715
73.525   42.3986   0.061614121757924044
74.2429   43.6241   0.061704537920641865
27.5944   68.6835   0.09185281704988277
29.0136   68.6691   0.09145813249788212
29.0019   66.1981   0.08131125383365229
29.7094   67.4291   0.09036974051086209
31.1284   67.4137   0.08944210417918916
31.8357   68.6447   0.09991901720893934
33.2547   68.6289   0.09856297479277247
29.6977   64.9579   0.08015141920140763
31.1167   64.942   0.07925635621197823
31.8237   66.1731   0.08824454657371653
33.2426   66.1569   0.08688872193788492
33.9495   67.388   0.09759933401412138
35.3684   67.3713   0.09576142229520361
36.0753   68.6024   0.10774502308692101
37.4942   68.5853   0.10548952554638043
31.1053   62.4702   0.07172300886047826
31.812   63.7014   0.07820108694896863
33.2309   63.6848   0.07702480120065419
33.9375   64.916   0.08593794272613367
35.3564   64.8991   0.0842478486372255
36.063   66.1302   0.09492107247602664
37.4818   66.113   0.09296429422095186
38.1886   67.3441   0.10486429325561662
31.8005   61.2295   0.07089823693153566
33.2194   61.2126   0.07024492864257441
33.9258   62.4439   0.07623608069673896
35.3447   62.4268   0.07501906424369836
36.0511   63.658   0.08363288826771718
33.2081   58.7404   0.06756544975059638
33.9144   59.9717   0.06978868103066797
39.6074   67.3266   0.10273076462287717
40.3144   68.5575   0.11546254804048244
41.7332   68.5397   0.1131661168371513
42.4405   69.7704   0.1264298224312591
43.8593   69.7522   0.12427698902049729
37.47   63.6408   0.08191965576099552
38.1766   64.8719   0.09237981381232571
39.5954   64.8545   0.09053584925321309
40.3022   66.0855   0.10235340736878024
41.721   66.0679   0.10043560125772209
42.4281   67.2987   0.11306467175913065
43.847   67.2809   0.11119437935435503
44.5545   68.5115   0.12426266535045721
45.9735   68.4935   0.1224871013617331
46.6815   69.7237   0.1355739281720488
48.1005   69.7054   0.13416437679205714
35.3332   59.9546   0.06910528199783691
36.0396   61.1858   0.07458619175155687
37.4585   61.1687   0.0734282643128691
38.165   62.3999   0.08158026722192371
39.5838   62.3826   0.08013513586436646
40.2906   63.6137   0.09025397498171636
41.7095   63.5964   0.08875753489141112
42.4165   64.8273   0.10017968856010569
43.8354   64.8099   0.09880936190462966
44.5428   66.0406   0.11104463066713309
45.9619   66.0231   0.10979189405416077
46.6698   67.2534   0.12238549750685351
48.0889   67.2358   0.12134619895159361
48.7974   68.4658   0.13390224045921906
50.2166   68.4479   0.13310330574407303
50.9257   69.6775   0.14538342408954527
52.345   69.6593   0.14482078580093774
35.3219   57.4824   0.06767473679298994
36.0283   58.7137   0.06908697417024448
37.4472   58.6967   0.06850751783563518
38.1537   59.9279   0.07342683433187323
39.5726   59.911   0.07247682388184813
40.2794   61.1421   0.08003261835026919
41.6983   61.1252   0.07899480995609567
42.4053   62.3561   0.0887205725860732
43.8244   62.3392   0.08759868720477612
44.5318   63.5699   0.09861850739085724
45.9509   63.553   0.09774364429465845
46.6587   64.7834   0.10955354855046942
48.0779   64.7664   0.10889416880623047
48.7863   65.9965   0.12089007403422637
50.2056   65.9793   0.1204724449822496
50.9147   67.209   0.13230895661291586
52.3341   67.1916   0.13208111144293022
53.0438   68.4209   0.14369606814384808
54.4633   68.4031   0.14361803507917023
55.1739   69.6319   0.15449747570753003
56.5936   69.6136   0.15461012256640977
36.0171   56.2416   0.06808509381648935
37.436   56.2249   0.0682335694508224
38.1426   57.4561   0.06898296891262409
39.5616   57.4396   0.06855209697741144
40.2684   58.6706   0.07281284227387455
41.6874   58.6542   0.07215892183230371
42.3946   59.8851   0.07917581701504968
43.8137   59.8688   0.07850738818736017
44.5212   61.0995   0.08754478853706726
45.9403   61.0832   0.08707979099653404
46.6482   62.3137   0.09750456399574278
48.0675   62.2974   0.0971877049837018
48.7759   63.5275   0.10831975812380742
50.1953   63.5111   0.10821002726180035
50.9043   64.7409   0.11953970051828396
52.3238   64.7243   0.11960058528284845
53.0335   65.9537   0.1307356493080642
54.4531   65.9367   0.1309614447079771
55.1635   67.1656   0.14170324625780256
56.5832   67.1482   0.14205727718072195
57.2944   68.3766   0.15218840297473218
58.7142   68.3587   0.15272029989494246
59.4264   69.5866   0.16197759104270953
37.4248   53.7533   0.07240069060444194
38.1316   54.9845   0.06897383561902368
39.5506   54.9684   0.06913392799487231
40.2576   56.1994   0.06923647882439152
41.6767   56.1835   0.06907076081816643
42.384   57.4144   0.0725339230980933
43.8032   57.3987   0.07224998269896425
44.5108   58.6294   0.07858759444085381
45.9301   58.6138   0.07836249102727864
46.6381   59.8443   0.08676687155821515
48.0575   59.8287   0.08668961875565336
48.766   61.0589   0.09644195145267855
50.1854   61.0432   0.09674802323561825
50.8945   62.273   0.10696457357461812
52.314   62.2572   0.10745817791122068
53.0237   63.4867   0.11788914284191358
54.4434   63.4705   0.11839885979181182
55.1537   64.6996   0.1287308820757473
56.5735   64.683   0.12939605867258547
57.2846   65.9116   0.13923038461485343
58.7044   65.8944   0.1401229816982238
59.4163   67.1225   0.14944386906126123
60.8363   67.1048   0.15027777613472798
38.1205   52.513   0.07346039749416203
39.5396   52.4975   0.0738928954636365
40.2469   53.7284   0.07008416368909826
41.666   53.7132   0.07024713517290497
42.3736   54.944   0.06974396031198671
43.7928   54.9289   0.06970824915316792
44.5007   56.1596   0.07257017293627138
45.92   56.1447   0.07255563382674127
46.6282   57.3751   0.0782187956951521
48.0476   57.3603   0.07842155315982745
48.7563   58.5904   0.0860854226916492
50.1758   58.5755   0.08647577695517042
50.885   59.8054   0.09539103731483543
52.3046   59.7903   0.09595029963475926
53.0143   61.0199   0.10557622838499614
54.434   61.0045   0.10628311248735525
55.1444   62.2336   0.1159633562812
56.5642   62.2179   0.11681613758381289
57.2752   63.4466   0.12640751559935506
58.6951   63.4303   0.12737024770330163
59.4069   64.6586   0.13648131740278688
60.8269   64.6417   0.1375858277585303
61.5396   65.8694   0.1459852389798329
39.5283   50.0268   0.08186385038587146
40.2359   51.2577   0.07503992270785112
41.6552   51.2431   0.07516954170407217
42.363   52.4738   0.07115370686057226
43.7823   52.4594   0.07115764189459771
44.4905   53.69   0.07028534697929757
45.9099   53.6758   0.07028264366114799
46.6184   54.9062   0.0725028275310706
48.0378   54.8921   0.07278859800820826
48.7467   56.1223   0.07773216837320342
50.1663   56.1081   0.07822557126669312
50.8757   57.338   0.08509917743433301
52.2953   57.3237   0.08591978817478742
53.0052   58.5533   0.09404307523682974
54.4249   58.5387   0.09499368400057227
55.1354   59.7679   0.10370467684728776
56.5552   59.7529   0.10477547422942145
57.2663   60.9817   0.11365953545567756
58.6862   60.9663   0.11488037256207471
59.398   62.1947   0.12355573641073593
60.818   62.1786   0.12485227270659005
61.5305   63.4065   0.1331642970168812
62.9506   63.3898   0.1346043832867226
40.2247   48.7871   0.08300168672984824
41.644   48.7732   0.08302162368925427
42.3523   50.0038   0.07621823928693515
43.7716   49.9902   0.07602775808874128
44.4801   51.2207   0.07188720331185558
45.8996   51.2073   0.07164537668266034
46.6084   52.4375   0.07049843969904422
48.0279   52.4242   0.07047985527794597
48.7371   53.6543   0.07233069887675532
50.1567   53.6409   0.07262162212454186
50.8663   54.8708   0.07702421697102714
52.286   54.8573   0.07768796560600713
52.9961   56.0868   0.08397082826791788
54.4159   56.073   0.08491907912830732
55.1264   57.3023   0.09236611932955047
56.5464   57.2881   0.09344549213311826
57.2575   58.517   0.10145629600965998
58.6775   58.5023   0.10279338500117484
59.3892   59.7308   0.11094764531074967
60.8093   59.7156   0.11238834459142465
61.5218   60.9436   0.1202679092692648
62.9419   60.9278   0.12190131254420895
63.6551   62.1553   0.1294054867461237
42.3411   47.5341   0.08401053505364922
43.7606   47.5212   0.08350622731269684
44.4694   48.7516   0.0768344974604498
45.889   48.7389   0.07627935500513969
46.5981   49.9691   0.07206087704156926
48.0177   49.9565   0.07171701332320372
48.7272   51.1865   0.07030028449444477
50.1469   51.1739   0.07030227592332718
50.8568   52.4037   0.07170774016799168
52.2766   52.391   0.0720842562561357
52.9868   53.6205   0.07607897212764754
54.4067   53.6075   0.0768475113455194
55.1175   54.8367   0.08244337450638628
56.5374   54.8234   0.0836674369154484
57.2487   56.0523   0.09033598397094963
58.6687   56.0385   0.09179880173509726
59.3806   57.267   0.09896954076886616
60.8007   57.2526   0.10055237441254591
61.5132   58.4807   0.10783802668817853
62.9334   58.4657   0.10957924073473085
63.6465   59.6934   0.11674326533038197
65.0669   59.6778   0.11845226886809135
46.5875   47.5008   0.07670808301607152
48.0071   47.489   0.07585446591994568
48.717   48.7189   0.07163134788624533
50.1367   48.7071   0.0710984528664346
50.8469   49.9368   0.06950575515740243
52.2668   49.9248   0.06954998202731646
52.9773   51.1543   0.07068762267894023
54.3972   51.1421   0.07124836840237475
55.1082   52.3713   0.07460670211181375
56.5282   52.3588   0.07562605371166752
57.2397   53.5876   0.08062146116264698
58.6598   53.5746   0.08207179783579815
59.3718   54.8032   0.08795800134154763
60.792   54.7897   0.08968550607539753
61.5045   56.0178   0.09611477513889524
62.9248   56.0037   0.09795473444402918
63.638   57.2314   0.10440095785001215
65.0583   57.2167   0.10639107105391946
65.7722   58.444   0.11273907929374528
50.8366   47.4699   0.07058193819951407
52.2564   47.4588   0.06999849998393162
52.9674   48.6881   0.06840131577682153
54.3873   48.6768   0.06849029128277963
55.0986   49.9059   0.06928224880877157
56.5187   49.8942   0.07000207139792301
57.2304   51.123   0.07291015018500467
58.6505   51.1109   0.07410870394225065
59.3628   52.3394   0.07843914838905697
60.783   52.3267   0.08004267611717948
61.4957   53.5549   0.08539959016295323
62.916   53.5417   0.08720630711136027
63.6293   54.7694   0.09292088032299124
65.0497   54.7556   0.09488377100432231
65.7637   55.983   0.10062554347678915
67.1841   55.9685   0.10265787841174326
55.0885   47.4405   0.06675934391529117
56.5086   47.4297   0.06690829544981801
57.2207   48.6584   0.06746184106589612
58.6408   48.6471   0.06844004675626625
59.3533   49.8756   0.0708583093221997
60.7735   49.8638   0.07232447718442153
61.4865   51.092   0.07616547774418696
62.9069   51.0796   0.0778671946329133
63.6204   52.3074   0.08250042424133866
65.0408   52.2945   0.08445839212298227
65.7549   53.5218   0.08942449328902764
67.1754   53.5083   0.09139223161735256
67.8901   54.7353   0.09642790052676277
59.3433   47.4118   0.06544470948823942
60.7636   47.4009   0.06653968740533919
61.4769   48.629   0.06858265086740584
62.8972   48.6176   0.07024912810847202
63.611   49.8453   0.07341559779774562
65.0315   49.8333   0.07528353073548585
65.7458   51.0607   0.07918465760486824
67.1663   51.0481   0.08120061576120613
67.8812   52.275   0.08547584454101122
69.3018   52.2619   0.08739685349026884
63.6011   47.3832   0.06617310631971275
65.0216   47.3721   0.06791546215700843
65.7362   48.5994   0.07053658625139138
67.1567   48.5878   0.07255039627734944
67.8719   49.8147   0.07577361018191686
69.2925   49.8025   0.07774432455169843
70.0082   51.0291   0.08126389112022911
67.862   47.3544   0.0675583451543936
69.2826   47.3431   0.0696924673117594
69.9986   48.5696   0.07215524928930012
71.4193   48.5578   0.07416023193059827
72.1259   47.3254   0.0687667070609013
18.488   84.7915   0.11536745641644591
19.2022   86.02   0.122477304019966
20.6219   86.0136   0.1278445931590419
21.336   87.2421   0.1351249421831426
22.7557   87.2355   0.14056603430416675
23.4699   88.464   0.14787592772321106
24.8895   88.457   0.15309683210308456
25.6039   89.6854   0.1602517082592312
27.0234   89.678   0.16535117175272696
27.7381   90.9063   0.17235570776739692
29.1575   90.8983   0.17699649714048737
29.8725   92.1263   0.18374874149229434
31.2919   92.1177   0.18794999334929188
19.1849   83.5534   0.11714563585554798
20.6046   83.5462   0.12181879986274406
21.3179   84.7751   0.12980419869942092
22.7376   84.7677   0.1344574282068565
23.4509   85.9965   0.142446095067576
24.8705   85.9888   0.14700840112047694
25.584   87.2176   0.15488395656103301
27.0035   87.2095   0.15928923378559823
27.7171   88.4382   0.16715723137214167
29.1365   88.4295   0.17108202710980303
29.8504   89.658   0.17878187827629355
31.2698   89.6487   0.18224812756240363
31.9841   90.877   0.18970571947097253
33.4034   90.8668   0.19252324534974646
34.1182   92.0948   0.1995055137082769
35.5375   92.0837   0.20162425449334384
20.5886   81.0787   0.11503169128548833
21.3011   82.3078   0.12343941833952655
22.7208   82.2996   0.12738932451347254
23.4333   83.5288   0.13603256962948376
24.8529   83.5203   0.13989660467645937
25.5654   84.7495   0.14858007941847265
26.9849   84.7406   0.1521631361401362
27.6976   85.9697   0.16088728974036187
29.1171   85.9603   0.1641118216339113
29.8299   87.1893   0.17276359570233832
31.2493   87.1792   0.1754782607618384
31.9624   88.408   0.18390546484538814
33.3818   88.3972   0.18610349271305926
34.0953   89.6257   0.19407635095497192
35.5146   89.614   0.19565924460653825
36.2286   90.8422   0.20336715565696106
37.6479   90.8294   0.2041015678528741
38.3627   92.0571   0.21117760297910645
39.7819   92.0431   0.21111800017999166
21.2855   79.8403   0.11627501881315273
22.7051   79.8314   0.11965989303020605
23.4169   81.0608   0.12875488340253652
24.8365   81.0516   0.1319119782279071
25.5482   82.2811   0.1412448229139745
26.9677   82.2715   0.1441830087076821
27.6795   83.5009   0.15356959334451412
29.099   83.4908   0.15611271568965626
29.8109   84.7202   0.16556364335204254
31.2302   84.7095   0.16768631428951034
31.9423   85.9387   0.17702615625946244
33.3616   85.9272   0.17853943541974085
34.074   87.1562   0.18760860854449188
35.4933   87.1439   0.1885173997274608
36.2061   88.3726   0.19734411569641733
37.6253   88.3592   0.19749949367023503
38.3387   89.5875   0.20583459378831825
39.7579   89.573   0.205241077759791
40.4721   90.8008   0.21293412126758166
41.8913   90.785   0.21151496400963835
42.6064   92.0122   0.21836439728124704
44.0256   91.995   0.21616933177489422
22.6906   77.3631   0.11116753123102756
23.4017   78.5927   0.12051132726843473
24.8213   78.5828   0.1231300531957996
25.5323   79.8125   0.1327689722789158
26.9518   79.8022   0.13512412811929647
27.6628   81.0319   0.14513266344968367
29.0822   81.0211   0.14709901427269753
29.7932   82.2508   0.15723899007561373
31.2126   82.2394   0.15870856939686984
31.9237   83.4689   0.1687371328427784
33.343   83.4568   0.1697654263977178
34.0544   84.6862   0.17968605955944641
35.4736   84.6733   0.180078482890098
36.1853   85.9025   0.18994217541136602
37.6045   85.8885   0.18952662082145214
38.3166   87.1174   0.19909658460155147
39.7358   87.1024   0.1980100249987384
40.4486   88.3308   0.2069423591244661
41.8677   88.3146   0.20528938111846057
42.5813   89.5424   0.2134760642320395
44.0004   89.5249   0.2110776160562738
44.715   90.7521   0.2184887182442078
46.1342   90.7331   0.21527528887449746
46.8501   91.9595   0.22155407917707953
23.3876   76.1245   0.11150363222783807
24.8072   76.1138   0.11346744026371594
25.5175   77.3437   0.12349068790803672
26.937   77.3327   0.1251947682613039
27.6472   78.5627   0.13566112191782276
29.0666   78.5511   0.13697160289636917
29.7769   79.7811   0.14769383873404904
31.1962   79.769   0.14852302851747184
31.9065   80.9989   0.15929061491501204
33.3257   80.9861   0.1597563770245133
34.0362   82.2159   0.17053905711009634
35.4554   82.2023   0.17025263580925865
36.166   83.4319   0.1810640770556136
37.5852   83.4174   0.18019780797778523
38.2962   84.6467   0.19077916552915083
39.7153   84.6312   0.18930913871232327
40.4269   85.8602   0.19942051047974235
41.8459   85.8435   0.19747458064267293
42.5582   87.072   0.20691150282186016
43.9772   87.0541   0.20432342009667087
44.6903   88.282   0.21311032354158518
46.1094   88.2629   0.20996749748473278
46.8237   89.49   0.21767025520267072
48.2427   89.4695   0.21407262786260103
24.794   73.6446   0.1034333601890636
25.5037   74.8748   0.1134666911476664
26.9232   74.863   0.11457028410543164
27.6327   76.0932   0.12526934980273172
29.0521   76.081   0.12606577648196773
29.7616   77.3112   0.13716289585744612
31.1809   77.2984   0.13747832556443057
31.8905   78.5286   0.14875916778470677
33.3097   78.5151   0.14862382043266625
34.0193   79.7452   0.1601197052208125
35.4384   79.731   0.15943754263033674
36.1482   80.961   0.17099698827756477
37.5673   80.9459   0.16968400042431236
38.2774   82.1756   0.1810969353688838
39.6964   82.1596   0.17925596224394502
40.4069   83.3891   0.1904507285362821
41.8259   83.372   0.18809106836849174
42.5369   84.601   0.19882328837437438
43.9559   84.5828   0.19591582376112882
44.6677   85.8114   0.20615976814112286
46.0867   85.792   0.2027998274160993
46.7995   87.0199   0.21211223444205632
48.2185   86.9994   0.20846316221337344
48.9326   88.2265   0.216498568124597
25.4908   72.4056   0.10288892068634292
26.9102   72.3931   0.10357499698286704
27.6192   73.6235   0.11416855959502031
29.0385   73.6106   0.11449493438576334
29.7474   74.841   0.1257374248185412
31.1667   74.8275   0.12555994584261546
31.8755   76.058   0.13724478132155377
33.2947   76.0439   0.13664146515607292
34.0036   77.2743   0.1486260071454533
35.4227   77.2594   0.1474483638430748
36.1316   78.4897   0.15965165204281498
37.5507   78.4741   0.15801942918515446
38.2599   79.7042   0.17017276515353624
39.6789   79.6877   0.16806858718987858
40.3884   80.9175   0.17998705509008425
41.8074   80.9001   0.17750481683604943
42.5174   82.1296   0.189182055174371
43.9363   82.1112   0.1862710122375413
44.647   83.3402   0.19750645559069366
46.066   83.3208   0.1941834441964623
46.7775   84.5493   0.20477956441012637
48.1965   84.5288   0.20119209726030762
48.9092   85.7566   0.21065728090907013
26.898   69.923   0.09282273428423062
27.6065   71.1536   0.1028644739450931
29.0257   71.14   0.10280457188277116
29.7341   72.3706   0.11381612363808304
31.1533   72.3565   0.11334094582277172
31.8615   73.5871   0.12500311996106991
33.2806   73.5724   0.12405905851650027
33.9889   74.803   0.13626892529112997
35.4079   74.7876   0.13479562307434148
36.1162   76.0182   0.14740926022472187
37.5352   76.0021   0.1454118633399585
38.2437   77.2325   0.158202212373911
39.6626   77.2156   0.15579939024270775
40.3714   78.4458   0.16849703261482452
41.7903   78.428   0.16568023418621947
42.4995   79.6579   0.17823585497872935
43.9183   79.6393   0.17527409962684168
44.6281   80.8688   0.18743476198399975
46.047   80.8494   0.18422209422325922
46.7575   82.0783   0.19576685112653233
29.7214   69.9   0.10180319248432967
31.1406   69.8852   0.10107685194939199
31.8483   71.116   0.11238834459141939
33.2674   71.1007   0.11113838220884897
33.9751   72.3315   0.12328998337253977
35.394   72.3156   0.12165603149865578
36.1018   73.5464   0.13434023969012712
37.5207   73.5299   0.13228726318130557
38.2286   74.7605   0.14530302818592564
39.6475   74.7433   0.1427754880923224
40.3556   75.9738   0.15598580063582684
41.7744   75.9559   0.15323204625664832
42.4829   77.186   0.16632991312448928
43.9018   77.1674   0.16335363479274018
44.6108   78.3972   0.17619858115206669
33.962   69.8598   0.11021097948934731
35.3809   69.8435   0.10841369839647035
36.0882   71.0745   0.12104391764975411
37.5071   71.0576   0.11872510265314544
38.2145   72.2884   0.13183155919581607
39.6333   72.271   0.12937093954980905
40.3409   73.5017   0.1427145752892833
41.7598   73.4837   0.13993602109535516
42.4677   74.7141   0.15344849298706173
38.2012   69.8163   0.118302324575636
39.62   69.7987   0.11581420465556194
40.3272   71.0296   0.12914023385452428
14.2912   92.2083   0.10788776575682192
14.9884   90.9708   0.1095695669426519
16.4081   90.9671   0.11673842555045655
17.1248   92.1944   0.12183751474812436
18.5445   92.1906   0.129445007628727
16.389   88.5015   0.11270230698614322
17.1048   89.7292   0.11844644359372308
18.5245   89.7246   0.12527837004047326
19.2404   90.9523   0.13105472139530183
20.66   90.9475   0.137977461927666
21.3761   92.1752   0.14379683584836236
22.7956   92.1701   0.15073665778436995
17.0859   87.2637   0.11464824464422042
18.5057   87.2582   0.12061645824679125
19.2207   88.4863   0.1270231868597204
20.6403   88.4807   0.13325494362311818
21.3554   89.7089   0.13982678570288667
22.775   89.703   0.14600147259531243
23.4902   90.9311   0.15256061090595807
24.9098   90.9249   0.15854844685457897
25.6252   92.1528   0.16485815114819244
27.0447   92.1461   0.17067070633239795
50.3282   85.7351   0.20704757907302396
48.1765   82.058   0.19237416666486695
48.888   83.2864   0.20302787985890242
50.307   83.2651   0.19961214892887083
51.0197   84.4928   0.20920805433826167
46.0297   78.3779   0.17311158251255154
46.7394   79.6072   0.18543575706966342
48.1583   79.5871   0.18238612885853542
48.8689   80.816   0.19392939436816267
50.2878   80.7951   0.19098088909627006
50.9995   82.0233   0.20152044561284693
52.4186   82.0017   0.19866476788801948
43.8865   74.6955   0.15065204943843
44.595   75.9256   0.16386744643156348
46.0138   75.9065   0.1611438487811376
46.7229   77.1361   0.1739720667233674
48.1418   77.1164   0.17128788632007425
48.8517   78.3455   0.18341082301761807
50.2707   78.3252   0.18092744402107794
50.9815   79.5537   0.19218691422675596
52.4006   79.5327   0.18990853061408713
53.1126   80.7606   0.19998204919442056
41.7461   71.0116   0.12652153966815952
42.4536   72.2422   0.14006259315034214
43.8724   72.2238   0.13755177207146327
44.5804   73.4541   0.15102744783648114
45.9993   73.4352   0.14853989363130632
46.7079   74.6651   0.16166387970106158
48.1268   74.6458   0.15939739646555934
48.8361   75.8753   0.17203017177227872
50.2552   75.8554   0.16985820557158604
50.9654   77.0843   0.18170283432021522
52.3845   77.064   0.17983876111672478
53.0957   78.2923   0.19075117299769973
54.5149   78.2713   0.1891491739342269
44.567   70.9827   0.1376139891144782
45.9859   70.9642   0.13558646687631035
46.6942   72.1943   0.14868200967164552
48.1131   72.1755   0.14699142832151724
48.822   73.4052   0.1597439200720908
50.2411   73.3859   0.15811306081408844
50.9508   74.6151   0.1702395371234316
52.37   74.5954   0.16889313189114813
53.0807   75.8241   0.18019816869214095
54.5   75.8039   0.1790022066903047
55.2117   77.0319   0.18930169043090916
48.8092   70.9353   0.1469188211224172
50.2283   70.9167   0.14573101934729304
50.9377   72.1462   0.1580473663178234
52.357   72.1272   0.15701101872162265
53.0672   73.3561   0.16864738361445245
54.4866   73.3367   0.1678336378679757
55.1978   74.565   0.17849263290119413
56.6173   74.5451   0.17794057996983062
53.055   70.8884   0.1564302080801523
54.4744   70.8698   0.15604874238518923
55.1853   72.0984   0.16687030892283214
56.6049   72.0793   0.16660645245608235
57.3167   73.3072   0.17655126734181162
57.3051   70.8419   0.16461090486355834
58.7248   70.823   0.16495941925212715
32.0074   93.3454   0.19432495979672731
33.4268   93.3359   0.197801567233428
34.1429   94.5632   0.2035664265049601
35.5622   94.5527   0.2064825658500029
36.2792   95.7795   0.21148735186766568
37.6985   95.7678   0.21339536077430935
38.4164   96.994   0.2177029398055989
39.8357   96.9809   0.21860526068692415
40.5548   98.2063   0.22185260872930698
41.9741   98.1916   0.22162278763700846
42.6946   99.416   0.22355531753907879
36.253   93.3112   0.20803828974494074
37.6723   93.299   0.209343879776803
38.3885   94.5259   0.21508038032326277
39.8078   94.5124   0.21546677238033515
40.5251   95.7387   0.22032514609095
41.9444   95.7237   0.21970200272186863
42.663   96.9491   0.2232922076562519
44.0823   96.9325   0.22167207762819646
40.4976   93.2702   0.2174167886801826
41.9168   93.2548   0.21640328093631048
42.6336   94.4811   0.2216380382515527
44.0528   94.4642   0.21975647885785363
44.7709   95.6897   0.22389982134875092
44.7419   93.2213   0.2219276683967123
46.1611   93.2026   0.2189928081010902
1.75059   114.395   0.06893539294150619
2.47768   115.618   0.06920675472813419
3.89718   115.622   0.0748277628958669
2.44531   113.158   0.06856362009112522
3.86482   113.162   0.07362860924939686
4.59174   114.384   0.07316963099538452
6.01123   114.388   0.08141919982412166
6.7384   115.61   0.08178441416308964
8.1579   115.614   0.09247917387174821
3.83333   110.702   0.07304850169579367
4.55961   111.924   0.072163395152949
5.97912   111.928   0.07992475774126843
6.70575   113.151   0.0804406420909254
8.12523   113.154   0.09037636250701334
8.85223   114.377   0.09059609539047775
10.2717   114.38   0.1021109200820333
10.9991   115.602   0.10264935460099382
12.4186   115.605   0.11523389258374339
4.52863   109.465   0.07223641740839681
5.94819   109.468   0.07928012108971746
6.67398   110.691   0.07937299603769635
8.09349   110.694   0.08901395171545311
8.81971   111.917   0.08882518167727271
10.2392   111.92   0.10017090395919033
10.9659   113.142   0.10024794262228383
12.3854   113.145   0.1128023492663113
13.1126   114.368   0.11308607341312216
14.532   114.371   0.12647734975085048
15.2597   115.593   0.1269539286513064
16.6792   115.595   0.1399490264346317
5.91884   107.007   0.07851270534124596
6.64362   108.231   0.07903321390402265
8.06317   108.233   0.08769073839351761
8.78839   109.456   0.08717941270735842
10.2079   109.459   0.09833539545860777
10.9336   110.682   0.09876968158296581
12.3531   110.685   0.11128171458061567
13.0794   111.908   0.11115687113265212
14.4988   111.91   0.12368039456598615
15.2257   113.133   0.12457371311796857
16.6452   113.135   0.13763229998805318
17.3727   114.357   0.13698284564133917
18.7922   114.359   0.15039414882234914
19.5204   115.581   0.1508139250865163
20.9399   115.582   0.16355748225011413
6.61497   105.77   0.07860355208258732
8.03459   105.772   0.08695898113479561
8.75867   106.996   0.08698478257718323
10.1782   106.998   0.0972607320556434
10.9028   108.222   0.09827603980624397
12.3223   108.224   0.10988776091995342
13.0475   109.447   0.1093665853906032
14.4669   109.449   0.12184568108882665
15.1927   110.672   0.1223218704892955
16.6121   110.674   0.13542499769244945
17.3386   111.897   0.13519648664075007
18.7581   111.899   0.14867551916841887
19.4853   113.121   0.1486553396282748
20.9047   113.122   0.1615126001276697
21.6327   114.344   0.16160423880579136
23.0522   114.345   0.1746637054456296
23.7809   115.566   0.17306279207270991
25.2005   115.566   0.1853079868759017
8.00784   103.311   0.08584087837388671
8.73077   104.535   0.08660682190220012
10.1504   104.537   0.09668428000456625
10.8737   105.761   0.09762812094883205
12.2933   105.762   0.10824453796843063
13.0172   106.986   0.10846372665551116
14.4367   106.988   0.12080215229870238
15.1612   108.212   0.12195888651508768
16.5806   108.213   0.13414581618521998
17.3058   109.436   0.1336202454720139
18.7253   109.438   0.14707634072141415
19.4512   110.66   0.14666345829824273
20.8706   110.661   0.1595720526909363
21.5974   111.884   0.15923108992907695
23.0168   111.884   0.171420681366045
23.7445   113.106   0.17126459061930377
25.1639   113.106   0.18361266296200573
25.8925   114.327   0.18265095127045172
27.312   114.326   0.19415045712023352
28.0414   115.547   0.19243349500542023
29.461   115.545   0.20306540818169685
8.70469   102.074   0.08646788363317691
10.1244   102.075   0.09555715567135718
10.8465   103.3   0.09665971239353245
12.2662   103.3   0.10621040438676037
12.9888   104.525   0.10815914200843464
14.4083   104.526   0.11955693204494697
15.1315   105.75   0.12066573664466981
16.551   105.751   0.1326894117855683
17.2747   106.975   0.1329898116398395
18.6942   106.976   0.1454704093621756
19.4187   108.199   0.14576851511900274
20.8381   108.2   0.15862171982424628
21.5635   109.423   0.15801550556828392
22.9829   109.423   0.1701967684769667
23.7092   110.645   0.16969525626840734
25.1285   110.645   0.18206616929017164
25.8558   111.867   0.18067631278062954
27.2752   111.865   0.19132475009783126
28.0034   113.087   0.19102965738335279
29.4229   113.085   0.20175812251307088
30.1521   114.305   0.19974946808440983
31.5716   114.302   0.2096463689168055
32.3017   115.522   0.20689741419361612
33.7213   115.517   0.21498448781248702
10.1001   99.6127   0.09401457333839347
10.8211   100.838   0.09574706261812597
12.2408   100.838   0.1051814147081121
12.9622   102.063   0.10728135905180249
14.3818   102.063   0.1176957943173835
15.1036   103.288   0.1189376307145801
16.5232   103.288   0.1308352016851731
17.2456   104.513   0.13201499914782955
18.665   104.513   0.14360658062917123
19.3881   105.737   0.1447280898789186
20.8075   105.737   0.1566314463956629
21.5313   106.961   0.15685474171985167
22.9507   106.96   0.16808798291370325
23.6754   108.184   0.16922898687872243
25.0948   108.183   0.18062397404553968
25.8205   109.406   0.17992376163253765
27.2398   109.404   0.1905786189476699
27.9665   110.626   0.18996010107389405
29.3859   110.623   0.19975537539701185
30.1137   111.845   0.1992388516329062
31.5331   111.841   0.20821347218659858
32.262   113.062   0.2059607244112321
33.6815   113.057   0.21413119810061162
34.4114   114.277   0.21203872287863684
10.7973   98.3758   0.09489994731294583
12.2171   98.3752   0.10371774197310842
12.9373   99.6009   0.10629891815065858
14.357   99.6003   0.1159759888942559
15.0776   100.826   0.11825066596006582
16.4972   100.825   0.12827115809877987
17.2182   102.05   0.1306219736491446
18.6378   102.05   0.14196411518408217
19.3594   103.275   0.14420533970696586
20.7788   103.274   0.1550885553482311
21.5011   104.499   0.15633185855736192
22.9205   104.497   0.16655497590886267
23.6436   105.721   0.16773684747247314
25.063   105.72   0.17906451351398245
25.787   106.943   0.17831113257449033
27.2063   106.941   0.18891863327898809
27.9313   108.164   0.18907617512526728
29.3507   108.161   0.1988406648550608
30.0767   109.383   0.19714535246867773
31.4961   109.379   0.2061287219190946
32.2234   110.601   0.20539001923169942
33.6428   110.596   0.21361507437444846
34.3712   111.816   0.21109981051626048
35.7907   111.809   0.21757219491470262
12.1948   95.9119   0.10151876673797959
12.914   97.1381   0.1047357150164109
14.3337   97.1367   0.113660063346813
15.0532   98.3628   0.11685627924933907
16.4729   98.3614   0.12639695407722445
17.1927   99.5873   0.12944442823080335
18.6122   99.5858   0.1393769708380918
19.3325   100.812   0.14215871411911504
20.752   100.81   0.15196700299735855
21.4728   102.035   0.15441709749894178
22.8923   102.033   0.16448750712440358
23.6138   103.258   0.16676573389038546
25.0332   103.256   0.17709333697234833
25.7555   104.48   0.17744954212395717
27.1748   104.477   0.1870197850496003
27.8981   105.701   0.18815009965449372
29.3174   105.698   0.19788878189527934
30.0417   106.921   0.19710022831037186
31.461   106.916   0.20511794168233857
32.1865   108.139   0.2051811394841136
33.6058   108.133   0.21240275421941915
34.3325   109.355   0.21061056478724588
35.7519   109.348   0.217020114275146
36.4799   110.569   0.21529026917164515
12.8921   94.6749   0.10288197120972972
14.3119   94.6727   0.11090329120454365
15.0303   95.8993   0.11490195820785075
16.45   95.8971   0.12357835571004824
17.1687   97.1235   0.1273475166620924
18.5883   97.1212   0.136421479247217
19.3073   98.3476   0.14007979868632536
20.7269   98.3451   0.14930231076577438
21.4463   99.5712   0.15270252126275133
22.8658   99.5684   0.1619426132924891
23.5858   100.794   0.16429193528594263
25.0052   100.791   0.17360141128458026
25.726   102.016   0.17604147238648277
27.1453   102.013   0.18556001724510202
27.8669   103.238   0.18781525497147675
29.2862   103.233   0.1956628988847879
30.0087   104.458   0.19686518229489158
31.428   104.452   0.20392474101981162
32.1516   105.676   0.20496968068472654
33.5709   105.669   0.21124215961781717
34.2957   106.892   0.21034726050034103
35.715   106.885   0.21675370815744452
36.4412   108.107   0.21578225135539156
37.8605   108.097   0.2196087429953463
15.0087   93.4353   0.11249928888664061
16.4285   93.4323   0.12034849396648303
17.1461   94.6592   0.1248631651048512
18.5658   94.6562   0.1331941064762229
19.2837   95.883   0.13751759887373777
20.7032   95.8798   0.14605238786134678
21.4215   97.1065   0.15025475034087957
22.841   97.1029   0.15869234386069206
23.5596   98.3294   0.16268610881080492
24.9791   98.3255   0.17105300348138405
25.6983   99.5516   0.1745312865935484
27.1177   99.5471   0.18253933822603474
27.8376   100.773   0.18602166540485998
29.257   100.768   0.19372674053935035
29.9777   101.993   0.19534513047423965
31.3971   101.987   0.20222890495673393
32.1188   103.212   0.20451995012712593
33.5381   103.205   0.2106711418300984
34.261   104.429   0.21095129769689128
35.6803   104.42   0.21543938822787115
36.4045   105.643   0.21550677483550074
37.8238   105.634   0.2201726141008492
38.5494   106.856   0.21829789279788714
19.2614   93.4179   0.13449096623937712
20.681   93.4139   0.14226341764487752
21.3981   94.6411   0.14726387880263442
22.8176   94.6368   0.15500867717646827
23.535   95.8639   0.15985734265275614
24.9545   95.8592   0.16745921891613624
25.6724   97.086   0.17182683143211674
27.0918   97.0808   0.1792288202271027
27.8103   98.3073   0.18317559881162804
29.2296   98.3015   0.1901226446271002
29.9488   99.5276   0.19367075153467175
31.3681   99.5209   0.19986280294241415
32.0881   100.746   0.20267190234464483
33.5074   100.739   0.20872328571580762
34.2284   101.964   0.21031825883645802
35.6478   101.955   0.21467528968188662
36.37   103.179   0.2160049073516688
37.7893   103.169   0.21966287806545207
38.5128   104.392   0.21899874428864075
39.9322   104.38   0.2210401773433908
23.5119   93.3978   0.15653284000491008
24.9314   93.3923   0.16327688140089122
25.6481   94.6197   0.16860809589102652
27.0675   94.6138   0.175281402322097
27.7846   95.841   0.18035947438379488
29.204   95.8344   0.18640839573366572
29.9216   97.0612   0.19111967454973905
31.341   97.0539   0.19664366249640497
32.0594   98.2803   0.20076065351557423
33.4787   98.272   0.20553916901651476
34.198   99.4978   0.20878908017423325
35.6173   99.4884   0.2128060619437321
36.3376   100.714   0.21594906806929917
37.7569   100.703   0.21864667845636931
38.4785   101.927   0.2192817821890428
39.8978   101.915   0.22128228577996273
40.6208   103.138   0.22160742316087811
27.7605   93.3739   0.1767460607764709
29.18   93.3666   0.18206993161969717
29.8963   94.5941   0.18783199940372172
31.3156   94.5861   0.19270710936548913
32.0325   95.8132   0.19799111091156646
33.4518   95.8043   0.2021524919460536
34.1695   97.0309   0.20665004234212148
35.5888   97.021   0.21012686644025777
36.3074   98.247   0.21387536089975717
37.7267   98.2358   0.21625884952990398
38.4464   99.4611   0.21916546260759517
39.8657   99.4484   0.22045591396014647
40.5867   100.673   0.22260610952981744
42.0061   100.658   0.222177676646422
89.0507   22.6736   0.15308262474886683
90.4718   22.6691   0.16033393277781022
90.4482   20.2154   0.16717445977182285
91.1751   21.4361   0.1653481176185581
92.5962   21.4313   0.17239530156010352
93.3233   22.6517   0.17071909676425137
94.7444   22.6456   0.17670217882074946
91.1504   18.9818   0.17105426039710384
92.5713   18.9778   0.1787327893812405
93.299   20.198   0.17702768145123873
94.72   20.1928   0.18375374826108914
95.4478   21.4127   0.18209914881734407
96.869   21.4061   0.18780793380472025
97.597   22.6258   0.18639981223166785
99.0183   22.6177   0.19106723947343346
92.5448   16.5237   0.18386008267157888
93.2729   17.7439   0.1822431891731519
94.6938   17.7394   0.1896230471224415
95.4222   18.9592   0.1879558724807528
96.8432   18.9534   0.19429415842994296
97.5718   20.1729   0.1926777101794577
98.9929   20.1656   0.19789585644980195
99.7216   21.3849   0.1966979918555333
101.143   21.3759   0.20058207796311306
101.872   22.5949   0.20009820089145758
103.293   22.5841   0.20279146924858504
93.2451   15.2892   0.18613481673238882
94.6658   15.2855   0.1941736078873765
95.3947   16.5052   0.19246810125316544
96.8155   16.5001   0.19947934730192096
97.5446   17.7195   0.19775778113641956
98.9656   17.713   0.20360341352737785
99.6949   18.932   0.20211457146875975
101.116   18.9238   0.20672892879323712
101.845   20.1426   0.20561444501785706
103.267   20.1326   0.20891962569370892
103.996   21.3511   0.20812933478968632
105.417   21.3392   0.21018777319339996
106.147   22.5575   0.20996785468257242
107.568   22.5434   0.21054728685024365
94.636   12.8309   0.19735665684237727
95.3653   14.0505   0.19568837471858527
96.786   14.0462   0.20342126240882447
97.5156   15.2654   0.2016171123689658
98.9364   15.2596   0.2080226910699906
99.6662   16.4785   0.206404336194763
101.087   16.4711   0.21132735270191674
101.817   17.6897   0.2100668941075621
103.238   17.6804   0.21394964360801877
103.968   18.8988   0.2125183521487071
105.389   18.8875   0.21501955725002844
106.119   20.1056   0.21459135583708647
107.541   20.0922   0.21617782032391106
108.271   21.3101   0.21594427521932638
109.692   21.2945   0.21563805322808235
110.422   22.5121   0.21672378734231754
111.844   22.4943   0.21530510908940054
95.334   11.5951   0.197471719494211
96.7545   11.5914   0.2058429741331968
97.4845   12.8107   0.2041098233794746
98.9051   12.8055   0.21112096058894722
99.6354   14.0244   0.20941234443079462
101.056   14.0175   0.21500762777166516
101.787   15.2361   0.21382948814418215
103.207   15.2274   0.21734408204503539
103.938   16.4456   0.21621591060789022
105.359   16.435   0.21928387993648227
106.09   17.653   0.21818872564823424
107.511   17.6402   0.21959064187710528
108.241   18.8579   0.21912393753307455
109.663   18.8429   0.2197380713485897
110.393   20.0604   0.2194066772001263
111.814   20.0431   0.21816060597641684
112.545   21.2604   0.2198440583686518
113.966   21.2409   0.21701992996035857
114.697   22.458   0.21965256656820514
116.118   22.4365   0.2167866462677013
96.721   9.13592   0.2069794298958254
97.4515   10.3551   0.20520297268801585
98.8719   10.3506   0.21294893754137462
99.6026   11.5694   0.21107849250930044
101.023   11.5632   0.2175082757046279
101.754   12.7816   0.21540854207760718
103.175   12.7736   0.2204746697468874
103.906   13.9917   0.21883738254694865
105.327   13.9816   0.2218898825994554
106.058   15.1995   0.22064006889049176
107.479   15.1873   0.2225025842546536
108.21   16.4049   0.2213107543704092
109.631   16.3904   0.22165040040568548
110.362   17.6078   0.22166652882200802
111.783   17.5909   0.22002845270555949
112.514   18.8081   0.2207749306420428
113.935   18.789   0.21869023755074482
114.666   20.006   0.2204236148873303
116.087   19.9848   0.21684143976648396
116.819   21.2017   0.2203678969360109
118.24   21.1787   0.21703617210040607
118.971   22.3957   0.22027133267859186
120.392   22.3713   0.21678482419209874
97.4165   7.8988   0.20524586256487737
98.8367   7.89476   0.21354265639445286
99.5678   9.11361   0.21156717609308048
100.988   9.10789   0.2183590440077993
101.719   10.3264   0.21638045198214753
103.14   10.3188   0.22158975608091747
103.871   11.5369   0.21947377975512003
105.292   11.5273   0.2234524557931743
106.024   12.7452   0.22163431593505906
107.444   12.7334   0.22345630445346787
108.176   13.9509   0.22246404203825804
109.597   13.9369   0.22315317609211416
110.328   15.1542   0.22181381832519137
111.749   15.1378   0.22102398059938996
112.481   16.3549   0.22141971456940943
113.902   16.3362   0.21884709273828962
114.633   17.5531   0.21966303740046805
116.054   17.5322   0.21672632511995363
116.786   18.7489   0.2185726423869239
118.207   18.7262   0.21513123901469736
118.938   19.9429   0.21811098092485215
120.359   19.9186   0.21440555030128783
121.09   21.1355   0.21771931471507508
98.7997   5.43804   0.21312238174344894
99.531   6.65698   0.211078396810287
100.951   6.65169   0.2185045722633721
101.683   7.87022   0.2162246109951439
103.103   7.86308   0.22199626686050286
103.835   9.08123   0.21993678091669658
105.255   9.07205   0.22365958508411907
105.987   10.2899   0.22169179055616675
107.408   10.2785   0.22431801086849812
108.14   11.496   0.22227741675663168
109.56   11.4823   0.22278969904374113
110.292   12.6996   0.2216869414286737
111.713   12.6836   0.22108606921287027
112.445   13.9006   0.22007135206564143
113.866   13.8822   0.21810137551148143
114.598   15.0991   0.2186402067324294
116.018   15.0785   0.21449452207457856
116.75   16.2951   0.21596752070624087
118.171   16.2726   0.21236515721747337
118.903   17.4892   0.21437828714681667
120.324   17.4651   0.21053764508990017
121.056   18.6817   0.21432284059334128
122.476   18.6564   0.2098126306970091
99.4926   4.19951   0.20992159036173483
100.912   4.19453   0.21762996668657766
101.644   5.4132   0.2153097594165213
103.064   5.40639   0.2215695547677955
103.796   6.62463   0.21892120408951
105.216   6.61579   0.22341325587350294
105.949   7.83364   0.2212557108867467
107.369   7.8226   0.22368074213038694
108.101   9.04013   0.22135971652493522
109.522   9.02677   0.22258986859244229
110.254   10.244   0.22033803575415944
111.674   10.2283   0.21953544133009917
112.407   11.4453   0.21859780419756888
113.827   11.4272   0.21622539166341864
114.56   12.644   0.21573838323302874
115.98   12.6237   0.21222603516063027
116.713   13.8403   0.21326858652881275
118.133   13.818   0.2083608648475049
118.866   15.0345   0.21058594445024129
120.286   15.0106   0.2058981544356348
121.019   16.227   0.208622242342477
122.439   16.2018   0.2038951936657613
123.171   17.4183   0.207920681991961
100.873   1.73639   0.21657660630825362
101.604   2.95532   0.2139539317236306
103.024   2.94872   0.22056973976500127
103.756   4.16714   0.21785639972238566
105.176   4.15854   0.2225597097410065
105.908   5.37652   0.21972613954648276
107.328   5.36572   0.22279349092825926
108.061   6.58331   0.21995940170859096
109.481   6.5702   0.2211660826166608
110.214   7.78748   0.2189024460804405
111.634   7.772   0.21826919984276322
112.367   8.989   0.2161921006882572
113.787   8.97119   0.21399478708604402
114.52   10.188   0.21300406099414862
115.94   10.1679   0.20903293998793718
116.673   11.3845   0.20894827111034084
118.093   11.3625   0.204544005045372
118.826   12.5789   0.20496585081422752
120.246   12.5552   0.20014407310734939
120.979   13.7715   0.20239693673571252
122.4   13.7465   0.19812369873389946
123.132   14.9628   0.20042998777628843
124.553   14.9368   0.1964799735342003
101.563   0.496613   0.21268755863942773
102.983   0.490059   0.2194273075166361
103.715   1.70882   0.21651469141838914
105.135   1.70033   0.22160765984053984
105.867   2.91854   0.21857857992035792
107.287   2.90789   0.22173148175214286
108.019   4.12564   0.21856383529760912
109.439   4.1127   0.21999363195329125
110.172   5.33005   0.2168663413257131
111.592   5.31477   0.21645935623114199
112.325   6.53181   0.2139208940239379
113.745   6.51422   0.21188576544921595
114.478   7.731   0.20956566989848346
115.898   7.71124   0.2061228092667079
116.631   8.92779   0.20493406647016968
118.051   8.90608   0.20009418507293494
118.785   10.1224   0.2003625953116
120.205   10.099   0.19535966216187148
120.938   11.3152   0.19589407852204863
122.358   11.2904   0.19072503768515078
123.091   12.5065   0.1931424862633788
124.511   12.4807   0.18828608551881654
125.244   13.6969   0.19143293864954827
105.824   0.459763   0.21736866364773066
107.244   0.449152   0.22073213024161287
107.976   1.66718   0.21729540377099543
109.396   1.65432   0.21876178825379944
110.129   2.87186   0.2153733966858492
111.549   2.8567   0.2151254601389633
112.282   4.07384   0.2117544748051387
113.701   4.05643   0.20960872978003608
114.435   5.27326   0.2069971316226397
115.855   5.25373   0.20358660957931454
116.588   6.47029   0.2011741027070826
118.008   6.44888   0.1966762100509371
118.741   7.6652   0.19536869145285374
120.161   7.64213   0.18988060485473923
120.895   8.85825   0.19006249209141793
122.315   8.83378   0.18481709904659985
123.048   10.0498   0.18540900220863546
124.469   10.0241   0.180846448956014
125.202   11.2401   0.18339359312691358
126.622   11.2135   0.17890491888151192
110.085   0.412977   0.21434408005820932
111.504   0.397869   0.21406284445461343
112.237   1.61522   0.21027054215938185
113.657   1.59791   0.20837463281311366
114.39   2.81486   0.2047071139457554
115.81   2.79551   0.20132642176326554
116.543   4.01214   0.1982536758801732
117.963   3.99099   0.19354627586187043
118.697   5.20732   0.19139271041500147
120.117   5.1846   0.186246912726094
120.85   6.40068   0.1844587598895733
122.27   6.37658   0.1791384216185931
123.004   7.59245   0.179228930700381
124.424   7.56714   0.17409665591274648
125.158   8.78289   0.1752347924928199
126.578   8.75653   0.17063319167149787
127.312   9.97232   0.17379446366326023
114.345   0.355898   0.2037713043806712
115.764   0.336648   0.20035512871149538
116.498   1.55343   0.19646115163054748
117.917   1.53245   0.19193230290912636
118.651   2.74889   0.1886363761314354
120.071   2.72645   0.1833615281349936
120.804   3.94257   0.18072533413996156
122.224   3.91883   0.17545644046315498
122.958   5.13467   0.17384421905832556
124.378   5.10972   0.16873542129618396
125.112   6.32534   0.16876895449104273
126.532   6.29925   0.16428379834907608
127.267   7.5148   0.16575512329940564
128.687   7.48771   0.1620860314771163
118.605   0.289956   0.18752862013303603
120.024   0.267648   0.18234298732059986
120.758   1.48395   0.1788076329466958
122.178   1.46044   0.1734154249194693
122.912   2.67639   0.1707867292853906
124.331   2.65173   0.16565863364159736
125.066   3.86736   0.16426179227075324
126.486   3.84156   0.15993328890509684
127.22   5.05697   0.15989002470448405
128.64   5.03005   0.15644257732470956
129.374   6.24544   0.15747771143879555
122.864   0.217552   0.16958224565384297
124.284   0.193046   0.16459993486538876
125.018   1.40887   0.16189077305393432
126.438   1.38326   0.15768640683331045
127.172   2.59873   0.15619083711921158
128.592   2.57197   0.15297584809374848
129.327   3.78724   0.15319202198548296
130.746   3.75946   0.15043592124224076
127.124   0.139954   0.15510399754774187
128.543   0.113287   0.15189992212141137
129.278   1.32866   0.15068850520195495
130.698   1.30093   0.1485460319227708
131.432   2.51611   0.148519771074426
131.383   0.0572156   0.14743918822687707
132.803   0.0287477   0.14645089710647222
76.3709   42.3823   0.06247319425161591
77.7919   42.3727   0.06506681181677965
78.511   43.5974   0.06478433452618221
79.9321   43.5872   0.06690784707341828
80.6516   44.8116   0.06678996930677601
82.0728   44.8007   0.06847890186035353
82.7926   46.0247   0.06839210480750356
84.2139   46.0131   0.06959087583872055
77.7797   39.9166   0.06653029385175177
78.4993   41.1411   0.06541911035775472
79.9204   41.1319   0.06840979462036356
80.6402   42.3561   0.06750844391629489
82.0614   42.3462   0.07003613353120544
82.7816   43.5701   0.06920592460187183
84.2029   43.5594   0.07126429681123674
84.9234   44.783   0.07064240935868882
86.3448   44.7716   0.07211178821801666
87.0657   45.9948   0.07173067684052822
88.4872   45.9824   0.07258725783496663
78.4866   38.6848   0.06856981843348178
79.9077   38.6765   0.07225351202536716
80.628   39.9006   0.07090860314517548
82.0492   39.8916   0.07412388279090475
82.7698   41.1154   0.07288573248585907
84.191   41.1056   0.07565996299232912
84.9119   42.3291   0.07459041493382204
86.3332   42.3185   0.07678717340806393
87.0544   43.5417   0.07603301914299991
88.4759   43.5302   0.07768397518149803
89.1975   44.753   0.07708676929279447
90.619   44.7405   0.07818478112778311
91.3411   45.9628   0.0776994851977812
92.7628   45.9493   0.07844348283955616
79.8939   36.2211   0.07782923615197544
80.6148   37.445   0.07612049658272332
82.0359   37.4369   0.08006566055432011
82.757   38.6605   0.07841434817685314
84.1782   38.6517   0.0820639384870082
84.8995   39.875   0.08059317588977605
86.3209   39.8654   0.0836704248823926
87.0424   41.0884   0.08245107640292164
88.4639   41.0778   0.08494768978613
89.1857   42.3005   0.08399511890580588
90.6072   42.2889   0.08583594818023944
91.3295   43.5113   0.08517904671924857
92.7511   43.4986   0.08650936365504154
93.4738   44.7205   0.08608774593402106
94.8956   44.7065   0.08671827950322665
95.6187   45.9279   0.08673148217343188
97.0406   45.9128   0.08707077580910555
80.6005   34.9893   0.08251599844878174
82.0216   34.9822   0.0872679780904832
82.7432   36.2056   0.08539115879293464
84.1644   36.1977   0.08976881418399013
84.8862   37.4208   0.0880009090862176
86.3075   37.412   0.0917045255153729
87.0295   38.6349   0.09033908345782492
88.4509   38.6252   0.09345528342474703
89.1731   39.8478   0.09233926575406715
90.5946   39.8371   0.09487539196229947
91.3171   41.0594   0.09397286842487565
92.7388   41.0476   0.09599364562303361
93.4616   42.2695   0.0954023584614168
94.8834   42.2564   0.09663844990478865
95.6066   43.4779   0.09646289442060009
97.0285   43.4635   0.09716136063271166
97.7522   44.6845   0.09744459964513429
99.1742   44.6688   0.09781957881733015
99.8984   45.8893   0.0986128794833581
101.32   45.8723   0.0985710403719086
82.006   32.5274   0.09492212597703387
82.7282   33.7506   0.0929103869327834
84.1494   33.7436   0.098014947839604
84.8717   34.9665   0.09611493120218487
86.293   34.9586   0.10052278348712859
87.0155   36.1813   0.09897944231000921
88.4369   36.1725   0.10283559694968691
89.1596   37.395   0.1015643145991771
90.5811   37.3852   0.10481168827950145
91.304   38.6073   0.10368500373728334
92.7255   38.5964   0.10623262210827786
93.4487   39.8182   0.10553999241993549
94.8704   39.806   0.10736936248297539
95.5939   41.0274   0.10698584018458315
97.0157   41.0139   0.10820448234708348
97.7396   42.2349   0.10828637956825862
99.1615   42.22   0.10894406821851177
99.8858   43.4405   0.10949050187117311
101.308   43.4242   0.10956869991014813
102.033   44.6444   0.11130866992287981
103.455   44.6268   0.11153878249291059
104.179   45.8467   0.11243776056111886
105.602   45.828   0.11327762356264284
82.712   31.2954   0.10067502172833742
84.1331   31.2894   0.10632205791838237
84.856   32.512   0.10442743892291735
86.2773   32.5051   0.1095878642916244
87.0003   33.7276   0.1079114451761284
88.4217   33.7197   0.11243037845707546
89.1449   34.9419   0.11095161107438031
90.5664   34.933   0.11488759724183063
91.2897   36.155   0.11362033268742054
92.7113   36.1449   0.11679015369455689
93.4348   37.3666   0.11591522764503316
94.8565   37.3553   0.11836832346535539
95.5803   38.5767   0.1179098808412549
97.0021   38.564   0.11959590293985609
97.7262   39.785   0.11949953974806769
99.1481   39.7709   0.12053854155414205
99.8726   40.9914   0.1208190382348749
101.295   40.9758   0.12156117801338351
102.019   42.196   0.12238615117733152
103.441   42.1789   0.12189392929920684
104.167   43.3988   0.12453706275643939
105.589   43.3805   0.12462588013731617
106.314   44.6002   0.12634951523451898
107.736   44.5809   0.1264639869686233
84.839   30.0575   0.11269645069832694
86.2602   30.0514   0.11847974510438225
86.9839   31.2737   0.1167680607015549
88.4052   31.2667   0.12196688075046862
89.129   32.4887   0.1204186032139576
90.5504   32.4806   0.12485707829354363
91.2743   33.7024   0.12353562239288948
92.6958   33.6932   0.12730125686732824
93.4199   34.9148   0.12642191265757516
94.8415   34.9044   0.12946034141774804
95.5657   36.1256   0.12878342284626906
96.9874   36.1138   0.13100339690251805
97.7119   37.3347   0.13075297319754642
99.1337   37.3214   0.13209526865107774
99.8585   38.542   0.13237152261722032
101.28   38.5271   0.13308223021876386
102.006   39.7473   0.13412893051090705
103.428   39.7309   0.13450204459412715
104.153   40.9506   0.13595271236721276
105.575   40.9328   0.1353192151913395
106.3   42.1524   0.13732971273544836
107.723   42.1333   0.1380526348897429
108.448   43.3529   0.13984670178448094
86.2418   27.5976   0.1271133745913478
86.966   28.8196   0.12522340036909957
88.3872   28.8135   0.13108390442766865
89.1116   30.0353   0.12936004019788894
90.533   30.0281   0.13456756667191072
91.2575   31.2497   0.133132603069271
92.679   31.2414   0.1375719084697164
93.4036   32.4627   0.1364421489130065
94.8252   32.4532   0.1401266213108713
95.5499   33.6742   0.13928869300843935
96.9716   33.6633   0.14210158338315648
97.6965   34.8841   0.14166273327872664
99.1183   34.8717   0.14366951659972743
99.8434   36.0921   0.14361135052634869
101.265   36.0781   0.14448217883184905
101.991   37.2982   0.14571259382771565
103.413   37.2825   0.14563838779661906
104.138   38.5022   0.14665295769264314
105.56   38.485   0.146785557872706
106.286   39.7044   0.14827589149959713
107.708   39.6857   0.14817982318790265
108.434   40.9051   0.1510528384374196
109.856   40.8853   0.1508657681516923
86.9467   26.3653   0.13328600826793824
88.3679   26.3601   0.1398531015029748
89.0929   27.5816   0.13796437946078927
90.5141   27.5754   0.1438703930626482
91.2393   28.7967   0.14228636617751103
92.6607   28.7893   0.14728866215701142
93.3859   30.0104   0.14608316124729157
94.8074   30.0017   0.150200033288944
95.5328   31.2226   0.14945507686257548
96.9544   31.2125   0.15269214125160815
97.6798   32.4331   0.1521147593101993
99.1015   32.4216   0.15460688859167843
99.8271   33.6419   0.15447850983227368
101.249   33.6287   0.1562089946193907
101.975   34.8487   0.15637471023153796
103.397   34.8338   0.15727800227622285
104.123   36.0535   0.15855055975934387
105.545   36.0368   0.1580276558074581
106.271   37.2562   0.1598186472224031
107.693   37.2379   0.1596030388181948
108.419   38.4571   0.16129342826041787
109.841   38.4375   0.16085142212612802
110.567   39.6567   0.16392428130085132
88.347   23.9064   0.14779868064363458
89.0726   25.1278   0.1459855472298496
90.4937   25.1224   0.15249478679613931
91.2195   26.3435   0.15077088578369213
92.6408   26.3369   0.15639757031360874
93.3667   27.5578   0.1550343832831922
94.7881   27.55   0.15983222453560872
95.5141   28.7706   0.1587704632480531
96.9356   28.7615   0.16271410510462303
97.6617   29.9818   0.1619376731955879
99.0833   29.9712   0.16498927237853447
99.8095   31.1913   0.16468986004001324
101.231   31.179   0.16638993358973792
101.957   32.3988   0.16664993249323778
103.379   32.3848   0.16799464277173146
104.106   33.6043   0.16870927656770587
105.528   33.5884   0.16913438444030182
106.254   34.8076   0.17031423898195455
107.676   34.7899   0.16948111989245443
108.403   36.0089   0.17201002877739208
109.825   35.9897   0.1715171128488445
110.552   37.2086   0.17407288703299212
111.974   37.1881   0.17337776674072303
91.1981   23.8899   0.1584722688674568
92.6193   23.8843   0.16482745523728418
93.3458   25.1049   0.16328349579794912
94.7671   25.098   0.16866404477540448
95.4938   26.3183   0.1674071384379955
96.9152   26.3101   0.1719596173524471
97.6419   27.5302   0.17096353412351217
99.0634   27.5204   0.1745118334096614
99.7902   28.7403   0.17400339077156157
101.212   28.7289   0.1767842753188247
101.939   29.9485   0.17648923479917203
103.36   29.9353   0.1776179326532078
104.087   31.1547   0.17846156448939274
105.509   31.1396   0.1792049664490406
106.236   32.3586   0.17977866948000612
107.658   32.3416   0.17979012764887334
108.385   33.5604   0.18175533004565095
109.807   33.5416   0.1803871669493173
110.535   34.7603   0.18391642123529484
111.956   34.74   0.1822620366395694
112.683   35.9588   0.18494910110622856
95.4717   23.8657   0.17524485727118752
96.893   23.8583   0.18036745826229472
97.6204   25.0782   0.17918574162025322
99.0418   25.0693   0.1832712470629251
99.7692   26.2889   0.18250901347604778
101.191   26.2784   0.18553223439607666
101.918   27.4978   0.18525204452313174
103.34   27.4854   0.1874747983063387
104.067   28.7046   0.187065870751448
105.489   28.6903   0.18820015940482238
106.217   29.9092   0.18957505110114292
107.639   29.8929   0.18906348140240845
108.366   31.1115   0.1904021008287438
109.788   31.0933   0.1898690074761992
110.516   32.3117   0.19192508955319615
111.938   32.2918   0.19093061566967395
112.665   33.5102   0.19376854749932976
114.087   33.4888   0.19254248881739988
99.7464   23.8371   0.19006854026902503
101.168   23.8274   0.19385099948156093
101.896   25.0466   0.1929301687139697
103.317   25.035   0.19505909361010995
104.046   26.254   0.19585211257477084
105.467   26.2405   0.19679362286416013
106.196   27.4592   0.1974588817956768
107.617   27.4437   0.1973056005287225
108.346   28.6621   0.19934768621682777
109.767   28.6445   0.1975062024342501
110.496   29.8627   0.20033347199107307
111.917   29.8432   0.19855981466550288
112.646   31.0614   0.20151945315527375
114.067   31.0402   0.19929927245225287
114.795   32.2585   0.20303034255992114
104.022   23.8029   0.20229705880215154
105.443   23.7901   0.20365286641733907
106.172   25.0086   0.20422727535762164
107.594   24.9939   0.20511355391587455
108.323   26.2121   0.20575657948167075
109.744   26.1952   0.20487181358107592
110.473   27.4132   0.2069237057468318
111.895   27.3942   0.20516008383698708
112.624   28.6121   0.20810730405249564
114.046   28.5913   0.206613770112258
114.774   29.8092   0.20884415241993437
116.196   29.7869   0.20709287771432192
108.298   23.7615   0.21175027744963973
109.719   23.7452   0.21044837846844716
110.449   24.963   0.21237073715556776
111.87   24.9446   0.21075995824634305
112.6   26.1623   0.21286549743910735
114.021   26.1418   0.21052952287030918
114.751   27.3594   0.21428415713720197
116.172   27.3373   0.21156476549746497
116.901   28.555   0.21471536973397845
112.574   23.7117   0.2171857499929482
113.995   23.6918   0.21500627897808083
114.725   24.9091   0.2171562110555426
116.147   24.8872   0.21503943824331948
116.876   26.1046   0.21820497244563772
118.298   26.0813   0.2159343650278917
116.849   23.6536   0.21983086680446445
118.27   23.6304   0.21661461169551754
119.0   24.8476   0.22062975773906632
74.2538   46.0819   0.06593413380033263
75.6747   46.071   0.06790206182436799
75.6639   43.6142   0.0640684789892827
76.3822   44.8393   0.06441102390119528
77.8032   44.8288   0.06634613779264305
78.5219   46.0536   0.06692630275160956
79.9431   46.0424   0.06838084527117551
84.9342   47.2368   0.06953157556103694
86.3556   47.2244   0.0702321863535557
87.0763   48.4476   0.07026250778331138
88.4979   48.4344   0.0704589242041072
89.2192   49.6571   0.07051255207408007
90.6408   49.6428   0.07025218857800918
91.3628   50.865   0.07032304032107854
92.7846   50.8497   0.06969368694509114
93.5072   52.0713   0.0697430283254211
94.9291   52.055   0.06903636722771515
95.6524   53.276   0.069206141345984
97.0745   53.2588   0.06855909859384243
97.7983   54.4793   0.06898652042247347
99.2204   54.4613   0.06851196975711608
99.9445   55.6816   0.06907105037568433
101.367   55.6631   0.0692130767991174
89.2086   47.2052   0.07237720635669767
90.6302   47.1918   0.0727100405721269
91.3521   48.4141   0.0725135849341319
92.7739   48.3997   0.07262781836184026
93.4964   49.6214   0.07258222923002663
94.9183   49.6058   0.0722293569125534
95.6415   50.827   0.07251841145529855
97.0634   50.8104   0.07211005477740694
97.7872   52.0311   0.07279800821451109
99.2093   52.0135   0.07249641370440651
99.9334   53.2338   0.07339741139849974
101.356   53.2156   0.07350380942509263
102.08   54.4357   0.07468179162285825
93.4853   47.1711   0.0781747401658655
94.9071   47.1564   0.07839221900163408
95.6303   48.3777   0.07863103712911718
97.0522   48.3617   0.07848082568373217
97.7759   49.5825   0.07918434188651496
99.1979   49.5655   0.07898848017274895
99.922   50.7859   0.08004167664410503
101.344   50.7679   0.08008870082602065
102.069   51.9881   0.08162658880536407
103.491   51.9695   0.08194937461628532
97.7643   47.1337   0.08760011415517735
99.1863   47.1173   0.0876992018207729
99.9104   48.3377   0.08864242776458284
101.333   48.3202   0.08884255736976149
102.057   49.5404   0.09035961487301866
103.479   49.522   0.09060011037521161
104.204   50.742   0.09241958666861931
102.045   47.0925   0.1005247233271535
103.467   47.0744   0.10013935290383631
104.192   48.2944   0.1025582761165601
105.614   48.2756   0.10296858744297151
106.326   47.0479   0.11530706830025506
60.8463   69.568   0.16264442812466712
61.5491   68.3323   0.15882084246093017
62.9692   68.3139   0.15985659198169075
63.683   69.5408   0.16746599654855177
65.1032   69.5217   0.16869392401625383
62.9597   65.8518   0.14724873513887987
63.6732   67.079   0.1549630923800891
65.0934   67.0608   0.15640601011469424
65.8079   68.2874   0.16320337006323796
67.2282   68.2685   0.16481871859713548
67.9437   69.4945   0.17063935653885978
69.3642   69.475   0.17227109449934477
63.664   64.6172   0.1422432423702428
65.0842   64.5998   0.14382426777147778
65.7984   65.8267   0.15077897731448195
67.2187   65.8087   0.1525209821631107
67.9339   67.0349   0.1585167499036054
69.3544   67.0163   0.16025295629098088
70.0705   68.2419   0.16536266204920902
71.4911   68.2228   0.16711941838099179
72.2084   69.4477   0.1710235656276615
73.6291   69.4281   0.17271346212731312
65.0754   62.1388   0.13115185854572647
65.7894   63.3659   0.13798764437442176
67.2098   63.3488   0.13984881122126455
67.9247   64.5752   0.14593549945095793
69.3452   64.5575   0.14782252872955176
70.061   65.7834   0.15304398060687768
71.4816   65.7652   0.15492152852331215
72.1984   66.9904   0.15925558074993373
73.6191   66.9717   0.16093890145020276
74.337   68.1963   0.1641454537902243
75.7579   68.1771   0.1655265839676511
76.4768   69.4009   0.1676985390514762
77.8979   69.3812   0.16877316137347995
65.7808   60.905   0.12518362512725015
67.2012   60.8888   0.12705908074592193
67.9159   62.1154   0.13324376158004841
69.3364   62.0986   0.1350819751114177
70.0519   63.3247   0.14061301504484153
71.4726   63.3074   0.142335554237164
72.189   64.5329   0.14699340121244556
73.6098   64.5151   0.14853137715647136
74.3272   65.74   0.15220105124472386
75.7481   65.7216   0.15353898527735654
76.4666   66.9459   0.15611361247501737
77.8876   66.9271   0.1571829825394589
78.6072   68.1506   0.15862310676568162
80.0284   68.1313   0.15928245352203765
80.7491   69.354   0.15970629292548896
82.1705   69.3342   0.16010415360008365
67.1927   58.4287   0.11465365236223299
67.9073   59.6555   0.1205962685989873
69.3278   59.6396   0.1225496226024377
70.0432   60.8659   0.12794518357484364
71.4639   60.8494   0.1297177320184215
72.1801   62.0752   0.13445761413917856
73.6009   62.0582   0.13597051150893827
74.318   63.2834   0.13992233560086947
75.7389   63.266   0.1412064092029821
76.4569   64.4905   0.14423456589874606
77.878   64.4726   0.14513090642588666
78.597   65.6965   0.14713211749989055
80.0182   65.6781   0.14771658674637975
80.7384   66.9012   0.14851929167619782
82.1597   66.8822   0.14881186108641045
82.881   68.1046   0.14862479604695467
84.3026   68.0851   0.1486032974062198
85.025   69.3066   0.14744778736895214
86.4467   69.2867   0.14733315987922835
67.8987   57.1954   0.10827063313752275
69.3193   57.1804   0.11013087668769543
70.0346   58.4069   0.11537876754412436
71.4553   58.3913   0.11713295864102782
72.1714   59.6172   0.12183029179969503
73.5922   59.6012   0.12336227137986851
74.3091   60.8266   0.1273897955096846
75.73   60.8101   0.1286683721821342
76.4477   62.0349   0.13191607180325723
77.8687   62.0179   0.13288303127186793
78.5874   63.242   0.13512549722387845
80.0086   63.2245   0.13566314901254448
80.7283   64.448   0.13696079731075986
82.1496   64.4299   0.1371485326206521
82.8704   65.6527   0.13735869102462667
84.2919   65.634   0.13726157510388343
85.0137   66.856   0.13655493400093213
86.4354   66.8367   0.1362975054797471
87.1582   68.058   0.1348787974442246
88.5801   68.0383   0.1343834439207439
89.3039   69.2588   0.13226220170555777
90.7259   69.2389   0.1318522658129216
69.3107   54.7212   0.0984013211293495
70.026   55.9477   0.10326935653909963
71.4467   55.9331   0.10503566061104955
72.1628   57.1591   0.1095042008326643
73.5836   57.144   0.11103630037064115
74.3003   58.3695   0.11509982623793029
75.7212   58.3539   0.11630545988903539
76.4388   59.5789   0.11965466977932789
77.8598   59.5628   0.12050518661036971
78.5782   60.7873   0.12309870023684245
79.9994   60.7707   0.1234891898102911
80.7187   61.9944   0.12520563086379882
82.14   61.9773   0.12520067891189846
82.8603   63.2003   0.12600392851019337
84.2817   63.1825   0.12574048671768143
85.0031   64.4049   0.1255545299859765
86.4247   64.3864   0.12499683996005216
87.147   65.6081   0.12400838681314671
88.5688   65.589   0.1233730116354532
89.2921   66.81   0.12162347635221371
90.7141   66.7905   0.12097131891486047
91.4381   68.0109   0.11872834539401014
92.8602   67.9913   0.11821658090132206
93.5848   69.2113   0.1157866140795237
70.0173   53.4885   0.09169045751875643
71.438   53.4748   0.0935650041414998
72.1541   54.7009   0.09765751379181783
73.5749   54.6867   0.09924424416559807
74.2916   55.9123   0.10299733006248671
75.7125   55.8976   0.10431835888279599
76.43   57.1228   0.10747934685324168
77.851   57.1076   0.10844228879915789
78.5692   58.3322   0.11106691676642945
79.9903   58.3165   0.11155397796582014
80.7094   59.5405   0.11345316214191464
82.1307   59.5242   0.11342279312378349
82.8506   60.7476   0.11460938006986753
84.272   60.7307   0.11420634833493304
84.9929   61.9534   0.11450524005477002
86.4145   61.9358   0.11381063219225053
87.1364   63.1577   0.11330904641731768
88.5581   63.1395   0.11245892583517177
89.2809   64.3607   0.11120368698923604
90.7028   64.3419   0.11027651608570245
91.4264   65.5625   0.10848769515479383
92.8485   65.5433   0.1077024605104309
93.5727   66.7635   0.10555245141634798
94.9948   66.7443   0.10493207326647622
71.4289   51.0163   0.08312165782754682
72.1451   52.2425   0.08667756341753134
73.5659   52.2292   0.08827898957282793
74.2827   53.4549   0.0917311288494757
75.7037   53.4411   0.09287755380069602
76.4211   54.6664   0.09601150972669903
77.8421   54.6521   0.09687538387020678
78.5602   55.8769   0.09958890500452974
79.9814   55.8621   0.09988688602615009
80.7002   57.0863   0.10202872144646882
82.1215   57.0709   0.10193493022512032
82.8411   58.2946   0.10344123935839306
84.2626   58.2785   0.10285436305767766
84.9831   59.5015   0.10358223785958993
86.4047   59.4847   0.10280432870263721
87.1261   60.707   0.10275645965097238
88.5478   60.6895   0.10174350102095381
89.2702   61.9111   0.10102341312784975
90.6921   61.8929   0.09993022565771019
91.4153   63.1139   0.0985192874517452
92.8373   63.0951   0.09759907786449583
93.5612   64.3156   0.09573599114230559
94.9833   64.2966   0.09493803242115234
95.7076   65.5167   0.09296784390314208
72.1358   49.784   0.07684412794742368
73.5566   49.7716   0.07858091371319195
74.2736   50.9974   0.08143660110785572
75.6945   50.9845   0.08276249150429912
76.412   52.2098   0.08550023391780671
77.833   52.1965   0.08644703580805706
78.5512   53.4213   0.08882257595904601
79.9723   53.4074   0.08924724085371069
80.6911   54.6318   0.09133334549877457
82.1123   54.6173   0.0913539271186505
82.8318   55.8411   0.09286635558694438
84.2532   55.826   0.09245696296114847
84.9735   57.0492   0.093328773698147
86.395   57.0333   0.09259654421197447
87.1161   58.2559   0.09289106523234361
88.5378   58.2392   0.09184339932733432
89.2598   59.4611   0.09150005464479023
90.6817   59.4436   0.09030000000000067
91.4045   60.6649   0.08942248039503956
92.8265   60.6467   0.08824165682941641
93.55   61.8674   0.08690120827698909
94.9721   61.8487   0.08593032060920285
95.6962   63.069   0.08427917892338276
97.1183   63.0502   0.0836284042655318
73.5468   47.314   0.07062216365985885
74.264   48.5397   0.07264956985420618
75.6849   48.5278   0.07420256060271864
76.4026   49.7531   0.07623844174692965
77.8236   49.7407   0.0774442380038686
78.5419   50.9656   0.07936157760528935
79.963   50.9526   0.08005223294824394
80.6818   52.177   0.0817672306000407
82.103   52.1634   0.08197877774156696
82.8224   53.3874   0.08348730442408216
84.2438   53.3731   0.083214301655433
84.9639   54.5965   0.08416014496185764
86.3854   54.5815   0.08355471261394941
87.1063   55.8043   0.08399767853934915
88.528   55.7885   0.08300445771161699
89.2497   57.0107   0.08295378231279993
90.6715   56.9939   0.08182322408705517
91.394   58.2155   0.0812839467545672
92.8159   58.1979   0.08015909181122746
93.5392   59.4189   0.07925061513957007
94.9612   59.4007   0.07823522224676084
95.6851   60.6212   0.07704342931100785
97.1072   60.6026   0.07621010431694451
97.8314   61.8228   0.07503532501429007
76.3927   47.2963   0.06910455846034629
77.8138   47.2848   0.07054154804085432
78.5322   48.5096   0.07189228053136258
79.9533   48.4976   0.07288518367954082
80.6722   49.722   0.07417910757079907
82.0934   49.7093   0.07467884573291002
82.8129   50.9334   0.07577895486215055
84.2342   50.92   0.07586955911299338
84.9543   52.1436   0.0767137536560407
86.3758   52.1294   0.07625995017045704
87.0965   53.3524   0.07681926841619646
88.5181   53.3374   0.07600368412123196
89.2396   54.5598   0.07620931701571047
90.6613   54.5439   0.07518842996100013
91.3836   55.7657   0.07506550472754124
92.8055   55.7489   0.07388511352092633
93.5285   56.9701   0.07343738829778879
94.9505   56.9524   0.07237637736167969
95.6741   58.1731   0.07171757106874242
97.0962   58.1548   0.07088935039905822
97.8203   59.3751   0.07024307795078633
99.2424   59.3566   0.06978982733894804
80.6622   47.2669   0.06894534066926059
82.0834   47.2551   0.07003242106339251
82.803   48.4792   0.07062527876051548
84.2243   48.4667   0.07116368455891188
84.9444   49.6903   0.07163721100098672
86.3659   49.677   0.07163030085096705
87.0866   50.9002   0.07205060721464995
88.5081   50.886   0.07167335627693022
89.2295   52.1086   0.0718702998463213
90.6512   52.0936   0.07114674975007668
91.3732   53.3155   0.07119866571783483
92.7951   53.2995   0.07027246971610025
93.5179   54.5209   0.07008130991926668
94.9398   54.5039   0.06913739943041147
95.6633   55.7247   0.06897151585980955
97.0853   55.7069   0.06823356945082154
97.8093   56.9273   0.06808663598680899
99.2314   56.909   0.06767370242568752
99.9556   58.1292   0.06756544975059613
48.2692   91.939   0.21783062227335762
48.9584   90.6958   0.2204891380544683
50.3775   90.6741   0.21659939981449783
51.0947   91.8994   0.2216602354956809
52.514   91.8764   0.2173678449081188
50.3516   88.2048   0.21271715962752438
51.0671   89.431   0.21943766768719652
54.6523   93.0765   0.21655274184364592
52.4863   89.4083   0.21542964048616647
53.2035   90.6334   0.22057452255417118
54.6227   90.6097   0.21674558819039408
55.3418   91.8337   0.22009386633888212
56.7611   91.8092   0.21655606664326196
57.4821   93.032   0.21806386679135772
58.9016   93.0068   0.21497053286438986
51.0422   86.9621   0.2152841842774382
52.4612   86.9396   0.21167602603979704
53.1768   88.1656   0.21839464279143495
54.596   88.1423   0.21491700723768425
55.3133   89.3673   0.21995329049595877
56.7326   89.3431   0.21676533394434147
57.4517   90.567   0.22004010997997392
58.8712   90.5423   0.21736211721456905
59.5923   91.765   0.21876080544740756
61.0119   91.7397   0.21666312561209103
61.735   92.9613   0.2162910307895383
63.1548   92.9356   0.21484014987892802
52.4387   84.4707   0.20597987765798792
53.1529   85.6974   0.2140468640274841
54.572   85.6746   0.21105695913662287
55.2877   86.9004   0.21765261312467926
56.707   86.8768   0.21498013861749746
57.4245   88.1016   0.21967016183359517
58.844   88.0773   0.21740995837357407
59.5633   89.301   0.2203726616438659
60.9829   89.2762   0.21873083916082758
61.7042   90.4988   0.21982479387002424
63.124   90.4735   0.21882058861085238
63.8472   91.695   0.21829912963637493
65.2671   91.6693   0.21795166895438875
65.9923   92.8898   0.2157792390384162
67.4123   92.8638   0.2162512658922499
53.1315   83.2291   0.20797588802551298
54.5507   83.2068   0.20536284961014967
55.2651   84.4333   0.21321022489552544
56.6844   84.4103   0.21092986986200488
57.4004   85.6359   0.21710389218068535
58.8199   85.6122   0.2151903575906709
59.5376   86.8368   0.21972739929285445
60.9572   86.8126   0.21836934308643302
61.6769   88.0361   0.22095938540827
63.0966   88.0113   0.22024154921358316
63.8181   89.2337   0.2211205553538622
65.238   89.2086   0.2210333232795414
65.9615   90.4299   0.22016502901232685
67.3815   90.4044   0.22077873538907963
68.1068   91.6246   0.21852162364396535
69.5271   91.5988   0.21966057907599046
70.2541   92.8181   0.21624236402704344
71.6745   92.792   0.21811577201110818
54.5318   80.739   0.1979763874809374
55.2451   81.9661   0.20675410515876128
56.6644   81.9438   0.20508371461430025
57.3792   83.17   0.2123811196881739
58.7987   83.1471   0.2109341366398572
59.5151   84.3724   0.216642055012411
60.9347   84.3489   0.21566552807530584
61.6528   85.5732   0.2197024806414393
63.0726   85.5491   0.21920221258006894
63.7925   86.7724   0.22146126072070518
65.2124   86.7478   0.2215664685822287
65.9342   87.97   0.22208090867969765
67.3543   87.9449   0.22275464080463336
68.0779   89.1661   0.22174929537655924
69.4982   89.1407   0.22294371486991738
70.2236   90.3609   0.22052169961252574
71.644   90.3351   0.22240406920737735
72.3711   91.5543   0.21890237550104027
73.7917   91.5284   0.22126854724519313
74.5203   92.7467   0.21697737209211462
75.941   92.7207   0.21997774887474367
55.2274   79.4989   0.19870978838497108
56.6468   79.4774   0.19737127450569142
57.3605   80.7042   0.20570984419807886
58.7801   80.682   0.20458792730755368
59.4953   81.908   0.2114253059593407
60.915   81.8852   0.21072152239389721
61.6318   83.1102   0.21591685899901453
63.0516   83.0868   0.21572556640324264
63.7701   84.3109   0.2192307004048509
65.1901   84.2869   0.21945083731898013
65.9103   85.51   0.22133438503766323
67.3304   85.4855   0.22211861695950136
68.0525   86.7076   0.22228562706572716
69.4727   86.6827   0.2237151760609885
70.1966   87.9037   0.22225084926721614
71.617   87.8784   0.22417606919561595
72.3426   89.0985   0.22141917261158128
73.7632   89.0729   0.2238014745259692
74.4904   90.292   0.22007228357973563
75.9112   90.2663   0.2228770737424684
76.6397   91.4846   0.21858531515177443
78.0606   91.459   0.22179452202433445
78.7903   92.6766   0.2173076390741978
80.2113   92.6514   0.22074711776148795
56.6312   77.0111   0.1882836955235382
57.3441   78.2384   0.1973568848558359
58.7637   78.2171   0.19667722288053544
59.478   79.4435   0.20431226101240313
60.8977   79.4216   0.2039754151852628
61.6135   80.6472   0.21007850913408166
63.0333   80.6246   0.2101824445571068
63.7506   81.8493   0.2147535797140563
65.1706   81.8261   0.21521730878347342
65.8895   83.0499   0.21822238656929824
67.3096   83.0261   0.2191579111052158
68.0302   84.2489   0.22053367089857454
69.4505   84.2246   0.22184075369507752
70.1729   85.4465   0.22157396056397008
71.5933   85.4218   0.2233689324861466
72.3174   86.6426   0.22173251904039504
73.738   86.6176   0.22384927965039378
74.4637   87.8375   0.22110178651471415
75.8846   87.8122   0.22348841133265748
76.6118   89.0312   0.21984053311434273
78.0328   89.0059   0.2226313095680934
78.7613   90.2241   0.2184954919443275
80.1825   90.199   0.22150869057443337
80.912   91.4166   0.21735889675833361
57.3296   75.7728   0.1875014933273885
58.7493   75.7522   0.18709548364405035
59.4628   76.9792   0.19546603285481187
60.8826   76.958   0.19536870271361434
61.5974   78.1842   0.2023842385167399
63.0173   78.1624   0.20274481497685642
63.7336   79.3877   0.20813855961834044
65.1536   79.3652   0.20890495446494822
65.8714   80.5897   0.212770980164126
67.2915   80.5666   0.21396660954457375
68.0109   81.7902   0.21624756646028825
69.4312   81.7666   0.21772985555499066
70.1522   82.9892   0.2185207084008302
71.5727   82.9651   0.22028075267713165
72.2953   84.1868   0.21973606895545994
73.716   84.1623   0.22167609253143203
74.4403   85.383   0.21977019816163904
75.8611   85.3582   0.2220637070752521
76.587   86.5779   0.21906971493111446
78.0081   86.5531   0.2214965011010332
78.7353   87.7719   0.21786810230045595
80.1565   87.7471   0.2206289872160944
80.885   88.9652   0.21655101015695477
82.3063   88.9409   0.2194260467674831
58.7364   73.2876   0.17651778947176683
59.4493   74.5149   0.18537165371221317
60.8692   74.4946   0.18547749189591645
61.5833   75.7212   0.1931397939317507
63.0032   75.7002   0.193662928822221
63.7187   76.926   0.19984316350578354
65.1387   76.9044   0.20074516183460542
65.8555   78.1294   0.20559586571717633
67.2757   78.1071   0.20672875948933794
67.994   79.3313   0.21009031391285504
69.4144   79.3085   0.21146642759549186
70.1341   80.5318   0.21344034295324588
71.5547   80.5084   0.2150099765127185
72.276   81.7308   0.21547948858302302
73.6967   81.707   0.21733501788713303
74.4196   82.9284   0.2163850734223532
75.8405   82.9043   0.21841659735468724
76.5651   84.1247   0.2161728475086602
77.9862   84.1004   0.21836851879335123
78.7122   85.3199   0.21524927409866487
80.1334   85.2955   0.21771635216492502
80.8607   86.5142   0.21404553253922573
82.2822   86.4901   0.2165624852092321
83.0105   87.7082   0.21264040067682427
59.4373   72.0507   0.174024222451934
60.8572   72.0312   0.17451160419869355
61.5707   73.2582   0.1825619073081792
62.9907   73.2381   0.18333199393450517
63.7055   74.4643   0.19005109839198428
65.1256   74.4435   0.19113505696233973
65.8416   75.669   0.19671631859101088
67.2618   75.6476   0.1980087371809641
67.9792   76.8723   0.20217017584202837
69.3996   76.8503   0.2036000491159065
70.1183   78.0742   0.20646631686547778
71.5389   78.0516   0.2080396356466755
72.2591   79.2746   0.20940687667791716
73.6798   79.2516   0.21116993157170708
74.4016   80.4737   0.21107122020777663
75.8225   80.4503   0.21291636855816592
76.5457   81.6714   0.2116167526449655
77.9669   81.6477   0.2134825988224896
78.6916   82.8679   0.21112427619769117
80.1129   82.844   0.21314483338801254
80.8391   84.0633   0.20993458504973042
82.2606   84.0395   0.21207076649081225
82.9878   85.2582   0.2084685587804613
84.4094   85.2349   0.21069572848066692
61.5595   70.7952   0.17096844738138253
62.9795   70.776   0.17188048173076637
63.6937   72.0026   0.1791901783022722
65.1138   71.9826   0.18035891993467065
65.8292   73.2086   0.18646632403734797
67.2495   73.188   0.18778735314179135
67.9661   74.4132   0.1926830817690049
69.3865   74.392   0.19423977450563135
70.1044   75.6164   0.19778184952113176
71.5249   75.5946   0.19950288218469683
72.2442   76.8182   0.20162983410198743
73.6649   76.796   0.20335941089607773
74.3856   78.0187   0.20411178309936814
75.8065   77.9961   0.2059101017434576
76.5287   79.2179   0.2052223428382003
77.9498   79.1949   0.20703151933945066
78.6734   80.4158   0.20522987112016336
80.0948   80.3925   0.20695857073336293
80.8198   81.6124   0.20428365083872668
82.2413   81.5891   0.20614087416134338
82.9675   82.8083   0.20280318044843915
84.3892   82.7852   0.20470791386753992
85.1164   84.0038   0.20120241052234666
65.8181   70.748   0.17523772424908465
67.2384   70.7283   0.17669080338263632
67.9544   71.9539   0.18212108609383984
69.3748   71.9335   0.18374351689243948
70.092   73.1584   0.18793530801848152
71.5125   73.1375   0.18967967735104876
72.231   74.3616   0.1925211676673563
73.6517   74.3403   0.19418349569413967
74.3715   75.5635   0.1957415387698772
75.7924   75.5417   0.19733256193543097
76.5136   76.7641   0.19752116342305978
77.9347   76.7419   0.19901203481196444
78.6573   77.9634   0.19797866046622292
80.0786   77.9408   0.19944034195719135
80.8026   79.1614   0.19737188249596388
82.2241   79.1386   0.1987900148397727
82.9493   80.3583   0.1959897191181261
84.371   80.3356   0.19744267522499698
85.0973   81.5547   0.19417718712556484
86.5191   81.5324   0.1957057740589276
70.0808   70.7003   0.17697581755709732
71.5014   70.6803   0.1787485944000681
72.2191   71.9048   0.18221599819994383
73.6399   71.8843   0.18391011391438244
74.3589   73.1081   0.18605273445987858
75.7798   73.0871   0.18763032803894114
76.5001   74.31   0.18849623338411206
77.9212   74.2886   0.1899124798426849
78.6429   75.5107   0.1895608873159216
80.0641   75.4889   0.19082905963192054
80.7872   76.7101   0.18930491277301495
82.2086   76.6879   0.19052973521211614
82.9329   77.9082   0.1881573012136403
84.3546   77.886   0.18925171069239785
85.08   79.1056   0.18627992377065786
86.5019   79.0835   0.18739834577710832
87.2281   80.3026   0.18429232214067018
74.3475   70.6523   0.1754563763446711
75.7683   70.6322   0.1769769759036506
76.4879   71.8556   0.17853302215557296
77.909   71.8351   0.17969869226011992
78.6299   73.0577   0.1800253593247304
80.0511   73.0367   0.1810331737555205
80.7733   74.2584   0.18019880687728507
82.1947   74.237   0.1811243219449073
82.9182   75.4579   0.1791868856808552
84.3398   75.4362   0.18002238749667096
85.0644   76.6563   0.1774406097825389
86.4862   76.6346   0.17823094568564457
87.2117   77.8541   0.17530422128403314
88.6337   77.8327   0.17608705233490923
78.618   70.6043   0.16979946996384768
80.0393   70.5841   0.17057109954502914
80.7607   71.8064   0.17030681137288825
82.1821   71.7858   0.17095780181085085
82.9047   73.0072   0.16970238654774011
84.3263   72.9861   0.17022508628283203
85.0501   74.2068   0.16805918600302233
86.4719   74.1855   0.1685247162881455
87.1967   75.4055   0.16578676062943085
88.6186   75.3843   0.16632260820465894
89.3442   76.6038   0.16337359027700832
82.8924   70.5561   0.1594040150059019
84.314   70.5358   0.15967247727771555
85.037   71.7569   0.15799066428114777
86.4588   71.7362   0.1582186461830607
87.1829   72.9566   0.15576527212443272
88.6048   72.9358   0.15605476602782292
89.3298   74.1557   0.1531171120417307
90.7518   74.1352   0.15347667575237886
87.1701   70.5075   0.14542957058315117
88.592   70.4872   0.1452916377497339
89.3164   71.7074   0.14274627841032814
90.7384   71.6871   0.14269653114214695
91.4634   72.9069   0.13996946095488444
91.4504   70.459   0.1293629004003873
92.8725   70.4392   0.12906622331190695
44.114   99.3997   0.22234929727794672
44.8361   100.623   0.22315747802841326
46.2555   100.605   0.2207949727688667
46.9793   101.827   0.21947393922741545
48.3987   101.807   0.21601539297003552
49.1243   103.028   0.2140784202109154
50.5438   103.006   0.2094626458345297
51.2709   104.226   0.20566501890209435
52.6905   104.203   0.20075788901062164
53.419   105.422   0.1964820602497884
54.8386   105.398   0.19135568975078407
55.5683   106.616   0.18617223208631056
56.9879   106.591   0.18103107468055984
57.7184   107.809   0.17551068343550774
59.138   107.783   0.17073397435777377
59.8692   109.0   0.16581764079856237
61.2889   108.973   0.1618920936920632
62.0209   110.19   0.15756528805546322
63.4406   110.162   0.15494386080125683
64.1735   111.378   0.15185325152923182
44.8023   98.1569   0.2240980812055224
46.2217   98.1386   0.2214346178897943
46.9434   99.3619   0.22238500399083516
48.3628   99.3418   0.21883007105971727
49.0863   100.564   0.21838179869210225
50.5058   100.542   0.21385434295332545
51.231   101.763   0.2114397313657076
52.6505   101.74   0.20667573636012077
53.3774   102.96   0.20350184274349134
54.797   102.935   0.19804860514530898
55.5252   104.154   0.19309831692689539
56.9448   104.129   0.18829397228802067
57.6742   105.347   0.18306416907740364
59.0938   105.321   0.17858479778525282
59.824   106.539   0.1735054177828488
61.2437   106.512   0.1696141503530914
61.9748   107.73   0.16464568017412406
46.1902   95.6711   0.2210597430560406
46.9099   96.8955   0.22376883160976058
48.3292   96.8753   0.22013827472749622
49.0506   98.0986   0.22135668049553361
50.47   98.0768   0.2170219113361675
51.1933   99.2989   0.21649094669293295
52.6127   99.2756   0.2117306071402989
53.3378   100.497   0.2100731539250085
54.7573   100.472   0.20477451013248021
55.4839   101.692   0.20113945411082426
56.9035   101.667   0.1964387945391658
57.6316   102.886   0.19211145202719956
59.0512   102.86   0.18769563127574432
59.7804   104.078   0.18254506292968253
46.8788   94.428   0.2234850778016286
48.298   94.4077   0.21991318741722202
49.0174   95.6321   0.22283298678606492
50.4367   95.6102   0.21865584830962376
51.1579   96.8334   0.21990566159151115
52.5773   96.8102   0.21531230805506366
53.3003   98.0322   0.214989906739832
54.7198   98.0079   0.21029778886141381
55.4446   99.2287   0.20832575452881633
56.8642   99.2034   0.20375379751062786
57.5907   100.423   0.20032039337022295
48.9866   93.1644   0.22263802460495652
50.4059   93.1426   0.21849370700319937
51.125   94.3669   0.2217417642213602
52.5443   94.3438   0.21727038454424188
53.2653   95.5669   0.2188191490706373
54.6847   95.5426   0.21428301379250442
55.4076   96.7646   0.2141276254947046
53.233   93.1006   0.22078412533513406
35.8309   114.27   0.21845880618550848
36.5618   115.49   0.21565539640824094
37.9814   115.481   0.22034847401331742
36.5203   113.03   0.21524358294732396
37.9398   113.021   0.21996817951695516
38.6705   114.24   0.21696534285455796
40.0901   114.229   0.22004931265513997
40.8217   115.448   0.2164145327837196
42.2413   115.435   0.21785660421479333
37.8993   110.56   0.22003901926704125
38.6286   111.78   0.21751829808087722
40.0481   111.769   0.22059848140910976
40.7785   112.988   0.2164873668369614
42.198   112.975   0.2179866968417922
42.9295   114.193   0.21410357306686378
44.3491   114.178   0.2140108642102063
45.0813   115.396   0.20962371049096334
46.5009   115.379   0.2079627130040455
38.5881   109.318   0.21771550243378973
40.0075   109.307   0.22079775814079644
40.7364   110.527   0.21722048706325953
42.1558   110.514   0.2187373082032404
42.886   111.733   0.2152994426374649
44.3055   111.718   0.215229668029292
45.0367   112.936   0.2102842124364176
46.4563   112.919   0.20865301339783582
47.1883   114.136   0.20400453426332826
48.608   114.117   0.2008805117476627
49.3406   115.334   0.19583396028268532
50.7603   115.313   0.1912881595917594
39.9688   106.844   0.22043495639303548
40.6958   108.065   0.2185005720816337
42.1152   108.052   0.2199793172095978
42.8437   109.272   0.21718335571585926
44.2632   109.256   0.2162573698166173
44.993   110.475   0.21177084313001535
46.4126   110.458   0.21022285793890536
47.1435   111.676   0.2059033753973018
48.5631   111.657   0.20286194813221556
49.295   112.874   0.19709715878216091
50.7146   112.853   0.1926464378077054
51.4471   114.07   0.18809476335081055
52.8668   114.048   0.1832085423772636
53.5998   115.265   0.17857385026929481
55.0195   115.241   0.17291006332773554
40.6572   105.602   0.22014658752749414
42.0766   105.589   0.22152627383676515
42.8032   106.81   0.21872914757755008
44.2227   106.794   0.2177759858202949
44.9508   108.014   0.21484154626142737
46.3703   107.996   0.2125298567260552
47.0998   109.215   0.20871367947501934
48.5194   109.196   0.20573283646516077
49.2501   110.414   0.20031949480767097
50.6697   110.393   0.19600954058413148
51.4012   111.61   0.1907950733116604
52.8209   111.588   0.18600220428800654
53.5531   112.805   0.18046445633420544
54.9728   112.781   0.17483469335346907
55.7056   113.998   0.17072061972709013
57.1253   113.973   0.1654129680526932
57.8587   115.19   0.16178828758596875
59.2784   115.164   0.15734436755092804
42.0402   103.124   0.2221081268211449
42.7648   104.346   0.22040553532068738
44.1842   104.331   0.22032142428733975
44.9104   105.552   0.21832281145130647
46.3299   105.534   0.21601462913424113
47.0577   106.754   0.21215065401738187
48.4772   106.734   0.20935591704080753
49.2064   107.953   0.20451982788961892
50.626   107.932   0.20039094290910672
51.3563   109.15   0.1955512464803101
52.7759   109.127   0.19014838942257814
53.5072   110.345   0.18471082805293493
54.9268   110.321   0.17914120129105401
55.6587   111.538   0.1741482414496275
57.0783   111.513   0.1688650348651276
57.8109   112.73   0.1641421335306699
59.2305   112.704   0.15950476481910952
59.9638   113.92   0.15606963189551284
61.3835   113.894   0.15312103056080184
62.1174   115.109   0.15069482406505758
63.5371   115.082   0.14870147948154303
42.7286   101.882   0.222693735879575
44.148   101.866   0.22168982836386864
44.8721   103.088   0.22098144718504142
46.2916   103.07   0.2186464955127277
47.0174   104.291   0.21592966447433012
48.4369   104.271   0.21239173712741294
49.1644   105.491   0.2092897751921984
50.5839   105.47   0.20524960414091561
51.3128   106.689   0.201078939722677
52.7324   106.666   0.1958977794667406
53.4624   107.884   0.1901638504027495
54.882   107.86   0.18478414434144613
55.6128   109.077   0.1792568548201167
57.0324   109.052   0.17402155038960657
57.764   110.27   0.16894892719398913
59.1836   110.244   0.16425230591988385
59.9159   111.46   0.15969608636406374
61.3355   111.434   0.1564772507427188
62.0686   112.65   0.15286863641702392
63.4883   112.622   0.1505300302265301
64.2222   113.838   0.14851969566357118
65.6419   113.809   0.14738744858365696
66.3764   115.025   0.14648293415958233
65.5932   111.35   0.1507043463208666
66.3271   112.566   0.14850016835007301
67.7468   112.537   0.14852828013547198
68.4813   113.752   0.14746545358150803
63.3944   107.702   0.16185997034474042
64.1264   108.919   0.15780082382548138
65.5461   108.89   0.15626861489115834
66.2791   110.107   0.15303519203111773
67.6989   110.078   0.15299807188327852
68.4327   111.294   0.15065855435387823
69.8525   111.265   0.15191444960897985
61.2   104.051   0.1787525104718815
61.9302   105.269   0.17335031006606663
63.3499   105.241   0.1704955424637276
64.081   106.459   0.16575828787725572
65.5007   106.431   0.16436739336012465
66.2328   107.647   0.1597651401276322
67.6526   107.619   0.1598371984238933
68.3856   108.835   0.156251879988695
69.8055   108.807   0.15749530151722155
70.5393   110.022   0.1552212614302575
59.0103   100.397   0.19618944925759776
59.7383   101.616   0.19148214015933493
61.1579   101.59   0.18829511411611644
61.8871   102.808   0.18319306755442702
63.3069   102.781   0.1806712484043907
64.0371   103.999   0.17552840226015237
65.4569   103.971   0.17404005286139682
66.1881   105.188   0.16890888076119112
67.608   105.16   0.16887122312579067
68.3402   106.376   0.16428271363719313
69.7601   106.348   0.16568023418622477
70.4932   107.564   0.16198925890318003
71.9131   107.536   0.1648503867147405
56.8271   96.7394   0.20978622452391907
57.5519   97.9603   0.2079102931554873
58.9715   97.9344   0.20404739645484307
59.698   99.1543   0.2007468306101044
61.1177   99.1279   0.1975732016241053
61.8457   100.347   0.1931999482401567
63.2654   100.32   0.19091086925578682
63.9947   101.538   0.18566071205292825
65.4145   101.511   0.18459428485193927
66.145   102.728   0.17913503286627655
67.5649   102.701   0.17924592045567117
68.2963   103.918   0.17404177659400896
69.7163   103.89   0.17545654732724594
70.4486   105.106   0.17081759277076947
71.8687   105.079   0.17339472310310233
72.6018   106.295   0.1693664665747081
55.3733   94.2995   0.2181233825154939
56.7927   94.2747   0.2141823755587721
57.5156   95.4965   0.21396565144900875
58.9351   95.4709   0.21054170608219505
59.6599   96.6917   0.20865782995133633
61.0796   96.6656   0.2058100337690076
61.8062   97.8853   0.2024593292491125
63.2259   97.8588   0.20050937633936197
63.954   99.0777   0.19614002651166995
65.3739   99.0508   0.19512234623435573
66.1034   100.269   0.18996173298851693
67.5233   100.242   0.19013405796963104
68.254   101.459   0.18468811548120895
69.674   101.432   0.18597467569536963
70.4057   102.648   0.18089776118018053
71.8257   102.621   0.18342663383489574
72.5582   103.837   0.17876143320078924
73.9783   103.81   0.18232534108017057
59.6246   94.2286   0.2146912899956588
61.0442   94.2029   0.21225128974873472
61.7691   95.4235   0.2103460006750799
63.1889   95.3974   0.20870759449527013
63.9155   96.617   0.20534042466109775
65.3354   96.5905   0.20463782641534495
66.0637   97.8092   0.20014015089431664
67.4837   97.7824   0.20041803811034276
68.2134   99.0004   0.19523345000282397
69.6334   98.9734   0.19666428247143405
70.3643   100.191   0.1912777300158016
71.7844   100.163   0.1938066046346181
72.5162   101.38   0.18855123972014246
73.9364   101.353   0.1919306124618991
74.6688   102.57   0.18749058643035882
63.8798   94.1561   0.21289138075554087
65.2997   94.13   0.21229747996620124
66.0265   95.3495   0.20895296121376608
67.4465   95.3231   0.2093060199803123
68.1749   96.5417   0.20491063906005988
69.5951   96.5151   0.20611516198474258
70.3249   97.7329   0.20116055776418676
71.7451   97.7061   0.2033507560841675
72.476   98.9233   0.1982489344233749
73.8963   98.8965   0.20132722120965443
74.6281   100.113   0.1965346025513092
76.0485   100.087   0.200188061582096
68.1393   94.0832   0.2128029370098071
69.5594   94.0569   0.21409684724442188
70.288   95.2754   0.2096716719063447
71.7083   95.2489   0.2117680098598479
72.4382   96.4667   0.20682869723517974
73.8586   96.4401   0.20969210762448612
74.5895   97.6573   0.20476357097881803
76.01   97.6308   0.20834190649027326
76.7416   98.8475   0.20382799120827813
72.4031   94.0104   0.2137899202488332
73.8235   93.9841   0.216487320644885
74.5534   95.2018   0.21173166980874888
75.974   95.1755   0.21509900046257324
76.7048   96.3926   0.2103014265286775
78.1255   96.3667   0.21411459548568113
76.6708   93.9384   0.21531349237797387
78.0916   93.9126   0.21874306846160807
78.8222   95.1297   0.21433655777771987
67.7961   114.996   0.146429402785099
