-1.36978   2.49194   0.004919593479140511
-0.684011   3.73484   0.01390621447411211
0.735812   3.7625   0.026248293449289258
1.42196   5.00522   0.037657553027247576
2.84187   5.0321   0.04926943575889563
3.52879   6.27439   0.06005798031902232
-2.83726   4.92296   0.02389071995566486
-1.41747   4.95085   0.02149841156922988
-0.7314   6.19365   0.03488365898239473
0.688455   6.22122   0.04116361307028298
1.3753   7.46357   0.054004075772111804
2.79527   7.49039   0.06236018361101861
3.48311   8.73217   0.07372627279335425
4.90321   8.75802   0.08232042395420495
5.59205   9.99925   0.09233853420972112
126.391   6.13914   129.92913133850854
-2.88446   7.38206   0.04648440598738445
-1.46469   7.4098   0.045289871936228764
-0.77791   8.6523   0.05745968757311511
0.641964   8.6797   0.061249118361001574
1.32972   9.92162   0.07313646559685573
2.74975   9.94829   0.07913876926007848
3.43854   11.1896   0.08982883501415348
4.85873   11.2154   0.09663690858052039
5.54851   12.4561   0.10601794612234261
6.96885   12.4811   0.11301965537020493
7.65954   13.7213   0.12124760987334993
-3.61714   8.59862   0.05889920627648553
-2.93045   9.84133   0.06875405806205201
-1.5107   9.86881   0.06798765182001797
-0.82308   11.111   0.07909154806931024
0.596809   11.1381   0.081689885597912
1.28546   12.3796   0.09241569617765165
2.70553   12.406   0.0968833029990204
3.39519   13.6469   0.10663547674203022
4.81545   13.6725   0.11198149132780792
5.5061   14.9129   0.1206155048076328
6.92655   14.9378   0.1263648720966393
7.61816   16.1776   0.13380328433936203
9.03878   16.2018   0.13964445889472218
9.73147   17.441   0.14577136207088134
-5.08206   11.0312   0.08387211992074635
-3.66242   11.0584   0.08006617825274268
-2.97498   12.3008   0.08976579303944238
-1.55525   12.3279   0.08924022411446532
-0.866834   13.5697   0.0994417267800595
0.553058   13.5964   0.1013425065853414
1.2425   14.8376   0.11107849701900005
2.6626   14.8636   0.11447883166769338
3.35304   16.1042   0.12332097996691396
4.77336   16.1296   0.12758963946966811
5.46485   17.3695   0.1352675456271753
6.8854   17.3942   0.1399355766058098
7.57802   18.6336   0.14636767436835157
8.99881   18.6577   0.15119782438910934
9.69271   19.8963   0.1560861057237306
11.1137   19.9198   0.16094101403930608
11.8091   21.1577   0.16417533310457785
-5.81316   12.2488   0.094721750406124
-5.12584   13.4916   0.10288480208466118
-3.70626   13.5183   0.10014771140670158
-3.01811   14.7605   0.10944825261282162
-1.59842   14.787   0.1091316493964972
-0.909303   16.0286   0.11856367202478169
0.510569   16.0548   0.12005208696228466
1.20072   17.2957   0.12893828950315736
2.62082   17.3213   0.13159543153164524
3.31207   18.5615   0.1395036931410774
4.73244   18.5865   0.1428513524612206
5.4249   19.826   0.14945660105863554
6.84555   19.8505   0.15322617269905286
7.53936   21.0893   0.1583374674548008
8.96031   21.1133   0.16230252277768104
9.65565   22.3513   0.16567888097159483
11.0769   22.3747   0.16961444513955742
11.7738   23.6118   0.17119538545182883
-7.27569   14.6834   0.11694759894927281
-5.85621   14.7096   0.11272565324716474
-5.16827   15.9521   0.12104191051036835
-3.74876   15.9784   0.11901033568560287
-3.05997   17.2203   0.127915762906688
-1.64034   17.2463   0.12777563500135689
-0.950544   18.4876   0.13648588381587295
0.469277   18.5132   0.13772435603044247
1.1602   19.7538   0.1457043046721679
2.58029   19.7789   0.14783971083575648
3.27251   21.0187   0.1546348524751127
4.6929   21.0434   0.15734264552243862
5.38655   22.2824   0.16264427441505558
6.80729   22.3066   0.16563062639499948
7.50256   23.5448   0.16915474099179068
8.92364   23.5686   0.17234409882557472
9.62061   24.8058   0.17391736083554277
11.042   24.8291   0.1771080178873902
-8.00516   15.9019   0.12594273500285796
-7.31733   17.1447   0.13322812053016442
-5.89794   17.1705   0.12996978148785232
-5.20941   18.4128   0.13817243755539615
-3.79   18.4385   0.13674465839658967
-3.10053   19.6802   0.14510817206484275
-1.68099   19.7057   0.14514881880332342
-0.990392   20.9467   0.15303082058526643
0.42936   20.9717   0.15412852341146974
1.1213   22.2119   0.16098708022695513
2.54134   22.2366   0.16278400535679172
3.23479   23.4758   0.16819512478071433
4.65519   23.5002   0.17039527604954288
5.35031   24.7385   0.17406530268838746
6.77111   24.7625   0.17647157958152895
7.46801   25.9998   0.17818131916674107
8.88921   26.0235   0.18069813751115368
9.58797   27.2598   0.18027358347800074
-9.46527   18.3382   0.1453537395459789
-8.04597   18.3636   0.1412242840307565
-7.35755   19.6062   0.14858341899417946
-5.9383   19.6316   0.1461422734871751
-5.24909   20.8737   0.15400033279184813
-3.8298   20.8989   0.15306586948108325
-3.13948   22.1402   0.16070649302377268
-1.72006   22.1652   0.1609324280560012
-1.0284   23.4057   0.16774165798632132
0.39126   23.4303   0.16879136263446642
1.08449   24.6698   0.1742478146204421
2.50448   24.6942   0.1757993959033988
3.19943   25.9327   0.1795622813956207
4.61982   25.9568   0.18138646586777132
5.31663   27.1943   0.1832024770574898
6.73746   27.2181   0.1851420603212575
-10.1928   19.5577   0.15214585107718157
-9.50434   20.8006   0.15861198725190936
-8.08519   20.8256   0.15538746442361415
-7.39609   22.068   0.16257680154314696
-5.97699   22.0929   0.16083482210019007
-5.28687   23.3346   0.16807082584434568
-3.86773   23.3594   0.16755690645270327
-3.17628   24.6002   0.17416400202108384
-1.757   24.6247   0.1745964959556748
-1.06397   25.8646   0.18002177757149276
0.355581   25.8888   0.18105897373231747
1.05037   27.1277   0.18488574012075665
2.47029   27.1517   0.18626506811530716
-11.6497   21.9961   0.1677200047698545
-10.2306   22.0206   0.16406108618438547
-9.54146   23.2633   0.17039328155769504
-8.12248   23.2879   0.1679653488074247
-7.43244   24.53   0.17462898528022172
-6.01351   24.5545   0.17347358185037862
-5.32222   25.7957   0.17978238067174435
-3.90323   25.82   0.17963673232387642
-3.21037   27.0603   0.18492888498014562
-1.79121   27.0844   0.18552821914738477
-12.3743   23.2169   0.1714463764563129
-11.6851   24.4598   0.1770414640698621
-10.2662   24.4841   0.17406898057953896
-9.57614   25.7264   0.1800412852653525
-8.15733   25.7507   0.1782993384732551
-7.46613   26.9922   0.1841814149147515
-6.04735   27.0163   0.18353517374062125
-13.827   25.6578   0.1821488676879418
-12.408   25.6815   0.1787073865289289
-11.7179   26.9241   0.18404328295267927
-10.2992   26.948   0.1818334402688348
-14.548   26.8806   0.18162943043460716
-0.63661   1.27578   0.01814760008926791
3.57518   3.81597   0.05204866184639154
4.9951   3.84185   0.06431127117387732
5.68214   5.08412   0.07257130355726021
7.10214   5.10891   0.08348366666600052
7.79007   6.35071   0.09173519989622365
9.21011   6.37454   0.10153290747339025
9.89889   7.61589   0.10943783486527854
11.3189   7.63886   0.11830705980625232
12.0085   8.8798   0.1257441752130093
13.4285   8.90191   0.13375004635513224
14.1188   10.1425   0.14075659842437316
15.5387   10.1635   0.1476780281558508
16.2299   11.4036   0.15388661410272217
17.6497   11.4234   0.15981504935393387
18.3419   12.6629   0.16507274154142004
4.94879   6.30023   0.07071545941305932
5.63667   7.54199   0.08059860296556075
7.05678   7.56684   0.09034617977535078
7.7456   8.80809   0.09931168007842774
9.16576   8.83204   0.10826711642968898
9.85544   10.0729   0.11646575805789497
11.2756   10.096   0.12467250258176335
11.9661   11.3364   0.13208921227715575
13.3863   11.3587   0.1395657551120631
14.0777   12.5987   0.14619141561664847
15.4978   12.6199   0.15278825216619094
16.1901   13.8594   0.15851637139424987
17.6101   13.8793   0.1640581604187981
7.01227   10.0242   0.10068065206384025
7.70203   11.2649   0.10952643699125857
9.12234   11.289   0.11749363770009041
9.81297   12.5293   0.12532231604945643
11.2333   12.5526   0.1327949547234383
11.9249   13.7925   0.13964988363761827
13.3452   13.8149   0.14653180542121144
14.0377   15.0543   0.15244136577714162
15.4581   15.0757   0.158560020181633
16.1518   16.3144   0.1631416868859675
9.07999   13.7456   0.12821793946246277
9.77161   14.9853   0.1353024851952103
11.1922   15.0088   0.14198711209120424
11.8848   16.248   0.1478767392120892
13.3054   16.2706   0.15413503819703178
13.9992   17.5092   0.15876262154550164
15.4199   17.5308   0.16433505408159207
11.1522   17.4645   0.1515620335044356
11.8461   18.7031   0.15633054723885503
13.267   18.7258   0.16179771321004432
13.9623   19.9636   0.1648520548855837
13.2302   21.1804   0.16888208904439886
22.8083   0.432221   0.17605160744508974
24.2272   0.44633   0.17661673483846302
24.9165   1.68724   0.18042794157225206
18.55   0.37501   0.15944901896531072
19.9693   0.393056   0.16394090645412443
20.6582   1.63446   0.16805074709741696
22.0773   1.65056   0.17066035890036102
22.7665   2.89164   0.17506281758271836
24.1854   2.90564   0.17565928640410666
14.291   0.310224   0.13536211319641847
15.7107   0.331268   0.14283691293219686
16.3991   1.57311   0.147106451592036
17.8186   1.59271   0.15322543816220607
18.5074   2.83423   0.1579448207444611
19.9267   2.85216   0.16245214095234317
20.6159   4.09334   0.16743543501899508
22.035   4.10938   0.17010538027940192
22.7248   5.35015   0.17510758664318368
10.0319   0.240166   0.10626296440434928
11.4518   0.263289   0.11572074528363545
12.1395   1.50554   0.11998582791313325
13.5593   1.52758   0.12853183613408772
14.2476   2.76949   0.13352351890210182
15.6672   2.79036   0.14096217081188847
16.356   4.03193   0.14634939562567403
17.7755   4.05143   0.1524467775979536
18.4648   5.29265   0.15800320408143645
19.8841   5.31055   0.16254546471679882
20.574   6.55135   0.1680477982598993
21.9931   6.56742   0.170828917048608
5.77355   0.165771   0.07370805331006922
7.19339   0.190785   0.08472574239863584
7.88023   1.43344   0.08846273000535308
9.3001   1.45736   0.09884708847507864
9.98758   2.69965   0.10400800017306372
11.4074   2.72256   0.11347273505120062
12.0956   3.96447   0.11931497852323501
13.5154   3.98638   0.1277830677359094
14.2042   5.22792   0.13387009561511537
15.6238   5.24876   0.14128549996372605
16.3132   6.48994   0.1474088586211833
17.7327   6.50947   0.15350818382092862
18.4227   7.75025   0.15949330895056404
19.8421   7.76821   0.16406776770590872
20.5329   9.00849   0.1696515546642585
1.51576   0.0869067   0.04039666163632835
2.93555   0.113861   0.05150201127033785
3.62163   1.35677   0.05295103870558163
5.04146   1.38273   0.06513311983929526
5.72798   2.62541   0.07008037742478267
7.14788   2.65026   0.08149185603482068
7.83511   3.89254   0.08789433485725903
9.25506   3.91634   0.09820333599221553
9.94307   5.1582   0.10509888534137735
11.363   5.18107   0.11437554983474374
12.0518   6.42254   0.12132403760178762
13.4716   6.44448   0.12963433997209253
14.1611   7.68556   0.1363951978626809
15.5809   7.70648   0.14364918516998268
16.2711   8.94716   0.15004370729890631
17.6907   8.96681   0.15613356461696634
18.3817   10.207   0.16197209636230775
19.8011   10.2251   0.1666458820373292
0.783186   1.30346   0.028804225818445526
1.46906   2.54636   0.03139585322936756
2.8889   2.57328   0.04485398533018019
7.43618   28.4546   0.18487428160779978
8.85746   28.4781   0.18682863511785455
3.16697   28.3895   0.1881856862250686
4.58732   28.4132   0.18970933661789025
5.28595   29.6499   0.18957105686259154
6.70679   29.6735   0.19113320381346655
7.40734   30.9091   0.1888647995260103
-1.09659   28.3235   0.18935810562001293
0.322854   28.3474   0.1904107859970124
1.01938   29.5854   0.19241997011744913
2.43922   29.6091   0.19369205585155036
3.13771   30.846   0.19369490158494113
4.55802   30.8695   0.195016705951054
5.25845   32.1054   0.19295207798829325
6.67928   32.1287   0.1942023367521613
-5.35463   28.2569   0.18861091590891568
-3.93579   28.2808   0.18879919067623166
-3.24133   29.5203   0.19258290915862727
-1.8223   29.544   0.1933417502765504
-1.12593   30.7824   0.19541968441280436
0.293414   30.8059   0.19649166419978228
0.991728   32.0431   0.19666677239432173
2.4115   32.0665   0.19784345351817892
3.11175   33.3026   0.19601365284081618
4.53201   33.3258   0.19715543335145588
5.2341   34.5609   0.19333461562793067
-9.60802   28.1899   0.18717019100273324
-8.18936   28.2138   0.18600745038841973
-7.49675   29.4547   0.19080400939183592
-6.07811   29.4784   0.19056804795138083
-5.38383   30.7182   0.19427525730262238
-3.96511   30.7417   0.1947385570450802
-3.26895   31.9804   0.1968996213810477
-1.85002   32.0037   0.19778429563542185
-1.15193   33.2412   0.19814634916899163
0.267337   33.2644   0.1992252219373842
0.967349   34.5008   0.19767216971794474
2.38706   34.5238   0.19876127012071554
3.08891   35.7592   0.19528609499910696
4.50913   35.782   0.19624608429214505
-13.8579   28.1234   0.1864086371389491
-12.4391   28.1468   0.1836749846876274
-11.748   29.3889   0.1886516896293275
-10.3293   29.4124   0.1869390542396103
-9.63686   30.6537   0.1914691661860995
-8.21832   30.6771   0.19081102798318672
-7.52422   31.9173   0.19438635857487452
-6.10568   31.9405   0.19450557215668723
-5.40976   33.1796   0.1967186978911765
-3.99114   33.2026   0.1974070619304184
-3.29332   34.4405   0.19796778424784203
-1.87447   34.4634   0.19894737093010306
-1.17475   35.7001   0.19769854385149122
0.244464   35.7228   0.19876557957805474
0.946001   36.9585   0.19567289255540748
2.36567   36.9811   0.19667329661141042
3.06889   38.2158   0.19178842509390373
-15.9961   29.3245   0.18691177062988826
-14.5772   29.3472   0.18398200999010622
-13.8861   30.5896   0.1883240823686663
-12.4674   30.6126   0.1862245150349435
-11.7751   31.8542   0.1905044356438987
-10.3566   31.8772   0.18942072220324854
-9.66267   33.1178   0.19289246978562916
-8.24421   33.1406   0.19265656594053585
-7.54857   34.3801   0.19492937823735046
-6.1301   34.4028   0.19533092433099222
-5.43262   35.641   0.19612779532743424
-4.01403   35.6635   0.19693953412151644
-3.31468   36.9007   0.19602259283052037
-1.89585   36.923   0.19705288731708548
-1.1947   38.1591   0.19438324413385036
0.224509   38.1813   0.19540215225017363
0.927337   39.4164   0.1910081576503999
2.347   39.4384   0.19189093673230107
-16.7137   30.5494   0.1824947396502148
-16.0227   31.792   0.18651822967206097
-14.6038   31.8143   0.18405545360026618
-13.9117   33.0563   0.1879448057276402
-12.493   33.0787   0.18648884685149475
-11.7994   34.3197   0.189820178063345
-10.3809   34.3421   0.18916450512715235
-9.68558   35.582   0.191563530192988
-8.26715   35.6042   0.19165346435689684
-7.57005   36.8429   0.1926840224305068
-6.1516   36.865   0.1932861464254488
-5.45267   38.1025   0.19273267107576786
-4.03408   38.1244   0.1936521582632119
-3.33339   39.3609   0.1914427684714155
-1.91453   39.3826   0.1924595188604607
-1.21216   40.6181   0.18858629430581628
0.20707   40.6397   0.189530353835474
0.910979   41.8744   0.18406491170508307
-18.1578   32.9962   0.182882366563865
-16.7388   33.0178   0.18025426485939192
-16.0468   34.26   0.18390785736340864
-14.628   34.2819   0.18204584587405517
-13.9346   35.5233   0.1852786280173724
-12.516   35.5451   0.1843104175026458
-11.821   36.7854   0.18664075117722834
-10.4025   36.8071   0.18648109823786418
-9.70588   38.0463   0.18775253420393523
-8.28742   38.0678   0.1880959353627814
-7.58899   39.3058   0.1879450188219951
-6.17049   39.3271   0.1886790884014437
-5.47033   40.564   0.18697754116470738
-4.05166   40.5852   0.18790225224834345
-3.34984   41.8211   0.18460751041060053
-1.93091   41.8422   0.1855675359538947
-1.22754   43.0773   0.18069992280020494
0.191769   43.0983   0.18153192426953452
-18.8725   34.223   0.1749235547317734
-18.1806   35.4655   0.17816020880095482
-16.7616   35.4866   0.17613523213712998
-16.0686   36.7284   0.1793326517954835
-14.6498   36.7496   0.1780365131089684
-13.9552   37.9904   0.1805215222625815
-12.5365   38.0115   0.17991386828146527
-11.8404   39.2511   0.18155971469464255
-10.4218   39.2721   0.1815550880586928
-9.72391   40.5106   0.1817808889845135
-8.30536   40.5313   0.18229744073903023
-7.60578   41.7687   0.18109403662186135
-6.18717   41.7892   0.18189748321513374
-5.48596   43.0256   0.17919775221804665
-4.06719   43.0461   0.18010782576001505
-3.36443   44.2815   0.17590333026978214
-1.94538   44.3019   0.17675231257327292
-1.24118   45.5366   0.171086033620515
-20.3133   36.6726   0.17104151542827437
-18.8942   36.693   0.16904179956449125
-18.2014   37.9351   0.17190927839997522
-16.7824   37.9556   0.17043532497695288
-16.0883   39.1968   0.1730405732769047
-14.6694   39.2174   0.1721560338762501
-13.9737   40.4575   0.1739416568852889
-12.555   40.4778   0.17376133056580648
-11.8577   41.7168   0.17445025078801082
-10.439   41.7369   0.1746903832499093
-9.74004   42.9748   0.1740127469468838
-8.32136   42.9947   0.1746194880304021
-7.62078   44.2315   0.1725129354570256
-6.20202   44.2513   0.17330607635048498
-5.49992   45.4872   0.1697599587653107
-4.08098   45.5069   0.17058289949464472
-3.37747   46.742   0.16563596861793048
-1.95825   46.7617   0.1663482013729035
-21.0259   37.9009   0.1606607917321434
-20.3332   39.1432   0.16335586919361295
-18.9141   39.1632   0.16175401076943874
-18.2203   40.4047   0.16424496948156703
-16.8013   40.4247   0.16333539114349868
-16.1061   41.6652   0.16523661821763574
-14.6872   41.685   0.16482778891922334
-13.9905   42.9245   0.16589397216294538
-12.5716   42.944   0.16591763016629604
-11.8733   44.1824   0.16580003015681302
-10.4544   44.2016   0.16614258936227105
-9.75455   45.4389   0.16470076168615735
-8.33569   45.458   0.16534014061926974
-7.63431   46.6944   0.1624801230920264
-6.21535   46.7134   0.163211726294406
-5.51255   47.9489   0.15899272970799605
-4.09341   47.9678   0.15968556728771763
-3.38933   49.2026   0.15419460723384662
-22.4642   40.3527   0.15357320729867346
-21.045   40.372   0.1519318926361419
-20.3515   41.6138   0.1545177336100942
-18.9323   41.6333   0.15331578522774605
-18.2377   42.8742   0.15562612248591082
-16.8185   42.8935   0.15491781692239284
-16.1224   44.1334   0.15629078667662807
-14.7033   44.1524   0.15620403323858262
-14.0057   45.3913   0.15652031816987777
-12.5866   45.41   0.1566726523679239
-11.8875   46.6478   0.1558898328949005
-10.4684   46.6662   0.15629619317181098
-9.76777   47.903   0.15415781167362233
-8.3487   47.9213   0.15478198990838576
-7.64666   49.1572   0.15130536176884113
-6.22747   49.1754   0.1519295441973018
-5.52415   50.4106   0.14719374443229513
-4.10477   50.4287   0.14773071312357536
-23.1751   41.5821   0.1410521889231092
-22.4819   42.8241   0.1436251370756505
-21.0626   42.843   0.14235870187663024
-20.3684   44.0843   0.14480832158408763
-18.9491   44.1031   0.1440002777775125
-18.2536   45.3435   0.14586380634002266
-16.8343   45.3621   0.14546924073494155
-16.1374   46.6014   0.14646835835770208
-14.7181   46.6196   0.14645477117526803
-14.0197   47.8578   0.1461835832096065
-12.6004   47.8757   0.14651689322395606
-11.9005   49.113   0.14493757276841573
-10.4813   49.1306   0.1455543884601218
-9.77999   50.367   0.14270055395827944
-8.36067   50.3844   0.14324072779764907
-7.65813   51.6201   0.13925798935788244
-6.23869   51.6375   0.13974494659915296
-5.53499   52.8725   0.13463713603608715
-24.6114   44.0352   0.13169905086977485
-23.1921   44.0537   0.13053294603279275
-22.4982   45.2952   0.1329484862644166
-21.0789   45.3137   0.13212251889818352
-20.3839   46.5544   0.1342974683305691
-18.9646   46.5726   0.13392848838092816
-18.2683   47.8124   0.1353648772761999
-16.8489   47.8302   0.13527412908608913
-16.1511   49.069   0.13559664450125652
-14.7317   49.0864   0.13578000589188288
-14.0326   50.3241   0.1350517308293389
-12.6131   50.3412   0.13532612460275287
-11.9126   51.578   0.13331616556141984
-10.4932   51.5948   0.13381259283042085
-9.7914   52.8309   0.13050441218594822
-8.37185   52.8476   0.13093253988218623
-7.66894   54.083   0.12658036024597208
-6.24926   54.0995   0.12694187646320595
-25.321   45.2651   0.11790207801392134
-24.6273   46.5068   0.12034990652260788
-23.208   46.525   0.1195160658656413
-22.5135   47.766   0.12189310891104795
-21.0941   47.784   0.12151592488229623
-20.3984   49.0242   0.1233146382227184
-18.9789   49.0417   0.1231665539016166
-18.2819   50.2809   0.12420346210955482
-16.8624   50.298   0.12434017854257745
-16.164   51.5362   0.12424564378681446
-14.7444   51.5528   0.12448943730293059
-14.0446   52.7902   0.12312887557352299
-12.625   52.8064   0.12349979757068504
-11.9241   54.043   0.12111288123069217
-10.5044   54.059   0.1214583467695816
-9.80226   55.2948   0.11781813145692041
-8.38247   55.3107   0.1181295966301407
-26.7557   47.7189   0.10685738158873635
-25.3364   47.7367   0.10608675694920534
-24.6422   48.978   0.10863355835100016
-23.2229   48.9958   0.10824657038446754
-22.5277   50.2363   0.11051845999650671
-21.1083   50.2537   0.11047574394408899
-20.4119   51.4934   0.11192448346988097
-18.9923   51.5102   0.11212849771579078
-18.2946   52.749   0.11257397567821607
-16.875   52.7653   0.11289202806221593
-16.176   54.0031   0.11230712354966446
-14.7563   54.019   0.1126494118937146
-14.0561   55.256   0.11093642323421206
-12.6363   55.2714   0.11125506730032596
-27.4642   48.9489   0.09200021739104682
-26.7702   50.1903   0.09452200801929443
-25.3509   50.2079   0.09414802175298087
-24.6562   51.4487   0.09675768703312018
-23.2368   51.466   0.096746524485377
-22.541   52.7061   0.09882965142101764
-21.1215   52.7229   0.09906972292279952
-20.4245   53.9621   0.10030458613642562
-19.0049   53.9783   0.10069106216541789
-18.3066   55.2166   0.10070511407073643
-16.8869   55.2322   0.10122845449773718
-28.8974   51.4026   0.07974020316001293
-27.4783   51.4202   0.07954401297395158
-26.7838   52.6612   0.08212429603959905
-25.3646   52.6785   0.08229216244576376
-24.6693   53.9189   0.08482476053606022
-23.2499   53.9357   0.08522493766498342
-22.5535   55.1753   0.08707387667951837
-21.134   55.1915   0.08764473743471615
-29.605   52.6325   0.06420124609382687
-28.9108   53.8736   0.06703916765592793
-27.4917   53.891   0.06722975531712348
-26.7967   55.1316   0.06996834998769305
-25.3775   55.1486   0.07070650606556934
-31.0372   55.0861   0.05127670036185885
-29.6181   55.1035   0.05140204276096432
-33.1758   58.7695   0.022603539545836354
-31.7567   58.7868   0.024055976388413624
-31.062   60.0277   0.028557660968643588
-29.6429   60.0446   0.030714817271149445
-28.9476   61.2852   0.03520298282816598
-27.5284   61.3015   0.03741443571671417
-26.8324   62.5415   0.04122838827797921
-25.413   62.557   0.04302057647219746
-24.7161   63.7964   0.045853026072442044
-23.2966   63.811   0.047115284144320355
-22.5987   65.0498   0.048840147419931916
-21.1791   65.0634   0.04944006472487518
-20.4803   66.3017   0.05010069859792352
-19.0606   66.3145   0.05020358552931771
-18.3611   67.5522   0.04996248592694327
-16.9412   67.5643   0.04940495926524269
-16.2411   68.8015   0.0484499742001976
-14.8211   68.8129   0.04730169130168594
-33.8827   59.9994   0.01002646498024542
-33.1881   61.2406   0.015990622251805343
-31.769   61.2577   0.01934140636044626
-31.0741   62.4986   0.024806853891619005
-29.6549   62.5152   0.027970877712366678
-28.9593   63.7557   0.03268837713928285
-27.5401   63.7715   0.03520014204516975
-26.8438   65.0115   0.039160183860656485
-25.4244   65.0263   0.0407612561141144
-24.7272   66.2657   0.043709266752028415
-23.3077   66.2796   0.04452459994205522
-22.6097   67.5184   0.046524187257813474
-21.1901   67.5314   0.04654653585391817
-20.4914   68.7696   0.04765553483069278
-19.0716   68.7817   0.04682584756307747
-18.3723   70.0195   0.047264045531449264
-16.9524   70.0308   0.04572318886517281
-16.2526   71.268   0.045322400642512604
-35.3143   62.4535   0.014588008774326706
-33.8951   62.4708   0.01806792738528161
-33.2004   63.712   0.022410934831019667
-31.7812   63.7288   0.02575616431070481
-31.0861   64.9698   0.030529002604085444
-29.6668   64.986   0.0333442648741966
-28.9711   66.2265   0.03761980861196048
-27.5518   66.2417   0.039606186385458146
-26.8552   67.4817   0.04325667578536895
-25.4358   67.4959   0.04424409565128812
-24.7386   68.7353   0.04720169488481825
-23.3191   68.7485   0.04721747557843509
-22.6211   69.9873   0.04937053777304801
-21.2015   69.9995   0.04841456392450808
-20.503   71.2377   0.04983894059870221
-19.0832   71.2491   0.048070781146140544
-18.3842   72.4868   0.048857445696643936
-16.9644   72.4973   0.04624651338208755
-36.0214   63.6839   0.028260396317110085
-35.3269   64.9254   0.029917219122101497
-33.9076   64.9425   0.03270122321871326
-33.2128   66.1838   0.03578449384859413
-31.7935   66.2003   0.03844190421922585
-31.0982   67.4413   0.04214380144219672
-29.6789   67.4569   0.0441075957177493
-28.983   68.6975   0.04787065907213837
-27.5636   68.7121   0.04893311761987292
-26.8671   69.952   0.052100095969197256
-25.4476   69.9656   0.052307743212633186
-24.7504   71.2049   0.05494014925351785
-23.3309   71.2174   0.05407254386470295
-22.6331   72.4562   0.05620907400055681
-21.2135   72.4676   0.05425513800554367
-20.5153   73.7059   0.055873517877436225
-19.0956   73.7164   0.05302687997609362
-18.397   74.9541   0.05401370196533006
-37.4538   66.1387   0.04200309512404765
-36.0343   66.1561   0.04437409153998843
-35.3397   67.3977   0.04598532374573161
-33.9203   67.4146   0.04845090298435871
-33.2255   68.656   0.05103136290558178
-31.806   68.6721   0.053147436438645626
-31.1107   69.9131   0.05620115657173177
-29.6913   69.9282   0.05749999999999972
-28.9954   71.1687   0.060622273134551055
-27.5759   71.1826   0.06086123561019732
-26.8795   72.4225   0.06370502334980707
-25.46   72.4353   0.06290000000000061
-24.763   73.6746   0.06526905851933378
-23.3435   73.6863   0.06348102078574583
-22.646   74.925   0.0653652048111201
-21.2264   74.9357   0.06260774712445073
-20.5286   76.1738   0.06394568007300898
-19.109   76.1836   0.06030762804155834
-38.1615   67.3696   0.05754172399224719
-37.4671   68.6115   0.058153245825147415
-36.0475   68.6287   0.06058943802347055
-35.3529   69.8705   0.062328564880008396
-33.9334   69.887   0.06447107878731703
-33.2385   71.1285   0.06687189245116501
-31.819   71.144   0.06833447153523578
-31.1237   72.385   0.07101549126775425
-29.7042   72.3995   0.07167851839987362
-29.0084   73.6399   0.07431419783593714
-27.5889   73.6532   0.07390297693597972
-26.8926   74.8929   0.07622138807447927
-25.4731   74.905   0.07468366621959599
-24.7764   76.1442   0.07673858221260058
-23.3569   76.1551   0.07404660694454517
-22.6599   77.3937   0.07565480817502128
-21.2403   77.4036   0.07201006874042279
-20.5431   78.6416   0.07303369085566319
-39.595   69.8249   0.07086049675242517
-38.1752   69.8425   0.07336409203419003
-37.4808   71.0846   0.07437553361152893
-36.0611   71.1016   0.07678443852760868
-35.3666   72.3434   0.07842512352556563
-33.947   72.3596   0.08040460185834823
-33.2522   73.601   0.08253320543877794
-31.8325   73.616   0.08363952414977549
-31.1374   74.8569   0.08588364221432601
-29.7178   74.8707   0.08599092975425097
-29.0222   76.111   0.08813313792213025
-27.6027   76.1235   0.08694319984910141
-26.9067   77.3631   0.0888536437069451
-25.4872   77.3744   0.0865466348276926
-24.791   78.6134   0.08807298110089987
-23.3715   78.6236   0.08471841594364268
-22.675   79.8619   0.08574497069799514
-21.2554   79.8711   0.08145458857547462
-40.3035   71.056   0.08614551642424476
-39.6092   72.2981   0.08651872629668267
-38.1893   72.3157   0.0892386687484778
-37.4951   73.5578   0.09032037422420135
-36.0753   73.5746   0.09268921188574084
-35.3809   74.8164   0.09431844994485544
-33.9612   74.8321   0.09593565551973246
-33.2665   76.0733   0.09772307813409004
-31.8468   76.0878   0.09842205037490612
-31.1519   77.3285   0.10026888849489438
-29.7323   77.3416   0.09968455246426063
-29.037   78.5816   0.10132388662106856
-27.6175   78.5935   0.09966870120554543
-26.9219   79.8328   0.10090986076692637
-25.5024   79.8434   0.09796172722038382
-24.8067   81.0821   0.09888806803653438
-23.3872   81.0916   0.09489973656443862
-22.6913   82.3297   0.09541472632671176
-41.7382   73.5109   0.09833493784002427
-40.3182   73.5291   0.10123265283494087
-39.6241   74.7714   0.10189823354700626
-38.2042   74.7889   0.10465873112167413
-37.5101   76.0309   0.10577948761456137
-36.0902   76.0474   0.1080185169311231
-35.396   77.289   0.10942769302147116
-33.9762   77.3042   0.11069101137851885
-33.2818   78.5452   0.11212582218204391
-31.8621   78.5591   0.11230004452358652
-31.1674   79.7995   0.11367079660140807
-29.7478   79.812   0.11259458246291507
-29.053   81.0517   0.11365324456432511
-27.6334   81.0628   0.11127713152305793
-26.9385   82.3019   0.11199450879396641
-25.519   82.3118   0.10846944270162645
-24.8238   83.5502   0.10878166205754254
-23.4043   83.5589   0.10407708681548572
-42.4476   74.7416   0.11255634144729262
-41.7536   75.9839   0.11286921635238178
-40.3335   76.0022   0.11599043063977899
-39.6397   77.2444   0.11677165752013542
-38.2197   77.2617   0.11939652423751884
-37.5259   78.5036   0.12046431006734525
-36.106   78.5197   0.12242128082976528
-35.412   79.761   0.12353622950373495
-33.9922   79.7758   0.1244747363925724
-33.2981   81.0164   0.12541694462870714
-31.8784   81.0298   0.1251601374240109
-31.1842   82.2697   0.1258194341109458
-29.7646   82.2816   0.12421465291985455
-29.0702   83.521   0.12473018880768685
-27.6507   83.5315   0.12182101624924559
-43.8836   77.1952   0.12290907208175947
-42.4635   77.2143   0.12641696879770012
-41.7698   78.4566   0.1267268716571156
-40.3498   78.4749   0.1299773057114239
-39.6562   79.7169   0.13062882530284078
-38.2362   79.734   0.13323576847078147
-37.5427   80.9756   0.13410033557004788
-36.1227   80.9913   0.1356858504045189
-35.4291   82.2323   0.1365395547085127
-34.0093   82.2465   0.13690288528734543
-33.3156   83.4868   0.13740509451982513
-31.8959   83.4995   0.1365477938305856
-44.5942   78.4251   0.13584804010364337
-43.9005   79.6673   0.13565205490517881
-42.4804   79.6866   0.13952928008128054
-41.7871   80.9288   0.13967809420234661
-40.367   80.9469   0.14295901510572737
-39.6738   82.1887   0.14338901631575657
-38.2538   82.2055   0.14581968317068666
-37.5606   83.4468   0.14633714497692765
-36.1407   83.462   0.14754151958008685
-46.0318   80.8764   0.1434526402684963
-44.6118   80.8966   0.14759193744917415
-43.9185   82.1388   0.14736651587114935
-42.4985   82.1581   0.15132144593546953
-41.8055   83.4001   0.15135137924709594
-40.3854   83.418   0.15464520684457272
-46.7438   82.1049   0.1543670949393035
-46.0507   83.3471   0.15368727989004147
-44.6307   83.3675   0.15807811360211127
-7.67932   56.546   0.11351343356625275
-11.935   56.5078   0.10846658471621703
-10.5151   56.523   0.10871839770710444
-9.81272   57.7587   0.10483293423347582
-8.39274   57.7738   0.10503804501227093
-16.1874   56.4697   0.10011278639614535
-14.7676   56.4848   0.10060004970177701
-14.067   57.7216   0.09840020325182243
-12.6471   57.7363   0.09871139751821888
-11.9455   58.9725   0.0956052299824641
-10.5255   58.987   0.0958230139371527
-9.82295   60.2226   0.09174545002342047
-20.4364   56.4303   0.08850203387493398
-19.0167   56.4459   0.08901263955191845
-18.318   57.6839   0.08884413317715736
-16.8982   57.6988   0.08930358335475502
-16.1984   58.9361   0.08803646971568245
-14.7785   58.9505   0.08839711533754786
-14.0776   60.1871   0.08589604181800335
-12.6576   60.2011   0.08623781073288005
-11.9558   61.4373   0.082810446200947
-10.5357   61.4509   0.08292466460589457
-24.6817   56.3886   0.07312735466294425
-23.2623   56.4049   0.07390433004905562
-22.5654   57.6442   0.07558108228915633
-21.1458   57.6598   0.07630576649244784
-20.4478   58.8983   0.07696629132288932
-19.0281   58.9132   0.07761198361077853
-18.329   60.151   0.07716385164051835
-16.9091   60.1652   0.07755565743386945
-16.209   61.4024   0.07604426342597967
-14.789   61.416   0.07627194766098461
-14.0881   62.6527   0.07390027063550023
-12.6679   62.6659   0.07386941180217808
-11.9662   63.902   0.0705165228864848
-28.9235   56.3443   0.05463048599454474
-27.5044   56.3614   0.0554477231272832
-26.809   57.6017   0.058514442661622104
-25.3898   57.6183   0.059669925423114015
-24.6935   58.858   0.06205489505268561
-23.2741   58.8737   0.06324824108226286
-22.5768   60.1127   0.06474079085089704
-21.1572   60.1277   0.06562469047545945
-20.4588   61.3661   0.06611845430740125
-19.039   61.3803   0.06667308302456326
-18.3397   62.618   0.06617439081699297
-16.9198   62.6315   0.066464125661894
-16.2196   63.8686   0.06495798642199374
-14.7995   63.8816   0.06491995070854424
-14.0985   65.1182   0.06248535828496149
-12.6784   65.1307   0.06234163937529981
-31.7442   56.3159   0.03530580688781733
-31.0498   57.5569   0.03873241536491345
-29.6307   57.5741   0.03970453374616035
-28.9358   58.8148   0.04354365625438624
-27.5166   58.8315   0.044998888875170805
-26.8209   60.0716   0.048436556442422715
-25.4016   60.0877   0.04999999999999716
-24.7049   61.3272   0.052557397195824314
-23.2854   61.3424   0.053816447300058065
-22.5878   62.5812   0.05531889369826855
-21.1682   62.5956   0.05630772593525628
-20.4696   63.8338   0.056758083124783254
-19.0498   63.8474   0.05716406213697758
-18.3503   65.085   0.05667389169626511
-16.9304   65.0979   0.05669162195597586
-16.2302   66.335   0.055368583149650805
-14.8101   66.3472   0.05490373393495579
-14.1092   67.5839   0.05277546778570293
-26.9563   84.7702   0.1218650483116506
-25.5368   84.7794   0.11775567926855418
-24.8422   86.0176   0.11758626620486033
-31.2022   84.7392   0.1367848675840999
-29.7827   84.7504   0.13451754532402063
-29.0889   85.9894   0.13438842956147973
-27.6694   85.9993   0.13094506481727514
-26.9755   87.2377   0.13048110974390234
-25.5561   87.2463   0.12579109666428162
-35.4475   84.7026   0.1479224796979815
-34.0277   84.7163   0.14781911243138018
-33.3346   85.9563   0.14794384069639774
-31.9149   85.9684   0.14648320722867963
-31.2218   87.2077   0.1461117722840988
-29.8022   87.2183   0.143361256969931
-29.109   88.457   0.14270956520148578
-27.6896   88.4663   0.1386809648077286
-26.9962   89.7045   0.13783776695811797
-39.6926   84.6595   0.15469224285657793
-38.2726   84.676   0.15693352095713037
-37.5799   85.9169   0.1569648368265873
-36.16   85.9317   0.15786101482000472
-35.4674   87.172   0.15770668977567487
-34.0476   87.1851   0.15715533716676686
-33.355   88.4247   0.1567552231984671
-31.9354   88.4363   0.15475819849041683
-31.2428   89.6753   0.15408471695790463
-29.8233   89.6853   0.15061318003415414
-29.1306   90.9238   0.14966014833615932
-27.7112   90.9324   0.14499131008443286
-43.9379   84.6095   0.15768487562223515
-42.5178   84.6287   0.16170405066044802
-41.8253   85.8705   0.16153742600400844
-40.4053   85.8881   0.16461743528557338
-39.7129   87.1294   0.16444053636498338
-38.293   87.1454   0.16634572432136446
-37.6008   88.386   0.16591142215049332
-36.1809   88.4003   0.16641024607877808
-35.4888   89.6403   0.16585683585550315
-34.0691   89.6529   0.16482794059261466
-33.3771   90.8923   0.1640149383440465
-31.9576   90.9032   0.16139916356660827
-31.2655   92.1421   0.16050498434627422
-29.846   92.1515   0.15648341765183696
-29.1538   93.3899   0.15540842962979873
-48.1835   84.5533   0.15854163491019627
-46.7636   84.5748   0.16332681959800327
-46.071   85.817   0.1624639344593097
-44.651   85.8374   0.16710981419413498
-43.9588   87.0793   0.16640294468548242
-42.5388   87.0983   0.17040146712982984
-41.8467   88.3398   0.1699689677558824
-40.4267   88.3572   0.17290581251074946
-39.7349   89.5981   0.1723023505353323
-38.315   89.6137   0.17392323019078823
-37.6233   90.8541   0.1732115469592048
-36.2036   90.8679   0.17328084141069977
-35.512   92.1076   0.17228464818433423
-34.0924   92.1197   0.17077189464311426
-33.4009   93.3589   0.16969266336528466
-31.9814   93.3694   0.16670935786571556
-31.2897   94.6081   0.16555536838169438
-29.8704   94.6169   0.16092557285900508
-48.8976   85.7801   0.16686311755448202
-48.2051   87.0223   0.16550725059645724
-46.7852   87.0439   0.1705926141425772
-46.0932   88.286   0.16950589960234855
-44.6732   88.3064   0.1743283396352968
-43.9815   89.5481   0.17340314299343682
-42.5614   89.5669   0.17743528397700883
-41.8699   90.8081   0.1765670694098951
-40.45   90.8252   0.1793421590145402
-39.7587   92.0659   0.1785050139351812
-38.3389   92.0811   0.17972348204951927
-37.6477   93.3212   0.178753041932158
-36.2281   93.3345   0.1783587956900456
-35.537   94.5742   0.17731333847176523
-34.1175   94.5857   0.17530887028328174
-33.4264   95.8249   0.17415765845922568
-32.007   95.8347   0.1705715392437988
-31.3157   97.0735   0.16944332385785577
-50.3401   88.2255   0.16707752691490058
-48.9204   88.2483   0.172322140190983
-48.2286   89.4904   0.17073376936036003
-46.8086   89.5121   0.17612773773600326
-46.1172   90.754   0.17484827708617381
-44.6972   90.7743   0.17969897050344424
-44.006   92.0158   0.1785800940754596
-42.5861   92.0344   0.18244834885523062
-41.8951   93.2754   0.1813928885044837
-40.4752   93.2921   0.18391846019364805
-39.7844   94.5327   0.1829243012833575
-38.3647   94.5474   0.18376256419630146
-37.674   95.7875   0.18278667894570313
-36.2545   95.8004   0.18196071004477277
-35.5638   97.0399   0.18085344895799033
-34.1445   97.051   0.17839352566727196
-33.4537   98.2902   0.17737082623700792
-32.0344   98.2994   0.17316933908750712
-31.3434   99.5383   0.1722700496313857
-51.0567   89.4504   0.17215124164524945
-50.3652   90.6926   0.16999747056941147
-48.9453   90.7155   0.17568272538869936
-48.2542   91.9576   0.1739871259605213
-46.8342   91.9793   0.17954957532669572
-46.1434   93.2211   0.17820137485440998
-44.7234   93.2412   0.18308033755704034
-44.0327   94.4826   0.18198112539491995
-42.6128   94.5009   0.1856565646563619
-41.9223   95.7418   0.18455243157433757
-40.5025   95.7582   0.18684977923455195
-39.8122   96.9986   0.18574350594300762
-38.3926   97.013   0.1863127746559548
-37.7024   98.253   0.18528424109999087
-36.2829   98.2654   0.18407574527894444
-35.5927   99.505   0.18315952063705923
-34.1734   99.5155   0.1801045252068986
-33.4829   100.755   0.17960570703627535
-32.0637   100.764   0.1754821928287869
-52.503   91.8928   0.16755766171679506
-51.0834   91.9167   0.17330666461507452
-50.3925   93.1589   0.17092176572924353
-48.9726   93.1819   0.17706826367251416
-48.2821   94.4239   0.1752000285388118
-46.8621   94.4455   0.18101519273254477
-46.1718   95.6872   0.17966290657784725
-44.7518   95.7071   0.18451083978996852
-44.0616   96.9484   0.18348847375244146
-42.6418   96.9664   0.18698943820439953
-41.9518   98.2073   0.1860941965779752
-40.5321   98.2233   0.187994281827926
-39.8422   99.4638   0.18717812372176795
-38.4227   99.4777   0.18730202881975733
-37.7328   100.718   0.18654286370698148
-36.3135   100.73   0.18526146388280432
-35.6235   101.969   0.18380359082454634
-34.2043   101.979   0.18064595207199255
-33.5141   103.219   0.18060069213598745
-53.2229   93.1158   0.1690058578866378
-52.5323   94.3581   0.16591458645941523
-51.1125   94.3821   0.17228641850127985
-50.4223   95.6244   0.1698868446937511
-49.0024   95.6473   0.17638242542838148
-48.3123   96.8893   0.17464045922981183
-46.8923   96.9107   0.18057264466137476
-46.2025   98.1524   0.17932679665906537
-44.7826   98.172   0.18413310403074734
-44.0928   99.4134   0.18344721311592632
-42.6731   99.431   0.18664257284981478
-41.9834   100.672   0.1864848787435522
-40.5639   100.688   0.1879346694998063
-39.8743   101.928   0.1876600383672494
-38.4549   101.942   0.18733192466847906
-37.7653   103.182   0.18667019044293634
-36.3462   103.193   0.18440783605909672
-35.6564   104.433   0.1842982365623828
-34.2373   104.443   0.1811046382619697
-54.6736   95.5555   0.15922820101979263
-53.2539   95.5803   0.16546495097149033
-52.564   96.8227   0.16237302731672598
-51.1442   96.8467   0.16919314406914548
-50.4545   98.0889   0.16690970612878325
-49.0345   98.1117   0.1737734444614604
-48.3449   99.3537   0.17226819207271243
-46.925   99.375   0.17843051869005258
-46.2355   100.617   0.17776715107128568
-44.8157   100.636   0.18264993840677088
-44.1263   101.877   0.1816006883246848
-42.7067   101.895   0.1848569446896738
-42.0174   103.136   0.1853845732524661
-40.5979   103.151   0.1859708579320959
-39.9086   104.392   0.18713815752004925
-38.4894   104.405   0.1858496435293903
-37.8   105.645   0.1866612975418297
-36.381   105.656   0.18343936327845217
-35.6914   106.896   0.18387280930033842
-55.3968   96.7768   0.156924695315933
-54.7072   98.0193   0.1531243938763498
-53.2875   98.0441   0.15983453944627127
-52.5981   99.2865   0.15705683684577693
-51.1783   99.3104   0.1642347405392679
-50.489   100.553   0.1624892611836183
-49.0691   100.575   0.16938208287773918
-48.3799   101.817   0.16807438829279384
-46.96   101.838   0.1746347330859442
-46.2709   103.08   0.17420645797443227
-44.8511   103.099   0.1793137194974247
-44.1621   104.341   0.1796762644313259
-42.7425   104.358   0.1830951665118505
-42.0535   105.599   0.18327817655137982
-40.6342   105.614   0.18390965173149618
-39.9451   106.854   0.18479342520770972
-38.526   106.867   0.18349280639850787
-37.8367   108.108   0.1859915051823578
-36.4178   108.118   0.18177722629635867
-56.8518   99.2145   0.14253315403793088
-55.4321   99.2399   0.14900335566691772
-54.7432   100.482   0.14524806367040177
-53.3234   100.507   0.15245642000257134
-52.6345   101.75   0.1509867543859405
-51.2146   101.773   0.15770443874538798
-50.5258   103.016   0.15677949483271597
-49.1058   103.038   0.1641019195500082
-48.417   104.28   0.163467550296688
-46.9972   104.301   0.17032451379645575
-46.3084   105.543   0.1706189028214684
-44.8887   105.561   0.17500559991040274
-44.1999   106.803   0.17613974565667764
-42.7805   106.82   0.179654139946719
-42.0916   108.061   0.18063291505149887
-40.6725   108.075   0.18130570868011658
-39.9834   109.316   0.18298907071188839
-38.5645   109.329   0.18174402328549555
-37.8752   110.569   0.1840658849434109
-57.5779   100.434   0.13712782358077805
-56.8893   101.677   0.13253305248126082
-55.4696   101.702   0.13915229067463966
-54.7812   102.945   0.13672413832238509
-53.3613   102.97   0.14469277798148772
-52.6729   104.212   0.14316148224994005
-51.253   104.236   0.1512116397636131
-50.5645   105.478   0.15113225995795015
-49.1446   105.5   0.1580281304072178
-48.4561   106.742   0.15825473136687937
-47.0364   106.762   0.1644622753095696
-46.3478   108.004   0.16570455636464276
-44.9283   108.023   0.17118495845137557
-44.2396   109.264   0.17232309769732052
-42.8203   109.281   0.17598738591160967
-42.1315   110.522   0.17788369796022344
-40.7124   110.536   0.17867467643737497
-40.0234   111.777   0.18125586887050668
-38.6045   111.789   0.1801138528820051
-59.0364   102.871   0.11910096557123322
-57.6167   102.897   0.12627149321996775
-56.9287   104.139   0.12155015425740757
-55.5089   104.164   0.12976733024918016
-54.821   105.407   0.1274905486693047
-53.4011   105.431   0.13537817401634955
-52.7131   106.674   0.13569450983736298
-51.2932   106.697   0.14344995643081604
-50.605   107.939   0.1444643900758911
-49.1852   107.961   0.15171354586852556
-48.4969   109.203   0.15396960739055704
-47.0773   109.223   0.15953695496655904
-46.3887   110.465   0.16191713930279458
-44.9693   110.483   0.16661107406173112
-44.2806   111.725   0.16982061123431783
-42.8615   111.741   0.1726345562163095
-59.7646   104.09   0.1114714761721613
-59.0769   105.333   0.10635675813035561
-57.6572   105.358   0.11386395390991909
-56.9697   106.601   0.11081610893727549
-55.5499   106.626   0.12003120427622953
-54.8624   107.869   0.11905078748164072
-53.4425   107.893   0.12854711198623087
-52.7548   109.135   0.12854166639654235
-51.3349   109.158   0.13680968532965962
-50.6469   110.4   0.13922945090748537
-49.2272   110.422   0.14681719926493098
-48.5389   111.664   0.15046065930999733
-47.1194   111.683   0.15526094164342139
-61.2258   106.525   0.09009084304190335
-59.8061   106.551   0.09738588193367435
-59.119   107.794   0.09317558693133814
-57.6993   107.82   0.10273869767521115
-57.0122   109.063   0.10130454086565382
-55.5924   109.087   0.11066146574124121
-54.9051   110.33   0.11153515140976855
-53.4853   110.353   0.12074783641953057
-52.7976   111.596   0.12347797374431227
-51.3778   111.618   0.13215403890913677
-61.9556   107.743   0.0806582915762572
-61.2689   108.986   0.07559523794525656
-59.8491   109.012   0.08389374231729185
-59.1625   110.255   0.0815674567459262
-57.7427   110.281   0.09263697965716233
-57.0559   111.523   0.0924930267641727
-55.6361   111.548   0.10374005976478261
-63.4194   110.177   0.057107705259454036
-61.9997   110.204   0.06492487966873182
-61.3134   111.447   0.06245926672640759
-59.8936   111.473   0.07256472972456379
-64.1511   111.394   0.045467460892386374
13.1952   23.6344   0.17503970978038097
13.8939   24.8706   0.1745983104156505
11.7408   26.0653   0.1766128251288676
13.1624   26.088   0.17982680556579944
13.8629   27.3233   0.177395039389494
15.2848   27.3452   0.18034417096207825
11.0095   27.2831   0.1829268979674681
19.7615   12.6812   0.16976233386708606
20.4549   13.92   0.17390986171002484
21.8744   13.9365   0.17702816160147977
22.5691   15.1746   0.17999538882982546
23.9885   15.1893   0.1815192827222495
24.6845   16.4266   0.1832433354859043
26.1039   16.4395   0.1831948962171172
26.8012   17.676   0.1836095041113037
28.2207   17.6873   0.18213580098377352
28.9192   18.9231   0.18135760254260172
30.3387   18.933   0.17870153888537132
31.0383   20.1682   0.17684937093470163
32.458   20.1769   0.17301320758832156
33.1586   21.4116   0.1702399483082615
34.5784   21.4193   0.16559809781516147
35.2798   22.6534   0.1618758166002581
36.6999   22.6604   0.15653641748807087
37.402   23.8942   0.15216109883935527
18.3037   15.1181   0.16842594811964123
19.7236   15.1365   0.172827804476015
20.4184   16.3745   0.17583503632666833
21.8382   16.3911   0.17881132514469114
22.5344   17.6284   0.1804900274253393
23.9542   17.6433   0.18202486093937886
24.6517   18.8797   0.18225413575554333
26.0715   18.8929   0.1823014262149385
26.7703   20.1286   0.18129809706668307
28.19   20.1403   0.18014488613335553
28.89   21.3754   0.177984971275668
30.3098   21.3858   0.17570136595940325
31.0107   22.6202   0.17245718309191807
32.4306   22.6295   0.169222752607327
33.1325   23.8635   0.16508001090380245
34.5525   23.8719   0.16098726657720303
35.2551   25.1054   0.15610470844916766
36.6752   25.1132   0.15149422431234802
17.5721   16.3345   0.16834565631461798
18.2671   17.5724   0.17148119430421344
19.6873   17.5909   0.17549586889724814
20.3837   18.8281   0.17714271082943123
21.8039   18.845   0.17996635796725988
22.5017   20.0813   0.18005443621305156
23.9218   20.0965   0.1815696285175438
24.6209   21.3321   0.1802680504138232
26.0409   21.3457   0.1806059245982802
26.7413   22.5805   0.17789482848020108
28.1613   22.5927   0.1770396848167095
28.8627   23.827   0.1733957323580957
30.2827   23.838   0.17157074342672923
30.985   25.0718   0.16699104766423886
32.4051   25.0817   0.16422329311032893
33.1082   26.3151   0.15884363380381913
34.5283   26.3242   0.15544002058671888
35.2321   27.5572   0.14931476819122846
16.1151   18.7687   0.1675185064403327
17.5357   18.7889   0.172246915792421
18.2323   20.026   0.17387426491577435
19.6528   20.0447   0.1776165814331529
20.3509   21.2809   0.17756995804470904
21.7714   21.2981   0.180214011663912
22.4709   22.5335   0.17857485825277644
23.8913   22.5491   0.18015065917170509
24.592   23.7838   0.17721201990835592
26.0123   23.7979   0.17769468196881733
26.7141   25.032   0.17354204101600282
28.1344   25.0447   0.17299401723758973
28.8372   26.2783   0.16783444223400745
30.2575   26.29   0.16643659453377316
30.961   27.5231   0.1605194692241416
32.3813   27.5338   0.1583315508671575
15.3832   19.9853   0.1699191572483795
16.0801   21.2223   0.1712863392101079
17.501   21.2426   0.17550441589885787
18.1993   22.4788   0.1753645346129011
19.6202   22.4977   0.17871947291775261
20.32   23.7331   0.17695344020391324
21.7408   23.7506   0.17945071746861216
22.4419   24.9852   0.17621725227684068
23.8627   25.0012   0.17766217943051463
24.5649   26.2352   0.17325778481788237
25.9856   26.2497   0.1736761641676837
26.6888   27.4832   0.16817639548997468
28.1094   27.4965   0.16783947688193215
13.9271   22.4174   0.17034004226839933
15.3484   22.4391   0.17459773767148368
16.0469   23.6753   0.17420393221738506
17.4682   23.6958   0.1780220211097474
18.1683   24.9311   0.17582073256587297
19.5896   24.9503   0.17889086058264483
20.291   26.1848   0.17526337324152919
21.7122   26.2026   0.17750205632611785
22.4149   27.4365   0.17261115259449458
23.836   27.4529   0.17402313064647607
15.3155   24.8924   0.17819677325922575
16.0158   26.1277   0.17591807752474095
17.4375   26.1484   0.179086487485796
18.1392   27.3828   0.1751485084150016
19.5609   27.4023   0.17780489307103067
48.3622   0.603875   0.10525982603063738
49.7823   0.602393   0.0903405972085639
50.4765   1.84045   0.09164021824504778
44.1006   0.589249   0.13091511515482088
45.5206   0.588874   0.11709743584297654
46.2142   1.8273   0.1188351900743209
47.6343   1.82618   0.10427918104780065
48.3283   3.06436   0.10596953760397403
49.7483   3.06263   0.0908473995224959
39.84   0.571099   0.15308757201027137
41.2596   0.572286   0.14082288595608305
41.9524   1.81111   0.14299147387169628
43.3722   1.81131   0.12975455329197505
44.0655   3.04987   0.1318906823850721
45.4856   3.04925   0.11787150843185128
46.1794   4.28752   0.11990113635825053
47.5995   4.28626   0.1053188136089663
48.2939   5.52419   0.10716512539067967
35.5808   0.547973   0.1703168620659742
37.0001   0.551352   0.16023406541993507
37.6918   1.79063   0.16282763893147856
39.1112   1.7927   0.15147767129184428
39.8036   3.03168   0.1540520288733646
41.2233   3.03265   0.14165229578090127
41.9164   4.2713   0.14411772132531023
43.3363   4.27138   0.1308717391188787
44.0301   5.50968   0.133148904989866
45.4502   5.50906   0.11929727951633998
46.1446   6.74698   0.12130312609327118
47.5648   6.74581   0.10704626149473885
31.323   0.518172   0.18093668430973303
32.7419   0.524491   0.17376824139065242
33.4326   1.76428   0.176786363727523
34.8516   1.76893   0.168011696319036
35.543   3.00838   0.1710509657967468
36.9623   3.01158   0.160886204815702
37.6545   4.25066   0.1638244291917419
39.074   4.25264   0.1525105911076351
39.767   5.49134   0.15525321284920238
41.1867   5.49231   0.14301738216035048
41.8805   6.7306   0.1454497126157355
43.3005   6.73079   0.13253266804829614
43.9951   7.96865   0.13456868915167502
45.4153   7.96824   0.12119879372336992
46.1105   9.20566   0.12281323259323378
27.0657   0.479987   0.18324247521794718
28.4845   0.489972   0.17971227148138771
29.1744   1.73031   0.18313221153035858
30.5932   1.73829   0.17767070355013512
31.2837   2.97827   0.1811848230399004
32.7026   2.98444   0.17398621813235726
33.3939   4.22403   0.17744661056216304
34.813   4.22859   0.16872290182426286
35.5051   5.46776   0.17199949883647903
36.9244   5.47097   0.16201756355407904
37.6174   6.70967   0.16496085475045302
39.037   6.71178   0.15396588225967447
39.7309   7.95   0.15647746930468986
41.1507   7.95121   0.14470301482692027
41.8455   9.18895   0.1467163484414731
43.2656   9.18947   0.1343550520077299
43.9612   10.4267   0.13581991753789363
45.3815   10.4267   0.1230572630932438
26.3353   1.69919   0.17891478418509754
27.0251   2.93973   0.18288201907240653
28.4439   2.94958   0.1793496930580034
29.1343   4.18972   0.18334075515280365
30.5531   4.19764   0.17797282629660058
31.2444   5.43731   0.18179843123635556
32.6633   5.4435   0.17479454911409636
33.3554   6.68269   0.1783229601032915
34.7746   6.68738   0.16993468039220286
35.4677   7.92604   0.17298864847151119
36.8871   7.92948   0.16344513605488617
37.5812   9.16761   0.16596656922404382
39.0008   9.17003   0.1555323699427238
39.6959   10.4076   0.15740168359963627
41.1159   10.4092   0.14626568291981445
41.8118   11.6463   0.14751342311803367
43.232   11.6473   0.13583615130001203
43.9288   12.8839   0.1364772874876994
24.8752   4.14633   0.18015842500421667
26.294   4.15822   0.17873089156606375
26.9845   5.39846   0.18314988970785628
28.4032   5.40832   0.17980467429964098
29.0946   6.64805   0.183948030976142
30.5134   6.65606   0.17886342722870954
31.2057   7.89523   0.18258301919948594
32.6247   7.90161   0.1759670991975489
33.318   9.14019   0.1791078178081587
34.7372   9.14519   0.1712421279942517
35.4316   10.3832   0.17365051108476462
36.8511   10.387   0.16475466609477113
37.5465   11.6244   0.1663881305862878
38.9662   11.6273   0.15669591570937547
39.6627   12.8642   0.1576028235787683
41.0827   12.8664   0.14731289828117614
41.78   14.1027   0.14742119928965464
43.2003   14.1044   0.13673613275210103
24.1437   5.36415   0.17584927096806552
24.8343   6.60444   0.18064884749148005
26.2531   6.6164   0.17946539750046453
26.9445   7.85614   0.18389268609708198
28.3634   7.86613   0.18082392679067746
29.0558   9.10526   0.18470237708269946
30.4748   9.1135   0.1800075112321723
31.1683   10.352   0.1831420213932359
32.5874   10.3587   0.1770900900671736
33.2821   11.5965   0.17934762334639565
34.7014   11.602   0.1722158238954841
35.3972   12.8392   0.1736382734307165
36.8168   12.8435   0.1654086454814259
37.5137   14.0802   0.16598665609017943
38.9335   14.0837   0.15712100432469342
39.6313   15.3197   0.15673474407418286
41.0514   15.3226   0.1473568797172359
41.7501   16.5582   0.1462390166815948
22.6838   7.80773   0.17604201884777407
24.1027   7.82182   0.1769771762120759
24.7943   9.06154   0.1816691784535836
26.2132   9.07365   0.18074350915039872
26.9059   10.3127   0.18469894423087577
28.3248   10.323   0.18208465064359575
29.0187   11.5613   0.18514783282555647
30.4377   11.5699   0.1809473127736362
31.1328   12.8076   0.1831804574729543
32.552   12.8147   0.17760405400778478
33.2482   14.0518   0.17885550033476905
34.6676   14.0577   0.17229445725269513
35.3649   15.2941   0.17251449214486317
36.7846   15.299   0.16503408738803169
37.4829   16.5348   0.16431250713199075
38.9028   16.539   0.15623959165333196
39.602   17.7743   0.15467462623197312
41.0222   17.778   0.14615242043839027
21.9521   9.02466   0.1725449518241552
22.6439   10.2643   0.17743846820799758
24.063   10.2786   0.17864615864887937
24.7559   11.5176   0.18270161466172186
26.1749   11.5299   0.1820027472320121
26.869   12.7682   0.18519516732355645
28.2881   12.7787   0.1828385626721023
28.9835   14.0163   0.184933339341503
30.4027   14.0253   0.18126279265199513
31.0993   15.2621   0.18219253552217757
32.5186   15.2697   0.1772442946895612
33.2163   16.5059   0.17723549305937727
34.6359   16.5124   0.1712544889922594
35.3346   17.748   0.17027466047536138
36.7544   17.7536   0.163497553498518
37.4541   18.9886   0.1614296750910445
38.8741   18.9935   0.15413438941391586
39.5746   20.2281   0.15131298688480369
20.4931   11.4647   0.1717462372222469
21.9124   11.481   0.17476982004911396
22.6056   12.72   0.17896605823451667
24.0248   12.7344   0.1802849134009845
24.7192   13.9726   0.1833453844524032
26.1384   13.9852   0.18304504909994243
26.8341   15.2226   0.18488764155562126
28.2534   15.2335   0.18304453010128358
28.9503   16.4702   0.1837659925013322
30.3697   16.4796   0.18049556781262016
31.0678   17.7156   0.18010596880725513
32.4873   17.7237   0.17574447359732323
33.1865   18.9591   0.17430697060071673
34.6062   18.9662   0.16899115361461894
35.3063   20.201   0.16663099951689828
36.7262   20.2073   0.16059713571543155
37.4272   21.4417   0.15741896327952473
38.8473   21.4473   0.15076329128803245
15.9869   28.5796   0.17607217270199185
11.7101   28.5184   0.18034647210300467
13.132   28.5411   0.18282617427491035
13.8343   29.7756   0.17844172718285253
15.2564   29.7976   0.18084302585391568
15.9602   31.0312   0.17470346304524134
17.3824   31.0523   0.17693504457850967
18.0875   32.2853   0.1693782158366295
9.55806   29.7136   0.1844579355842425
10.9798   29.7367   0.18636437427791933
11.6821   30.9712   0.18192869482299948
13.1042   30.9939   0.18389415433884695
13.8081   32.2276   0.17764686881563907
15.2304   32.2497   0.1796066813901954
15.9358   33.4826   0.1716445163703141
17.3582   33.5039   0.1734506558073522
18.0647   34.7362   0.16432142282733597
19.4871   34.7567   0.1660810645437937
20.1945   35.9884   0.15588601605018718
8.82866   30.9324   0.19037755251079508
9.53103   32.1671   0.18609740057292493
10.9528   32.1901   0.18754972673933706
11.6568   33.4239   0.18143376201798841
13.079   33.4465   0.1827630159523538
13.7845   34.6795   0.17492501250535805
15.2069   34.7016   0.1762980430974783
15.9136   35.9339   0.1669198909656969
17.3362   35.9554   0.16839076578007156
18.0439   37.187   0.15778761041348988
19.4665   37.2078   0.15922490383102583
20.175   38.439   0.14781481657804232
21.5975   38.459   0.1492911584789926
22.3066   39.6897   0.13713165207201602
7.38155   33.3636   0.190108841456677
8.80288   33.3867   0.19125985595518963
9.50685   34.6206   0.1852549122155748
10.9287   34.6434   0.18622507886963216
11.6342   35.8766   0.17853229399747342
13.0564   35.899   0.1794578780661349
13.7632   37.1314   0.170226789901004
15.1857   37.1535   0.17116941899767088
15.8936   38.3852   0.16061189246129978
17.3162   38.4067   0.16162728730013382
18.025   39.6379   0.14987678272501403
19.4477   39.6588   0.15106535009723362
20.1571   40.8895   0.1385364212039528
21.5797   40.9098   0.13982335284207603
22.2896   42.14   0.12670319648690753
23.7119   42.1596   0.12824683231955544
24.422   43.3894   0.11477090223571335
6.6549   34.5839   0.19433759183441648
7.35871   35.8181   0.18862788871214128
8.78003   35.8409   0.18948083385925682
9.48541   37.0742   0.18198299398570067
10.9072   37.0967   0.18262425906762692
11.614   38.3293   0.17356200621103665
13.0362   38.3516   0.17415099770027243
13.7441   39.5835   0.1637653198940482
15.1666   39.6053   0.16429077880392193
15.8756   40.8366   0.1526053734309488
17.2982   40.8581   0.15331353495370106
18.0078   42.0888   0.14079240036308624
19.4305   42.1097   0.14155440650152767
20.1406   43.34   0.12823642228322019
21.5632   43.3604   0.1293864366925705
22.2737   44.5901   0.1154113512614767
23.696   44.6099   0.1168226433530768
24.4067   45.8392   0.10255481461150284
5.21268   37.0164   0.19092233080496368
6.63345   37.0391   0.19170276706401487
7.33859   38.2727   0.18462017657883512
8.7599   38.2951   0.18516925473738788
9.46645   39.5279   0.17646677420976534
10.8882   39.5501   0.17692987311361738
11.596   40.7822   0.1667120271606102
13.0182   40.8041   0.16690817834965424
13.7271   42.0356   0.1555119609547781
15.1496   42.0572   0.15567918936068612
15.8592   43.2881   0.1433551184994792
17.2818   43.3094   0.1436849678985222
17.9921   44.5397   0.13042001380156426
19.4147   44.5605   0.1309304013588903
20.1254   45.7903   0.11703388398237603
21.5479   45.8107   0.11784078241423915
22.2587   47.0399   0.10344607290758025
23.6811   47.0598   0.1045738973166822
4.48909   38.2382   0.1925903850144134
5.1939   39.4721   0.18599238263972004
6.61466   39.4943   0.1865337813909322
7.32089   40.7275   0.1783516831992334
8.74218   40.7494   0.1786262298768031
9.44971   41.9819   0.16897600303001803
10.8715   42.0036   0.16904348552961165
11.5801   43.2354   0.15805052989471355
13.0023   43.2568   0.15799164534873414
13.7118   44.488   0.1458931801010592
15.1342   44.5092   0.14579087762956827
15.8444   45.7397   0.1328316603826059
17.2669   45.7606   0.13281904983849316
17.9776   46.9906   0.11916350112345737
19.4001   47.0111   0.11933285381654217
20.1111   48.2405   0.1050947191822691
21.5335   48.2606   0.10552506811179742
22.2446   49.4894   0.09086924672297005
3.0514   40.6727   0.1858378650867471
4.4716   40.6945   0.18646248121270947
5.17742   41.928   0.1788606116505248
6.59817   41.9497   0.17918369791920252
7.3053   43.1824   0.17011095320407835
8.72658   43.2039   0.17014394023884538
9.43485   44.436   0.15976986073724894
10.8566   44.4572   0.1595458868163004
11.5658   45.6887   0.14809132317593826
12.9879   45.7096   0.14767565811602104
13.6979   46.9405   0.13512401711020708
15.1202   46.9611   0.1347810817585321
15.8307   48.1913   0.12148415534546012
17.2532   48.2118   0.12106072856215389
17.9641   49.4413   0.10718255455063493
19.3865   49.4615   0.10697985791727121
20.0975   50.6904   0.09274809971098995
21.5198   50.7102   0.09274357120577235
2.33068   41.8958   0.18480418393532125
3.03602   43.1297   0.17782520659344087
4.45626   43.151   0.1782564896434343
5.16291   44.3841   0.16983112200065098
6.58368   44.4052   0.1699382020029635
7.29149   45.6376   0.16022282015992637
8.71276   45.6585   0.16001101087112807
9.42157   46.8903   0.14914666741164617
10.8433   46.9109   0.1486180675422754
11.5529   48.1421   0.13682927318377422
12.9749   48.1624   0.13615241459482136
13.6852   49.393   0.12348607208912281
15.1074   49.4131   0.12274216879296064
15.8181   50.6429   0.10934578181164593
17.2404   50.6628   0.1087090152655226
17.9513   51.892   0.0949033719105916
19.3736   51.9115   0.09420833296476408
20.0846   53.14   0.08017231442337314
0.896565   44.3325   0.17519602742356927
2.31634   44.3533   0.1757677433433107
3.02244   45.5868   0.1680485647067535
4.44273   45.6075   0.1682769291970831
5.15   46.8404   0.1592883137584167
6.57081   46.8608   0.15915694015656368
7.27911   48.093   0.14901313398489371
8.70039   48.1132   0.1485470043454248
9.40954   49.3448   0.13741718087633767
10.8312   49.3647   0.1366511617221001
11.541   50.5957   0.12477836350906367
12.963   50.6153   0.12374570699624367
13.6733   51.8456   0.11122769439307811
15.0954   51.8649   0.11013164849397321
15.8061   53.0945   0.09708043057176724
17.2282   53.1135   0.09597708059740159
17.9391   54.3424   0.08252860110289034
19.3612   54.3612   0.08147717471783175
0.178252   45.5569   0.17175872776659706
0.883732   46.7908   0.16476268844614075
2.30362   46.811   0.16514132250893487
3.01028   48.0442   0.1568838564033917
4.43066   48.0642   0.1569041694793352
5.13837   49.2968   0.1475239316178902
6.55924   49.3166   0.14716337485937245
7.26782   50.5486   0.1368226896388163
8.68912   50.568   0.13609164889881975
9.39844   51.7994   0.12491940761947211
10.8201   51.8186   0.12385386550285869
11.5299   53.0493   0.11214495084487787
12.9518   53.0681   0.11085711524299961
13.6621   54.2981   0.09859822513615492
15.0841   54.3166   0.09716552886698089
15.7946   55.5459   0.08472602905837134
17.2166   55.5641   0.08318665758401282
-1.25343   47.996   0.16008448894255797
0.166163   48.0156   0.1605661210374094
0.872148   49.2493   0.1530943326971967
2.29218   49.2687   0.153247260660672
2.99922   50.5018   0.1446649771022685
4.41971   50.521   0.1444601055655155
5.12767   51.7535   0.13490059303057197
6.54861   51.7724   0.1343052955024482
7.25732   53.0043   0.12393488169195917
8.67864   53.0229   0.12298637688784926
9.38797   54.2541   0.11197285787189802
10.8096   54.2724   0.11074168140316405
11.5193   55.5029   0.09930125880370427
12.9411   55.5208   0.09777780934342899
-1.96991   49.2215   0.15473544810417564
-1.26464   50.4556   0.1480403556466952
0.155143   50.4744   0.14831274324548108
0.861475   51.7079   0.14052045838595892
2.28167   51.7266   0.14046056955601458
2.98894   52.9595   0.1317038936402414
4.40955   52.9779   0.13127975053297417
5.11762   54.2103   0.12169995439604737
6.53862   54.2284   0.12089493124196782
7.24733   55.4601   0.11068066497812531
8.66866   55.4778   0.1095365733442501
-3.40027   51.6633   0.14182870266627973
-1.98063   51.6814   0.14218122977383474
-1.27506   52.9153   0.13520721171594374
0.144927   52.9334   0.13526099103584893
0.851456   54.1667   0.12731645857861432
2.27182   54.1846   0.12703885586701413
2.97915   55.4174   0.11829331722460039
4.39988   55.4349   0.11766718149084808
-4.11537   52.8898   0.13500897896066044
-3.4106   54.1242   0.1288412061415132
-1.99071   54.1414   0.128975075111434
-1.28498   55.3753   0.12185290148371501
0.135226   55.3924   0.12170533687969469
-5.5453   55.3344   0.1215541282721408
-4.12543   55.3509   0.12175075194839603
33.0855   28.7666   0.15175091433002624
34.5058   28.7764   0.1488511000967045
28.8135   28.7295   0.1613278959138807
30.234   28.7418   0.16035809926536265
30.9387   29.9744   0.15317369225816688
32.3592   29.9858   0.15150610548753507
33.0645   31.2181   0.14372769392152274
24.5397   28.6862   0.16802785483365582
25.9607   28.7014   0.16870011855360273
26.6653   29.9342   0.16175370165780079
28.0862   29.9482   0.16164578559306567
28.7914   31.1806   0.1539590205216968
30.2122   31.1936   0.15326088868331683
30.918   32.4257   0.14498665455827003
32.3386   32.4378   0.14374254763291464
20.264   28.6361   0.1723387362144676
21.6856   28.6543   0.17442115697357216
22.3898   29.8875   0.1678285434602816
23.8112   29.9044   0.1692392980368308
24.5163   31.1371   0.16176207837438286
25.9376   31.1529   0.16257063080396575
26.6434   32.3851   0.15429173665495075
28.0645   32.3998   0.15451643925485894
28.7709   33.6316   0.14558440850585364
30.1919   33.6454   0.14525580883393352
30.8987   34.877   0.13588910920305616
17.4088   28.6005   0.17881456875769294
18.1123   29.8342   0.1729972543134716
19.5343   29.8541   0.1753606569330731
20.2389   31.0871   0.1682641375932503
21.6608   31.1058   0.1702018801306261
22.3664   32.3382   0.16190555889159466
23.7882   32.3558   0.16340517127679846
24.4946   33.5878   0.15435676208058005
25.9161   33.6042   0.15533747133257966
26.6231   34.8359   0.145782886512786
28.0444   34.8513   0.14630943236852573
28.7519   36.0827   0.13626360482535713
30.173   36.0972   0.13635138429807392
19.5097   32.3055   0.1714470763821921
20.2158   33.5378   0.16269290088998797
21.6379   33.557   0.16454023823977154
22.3449   34.7888   0.15480261625696284
23.7668   34.807   0.15642608478128323
24.4744   36.0384   0.14594988866045827
25.8962   36.0555   0.1471383702505953
26.6042   37.2866   0.13630528236279219
28.0257   37.3028   0.13717583606451675
28.7341   38.5336   0.12601436426058513
21.6169   36.0081   0.15753202848944764
22.325   37.2393   0.1465116036360286
23.7471   37.258   0.148102160686469
24.4558   38.4889   0.13647904601073482
25.8777   38.5067   0.13790873793926295
26.5866   39.7373   0.1259498312821431
28.0082   39.7541   0.12722283600046055
23.7289   39.7089   0.13866023222250876
24.4383   40.9393   0.12613342142350709
25.8604   40.9576   0.12758064116471488
26.57   42.1876   0.11472907216568962
25.8441   43.4082   0.11636000171880394
-14.1204   70.0496   0.04563551248753727
-12.7003   70.0605   0.0441213100440162
-11.9992   71.2968   0.04187147000047109
-10.5789   71.3071   0.0398889709067573
-9.8774   72.543   0.03702496995272623
-8.45706   72.5528   0.03485119223212281
-7.75512   73.7882   0.031215259089111352
-6.33468   73.7975   0.028988473571404643
-5.63233   75.0324   0.0247130815561308
-4.2118   75.0412   0.022719658888285203
-3.50906   76.2757   0.01802054383197112
-2.08845   76.2841   0.017114321488157707
-1.38528   77.5181   0.012857682528356095
0.035386   77.5259   0.014963704793934088
0.738996   78.7596   0.013799165518248264
2.15973   78.7669   0.0191650723974534
2.86377   80.0002   0.021512052435774826
4.28456   80.0072   0.02790040322289515
4.98898   81.2402   0.032127869521644814
-14.8326   71.2786   0.043140004636063746
-14.1323   72.5154   0.04219111280826926
-12.7122   72.5254   0.03942397747564093
-12.0116   73.7617   0.037931649054584626
-10.5914   73.7711   0.03467333269243773
-9.8903   75.007   0.032520301351616446
-8.46998   75.0159   0.028885188245883552
-7.76852   76.2513   0.026034208265284745
-6.34811   76.2596   0.022080355522502957
-5.64626   77.4946   0.018482773060341934
-4.22576   77.5024   0.014691579220758897
-3.52349   78.7369   0.010296096347645977
-2.10291   78.7442   0.00829508288083906
-1.40017   79.9784   0.005008003594247857
0.0204821   79.9852   0.010244506903206385
0.723679   81.219   0.012553063729626762
2.1444   81.2254   0.01957052886358227
2.84803   82.4589   0.023702371189398354
4.26882   82.4649   0.030993904239386628
-16.2649   73.7346   0.04648548160447581
-14.845   73.7444   0.04318854014665888
-14.1452   74.9811   0.04272247651997197
-12.7251   74.9902   0.03864776837024789
-12.0249   76.2266   0.03785247680139135
-10.6047   76.2351   0.03314830312399307
-9.90417   77.4709   0.03171136074028169
-8.48389   77.4788   0.02643210926127883
-7.78293   78.7143   0.024551270842866353
-6.36254   78.7216   0.018669429557423702
-5.66117   79.9566   0.01619782701474965
-4.2407   79.9634   0.009798979538704464
-3.53886   81.1981   0.0069385084852598596
-2.1183   81.2043   0.0004920365840030225
-1.41597   82.4387   0.004336000461255283
0.00466378   82.4445   0.010915784499864127
0.707459   83.6786   0.015209412381810266
2.12818   83.6839   0.022646156406783156
-16.9772   74.9638   0.05036913737597689
-16.2782   76.201   0.050817811837965327
-14.8583   76.2099   0.04637035691043248
-14.159   77.4467   0.04639051627219964
-12.739   77.4549   0.041235421666326426
-12.0393   78.6912   0.04071817775883183
-10.6192   78.6987   0.0347570136806922
-9.91911   79.9346   0.03393964643304617
-8.49884   79.9415   0.027346262998819423
-7.79837   81.177   0.026203207818894063
-6.378   81.1834   0.01910820766059275
-5.67705   82.4185   0.017862320677897843
-4.25659   82.4243   0.010432358314400163
-3.55514   83.6592   0.010322446415459534
-2.13459   83.6644   0.006600757532283468
-18.4108   77.4212   0.06118079764108308
-16.9911   77.4301   0.0566558911323437
-16.2926   78.6672   0.05705479822065691
-14.8728   78.6753   0.05173973328109956
-14.174   79.912   0.051762631308703747
-12.754   79.9193   0.045666836982654835
-12.0548   81.1555   0.04523450010777341
-10.6347   81.1622   0.038563454202125404
-9.93509   82.3981   0.037924735991164936
-8.51484   82.4041   0.030633088319663153
-7.81477   83.6396   0.029805269668305465
-6.39441   83.6451   0.02218476053510366
-19.1234   78.6505   0.06850437942204506
-18.4258   79.888   0.06913327708131034
-17.0061   79.896   0.06373774391990966
-16.3082   81.1331   0.06401577930479249
-14.8883   81.1403   0.057874433042571984
-14.1901   82.3769   0.05771698190307908
-12.7701   82.3834   0.050924453850779365
-12.0714   83.6196   0.05048098651967799
-10.6512   83.6254   0.0431074239545837
-20.5587   81.1089   0.08210243601746346
-19.1391   81.117   0.07674405514435849
-18.4421   82.3543   0.07694472041666708
-17.0223   82.3616   0.0709329965530751
-16.3249   83.5985   0.07085767424915639
-14.9051   83.6049   0.06401226444987529
-21.2718   82.338   0.09028011962773612
-20.5756   83.5757   0.09056798551364394
-19.156   83.583   0.08450372772841928
17.9272   56.7926   0.07081193402245331
13.6512   56.7505   0.08615578912644227
15.073   56.7681   0.08450715946001278
15.7833   57.9971   0.07299897259550908
17.2051   58.0144   0.07115124735378615
9.37786   56.7088   0.09889792717747004
10.7994   56.7261   0.09750184613636824
11.509   57.9564   0.08657540066323606
12.9306   57.9734   0.08506797282173731
13.6404   59.2029   0.07434520831903105
15.0621   59.2195   0.07247875550808087
15.7721   60.4483   0.06250159997952047
5.10791   56.6671   0.10824549921359301
6.52897   56.6843   0.10726864639772392
7.23754   57.9159   0.09740909865099888
8.65887   57.9327   0.0961151476095215
9.36785   59.1635   0.08605713450957914
10.7893   59.1799   0.08456583234380037
11.4986   60.41   0.07467589972675437
12.9202   60.4259   0.07290438944261295
13.6296   61.6553   0.06369623222765998
15.0511   61.6708   0.0620000806451091
0.841792   56.6257   0.11376643726952132
2.26232   56.6427   0.11329806926863355
2.9696   57.8754   0.10468483605565833
4.39044   57.892   0.10389093367565809
5.09832   59.1241   0.09480005274260116
6.51943   59.1403   0.09369594494960816
7.22776   60.3718   0.08438324774503558
8.64906   60.3875   0.0830276676777069
9.35773   61.6183   0.07383806335488564
10.7791   61.6335   0.0723770681915224
11.488   62.8635   0.06388113962665296
12.9095   62.8784   0.062221298604256035
13.6185   64.1077   0.05523812089490858
-3.42051   56.5852   0.11541858602495554
-2.00041   56.6016   0.1153928611310077
-1.29465   57.8354   0.10825655130291185
0.125735   57.8516   0.10794573866531293
0.832246   59.0848   0.1001175411254191
2.25291   59.1008   0.09950078843908715
2.96004   60.3335   0.0911653119338707
4.38096   60.3491   0.09027408321329045
5.08859   61.5811   0.08167791929279301
6.50971   61.5963   0.08054838607942434
7.21773   62.8277   0.07199140295896354
8.63899   62.8423   0.07072929025516933
9.3473   64.073   0.06274910437608028
10.7686   64.0872   0.06144403958074708
11.4771   65.3172   0.05484706008529638
12.8984   65.3309   0.053735835342903875
-6.2594   56.5617   0.11372020752707072
-5.55531   57.7964   0.10818503408512745
-4.13521   57.8121   0.10820343109162497
-3.43027   59.0463   0.10184528658705815
-2.00997   59.0618   0.1016710381573832
-1.30427   60.2956   0.0946005121550618
0.116277   60.3108   0.09416757191305292
0.822613   61.5441   0.08656980559640857
2.24338   61.559   0.08588960589035252
2.95026   62.7916   0.07797559938852659
4.37122   62.8062   0.0770827535834053
5.07853   64.0382   0.06914605484045994
6.49965   64.0523   0.06811202830631324
7.2073   65.2836   0.06062723480416895
8.6285   65.2972   0.05963424854896722
9.3364   66.5278   0.05335013495765853
10.7576   66.5409   0.052586119841646364
11.4657   67.7709   0.048541219597366826
-7.68944   59.009   0.10023911412218295
-6.26932   59.0239   0.10030977021207843
-5.56521   60.2586   0.09470751026185875
-4.14493   60.2733   0.0946133082605183
-3.44006   61.5076   0.08829969478995968
-2.01959   61.5221   0.0880057020879896
-1.31407   62.7559   0.0811272586742583
0.106593   62.7701   0.0806288067690449
0.812679   64.0033   0.07336483714287244
2.23351   64.0173   0.07269693322279781
2.94007   65.2499   0.065327057181539
4.36106   65.2633   0.06457145267066589
5.068   66.4953   0.05750266863372611
6.48908   66.5083   0.05680528232479392
7.19632   67.7396   0.050750936937168464
8.61745   67.7521   0.05036227655696198
9.32493   68.9828   0.04627647782621212
10.746   68.9948   0.04658261478277139
-8.4028   60.2369   0.09182965806317576
-7.69949   61.4721   0.0869709198525576
-6.27921   61.4861   0.08690575354946294
-5.57517   62.7208   0.08133614756060227
-4.15474   62.7347   0.08112221890456434
-3.45004   63.9689   0.07495006404266767
-2.02946   63.9825   0.074586398894168
-1.3242   65.2162   0.06797788537458292
0.0965341   65.2295   0.06748515451867917
0.802283   66.4627   0.060669629708775964
2.22315   66.4755   0.06014411109992525
2.92934   67.7081   0.05346283662508013
4.35031   67.7205   0.053034857405292624
5.05684   68.9525   0.04715477176277812
6.47787   68.9643   0.047129752810725505
7.18469   70.1957   0.04297124736378634
8.60573   70.2071   0.04362697445388916
9.31281   71.438   0.04219457903569806
-9.83314   62.6866   0.07881517937554881
-8.41288   62.7   0.0787752632493219
-7.70964   63.9352   0.07391771709137127
-6.28925   63.9484   0.07373842688856358
-5.58537   65.1831   0.06826435746419914
-4.16486   65.196   0.06796595912661012
-3.46044   66.4303   0.062028139581967325
-2.03979   66.4429   0.061616758272405314
-1.33487   67.6766   0.05537422143922263
0.0858977   67.6888   0.05496995476885605
0.791275   68.922   0.048700734789118974
2.21214   68.9338   0.04845379654887492
2.91791   70.1664   0.042700984766165455
4.33885   70.1776   0.042944383800446254
5.04495   71.4097   0.03859662679561176
6.46591   71.4205   0.039656328624822254
7.17232   72.652   0.03792812149316156
8.59329   72.6623   0.040034190387720235
-10.5459   63.9149   0.07044238780734215
-9.84349   65.1506   0.06636081976588083
-8.42316   65.1632   0.06613561824009913
-7.7201   66.3984   0.06139894217329871
-6.29965   66.4107   0.0610561086214968
-5.59605   67.6455   0.05578649030007184
-4.1755   67.6574   0.05537203626380357
-3.4714   68.8917   0.049679999999999946
-2.05073   68.9033   0.04926289577359436
-1.34618   70.137   0.043416154827437575
0.0745816   70.1481   0.04320949096159272
0.779535   71.3814   0.03761521500669856
2.20037   71.392   0.03794482836962246
2.90569   72.6247   0.033468081809385604
4.32658   72.6349   0.03474536515853719
5.03225   73.8671   0.03250858963412989
6.45316   73.8767   0.035196847870234686
7.15915   75.1086   0.03587079034535564
8.58007   75.1178   0.03971233561501399
-11.9767   66.3669   0.059122669087243486
-10.5564   66.379   0.058693866800546814
-9.85418   67.6147   0.054784070677525394
-8.43381   67.6264   0.05424675935021492
-7.73103   68.8617   0.04973817045288267
-6.31057   68.873   0.04910943290244806
-5.60732   70.1079   0.04410679766203825
-4.18676   70.1188   0.04346532065911727
-3.48306   71.3531   0.038089547122537364
-2.0624   71.3636   0.037646040960504334
-1.3583   72.5974   0.03227770283028213
0.0624342   72.6074   0.03239919052707949
0.766931   73.8408   0.027718141423982653
2.18773   73.8503   0.028983264136392784
2.89262   75.0832   0.02626258936205324
4.31346   75.0922   0.029253929650552107
5.0187   76.3246   0.029540507781688746
6.43957   76.3332   0.03392995873854698
7.14515   77.5653   0.03694588475053703
-12.6891   67.5956   0.052107581022344904
-11.9876   68.8318   0.04921178720591068
-10.5674   68.8431   0.04832307937207806
-9.86541   70.0789   0.044721749742158784
-8.44505   70.0896   0.04359202794089733
-7.74266   71.325   0.03946428892049073
-6.3222   71.3353   0.03826738689798285
-5.61938   72.5702   0.03358344979301358
-4.19883   72.5801   0.0325148642931204
-3.4956   73.8144   0.027473485399564148
-2.07496   73.8238   0.026922481312092735
-1.37133   75.0578   0.022059757478267703
0.0493756   75.0667   0.022810819972988516
0.753425   76.3002   0.01943382504809473
2.17418   76.3086   0.022386757246199318
2.87864   77.5417   0.02208052535606823
4.29945   77.5496   0.026986878292975188
5.00428   78.7823   0.02968016846312166
6.42513   78.7899   0.035533821916589936
2.83139   84.9178   0.027255487520868885
-1.43264   84.899   0.010296426564590075
-0.0120055   84.9038   0.01506335621598863
0.690402   86.1382   0.01949675870498028
2.1111   86.1426   0.02666489077419531
-5.69382   84.8803   0.021717357113615703
-4.27337   84.8852   0.014651078458592337
-3.57227   86.1202   0.01551600464036827
-2.15174   86.1245   0.012730392766918008
-1.45015   87.3593   0.01595084950715786
-0.0295433   87.3632   0.019788797918009228
0.672467   88.5978   0.023842293178292416
-9.95204   84.8613   0.04252528777092914
-8.53179   84.8664   0.03465155696357552
-7.83207   86.102   0.03409279102684777
-6.41171   86.1066   0.026284147313539903
-5.71146   87.3419   0.02608601157708314
-4.29102   87.346   0.019416910155846363
-3.59024   88.5811   0.020504704338273467
-2.16974   88.5847   0.0180244389649164
-1.46851   89.8196   0.020820624390253097
-0.047954   89.8227   0.024141354951412942
-14.2073   84.8414   0.06362546659946744
-12.7873   84.8471   0.05619688603472607
-12.0889   86.0833   0.05569030436260592
-10.6688   86.0883   0.04773007437664724
-9.96992   87.3242   0.04712591749770415
-8.54966   87.3285   0.038836112060813686
-7.85023   88.5642   0.03839596332949241
-6.42988   88.568   0.030400179275790622
-5.72991   89.8034   0.030348655653908197
-4.30949   89.8067   0.02388603985595416
-3.60905   91.042   0.024919351917739356
-2.1886   91.0447   0.0224455697187664
-1.48776   92.2799   0.02482631869609352
-18.4595   84.8202   0.08443814303973998
-17.0397   84.8267   0.0776705864533095
-16.3428   86.0635   0.077288162094861
-14.9229   86.0691   0.06977635702729758
-14.2255   87.3056   0.0692567686222796
-12.8054   87.3105   0.0612434486292225
-12.1074   88.5466   0.060502644570296436
-10.6873   88.5508   0.05199115309356929
-9.98866   89.7868   0.051416083086905165
-8.56839   89.7904   0.04278375976934135
-7.86923   91.0262   0.04237950448035762
-6.4489   91.0292   0.034125417213570076
-5.74922   92.2648   0.03416094407360283
-4.32886   92.2673   0.027618517338918507
-3.62875   93.5028   0.02853005608125953
-2.2084   93.5048   0.025932342740292144
-22.709   84.7968   0.10409750237157823
-21.2894   84.8044   0.0983815023264097
-20.5938   86.0419   0.09819134381399915
-19.1741   86.0485   0.0915541369900961
-18.4781   87.2855   0.09105981550606505
-17.0583   87.2913   0.08369958183886604
-16.3617   88.528   0.08312929688143406
-14.9418   88.5329   0.07498379825001612
-14.2446   89.7693   0.07435892683464596
-12.8246   89.7734   0.06555120136199112
-12.1268   91.0097   0.06494459176866617
-10.7066   91.0131   0.05586277830541403
-10.0082   92.2492   0.05533073287062607
-8.58799   92.2521   0.04627309045222636
-7.88906   93.488   0.04587010900357751
-6.46878   93.4903   0.03733630940519049
-5.76939   94.7261   0.037362874621742204
-4.34913   94.7279   0.0306018888305933
-3.64941   95.9636   0.0312847902342313
-23.4228   86.0256   0.11226940812170672
-22.7279   87.2633   0.11184440084331043
-21.3084   87.2702   0.10556159339457483
-20.6131   88.5075   0.10492973839670004
-19.1935   88.5134   0.09764102621337198
-18.4978   89.7503   0.09689840039959167
-17.0779   89.7553   0.08887789376442268
-16.3816   90.992   0.08815809662192493
-14.9617   90.9962   0.07942726232220955
-14.2647   92.2326   0.07866307901423714
-12.8446   92.2361   0.06946891391118383
-12.1471   93.4724   0.06877455924976936
-10.7269   93.4752   0.059219338057765726
-10.0287   94.7114   0.05868509180362354
-8.60848   94.7136   0.049172976318294724
-7.9098   95.9497   0.04881385459068289
-6.4896   95.9513   0.039858319081473144
-5.79057   97.1873   0.03978452462955056
-4.37044   97.1884   0.03262892734982425
-24.862   88.4842   0.12508253275337478
-23.4425   88.4915   0.11921182827220322
-22.7481   89.729   0.11838217771269773
-21.3286   89.7353   0.11151883249029663
-20.6337   90.9724   0.11056690282357892
-19.214   90.9777   0.10286933459490803
-18.5185   92.2146   0.10193576408699939
-17.0987   92.2189   0.09325502667417808
-16.4025   93.4556   0.09247702417357337
-14.9825   93.4591   0.08317716032662523
-14.2858   94.6956   0.08236995811581219
-12.8657   94.6984   0.07258546686493507
-12.1682   95.9349   0.07206122396962236
-10.7481   95.937   0.06190581555879145
-10.0501   97.1734   0.06148446958378906
-8.62995   97.1749   0.05137244786848303
-7.9316   98.4112   0.050978775975890026
-6.51152   98.4121   0.04146275919424403
-5.81295   99.6484   0.04126080949278515
-25.5768   89.7124   0.1325082638932423
-24.8831   90.9501   0.13146467206060478
-23.4636   90.9568   0.12503991362760902
-22.7696   92.1942   0.12393320781775449
-21.35   92.1998   0.11649549347506219
-20.6553   93.4369   0.11547021260913085
-19.2356   93.4415   0.10708468611338509
-18.5403   94.6784   0.10611427802137614
-17.1204   94.6821   0.0970097933200642
-16.4245   95.9188   0.0960238512037595
-15.0044   95.9217   0.08621328203936808
-14.3078   97.1584   0.08554723841247132
-12.8877   97.1605   0.07513321502503985
-12.1905   98.3971   0.07456788853118315
-10.7703   98.3986   0.06392784995602899
-10.0727   99.6352   0.06348354117406428
-8.65263   99.636   0.05269596189462415
-7.95471   100.873   0.05262042284133134
-6.53478   100.873   0.042454700564249645
-27.0183   92.1705   0.1438951006810221
-25.5989   92.1777   0.1379127260262805
-24.9056   93.4154   0.13675452460522422
-23.4861   93.4215   0.12975769726685746
-22.7922   94.6588   0.12856010267574636
-21.3726   94.6637   0.12045385008376701
-20.6782   95.9009   0.11940573688060335
-19.2584   95.9048   0.11041775219591783
-18.5632   97.1418   0.10952721123082368
-17.1433   97.1449   0.09980020040060529
-16.4475   98.3818   0.09902080589451646
-15.0274   98.384   0.08858103634525402
-14.331   99.6209   0.08798590796258438
-12.9109   99.6224   0.07697564549908154
-12.214   100.859   0.07593345771132995
-10.7939   100.86   0.06517330741952716
-10.0967   102.097   0.06455300147939406
-8.6767   102.097   0.05330486000356534
-7.97933   103.334   0.052691746032938545
-27.7344   93.3979   0.15004026126343872
-27.0418   94.6358   0.14877163708180435
-25.6224   94.6425   0.142302248752428
-24.9293   95.8801   0.1410555918778057
-23.5098   95.8855   0.13337709698445027
-22.8162   97.123   0.13232701916087497
-21.3965   97.1272   0.12356184686221136
-20.7022   98.3645   0.12263527225069391
-19.2824   98.3678   0.11303671969762726
-18.5874   99.605   0.11228267898478614
-17.1674   99.6073   0.10181772930093146
-16.4718   100.844   0.10107051993533835
-15.0517   100.846   0.08984631322430386
-14.3556   102.083   0.08992446830535349
-12.9355   102.084   0.0778370734290526
-12.239   103.321   0.07707788269017041
-10.819   103.321   0.0652076682607126
-10.1222   104.558   0.0644485065769628
-8.70243   104.558   0.05281069588634624
-29.1785   95.8553   0.15982640582832341
-27.7591   95.8626   0.15382496546400326
-27.0668   97.1006   0.15275369062644237
-25.6474   97.1066   0.14546274437119835
-24.9545   98.3444   0.14458388568578476
-23.535   98.3491   0.13610382066643642
-22.8415   99.5867   0.13522751199367064
-21.4218   99.5903   0.12583199116281446
-20.7276   100.828   0.12535294172854497
-19.3078   100.83   0.11482595525403218
-18.613   102.068   0.11457351351860863
-17.193   102.07   0.1031552713146491
-16.4976   103.307   0.10309219175087803
-15.0775   103.308   0.09078882089773702
-14.3818   104.545   0.09078992234824153
-12.9617   104.545   0.07762087348130262
-12.2657   105.783   0.07863561534063067
-10.8458   105.782   0.06455571237310971
-10.1497   107.02   0.0645849053572143
-29.8964   97.0817   0.16423282254166097
-29.2048   98.3201   0.1632082412134801
-27.7854   98.3268   0.1566025861855481
-27.0933   99.565   0.15579232972133455
-25.6739   99.5703   0.14782330668741037
-24.9812   100.808   0.14657165483135753
-23.5617   100.812   0.1377987300376851
-22.8683   102.05   0.1371768566486339
-21.4486   102.053   0.12750309800157403
-20.7546   103.291   0.12711604934074952
-19.3347   103.293   0.1165081971365143
-18.6401   104.531   0.1163453909701716
-17.2201   104.532   0.10478401595662847
-16.5251   105.769   0.1037922925847669
-15.1051   105.769   0.09032031886568893
-14.4097   107.007   0.09134686639398971
-12.9897   107.007   0.07788767553342264
-12.2943   108.244   0.07793869385613567
-10.8744   108.243   0.06353589536630935
-29.9242   99.5459   0.1665150143380528
-29.2327   100.784   0.16561207685432142
-27.8135   100.791   0.15868887799716763
-27.1215   102.029   0.1584758972209928
-25.7021   102.034   0.14967060499644833
-25.0096   103.272   0.14884451619055425
-23.59   103.275   0.13908806562751058
-22.8968   104.513   0.13862268934052704
-21.477   104.516   0.1288448679614456
-20.7833   105.754   0.1286199440211355
-19.3634   105.755   0.1168888788550903
-18.6691   106.993   0.1168830184415074
-17.2491   106.993   0.10419385778441959
-16.5545   108.231   0.10428274066209543
-15.1345   108.231   0.09156008955871447
-14.4396   109.469   0.09176279202377195
-13.0196   109.468   0.07706030106352046
-12.3247   110.705   0.07729689515109273
-31.3729   102.003   0.1746990555212071
-29.9537   102.01   0.167764596980413
-29.2625   103.248   0.16736430324296572
-27.8432   103.254   0.15945921108546987
-27.1515   104.492   0.15946773968424932
-25.7321   104.496   0.1496140367746208
-25.0397   105.735   0.15099420518682738
-23.6201   105.738   0.14016137128324183
-22.9271   106.976   0.13991268705875176
-21.5073   106.978   0.12907362240209092
-20.8138   108.216   0.12906587465321265
-19.3939   108.217   0.11721898310426875
-18.7   109.455   0.11741907851793051
-17.28   109.455   0.10454381856426882
-16.5857   110.693   0.10491158182012046
-15.1657   110.692   0.09102175564115463
-14.4712   111.93   0.09150497254248811
-13.0513   111.928   0.07656689885321871
-32.095   103.227   0.17551353224181657
-31.4044   104.466   0.17505610529198237
-29.9852   104.473   0.16898997011656502
-29.2941   105.712   0.16899893490788798
-27.8749   105.717   0.16002824750649594
-27.1833   106.955   0.16041013060277393
-25.7638   106.959   0.15048534812400047
-25.0716   108.198   0.15221961108870777
-23.652   108.2   0.14030000000000475
-22.9593   109.438   0.1413515121956613
-21.5395   109.439   0.1284282289841246
-20.8462   110.678   0.12974671479462432
-19.4263   110.678   0.11679452041940978
-18.7326   111.916   0.11733047344998512
-17.3126   111.916   0.10435497113218832
-33.5473   105.682   0.18055259621507086
-32.1282   105.69   0.17544061673397923
-31.4378   106.929   0.17539099178692824
-30.0187   106.935   0.16832233957499676
-29.3277   108.175   0.16976233386708764
-27.9085   108.179   0.16071204061924027
-27.217   109.418   0.16157428632057608
-25.7975   109.421   0.15058632075988918
-25.1054   110.66   0.15277813979755187
-23.6858   110.661   0.1397856931162802
-22.9932   111.9   0.14227863507920935
-21.5734   111.901   0.12927973545764093
-34.2724   106.905   0.179699777406659
-33.5824   108.145   0.18070406746943296
-32.1635   108.152   0.17456520271807383
-31.4731   109.392   0.1760823670899429
-30.054   109.397   0.16800836288710053
-29.3631   110.637   0.16998791133489158
-27.9439   110.64   0.15993839438984622
-27.2523   111.88   0.162339921153108
-25.8329   111.882   0.15130485782024056
-35.7282   109.359   0.18489661976357424
-34.3093   109.367   0.17876154508171155
-33.6194   110.607   0.18043361660178725
-32.2005   110.614   0.17431855896605106
-31.51   111.854   0.1765093765214772
-30.091   111.858   0.16744503575800787
-36.4563   110.58   0.1809072690634649
-35.7667   111.82   0.183825351896841
-34.3479   111.828   0.17771271760907326
38.8222   23.9006   0.14626800743839963
39.5249   25.134   0.14125653967162105
40.9453   25.14   0.13498740682004054
41.6486   26.3732   0.12935690936320338
43.0692   26.3789   0.12288010416662319
43.7728   27.6119   0.11687745719342095
45.1935   27.6175   0.11034314659279797
37.3785   26.3464   0.14588917026290585
38.7988   26.3536   0.14076618912224365
39.5025   27.5865   0.13466142729081665
40.923   27.5934   0.1291605589953797
36.6523   27.5657   0.14530278730981358
73.9254   0.661511   0.07921699777194281
75.3449   0.658601   0.09553416151304177
76.0396   1.89628   0.09448529197711161
69.6642   0.65258   0.047836983611009326
71.0831   0.649306   0.0644848526787492
71.7779   1.88666   0.06381456260133724
73.197   1.88347   0.08047364848197183
73.8915   3.12112   0.07975565747958041
75.311   3.11823   0.09608531417443483
65.4045   0.644211   0.016242760356540004
66.823   0.640879   0.03263363841192081
67.5178   1.87808   0.03206510408528283
68.9365   1.87467   0.048978203315352686
69.6311   3.11204   0.04867157692123826
71.0499   3.1087   0.06548810273629943
71.7444   4.3463   0.06520069708216225
73.1634   4.34321   0.0816833128613197
73.8578   5.58108   0.08127842579676373
61.1451   0.635654   0.016771241128789128
62.5638   0.632492   0.003654193344637181
63.2586   1.86975   0.00010770329613918993
64.6771   1.86637   0.01695581316245276
65.3718   3.10363   0.01719731374372204
66.7903   3.10019   0.033944255773252885
67.4848   4.33754   0.03437065027024992
68.9034   4.33415   0.050950113836968555
69.598   5.57164   0.05126627448918057
71.0167   5.5685   0.06757508786527612
71.7113   6.80619   0.06773662893885676
73.1304   6.80343   0.08351702161835137
56.8852   0.626407   0.047424436064121764
58.3043   0.623618   0.03118125438464586
58.9991   1.86105   0.03160914582838332
60.418   1.85792   0.015021331498905176
61.1126   3.09525   0.016207171252257853
62.5312   3.0919   0.005807073273177413
63.2259   4.32918   0.009512628448537078
64.6444   4.32577   0.020650968500291595
65.339   5.56305   0.022536701178303455
66.7575   5.55972   0.03747652598627657
67.4522   6.79708   0.03874088408903496
68.8708   6.79395   0.05414078314911903
69.5656   8.03144   0.055035294130218376
70.9844   8.02869   0.07026985484544998
71.6794   9.26635   0.07076600596331395
52.6241   0.616003   0.07716717232087758
54.0438   0.613738   0.06146662054318578
54.7384   1.85146   0.06233802130321426
56.1578   1.84875   0.04617043317968744
56.8525   3.08629   0.047187524834430485
58.2716   3.08327   0.030948959594790975
58.9663   4.32065   0.03240756084619794
60.3851   4.31741   0.01765656818297461
61.0798   5.55466   0.02039607805437377
62.4985   5.55135   0.015278825216619336
63.1933   6.78855   0.0188271107714369
64.6118   6.78531   0.027083943582866966
65.3068   8.02252   0.029497838903892827
66.7254   8.01949   0.04225712247657951
67.4205   9.25675   0.04395430468110941
68.8392   9.25407   0.05784438174965019
69.5346   10.4915   0.058919606244444485
70.9535   10.4893   0.07289725646414642
51.8964   1.83839   0.07614164169493579
52.5909   3.07623   0.07745083860101178
54.0106   3.07371   0.06155341176571797
54.7052   4.31131   0.0629226040465592
56.1247   4.30847   0.04700085211993614
56.8194   5.54586   0.048613299620576464
58.2386   5.54281   0.03349354564688635
58.9335   6.78002   0.03565681421551884
60.3524   6.77689   0.023966937643340673
61.0475   8.01397   0.02700063702952283
62.4663   8.01091   0.024173216583653144
63.1616   9.24792   0.027242997265352925
64.5803   9.24506   0.03387780394299804
65.2758   10.4821   0.036209667217470896
66.6945   10.4795   0.04716449936127368
67.3904   11.7166   0.048757050772167194
68.8092   11.7145   0.061202941105799276
69.5053   12.9517   0.062303852208346035
50.4427   4.30053   0.09245127852009388
51.8626   4.29832   0.07698442959456217
52.5573   5.53594   0.07854692610153517
53.9771   5.53339   0.06300110792676586
54.672   6.77074   0.06462498665377173
56.0915   6.768   0.049640432109317595
56.7867   8.00511   0.05142108614177537
58.206   8.00227   0.038083147191374234
58.9015   9.23919   0.04020564139520648
60.3205   9.2364   0.03113966762828008
61.0162   10.4732   0.033741517452542336
62.4352   10.4706   0.03196904753038505
63.1312   11.7073   0.034458090486848864
64.5501   11.705   0.03989147778661977
65.2464   12.9418   0.0417388308413198
66.6653   12.9399   0.051240999209612295
67.3619   14.1767   0.05256814624846229
68.781   14.1753   0.06362153723385885
49.714   5.52242   0.09221464091997543
50.4088   6.76002   0.09390103780044166
51.8288   6.7579   0.07888483314300658
52.524   7.99517   0.08040043780975305
53.9439   7.99281   0.0656954252592972
54.6394   9.2298   0.06716107503606317
56.0591   9.22735   0.05341228416759373
56.755   10.4641   0.05492249083936241
58.1744   10.4617   0.04338767105987929
58.8706   11.6982   0.045045865515045906
60.2899   11.6959   0.03766430671072743
60.9865   12.9324   0.03941192712872784
62.4056   12.9304   0.03826329834188705
63.1025   14.1668   0.039872296146572346
64.5216   14.1651   0.04452605978524781
65.2188   15.4016   0.04576166517948709
66.6379   15.4004   0.05408003328401564
67.3353   16.637   0.05494306143635679
48.2598   7.98334   0.10874401546752002
49.68   7.98177   0.09433642774665468
50.3755   9.21892   0.09573585326302805
51.7957   9.2171   0.08147387556757227
52.4917   10.4539   0.08257905303404585
53.9117   10.452   0.06901311469568468
54.6081   11.6885   0.06985162847063572
56.0279   11.6865   0.05754059436606573
56.7247   12.9228   0.058268687989350657
58.1443   12.921   0.04840092974313382
58.8415   14.1571   0.04902295380737097
60.261   14.1555   0.04285148772212897
60.9585   15.3916   0.04365775990588836
62.3779   15.3903   0.0426567696854792
63.0756   16.6264   0.04348390506842571
64.495   16.6255   0.04739250995673425
65.1929   17.8617   0.04809667348165459
66.6123   17.8613   0.055365332113150645
47.5308   9.2048   0.10917721419783666
48.2267   10.4418   0.11032447597881347
49.6471   10.4406   0.09668097020613656
50.3435   11.6772   0.09743433686334628
51.7638   11.6759   0.08420694745684512
52.4608   12.9122   0.08458096712618042
53.8809   12.9108   0.0721094307285819
54.5783   14.1468   0.07218400099745395
55.9983   14.1456   0.06116673932784246
56.6961   15.3814   0.06102663352995813
58.116   15.3802   0.0521231234674216
58.8141   16.616   0.05189874757640802
60.2338   16.6151   0.04662027455946186
60.9322   17.8508   0.046353532767196656
62.3519   17.8503   0.04534412861661105
63.0504   19.0861   0.0453927306955615
64.47   19.0859   0.04880952775842339
65.1687   20.3219   0.048829601677667284
46.0778   11.6635   0.12399298367246432
47.4982   11.6632   0.11121101564143723
48.1952   12.8996   0.11160291214838346
49.6156   12.899   0.09885949625604862
50.3132   14.135   0.09866762386923135
51.7336   14.1343   0.08643130220007109
52.4316   15.37   0.0858680382913188
53.8519   15.3694   0.07453220780307047
54.5504   16.6049   0.07360876306527635
55.9706   16.6043   0.06352204341801156
56.6693   17.8397   0.06251095903919604
58.0894   17.8394   0.05457655174157078
58.7884   19.0747   0.05344988306815504
60.2084   19.0746   0.04853720222674624
60.9076   20.31   0.047441016009351716
62.3275   20.3103   0.046538801015928215
63.0268   21.5458   0.04570525133942518
64.4467   21.5466   0.048510823534536625
45.3492   12.8845   0.12457222804461575
46.0467   14.1206   0.12454031475791189
47.4672   14.1209   0.11259458246292457
48.1654   15.3566   0.11189445920151872
49.5859   15.3568   0.10026654476942665
50.2846   16.5922   0.09908869764004624
51.7051   16.5923   0.08782311768549256
52.4043   17.8274   0.08612067115391306
53.8247   17.8276   0.07580402363991162
54.5242   19.0626   0.07387611251277001
55.9446   19.0629   0.06472410679182623
56.6443   20.2978   0.06265724219912473
58.0646   20.2983   0.055395396920687304
58.7644   21.5333   0.05344950888455006
60.1846   21.5341   0.04892003679474941
60.8846   22.7692   0.047085666608855596
62.3047   22.7704   0.04603140232494112
63.0046   24.0057   0.04460784684335188
43.8983   15.3402   0.1361418745280089
45.3188   15.3415   0.12513552653023588
46.0176   16.5769   0.12393647566394374
47.4381   16.578   0.11301831709948595
48.1375   17.8131   0.11126904331393779
49.5581   17.814   0.10047188661510877
50.2579   19.0488   0.09819511189463433
51.6786   19.0498   0.08794344773773632
52.3787   20.2844   0.08531928269740759
53.7993   20.2855   0.07587338136658647
54.4997   21.52   0.07290301777018654
55.9203   21.5212   0.06450775147220854
56.6208   22.7558   0.06164219334189913
58.0413   22.7572   0.05492585911936585
58.7419   23.9919   0.052145181944259426
60.1623   23.9936   0.04785237716143141
60.8629   25.2285   0.0453927306955642
62.2831   25.2306   0.04432211637546183
43.1704   16.5606   0.13644903810580863
43.8698   17.7957   0.13461340943605665
45.2903   17.7978   0.12466246427854463
45.9903   19.0326   0.12226140028643444
47.4109   19.0345   0.11224370806419841
48.1114   20.2689   0.10930402554343006
49.5321   20.2707   0.09946039412751384
50.2329   21.505   0.09624016832902867
51.6537   21.5069   0.08682885465097569
52.3548   22.7411   0.08331248405851278
53.7755   22.743   0.07454837355703728
54.4768   23.9772   0.07079413817541763
55.8974   23.9793   0.06318053497715662
56.5988   25.2136   0.05940075757093105
58.0193   25.2159   0.05322029688004054
58.7207   26.4504   0.049641212716853234
60.1412   26.453   0.04559692972120259
60.8423   27.6877   0.04260516400625183
41.7221   19.0128   0.1437610865290055
43.1425   19.016   0.13490396584237066
43.8431   20.2505   0.13188252348207324
45.2637   20.2534   0.12278440454715599
45.9647   21.4876   0.1193231327111404
47.3854   21.4903   0.11021637809328072
48.0869   22.7243   0.10627379733499663
49.5077   22.727   0.09737458600682268
50.2095   23.9609   0.09312840597798555
51.6303   23.9636   0.08450857944611229
52.3323   25.1974   0.08008251994037342
53.7531   25.2003   0.07211248158259209
54.4552   26.4342   0.0676372678336467
55.8759   26.4373   0.06060404276943706
56.578   27.6713   0.056082795936002384
57.9986   27.6746   0.05044809213439101
40.9948   20.2325   0.14359811976485165
41.6959   21.4667   0.14010442534052647
43.1164   21.4707   0.1320189380354195
43.8181   22.7046   0.12786684480348842
45.2387   22.7084   0.11975859050606856
45.9408   23.9421   0.11517660352693126
47.3616   23.9458   0.10698607386010009
48.064   25.1793   0.10208001763322816
49.4849   25.1829   0.09396733474989923
50.1875   26.4164   0.088885600633621
51.6084   26.4201   0.08113870839494251
52.3112   27.6536   0.07586567076089329
53.732   27.6574   0.06859919824604487
39.5489   22.6813   0.14682142214268415
40.9693   22.6865   0.1398413744211666
41.6715   23.9201   0.1352100957769039
43.092   23.925   0.12802409929384617
43.7947   25.1584   0.12291143152693462
45.2154   25.1631   0.11556002769123717
45.9184   26.3963   0.1100102267973281
47.3392   26.4009   0.10271562685395359
48.0425   27.6341   0.0969325538712372
49.4634   27.6386   0.0896045757760172
25.8288   45.8583   0.10412497298919399
26.5394   47.0872   0.08974318915661907
24.392   48.2886   0.08980534505251184
25.8141   48.3079   0.09131073321356749
26.525   49.5362   0.07625286879849144
27.9469   49.555   0.07794004105721365
28.6577   50.7829   0.06282053804290508
23.6668   49.5092   0.09167905976830183
24.3779   50.7374   0.07667026803135545
25.8   50.7568   0.07772033196017494
26.511   51.9845   0.06233081100065936
27.9329   52.0035   0.06384614318813626
28.6438   53.2308   0.04824209779850052
30.0655   53.2494   0.05003848518890446
30.7764   54.4764   0.034295772334211605
22.231   51.9385   0.07801570354742375
23.6531   51.958   0.07831538801538389
24.3643   53.1857   0.0632582010493499
25.7862   53.2049   0.06384371543073183
26.4973   54.4321   0.04856274292088567
27.9191   54.4511   0.04938309427324219
28.6302   55.6779   0.0336542716456646
30.0518   55.6967   0.03499057015825852
21.5068   53.1593   0.07958718489807502
22.2179   54.3872   0.06528713502674212
23.6399   54.4063   0.06489291178549626
24.351   55.6335   0.050427869278803564
25.7728   55.6524   0.05014229751417241
20.0721   55.5893   0.06799911764133615
21.4941   55.608   0.06692876810460385
45.8974   28.8504   0.10404023260258843
47.3183   28.8558   0.09732224822721694
48.0224   30.0887   0.09078617736197822
49.4433   30.0942   0.08432627111404843
50.1475   31.3271   0.07766723891062528
51.5684   31.3327   0.07144144455426843
52.2726   32.5657   0.06478556938084501
53.6936   32.5714   0.058710476066876405
54.3976   33.8046   0.052326092917400036
55.8186   33.8106   0.04677542089601885
56.5224   35.0441   0.040653290149756875
41.6272   28.8261   0.12263380447494808
43.0478   28.8327   0.1168767727138272
43.7523   30.0653   0.10998058919645795
45.1731   30.0718   0.1041522923415512
45.8778   31.3043   0.09702381151037297
47.2986   31.3107   0.09117510625165358
48.0035   32.5433   0.0839619556704103
49.4244   32.5497   0.07811811569668518
50.1293   33.7824   0.07093687334525087
51.5503   33.7889   0.0651890328199425
52.2551   35.0217   0.058029302942570936
53.6761   35.0284   0.05261045523467538
54.3807   36.2614   0.04566103371585171
55.8017   36.2684   0.040555764078615254
37.3566   28.7984   0.13870706542927086
38.777   28.8064   0.13419128138593722
39.4817   30.039   0.12720318392241944
40.9022   30.0466   0.12238512981567985
41.6072   31.279   0.11504034075053893
43.0279   31.2864   0.10990040946238741
43.7332   32.5187   0.10234007035370107
45.1539   32.5261   0.09721877390709903
45.8594   33.7583   0.0894409861305226
47.2803   33.7656   0.0841361991059743
47.9858   34.9979   0.07634251764253466
49.4068   35.0053   0.07115012297951445
50.1123   36.2377   0.0634224723579864
51.5333   36.2452   0.05832272284453128
52.2387   37.4778   0.050801574778744654
53.6597   37.4855   0.04587036080084968
54.3648   38.7183   0.03862033143306655
35.2106   30.009   0.1417461463320976
36.631   30.0182   0.13830896572529314
37.3362   31.2505   0.1307235250442699
38.7566   31.2593   0.12696991769706695
39.4622   32.4915   0.11906141272469606
40.8828   32.5   0.1148662700708962
41.5886   33.732   0.10670004686034516
43.0093   33.7403   0.10234109633963652
43.7153   34.9723   0.09406093769466578
45.1361   34.9805   0.08948904960943661
45.8422   36.2125   0.08122665818559431
47.2632   36.2206   0.07643592087493548
47.9693   37.4527   0.06828425880098932
49.3903   37.4609   0.06354407918917568
50.0964   38.6931   0.055443845465479584
51.5174   38.7015   0.050900884078764884
52.2233   39.9339   0.04317371885765684
53.6444   39.9426   0.03875061289838216
34.4849   31.2287   0.1414312907386469
35.1907   32.4608   0.13326492411734145
36.6111   32.4708   0.13048930990697885
37.3172   33.7027   0.12199877048560698
38.7378   33.7123   0.1187707876542051
39.4441   34.9441   0.11010290641032562
40.8647   34.9534   0.10662054211079543
41.5713   36.1851   0.09772149200661874
42.992   36.1943   0.09399430833832502
43.6987   37.4259   0.08502352615600083
45.1195   37.435   0.08118035476641076
45.8262   38.6667   0.0723627666690522
47.2472   38.6757   0.06827276177217455
47.9539   39.9075   0.05965668445362897
49.375   39.9166   0.05547008202626659
50.0815   41.1486   0.04739039987170637
51.5026   41.158   0.043376145518015545
52.209   42.3901   0.035715822824062896
33.0449   33.6696   0.13488698973585617
34.4655   33.681   0.13316414682638314
35.1721   34.9127   0.12408162635942621
36.5927   34.9235   0.12181531102451408
37.2996   36.1551   0.11257921655438956
38.7202   36.1655   0.10997763408984688
39.4272   37.3969   0.1005800178961998
40.8479   37.407   0.09765183049999178
41.5551   38.6384   0.08820895646134651
42.9759   38.6483   0.08502240881085134
43.6831   39.8797   0.0756891669923735
45.1041   39.8895   0.07217589625352311
45.8113   41.121   0.06318053497716278
47.2323   41.1309   0.05968869239646637
47.9395   42.3624   0.05093770705479434
49.3606   42.3724   0.0474554527952259
50.0677   43.6042   0.039566778994505974
51.4888   43.6144   0.03615646553523299
32.3195   34.8899   0.13511624624744625
33.0267   36.1213   0.12539673041989055
34.4474   36.1335   0.12416042042454131
35.1548   37.3647   0.1141663698292947
36.5755   37.3764   0.11259738007609467
37.283   38.6075   0.10254725739872231
38.7037   38.6187   0.10050278603103541
39.4114   39.8497   0.0904179185781208
40.8322   39.8607   0.08812400354046347
41.5399   41.0917   0.07818625198844112
42.9608   41.1024   0.0755516379703365
43.6686   42.3335   0.06586349520030294
45.0896   42.3441   0.0630434770614661
45.7973   43.5753   0.05385805417948017
47.2184   43.586   0.05103342042230471
47.926   44.8173   0.042630505509556715
49.3472   44.8282   0.03984971769034632
50.0546   46.0597   0.033036494971468516
30.8807   37.3283   0.1260357488968882
32.3017   37.342   0.12564207097943064
33.0096   38.5729   0.11506124456131667
34.4305   38.5859   0.11430100611980734
35.1386   39.8167   0.10362186062796143
36.5593   39.8292   0.10260745586944507
37.2675   41.0599   0.09186147179313109
38.6883   41.0719   0.09044003538256955
39.3966   42.3025   0.0797381966186889
40.8174   42.3143   0.07807547630338453
41.5257   43.5449   0.0676991137312742
42.9467   43.5565   0.06574077882106456
43.6549   44.7871   0.05583950214677791
45.076   44.7987   0.053828059597199523
45.7841   46.0295   0.04489331798831316
47.2053   46.0411   0.04288414625476665
47.9133   47.2721   0.03558103427389281
49.3345   47.2839   0.0339288962390496
30.1554   38.5489   0.1265030039169022
30.8639   39.7795   0.1152397934743033
32.285   39.794   0.11535865810592875
32.9936   41.0245   0.10408381238213692
34.4145   41.0383   0.10385615051598969
35.1232   42.2686   0.09252161909521878
36.5441   42.2819   0.0919332366448598
37.2529   43.512   0.08050596251210576
38.6737   43.5249   0.07975274289954162
39.3825   44.755   0.06856544319115968
40.8034   44.7676   0.06757114768893574
41.5122   45.9978   0.0569505926220256
42.9332   46.0103   0.05583950214677791
43.6419   47.2405   0.046100433837435034
45.0631   47.253   0.04495887009256655
45.7716   48.4834   0.03705954667829126
47.1929   48.4959   0.036113847759548144
47.9012   49.7267   0.03145600101729485
28.7173   40.9844   0.11502156319577474
30.1388   41.0005   0.11596689182693586
30.8479   42.2305   0.103758806855126
32.2691   42.2458   0.10438740345463235
32.9784   43.4757   0.09220639891027292
34.3994   43.4903   0.09253242674867951
35.1086   44.7201   0.08056003972193214
36.5296   44.7342   0.0805652530561421
37.2389   45.9638   0.06868944605978376
38.6599   45.9775   0.06843420197532828
39.369   47.2072   0.05715417745012197
40.7901   47.2206   0.05675993305139847
41.4992   48.4503   0.04633411270327377
42.9204   48.4637   0.04604400069499136
43.6295   49.6936   0.0374646500050434
45.0507   49.7069   0.03732264728016506
45.7596   50.937   0.03204886893479626
47.181   50.9504   0.03241373165805084
27.9918   42.2052   0.1162166941536355
28.7015   43.4349   0.10320174417130835
30.123   43.4516   0.104519950248742
30.8328   44.6811   0.09137143973912258
32.2541   44.6972   0.09258045150030375
32.9638   45.9264   0.07956286822381785
34.3849   45.9419   0.0805388105201454
35.0946   47.171   0.06780833282126678
36.5157   47.186   0.06853356841723318
37.2253   48.415   0.05625744395189375
38.6465   48.4296   0.05675711409154198
39.356   49.6587   0.045479885663886235
40.7772   49.673   0.04591840589567628
41.4867   50.9023   0.03643212867785537
42.9081   50.9165   0.037148620431991436
43.6174   52.146   0.031196474159749896
45.0388   52.1602   0.03231872522238795
45.748   53.3901   0.03174933070160345
47.1695   53.4044   0.03321821789319878
26.5544   44.6377   0.10260823553692083
27.9762   44.6558   0.10431385334652275
28.6864   45.8849   0.09048806551142598
30.108   45.9023   0.09215883028771465
30.8182   47.1312   0.07835062220557107
32.2396   47.1479   0.07992702922040555
32.9497   48.3765   0.06614537020835203
34.371   48.3927   0.06764199878772983
35.081   49.6213   0.05442425929674851
36.5022   49.637   0.05577239460521709
37.2122   50.8655   0.043331512782265706
38.6335   50.8809   0.044686463274682384
39.3433   52.1095   0.03409824042381014
40.7647   52.1247   0.03565305036038217
41.4745   53.3535   0.028832100166302464
42.896   53.3687   0.030835855752675174
43.6057   54.5978   0.029997666575919422
45.0272   54.613   0.03212786952164803
45.7368   55.8425   0.0367609847528664
27.9613   47.1058   0.0915338735113933
28.6719   48.3343   0.0769758403656626
30.0935   48.3522   0.07889569063010166
30.804   49.5804   0.06434811574552478
32.2255   49.5978   0.06633920409531965
32.9359   50.8258   0.05199047989776846
34.3573   50.8427   0.05405515701577623
35.0676   52.0706   0.04024040258247618
36.489   52.0871   0.04249058719292965
37.1992   53.3151   0.03032688576165052
38.6207   53.3314   0.032846917663613265
39.3309   54.5595   0.024742069436485617
40.7524   54.5756   0.027596014204952224
41.4626   55.804   0.026669270706194893
42.8842   55.8201   0.029486437560341992
30.0794   50.8013   0.06482568935229067
30.7901   52.0289   0.049672930253811184
32.2116   52.0468   0.05195093839383423
32.9223   53.2742   0.0369514546398406
34.3438   53.2917   0.03952429632516948
35.0544   54.5191   0.02562596339652389
36.4759   54.5363   0.028792360097774184
37.1865   55.7638   0.018808774548073687
38.6081   55.7809   0.022726636354728366
32.198   54.4948   0.036634955984682624
32.9089   55.7216   0.021005951537599335
34.3305   55.7397   0.0241660919471901
58.7006   28.9088   0.04615246472291483
60.1212   28.9124   0.04227647099747149
54.4348   28.8911   0.06347038679573101
55.8556   28.8951   0.05694295391002835
56.5583   30.1289   0.051900867044781196
57.9791   30.1332   0.04647687597074458
58.6816   31.3672   0.04163904417731022
50.1669   28.8718   0.08369784943473674
51.5878   28.8764   0.07666915937976349
52.2913   30.1097   0.07076722405181747
53.7122   30.1144   0.06412628166360393
54.4156   31.3478   0.05829030794222988
55.8365   31.3528   0.05226030998759714
56.5398   32.5865   0.046685865098554824
57.9607   32.5918   0.04155237658666036
6.40982   81.2467   0.03903160770452484
7.1146   82.4796   0.04417400706297521
8.5355   82.4859   0.05128690281153154
9.24058   83.7185   0.057126621640002234
10.6615   83.7246   0.0643218469884101
4.97282   83.6982   0.03590510270142988
6.39368   83.7038   0.04346911087196731
30.7629   56.9232   0.0189179808647772
32.1845   56.9418   0.020630317496344742
32.8955   58.1683   0.0045276925690732215
26.4839   56.8792   0.035710642671340886
27.9056   56.898   0.035344165006405866
28.6167   58.1244   0.021300938946440928
30.0383   58.1432   0.02054312537078961
30.7494   59.3694   0.00899999999999892
32.1711   59.3882   0.0058000000000006935
32.8823   60.6144   0.012619429464117215
34.3041   60.6333   0.009947864092359097
35.0153   61.8598   0.02616734606336987
22.205   56.8354   0.0536134311530265
23.6269   56.854   0.052280971681864644
24.3378   58.0808   0.03965476011779661
25.7596   58.0994   0.03793375805269032
26.4705   59.3258   0.02691115010548397
27.8922   59.3443   0.024268498099389784
28.6032   60.5705   0.01811767093198896
30.0249   60.5892   0.013320660644279078
30.736   61.8152   0.019573451407459568
32.1578   61.8341   0.014616429112478818
32.869   63.0603   0.029738190933547074
34.2909   63.0794   0.026446171745640783
35.0023   64.3059   0.04289009209596605
36.4243   64.3253   0.04047085370980078
37.1358   65.5522   0.05682253074265666
19.3491   56.8106   0.06917875396391479
20.0598   58.0384   0.05717490708344182
21.4816   58.0563   0.05531093924351578
22.1924   59.2835   0.0441901572751222
23.614   59.3014   0.04204485699820932
24.3248   60.528   0.03339281359813658
25.7464   60.5459   0.030161730719570738
26.4572   61.7722   0.02699370296939752
27.8789   61.7904   0.022332935319837696
28.5898   63.0165   0.02794584047761201
30.0115   63.0349   0.02300021739027312
30.7226   64.2611   0.03566244523304597
32.1444   64.2799   0.03143914757114905
32.8557   65.5062   0.04688464567424555
34.2777   65.5254   0.04350838999548783
34.9891   66.7522   0.05947108541132025
36.4113   66.7718   0.05679718302873695
37.1228   67.999   0.07294998286497545
38.5451   68.0191   0.07058562176534261
17.9155   59.2427   0.06023163620556581
19.3372   59.2598   0.058172588046262144
20.0476   60.4873   0.0487155006132557
21.4692   60.5044   0.04623602491564353
22.1797   61.7314   0.039503417573670874
23.6012   61.7485   0.036392581661654794
24.3117   62.9751   0.034669871646723374
25.7333   62.9924   0.030713189349199595
26.4439   64.2188   0.03582471214119812
27.8655   64.2364   0.03146823795511716
28.5764   65.4627   0.04241992456382005
29.9981   65.4808   0.03827584094437955
30.7091   66.7072   0.05220277770387557
32.131   66.7258   0.048460396201426795
32.8422   67.9526   0.06356492743642989
34.2643   67.9717   0.06027976443218606
34.9757   69.1988   0.07593345771133705
36.398   69.2185   0.07302821372593013
37.1094   70.4461   0.08863526386263834
17.1937   60.4646   0.06048470881140172
17.9037   61.6927   0.05211803910355736
19.3253   61.7089   0.04974866832388797
20.0353   62.9363   0.04435414298574417
21.4568   62.9525   0.041621388732238924
22.1669   64.1795   0.04077952917824667
23.5884   64.1958   0.037637879855269465
24.2987   65.4226   0.04232493354985538
25.7201   65.4392   0.03894868418830418
26.4306   66.6658   0.04850917439000312
27.8522   66.6829   0.04497554891271749
28.5629   67.9096   0.057521908869585185
29.9846   67.9272   0.05407698216431497
30.6955   69.1541   0.06817653555292587
32.1175   69.1723   0.06498222833974995
32.8286   70.3995   0.07978076209211797
34.2507   70.4184   0.07663641432113351
34.962   71.6461   0.09171570203623791
36.3843   71.6657   0.08874418290794849
15.7607   62.8995   0.05424850228347233
17.1822   62.9148   0.05238950276534436
17.8918   64.1428   0.04760598701844132
19.3132   64.158   0.045530319568390716
20.0229   65.3856   0.044975771255199797
21.4443   65.4008   0.042813315685657986
22.1541   66.6281   0.047100424626533084
23.5755   66.6435   0.04487460306231191
24.2855   67.8706   0.05331585130147292
25.7069   67.8865   0.05086147854712374
26.4172   69.1135   0.062167033064162124
27.8387   69.1299   0.05957860354186612
28.5492   70.3572   0.07240787250015425
29.971   70.3742   0.06971032922027934
30.6817   71.6017   0.08353741676638485
32.1037   71.6195   0.0806464506348585
32.8146   72.8473   0.09503415175609188
34.2368   72.8659   0.0921115085100768
34.9477   74.0941   0.10659315175001081
15.0399   64.1222   0.053713033799996014
15.7491   65.3508   0.049322003203436875
17.1704   65.3651   0.04796759322709332
17.8797   66.5933   0.04730771607253645
19.3009   66.6075   0.046238512086788267
20.0103   67.8353   0.049974793646391215
21.4316   67.8496   0.048920036794763186
22.1411   69.0772   0.056510706950099014
23.5624   69.0919   0.05519999999999925
24.2722   70.3195   0.06528537355333577
25.6936   70.3345   0.06393387208670404
26.4036   71.5622   0.07561011837048667
27.8251   71.5779   0.07386778729595281
28.5354   72.8058   0.08655431820538585
29.9572   72.8221   0.08466274269121973
30.6676   74.0503   0.09789177697846604
32.0896   74.0675   0.09563346694541398
32.8001   75.296   0.10926797334992722
34.2223   75.3141   0.10668275399519549
13.6071   66.5603   0.049520197899447956
15.0283   66.5737   0.048842809092023126
15.7371   67.8025   0.04818848410149567
17.1583   67.8157   0.047917011592958206
17.8672   69.0442   0.05116805644149025
19.2883   69.0575   0.051114968453479896
19.9974   70.2857   0.057767897659510285
21.4186   70.2991   0.05783121994217337
22.1279   71.5273   0.0668089814321489
23.5491   71.541   0.06675327707311672
24.2586   72.7693   0.07730692077685934
25.68   72.7835   0.07687522357690912
26.3897   74.0119   0.08844868568837393
27.8113   74.0268   0.08760821879254196
28.5212   75.2554   0.09983331107401854
29.943   75.271   0.09865358584460693
30.653   76.4999   0.1112263457999028
32.075   76.5164   0.10960935179079978
32.785   77.7456   0.12236425131548605
12.8869   67.7836   0.04826530845233829
13.5952   69.0131   0.04746050990033988
15.0163   69.0255   0.047831474992944455
15.7247   70.2546   0.05073716586488034
17.1458   70.2669   0.05163419409653557
17.8544   71.4958   0.057532338732230875
19.2754   71.5081   0.05868193929992273
19.9842   72.7369   0.0667892206871613
21.4053   72.7494   0.06788497624659551
22.1143   73.9782   0.07749019292787478
23.5355   73.9911   0.07829303928191936
24.2447   75.2201   0.08876778694999436
25.666   75.2334   0.08933761805644018
26.3754   76.4626   0.1004836802670073
27.797   76.4766   0.10054198128144562
28.5064   77.706   0.1120577083470769
29.9282   77.7208   0.11163623963570499
30.6377   78.9504   0.12345663206162426
32.0597   78.9661   0.12254080952891162
11.4538   70.225   0.04537455233939316
12.8748   70.2366   0.04646127419691134
13.5827   71.4664   0.04882888489409517
15.0037   71.4778   0.0505080191652809
15.7118   72.7074   0.055781807070045826
17.1328   72.7187   0.05781850914715517
17.841   73.9481   0.06527633568146812
19.2621   73.9595   0.06745383606585721
19.9705   75.1889   0.07617565227813332
21.3916   75.2005   0.07822870317217367
22.1002   76.4301   0.08772160509247987
23.5215   76.4421   0.08949469258006125
24.2303   77.6717   0.09976662768682026
25.6516   77.6842   0.1010810565833118
26.3605   78.9141   0.11162884931771723
27.7821   78.9273   0.11249222195334062
28.491   80.1573   0.12344926083212734
29.9127   80.1713   0.12370307191012042
30.6215   81.4016   0.13462614902016776
10.7338   71.4489   0.043863082427032456
11.4411   72.6794   0.045663333211671944
12.8621   72.69   0.04812120114876174
13.5696   73.9202   0.05280956352784316
14.9906   73.9306   0.05574369919551276
15.6983   75.1607   0.062425395473306874
17.1193   75.1711   0.06548473104472957
17.8272   76.4011   0.07355175048902649
19.2482   76.4116   0.07655540477327168
19.9563   77.6417   0.08542113321655449
21.3774   77.6524   0.08836220911679009
22.0856   78.8826   0.09767604619353543
23.5069   78.8938   0.10022060666350073
24.2152   80.1241   0.10994271235511342
25.6366   80.1357   0.11217472977458216
26.3449   81.3662   0.12207538654453691
27.7664   81.3785   0.12375237371461048
28.4747   82.6093   0.13373780318219278
29.8963   82.6223   0.13484398392216113
9.29998   73.8935   0.0413363036567146
10.7209   73.9034   0.044443784717315964
11.4278   75.1342   0.04861810362404841
12.8488   75.1439   0.05223839584060334
13.5559   76.3746   0.05829794164462014
14.9769   76.3841   0.062252389512369055
15.6842   77.6147   0.06962657538612793
17.1052   77.6242   0.07358695536574669
17.8127   78.8548   0.08179303148802464
19.2338   78.8644   0.08568926420502349
19.9414   80.0951   0.0943551800379871
21.3626   80.1049   0.09807313597514508
22.0703   81.3357   0.10708412580769676
23.4915   81.346   0.1103199891225478
24.1993   82.5769   0.119594021589714
25.6207   82.5877   0.12254386969572179
26.3283   83.8188   0.13171279360791496
27.7498   83.8302   0.1341809226380492
9.28634   76.3493   0.043191244483118965
10.7073   76.3582   0.04771425363557789
11.4138   77.5895   0.053207988122082835
12.8347   77.5982   0.0579521354222573
13.5415   78.8294   0.06466784363189595
14.9624   78.838   0.06950798515279841
15.6694   80.0691   0.07708028282252115
17.0904   80.0777   0.08190390711071252
17.7975   81.3089   0.08993870134708372
19.2186   81.3176   0.09461606628897515
19.9258   82.5488   0.10304761035559896
21.3469   82.5578   0.1074367721034122
22.0541   83.7892   0.11591807451817467
23.4753   83.7986   0.11994832220586789
8.56603   77.5735   0.042181446158238996
9.27192   78.8054   0.04704550988138078
10.6928   78.8134   0.052588401763128845
11.399   80.0451   0.05870332188215047
12.8199   80.0529   0.06441754419410849
13.5263   81.2846   0.07131374341598691
14.9473   81.2922   0.07708728818683643
15.6538   82.5239   0.08443962340038966
17.0748   82.5316   0.09005176289224143
17.7815   83.7633   0.09777791161606794
19.2025   83.7711   0.10323352168748252
7.1303   80.0223   0.040032642930484995
8.55118   80.0296   0.04626625227960759
9.25667   81.2619   0.05181607472590288
10.6776   81.2689   0.05828498949128437
11.3833   82.501   0.06463806927809582
12.8043   82.5079   0.07115757162803395
13.5102   83.74   0.07789922977796235
14.9312   83.7468   0.08443364258399143
43.5942   57.0489   0.034855415648073894
45.0159   57.0651   0.03731058830948552
39.3186   57.0086   0.021780036730917378
40.7403   57.0256   0.025079872407965928
41.4508   58.2537   0.03194401352366578
42.8725   58.2707   0.034413950659582866
43.5829   59.4993   0.044446034693771855
35.0413   56.9666   0.011421471008589259
36.463   56.9846   0.016150541786576458
37.1738   58.2116   0.015809490820386865
38.5956   58.2295   0.019386851214157796
39.3064   59.457   0.028445034716095597
40.7282   59.4749   0.030613885738338162
41.4391   60.7027   0.04259213542428158
42.8609   60.7207   0.044032828662264635
34.3172   58.1869   0.008649277426466099
35.0283   59.4134   0.011130588483995799
36.4501   59.432   0.013077079184588343
37.1612   60.6588   0.025999999999997997
38.5831   60.6775   0.026922481312097905
39.2942   61.9047   0.040897554939138145
40.7162   61.9234   0.04163868393693483
41.4273   63.1512   0.05573912449976673
36.4372   61.8788   0.024923081671410576
37.1486   63.1056   0.040854130758105706
38.5706   63.1249   0.04007804885470569
39.2819   64.3521   0.055532512999148395
40.7041   64.3716   0.05518378384996197
38.558   65.572   0.05513184197902188
39.2694   66.7994   0.0709378601312364
11.3668   84.9572   0.07052496012050806
12.7878   84.9631   0.07782763005514706
13.4932   86.1956   0.08434245668700802
14.9142   86.2015   0.09161249914723213
15.6196   87.4339   0.09830340787582774
17.0407   87.4399   0.10547046980079364
17.7461   88.6723   0.11234179987875051
19.1672   88.6784   0.1192859589390151
19.8723   89.9109   0.12599912698110127
21.2934   89.9173   0.13264362027628998
21.9982   91.1499   0.1391764707125437
23.4193   91.1567   0.1454418096697121
24.1236   92.3895   0.15159726250826988
7.09802   84.937   0.048835986731106854
8.51894   84.9423   0.05660414825787431
9.22352   86.1753   0.062390884750902535
10.6445   86.1805   0.07029231821473221
11.3492   87.4134   0.07621154768144012
12.7703   87.4184   0.08430432966342988
13.475   88.6513   0.0903371462909883
14.8961   88.6562   0.09843678174340921
15.6008   89.889   0.10460635735939686
17.0219   89.894   0.11262970300945707
17.7264   91.1269   0.11861079208907496
19.1475   91.132   0.12652481969953466
19.8517   92.365   0.1323017762541411
21.2728   92.3704   0.13993519928881645
21.9765   93.6035   0.14549646043805364
23.3976   93.6094   0.1525895147118588
4.25218   84.9228   0.035032140956555685
4.95577   86.1564   0.04007196651025817
6.37663   86.161   0.048249766838811735
7.08048   87.3945   0.053496470911643654
8.50141   87.3989   0.06187674926820634
9.20542   88.6323   0.06729112051377957
10.6264   88.6365   0.07587179976777218
11.3305   89.8697   0.08149650299246838
12.7515   89.8738   0.09017876690218503
13.4555   91.107   0.09575912489156822
14.8766   91.111   0.10466733014651386
15.5805   92.3441   0.11024631513116406
17.0016   92.3482   0.11902289695684515
17.7052   93.5814   0.12437399245822832
19.1263   93.5857   0.13302165237282923
19.8294   94.819   0.13801047061726965
21.2505   94.8236   0.14640099043380547
21.9531   96.0572   0.15089082145711583
2.8139   87.3767   0.03131537162480733
4.23467   87.3807   0.03943158632365264
4.93777   88.6147   0.04417639188525897
6.35861   88.6184   0.05282285111578906
7.0619   89.8522   0.05773365049951828
8.4828   89.8557   0.06671134536194613
9.18618   91.0893   0.07177660412698114
10.6071   91.0926   0.0810351158449147
11.3105   92.3261   0.08613768048885259
12.7315   92.3292   0.09566404758319474
13.4347   93.5627   0.1006389586591514
14.8558   93.5658   0.11025651908164585
15.5587   94.7993   0.11506910966892771
16.9798   94.8025   0.12472706201943519
17.6823   96.0361   0.12920375381543756
19.1034   96.0395   0.13867407832756098
19.8055   97.2733   0.1427766437481867
21.2265   97.277   0.15196743072119145
2.09314   88.6013   0.030863369874339328
2.79548   89.8357   0.035166064607798364
4.2162   89.8389   0.04344864094538081
4.91875   91.073   0.047940066750066186
6.33953   91.0759   0.05698559116126568
7.0422   92.3099   0.061499037390846834
8.46304   92.3125   0.07109997468353661
9.1657   93.5464   0.07560686741294474
10.5866   93.5487   0.08568949760618642
11.2891   94.7826   0.09003227199176657
12.7101   94.7848   0.10036199479882776
13.4124   96.0186   0.10465180361560507
14.8334   96.0208   0.11507354170269776
15.5353   97.2547   0.11905914496585839
16.9564   97.257   0.12950745152305945
17.6578   98.4911   0.1330720481543672
19.0789   98.4936   0.14349167223222545
19.7797   99.728   0.14642489542424383
0.653632   91.0575   0.027741399117561145
2.07423   91.0602   0.03458528733436415
2.77606   92.2948   0.0384001354164324
4.1967   92.2971   0.047040514452964345
4.89864   93.5315   0.05098761516290012
6.31933   93.5335   0.06055836523552626
7.02128   94.7678   0.06446729713583726
8.44202   94.7694   0.07482300782513017
9.14386   96.0036   0.07866440363976152
10.5647   96.0051   0.08939871363728313
11.2663   97.2392   0.09317730410352688
12.6872   97.2406   0.10423531071570089
13.3884   98.4748   0.10765323961684137
14.8094   98.4761   0.11898020843820582
15.5102   99.7105   0.12201512201362535
16.9312   99.7119   0.13335490242207065
17.6314   100.947   0.13557746862956188
19.0524   100.948   0.1470030271797154
-0.0672959   92.2822   0.02782558622922599
0.633812   93.5172   0.03090006163424283
2.05429   93.519   0.03777461581537933
2.75554   94.7539   0.040979965836982116
4.17604   94.7553   0.049988802746210745
4.8773   95.99   0.05321960259152641
6.29784   95.9911   0.06346486902216023
6.99899   97.2257   0.06660302095250198
8.41959   97.2265   0.07768577733408244
9.12051   98.461   0.08079778771724451
10.5412   98.4616   0.0923593525312869
11.2418   99.6961   0.09530188875357454
12.6626   99.6966   0.10721347863024938
13.3627   100.931   0.11036870027322018
14.7836   100.932   0.12170472464123916
15.4832   102.167   0.12397052068939157
16.9041   102.167   0.13635615130972303
17.6032   103.403   0.13750185453294023
-1.508   94.7401   0.02785646244590298
-0.0876642   94.7417   0.030596170555152624
0.612905   95.9769   0.0331290685652312
2.03322   95.9779   0.0400897605380695
2.7338   97.213   0.04266624426874416
4.15411   97.2137   0.05200295087781175
4.85458   98.4486   0.054587035090762084
6.27493   98.4489   0.06543928560123358
6.97518   99.6838   0.06782517305543548
8.3956   99.6837   0.07973913781825887
9.09554   100.919   0.08139386709083427
10.5161   100.918   0.09505729850988859
11.2156   102.153   0.09637681256401344
12.6362   102.153   0.10945359747398839
13.3352   103.388   0.11060330013159134
14.756   103.388   0.12390980590735254
15.4544   104.624   0.1248544752902438
16.8752   104.623   0.13831012255072853
-2.22921   95.9648   0.028404262004142932
-1.52931   97.2004   0.029830670458439217
-0.109167   97.2012   0.032386764271843595
0.590757   98.4366   0.03424451560469171
2.01085   98.4369   0.04130140917693265
2.71066   99.6722   0.0432321223166273
4.13075   99.6721   0.05314254416190017
4.83033   100.907   0.05524697367276986
6.25046   100.907   0.06602440760809818
6.94972   102.142   0.0681505106363827
8.36993   102.141   0.08057176924952716
9.06878   103.377   0.08164288150230678
10.4891   103.376   0.09548905696465868
11.1875   104.611   0.09638594295849381
12.608   104.61   0.11061663527698208
13.3058   105.846   0.11039841484368279
14.7264   105.845   0.12486092262994479
15.4236   107.081   0.12450799171136659
-3.67121   98.4243   0.03296395152284058
-2.25118   98.4248   0.029726824586558023
-1.55192   99.6606   0.03050016393398565
-0.131997   99.6606   0.033001684941833295
0.567163   100.896   0.03434386444475952
1.98701   100.896   0.04141823752889924
2.68595   102.131   0.04313930922024687
4.10578   102.131   0.052782308589152886
4.80439   103.366   0.05450286689707355
6.22426   103.365   0.06637137937395451
6.92245   104.601   0.0671357907527742
8.34244   104.599   0.0807403864246413
9.04019   105.835   0.08140928939624255
10.4603   105.833   0.09553957295278995
11.1576   107.069   0.09613745367961338
12.5779   107.067   0.1115706054478549
13.2745   108.304   0.1101372325782695
14.695   108.302   0.1258012718536569
-4.393   99.6487   0.03345194314236698
-3.69436   100.885   0.033567855159363655
-2.27457   100.885   0.02961688707477544
-1.57602   102.121   0.029696841582901992
-0.156358   102.12   0.03231419774649965
0.541956   103.356   0.03217547047053511
1.96152   103.355   0.040534212709756476
2.6595   104.591   0.040920763678114036
4.07905   104.589   0.052561065438213116
4.77662   105.825   0.05296779776429563
6.19623   105.823   0.06617342744637643
6.89337   107.059   0.0666029196056727
8.31311   107.057   0.08060907207008214
9.00979   108.293   0.08105950653685373
10.4297   108.291   0.09552088776807242
11.1259   109.528   0.09502236578826045
12.546   109.526   0.10972857421839059
13.2417   110.763   0.10926829366288204
-5.83677   102.109   0.04142434549874987
-4.41702   102.109   0.03322611021470472
-3.71909   103.345   0.032277180793867474
-2.29954   103.344   0.02790999999999988
-1.60183   104.581   0.027168409964515958
-0.182446   104.579   0.03029252587685645
0.514947   105.816   0.02886536071141128
1.93423   105.814   0.038613159673873625
2.63121   107.05   0.03769286935217404
4.05048   107.048   0.050934240938678176
4.74705   108.284   0.051066631962561566
6.16641   108.282   0.06488123303390361
6.86254   109.518   0.0651963833352763
8.28206   109.515   0.08061988836508605
8.97778   110.752   0.08011672047707157
10.3975   110.75   0.09486748652725494
11.0928   111.987   0.09449915343536983
12.5127   111.984   0.1103924363351036
-6.55958   103.333   0.04139312020130925
-5.86225   104.57   0.040622802709798254
-4.44273   104.569   0.031118420589743758
-3.74559   105.806   0.02998548982424197
-2.3263   105.804   0.024450458073418953
-1.62946   107.041   0.022821919288262944
-0.210356   107.039   0.026372324148622506
0.486088   108.275   0.024734406987029604
1.9051   108.273   0.03608007206201733
2.60115   109.509   0.03490389090059123
4.02016   109.507   0.049284164799656686
4.71584   110.743   0.0485201246906999
6.13497   110.74   0.06493166869872445
6.83029   111.977   0.06447477103487145
8.24961   111.974   0.08029787108012108
-8.00571   105.795   0.05191620267315478
-6.58613   105.794   0.039988343301511
-5.88955   107.031   0.038822118695408185
-4.47026   107.029   0.027559999999995224
-3.77394   108.266   0.025839583974982584
-2.3549   108.264   0.019136146425024543
-1.65893   109.501   0.016650057056959662
-0.240079   109.498   0.021390710600632617
0.455534   110.735   0.019458572018522243
1.87431   110.732   0.03382162769589563
2.56959   111.969   0.03195892520095699
3.98839   111.965   0.04940974094244223
-8.72997   107.018   0.05071118614270554
-8.03394   108.256   0.05054604336642616
-6.61454   108.254   0.03696237140661251
-5.91871   109.491   0.035593540144250646
-4.49961   109.489   0.022890541714869442
-3.80406   110.726   0.020908648928138943
-2.38522   110.723   0.01208000000000009
-1.68998   111.96   0.008850000000000025
-0.27132   111.957   0.01758290877529002
-10.179   109.481   0.06453224000450994
-8.75939   109.479   0.04912802153556879
-8.06401   110.716   0.0481300903801281
-6.64475   110.714   0.03369332278062629
-5.94957   111.951   0.0325454774123763
-4.53063   111.948   0.017310389943602848
-10.9049   110.704   0.06251951695270148
-10.21   111.941   0.0628172746941452
-8.79051   111.939   0.04695261547559735
28.4572   85.0615   0.14328188999312652
24.1824   85.03   0.12859646184868612
25.6037   85.0399   0.1322000378214696
26.3106   86.2715   0.14074579922682545
27.732   86.2821   0.1438567690447695
19.9092   85.0028   0.1112280989678495
21.3303   85.011   0.11626388089171297
22.0368   86.2428   0.12425687103738245
23.458   86.2513   0.12902422253204499
24.1643   87.4832   0.1369707998078412
25.5856   87.4923   0.14126945883664843
26.2915   88.7244   0.14890836108156796
15.6373   84.9789   0.09158449650459777
17.0583   84.9857   0.09795550010082026
17.7644   86.2178   0.10528380692205808
19.1855   86.2248   0.11145550681773604
19.8914   87.4569   0.11882949970441112
21.3125   87.4641   0.12477579893552594
22.0182   88.6964   0.13197651306198308
23.4394   88.704   0.13757572460285786
24.1447   89.9364   0.14462454840032596
25.566   89.9446   0.14966662954714424
99.5053   0.792287   0.19131117485656765
100.925   0.803603   0.19338662673773407
101.615   2.04525   0.18773651988891216
95.2438   0.753908   0.18929403288006647
96.664   0.761073   0.19553214320157217
97.3545   2.00202   0.19066488113965818
98.7744   2.01115   0.1949622684008366
99.464   3.25275   0.1897551646200968
100.884   3.26401   0.19193260509876917
90.9811   0.724298   0.17842655700315405
92.4014   0.728044   0.18809194603703772
93.0931   1.96823   0.1841010200949477
94.5133   1.97355   0.19220999349669604
95.2039   3.21442   0.18776961309008441
96.6239   3.22158   0.194047446775267
97.3136   4.46307   0.18933944148011028
98.7335   4.47224   0.19363145431463283
99.4224   5.71424   0.18890747073633693
86.7171   0.701847   0.16033129878161637
88.1376   0.702932   0.17267254192835696
88.8304   1.94236   0.16955950106083728
90.2508   1.94468   0.18067719834002266
90.9426   3.18478   0.177074772059715
92.3629   3.18855   0.18674524786457067
93.0538   4.42928   0.18278518101859326
94.4738   4.43473   0.19077738047263346
95.1638   5.67602   0.18664568706509208
96.5837   5.68333   0.19278016599225242
97.273   6.92511   0.18864464900971858
98.6928   6.93445   0.19277190900128527
82.4526   0.684913   0.13671069173989356
83.8731   0.684075   0.15098051405727775
84.5667   1.92282   0.1486743084732529
85.9872   1.92286   0.16207714212682778
86.6801   3.1622   0.15932078458255233
88.1005   3.16334   0.17163046611834432
88.7925   4.40329   0.16847728511582766
90.2128   4.40576   0.17943513061828212
90.9041   5.64629   0.17599975142028007
92.3242   5.65028   0.18542925874845056
93.0147   6.89133   0.18185563065244853
94.4346   6.89705   0.18955629137541144
95.1244   8.13854   0.18602122567062163
96.5442   8.14614   0.19184709432253352
97.2334   9.38801   0.18849639916985267
78.1883   0.671907   0.10922283404123907
79.6085   0.66979   0.12476327460034083
80.3027   1.90794   0.12315795751797762
81.723   1.90638   0.13815814308248348
82.4167   3.14505   0.13618998678317004
83.8371   3.14427   0.15040195111766283
84.5302   4.38348   0.14807416688943564
85.9505   4.38369   0.16127890004585196
86.643   5.62344   0.15862496934593798
88.0633   5.62486   0.17060038100778127
88.755   6.86512   0.1677198855234529
90.1752   6.86794   0.17827307816941815
90.8662   8.10868   0.17528249342133317
92.2863   8.11308   0.18422356011107843
92.9767   9.35422   0.18127393745379
94.3965   9.36036   0.18850687626715298
95.0863   10.6019   0.18563849277560937
96.5061   10.6099   0.191069620819218
77.4593   1.89369   0.11053158100742058
78.1536   3.13179   0.10922882586570298
79.5736   3.12971   0.12474437863086217
80.2674   4.36827   0.12316697649938624
81.6876   4.36688   0.13794785826535982
82.381   5.6059   0.13609858963266216
83.8012   5.60541   0.1499442042894632
84.4941   6.84489   0.14785231178442823
85.9144   6.8455   0.1605458800467943
86.6067   8.08544   0.1582501172195464
88.0269   8.08735   0.16962759209515305
88.7186   9.32771   0.1672343565180314
90.1387   9.33107   0.1771326576326335
90.8298   10.5718   0.17472449742379928
92.2498   10.5768   0.183059689718958
92.9403   11.8178   0.18079402644999212
94.3601   11.8245   0.187473864845208
95.0501   13.0659   0.18534111794202715
76.0053   4.35623   0.09519215513895997
77.4249   4.3538   0.11102873501936493
78.119   5.59219   0.10990839321907968
79.5389   5.59038   0.12503660424051785
80.2326   6.82916   0.12370017825371075
81.6527   6.82818   0.13794443410301194
82.3461   8.06736   0.1363803299600037
83.7663   8.06737   0.14956267081059985
84.4592   9.30696   0.14782754952984783
85.8794   9.30816   0.1597935759034122
86.5719   10.5481   0.15796461629111733
87.992   10.5507   0.16847614074402373
88.6839   11.791   0.16665968318702787
90.1039   11.795   0.17577181230220104
90.7953   13.0356   0.17403462299209474
92.2152   13.0412   0.18166433331834975
92.9059   14.2821   0.18004821576455285
94.3256   14.2894   0.18605808232915044
75.2772   5.57843   0.0972073171114187
75.9715   6.81661   0.09661058378873363
77.3911   6.81454   0.11187204118992454
78.0853   8.05304   0.11106827674903236
79.5051   8.05173   0.1255005163336002
80.1991   9.29058   0.12447084959941261
81.6191   9.29019   0.13791823701019432
82.3128   10.5294   0.13668774634179867
83.7329   10.5301   0.14899627512122574
84.4261   11.7696   0.14770663492206243
85.8462   11.7715   0.15877735984705185
86.539   13.0114   0.15736054143272446
87.959   13.0146   0.16715172748135088
88.6512   14.2548   0.16578890192048162
90.0712   14.2595   0.17408345699692473
90.7628   15.5   0.1728412566489851
92.1826   15.5063   0.17962407967753108
92.8736   16.7471   0.17859028529010554
73.825   8.04136   0.08348108528283232
75.2443   8.03916   0.09866636762342178
75.9389   9.27736   0.0983851355642697
77.3585   9.27585   0.1128032375421906
78.0531   10.5143   0.11226486538539075
79.4729   10.5137   0.1258027424184387
80.1672   11.7525   0.12501443916604565
81.5872   11.7528   0.13761224509468684
82.2812   12.9919   0.13676147118249216
83.7013   12.9934   0.1480617438773437
84.3949   14.2328   0.147078108500209
85.815   14.2355   0.15723256660119558
86.508   15.4752   0.15625645586663234
87.928   15.4792   0.16513025161974185
88.6205   16.7193   0.16412495239907599
90.0404   16.7247   0.17166050798013865
90.7323   17.9651   0.17079139322577247
92.152   17.9719   0.17704047559809383
73.0985   9.26409   0.08562418817133227
73.7936   10.502   0.08575709883152567
75.2129   10.5004   0.10007662064637982
75.908   11.7385   0.09993743042524238
77.3277   11.7377   0.11338963797455402
78.0227   12.9761   0.1130076988527738
79.4425   12.9762   0.125620460116975
80.1373   14.2149   0.1250164789137832
81.5573   14.216   0.13663396356689492
82.2517   15.455   0.13590058866686505
83.6717   15.4573   0.14638527931455175
84.3657   16.6966   0.14564751971798323
85.7857   16.7   0.15498348299093007
86.4791   17.9397   0.1541320213323606
87.899   17.9444   0.16229248288198742
88.5917   19.1844   0.16156104109592473
90.0115   19.1904   0.16850685445998792
90.7036   20.4308   0.1678397449950411
71.6491   11.7268   0.07364156435056933
73.0683   11.7252   0.0872965062302084
73.7639   12.9629   0.08774240707890055
75.1834   12.9621   0.1007557442531198
75.879   14.2001   0.10080203370964001
77.2987   14.2   0.11336370671427415
77.9942   15.4383   0.1130295978936479
79.4141   15.4392   0.12463611033725144
80.1093   16.6778   0.12415333261737425
81.5293   16.6797   0.13484023880132756
82.2241   17.9186   0.13423133017294764
83.6441   17.9217   0.14382020025017508
84.3383   19.1609   0.1432011871459157
85.7582   19.1651   0.15179591562357317
86.4518   20.4047   0.151215144744171
87.8717   20.4101   0.15857884474292216
88.5646   21.6501   0.1580502451753874
89.9844   21.6568   0.16422268418218477
70.9243   12.9502   0.07505757789857204
71.6206   14.1876   0.07569867898451468
73.0399   14.1867   0.08828799465385599
73.7362   15.4243   0.08863238685718003
75.1557   15.4242   0.10073172290793214
75.8519   16.6621   0.1007710771997588
77.2717   16.6628   0.11220846670372449
77.9676   17.901   0.1120028571064112
79.3875   17.9027   0.12274673111736728
80.0831   19.1412   0.12226957920921899
81.5031   19.144   0.13198939351326466
82.1981   20.3828   0.13152554884888665
83.6181   20.3866   0.14034991984322484
84.3125   21.6258   0.13980103719214185
85.7324   21.6308   0.14756181755454306
86.4262   22.8703   0.14706913340330854
87.846   22.8765   0.1537521381965086
88.5391   24.1164   0.1533378296442193
69.4778   15.4123   0.06453836068572212
70.897   15.4115   0.07616823484891584
71.5939   16.6487   0.076721379028268
73.0134   16.6486   0.08822454307050884
73.7102   17.8861   0.08847530728966305
75.1299   17.8868   0.09956274403610205
75.8265   19.1245   0.0996578647172456
77.2463   19.1261   0.110135598241438
77.9426   20.3642   0.1099602200798069
79.3626   20.3668   0.11958632865006026
80.0584   21.6052   0.11928352778149559
81.4784   21.6087   0.12821708154533074
82.1736   22.8476   0.1277235295472245
83.5936   22.8521   0.13581965984348476
84.2881   24.0913   0.13534880863901338
85.708   24.097   0.14239652383397428
86.4019   25.3366   0.14191493931225505
87.8217   25.3434   0.14798824277624045
68.7546   16.6364   0.06491794821156883
69.452   17.8732   0.06554883675550667
70.8715   17.8732   0.0760594504318801
71.5689   19.1102   0.0765105221521882
72.9886   19.111   0.08695038815324056
73.6859   20.3483   0.0871337477674357
75.1057   20.3498   0.09734269361385349
75.8026   21.5875   0.09732933781753565
77.2225   21.5899   0.10694844552400407
77.9191   22.828   0.10667708282475971
79.3391   22.8313   0.11559433377116465
80.0351   24.0698   0.11521709942539289
81.455   24.0741   0.12335866406539774
82.1504   25.3129   0.12293612162420262
83.5703   25.3182   0.1302509884799328
84.2651   26.5574   0.12977831097683099
85.6849   26.5638   0.13623600845591316
86.379   27.8034   0.13572928939620826
67.3104   19.0976   0.0558649263849809
68.7299   19.0978   0.06485283339993923
69.4279   20.3344   0.06514146145121544
70.8476   20.3353   0.07478669667795648
71.5455   21.5722   0.07495331880577129
72.9653   21.5737   0.0847005312852283
73.6629   22.811   0.0846754982270601
75.0828   22.8133   0.09406423337272705
75.78   24.051   0.09391831557263317
77.2   24.0542   0.10272628680138067
77.8967   25.2923   0.10243715146371346
79.3167   25.2964   0.11059159100040594
80.0129   26.5348   0.11024699542390944
81.4329   26.5399   0.11758354476711035
82.1284   27.7788   0.11712868990986056
83.5483   27.7848   0.12372752321128819
66.5883   20.3223   0.05533335341365308
67.287   21.5585   0.05538682153725542
68.7067   21.5595   0.06354368576026817
69.4052   22.796   0.06361171275796085
70.8251   22.7977   0.07235758426038942
71.5233   24.0345   0.07240062154428649
72.9433   24.0369   0.08125736889661951
73.6412   25.2741   0.0811459179503188
75.0612   25.2773   0.08974257629464194
75.7586   26.5149   0.08953033005635502
77.1786   26.519   0.09753548072368153
77.8755   27.757   0.09724628527609686
79.2955   27.7619   0.1046763105960441
65.1459   22.7823   0.04818640887221997
66.5658   22.7836   0.05390231905957647
67.2649   24.0196   0.05372392390732253
68.6849   24.0215   0.06101819400802079
69.3838   25.2579   0.060858688779832464
70.8038   25.2604   0.06892967430649691
71.5023   26.4972   0.06877804882373292
72.9224   26.5004   0.07693347775838671
73.6205   27.7377   0.07660319836663854
75.0405   27.7417   0.08455057657994011
64.4247   24.0074   0.04708640992897306
65.1245   25.2429   0.0461615640982868
66.5445   25.2451   0.05130389848734261
67.2441   26.481   0.050811022426241165
68.6642   26.4838   0.057479909533684086
69.3634   27.7201   0.05716852280757037
70.7835   27.7235   0.06454781173672569
62.9836   26.4657   0.042406249539422555
64.4038   26.4682   0.04452527372178371
65.1041   27.7037   0.04312968815096269
66.5243   27.7068   0.04780596197129162
62.2628   27.6907   0.041317429736129216
57.9433   35.0504   0.03581759344232768
58.6468   36.2841   0.030042137074453117
60.0676   36.2908   0.026428204630661704
60.7707   37.5249   0.021251352898109727
62.1915   37.5321   0.019509228585467626
62.8941   38.7666   0.015472879499304225
64.3148   38.7742   0.016636405861840262
65.0169   40.0091   0.014430869689654891
66.4375   40.0172   0.018140011025357467
67.1392   41.2526   0.017442763542513125
68.5597   41.2612   0.021855205329613856
69.2609   42.4969   0.02208438362282832
70.6814   42.5061   0.026155878880279208
71.382   43.7422   0.02649150807334563
72.8024   43.7518   0.03026615271222282
73.5027   44.9883   0.03040065788761831
74.923   44.9985   0.033600148809194146
75.6228   46.2353   0.033521485647264516
77.0431   46.246   0.036223335020399025
56.506   37.5017   0.034011909678815525
57.9269   37.5091   0.029522195040334386
58.6309   38.7427   0.023289911979225638
60.0518   38.7504   0.01950589654438076
60.7553   39.9844   0.013823530663330324
62.1761   39.9926   0.011661903789692424
62.8791   41.227   0.007170076708099211
64.2998   41.2356   0.008852683209058037
65.0023   42.4704   0.008127115109311706
66.423   42.4796   0.012182364302548388
67.125   43.7148   0.013483693855917005
68.5455   43.7244   0.017383325343557132
69.247   44.96   0.01891903803051039
70.6675   44.97   0.02238861317723679
71.3685   46.206   0.02374889471111583
72.7889   46.2165   0.026570660511171518
73.4895   47.4529   0.027540878707841936
74.9099   47.4638   0.0299541316014967
75.6099   48.7006   0.030400164473241675
55.7859   38.7263   0.03393243286297462
56.4907   39.9594   0.02710073799733143
57.9116   39.9678   0.022790348834536667
58.616   41.2013   0.016589454481692762
60.0369   41.2101   0.012587295182043491
60.7408   42.4439   0.006983552104763808
62.1616   42.4532   0.003440930106818943
62.865   43.6874   0.0021587033144915384
64.2857   43.6971   0.005024937810561531
64.9886   44.9318   0.009350935782052355
66.4092   44.9419   0.012121056059608684
67.1116   46.177   0.01583982323133008
68.5321   46.1875   0.018258422713915
69.2339   47.423   0.021355093069336414
70.6544   47.434   0.023330880823491464
71.3557   48.6698   0.025881653733870937
72.7761   48.6812   0.02755449146690863
73.4769   49.9174   0.029488472323942878
74.8973   49.9291   0.03086227470554491
54.35   41.1752   0.031541242841712364
55.771   41.1842   0.02731977305908214
56.4763   42.4172   0.020974508337502782
57.8972   42.4266   0.017030854353204443
58.602   43.6599   0.012301625908801002
60.0229   43.6698   0.00880908621821886
60.7272   44.9035   0.008563293758831754
62.148   44.9138   0.007409453421140239
62.8518   46.1479   0.012200409829181986
64.2724   46.1586   0.012865457628866558
64.9756   47.3932   0.01792707449642022
66.3962   47.4043   0.019070920271441777
67.0989   48.6392   0.023601906702639786
68.5194   48.6507   0.024687648733725694
69.2215   49.8861   0.028454173683314158
70.6419   49.8979   0.029388603233235586
71.3434   51.1337   0.03251245915030321
72.7638   51.1458   0.03324830822764129
73.4648   52.382   0.03573415732879942
53.6301   42.3998   0.031963103729139186
54.3361   43.6323   0.02559785147233856
55.7572   43.6423   0.022084383622822848
56.4628   44.8751   0.017875681805184347
57.8838   44.8855   0.015065855435386084
58.5889   46.1187   0.014948244044031672
60.0098   46.1295   0.013649908424599415
60.7144   47.3631   0.017677386684686526
62.1352   47.3744   0.017630938715790252
62.8392   48.6084   0.02291069619195364
64.2599   48.6201   0.02342135777447095
64.9633   49.8546   0.02848034409904637
66.3839   49.8666   0.02906630351455216
67.0867   51.1015   0.033614877658547794
68.5072   51.1139   0.03411231449198009
69.2095   52.3492   0.03812938499373667
70.6299   52.3618   0.038540627913930606
71.3316   53.5976   0.04183897704293876
72.752   53.6105   0.042186490728668875
52.1956   44.8464   0.02967086112670361
53.6167   44.857   0.02668070463836937
54.3231   46.0893   0.02271299187689442
55.7441   46.1003   0.020480478510035444
56.4501   47.333   0.02044749373394923
57.8711   47.3444   0.019516659550240394
58.5765   48.5775   0.02312249986485197
59.9974   48.5893   0.023119256043389384
60.7023   49.8228   0.02839894364232797
62.123   49.835   0.02869442454554337
62.8273   51.069   0.03432855953867177
64.2479   51.0816   0.03460520192109601
64.9515   52.3161   0.039832147820573024
66.372   52.329   0.0401549498816724
67.0751   53.5638   0.04487861406060257
68.4955   53.577   0.045096008692579084
69.1979   54.8123   0.04912026058562809
70.6182   54.8258   0.04920833262771963
71.32   56.0616   0.05259087373299574
51.4758   46.0709   0.030671974178392535
52.1829   47.3027   0.026630809225409984
53.6041   47.3142   0.02498399487672298
54.3108   48.5464   0.02501999200639079
55.7318   48.5583   0.02433926868252076
56.4381   49.7909   0.028032124428949222
57.859   49.8032   0.028085049403554045
58.5647   51.0363   0.033530433936946935
59.9855   51.049   0.03393081195610127
60.6907   52.2825   0.039927058494209085
62.1113   52.2956   0.04028697059844486
62.8158   53.5296   0.04604790983313564
64.2363   53.5431   0.04635223834940676
64.9401   54.7775   0.05170009671170512
66.3605   54.7913   0.05180086871858433
67.0637   56.0261   0.05662261032485487
68.484   56.0402   0.05670714240727633
50.0423   48.5152   0.029574651308173546
51.4635   48.5273   0.028524024961423724
52.171   49.7589   0.028502806879319612
53.5921   49.7714   0.02826039631710478
54.2991   51.0034   0.031984527509407196
55.7201   51.0162   0.03232460363253136
56.4266   52.2487   0.03804379055772451
57.8475   52.262   0.038650485119848615
58.5535   53.4949   0.04507992901503201
59.9742   53.5086   0.04560712663609204
60.6795   54.742   0.05191319678077686
62.1   54.7561   0.05227963274545811
62.8047   55.99   0.05825804665451745
64.2251   56.0044   0.058510853693985974
49.3225   49.7393   0.031022088904521627
50.0306   50.9704   0.03076832787136952
51.4518   50.9834   0.031109644806716175
52.1595   52.2149   0.034832886759496494
53.5807   52.2283   0.03563846236862746
54.2879   53.4602   0.04171102971637394
55.7089   53.474   0.04247034259338975
56.4156   54.7064   0.04942165517260395
57.8364   54.7205   0.050030090945349846
58.5426   55.9534   0.057159426169270534
59.9632   55.9681   0.0577026862459638
47.8897   52.1809   0.032009529830972834
49.311   52.1945   0.03287826029460663
50.0193   53.4254   0.03673499693752751
51.4406   53.4393   0.03793573513193487
52.1486   54.6706   0.04436676684186593
53.5697   54.6849   0.04550835088200686
54.2772   55.9167   0.05295280917949414
55.6981   55.9314   0.05387698952242325
47.8784   54.6346   0.037385157482616165
49.2998   54.6492   0.039021660651489286
50.0085   55.8799   0.04602445002387039
51.4297   55.8947   0.04740263705744051
47.1583   55.8578   0.0387882714231991
84.2432   29.0241   0.12324163257600329
85.663   29.0312   0.12890062063466154
86.3574   30.2708   0.1284237516972576
79.9918   29.0004   0.10422000767606858
81.4118   29.0062   0.11091154132911744
82.1075   30.2451   0.11039461037568558
83.5274   30.2519   0.11626323580565366
84.2226   31.4912   0.11567718011777586
85.6423   31.499   0.12074974120054742
75.7381   28.9793   0.08423211976437277
77.1582   28.9842   0.09154780172129066
77.8553   30.2222   0.0911079579400172
79.2753   30.2279   0.09783992027797218
79.9718   31.4664   0.09729116095514648
81.3918   31.473   0.103276957739852
82.0878   32.7119   0.1026247533492806
83.5076   32.7194   0.10792335243125102
84.2031   33.9587   0.10721068043809011
71.4823   28.9603   0.06420101245307727
72.9024   28.9644   0.07167830913184536
73.6007   30.2016   0.07130848476864388
75.0209   30.2064   0.07851477567948636
75.7187   31.444   0.07805075271898834
77.1388   31.4497   0.08474390833564194
77.8361   32.6878   0.08401981909050017
79.2561   32.6943   0.09021363533302929
79.9529   33.9327   0.08954043779209758
81.3728   33.9401   0.09494319354224046
82.0692   35.1789   0.09411917976693408
83.489   35.1872   0.09873322642352976
67.2242   28.9426   0.047039238939424334
68.6444   28.9463   0.05314894166396078
69.3439   30.1826   0.052620908392004985
70.7641   30.1869   0.05928110997610854
71.4632   31.4236   0.05889830218266431
72.8834   31.4286   0.06568683277492234
73.5819   32.6657   0.06527641227885682
75.0021   32.6715   0.07172307857308081
75.7002   33.909   0.07116832160448977
77.1203   33.9156   0.07715082630794994
77.8179   35.1536   0.07638769534421819
79.238   35.1609   0.08183648330665395
79.9351   36.3993   0.08089548813129116
81.3551   36.4075   0.08567671795768333
82.0518   37.6462   0.0847531120372574
62.9637   28.9257   0.03900794790808482
64.3841   28.9292   0.04076186943700334
65.0847   30.1646   0.039222060119281
66.5051   30.1686   0.04332678155598408
67.2053   31.4044   0.04241992456381856
68.6256   31.409   0.04795205939268803
69.3254   32.6452   0.04730676484393448
70.7457   32.6505   0.053380520791762164
71.445   33.8871   0.05290463117725013
72.8653   33.893   0.058967787816732134
73.5641   35.1301   0.058468880611829914
74.9844   35.1368   0.06422522868779852
75.6827   36.3742   0.06363175307973011
77.1029   36.3816   0.06897253076406704
77.8008   37.6195   0.06810873659083408
79.2209   37.6277   0.07285121824650907
79.9184   38.8659   0.07188838571006752
81.3384   38.8749   0.07598164251976168
60.8229   30.1469   0.038646345234705407
62.2434   30.151   0.03740855517124205
62.9449   31.3858   0.03450579661448718
64.3653   31.3903   0.036113709308238144
65.0663   32.6256   0.03426207816230646
66.4868   32.6306   0.03799894735383356
67.1874   33.8663   0.03688156721182358
68.6078   33.8719   0.04193864566244387
69.3078   35.108   0.04135698248181031
70.7282   35.1142   0.04684826570963214
71.4278   36.3508   0.04623905275845742
72.8482   36.3577   0.0516756228796478
73.5473   37.5946   0.05115193055985077
74.9676   37.6022   0.05621503357643523
75.6663   38.8395   0.055589297531085505
77.0865   38.8478   0.06027478743222375
77.7848   40.0855   0.059361435292620626
79.2049   40.0945   0.06350118109138596
79.9029   41.3325   0.06242635661320565
60.1023   31.3718   0.037994736477570415
60.8045   32.6062   0.03376151655361701
62.2251   32.6113   0.03240246904172845
62.927   33.846   0.029099140880792483
64.3475   33.8515   0.03049229410851294
65.0489   35.0867   0.028370407117280127
66.4694   35.0927   0.03192005639093281
67.1704   36.3283   0.030677190223352864
68.5908   36.3349   0.03541539213393527
69.2913   37.5709   0.034720023041462836
70.7117   37.5781   0.039753741962235425
71.4116   38.8146   0.039220912788967735
72.832   38.8224   0.04410260763265792
73.5315   40.0592   0.0435488231758412
74.9518   40.0676   0.04815080477001192
75.6509   41.3048   0.04742868330451284
77.0711   41.3139   0.0514595958009825
77.7698   42.5515   0.05054463374088414
79.19   42.5612   0.05413834131186477
58.6637   33.8257   0.03630674868395639
60.0844   33.8313   0.03270290506973145
60.7871   35.0655   0.027899283144909505
62.2078   35.0716   0.026499999999998636
62.9101   36.3063   0.022679726629742786
64.3307   36.3128   0.02401041440708606
65.0325   37.5479   0.021620823296074763
66.453   37.5549   0.025131056483954247
67.1543   38.7904   0.02402602755347009
68.5748   38.798   0.028486136979239154
69.2756   40.0339   0.028005892237165503
70.6961   40.0421   0.032564090652133115
71.3964   41.2784   0.03226918034286306
72.8168   41.2871   0.03665801413060444
73.5166   42.5238   0.03629269899029111
74.937   42.5331   0.040214052270324166
75.6364   43.7701   0.03969886648256219
77.0567   43.78   0.043125978249770575
77.7557   45.0174   0.04232493354985269
39.2566   69.2468   0.08647820534678234
38.5318   70.4664   0.08604028126406825
39.2432   71.6946   0.10154299581951623
40.6656   71.7154   0.09910020181613548
41.3767   72.9441   0.11410985934615166
37.0955   72.8938   0.10379523110433077
38.518   72.9141   0.10105068035396637
39.2291   74.1428   0.11581990329818186
40.6516   74.1638   0.11320322433570854
41.3623   75.3929   0.12758828316110796
42.7847   75.4145   0.1250067598172212
43.4949   76.6443   0.13867580899349727
36.3701   74.1135   0.10374319254774915
37.081   75.3422   0.11809902624492345
38.5035   75.3623   0.11532341479508929
39.2141   76.5915   0.12933066148443023
40.6366   76.6125   0.1264805123329318
41.3467   77.8422   0.1399115792205893
42.7692   77.8639   0.1371662494930825
43.4787   79.0941   0.14988055244093984
44.901   79.1165   0.147111522322356
45.6096   80.3474   0.15884495585318933
34.9328   76.543   0.12040739179966423
36.3552   76.5619   0.11778849689167903
37.0655   77.7912   0.13131066217181092
38.488   77.8111   0.12853513138438752
39.198   79.0408   0.14170172899438854
40.6205   79.0616   0.13877651098078583
41.3298   80.2918   0.15122235284507968
42.7523   80.3135   0.14821622718177108
43.4609   81.5443   0.15982302712687968
44.8832   81.5668   0.15670089342438814
45.5908   82.7982   0.1671782282475829
47.0128   82.8214   0.16395319454039428
47.7192   84.0536   0.1731294313512295
34.2072   77.763   0.12039688534177244
34.9171   78.9926   0.13317571099866546
36.3394   79.011   0.13074085054030093
37.049   80.2409   0.1433598618860994
38.4715   80.2603   0.14074558607643162
39.1806   81.4907   0.1527826233574947
40.603   81.5112   0.14979402524800672
41.3114   82.742   0.16111095555547392
42.7338   82.7635   0.15790028499024958
43.4413   83.9949   0.16822704895467858
44.8636   84.0173   0.16485872740015142
32.769   80.196   0.13434288220817686
34.1912   80.2127   0.13292742380713796
34.9003   81.4429   0.14464331992872198
36.3226   81.4606   0.14274722414113386
37.0313   82.6912   0.15418498629892613
38.4537   82.7101   0.15167481663084423
39.1617   83.9411   0.16251092270982723
40.5841   83.9611   0.15961516218705574
32.0435   81.4164   0.13447334308330208
32.7521   82.647   0.1453041637393798
34.1741   82.6629   0.14439172413958332
34.8823   83.8938   0.15496089829372817
36.3045   83.9108   0.15347833723363116
30.6044   83.8533   0.14480486870267714
32.0262   83.8673   0.14528895346859694
69.1865   57.2755   0.06074355932936132
70.6067   57.2897   0.0607185309440178
64.9291   57.2388   0.0639132224191559
66.3493   57.2535   0.06395287327400151
67.0526   58.4884   0.06880465100557842
68.4727   58.5033   0.0686385460219002
69.1752   59.7387   0.07270687725380352
60.6687   57.2014   0.06434384197419325
62.0891   57.2164   0.06466065264130803
62.7939   58.4503   0.07076362059702931
64.2141   58.4656   0.0708695985596102
64.9182   59.7   0.07634428596824074
66.3382   59.7156   0.07625122949828109
67.0415   60.9505   0.08095560511786667
68.4615   60.9663   0.08088046735770708
56.405   57.1637   0.06148837288463911
57.8257   57.1789   0.06219742759953857
58.532   58.4117   0.0696655582048959
59.9525   58.4273   0.07004070245221464
60.6581   59.6606   0.07698421916210654
62.0783   59.6765   0.07713371506676121
62.7832   60.9104   0.08336534051990808
64.2032   60.9267   0.08332358609661639
64.9073   62.1611   0.08878569704631747
66.3272   62.1776   0.08866887841853693
67.0304   63.4126   0.09324510711024586
52.1379   57.1259   0.0555018017725589
53.559   57.1411   0.05671684053259548
54.2667   58.3729   0.06510552971906307
55.6875   58.3885   0.06595005686123058
56.3947   59.6208   0.07421334111869789
57.8152   59.6369   0.07471010641137885
58.5217   60.8697   0.0824510157608746
59.9419   60.8862   0.08261095568990844
60.6477   62.1195   0.08983763131339062
62.0677   62.1364   0.08970089185732875
62.7726   63.3703   0.0960567020045939
64.1924   63.3875   0.09585593356699909
64.8964   64.6221   0.10122356445018414
66.316   64.6394   0.10088453796295657
47.8675   57.0878   0.04647106626708909
49.289   57.1034   0.04821700944687457
49.9979   58.3339   0.057207079981413736
51.4191   58.3497   0.05856014002715167
52.1276   59.5808   0.06784283307763848
53.5486   59.597   0.06887735476918445
54.2565   60.8286   0.07792830037925848
55.6772   60.8453   0.07858574934426937
56.3845   62.0775   0.08720464437173342
57.8049   62.0945   0.08751577000746981
58.5114   63.3273   0.09540188677380002
59.9315   63.3448   0.09541582677942022
60.6372   64.5782   0.1025095605297369
62.057   64.596   0.10225898493531053
62.7618   65.83   0.10854427668007137
64.1814   65.8481   0.10807465012665758
64.8853   67.0828   0.11344835829574187
45.7257   58.2943   0.04587559263922901
47.1473   58.3106   0.047829802424850305
47.8568   59.5405   0.05766810210159287
49.2783   59.557   0.05927638652954986
49.9874   60.7874   0.06951035894023064
51.4087   60.8042   0.07064991153568706
52.1173   62.0352   0.08070749655391389
53.5383   62.0524   0.08144476655992289
54.2463   63.284   0.09103164285016614
55.6669   63.3016   0.09141772257062651
56.3742   64.5338   0.10023637064459295
57.7945   64.5518   0.10031799439781208
58.5009   65.7847   0.10821668078443733
59.9209   65.8031   0.10804448158050879
60.6265   67.0366   0.11510004344047653
62.046   67.0553   0.11451812083683163
62.7507   68.2894   0.12062802327817845
64.17   68.3084   0.11997374712828769
45.0046   59.5164   0.046362484834191094
45.7148   60.7456   0.057500347825032376
47.1364   60.7629   0.05900991442122368
47.8462   61.9926   0.0702775212994877
49.2677   62.0101   0.07150342649132313
49.977   63.2404   0.08249715146597118
51.3983   63.2582   0.08341013127911728
52.107   64.4892   0.09386138716213642
53.5279   64.5074   0.09432565928738994
54.236   65.739   0.10425588712394061
55.6565   65.7576   0.10422115908010106
56.3637   66.9898   0.11319257926206906
57.7838   67.0088   0.11290442861110081
58.4902   68.2417   0.12089532662597292
59.9099   68.261   0.12030502898881683
60.6153   69.4946   0.12721572229877356
62.0347   69.5143   0.1264731196737116
62.7391   70.7486   0.1323136425316761
43.5716   61.9491   0.05667397992023472
44.9934   61.9672   0.0579311660507573
45.7038   63.1963   0.07043010719855602
47.1255   63.2145   0.07145474092039039
47.8355   64.4442   0.08360861199661804
49.257   64.4627   0.08435857988373191
49.9665   65.6931   0.09595754269467502
51.3877   65.7118   0.09640005186720554
52.0965   66.9428   0.10722802805237154
53.5173   66.962   0.1072625284057753
54.2253   68.1937   0.11716868182239884
55.6457   68.2132   0.11687536096200389
56.3528   69.4455   0.12586421254669589
57.7727   69.4654   0.12507393813261022
58.4789   70.6985   0.13303476989118648
59.8984   70.7187   0.13210457978435244
60.6035   71.9525   0.13875766645486676
62.0227   71.973   0.13773489027839197
42.8493   63.1701   0.05637534922286746
43.5601   64.3985   0.0701898140758331
44.9821   64.4175   0.07074100649552606
45.6927   65.6466   0.0841724420460746
47.1145   65.6658   0.08465134375778996
47.8246   66.8955   0.09731947389911128
49.2461   66.915   0.0975391716183783
49.9555   68.1454   0.10932026344644451
51.3767   68.1651   0.10932611764806804
52.0854   69.3962   0.12022499740070772
53.5062   69.4163   0.119917680097639
54.214   70.6481   0.1297407414808422
55.6343   70.6685   0.12906959363072976
56.3411   71.901   0.13774124291583634
57.761   71.9218   0.13682251276745433
58.4668   73.1551   0.1444348988298866
59.8862   73.1762   0.14314279583688858
60.5908   74.4102   0.14942867863968093
41.4153   65.5994   0.07015589782762532
42.8374   65.6191   0.06990400560769282
43.5485   66.8476   0.08440930043543322
44.9705   66.8675   0.0842374026190242
45.6811   68.0966   0.09805559647465364
47.103   68.1167   0.09785157126996413
47.8131   69.3466   0.1108602724153268
49.2346   69.3669   0.11045397231426625
49.944   70.5975   0.1224903261486381
51.3651   70.6181   0.12193941118440894
52.0736   71.8494   0.13275153483104982
53.4943   71.8703   0.13197484608818646
54.2019   73.1024   0.14166276857382562
55.6221   73.1236   0.1405906469150822
56.3285   74.3564   0.14889566817070124
57.7483   74.378   0.14764853538047495
58.4536   75.6115   0.15470000000000256
59.8729   75.6334   0.15322548743600295
40.6917   66.8195   0.06971771654320781
41.403   68.0475   0.08501605730684104
42.8253   68.0679   0.08410338875455864
43.5363   69.2966   0.09870324209467202
44.9584   69.3172   0.09790577102500012
45.669   70.5466   0.11175186799333667
47.0909   70.5675   0.11100423415347475
47.8008   71.7975   0.12387255547538017
49.2224   71.8187   0.12306311388876943
49.9315   73.0495   0.13491927215932126
51.3527   73.0709   0.1339031366324176
52.0608   74.3025   0.14446660513765902
53.4815   74.3242   0.14329762733554946
54.1886   75.5565   0.15254042087263697
55.6088   75.5786   0.151124385854835
56.3146   76.8116   0.15886941178212605
57.7343   76.834   0.15725587429408844
58.4389   78.0678   0.16361540269790917
40.6789   69.2674   0.08451159683736414
41.3902   70.4957   0.09978602106508024
42.8126   70.5166   0.09827929588677509
43.5235   71.7456   0.11279117873309155
44.9457   71.7669   0.11139919209760997
45.656   72.9965   0.12501779873281876
47.078   73.0181   0.1237496262620622
47.7876   74.2485   0.13632171507136873
49.2092   74.2704   0.1349774796030871
49.9179   75.5015   0.14636994226958416
51.3391   75.5237   0.14493929763869767
52.0467   76.7555   0.15507433701292855
53.4674   76.778   0.1533859511167797
54.1738   78.0106   0.162047061065606
55.594   78.0334   0.16028998721068152
56.2991   79.2668   0.16733212482963236
57.7188   79.2899   0.165441379346284
42.7991   72.9655   0.11198258793222961
43.5097   74.1948   0.12614566976317815
44.932   74.2166   0.12425787701389841
45.642   75.4466   0.13751116318321274
47.064   75.4688   0.1356704831568008
47.7731   76.6995   0.14774261402858962
49.1947   76.7221   0.14584512333293548
49.9028   77.9535   0.1566475342927487
51.324   77.9764   0.15472297825468737
52.0309   79.2086   0.1640470968959841
53.4517   79.2317   0.162125506938299
54.1572   80.4648   0.16987245215161087
55.5775   80.4882   0.16775175110859775
56.2816   81.7221   0.17387731306872836
44.9172   76.6665   0.1361811293828877
45.6266   77.8969   0.1488439787159723
47.0486   77.9195   0.14650532413533882
47.757   79.1506   0.15782636028242986
49.1787   79.1737   0.15551289335614563
49.886   80.4056   0.16544660770170247
51.3072   80.4291   0.16302837176393883
52.0132   81.6617   0.17142791487969442
53.434   81.6855   0.1690397882156707
54.1384   82.9191   0.17554329950186207
55.5588   82.9431   0.1732394008301789
47.0316   80.3704   0.15591051920893173
47.7391   81.602   0.1663248929054202
49.1609   81.6255   0.16361540269790975
49.8671   82.8579   0.17238033530539792
51.2884   82.8819   0.16956099197634003
51.9931   84.1151   0.17657870766317865
53.414   84.1394   0.1738372227113624
49.1409   84.0775   0.16971873791659
25.5448   92.3969   0.15736178062031972
26.2485   93.6299   0.16312954974498003
27.6697   93.638   0.16821786468742714
28.3727   94.8714   0.17331635814313814
29.7939   94.8804   0.17765415840897728
30.496   96.1143   0.18184443901312938
31.9172   96.1245   0.18512741558181525
32.6183   97.3588   0.1884892569882959
34.0395   97.3704   0.19054836656345392
34.7394   98.6054   0.1927162940698122
36.1605   98.6185   0.19350746755616682
36.8591   99.8543   0.19390474465571983
38.2801   99.8693   0.19343280487032882
38.9772   101.106   0.19300000000000847
40.3981   101.123   0.1898801990729961
41.0937   102.36   0.18848450864726396
42.5145   102.379   0.1835417118804321
43.2085   103.618   0.17960233851484675
24.1008   94.8427   0.1577507210760075
25.5219   94.8492   0.16430632976243037
26.2244   96.0829   0.16879505324505445
27.6455   96.0902   0.17463748165843887
28.3471   97.3242   0.17849532206755164
29.7682   97.3325   0.183403080672062
30.4689   98.5671   0.18631653174102072
31.8899   98.5766   0.19015625154066912
32.5895   99.8119   0.19190187596790112
34.0104   99.8228   0.19444909359520812
34.7087   101.059   0.19462743896995302
36.1296   101.071   0.19672928099294604
36.8264   102.308   0.1950780356677775
38.2472   102.323   0.19444855360737892
38.9425   103.561   0.19124058146742723
40.3632   103.577   0.18966499413439603
41.057   104.816   0.1858180830812688
42.4776   104.835   0.18058803947106497
23.3742   96.0622   0.15893426314045203
24.0762   97.2961   0.16297303457934695
25.4972   97.3018   0.17026590968247501
26.1984   98.5361   0.1735902359005227
27.6194   98.5427   0.18008345287672298
28.3196   99.7775   0.18252356012307228
29.7405   99.7851   0.1880819502238276
30.4397   101.021   0.18923321590037664
31.8605   101.029   0.19399319575697063
32.5585   102.266   0.19382982226684686
33.9792   102.276   0.19673423697974485
34.6758   103.513   0.19601469332679616
36.0965   103.525   0.19804951401100554
36.7916   104.763   0.19488481213269887
38.2122   104.778   0.19411597049185975
38.9058   106.016   0.1904128146948028
40.3262   106.033   0.1877023175136558
41.0184   107.272   0.182619303470353
21.928   98.5111   0.15552646077114812
23.349   98.5154   0.1642442084214883
24.0497   99.7499   0.16705535010888206
25.4706   99.7549   0.17512341362592201
26.1704   100.99   0.177474054441779
27.5913   100.996   0.18419231797227817
28.29   102.231   0.18611611966727531
29.7108   102.238   0.19189812401375633
30.4084   103.475   0.1915636708773466
31.8291   103.483   0.1963993126260819
32.5254   104.72   0.19561137492488104
33.9459   104.73   0.1985254643616218
34.6408   105.968   0.1963868885643864
36.0613   105.98   0.19739607392245193
36.7547   107.219   0.19387936971221006
38.1751   107.233   0.19394249147620907
38.8671   108.473   0.1881569557576931
40.2873   108.489   0.1862445703906534
21.2007   99.7309   0.1564936100931921
21.9009   100.966   0.15838547913240061
23.3218   100.969   0.1687986966774433
24.0211   102.204   0.17006001881688793
25.442   102.209   0.1787007554544766
26.1403   103.445   0.17862967278702807
27.5611   103.45   0.18727519857151584
28.2583   104.686   0.1877772350419435
29.679   104.693   0.19360588834021122
30.375   105.93   0.19280427899815247
31.7955   105.938   0.19764867821465665
32.4902   107.176   0.1955526527562316
33.9105   107.186   0.19845223606701662
34.6038   108.425   0.19508564785755309
36.0241   108.437   0.19607610767251224
36.7159   109.677   0.19150811993228217
38.1361   109.691   0.19051312290758493
38.8267   110.931   0.18586363280642304
19.752   102.183   0.14926607116152876
21.173   102.185   0.159834414316809
21.8718   103.421   0.1608765054319589
23.2927   103.424   0.1714713970316841
23.9906   104.66   0.1713081726013157
25.4113   104.663   0.18186866140157493
26.1082   105.9   0.18045819460473125
27.5289   105.905   0.18920097779873918
28.2245   107.142   0.18741622128301053
29.6451   107.148   0.19521977358864218
30.3395   108.387   0.19221927582840748
31.7598   108.394   0.198055446781948
32.4529   109.634   0.19387428916696828
33.8731   109.643   0.19777573157493075
34.5649   110.883   0.1934741584811765
35.985   110.895   0.19443754781420433
36.6755   112.135   0.1901330060773127
38.0955   112.149   0.18911435693780365
19.0241   103.404   0.14904324875686792
19.7224   104.639   0.15087282724201978
21.1432   104.641   0.1615168412271578
21.8407   105.877   0.16217364150810776
23.2615   105.879   0.17288403627865429
23.9579   107.116   0.1723091407906117
25.3786   107.119   0.18305706760461932
26.074   108.357   0.18037375086192312
27.4945   108.361   0.1901373450955929
28.1887   109.6   0.18627960167447422
29.6091   109.605   0.19510263965410926
30.302   110.845   0.19011967283792328
31.7223   110.852   0.19702629266166768
32.4139   112.092   0.19296955718454856
33.834   112.101   0.1969156164452248
17.5729   105.859   0.13905883646860673
18.9938   105.86   0.1507670056743146
19.6907   107.096   0.15130132187129172
21.1115   107.097   0.16305854776735954
21.8075   108.334   0.16245873322170296
23.2283   108.336   0.17330770323329228
23.9233   109.574   0.1715867419120783
25.3439   109.576   0.18244749929774579
26.0379   110.815   0.17965978960246592
27.4583   110.819   0.18955210365490344
28.1511   112.058   0.1857448787988491
29.5714   112.064   0.19367281688456658
16.8443   107.08   0.13914269653848654
17.5408   108.317   0.13869477279263775
18.9615   108.317   0.15146233855319624
19.6572   109.554   0.15091139784654697
21.0779   109.555   0.16278820596099391
21.7726   110.793   0.16114415906261498
23.1933   110.794   0.17307192146619943
23.8871   112.033   0.1704259369931669
25.3076   112.035   0.1813761009615173
15.391   109.539   0.12431898487359017
16.8116   109.538   0.13913838435169548
17.5069   110.776   0.13663897686971097
18.9275   110.775   0.1515329997063261
19.6221   112.013   0.15004762577262035
21.0427   112.013   0.16299693248646555
14.662   110.761   0.12511950287625964
15.357   111.998   0.12370626499897908
16.7774   111.997   0.1386490533685732
45.5699   85.2494   0.17384835345783478
46.9919   85.2727   0.17022952152901902
47.6969   86.5055   0.177758769122656
49.1186   86.5296   0.1740135914231985
49.8221   87.7633   0.17991937083037912
41.2913   85.1926   0.1695744379321363
42.7136   85.2138   0.16623167568185263
43.4198   86.4458   0.17511990178160983
44.842   86.4682   0.17136081815864443
45.5469   87.7009   0.17883562284957985
46.9688   87.7243   0.1747146244594358
47.6722   88.9579   0.1804592197700061
49.0939   88.9821   0.17626017701114266
49.7956   90.2166   0.1800784273587517
51.2169   90.2414   0.17581018173018495
37.0121   85.142   0.16360812938237648
38.4344   85.1603   0.16142131209973057
39.1412   86.3919   0.17092001053123843
40.5635   86.4114   0.16804880243548315
41.2694   87.6436   0.17658907100950053
42.6915   87.6645   0.17290670895022406
43.3962   88.8973   0.18022599701485525
44.8182   88.9194   0.17611359970200952
45.5215   90.1529   0.18186676441835348
46.9434   90.1762   0.1774128800284861
47.645   91.4107   0.18115675532532544
49.0666   91.4349   0.1764264152557631
49.7665   92.6704   0.1781963243167536
32.7338   85.0985   0.15503477029363333
34.1558   85.1136   0.15474033087724415
34.8629   86.3451   0.16411072481711778
36.285   86.3614   0.1630453004535868
36.9914   87.5932   0.17187463454507163
38.4134   87.6108   0.16989540900212577
39.1189   88.8432   0.17778329505327903
40.541   88.8622   0.17502265567634034
41.2454   90.0951   0.18186923874035849
42.6674   90.1155   0.1782762463145345
43.3705   91.3491   0.18382654868108092
44.7923   91.371   0.17928217981718583
45.4938   92.6055   0.18306788358420445
46.9155   92.6286   0.1781042672144547
47.6153   93.864   0.17992845800483936
49.0367   93.8883   0.1744887675467959
29.8789   85.0737   0.14517740871085838
30.5859   86.3053   0.15404025447913955
32.0077   86.3184   0.1552081505591813
32.7142   87.5502   0.1637698384929238
34.136   87.5645   0.16405584415071373
34.8419   88.7967   0.17208256739135683
36.2638   88.8122   0.17145696252995615
36.9689   90.0447   0.1788516983424988
38.3908   90.0617   0.1771534927682727
39.0948   91.2948   0.183458142364958
40.5166   91.3132   0.18076185991519753
41.2194   92.547   0.1857998116253103
42.6412   92.567   0.18209681490899823
43.3424   93.8015   0.18555694543724272
44.7641   93.8232   0.18080044247733057
45.4637   95.0585   0.18263460789237237
46.8852   95.0816   0.1769976553516999
47.5831   96.318   0.17681790067750328
28.4385   87.5139   0.15208014334553238
29.86   87.5253   0.1545499595600094
30.566   88.7574   0.16236899334540048
31.9876   88.7698   0.16405614892468087
32.693   90.0021   0.1715295018356923
34.1146   90.0157   0.17218667195808543
34.8192   91.2484   0.1789530664727537
36.2409   91.2633   0.17870548396733862
36.9445   92.4965   0.18456091135448924
38.3662   92.5129   0.1830950026625511
39.0685   93.7467   0.18772344019860676
40.4902   93.7647   0.18509122075344622
41.1912   94.9993   0.18830385019961765
42.6127   95.0191   0.18428817107996548
43.3122   96.2545   0.1859247159470734
44.7336   96.2759   0.18081637094025016
45.4314   97.5123   0.18055608546930452
46.8526   97.5352   0.17444841644452103
27.7128   88.7341   0.15266224156614874
28.4183   89.9664   0.16001012467966497
29.8397   89.977   0.16311262979915822
30.5445   91.2096   0.16982326106868445
31.966   91.2212   0.17212379266098285
32.67   92.4542   0.17812335613276217
34.0915   92.467   0.17942120833391362
34.7946   93.7004   0.18469028128193252
36.2161   93.7146   0.18478639019148266
36.9181   94.9486   0.1889725112284864
38.3396   94.9645   0.187705221024875
39.0402   96.1992   0.1905321495181312
40.4616   96.2168   0.18794001702670032
41.1608   97.4523   0.1893201521233286
42.5821   97.4717   0.18522853451884894
43.2797   98.7081   0.1849101673786459
44.7009   98.7294   0.17937993198794697
45.3968   99.9668   0.17710968352972253
26.2708   91.1771   0.15644507023234025
27.6921   91.186   0.160904070799965
28.3964   92.4189   0.16708381130439678
29.8177   92.4287   0.17074861639262803
30.5212   93.6619   0.17630070901728484
31.9425   93.6727   0.1790970965705413
32.6452   94.9064   0.1838348443576425
34.0665   94.9185   0.18560307109528967
34.768   96.1527   0.18922077053009118
36.1893   96.1663   0.189719160866786
36.8897   97.4012   0.19217101758589988
38.3109   97.4165   0.19119482210561775
39.0098   98.6522   0.19222205908791992
40.431   98.6694   0.18962431278715733
41.1283   99.9059   0.18934954449376998
42.5494   99.9251   0.1847149696153491
43.2451   101.163   0.1823904876905558
44.666   101.184   0.17623280057923113
54.1171   85.3736   0.17896069400849107
49.8458   85.3105   0.17717124484520044
51.2672   85.3348   0.17398074606116778
51.9705   86.5687   0.17947462216145865
53.3914   86.5934   0.1762662758442469
51.2434   87.788   0.1759938919394712
51.9451   89.0227   0.179819131351472
125.066   1.19337   0.035063371201300146
126.486   1.22115   0.023243485108739057
127.172   2.46396   0.011441957874416719
120.807   1.11334   0.07314923102808409
122.227   1.1397   0.060709804809437835
122.913   2.38228   0.052309510607535935
124.333   2.4094   0.03871423639954599
125.019   3.65227   0.03316920409054045
126.439   3.67999   0.019615506621042438
116.546   1.03723   0.10803590190302637
117.966   1.06179   0.09707020603666115
118.653   2.30423   0.08999024447127571
120.073   2.32955   0.07815066474445394
120.76   3.57228   0.07210008668510738
122.18   3.59847   0.05940378775802135
122.866   4.84144   0.05611452574868789
124.286   4.86846   0.04357990821468337
124.971   6.11153   0.04583832893987061
112.286   0.965247   0.13950908805163934
113.706   0.987849   0.13042902576113963
114.393   2.2303   0.12354578098826335
115.814   2.25379   0.11356593899580933
116.501   3.49646   0.10742449674073408
117.921   3.52076   0.09657287455595322
118.607   4.76366   0.09183715206821197
120.027   4.78883   0.08034899439320833
120.713   6.03193   0.07808308459583355
122.133   6.05801   0.06659055864009604
122.819   7.3012   0.06756911202613311
124.239   7.32812   0.05762206608583293
124.925   8.5712   0.06416105984162707
108.026   0.898875   0.16547938912444565
109.446   0.918606   0.15924156120812077
110.134   2.16103   0.1525499118321606
111.554   2.18221   0.14482113105482897
112.241   3.42487   0.1386677038823393
113.661   3.44722   0.12976166614220075
114.348   4.69008   0.12441752328349857
115.768   4.71339   0.11462569345482651
116.455   5.95642   0.11062548711757211
117.875   5.98063   0.10021566793670597
118.561   7.22383   0.09846116442536734
119.981   7.24897   0.08790766974502598
120.667   8.49227   0.08852281965685047
122.087   8.5183   0.0793467233097852
122.773   9.76153   0.08354759182645291
124.193   9.7883   0.07588481798093584
103.766   0.840635   0.1832924248980306
105.186   0.856398   0.18098209945737795
105.874   2.09857   0.17471196410091666
107.294   2.11634   0.17038785901583484
107.982   3.35889   0.16427217536758884
109.402   3.37842   0.15819264331820207
110.09   4.62122   0.152594762688631
111.509   4.64221   0.1451666631840785
112.197   5.88519   0.1402487518661043
113.617   5.90742   0.1317830493652334
114.304   7.15055   0.1280928760704519
115.723   7.17382   0.11899836133325745
116.41   8.41709   0.11723160836566539
117.83   8.44133   0.10751506871132277
118.516   9.68469   0.10789810007594758
119.936   9.70986   0.09907672986125303
120.623   10.9532   0.10155471431695755
122.042   10.9792   0.09402127418834363
122.729   12.2223   0.10029237259133726
103.034   2.05874   0.187635967767377
103.723   3.30093   0.18189999999999973
105.143   3.31657   0.17969999999999997
105.831   4.55916   0.17412779330135625
107.251   4.57679   0.16994636830482734
107.938   5.81964   0.165010787526149
109.358   5.83905   0.15911113600247978
110.046   7.08207   0.15464205896197594
111.465   7.103   0.14779407329118416
112.153   8.34616   0.14429625774772864
113.572   8.36838   0.1363158919568786
114.259   9.61165   0.1348323344009127
115.679   9.635   0.1259582315690372
116.366   10.8784   0.1257259320904021
117.786   10.9027   0.11736115200524909
118.473   12.1461   0.11923611030220772
119.892   12.1713   0.11159968637949302
120.579   13.4145   0.11672463321853536
121.999   13.4404   0.10977654576457342
101.572   4.50615   0.18667707840010814
102.992   4.51958   0.18673794713447983
103.68   5.76212   0.18170404508430613
105.1   5.77768   0.17959707792723198
105.788   7.02048   0.17511574029766797
107.208   7.03806   0.1710426967163475
107.895   8.28105   0.1672397512554959
109.315   8.30042   0.1617792372339544
110.002   9.54353   0.15896301488082074
111.422   9.56449   0.151911685199002
112.109   10.8077   0.15062921363400933
113.529   10.83   0.14277100545979315
114.216   12.0733   0.14257980221616998
115.636   12.0968   0.13476650177251165
116.323   13.3402   0.13627633690411006
117.743   13.3646   0.1281477272525727
118.43   14.6079   0.13239471288537064
119.85   14.6331   0.1250897277956891
120.537   15.8762   0.1307163340979188
100.842   5.72555   0.19112948071922306
101.53   6.96794   0.1866718875460374
102.95   6.98141   0.18664222700128552
103.638   8.22408   0.1827401458355541
105.058   8.23965   0.18065979076706407
105.746   9.48251   0.1771226809304809
107.165   9.50011   0.17370550509410698
107.853   10.7431   0.1709534732025078
109.273   10.7625   0.16545525074775044
109.96   12.0056   0.16439674570988771
111.38   12.0266   0.15771188921574966
112.068   13.2699   0.1568585668683732
113.487   13.2923   0.15050129567549037
114.175   14.5356   0.15110013236261483
115.594   14.5591   0.1441258130939794
116.282   15.8025   0.1470021768546295
117.701   15.8269   0.14045654132150964
118.389   17.0702   0.14438227037971949
119.808   17.0952   0.1397374681322003
99.3815   8.17662   0.18883825248079306
100.801   8.18807   0.1908861506238722
101.489   9.43052   0.18759716655642558
102.909   9.44409   0.1874711380452996
103.597   10.6867   0.1845037668992195
105.017   10.7024   0.1826232460559166
105.705   11.9452   0.18031017719474737
107.124   11.9629   0.1767076964933891
107.812   13.2058   0.1756661891201642
109.232   13.2253   0.17032853548363888
109.92   14.4684   0.16962417280564562
111.339   14.4895   0.1643022823943774
112.027   15.7327   0.1647817951109888
113.447   15.7552   0.15776704345331383
114.135   16.9985   0.16016944152989587
115.554   17.022   0.1539131248464543
116.242   18.2653   0.1579266918541597
117.662   18.2897   0.15141865803129684
118.35   19.5329   0.156269510781853
98.6531   9.39762   0.19235408001911494
99.3418   10.6398   0.18939577608806168
100.761   10.6514   0.19139916405251162
101.45   11.8938   0.18863523000754392
102.869   11.9076   0.18891429273615026
103.558   13.1501   0.18673856055993981
104.977   13.1659   0.18491892818205247
105.665   14.4086   0.1841716862060999
107.085   14.4264   0.18026716284448743
107.773   15.6693   0.18034935541886396
109.193   15.6888   0.17519372134868225
109.881   16.9319   0.17564065588582123
111.301   16.953   0.16960907994562505
111.989   18.1962   0.17170777501324708
113.408   18.2187   0.16588779340265442
114.096   19.462   0.16936000118091704
115.516   19.4855   0.1629871467324973
116.204   20.7288   0.16708572649990658
117.623   20.753   0.16215193492523905
97.1954   11.8517   0.18861932562704004
98.615   11.8616   0.19214171853088505
99.3039   13.1037   0.19007872053441546
100.723   13.1156   0.1919713780749645
101.412   14.3578   0.19024026913353312
102.832   14.3718   0.18969037930269722
103.52   15.6142   0.18927918533214433
104.94   15.6302   0.1869739286638661
105.628   16.8728   0.18728630489173256
107.048   16.8907   0.18346664546996022
107.736   18.1335   0.184024454896617
109.156   18.1531   0.17904144771532132
109.844   19.3962   0.18101370113889026
111.264   19.4174   0.17521118685745957
111.952   20.6606   0.17834912391149763
113.372   20.6831   0.17231253581791042
114.06   21.9263   0.17590409318716907
115.48   21.9498   0.1700360255945779
116.168   23.1929   0.17578680269007352
96.4697   13.0744   0.19027645676751254
97.1593   14.316   0.18856532024738856
98.5788   14.3264   0.191709206873327
99.268   15.5682   0.19058247558471864
100.688   15.5805   0.19150459524512767
101.376   16.8226   0.19144516186103927
102.796   16.8368   0.1907372276195713
103.485   18.0792   0.1907092027145015
104.904   18.0953   0.18893408903636613
105.593   19.3379   0.18899830687071914
107.013   19.3558   0.1853402546669221
107.701   20.5987   0.18721562434797162
109.121   20.6184   0.18242466938438168
109.81   21.8614   0.1846272190117124
111.229   21.8826   0.17989966648106984
111.918   23.1259   0.182260500383379
113.337   23.1483   0.178222585549641
114.026   24.3915   0.18177579596855814
115.445   24.4148   0.17731240791326586
95.0159   15.5306   0.1846216672007892
96.4355   15.5396   0.18905644659730142
97.1253   16.7811   0.18796161842248751
98.5448   16.7918   0.19079758908330102
99.2343   18.0336   0.19010839013573158
100.654   18.0462   0.19109110392689618
101.343   19.2882   0.1913078409266005
102.763   19.3026   0.19053829011512885
103.452   20.5449   0.19072451336941948
104.871   20.5612   0.18949535614362595
105.56   21.8038   0.19021976763733214
106.98   21.8219   0.1865762310692326
107.669   23.0648   0.18853978360017568
109.088   23.0846   0.1846272190117224
109.777   24.3277   0.18673802505113685
111.197   24.3489   0.1823886235487302
111.886   25.5921   0.18544314492587943
113.305   25.6144   0.18111391442955935
113.995   26.8576   0.18521878954360213
94.2933   16.7549   0.1839463508743787
94.9838   17.996   0.1831734151016438
96.4033   18.0054   0.1871811956367405
97.0934   19.2468   0.18658855806291655
98.5129   19.258   0.1889955025919959
99.2026   20.4996   0.18890582309711496
100.622   20.5126   0.18984930866347707
101.312   21.7546   0.18959915611626998
102.731   21.7693   0.1897366596101041
103.421   23.0116   0.18985807857449544
104.84   23.0281   0.18811243978003714
105.529   24.2708   0.189986025801904
106.949   24.289   0.18644369123142324
107.638   25.532   0.1882764987989697
109.058   25.5518   0.18464950582115308
109.747   26.795   0.18728398223019352
111.166   26.8162   0.18330098199410108
92.8433   19.2126   0.17639356564228958
94.2629   19.221   0.1811613921341966
94.9536   20.462   0.1808356159610205
96.3731   20.472   0.18416582201917758
97.0635   21.7133   0.18412191613167722
98.483   21.7249   0.18611292271091529
99.173   22.9666   0.18626832795728118
100.592   22.9799   0.18738206957977874
101.282   24.2219   0.1876407205272875
102.702   24.2369   0.18644540755942648
103.392   25.4793   0.1875906447560765
104.811   25.496   0.1858318863919706
105.501   26.7388   0.18675280453048027
106.92   26.7572   0.1847274749461994
107.61   28.0002   0.18638833117982878
109.029   28.0201   0.18297857798114817
92.1233   20.4382   0.173449502737828
92.8148   21.6789   0.17306683680012222
94.2343   21.6878   0.1773658648105642
94.9254   22.9288   0.1772296250630797
96.3448   22.9392   0.18022058705930213
97.0355   24.1805   0.18042178360719113
98.4549   24.1926   0.18194760234748872
99.1453   25.4343   0.18245185666361102
100.565   25.448   0.18240888136272432
101.255   26.69   0.18368331443002966
102.674   26.7054   0.1828663172921634
103.365   27.9479   0.18310499720106008
104.784   27.9649   0.18195353802550354
90.6767   22.8971   0.16382338050473874
92.0963   22.9052   0.16882428735226193
92.788   24.1458   0.16869078220222986
94.2075   24.1553   0.17241113653125692
94.8989   25.3963   0.1724478471886531
96.3183   25.4072   0.17498357065736508
97.0093   26.6486   0.17528984568422618
98.4287   26.6611   0.17648716667225084
99.1195   27.9028   0.1771328597409273
100.539   27.9169   0.17702375546802035
89.9588   24.1238   0.15894153012979323
90.6513   25.3641   0.1587277228463899
92.0709   25.3728   0.163093408818383
92.7629   26.6134   0.16306443511691698
94.1824   26.6235   0.16628198940354377
94.874   27.8645   0.16644389445095545
96.2934   27.8759   0.1685430805461919
88.515   26.5834   0.14756313902868504
89.9346   26.5914   0.15262519451257134
90.6275   27.8317   0.152322027297433
92.0469   27.841   0.1563121236500862
87.7987   27.8109   0.1411789290227123
127.219   0.00498658   0.028723414004579177
128.639   0.0329444   0.027408804104535875
77.7424   47.4833   0.03566188441459814
79.1626   47.4945   0.03785828839236899
79.8615   48.7321   0.03699148550679857
81.2816   48.7441   0.038375122149641935
81.9798   49.9821   0.037065347698354824
83.3998   49.9948   0.037753013124783213
84.0974   51.2334   0.03581689545451432
85.5172   51.247   0.03570686208559787
86.2141   52.4861   0.03321219655488108
87.6337   52.5006   0.032234918954453406
88.3298   53.7403   0.029360177111180424
89.7493   53.7558   0.0274876335831191
90.4446   54.9961   0.02466576574931654
91.8639   55.0124   0.022361797781040575
92.5587   56.2531   0.020640009689914737
77.0302   48.712   0.03229396228398767
77.7298   49.9491   0.03234084105275962
79.15   49.9611   0.03363108680967141
79.849   51.1987   0.03299893937689614
81.2691   51.2113   0.03369332278063213
81.9674   52.4494   0.032369275555686666
83.3874   52.4627   0.03234084105276615
84.085   53.7014   0.030187580227639545
85.5048   53.7156   0.02929453874018003
86.2016   54.9548   0.026331919793285762
87.6213   54.97   0.024569289774024936
88.3172   56.2098   0.020651634317893745
89.7368   56.2258   0.018095303258033216
75.5975   51.1658   0.032032639604002155
77.0179   51.178   0.03303467874824971
77.7175   52.4151   0.03351715978419829
79.1378   52.4277   0.034155087468778114
79.8368   53.6653   0.033876392960289166
81.2569   53.6786   0.03387403135145844
81.9552   54.9168   0.032698929646090384
83.3752   54.9308   0.032147472684500425
84.0727   56.1696   0.03008920072051968
85.4926   56.1845   0.028830019077339734
74.8852   52.3945   0.03628911682584078
75.5855   53.6311   0.03797011983125568
77.0058   53.644   0.03833562312000915
77.7055   54.8811   0.03922065782212142
79.1258   54.8945   0.039310176799401034
79.8247   56.1322   0.03923786436594357
81.2449   56.1462   0.038989357522280714
73.453   54.8467   0.0447044740490239
74.8733   54.8599   0.04487905970494521
75.5737   56.0966   0.0467865365249418
76.994   56.1102   0.04676162956954988
72.7403   56.0752   0.052678078932324464
111.856   28.0594   0.18693581786271501
113.275   28.0815   0.18314335914796087
109.719   29.2633   0.18617252751145327
111.139   29.2844   0.18177579596855814
111.829   30.5275   0.18511628777609437
105.474   29.2078   0.18330575550156117
106.894   29.2263   0.1799611069092384
107.584   30.4694   0.18273546453821612
109.003   30.4894   0.17961347388210938
109.694   31.7325   0.18167071860924677
111.113   31.7534   0.17943915403277866
101.23   29.1591   0.17735207920968662
102.649   29.1749   0.17691806012954367
103.34   30.4174   0.1776362575602132
104.759   30.4348   0.1756590162786986
105.449   31.6777   0.17822738285684242
106.869   31.6964   0.1749469633917658
107.56   32.9395   0.1774550365585569
108.979   32.9594   0.17467916303898498
109.67   34.2023   0.17730527346922575
96.9848   29.1174   0.1688533091177045
98.4042   29.1304   0.16965871625118004
99.0954   30.3722   0.17032328085145013
100.515   30.3868   0.17000708808752332
101.206   31.6291   0.17064082161077326
102.625   31.6452   0.16942302086789018
103.316   32.8879   0.17114017646362178
104.736   32.9055   0.16838159044265694
105.427   34.1484   0.1707226991351737
106.846   34.1672   0.16838470833184133
107.537   35.4102   0.17061140055692883
108.956   35.43   0.1681785955465169
92.7393   29.0817   0.15626595918497457
94.1588   29.0923   0.15897786009378592
94.8508   30.3334   0.15908098566453235
96.2702   30.3454   0.16074143834120524
96.962   31.587   0.160956702252494
98.3813   31.6004   0.16153132823078387
99.0729   32.8424   0.16210962340342103
100.492   32.8574   0.16142131209973082
101.184   34.0998   0.16234608095054853
102.603   34.1163   0.16097068056015384
103.294   35.359   0.16314030771088292
104.714   35.3769   0.16035401460518334
105.405   36.6197   0.16242918456976857
106.825   36.6386   0.15938535064428075
107.516   37.8813   0.16313212436549057
88.4923   29.0509   0.14074729127056465
89.9119   29.0596   0.1451564673033888
90.605   30.2999   0.14491559612408306
92.0245   30.3098   0.14830812519885875
92.7173   31.5506   0.14806610010397692
94.1367   31.5618   0.1504011968037494
94.8291   32.803   0.15047478194037198
96.2485   32.8156   0.1515987466966576
96.9407   34.0572   0.1518245368838608
98.36   34.0712   0.15204107997511757
99.052   35.3133   0.15252294909290892
100.471   35.3288   0.15183375777474054
101.163   36.5712   0.15315351775261385
102.582   36.5881   0.15166162995300492
103.274   37.8307   0.1527657029571805
104.694   37.8487   0.15090394295709625
105.386   39.0914   0.15264337522474483
106.805   39.1103   0.1507025215449301
87.777   30.279   0.1333262164767323
88.471   31.519   0.1327508945355926
89.8905   31.5283   0.1366666382113713
90.584   32.7687   0.1362631645016322
92.0035   32.7792   0.13912943613771336
92.6967   34.02   0.13882208037628432
94.116   34.0318   0.1407207518456368
94.8089   35.2731   0.14053440859803695
96.2282   35.2863   0.14134390683719228
96.9208   36.528   0.14154946132006224
98.3401   36.5426   0.1413028662129607
99.0324   37.7847   0.141958374180609
100.452   37.8006   0.14079573857187516
101.144   39.0431   0.1416509795236092
102.563   39.0602   0.14098045963891492
103.255   40.3028   0.14250459641709898
104.675   40.3209   0.13997389042246142
105.367   41.5634   0.1431307444261988
86.337   32.7386   0.12023747336001929
87.7567   32.7475   0.12432316759156449
88.451   33.9875   0.12375398983468078
89.8705   33.9975   0.12711325658639655
90.5644   35.2379   0.1265380970300977
91.9838   35.2491   0.12887218474132173
92.6774   36.4899   0.1284693348624457
94.0967   36.5024   0.1298121720024704
94.79   37.7437   0.12955929144604308
96.2093   37.7575   0.129935253107078
96.9022   38.9992   0.13010956920995298
98.3215   39.0143   0.12963629892896703
99.0141   40.2565   0.130257360636548
100.433   40.2728   0.12978154722456003
101.126   41.5152   0.13031362169780636
102.545   41.5326   0.12885744060782556
103.238   42.775   0.13091298636880808
104.657   42.7931   0.1294834352340131
85.6229   33.9672   0.11161541112230407
86.318   35.2068   0.11092740869595817
87.7376   35.2163   0.11454344154075086
88.4323   36.4563   0.11386206567597658
89.8518   36.467   0.11648849728621521
90.5462   37.7074   0.11578091379843597
91.9655   37.7193   0.11758133355256505
92.6595   38.9601   0.11706553720032724
94.0788   38.9733   0.11787077670058582
94.7724   40.2146   0.11758783950732082
96.1916   40.229   0.11762095901667467
96.8848   41.4707   0.11782856190245668
98.304   41.4864   0.11709419285344215
98.997   42.7284   0.11787663042351122
100.416   42.7452   0.11660617479362712
101.109   43.9874   0.11840422289767326
102.528   44.005   0.1171216888539431
103.221   45.2471   0.11891681966819792
84.185   36.4264   0.0978429864630078
85.6047   36.4356   0.10170319562334368
86.3002   37.6752   0.10080322415478167
87.7198   37.6855   0.10374208403536332
88.415   38.9254   0.1028817282125388
89.8344   38.9368   0.10498347489010147
90.5292   40.1772   0.10414129824425859
91.9485   40.1897   0.10540232445254727
92.6428   41.4306   0.10470195795686722
94.062   41.4443   0.10519201490607694
94.7559   42.6856   0.10486796460311835
96.1751   42.7007   0.10451507068361267
96.8685   43.9423   0.10482079946269976
98.2877   43.9585   0.10385860580616639
98.9809   45.2004   0.10489447077896212
100.4   45.2175   0.10379094372823501
101.093   46.4595   0.10528741615216854
102.512   46.4771   0.10513995434657046
83.4716   37.6552   0.08883524075501147
84.168   38.8943   0.08774018463622571
85.5877   38.9043   0.09092991806880907
86.2836   40.1437   0.08995154251039582
87.7032   40.1547   0.09230666281477373
88.3987   41.3946   0.09125305474339142
89.8181   41.4067   0.09277785296071624
90.5132   42.647   0.09184209274619322
91.9325   42.6603   0.09246885962311834
92.6271   43.9011   0.09177673997260961
94.0463   43.9155   0.09169280233474797
94.7403   45.1567   0.09158476947615263
96.1594   45.1723   0.09087882041487416
96.8531   46.4139   0.09128603398111332
98.2722   46.4305   0.09036575678873177
98.9656   47.6723   0.09160594958844144
100.385   47.6895   0.09067110895979444
101.078   48.9312   0.0927812481054258
82.0356   40.1134   0.07488825007970247
83.4554   40.1232   0.07835432342889745
84.1522   41.3622   0.07707197934398945
85.5719   41.3729   0.07973004452526224
86.2682   42.6123   0.0784108410871901
87.6877   42.624   0.08023091673413144
88.3836   43.8638   0.07896486560490472
89.803   43.8766   0.07990550669384039
90.4982   45.1169   0.07886000253614305
91.9175   45.1308   0.07900632886040822
92.6122   46.3715   0.07834513386292648
94.0314   46.3866   0.07775995113166918
94.7256   47.6278   0.0776469574419991
96.1447   47.6439   0.07668539626291854
96.8385   48.8854   0.07744430256643295
98.2575   48.9023   0.07647515936564384
98.9512   50.1438   0.0781060817094313
100.37   50.1612   0.07726118042069342
81.3228   41.3423   0.06592943197085696
82.0204   42.5807   0.06465369285663766
83.4402   42.5912   0.06755101775694898
84.1373   43.83   0.06614725995837172
85.557   43.8415   0.06816604726694327
86.2537   45.0808   0.06660645614352928
87.6732   45.0932   0.0678647183741327
88.3692   46.3329   0.06643869354524526
89.7886   46.3465   0.0666850807902331
90.4841   47.5867   0.065435846445199
91.9033   47.6013   0.06506004918535133
92.5981   48.842   0.06431049681039754
94.0172   48.8576   0.06344170552561954
94.7115   50.0987   0.0634631389075592
96.1306   50.1153   0.062288682760194565
96.8246   51.3566   0.06334548129108454
98.2436   51.3738   0.06246639096346175
98.9375   52.6151   0.06461648396500888
79.8882   43.7991   0.05300283011311991
81.3083   43.8096   0.055878171050949166
82.0061   45.0479   0.05449376111078894
83.426   45.0592   0.056670274394962215
84.1234   46.2978   0.055161671475761204
85.5431   46.31   0.05655448700147956
86.2399   47.5492   0.05478120115513908
87.6595   47.5624   0.05529602155671191
88.3556   48.802   0.053580966769932285
89.775   48.8162   0.053384080023915044
90.4705   50.0564   0.05186636675149656
91.8897   50.0717   0.05091659847240249
92.5846   51.3123   0.050027592386601066
94.0037   51.3285   0.04872217154438959
94.6981   52.5695   0.04888240992423011
96.1171   52.5864   0.04776358445510657
96.8112   53.8276   0.04924114133527403
98.2302   53.8449   0.048692504556657655
79.1759   45.0279   0.04519579626469746
79.8745   46.2656   0.044176237956622566
81.2946   46.2769   0.0462622956628838
81.9927   47.515   0.04495419891400272
83.4126   47.527   0.04648376060517961
84.1101   48.7656   0.04472068872457305
85.5299   48.7785   0.0453927306955642
86.2268   50.0176   0.04335308524199326
87.6464   50.0315   0.04313200667717363
88.3425   51.2711   0.04104643711700406
89.762   51.286   0.04000049999687148
90.4574   52.5262   0.03808477386042735
91.8767   52.542   0.03654928179868394
92.5715   53.7827   0.03541539213393527
93.9906   53.7993   0.03387048862948287
94.685   55.0403   0.03417835572404573
96.1041   55.0574   0.03316051869316953
93.9779   56.27   0.018739530410327415
94.6723   57.5111   0.019453791404242554
96.0914   57.5284   0.019209372712305488
90.432   57.4662   0.013514806694878015
91.8514   57.4829   0.010218121158018952
92.5461   58.7238   0.005948108943189396
93.9653   58.741   0.0033600595232872515
94.6598   59.9821   0.007151223671509495
86.1892   57.4239   0.02576198750096273
87.6089   57.4396   0.02405202694161746
88.3047   58.6797   0.020000249998440234
89.7243   58.6961   0.01820027472319587
90.4194   59.9368   0.013827870407258492
91.8388   59.9538   0.012839003076575806
92.5335   61.1949   0.010547511554863657
93.9528   61.2122   0.012332882874658356
81.943   57.3845   0.03799381528617768
83.3631   57.3992   0.03743006812710798
84.0603   58.6382   0.03545320859950418
85.4803   58.6537   0.03468313711300543
86.1767   59.8934   0.03209236669365239
87.5965   59.9097   0.031216982557584892
88.2921   61.1501   0.02831766233289918
89.7117   61.1669   0.027948524111293595
90.4067   62.4079   0.025716337219758214
91.8262   62.4252   0.026664770765935843
92.5207   63.6665   0.026001730711635206
77.6936   57.3475   0.04776044388404454
79.1138   57.3615   0.047648819502684875
79.8126   58.5994   0.04769570211245904
81.2328   58.6141   0.04746209013517095
81.9307   59.8527   0.04658798128272894
83.3508   59.868   0.04628196192903789
84.0478   61.1074   0.04462196768407887
85.4678   61.1235   0.04441902745445521
86.1639   62.3635   0.04225115383040049
87.5838   62.3803   0.04246045218787985
88.2792   63.6211   0.040452070404369975
89.6989   63.6384   0.041323238014462825
90.3937   64.8797   0.040182209993972096
91.8133   64.8971   0.041804305998301
73.4414   57.3115   0.055295298172632804
74.8616   57.3255   0.05523784934262799
75.5619   58.5623   0.0570061400201687
76.9822   58.5766   0.05702850164611633
77.6816   59.8141   0.05795239425597541
79.1018   59.8289   0.057772830984812173
79.8004   61.067   0.05791692326081181
81.2206   61.0824   0.05790215885440215
81.9183   62.3213   0.05716379973375293
83.3384   62.3374   0.05725521810279517
84.0351   63.5771   0.05583547259583236
85.4551   63.5938   0.05623068557292237
86.1509   64.8343   0.05454851052044283
87.5708   64.8516   0.0555009909821516
88.2659   66.0928   0.05415874813915676
89.6857   66.1104   0.05579292069787312
90.3804   67.352   0.05532052060492315
71.3085   58.5256   0.0640413147897443
72.7287   58.5401   0.06401124901141135
73.4297   59.7765   0.06651691514193034
74.8499   59.7912   0.0665006766882913
75.55   61.0282   0.06810007342140063
76.9702   61.0433   0.06812121549121211
77.6695   62.281   0.06895687057864434
79.0896   62.2966   0.06897427056519985
79.788   63.5351   0.06913522980362055
81.2081   63.5512   0.06924102829970448
81.9055   64.7906   0.0686920664997033
83.3256   64.8073   0.06923445673939657
84.0219   66.0475   0.0679801441599022
85.442   66.0648   0.0690715570984098
86.1375   67.3058   0.06784725491868307
87.5574   67.3235   0.06940871703178725
88.2523   68.5651   0.06867736162666781
89.6722   68.583   0.07091290432637182
70.5953   59.7537   0.07254660570970008
71.297   60.9897   0.07582380892569394
72.7171   61.005   0.07579531647799675
73.418   62.2416   0.07818759492400916
74.838   62.2571   0.07811561943683192
75.538   63.4944   0.07965751690831703
76.9581   63.5103   0.07978677835331219
77.6571   64.7483   0.08044923865395424
79.0772   64.7647   0.08076942490819548
79.7752   66.0036   0.08068333161192598
81.1953   66.0206   0.08132662540644103
81.8922   67.2603   0.08065829157625923
83.3123   67.2778   0.08165022963837505
84.0083   68.5185   0.08081466451084664
85.4284   68.5364   0.0823728717479185
86.1236   69.7778   0.08167649600710275
87.5436   69.796   0.08386870691742275
88.2382   71.0379   0.08352777981008
69.164   62.2018   0.08480406829863553
70.5839   62.2178   0.0846734905386589
71.2855   63.4539   0.08781913231180939
72.7053   63.47   0.08755352648522288
73.406   64.7068   0.0898518781106001
74.8259   64.7232   0.08990444927811059
75.5257   65.9608   0.09131577081753457
76.9456   65.9776   0.09156254692830845
77.6443   67.216   0.09207654424444844
79.0643   67.2333   0.09272335196702776
79.7619   68.4726   0.09250345939476301
81.1819   68.4904   0.0935437865387069
81.8785   69.7306   0.0929309959055689
83.2986   69.7488   0.09458017762723224
83.9942   70.9899   0.09382627563748497
85.4142   71.0085   0.09602135179219307
86.1091   72.2502   0.09564204096525536
87.5291   72.2688   0.09825283710916508
68.4502   63.4293   0.09308888225775822
69.1525   64.6649   0.09678331467769237
70.5722   64.6818   0.09661682048172464
71.2737   65.9181   0.09955526103627373
72.6933   65.9351   0.0994050803530664
73.3938   67.1722   0.10154063226117555
74.8135   67.1895   0.10158036227539766
75.5129   68.4274   0.10278603990814893
76.9327   68.4451   0.10330275891765535
77.6311   69.684   0.10373702328484996
79.0509   69.7021   0.10463574914912599
79.7481   70.9419   0.10435947489326955
81.1681   70.9605   0.10597669555142551
81.8642   72.2012   0.10532245724439881
83.2842   72.2202   0.1075117202913282
83.9794   73.4617   0.10694395728605141
85.3994   73.4807   0.10963010535432
86.0939   74.7228   0.10942947500560575
67.0191   65.8746   0.10536019172343322
68.4387   65.8921   0.10511997907153622
69.1408   67.128   0.10861846067772483
70.5603   67.1457   0.10842864012796616
71.2615   68.3823   0.11109027860258712
72.681   68.4003   0.11110679547173882
73.3811   69.6377   0.1128051860510008
74.8007   69.6559   0.11317318587016505
75.4997   70.8942   0.11411945495839375
76.9193   70.9129   0.11479255202321022
77.6172   72.1522   0.11506259166209402
79.0369   72.1712   0.11638938955076779
79.7336   73.4115   0.11600521539999907
81.1535   73.4309   0.11811858448185891
81.8492   74.672   0.11753875956466386
83.2691   74.6917   0.12030336653642461
83.9639   75.9335   0.11982203470146154
85.3839   75.9531   0.12309463838851893
66.3046   67.1011   0.1127991577982646
67.0076   68.3364   0.11726934808380315
68.4269   68.3549   0.1168780988893988
69.1287   69.591   0.12009550366270434
70.548   69.6096   0.11989899916180301
71.2489   70.8465   0.12230065412744522
72.6682   70.8654   0.12239758984555178
73.3679   72.1032   0.12379701127249837
74.7872   72.1224   0.12425896345937745
75.4857   73.3611   0.12478096810010157
76.9053   73.3808   0.12604840340122472
77.6026   74.6205   0.1259924204069458
79.0222   74.6405   0.12773879598618879
79.7183   75.8811   0.12720510996025333
81.1381   75.9014   0.1298038520229588
81.8332   77.1428   0.12918552550498472
83.2531   77.1631   0.13253376928164448
83.9474   78.4051   0.13204639336233878
64.8737   69.5433   0.1251637327663249
66.2929   69.5625   0.12448943730293589
66.9955   70.7981   0.1285800139990693
68.4146   70.8174   0.12802038900112048
69.1161   72.0538   0.13106826465625657
70.5351   72.0734   0.1308024464603003
71.2355   73.3107   0.1327958583691566
72.6546   73.3305   0.13298195366288892
73.3538   74.5687   0.1340300339476258
74.773   74.5889   0.13479651330802353
75.4709   75.8281   0.13495202851383772
76.8903   75.8486   0.13650531125197934
77.5869   77.0888   0.13600529401461575
79.0065   77.1097   0.13845883864889222
79.702   78.3507   0.1376617593959922
81.1217   78.3717   0.14086862674138081
81.8162   79.6134   0.14014050092674124
83.2361   79.6343   0.14399781248338228
64.1582   70.7685   0.13146862743635163
64.8615   72.0036   0.13616989388261586
66.2805   72.0237   0.13546438646374812
66.9827   73.2595   0.13907195979060025
68.4016   73.2799   0.13857882233588834
69.1026   74.5166   0.14116727666140685
70.5214   74.5371   0.1408348323391638
71.2212   75.7747   0.14240031601087466
72.6402   75.7956   0.14285394639280335
73.3386   77.0342   0.1432604620961436
74.7578   77.0553   0.14445732933984384
75.4549   78.295   0.1441224826319593
76.8742   78.3165   0.14613178983370614
77.5701   79.557   0.14524634246685242
78.9896   79.5787   0.14821632838523013
79.6844   80.8201   0.14719327430286874
81.104   80.8417   0.15089314099719908
81.7979   82.0837   0.15000136666044106
62.7267   73.2076   0.14320349157754522
64.1457   73.2284   0.1422482337324537
64.8485   74.4637   0.14646736837944163
66.2673   74.4847   0.14563368429042112
66.9689   75.7209   0.14867013822554628
68.3876   75.7421   0.1481278501835506
69.088   76.9792   0.15006615207966997
70.5067   77.0007   0.14999233313738505
71.2057   78.2387   0.15086795551076512
72.6246   78.2605   0.15147676389466658
73.3222   79.4996   0.1513880444420825
74.7412   79.5216   0.15285879104586275
75.4375   80.7617   0.15200611829792382
76.8567   80.7841   0.15450686068909936
77.5518   82.025   0.15326297661209984
78.9712   82.0474   0.15669859603709685
79.6652   83.2891   0.15535572084735325
81.0849   83.3113   0.15974057092674637
62.0099   74.4316   0.14821093077098205
62.7133   75.6664   0.15310003265838465
64.1321   75.688   0.1519160952631329
64.8343   76.9237   0.15556210978255594
66.253   76.9455   0.15467856994424764
66.9539   78.1821   0.15705683684577537
68.3725   78.2042   0.15656596054060368
69.0719   79.4417   0.15757972585328933
70.4906   79.4641   0.15778472676403152
71.1887   80.7026   0.15779157138453434
72.6074   80.7253   0.15868475037002724
73.3041   81.9649   0.15793878561012897
74.7231   81.9878   0.1598246852022616
75.4184   83.2283   0.15840028409065793
76.8376   83.2514   0.16136182943930585
60.5769   76.8677   0.1589328474545178
61.9959   76.8899   0.1574001270647473
62.6986   78.1251   0.1617052256422122
64.1173   78.1475   0.16028505856754074
64.8187   79.3836   0.1632544639512198
66.2372   79.4062   0.16222099124342748
66.9372   80.6433   0.16375377858236578
68.3557   80.6661   0.16329926515449472
69.0542   81.9042   0.16352886595337898
70.4727   81.9274   0.1638033577189516
71.1697   83.1665   0.16291129488160144
72.5885   83.1899   0.16429744368065904
73.284   84.43   0.16251944499044907
74.703   84.4536   0.16498484778912084
59.8582   78.0905   0.1619502701448774
60.5614   79.3252   0.16676318538574048
61.9804   79.3481   0.16520680978701177
62.6822   80.5838   0.16851854497354452
64.1008   80.6069   0.1670552303880419
64.8012   81.8435   0.1690491644463171
66.2197   81.8668   0.16796252558234978
66.9185   83.1044   0.16845373252022788
68.337   83.128   0.16816435413012226
69.0342   84.3667   0.16723115738402544
70.4528   84.3905   0.16785904801350013
58.4225   80.5242   0.17088341054648984
59.8418   80.5475   0.16901943675210615
60.544   81.7827   0.17281255741409532
61.9629   81.8063   0.17102993889959683
62.6636   83.0425   0.17323740935490928
64.0823   83.0662   0.17182680233304795
64.7813   84.3034   0.1723463083445688
66.1999   84.3274   0.17151574271767986
57.7013   81.7458   0.17170198018660557
58.4039   82.9807   0.17599900567900775
59.8232   83.0045   0.17393081958065798
60.5242   84.2404   0.17648198208316038
61.9432   84.2645   0.17466874362632656
56.2616   84.1776   0.17800339884395716
57.6815   84.2018   0.1756191618246672
96.7984   56.2985   0.03522981691692307
44.6292   103.639   0.17295736468853234
45.3217   104.878   0.16819111153684776
46.7422   104.901   0.15974492167202722
47.4335   106.141   0.15348146467895948
48.854   106.164   0.14506071142801366
49.5443   107.405   0.13740702311017408
50.9647   107.43   0.1281062449687669
51.6542   108.671   0.11915120645633252
53.0746   108.696   0.10989090044220945
53.7633   109.937   0.1004942286900127
55.1836   109.963   0.09036127489140493
55.8716   111.205   0.07975587752636348
57.2918   111.232   0.06876052646686136
57.979   112.474   0.05852085098492872
59.399   112.501   0.04670385423066777
43.1699   106.074   0.17615813918181072
44.5904   106.095   0.16901245516233585
45.2814   107.335   0.16316632618282478
46.7018   107.357   0.15507704536777775
47.3918   108.598   0.1479298482389527
48.8122   108.622   0.1379694169009925
49.5014   109.863   0.13058257923627636
50.9217   109.887   0.12050161824639444
51.6103   111.129   0.11211373689248874
53.0305   111.154   0.10188468972324498
53.7184   112.396   0.09256181718181075
55.1386   112.421   0.08217475281374047
42.4387   107.291   0.17798213393483878
43.1296   108.531   0.17254726888594696
44.5499   108.552   0.16504511504432923
45.2396   109.793   0.15844557425185168
46.6599   109.815   0.14989329538041057
47.3488   111.056   0.1432698502826096
48.7691   111.079   0.13366469242099785
49.4574   112.321   0.12623612795076145
50.8776   112.345   0.11554462341450035
40.978   109.73   0.1792707449641492
42.3982   109.748   0.1754137964927484
43.0878   110.99   0.16739357813250652
44.5079   111.01   0.16153327830511782
45.1967   112.252   0.15461206291877874
46.6168   112.273   0.14673527183333077
40.2467   110.947   0.18386476008196057
40.9362   112.189   0.17631860366961383
42.3562   112.207   0.17233946152869536
51.9169   91.477   0.17768652171732163
51.1877   92.6954   0.17326476849030448
51.8857   93.9319   0.1728736532846999
53.3067   93.9574   0.16817568195193416
54.0028   95.1949   0.16562007728533282
49.7347   95.1247   0.17419328345259924
51.1558   95.1498   0.16857594727599923
51.852   96.3872   0.1661984957813903
53.2729   96.4129   0.1607298665463354
53.9673   97.6512   0.15631177178958847
55.3879   97.6773   0.15115518515750426
56.0809   98.9165   0.14507377433568597
49.0043   96.3422   0.170687345752402
49.7005   97.5796   0.16844954734281628
51.1215   97.6048   0.1620771421268228
51.816   98.8431   0.15782968668790048
53.2367   98.8689   0.15145774988425093
53.9297   100.108   0.1456226630713735
55.3503   100.134   0.13954210834009179
56.042   101.374   0.13212433538149507
57.4623   101.401   0.12636569945993953
58.1529   102.641   0.11791675029443405
47.5487   98.7726   0.17232205314468887
48.9697   98.7968   0.16539074943901982
49.6641   100.035   0.16115424288550767
51.085   100.06   0.15439070567880836
51.7779   101.299   0.148883981677006
53.1986   101.325   0.14125682284406565
53.8903   102.565   0.1340009328325743
55.3108   102.591   0.12692454451366145
56.0015   103.832   0.11819052415486017
57.4218   103.858   0.11189285053120794
58.1116   105.099   0.10232282247865974
59.5318   105.126   0.09683986782312232
60.2207   106.368   0.08614081494854951
46.8178   99.9896   0.1709105028955207
47.5121   101.228   0.16634289885654946
48.933   101.252   0.15938158613842246
49.6258   102.491   0.15337108593212456
51.0465   102.516   0.14574227252241684
51.7382   103.756   0.1381693164201078
53.1587   103.782   0.13008366538501184
53.8494   105.022   0.12235607872108256
55.2698   105.049   0.11348572597467195
55.9596   106.289   0.10479484720157131
57.3799   106.316   0.09667600529603482
58.0689   107.557   0.08653323061113903
59.489   107.585   0.07911137718432158
60.1772   108.826   0.06808494694130586
61.5971   108.854   0.06287837466092261
62.2844   110.096   0.050901964598628745
45.3602   102.422   0.17293261693503345
46.781   102.445   0.1651801743551605
47.4737   103.684   0.16013197681911817
48.8943   103.708   0.1523719462368342
49.5858   104.948   0.1449400220780993
51.0064   104.973   0.1365514188868086
51.6969   106.213   0.1284114091504304
53.1173   106.239   0.11933670851837769
53.807   107.48   0.10985736206553902
55.2274   107.506   0.10104855268632322
55.9164   108.747   0.09168560410446121
57.3366   108.774   0.0818428371942202
58.0247   110.015   0.07149272690281336
59.4448   110.043   0.061854668376768125
60.132   111.285   0.04976032556163368
61.552   111.313   0.04225221887664317
77.5317   84.4927   0.15967698644450767
78.9512   84.5157   0.16378339354158925
79.6443   85.7576   0.16208408311737915
75.3972   85.6946   0.162798556504656
76.8164   85.7183   0.16640688086734234
77.5096   86.96   0.16434116952243316
78.9291   86.9834   0.1688817633730826
71.1485   85.6302   0.16590437004491695
72.5673   85.6543   0.16770011926054107
73.2616   86.895   0.16509842518933832
74.6806   86.9192   0.16811273003553548
75.3737   88.1606   0.16524557482728006
76.793   88.1848   0.16955603793436605
77.4853   89.4267   0.16694529043970802
66.8973   85.5657   0.17069461034256747
68.3158   85.5898   0.17046066995057826
69.0117   86.8292   0.16850335308236755
70.4303   86.8536   0.16943252344223048
71.1247   88.0939   0.16646155712355892
72.5435   88.1185   0.1686697661111719
73.2366   89.3597   0.16527806872056572
74.6557   89.3844   0.1689182642581801
75.3478   90.6261   0.16553120551726805
76.7672   90.6506   0.1704476752554951
62.6425   85.5013   0.17546295905403703
64.0612   85.5256   0.17400695388402934
64.7588   86.7635   0.17315819356875828
66.1774   86.788   0.17238480211434504
66.8733   88.0269   0.1700523448823967
68.2919   88.0516   0.17021589232500461
68.9863   89.2916   0.1669529274975474
70.405   89.3165   0.16821251439771776
71.098   90.5574   0.16428405278662728
72.517   90.5825   0.16716387169481026
73.2089   91.824   0.16298871126552758
74.6281   91.8491   0.16728290408766555
75.3192   93.0911   0.16347281119501353
58.3827   85.4373   0.17857281428033625
59.8021   85.4617   0.17627084273923924
60.5016   86.6982   0.17737533650426596
61.9207   86.7227   0.17552412939535852
62.6184   87.9604   0.17468660509609577
64.0372   87.9851   0.1732937679202588
64.7332   89.2238   0.17087811445588597
66.1519   89.2486   0.17027463111104074
66.8462   90.4883   0.16648675623002956
68.265   90.5134   0.16705508073686579
68.9578   91.754   0.1623382271678606
70.3767   91.7793   0.16426722131941116
71.0684   93.0207   0.15943180360267525
72.4875   93.046   0.16277017540077335
73.1784   94.288   0.15827093858317584
74.5978   94.3132   0.1631654988041344
55.5375   85.3981   0.17626326900406872
56.239   86.6333   0.17953019244683516
57.6589   86.6579   0.17693682488391868
58.3585   87.8942   0.1780900053343823
59.7781   87.919   0.17584109303573023
60.4759   89.1563   0.17517753851450577
61.8951   89.1812   0.17318487231857335
62.591   90.4196   0.1706126900321348
64.0101   90.4447   0.16948604662330932
64.7043   91.6842   0.16530849947901424
66.1233   91.7094   0.1651157472805039
66.816   92.9497   0.15986650681115694
68.2349   92.9752   0.16081271715880313
68.9264   94.2164   0.15512617445163382
70.3455   94.2419   0.15762924855496138
71.0361   95.4837   0.15205064945602756
72.4554   95.5092   0.15621222743434626
73.1453   96.7515   0.15126037154523145
54.093   87.8283   0.17977555451173458
55.5135   87.8532   0.17675658403578726
56.2133   89.0892   0.17819329392543812
57.6333   89.1143   0.1753278643000019
58.3312   90.3513   0.17468065147577352
59.7509   90.3765   0.17226259025104712
60.4469   91.6147   0.16959274748644357
61.8663   91.6399   0.16774701189589458
62.5605   92.8791   0.16343331973621517
63.9797   92.9045   0.1622865675279368
64.6724   94.1447   0.15675286281276682
66.0915   94.1702   0.15679913902824838
66.7828   95.4112   0.1503440387910208
68.202   95.4368   0.151876923856127
68.8923   96.6785   0.14535215856671382
70.3116   96.7042   0.14853854718556422
71.0012   97.9464   0.14257885537483836
72.4206   97.9721   0.14745443363967892
53.3661   89.0477   0.17622088411990733
54.0659   90.2834   0.17778675428726468
55.4865   90.3087   0.17439157089721583
56.1844   91.5455   0.17378806057954266
57.6046   91.5709   0.17073690286519802
58.3006   92.8088   0.16803440123974603
59.7204   92.8343   0.1654243331556716
60.4147   94.0733   0.16093849756972858
61.8343   94.0989   0.159114549931802
62.5269   95.3388   0.1530511352457033
63.9463   95.3645   0.152199408671655
64.6376   96.6052   0.1453108736468232
66.0569   96.631   0.1456557928817171
66.7471   97.8725   0.1383998916184589
68.1664   97.8984   0.14045219827400263
68.8559   99.1404   0.1335329921779644
70.2753   99.1664   0.13747367020633833
70.9641   100.409   0.1314768420673473
53.3378   91.5023   0.17339348315319902
54.0358   92.7389   0.17306198311587512
55.4564   92.7645   0.16905632197584702
56.1525   94.0022   0.16655752759932918
57.5727   94.0279   0.16306103151887466
58.2671   95.2666   0.15859423066429457
59.687   95.2924   0.15573676508776166
60.3797   96.5321   0.14952651938703182
61.7994   96.558   0.14759566389294496
62.4908   97.7985   0.14027476608427822
63.9103   97.8245   0.13951243672160757
64.6005   99.0658   0.13149619766366205
66.02   99.0919   0.13239550596601926
66.7093   100.334   0.1244897184509691
68.1288   100.36   0.12728413098260907
68.8174   101.602   0.11987697860724748
70.237   101.628   0.12482387592123384
55.4234   95.2207   0.16118169871297916
56.1178   96.4592   0.1568026147741225
57.5381   96.4852   0.15276498289856835
58.231   97.7246   0.14672886559910195
59.651   97.7508   0.1435182218396033
60.3425   98.991   0.13598871276690597
61.7623   99.0173   0.1338862203514624
62.4526   100.258   0.1253955342107523
63.8722   100.285   0.1247443786308635
64.5616   101.526   0.1160226271035063
65.9812   101.553   0.11737976827375905
66.6698   102.795   0.10893117092915892
68.0894   102.821   0.1125315955632007
68.7774   104.064   0.10545714769516454
57.5012   98.9428   0.14050540914854207
58.1928   100.183   0.13291053381880305
59.6128   100.209   0.1290993415939807
60.3033   101.45   0.1205214088865513
61.7232   101.477   0.11821065941783361
62.4127   102.718   0.10882536469040871
63.8325   102.745   0.10836623090243928
64.5212   103.987   0.09912900685470234
65.9408   104.013   0.10070173782015157
66.6288   105.256   0.09264064982501041
68.0484   105.282   0.09677752838340435
59.573   102.668   0.11334235748385804
60.2627   103.909   0.1039055340200887
61.6827   103.936   0.10101529587146246
62.3715   105.177   0.09105212792680689
63.7913   105.205   0.09049911601778136
64.4793   106.447   0.08069721184773783
65.899   106.474   0.08314739923774427
66.5863   107.717   0.07524367083017636
61.6407   106.395   0.08262905058150195
62.3288   107.637   0.07174740413422666
63.7486   107.664   0.07105378244682534
64.4358   108.907   0.060796052503434735
65.8556   108.934   0.06417016440683061
63.7042   110.124   0.05006086295700607
64.3907   111.366   0.039272000203707184
