-9.62097   17.3984   0.16137381324118202
-8.92826   16.159   0.16207819378312394
-7.50786   16.1315   0.1601593147462859
-6.77533   17.3478   0.16248341730773588
-5.35496   17.3202   0.16076398352864968
-7.54994   13.6752   0.15753383414365305
-6.81673   14.8912   0.15966316293998473
-5.39646   14.8633   0.15795535318563897
-4.66394   16.0796   0.16022832958000893
-3.24373   16.0517   0.15894156158789954
-2.51216   17.2686   0.161049336850544
-1.09203   17.2408   0.1601834476467529
-6.86005   12.4341   0.15621801304587157
-5.43988   12.4061   0.15447044248010763
-4.70667   13.6221   0.15670581514417437
-3.28653   13.5938   0.15528064399660416
-2.55412   14.8103   0.15758018561989331
-1.13405   14.782   0.15675069026961252
-0.402664   15.999   0.15877358803025154
1.01733   15.971   0.15854472206920045
1.74748   17.1887   0.1600691228813353
3.16737   17.161   0.16044749951308063
-5.48491   9.94877   0.1512167956941291
-4.75106   11.1644   0.1529144087390071
-3.331   11.1359   0.15165563491014786
-2.59788   12.3519   0.15364043120220708
-1.17786   12.3233   0.15289016613242343
-0.445657   13.5398   0.15494369170766528
0.974289   13.5114   0.15480832058064609
1.70544   14.7285   0.15667935696830035
3.12531   14.7004   0.15720049491016228
3.85527   15.9183   0.1586172591491857
5.27506   15.8906   0.1596985021845855
6.00365   17.1092   0.1602515946878534
7.42334   17.082   0.1618263343834983
-4.79698   8.70655   0.14974874456902823
-3.37698   8.67791   0.14859274040140735
-2.64316   9.89352   0.15010922456664694
-1.2232   9.86457   0.14946982638646508
-0.490247   11.0807   0.15113515790841003
0.92965   11.0518   0.1510342044736888
1.66163   12.2685   0.1528695748015282
3.08146   12.24   0.1534622132643735
3.81242   13.4573   0.1551733678825077
5.23219   13.4293   0.1564162782449453
5.96203   14.6472   0.1577081510258746
7.38174   14.6198   0.15944288914843446
8.1103   15.8385   0.15992862439225852
-3.42454   6.21988   0.14682204364467882
-2.68998   7.4351   0.14762598450137435
-1.27009   7.40592   0.14714327881354297
-0.536338   8.62158   0.14816812128119886
0.883508   8.59238   0.14811682574576088
1.6163   9.8086   0.14941596869143542
3.03609   9.77977   0.1500648673074421
3.76792   10.9966   0.1516084763461466
5.18766   10.9683   0.15284271785073736
5.91854   12.1857   0.15444179356637902
-2.73847   4.97658   0.14633764416581307
-1.31863   4.94728   0.1460764053500771
-0.584061   6.1625   0.14644272882256731
0.835742   6.13306   0.1464589891266493
1.56942   7.3488   0.1471213444745528
2.98917   7.31971   0.14754546587408257
3.72189   8.53603   0.1486579096449297
-1.36871   2.48855   0.1458980349422161
-0.633472   3.70343   0.14598039861912973
0.7863   3.67386   0.14598389686537355
1.52088   4.88912   0.14606942356290742
-0.684232   1.24435   0.14600844636184598
3.57481   1.15598   0.14598246127531903
4.99454   1.12744   0.14607060108043657
5.72926   2.34276   0.14645796461783825
7.14896   2.31524   0.14712188620324307
7.88297   3.53105   0.1481161858137055
9.30265   3.50454   0.1494198119393811
10.036   4.72081   0.1510285734554889
11.4556   4.69523   0.15287030090897372
12.1883   5.91193   0.1548031084959215
13.608   5.8873   0.1566816517656107
14.34   7.10448   0.15854658652900697
15.7596   7.081   0.16004940362275674
16.4907   8.29882   0.1614035566522633
17.9103   8.2768   0.16216124814517185
18.6401   9.49547   0.16273687351058477
7.83364   1.07116   0.147546721075055
9.25337   1.04476   0.1486569857087116
9.98757   2.26055   0.15006528379342143
11.4073   2.23517   0.15160918969508427
12.1409   3.45138   0.153458210924017
13.5606   3.42699   0.15517538464589045
14.2936   4.64362   0.15718779373729985
15.7133   4.62037   0.15861821963444186
16.4456   5.8375   0.16045185601918058
17.8652   5.81568   0.16100538531365993
18.5966   7.03349   0.16232755650227715
20.0162   7.01342   0.16185383560484506
12.0927   0.991509   0.15284008741491872
13.5124   0.96724   0.1544433022179986
14.2462   2.18344   0.1564166436156973
15.6659   2.16034   0.15770857586066775
16.3992   3.37696   0.15971709238525475
17.8188   3.3553   0.1602392664112015
18.5515   4.57245   0.16199827807726902
19.9711   4.55254   0.16133149878433561
20.7028   5.77039   0.1626046004884246
16.352   0.917107   0.1594397438815052
17.7717   0.895513   0.15995443391478728
18.5051   2.1122   0.1618142218718735
19.9248   2.09238   0.16116727335287426
20.6576   3.30961   0.16277377706498072
22.0772   3.29183   0.1606833846419725
20.6115   0.849629   0.1631224931179021
22.0312   0.831905   0.16092406410788923
22.7641   2.04926   0.16249019939676349
9.52994   15.8116   0.16205998889300208
10.257   17.0312   0.16141564360371058
11.6765   17.005   0.163555892587214
7.33824   12.158   0.15621983996919228
8.06809   13.376   0.15752197814908242
9.48776   13.349   0.1596727744482442
10.2164   14.5678   0.16017559114921295
11.636   14.5415   0.16248119891236706
12.3632   15.7612   0.16175843100129397
13.7827   15.7359   0.16393767108264015
14.5082   16.9566   0.1618812218881484
5.1416   8.50758   0.14974814523058394
5.87343   9.72446   0.15121883910412706
7.29311   9.69673   0.15290299833554621
8.02408   10.9141   0.1544957685504691
9.44374   10.8871   0.1567261525719304
10.1738   12.1051   0.1580124995055769
11.5934   12.0789   0.16023398515920412
12.3223   13.2976   0.16080027985050274
13.7419   13.2724   0.16295229363221694
14.4693   14.4921   0.16232864811856296
15.8888   14.4681   0.16410173673669634
2.94061   4.85988   0.14633662733574268
3.6743   6.07568   0.14681747171232717
5.09399   6.04714   0.14762527290406605
5.82679   7.26351   0.14858474383327522
7.24646   7.2358   0.15011482271914414
7.97846   8.45267   0.15165820287739226
9.39812   8.42578   0.15364173196107958
10.1293   9.64314   0.15525875176620554
11.549   9.61706   0.1575613115583895
12.2793   10.835   0.15892731042838337
13.699   10.8099   0.16105964733601005
14.4281   12.0286   0.1616232965880841
15.8477   12.0047   0.16332406436284944
16.5754   13.2244   0.16278144857446103
0.735522   1.21474   0.14600804729877068
1.4708   2.42962   0.1458983913550801
2.89053   2.40032   0.14597880531090823
3.62516   3.61561   0.14607754789836822
5.04485   3.58706   0.14644148353523334
5.77867   4.80289   0.14714273070729675
7.19834   4.77527   0.14816753288085754
7.93137   5.99161   0.14947038937528756
9.35102   5.9649   0.15113458637916066
10.0833   7.1817   0.15286135679104743
11.503   7.15586   0.1549593507988471
12.2346   8.37313   0.15676544549102703
13.6542   8.34823   0.15876946211409781
14.3849   9.5661   0.1601782444653453
15.8045   9.54239   0.16176477026843747
16.534   10.7611   0.1622824697864793
17.9536   10.7389   0.16311863780696664
-19.3904   34.7182   0.1050840140078398
-17.9685   34.6949   0.1051343426288485
-17.9896   32.2459   0.11528338995709779
-17.2613   33.4638   0.11670047129296453
-15.8395   33.4399   0.11649313284481741
-15.1121   34.6585   0.11748974423327274
-13.6905   34.6345   0.11701388806462375
-17.2834   31.0144   0.12666408330699036
-15.8617   30.9902   0.1261959191099301
-15.1334   32.2082   0.1276565313644394
-13.7118   32.1837   0.12701791212266073
-12.9845   33.4025   0.12794225259858596
-11.5631   33.3781   0.12719131259641953
-10.8372   34.5977   0.1271832143012604
-9.41598   34.5737   0.1262868326469562
-15.8858   28.5403   0.1350800503405304
-15.1566   29.7579   0.13688714329695056
-13.7351   29.733   0.13602352737670173
-13.0068   30.9512   0.13751887143225197
-11.5854   30.9262   0.13652065777749528
-10.8584   32.1452   0.13715294382549914
-9.43725   32.1204   0.13607176635878565
-8.71172   33.3403   0.135707000924786
-7.29074   33.3159   0.13452338086741583
-6.56673   34.5368   0.1330680731806094
-5.14595   34.5128   0.13185127378982756
-15.1821   27.3073   0.14483121210567912
-13.7606   27.2822   0.1440469367949219
-13.0313   28.4998   0.14576999005282212
-11.61   28.4743   0.14460902461464908
-10.8819   29.6927   0.14579070615097456
-9.46074   29.6672   0.1445060012594645
-8.73402   30.8865   0.1448182243365804
-7.31306   30.8612   0.1435003696859352
-6.58792   32.0815   0.14276764199215408
-5.16716   32.0566   0.14142690125997992
-4.44363   33.2779   0.13944810360847545
-3.02305   33.2535   0.13812654198234334
-2.30112   34.4757   0.13482911406665882
-0.880717   34.4518   0.13352279329387934
-13.7887   24.831   0.15043806034378301
-13.0585   26.0482   0.15241869964016916
-11.6372   26.0223   0.15119854496654553
-10.9079   27.2401   0.1528148552988225
-9.48683   27.2141   0.15143130488772877
-8.75884   28.4326   0.15235908243357293
-7.33792   28.4068   0.15095748573687853
-6.61146   29.6263   0.15091542697815885
-5.19073   29.6007   0.14951443709555307
-4.46594   30.8212   0.14829177859881545
-3.0454   30.796   0.14694644908945603
-2.3223   32.0175   0.14438989888492906
-0.901933   31.9928   0.14317043105683547
-0.180509   33.2153   0.139178850174874
1.2397   33.1912   0.13807699337688362
1.9595   34.4146   0.1327034818684124
3.37956   34.391   0.13172335556005305
-13.0884   23.596   0.15740673429049978
-11.6673   23.57   0.15605736124899755
-10.9368   24.7872   0.15811707687659815
-9.51584   24.7608   0.15657173563577773
-8.78655   25.9787   0.15809846963206134
-7.36568   25.9523   0.1565174114915016
-6.63783   27.171   0.15724705275457462
-5.21714   27.1448   0.15574800929706983
-4.49092   28.3645   0.15535832774589214
-3.07041   28.3387   0.15400747254597763
-2.34594   29.5594   0.15229828002968362
-0.925602   29.534   0.15111780994972113
-0.202906   30.7558   0.148003464908765
1.21726   30.7308   0.14703183634845918
1.9382   31.9536   0.14239397494276218
3.35822   31.9292   0.14163425997970985
4.07747   33.1529   0.13552078106327442
5.49733   33.1291   0.13498007260332923
-11.7002   21.1172   0.15936313877431033
-10.9688   22.3339   0.1614649187904296
-9.54792   22.3072   0.15989078303642149
-8.8174   23.5245   0.16188166171620574
-7.39663   23.4977   0.16017363359804226
-6.66736   24.7157   0.16152991209060832
-5.24673   24.689   0.15998653068305418
-4.51899   25.9079   0.1604613738567641
-3.09852   25.8815   0.15904961364303882
-2.37252   27.1013   0.15830730400079424
-0.952214   27.0753   0.15716587344585994
-0.228034   28.2962   0.1549878708028471
1.1921   28.2706   0.1541522636875631
1.91442   29.4925   0.1504470754119202
3.3344   29.4674   0.14987141989051816
4.0549   30.6904   0.14463982024325125
5.47472   30.6658   0.14437853025986858
6.19346   31.8898   0.13756457574535713
-11.0038   19.8799   0.16310407720225692
-9.58304   19.8531   0.16142658548083183
-8.85145   21.0698   0.16359677747437507
-7.43079   21.0428   0.16189690824719308
-6.70022   22.2601   0.16375890815464111
-5.27967   22.233   0.16219326866426978
-4.55044   23.4511   0.16332765258828671
-3.13002   23.4242   0.16197342251122568
-2.40241   24.6432   0.16211580089553276
-0.982149   24.6166   0.16106353194003903
-0.256336   25.8367   0.15994316016635415
1.16377   25.8104   0.15920256938881353
1.88768   27.0316   0.15657133965065279
3.30763   27.0057   0.15625101599669675
4.02962   28.2279   0.15204228392128302
5.4494   28.2026   0.15202177475611817
6.16951   29.4259   0.14614877385732647
7.58913   29.401   0.14655048822845984
-8.88853   18.6147   0.16357081157712683
-7.468   18.5874   0.16174685653823406
-6.73633   19.8041   0.16394943153301902
-5.31586   19.7768   0.1623327819634722
-4.5853   20.9942   0.1641202025955366
-3.16494   20.9669   0.16278011426461148
-2.43579   22.1851   0.16379310760834837
-1.01557   22.158   0.16277593679656713
-0.288089   23.3772   0.1626469285415499
1.13199   23.3504   0.16204509778453674
1.85761   24.5706   0.16061127886920046
3.27754   24.5442   0.16043117184637185
4.00122   25.7655   0.1574025733588879
5.42098   25.7395   0.1577081481725023
6.14269   26.9619   0.15303412070515462
7.5623   26.9364   0.15369320902369116
8.28206   28.16   0.14730679583780196
-4.6233   18.537   0.16293362482925378
-3.20301   18.5094   0.161630690155057
-2.47252   19.7269   0.163315247297979
-1.05234   19.6994   0.16235026947929598
-0.323304   20.9177   0.16317853182634046
1.09675   20.8906   0.16273325206914535
1.82408   22.1098   0.16239658740256827
3.24399   22.083   0.16244637915324617
3.96945   23.3033   0.16069776476354658
5.38921   23.2768   0.16120962006034292
6.11269   24.4982   0.15787662556566148
7.5323   24.4721   0.158858514408262
8.25377   25.6947   0.15375077755900837
9.67323   25.6692   0.15513314410531368
-0.361679   18.4583   0.16178639072863954
1.05835   18.4308   0.1614042946175845
1.78722   19.6492   0.16213897156451956
3.20713   19.6219   0.1623263148722348
3.93431   20.8413   0.16184906827041037
5.35408   20.8143   0.1626130895715348
6.07939   22.0348   0.1605989028605114
7.49903   22.0082   0.16185368114442247
8.22235   23.2298   0.1581954768632789
9.64185   23.2038   0.15984068818670577
10.3632   24.4265   0.15451569499568718
3.89609   18.3796   0.16100453689259858
5.31587   18.3523   0.16197141599677412
6.04293   19.5717   0.16133734843488637
7.4626   19.5448   0.16279539305520982
8.18781   20.7654   0.16067862365604282
9.60736   20.739   0.16246840338970503
10.3306   21.9606   0.15871849293639423
11.75   21.9349   0.16079860074018057
8.15034   18.3016   0.16117154711672838
9.56994   18.2749   0.16310748725917
10.2951   19.4955   0.16087019612097217
11.7146   19.4695   0.16313610881714855
12.4379   20.6913   0.1593568322978356
12.4018   18.2257   0.16143277238528742
13.8213   18.2005   0.16361234672236777
-23.6139   42.1201   0.0696549352163939
-22.1919   42.0978   0.06977707359871142
-21.4647   43.3164   0.07008594723623227
-20.0427   43.2945   0.07012082429635332
-19.3161   44.5135   0.07018354508002578
-17.8943   44.4924   0.07011440650821957
-17.1684   45.712   0.06996742099005872
-15.7467   45.6918   0.06980465600516891
-15.0218   46.9121   0.06944767814693323
-13.6003   46.8929   0.06912380197876826
-12.8762   48.1139   0.06857237052924448
-11.4548   48.0956   0.06801249885131462
-10.7315   49.3173   0.06739117152862056
-9.31033   49.2998   0.0663611603274082
-8.58777   50.5222   0.06564575309949683
-7.16672   50.5054   0.06427705655986451
-6.4448   51.7283   0.06365957037241188
-5.0239   51.7123   0.06195532664751347
-22.2101   39.6497   0.0753160009559723
-21.4827   40.8681   0.07594399252080324
-20.0607   40.8457   0.07620643017488798
-19.3338   42.0645   0.07655429445824717
-17.9119   42.0426   0.0767505700304564
-17.1858   43.262   0.07670619270958584
-15.7641   43.2407   0.07674757325153767
-15.0389   44.4609   0.07641426568383683
-13.6174   44.4405   0.07625588501879667
-12.8932   45.6614   0.07548920452621043
-11.4718   45.6418   0.07523104412408353
-10.7486   46.8635   0.07406449891817221
-9.32737   46.8447   0.0734609937313674
-8.60499   48.067   0.07202205495540849
-7.18395   48.049   0.07106802445544672
-6.46236   49.2719   0.06950677952545269
-5.04146   49.2546   0.06815950483975067
-4.32059   50.4781   0.0665607722310972
-21.5011   38.4198   0.08399869046598278
-20.0791   38.3971   0.08433059942867693
-19.3518   39.6157   0.08515609197232993
-17.9299   39.5931   0.0853240294407153
-17.2034   40.8122   0.08563223692044977
-15.7817   40.7901   0.08561763836967168
-15.0561   42.0099   0.0855142678153766
-13.6346   41.9885   0.08547309518205126
-12.9101   43.2091   0.08474573735592827
-11.4887   43.1884   0.08445543203370647
-10.7653   44.4098   0.08314541478638601
-9.34412   44.3899   0.08271519872429775
-8.62173   45.6121   0.0808322955259837
-7.2007   45.5928   0.08003853821753666
-6.47924   46.8157   0.07781619625759219
-5.05835   46.7971   0.07668733663389302
-4.33774   48.0206   0.07418707771573124
-2.917   48.0027   0.07274605418852653
-20.0983   35.9487   0.09372310280822105
-19.3706   37.1669   0.09483211481349617
-17.9487   37.1439   0.09495504199356773
-17.2217   38.3626   0.09569566343361743
-15.7999   38.3398   0.09577583202457716
-15.0738   39.5592   0.09594889264603268
-13.6522   39.5368   0.09577113343800331
-12.9273   40.7571   0.09530183628870932
-11.5059   40.7353   0.09496473029498938
-10.7822   41.9564   0.0936976520516925
-9.36096   41.9354   0.09325715200455163
-8.63835   43.1573   0.09133372870960543
-7.21733   43.1369   0.09059175238397842
-6.49579   44.3595   0.08800673894651515
-5.07493   44.3398   0.08692494981304325
-4.35438   45.5631   0.08383753872818538
-2.93366   45.544   0.0825213481470097
-2.21403   46.7679   0.07908618147312477
-17.2408   35.9132   0.10630470356480178
-15.8191   35.8897   0.1061540861201299
-15.0923   37.1087   0.10679475642558404
-13.6707   37.0855   0.10649525811039706
-12.9452   38.3053   0.10634180739483502
-11.5238   38.2826   0.10588847907114397
-10.7995   39.5033   0.10498428453821117
-9.37827   39.4812   0.10443352000196111
-8.65523   40.7027   0.10260823017672611
-7.23422   40.6812   0.10187015706280239
-6.51239   41.9036   0.09922867529096624
-5.09155   41.8826   0.09819883349612692
-4.37085   43.1058   0.09478702917593737
-2.95017   43.0854   0.09352219201879353
-2.23052   44.3093   0.0894439204194451
-0.809974   44.2896   0.08794447348185128
-12.9641   35.8538   0.117402044275217
-11.5427   35.8302   0.11682812161461774
-10.8177   37.0504   0.11630447110923961
-9.39646   37.0273   0.11561193753242009
-8.67279   38.2484   0.11416063288191668
-7.25179   38.2258   0.11330064474662127
-6.52945   39.4478   0.1108691643334611
-5.10863   39.4258   0.10977249200050107
-4.38757   40.6486   0.1063423758433106
-2.96691   40.6271   0.10510943107067067
-2.24703   41.8507   0.10087189697829615
-0.826525   41.8299   0.09941635157759528
-0.107766   43.0542   0.0944109744097582
-8.69146   35.7943   0.12533224485342911
-7.27047   35.7707   0.12433150244407042
-6.54741   36.9922   0.12232325371735332
-5.12661   36.9692   0.1211443585149553
-4.40495   38.1915   0.11802125274712112
-2.98432   38.169   0.11674907965376011
-2.26399   39.3923   0.11258565628000738
-0.843522   39.3703   0.11118488980522487
-0.124448   40.5944   0.10603113924220577
1.29588   40.5731   0.10453754540833676
-4.42347   35.7347   0.12921106763741244
-3.00287   35.7112   0.12794805547564972
-2.28186   36.9339   0.12407734523272194
-0.861421   36.911   0.1227353495778622
-0.141806   38.1346   0.1177093262065502
1.27848   38.1123   0.1163530042585928
1.99677   39.3367   0.11028420965850001
-0.160321   35.6749   0.1289265183311798
1.25993   35.6517   0.12769788565203424
1.97885   36.8757   0.121824073565121
3.39895   36.853   0.1206678188250701
4.09783   35.6154   0.1250621545472493
-28.5484   50.7501   0.09339052414458289
-27.8203   51.9681   0.09222786997432154
-26.3983   51.9462   0.09152169141793712
-27.8399   49.52   0.08299620473250571
-26.4179   49.4977   0.0826328022034817
-25.6901   50.716   0.08155452164043364
-24.2681   50.6946   0.0809079724131052
-23.5404   51.9131   0.0801484248129682
-22.1185   51.893   0.07913924437344698
-26.4366   47.0495   0.07495738789472352
-25.709   48.2678   0.074257996202428
-24.2869   48.246   0.07370284933433728
-23.5595   49.4645   0.0730709928767902
-22.1375   49.4437   0.07235143398717137
-21.4105   50.6625   0.0719697853268973
-19.9886   50.6429   0.07106862880343508
-19.2621   51.8623   0.07102485480449967
-17.8404   51.8441   0.06970638421263971
-25.7273   45.8199   0.06920447962379397
-24.3053   45.7978   0.06900768073192991
-23.5779   47.0162   0.068504598385803
-22.1559   46.9947   0.06818284241654851
-21.4289   48.2136   0.06782071954793867
-20.007   48.1931   0.06722625975018862
-19.2806   49.4124   0.06711683842375281
-17.8588   49.3931   0.06637356401459908
-17.1331   50.6131   0.06647774063549311
-15.7115   50.595   0.0653671171155672
-14.9864   51.8156   0.06565950045499681
-13.565   51.7986   0.06427542298577124
-24.3233   43.3497   0.06744664558004357
-23.596   44.5681   0.06736490184064724
-22.1739   44.5462   0.06727644461473868
-21.4469   45.7649   0.0671501303051612
-20.0249   45.7436   0.06698522225088244
-19.2985   46.9628   0.06679378713622913
-17.8767   46.9425   0.06649285675920234
-17.151   48.1624   0.06631711694577792
-15.7293   48.1432   0.06585362556458159
-15.0044   49.3637   0.0657772757112957
-13.5829   49.3456   0.06492973124848199
-12.8587   50.5667   0.06493211840068235
-11.4374   50.5496   0.06371349935453322
-10.7139   51.7714   0.06376315550535315
-9.29267   51.7551   0.06226636411418307
-39.0272   69.2963   0.16316608103401817
-38.3327   68.0579   0.1609723578755089
-36.9119   68.0319   0.16242949239593993
-36.1793   69.248   0.16069103895363782
-34.7585   69.2231   0.1617903581799622
-36.9475   65.5783   0.1607291510585445
-36.2155   66.7947   0.15869747950109103
-34.7946   66.7696   0.15986153383475965
-34.0623   67.9859   0.15820104298012821
-32.6414   67.9623   0.15893423168090567
-31.909   69.1787   0.1578762806757185
-30.4881   69.1571   0.15765893568079214
-36.2491   64.3422   0.1553422350811233
-34.828   64.317   0.15643743158209372
-34.0963   65.5335   0.15453688880005134
-32.6752   65.5097   0.15515286010899276
-31.9433   66.7262   0.1537018542503587
-30.5222   66.7042   0.1536685068581072
-29.7903   67.9208   0.15305518612578597
-28.3693   67.9009   0.15206820838032215
-27.6374   69.1178   0.152054102213646
-26.2164   69.1002   0.14985362858469464
-34.8587   61.8653   0.15142331392490244
-34.1277   63.0821   0.14935933181425254
-32.7064   63.058   0.15000989967332182
-31.9751   64.2747   0.14832757666732124
-30.5538   64.2523   0.14837280748168924
-29.8225   65.4691   0.14734893959577622
-28.4012   65.4486   0.14658011461313422
-27.6699   66.6657   0.14614588601805084
-26.2487   66.6474   0.14439463286423931
-25.5175   67.8647   0.1445971645641814
-24.0964   67.8487   0.14163597706797684
-23.3652   69.0662   0.14243658237967652
-21.9442   69.0524   0.13804904925423164
-34.1566   60.6314   0.14296817827754307
-32.7351   60.6072   0.1434678361166748
-32.0045   61.8241   0.14169707124707906
-30.583   61.8013   0.14177891239532045
-29.8523   63.0183   0.14042086739512302
-28.4308   62.9973   0.13971778698505158
-27.7001   64.2144   0.1391372703483918
-26.2787   64.1955   0.1375886986638148
-25.548   65.4129   0.13754370214590558
-24.1267   65.3962   0.13496625504177054
-23.3962   66.6139   0.1355647077966847
-21.975   66.5992   0.13177488379809735
-21.2445   67.8173   0.1326385313549565
-19.8234   67.8046   0.1276964369119291
-19.0931   69.0229   0.12888114679812
-17.6721   69.0121   0.12269400963372393
-32.7613   58.157   0.1356173292761662
-32.0315   59.3742   0.1338443125425943
-30.6098   59.351   0.13388211232274538
-29.8797   60.5682   0.13241249940999172
-28.4581   60.5467   0.13184839779079682
-27.728   61.764   0.13095262502141525
-26.3064   61.7444   0.1296472907545688
-25.5764   62.962   0.129359730983021
-24.1549   62.9444   0.1272347829801268
-23.425   64.1623   0.12751525398947333
-22.0036   64.1468   0.12421437114923846
-21.2738   65.365   0.125082292911512
-19.8525   65.3514   0.12066341616248405
-19.1229   66.57   0.12179958949028108
-17.7017   66.5582   0.11636090408724326
-16.9723   67.777   0.11779664681135855
-15.5512   67.7669   0.11112254496725317
-32.0563   56.9248   0.12496755578949179
-30.6345   56.9014   0.12496791588243542
-29.905   58.1188   0.12335359743436987
-28.4833   58.0968   0.12301666553763972
-27.7537   59.3143   0.12186554065854607
-26.332   59.2939   0.12082789413045242
-25.6025   60.5117   0.12027622375182953
-24.1809   60.4933   0.11838754157427572
-23.4516   61.7114   0.11846387635055734
-22.0301   61.695   0.11575296972432478
-21.3009   62.9134   0.11639703604473449
-19.8795   62.8989   0.11258325808041221
-19.1506   64.1176   0.11374572519440057
-17.7293   64.1048   0.10901532002430006
-17.0005   65.3239   0.1103643964329099
-15.5793   65.3127   0.10453592683857098
-14.8507   66.5321   0.10603985099951516
-30.6572   54.4522   0.11525580245696895
-29.9284   55.6699   0.11369283178811357
-28.5065   55.6475   0.11333490194992603
-27.7775   56.8652   0.11204217955751967
-26.3557   56.8442   0.11126814458774906
-25.6267   58.0621   0.11044609544931822
-24.205   58.0428   0.10899770639788647
-23.4762   59.2611   0.10875279306757867
-22.0546   59.2437   0.10657936010316903
-21.3261   60.4623   0.10709967320211483
-19.9046   60.4468   0.10386683782612907
-19.1763   61.6658   0.10483591941696829
-17.7549   61.6519   0.10080719220373269
-17.0268   62.8713   0.10197534015633646
-15.6055   62.859   0.09708563230467991
-14.8776   64.0786   0.09862672051731221
-13.4564   64.0678   0.09280635754084378
-29.9501   53.2213   0.10371306571498058
-28.5282   53.1986   0.10338655618599606
-27.7996   54.4165   0.10203386692662292
-26.3777   54.3949   0.10133419955770274
-25.6492   55.613   0.10036852096150466
-24.2274   55.5929   0.09926348774851569
-23.4991   56.8113   0.098823934347909
-22.0774   56.7929   0.097160485795409
-21.3494   58.0117   0.09726628398371219
-19.9277   57.9951   0.09475642458429838
-19.2001   59.2143   0.09557039290491585
-17.7786   59.1994   0.0921284972199197
-17.0512   60.419   0.0933154863889183
-15.6298   60.4056   0.0891781924015043
-14.9026   61.6255   0.09069145494477278
-13.4814   61.6135   0.08573324909275294
-12.7544   62.8337   0.08741384329727095
-11.3333   62.823   0.08182304076481305
-25.6702   53.1643   0.0905360149332855
-24.2483   53.1435   0.08963291806027365
-23.5204   54.362   0.08905666735287007
-22.0986   54.3427   0.08769207489847856
-21.371   55.5616   0.0876242546330642
-19.9493   55.544   0.0856428047182016
-19.2222   56.7633   0.08627850253684284
-17.8006   56.7473   0.08351969827531688
-17.0738   57.967   0.08460153662906938
-15.6523   57.9525   0.08121508480572008
-14.9258   59.1726   0.08258389673538119
-13.5045   59.1594   0.07857862304724074
-12.7783   60.38   0.08015796903614406
-11.3571   60.3679   0.07553866559583916
-10.6312   61.5888   0.07729902974811692
-21.3913   53.1119   0.07887445720890912
-19.9695   53.0932   0.07751619185692689
-19.2428   54.3126   0.07780880412909265
-17.8211   54.2955   0.07579023683826605
-17.0948   55.5154   0.07656069487667792
-15.6733   55.4997   0.07389566969721634
-14.9474   56.72   0.0751356772778438
-13.5261   56.7056   0.07198096970727909
-12.8005   57.9264   0.07338426261808581
-11.3793   57.9131   0.06969942610954444
-10.6541   59.1343   0.07132699348773773
-9.233   59.122   0.06716368736154914
-17.1145   53.0641   0.07017805924931199
-15.6929   53.0472   0.06830556346301575
-14.9675   54.2677   0.0690810393668206
-13.5461   54.252   0.0668832564996627
-12.8212   55.473   0.06792885984616712
-11.3999   55.4584   0.06509854069025231
-10.6754   56.6798   0.06649436066314172
-9.25425   56.6663   0.06324839997976131
-8.53011   57.8881   0.06468464732840203
-12.8405   53.0198   0.06472673327150107
-11.4192   53.0039   0.0628961048078498
-10.6952   54.2255   0.06363308887677933
-9.27407   54.2106   0.061314860352120394
-8.55059   55.4327   0.06222852159581112
-7.12956   55.4187   0.059489418386802176
-8.56973   52.9774   0.06240114181647639
-7.14868   52.962   0.060422486708177334
-6.42628   54.1847   0.060791437719468426
-48.649   86.6919   0.14601143790813062
-47.2292   86.6626   0.14590633982113424
-47.2802   84.2037   0.14596718809376294
-46.5447   85.4184   0.14597979312219642
-45.1249   85.3899   0.1460733377451206
-44.3896   86.6048   0.14636092374674264
-42.9699   86.5773   0.14683153612218414
-46.595   82.9599   0.146050984248652
-45.1752   82.9312   0.14648604029053158
-44.4398   84.1461   0.14643414902269195
-43.0199   84.1185   0.14713167571940342
-42.2847   85.3336   0.1476184609051325
-40.8649   85.3071   0.14858687694409697
-40.1301   86.5226   0.14972391258580228
-38.7104   86.4972   0.15124711567497023
-45.2242   80.473   0.1475318948566747
-44.4892   81.688   0.14712559260713215
-43.0692   81.6602   0.14810573925408524
-42.334   82.8752   0.14818184774121237
-40.9141   82.8486   0.1494390845796374
-40.1791   84.0638   0.15012141752594857
-38.7592   84.0383   0.15169162798256258
-38.0245   85.2539   0.15286844016996978
-36.6047   85.2296   0.15444724018252973
-35.8704   86.4455   0.15620524959168636
-34.4507   86.4224   0.15748377694226545
-44.5372   79.2303   0.14861443402307747
-43.1172   79.2023   0.15006578557419667
-42.3824   80.4175   0.14943670901086992
-40.9624   80.3905   0.15105743940634117
-40.2274   81.6058   0.15111829803170776
-38.8075   81.58   0.1528514965579355
-38.0727   82.7954   0.15364403665616058
-36.6528   82.7708   0.15530515123459926
-35.9183   83.9866   0.15670654102493908
-34.4985   83.9634   0.15792181609898553
-33.7642   85.1794   0.1596576650211291
-32.3444   85.1578   0.1601608254224536
-31.6105   86.3742   0.1620753219956667
-30.1908   86.3544   0.1613196206293591
-43.1637   76.7447   0.15286611789405918
-42.4294   77.9601   0.15162542662759448
-41.0093   77.9329   0.15348752392295686
-40.2747   79.1483   0.15288953528609922
-38.8547   79.1221   0.15478791942525613
-38.1201   80.3376   0.1549275314461582
-36.7001   80.3126   0.1567957269825924
-35.9656   81.5284   0.15757223740240173
-34.5457   81.5048   0.15897524964597218
-33.8114   82.7208   0.160269398201902
-32.3915   82.699   0.16079518027602838
-31.6574   83.9152   0.16247766000284067
-30.2375   83.8953   0.16176850744195614
-29.5037   85.1119   0.16358105024726174
-28.0839   85.0941   0.16143091401587126
-27.3503   86.3111   0.16312553448189132
-25.9306   86.2957   0.15934710540201272
-42.4749   75.5031   0.15446145150165655
-41.0547   75.4757   0.15645181366797611
-40.3206   76.6912   0.1552007731939527
-38.9004   76.6647   0.1571829507293962
-38.1662   77.8803   0.1567017868436688
-36.7461   77.855   0.15858165089315693
-36.0118   79.0707   0.1587749980318011
-34.5918   79.0469   0.160200936326855
-33.8576   80.2628   0.16110592788596942
-32.4376   80.2407   0.16161834673080475
-31.7035   81.4569   0.16293188760951755
-30.2836   81.4368   0.16236388145150382
-29.5496   82.6533   0.16397417479590512
-28.1297   82.6354   0.16188983908818294
-27.396   83.8522   0.1636166556313943
-25.9761   83.8367   0.15989140064431423
-25.2426   85.0539   0.16142973703751462
-41.0985   73.0189   0.1594315527115017
-40.3648   74.2347   0.15766159963668996
-38.9446   74.2079   0.1597185023721426
-38.2107   75.4236   0.15863562021185598
-36.7905   75.398   0.16042820824281498
-36.0566   76.6138   0.16007960519692088
-34.6364   76.5896   0.16140885973204344
-33.9025   77.8056   0.1617969406385737
-32.4823   77.7832   0.16230727032391534
-31.7485   78.9994   0.16328864014377287
-30.3284   78.979   0.1628232784340093
-29.5946   80.1955   0.16405325354896713
-28.1745   80.1774   0.16217163747091198
-27.4408   81.3941   0.16375890815464736
-26.0208   81.3784   0.1601138969608876
-25.2872   82.5954   0.1618366151400879
-23.8673   82.5821   0.1565967432611624
-40.4073   71.7786   0.15989981238263337
-38.9869   71.7517   0.1618284894572026
-38.2535   72.9676   0.16027011574214442
-36.8331   72.9417   0.16200083333118867
-36.0996   74.1576   0.16105862286757827
-34.6792   74.1331   0.16234956113275803
-33.9456   75.3492   0.16212960864691434
-32.5253   75.3265   0.16268365006969693
-31.7918   76.5427   0.16317407882381768
-30.3715   76.522   0.16277545883824218
-29.638   77.7385   0.16375854176194887
-28.2177   77.7201   0.1619719420146623
-27.4842   78.9368   0.16332363576653444
-26.0641   78.9208   0.1600144368486824
-25.3306   80.1378   0.16151956537831708
-23.9105   80.1243   0.1565103830421485
-23.1772   81.3416   0.15802341598636407
-38.2943   70.5124   0.16121147601830382
-36.8737   70.4863   0.16276553689279297
-36.1406   71.7023   0.16136477310739777
-34.72   71.6776   0.1626164198351398
-33.9868   72.8937   0.16182923098130667
-32.5663   72.8707   0.1624617185677935
-31.8331   74.0869   0.16244629881902745
-30.4126   74.066   0.16202249843771915
-29.6794   75.2824   0.16267430651458456
-28.259   75.2638   0.16106672530352262
-27.5258   76.4805   0.16211196747926673
-26.1054   76.4642   0.15903615941036556
-25.3723   77.6812   0.16042378252615344
-23.952   77.6673   0.15578934495016625
-23.219   78.8846   0.1572067428579254
-21.7988   78.873   0.15094638120869022
-34.0257   70.4393   0.1605611721432021
-32.605   70.416   0.1612008374668094
-31.8722   71.6323   0.1607166761726979
-30.4515   71.611   0.16035654024703722
-29.7187   72.8275   0.16057428187602021
-28.2981   72.8085   0.15920760032109685
-27.5653   74.0252   0.15990015634764002
-26.1447   74.0085   0.15720502536497075
-25.412   75.2255   0.158357096462394
-23.9915   75.2112   0.15400704529338405
-23.2588   76.4285   0.15533689194778935
-21.8384   76.4165   0.1495350794964185
-21.1059   77.6341   0.15095115103899706
-29.7557   70.3736   0.15740867193392047
-28.3349   70.3542   0.1562225015802733
-27.6025   71.571   0.15653849366848777
-26.1817   71.5539   0.15415566807613773
-25.4495   72.7709   0.15506727572250703
-24.0287   72.7561   0.1511080739073819
-23.2965   73.9735   0.15225718373856303
-21.8759   73.9609   0.14700914937513684
-21.1438   75.1786   0.14822907946823558
-19.7233   75.1681   0.14147088039593225
-25.4846   70.3173   0.15047275500899968
-24.0637   70.302   0.14699619042681963
-23.332   71.5194   0.14800074324137918
-21.9111   71.5062   0.1431447169824917
-21.1796   72.7239   0.14443261404544638
-19.7588   72.7128   0.13818057026948047
-19.0274   73.9309   0.1394886733753053
-21.2131   70.2702   0.139170147661057
-19.7922   70.2584   0.13349614226635903
-19.0613   71.4765   0.13485792523986337
-17.6405   71.4665   0.12795292102958006
-16.9421   70.2307   0.12413746412747671
20.0597   9.47521   0.16239272181966743
20.7881   10.6949   0.1620438520894883
22.2076   10.6766   0.16061771384252624
22.9344   11.8974   0.15913849314355188
24.3539   11.881   0.15661487796502518
25.0791   13.1029   0.1541936769131591
26.4985   13.0883   0.1504492605498619
27.2223   14.3112   0.14703866838352536
28.6417   14.2982   0.14245385217676648
29.3642   15.522   0.13806273936149485
30.7837   15.5103   0.1327083267922543
31.5052   16.7347   0.12768057800621035
32.9247   16.7241   0.12187292562337111
20.7464   8.2321   0.1624562221030632
22.1659   8.21399   0.1606810555105983
22.8947   9.43369   0.16040050997425143
24.3142   9.41761   0.15740427217836328
25.0415   10.6384   0.15626935080174734
26.4609   10.6242   0.15202424148799404
27.1867   11.846   0.1498797518012345
28.6061   11.8336   0.144612240145847
29.3306   13.0563   0.1415755981799122
30.75   13.0453   0.1355052028521425
31.4733   14.2687   0.1317770845025781
32.8927   14.2589   0.12499815998645535
33.6151   15.4829   0.12067137191562598
35.0346   15.4739   0.11373596616726009
35.7564   16.6984   0.10898210862338832
37.1759   16.69   0.10200495086023927
22.1224   5.75247   0.160641481566873
22.8529   6.97119   0.16123404386171075
24.2724   6.95536   0.15786513262908994
25.0016   8.17506   0.15770307574679693
26.4211   8.16125   0.15302463723204676
27.1488   9.38197   0.1520036920604235
28.5683   9.36998   0.14614457533552153
29.2947   10.5916   0.14437998476243066
30.7141   10.5812   0.13758553703060483
31.4393   11.8037   0.13502892282766757
32.8587   11.7945   0.127500352940688
33.5829   13.0177   0.12425960727444813
35.0023   13.0095   0.11644286152443885
35.7256   14.2333   0.11253719385163367
37.1452   14.2258   0.10481531376664503
37.8679   15.4498   0.1007993055531625
39.2875   15.4428   0.09329078196692511
40.0098   16.667   0.08916664174454385
22.8092   4.50976   0.1618523635910211
24.2288   4.49413   0.15820782186731475
24.9596   5.7129   0.15885098551787422
26.3792   5.69939   0.15373734094227068
27.1088   6.91908   0.15367973191022877
28.5283   6.90751   0.1473289190892271
29.2566   8.12813   0.1465678617569348
30.6761   8.11824   0.13913580020972358
31.4031   9.33973   0.13761697896698719
32.8226   9.33121   0.12935911255106855
33.5485   10.5535   0.1271359115277813
34.968   10.546   0.11859139935088231
35.693   11.7689   0.11574528068132947
37.1125   11.7622   0.10709897291757575
37.8367   12.9855   0.10391462842160397
39.2563   12.9794   0.09550481663246409
39.9799   14.203   0.0921273575003668
41.3996   14.1972   0.084578484261661
24.1838   2.03376   0.15872892112025472
24.916   3.25179   0.15987301085549144
26.3355   3.2385   0.15448472545853834
27.0668   4.45732   0.15514098620287303
28.4863   4.44608   0.1483650214841757
29.2164   5.66575   0.14838245347749196
30.6359   5.65631   0.1404357237315348
31.3648   6.87681   0.13978937334432856
32.7842   6.86888   0.1309106657228509
33.512   8.09016   0.12967585897151448
34.9315   8.08341   0.12029285473377113
35.6582   9.30537   0.11845379901041599
37.0777   9.29951   0.10882300124514066
37.8036   10.522   0.10661224132340516
39.2231   10.5168   0.09721136764802714
39.9483   11.7396   0.0947561607495822
41.3679   11.7348   0.0862948434148872
42.0926   12.9579   0.08354795030400013
24.8712   0.791629   0.1607709623159605
26.2909   0.778451   0.15532521116998363
27.0232   1.9966   0.1563900332502046
28.4428   1.98558   0.14938725648461437
29.1744   3.20445   0.1500250299116784
30.5939   3.19535   0.14168325271534402
31.3244   4.41498   0.14174774248643257
32.7439   4.40751   0.1324027828257383
33.4734   5.62788   0.1318980519188967
34.8929   5.62172   0.12186787927916072
35.6213   6.84278   0.12079954842630826
37.0408   6.83763   0.11044266793228022
37.7684   8.05926   0.10903310689877639
39.1878   8.05483   0.09881474029718401
39.9146   9.27693   0.09705288506788375
41.3342   9.27294   0.0876735992189214
42.0603   10.4954   0.08565944197810217
43.4799   10.4916   0.0777602083330536
29.1312   0.744176   0.15142025558359112
30.5508   0.735264   0.14293456273763874
31.2825   1.95419   0.14345996793530952
32.7021   1.94703   0.13381267354028917
33.433   3.16662   0.13388594735818957
34.8525   3.1609   0.12339047005340434
35.5825   4.38114   0.1230106601071634
37.002   4.37655   0.11208630603245048
37.7311   5.59737   0.11126755861435936
39.1506   5.59361   0.10041314107227217
39.8788   6.81493   0.09926394914569917
41.2984   6.81172   0.08907597880461379
42.026   8.03343   0.08770118813334347
43.4455   8.03053   0.07889703986842606
44.1726   9.2525   0.07750259673069311
33.3914   0.706351   0.13563796138618417
34.811   0.700861   0.12490950093567751
35.5421   1.92044   0.12501502949645718
36.9616   1.91621   0.11368663245958162
37.692   3.13634   0.11336197069564342
39.1115   3.13306   0.10205056638745368
39.8412   4.35369   0.10136059836050726
41.2607   4.35108   0.0905456619612451
41.9896   5.57212   0.08961301746956273
43.4092   5.56992   0.08015984593298496
44.1375   6.79127   0.07915187679392105
45.5571   6.78924   0.07196257708003442
37.6518   0.676158   0.11530158340630031
39.0713   0.673124   0.10369305195624283
39.802   1.8932   0.10335743611371215
41.2215   1.89097   0.0922010569353738
41.9516   3.11144   0.0915711177173239
43.3711   3.10974   0.0815766026505154
44.1006   4.33054   0.08089646716637297
45.5201   4.32913   0.07303579670271264
46.2492   5.55015   0.07241027620441749
41.9123   0.651391   0.0933889601398369
43.3319   0.649938   0.08301672074949726
44.0622   1.87032   0.08259698783854058
45.4817   1.86929   0.07424097857652466
46.2117   3.0899   0.07369508531781481
47.6312   3.08904   0.06851297395384331
46.173   0.630019   0.07494796928536528
47.5926   0.629398   0.06921399587511212
48.3228   1.84989   0.06899774199203923
15.9277   16.9326   0.16379612327524806
16.6145   15.6888   0.16222999106207087
18.034   15.6663   0.1633246154135991
18.7579   16.8883   0.15995314939068858
20.1774   16.8675   0.16046510524098206
17.9949   13.202   0.16374559536060967
18.721   14.4228   0.16197672672331653
20.1405   14.4022   0.16209873534361585
20.8647   15.6241   0.15904508794678143
22.2842   15.6053   0.15834730815520712
23.0068   16.8284   0.15401720683092446
24.4263   16.8114   0.15226861134193173
18.6816   11.9585   0.1627702982733644
20.1012   11.9381   0.16262478285919338
20.8276   13.1589   0.16106480062384848
22.2471   13.1403   0.16000528116284182
22.9718   14.3623   0.15719347950853518
24.3912   14.3456   0.15494550654988498
25.1144   15.5686   0.15109923891271043
26.5338   15.5536   0.14804992401213907
27.2556   16.7775   0.14314932762678326
28.6751   16.764   0.1391955818264384
6.21499   34.3538   0.12749006863281645
7.6347   34.3306   0.12718997602012533
7.61312   31.8658   0.13761949316866443
8.33022   33.0908   0.12934966408924287
9.74972   33.0673   0.12969304376102656
10.4653   34.2932   0.12024712054764529
11.8847   34.2704   0.12085284440177728
8.30743   30.6254   0.13911102616255902
9.7269   30.6011   0.13979561366509344
10.4435   31.8264   0.130971561798736
11.8628   31.8028   0.13186735759845886
12.5779   33.029   0.121870012718468
13.9971   33.0059   0.12303605162715686
14.7108   34.2329   0.11207180733797478
16.1299   34.2104   0.11335334137112855
9.70151   28.135   0.1483928640467586
10.4194   29.3596   0.14043425508044632
11.8387   29.3352   0.14173489337491946
12.5549   30.5608   0.13236517668933942
13.9741   30.5371   0.13383280614258994
14.6888   31.7636   0.12332355817117906
16.1079   31.7406   0.12503703451377807
16.8213   32.9678   0.11370831104189678
18.2403   32.9455   0.11527050793676724
18.9527   34.1733   0.10368418394335795
10.3927   26.8929   0.14832568894159862
11.812   26.868   0.14995562677005478
12.5297   28.0928   0.14166767450621906
13.9489   28.0686   0.14348651504583976
14.6649   29.2944   0.1338425194024679
16.084   29.2709   0.13570578469615724
16.7985   30.4976   0.1249257779643578
11.7825   24.4011   0.15636223968720891
12.5019   25.625   0.14940980556844274
13.9211   25.6004   0.15143625721735096
14.6386   26.8254   0.14292218162342868
12.4713   23.1578   0.15538432996927215
33.6455   17.949   0.11630997377696853
35.065   17.9391   0.11030058930033022
35.7853   19.1643   0.10455147057789282
37.2049   19.1549   0.09858625664868423
37.9249   20.3803   0.09281643173490585
37.8972   17.9147   0.09714200945008372
39.3169   17.9067   0.09072805519793779
20.3717   34.1516   0.1051431880817768
18.2175   30.475   0.12660098735791928
18.9309   31.7024   0.11520503461220888
20.3499   31.6806   0.1167208636020149
21.0624   32.9086   0.10512216702485025
22.4813   32.8876   0.1063219168375002
23.1932   34.116   0.09497583903288127
24.6122   34.0957   0.0957441382017721
16.0578   26.8017   0.14493505442093713
16.7737   28.0276   0.13508327061483275
18.1928   28.0049   0.13692034180500773
18.9074   29.2317   0.12616568471656625
20.3265   29.21   0.12772826625300873
21.04   30.4374   0.11643702160395675
22.4591   30.4167   0.11751174409394205
23.1719   31.6446   0.10617584471055518
24.5909   31.6247   0.10672253745109497
25.3033   32.853   0.09573969918482099
26.7224   32.8339   0.09592841080722571
27.4344   34.0624   0.08563352147377837
28.8536   34.0439   0.08555939457476479
13.8906   23.1329   0.15746812375842895
14.6099   24.3569   0.15040106382602514
16.0291   24.333   0.15238940251867936
16.7467   25.5581   0.14394891454957326
18.1659   25.5354   0.14569200389863504
18.882   26.7614   0.13607016572342598
20.3011   26.7398   0.13747603427507127
21.016   27.9666   0.1270477862853174
22.4351   27.9462   0.1279210303273062
23.1491   29.1736   0.11698264828597564
24.5683   29.1542   0.11738198328534076
25.2816   30.382   0.10642725214906187
26.7008   30.3635   0.1063728348780856
27.4138   31.5916   0.0957410570236193
28.833   31.5739   0.09530671539823413
29.5458   32.8021   0.08550374260814306
30.9651   32.785   0.08471576004498975
13.8573   20.6662   0.16149380793083065
14.5786   21.8892   0.15608760360771815
15.9979   21.8652   0.15804568959639398
16.7174   23.0893   0.1511614368812369
18.1366   23.0666   0.15280094894993343
18.8545   24.2917   0.1446867651169276
20.2737   24.2703   0.14582156904930238
20.9901   25.4964   0.1364443842743257
22.4093   25.4763   0.13704404401505732
23.1247   26.703   0.12710617608912775
24.5439   26.6841   0.1272277092460587
25.2585   27.9114   0.11687912559563476
26.6778   27.8936   0.11637125933837922
27.3918   29.1212   0.10590967850012424
28.8111   29.1043   0.10501623683983413
29.5249   30.3321   0.0949244963115425
30.9443   30.3158   0.09376075938258924
31.6579   31.5437   0.08445478080014215
14.5447   19.4224   0.15989161954273998
15.9641   19.3983   0.16184711922057857
16.6856   20.6214   0.15660935476528848
18.1049   20.5987   0.15811925878905458
18.8247   21.8229   0.1514239413038761
20.244   21.8017   0.1523958004670747
20.9622   23.0268   0.14455452258576998
22.3814   23.0071   0.1447531001395113
23.0984   24.2331   0.13600316172795499
24.5177   24.2147   0.13576590146277595
25.2337   25.4413   0.12633942377579552
26.653   25.4242   0.12528487538406177
27.3683   26.6512   0.11560661745765484
28.7877   26.6351   0.11408983302643491
29.5026   27.8624   0.1044144625997761
30.922   27.847   0.10265008524107522
31.6366   29.0745   0.09329163949679561
33.0561   29.0597   0.09129348279039333
16.6513   18.1545   0.16022243912760983
18.0707   18.1319   0.16151956537831363
18.7925   19.355   0.15650364213014242
20.2119   19.334   0.15729062273384406
20.932   20.5582   0.15095168101084536
22.3514   20.5388   0.15096108770143662
23.0701   21.7639   0.14354166642477048
24.4894   21.746   0.14282149698137261
25.207   22.9719   0.1344827498231638
26.6264   22.9553   0.13310931597750672
27.3431   24.1818   0.12431335406946556
28.7625   24.1663   0.12229775141023519
29.4786   25.3931   0.11328667176680629
30.8981   25.3786   0.11088971999243281
31.6138   26.6056   0.10190098134954396
33.0334   26.5917   0.0992221749408878
33.749   27.8188   0.09062323101721834
20.8996   18.0906   0.15571127126833267
22.319   18.0715   0.15541232254876022
23.0396   19.2957   0.14951100293958267
24.459   19.2782   0.1482887048969033
25.1783   20.5032   0.14142906349120896
26.5977   20.4872   0.13948480203950325
27.316   21.7129   0.13188074158117127
28.7354   21.6982   0.12919849070325853
29.4529   22.9243   0.12118329092742189
30.8724   22.9106   0.11804325478400081
31.5894   24.1371   0.1097380517414099
33.0089   24.124   0.10635252700335703
33.7257   25.3507   0.09823716201112498
35.1453   25.3382   0.0947630729767667
25.1474   18.0354   0.14691473717772668
26.5668   18.0199   0.14440394731447076
27.2868   19.2448   0.13815578163797454
28.7063   19.2307   0.1348306715847699
29.4253   20.4561   0.12797573988846445
30.8448   20.4431   0.12405712393893262
31.5632   21.669   0.11673666947450542
32.9827   21.6568   0.11257859476827875
33.7007   22.883   0.10511698245288487
35.1203   22.8713   0.10091015806151446
35.838   24.0976   0.09355009353282334
29.3958   17.9886   0.1335709923598687
30.8152   17.9763   0.12888417280643968
31.5351   19.2015   0.12269983700070579
32.9546   19.1901   0.11774502112615857
33.674   20.4157   0.11123713408749823
35.0935   20.405   0.10599061279188908
35.8125   21.6307   0.09945803134991242
37.2321   21.6204   0.09437420198338155
-2.89983   50.4615   0.06488566020316042
-2.17965   51.6855   0.06358743979749507
-0.759023   51.6697   0.06166497576420527
-2.19719   49.2267   0.07027502330131255
-0.776579   49.2095   0.06852341757384875
-0.0575345   50.4341   0.06618564684287682
1.36295   50.4177   0.06436307093357203
2.08126   51.6428   0.06273811919399576
3.50161   51.6271   0.061073139758816966
-0.793452   46.7495   0.07747297657893396
-0.0746923   47.9741   0.07390737833051586
1.34576   47.9563   0.0721567910871876
2.06369   49.1815   0.0688963431540452
3.48402   49.1645   0.06712477634972046
4.20119   50.3902   0.06469862749703494
5.62139   50.374   0.06323800755874673
6.33786   51.6002   0.062245999068213285
7.75795   51.5846   0.06129543947146546
-0.0913154   45.5141   0.08350147309934125
1.3291   45.4951   0.08185261205361734
2.04683   46.7202   0.07730964752215612
3.46712   46.702   0.07557033544983123
4.18398   47.9277   0.0713495788354775
5.60415   47.9102   0.06972253868011469
6.32022   49.1365   0.06647244617132726
7.74027   49.1197   0.06508997541864739
8.45564   50.3464   0.06361373751007085
9.87556   50.3303   0.06289475415326778
10.5903   51.5574   0.06374998039215478
12.0101   51.5417   0.06374103858582686
1.31261   43.034   0.09285366390186238
2.03031   44.259   0.08738865830300895
3.45056   44.2396   0.08573415946983987
4.16729   45.4652   0.08019795820343598
5.58742   45.4466   0.07856392301813826
6.30325   46.6728   0.07339402972994526
7.72326   46.6548   0.07197890593778145
8.43829   47.8816   0.06792512127335561
9.85817   47.8643   0.06688262928444043
10.5725   49.0915   0.0647502123548657
11.9923   49.0746   0.06426865487934183
12.706   50.3022   0.0649414351550676
14.1256   50.2856   0.06492973124848199
14.8389   51.5135   0.06862113377087299
16.2584   51.4969   0.06914990961671554
2.01377   41.7978   0.09858527476251205
3.43397   41.7773   0.09709018281989204
4.15076   43.0028   0.09066725759611347
5.57084   42.983   0.08917316636746747
6.28662   44.2091   0.08260030811080557
7.70656   44.19   0.08121363247632714
8.42143   45.4167   0.07513807889479206
9.84125   45.3982   0.07394235660296605
10.5553   46.6254   0.06913096267230782
11.975   46.6075   0.06837872476143529
12.6883   47.8351   0.06565950045499781
14.1079   47.8175   0.06538363709675428
14.8207   49.0455   0.0657800121617495
16.2402   49.028   0.06588603797467414
16.9525   50.2562   0.06941800919069913
18.3719   50.2386   0.06981532782992432
19.0839   51.467   0.07641164832667968
3.41693   39.3151   0.10893825957853363
4.13398   40.5403   0.10202872585698616
5.554   40.5194   0.1007605200462967
6.26992   41.7453   0.0933411570530388
7.6898   41.7251   0.09215103092206826
8.40468   42.9517   0.08458341977007124
9.82443   42.9322   0.08356189382727061
10.5384   44.1593   0.07659614872824913
11.958   44.1403   0.07580824493417614
12.6711   45.3679   0.0701532607937788
14.0906   45.3492   0.06967653837555368
14.8031   46.5773   0.06648022262297361
16.2224   46.5588   0.06635691373172674
16.9344   47.7872   0.06634877542200812
18.3536   47.7686   0.06646307245380671
19.0652   48.9972   0.06993489829834722
20.4843   48.9785   0.07010862999659717
4.1165   38.0779   0.11371461691444973
5.53646   38.0559   0.11264364207535157
6.25272   39.2815   0.10482844842884975
7.67255   39.2603   0.10386170661028042
8.38763   40.4866   0.0955092142151733
9.80732   40.466   0.09473120974631344
10.5213   41.693   0.08623717295922906
11.9409   41.6729   0.08568016106427412
12.654   42.9005   0.07775686464872363
14.0734   42.8808   0.07754095691955251
14.7857   44.1089   0.07107594529796978
16.205   44.0894   0.0710676438331806
16.9166   45.3178   0.06712510707626462
18.3358   45.2984   0.06724886616144579
19.047   46.5272   0.06680995434813555
20.466   46.5076   0.0669758911848137
21.1769   47.7365   0.07019138123729987
5.51774   35.5925   0.12421960433039513
6.23457   36.8177   0.11639486414786498
7.65434   36.7955   0.11576488414022718
8.36985   38.0215   0.1070488715493994
9.78947   37.9999   0.10656453631485428
10.5038   39.2266   0.09727127016750711
11.9232   39.2055   0.0970097417788534
12.6365   40.4329   0.0876368073357308
14.0558   40.4123   0.08768591677116652
14.7681   41.6402   0.07891653819067318
16.1873   41.6198   0.0791390548338812
16.8989   42.8482   0.07195151145042085
18.318   42.828   0.07237630827833247
19.029   44.0568   0.06782108816585054
20.448   44.0366   0.06818196242408962
21.1586   45.2656   0.06716323399003386
22.5776   45.2453   0.06727986325788797
8.35087   35.5562   0.1185141886020406
9.77043   35.5336   0.11845959479923951
10.4852   36.76   0.10876630912189732
11.9046   36.738   0.10902742774183012
12.6182   37.9651   0.09883425519525134
14.0375   37.9436   0.09925447093204223
14.7501   39.1713   0.08910499424835815
16.1692   39.1501   0.08960273433327859
16.8809   40.3784   0.08015054584966967
18.2999   40.3575   0.08083940870639657
19.0109   41.5862   0.07304936686926197
20.4299   41.5654   0.07370407044390455
21.1404   42.7944   0.06851868358338457
22.5593   42.7737   0.06898666537817344
23.2696   44.0028   0.06737143311523093
12.5988   35.4971   0.11042617443341861
14.0181   35.4748   0.11128328715490102
14.7311   36.7022   0.10042116310818226
16.1502   36.6803   0.10133883756981019
16.8622   37.9083   0.09052866949204669
18.2812   37.8868   0.09161762930789973
18.9924   39.1153   0.08157168626429331
20.4114   39.0941   0.0826371587120478
21.122   40.323   0.0742386018187306
22.5409   40.302   0.0749379743521275
23.2512   41.5311   0.06920216759610981
16.8425   35.4381   0.10212213276269018
18.2614   35.4161   0.1033446176634253
18.9731   36.6444   0.09217467114126257
20.3921   36.6229   0.09340546022583411
21.1031   37.8515   0.08302391221810812
24.6701   41.5103   0.06965637085005211
25.3803   42.7394   0.06744938843310598
22.522   37.8304   0.08400446416708902
23.2326   39.0593   0.07533432152744292
24.6515   39.0386   0.07599019673615628
25.3619   40.2676   0.06979863895521059
26.7808   40.2472   0.0700910835984159
21.0833   35.38   0.09366696322610142
22.5022   35.3589   0.09486817169103678
23.2133   36.5876   0.08432188328067616
24.6323   36.567   0.08513829925480143
25.3431   37.7959   0.07620098424561195
26.762   37.7758   0.07653835639730154
27.4728   39.0048   0.07012510249546704
25.3237   35.3243   0.08532309183333675
26.7427   35.3047   0.08563118590793993
27.454   36.5334   0.07678072674832051
28.8731   36.5143   0.07672809133557267
29.5655   35.2724   0.07679986979155726
-4.3026   52.9357   0.061520806236590335
-2.88183   52.9205   0.05944133662696429
-2.16113   54.1444   0.05934552721140858
-0.740497   54.1299   0.057382900109702165
-0.0204128   55.3543   0.057935865355063246
1.40009   55.3406   0.056132672304105194
2.11958   56.5654   0.05761106577733102
3.53995   56.5525   0.05661514285065548
4.25888   57.7778   0.05936471679373193
5.67911   57.7656   0.059454924943187375
6.39757   58.9912   0.06358987655279648
7.81766   58.9795   0.06491423649708834
8.53573   60.2054   0.07028905249041195
9.95568   60.194   0.07271366859126606
10.6735   61.4202   0.0791144740234074
12.0933   61.4089   0.08249739389823234
12.811   62.6352   0.08942259222366551
-0.0395272   52.8942   0.06080885342456327
1.38097   52.8791   0.05898264914362555
2.09981   54.1041   0.059076957436889364
3.52018   54.0898   0.05770220879654346
4.23841   55.3152   0.05902211449956695
5.65865   55.3017   0.05849375094828506
6.37633   56.5275   0.06152026089021663
7.79645   56.5145   0.06192576200580667
8.51368   57.7407   0.06652726433575899
9.93366   57.7282   0.06817560854147277
10.6506   58.9547   0.07421246526022393
12.0704   58.9423   0.07665076646714171
12.7871   60.169   0.08382445943756506
14.2068   60.1566   0.0869318123588821
4.21924   52.8527   0.06063309739737866
5.63947   52.8378   0.059463468617294686
6.35649   54.0639   0.06081867229724604
7.7766   54.0496   0.060401089394148365
8.49308   55.276   0.06364175123297897
9.91306   55.2623   0.0643103607515952
10.6291   56.489   0.06951208528018508
12.049   56.4755   0.0710277410593902
12.7648   57.7025   0.07777827460158672
14.1845   57.6891   0.08000606227030957
14.9001   58.9163   0.08801641892283478
8.4738   52.8112   0.06237808990342611
9.89377   52.7963   0.06226861488743981
10.6091   54.0232   0.06563482307434197
12.029   54.0086   0.06631055722884713
12.7439   55.2359   0.0720490110966157
14.1637   55.2214   0.07342050122411294
14.8784   56.4489   0.0808204182122331
16.298   56.4343   0.0826967351229783
12.7244   52.7691   0.06735799878262676
14.1441   52.7536   0.0679806590141624
14.858   53.9813   0.07408036177017478
16.2776   53.9657   0.07518849646056174
16.9913   55.1936   0.0831521497016172
16.9714   52.725   0.07545733894062287
18.3908   52.7083   0.07631251535626334
-14.822   68.9861   0.11254567961499268
-13.4011   68.9774   0.10511902777328118
-13.4297   66.5224   0.09938133627597891
-12.7014   67.7422   0.10082985668937315
-11.2805   67.7337   0.09355351409754713
-10.5526   68.9539   0.09484397714140248
-9.13188   68.9467   0.08690735526984487
-12.7288   65.2878   0.0943930611856632
-11.3078   65.2782   0.08798414629920549
-10.5805   66.4986   0.08945484894626861
-9.15965   66.4902   0.08251062295243802
-8.43271   67.711   0.08383734788267487
-7.01205   67.7037   0.07663016116386362
-6.28553   68.9249   0.0778032030189034
-4.86504   68.9185   0.07107080976040679
-10.6067   64.0436   0.0834560363305171
-9.18575   64.034   0.0774558299936099
-8.45946   65.255   0.07907732671253354
-7.03868   65.2464   0.07273528442235462
-6.31281   66.4679   0.0741645359993584
-4.8922   66.4602   0.06817582049378193
-4.16678   67.6821   0.0695346273449416
-2.74635   67.6754   0.06427454317224085
-2.02135   68.8977   0.06565214086379849
-0.601097   68.8917   0.0622542870491666
-9.21019   61.5779   0.07217745077238498
-8.48461   62.7992   0.07392929054170798
-7.06373   62.7893   0.06852761560130334
-6.33854   64.011   0.07028093624874625
-4.91783   64.0021   0.06490082896235135
-4.19309   65.2242   0.06655327490063953
-2.77255   65.2162   0.06194200916986852
-2.04828   66.4388   0.06366080740926874
-0.627911   66.4315   0.060400608945605935
0.0959245   67.6545   0.06240775931124306
1.51612   67.6478   0.06130747425885407
2.2396   68.8711   0.0635970879836493
3.65964   68.8649   0.0650851204193425
-8.50814   60.3436   0.06886389547505767
-7.0872   60.3324   0.0643395026402926
-6.36273   61.5543   0.06619994637460139
-4.94194   61.544   0.06166589413930677
-4.21791   62.7664   0.06358342865873139
-2.79729   62.757   0.05945323288098049
-2.07373   63.9798   0.06152422368465973
-0.653275   63.9712   0.058496969502701626
0.0697947   65.1945   0.060793209663251295
1.49009   65.1866   0.059471109792906804
2.21272   66.4102   0.062240420949735406
3.63285   66.4028   0.06322725361740814
4.35516   67.6268   0.06647189556497127
5.77514   67.6198   0.06976371836420509
6.49727   68.8439   0.07338876003857728
7.91711   68.8371   0.07854758048470319
-7.10912   57.8755   0.061077266638250964
-6.38538   59.0977   0.06276137347126617
-4.96454   59.086   0.058984842120667534
-4.24125   60.3087   0.06080241442574507
-2.82055   60.2979   0.05737688036134492
-2.09775   61.521   0.05935003032855138
-0.677209   61.511   0.05661433489850427
0.0450942   62.7345   0.0590298454170434
1.46547   62.7252   0.057705368900995445
2.18729   63.9492   0.060650062654542695
3.6075   63.9405   0.061079541583087704
4.32892   65.1648   0.0646928319058634
5.74898   65.1565   0.06712046558241315
6.47011   66.3811   0.07134314893526858
7.89002   66.3732   0.07557572361545799
8.61102   67.5979   0.08022120729582205
10.0308   67.59   0.08573464877166691
-6.40653   56.6412   0.06065648852348734
-4.98565   56.6281   0.05768678271493257
-4.26309   57.851   0.05908218767107477
-2.84236   57.8387   0.05614632757358196
-2.1203   59.0621   0.05792946141645019
-0.699707   59.0506   0.05535452993206621
0.0218255   60.2744   0.05761464399621023
1.44227   60.2637   0.056133273554996
2.16328   61.488   0.05908600595741815
3.58356   61.4779   0.05896270007385892
4.30412   62.7026   0.0627318547470097
5.72425   62.6931   0.06438279583864032
6.44445   63.918   0.06888435526300697
7.86443   63.9088   0.07215909436793172
8.58439   65.134   0.07730935325043066
10.0042   65.125   0.08185071777326838
10.7241   66.3503   0.08736566831427635
-5.00538   54.1702   0.05848866214917112
-4.2835   55.3934   0.05902260245024835
-2.86274   55.3796   0.05660732196456552
-2.1414   56.6032   0.05761528356261037
-0.720778   56.5903   0.055352856511656764
-3.17099e-09   57.8144   0.05700000000005666
1.42048   57.8022   0.05535518132930307
2.14071   59.0267   0.0579317322371776
3.56105   59.0153   0.05737081226547244
4.28077   60.2402   0.06081423270912829
5.70096   60.2294   0.06167862271484313
6.42027   61.4547   0.06618916527650119
7.84031   61.4443   0.06856734572666554
8.5593   62.6698   0.07390191066542298
9.9792   62.6597   0.0774982580449406
10.698   63.8854   0.08344830735251337
12.1178   63.8753   0.08794594930978876
-23.8228   85.0407   0.15608753954111168
-23.0898   86.2584   0.15746329731084158
-21.67   86.2474   0.15040053191395875
-23.134   83.7995   0.15816510361012656
-21.7141   83.7885   0.15118260481947407
-20.9811   85.0064   0.15244625282374222
-19.5614   84.9975   0.1440296497253281
-18.8289   86.2159   0.1449061765419211
-17.4092   86.2089   0.13509959289354195
-21.7572   81.3303   0.15146897372070056
-21.0242   82.548   0.15284155194187007
-19.6042   82.539   0.14452909741640163
-18.8715   83.7571   0.1457039464118961
-17.4517   83.7499   0.136148301495102
-16.7193   84.9686   0.13693549576351863
-15.2996   84.9631   0.1261675869627398
-14.5678   86.1822   0.12663088090983274
-13.1482   86.1781   0.11524760301194997
-21.0659   80.0906   0.1523943568509042
-19.6458   80.0812   0.1444769185717952
-18.9131   81.2992   0.1457607971986951
-17.4931   81.2917   0.1365294473730806
-16.7608   82.5102   0.13749349075501677
-15.3409   82.5044   0.1270647866247721
-14.6089   83.7233   0.12770978819182183
-13.1891   83.719   0.11643517509756385
-12.4575   84.9383   0.116707540459053
-11.0378   84.9353   0.1051534592868914
-10.3067   86.155   0.10511950342347873
-8.88708   86.1529   0.09366592176453006
-19.6856   77.6242   0.1435248410554749
-18.9532   78.8422   0.14480645703834208
-17.533   78.8343   0.13607108436401974
-16.8009   80.0526   0.13711269087871378
-15.3809   80.0464   0.12719331743451917
-14.649   81.2652   0.1279690978322501
-13.2291   81.2606   0.11702046829507974
-12.4976   82.4797   0.11752548659759733
-11.0777   82.4764   0.10616567241815815
-10.3465   83.6959   0.10637960330816168
-8.92681   83.6936   0.09497843176215742
-8.19589   84.9135   0.09485983554698277
-6.77626   84.912   0.08429272151259558
-6.04563   86.1321   0.08402165732714846
-4.62605   86.1312   0.07534324720902348
-18.9914   76.3861   0.14280175068955517
-17.571   76.3776   0.13446828622392265
-16.8393   77.596   0.13565271836568693
-15.419   77.5892   0.12627208717685062
-14.6876   78.8079   0.12724782905810422
-13.2675   78.8027   0.11686838751347028
-12.5363   80.0219   0.11738811694545706
-11.1163   80.018   0.10649910797748105
-10.3854   81.2375   0.10672403665529469
-8.96555   81.2348   0.09572126670703852
-8.23486   82.4546   0.09577374588059288
-6.81511   82.4528   0.08527051072909533
-6.0846   83.6729   0.08510786156401905
-4.66495   83.6717   0.07622940443162529
-3.93457   84.892   0.07599687427783063
-2.51498   84.8914   0.069774924578963
-1.78469   86.1118   0.06963480738825885
-0.365131   86.1113   0.06744824748649897
-17.6068   73.9217   0.13180777670531535
-16.8756   75.1401   0.1330531096968416
-15.4551   75.1326   0.12435389016834049
-14.7242   76.3514   0.1253073421631812
-13.3039   76.3455   0.11560056228237332
-12.5733   77.5647   0.1164083330350543
-11.1531   77.5601   0.10590037771415098
-10.4227   78.7797   0.10635628801344695
-9.0027   78.7763   0.09575984596896525
-8.27253   79.9963   0.09589674082052793
-6.85263   79.9938   0.08566571134357623
-6.12261   81.2141   0.08559471011692127
-4.70283   81.2124   0.07677348761128476
-3.97288   82.4328   0.07654299706700662
-2.55321   82.4318   0.07012952944373854
-1.82325   83.6523   0.07009791437696311
-0.403648   83.6516   0.06727990454808949
0.326384   84.8722   0.06736752933721148
-16.9099   72.6851   0.12919702008947143
-15.4892   72.6767   0.12115663415596092
-14.7588   73.8957   0.12227023349940533
-13.3383   73.8889   0.11327969809281739
-12.6082   75.1082   0.11415454436859176
-11.1879   75.1028   0.10439985632174102
-10.4581   76.3225   0.10502142638528168
-9.03791   76.3183   0.09497610225736398
-8.3084   77.5384   0.09524650334789261
-6.88835   77.5352   0.0854680881967058
-6.15902   78.7556   0.08552096175792057
-4.73911   78.7533   0.07673887932463064
-4.00986   79.9739   0.07669607812658816
-2.59007   79.9722   0.07013386414564654
-1.8608   81.193   0.07020155340161616
-0.441118   81.1918   0.06698984676053553
0.288275   82.4126   0.06715230524710238
1.70788   82.4117   0.0681535149497069
-15.5212   70.2215   0.11676060979628108
-14.7914   71.4406   0.1180056778294975
-13.3707   71.4329   0.10976575057821977
-12.6412   72.6523   0.1109034264574381
-11.2206   72.646   0.10181640339355974
-10.4915   73.8658   0.10263313305166429
-9.07112   73.8607   0.09327423063205095
-8.34229   75.0809   0.09374677381115305
-6.92208   75.0769   0.0844234469800925
-6.1935   76.2975   0.0847306060405553
-4.77345   76.2943   0.0762916876206019
-4.04503   77.5152   0.07641712896988538
-2.62512   77.5127   0.06981475488748878
-1.89673   78.7338   0.06997168070012173
-0.476945   78.7319   0.06646928015256375
0.251535   79.9531   0.0667967856187708
1.67122   79.9516   0.0672681945647435
2.39992   81.1727   0.06782846010341152
-12.6722   70.197   0.10629962370581995
-11.2515   70.1896   0.09822570946549673
-10.5229   71.4096   0.09926248032363452
-9.1024   71.4035   0.09056760789598227
-8.37422   72.6239   0.09133559492333003
-6.95385   72.6188   0.0827363185064484
-6.22601   73.8397   0.08313733758065701
-4.80581   73.8355   0.07519635695962953
-4.07822   75.0567   0.07547498989731663
-2.65818   75.0533   0.06918325303135282
-1.93073   76.2747   0.06944435254216333
-0.510825   76.2719   0.06585343059400957
0.216625   77.4935   0.06633763222334689
1.6364   77.4912   0.06637047611702376
2.36401   78.7128   0.06711481282101561
3.78368   78.7108   0.0710516009671899
-8.40432   70.1673   0.0879935202159851
-6.9838   70.1611   0.08005829188784525
-6.25663   71.3821   0.0808328002731617
-4.83629   71.3769   0.07345738152152843
-4.10947   72.5983   0.07410777624514574
-2.6893   72.5939   0.06798045675044896
-1.96274   73.8157   0.06858631131647136
-0.542718   73.8119   0.06495240907002607
0.18371   75.0339   0.06577171143432417
1.60359   75.0306   0.06538363709675407
2.33005   76.2527   0.0664746989462913
3.74981   76.2498   0.06970633041553713
4.47648   77.4719   0.07105954123128239
-4.13894   70.1402   0.07201291550826552
-2.71863   70.1346   0.06634839560984132
-1.99289   71.3567   0.06734005049003161
-0.572749   71.3518   0.06370846022311316
0.152735   72.5742   0.06492913133563401
1.57273   72.5698   0.0642220958860727
2.2981   73.7924   0.0656796383972995
3.71795   73.7884   0.0683584822827396
4.44338   75.0111   0.07018914161036578
5.86311   75.0073   0.07577710736099516
0.123531   70.1143   0.06376611640205176
1.54363   70.1089   0.06288741448016502
2.26801   71.3319   0.06476583667335876
3.68796   71.3268   0.06687584691052714
4.41225   72.55   0.06913237230125985
5.83206   72.5452   0.07392924725708581
6.55645   73.7684   0.07653546628851299
4.3829   70.0885   0.06790459557349568
5.8028   70.0827   0.07197534577895488
6.526   71.3064   0.07516435591422481
7.94577   71.3006   0.08119257601530085
8.63923   70.0614   0.08257977960736687
41.4295   16.6602   0.08257977960735938
42.1229   15.4209   0.08122727374472283
43.5427   15.4152   0.07511730825848545
44.2659   16.6389   0.07198340086436826
45.6858   16.633   0.06790036818751487
43.5123   12.9532   0.07655958463837405
44.2366   14.1763   0.07396952075010596
45.6565   14.1716   0.06910318371826407
46.3808   15.3947   0.06688871354720474
47.8007   15.3897   0.06474828183048517
48.5251   16.6126   0.06293877977844925
49.9452   16.6072   0.06378730281176649
44.2056   11.7142   0.07583521609384408
45.6253   11.7104   0.07016466347101127
46.3508   12.9331   0.06836270913297715
47.7706   12.9291   0.06571620804641919
48.496   14.1517   0.06424896886332296
49.916   14.1474   0.06494351391786442
50.6415   15.3697   0.06372982033553841
52.0616   15.3649   0.06735057535017694
52.7873   16.5869   0.06632186668060515
54.2076   16.5814   0.07201291550826011
45.5922   9.24967   0.07099964013993353
46.3189   10.4718   0.06972589189103184
47.7387   10.4688   0.06649894736009182
48.4651   11.6909   0.06538363709675493
49.885   11.6877   0.06576959783973112
50.6114   12.9096   0.06493550646603294
52.0314   12.9059   0.06856836005038944
52.758   14.1276   0.06795822246056783
54.1782   14.1232   0.07409143000374503
54.905   15.3446   0.0734704022038808
56.3253   15.3394   0.08081695366691174
57.0525   16.5604   0.08000462486631617
58.473   16.5543   0.0880278933066127
46.285   8.01079   0.0710427082817075
47.7047   8.00871   0.06712308395775597
48.4323   9.23034   0.06635949743631323
49.8521   9.22801   0.06633555306168885
50.5795   10.4496   0.06582810949738908
51.9994   10.4468   0.06944825411772598
52.7269   11.6683   0.06920447962379427
54.1469   11.6649   0.07550920473690681
54.8745   12.886   0.07519215384599498
56.2947   12.8819   0.08312592856624113
57.0226   14.1027   0.08269425614877791
58.4429   14.0976   0.09130919997459401
59.1711   15.3181   0.09064292581332611
60.5916   15.3119   0.09919742940217599
61.3202   16.5319   0.09822570946549525
62.7409   16.5246   0.10636869840324444
47.6688   5.5488   0.0678308639190145
48.3975   6.76995   0.06725602203520466
49.8172   6.76843   0.06679293675232512
50.5457   7.98961   0.06647018053232527
51.9654   7.98771   0.06995101428857158
52.6938   9.2088   0.06979964827991837
54.1137   9.20635   0.07641125833278904
54.8422   10.4273   0.07634611974422752
56.2622   10.4241   0.08471676339426498
56.9908   11.6447   0.08441569759233115
58.411   11.6406   0.09376075938259049
59.1398   12.8609   0.093278132485595
60.5602   12.8557   0.10263313305166194
61.2893   14.0756   0.10188203963407692
62.7099   14.0692   0.11083311779427668
63.4394   15.2887   0.10976575057822051
64.8601   15.281   0.11807849084401457
65.5899   16.5   0.1167606097962821
48.3608   4.3098   0.06816034330899369
49.7804   4.3089   0.06715444586920512
50.5098   5.5297   0.06699351013344439
51.9295   5.52853   0.07019282370726941
52.6588   6.7493   0.07012999073149907
54.0786   6.74764   0.0767137986284093
54.8078   7.96827   0.07675353346915101
56.2277   7.96595   0.08550046783497706
56.9571   9.18635   0.08550414083540026
58.3771   9.18316   0.0952960592049859
59.1066   10.4033   0.09497610225735746
60.5268   10.399   0.1050214263852853
61.2566   11.6188   0.1044667411188837
62.6769   11.6133   0.11408282079261646
63.407   12.8327   0.11327969809281797
64.8275   12.8259   0.1223443500943157
65.5579   14.0448   0.12115663415595859
66.9786   14.0365   0.12927250287667358
49.7423   1.84936   0.06736786771154371
50.4724   3.06991   0.0672905639744535
51.892   3.06923   0.07009681091176713
52.6219   4.28975   0.07012310603502817
54.0416   4.28871   0.07654338704290618
54.7715   5.50911   0.07672491707392196
56.1913   5.50749   0.08562658757652221
56.9213   6.7277   0.0856521826925633
58.3412   6.72528   0.09588941547428517
59.0714   7.94522   0.09573186303420532
60.4914   7.94181   0.10634933991332537
61.2218   9.16142   0.10591403306455661
62.642   9.15683   0.11638637763931071
63.3726   10.3761   0.11567255508546445
64.7929   10.3701   0.12530734216318043
65.5238   11.5889   0.12427960411909617
66.9443   11.5814   0.13305310969684278
67.6755   12.7999   0.13188328173047562
50.4338   0.610229   0.06744732588472285
51.8534   0.609772   0.06964022275237214
52.5837   1.83019   0.06978753183771427
54.0033   1.8295   0.07596415009726665
54.7337   3.0498   0.07621399412181454
56.1533   3.04865   0.08512608824561367
56.8838   4.26876   0.085298021665218
58.3036   4.26692   0.09575094568723647
59.0343   5.48677   0.09574078754637505
60.4541   5.48402   0.10673826118126471
61.185   6.70355   0.10644598442402638
62.605   6.69966   0.11740307662067428
63.3362   7.91883   0.11686838751347566
64.7563   7.91359   0.12717845768840041
65.4877   9.13237   0.126279658298559
66.908   9.12559   0.1357075270572709
67.6397   10.344   0.1345451968670745
69.0601   10.3354   0.14272305349872844
54.6948   0.590343   0.07534046435349358
56.1143   0.589401   0.08401562521936035
56.845   1.80955   0.08432931637337038
58.2646   1.80805   0.09485831539722839
58.9955   3.02792   0.09496507831829576
60.4152   3.02561   0.10632141082585346
61.1465   4.24516   0.10617601471142332
62.5663   4.2418   0.1175025655039072
63.2978   5.46097   0.1170654415273785
64.7177   5.45632   0.1279297952003354
65.4496   6.67509   0.12714699996460843
66.8696   6.66891   0.13709026223623852
67.6017   7.88728   0.13606325036540934
69.0219   7.87934   0.14480645703835227
69.7543   9.09732   0.14351697495418406
58.9558   0.568685   0.09370902174283997
60.3754   0.566558   0.10510761654609044
61.1065   1.78627   0.1051607441015893
62.5262   1.78321   0.11670754045904698
63.2578   3.00251   0.11644282760221912
64.6776   2.99824   0.1277017779829232
65.4096   4.21711   0.1270411779699803
66.8295   4.21137   0.1374772432077393
67.5618   5.42981   0.13647356850320996
68.9819   5.42234   0.145788058838851
69.7145   6.64036   0.14451696267220865
71.1346   6.63093   0.15236186399489948
63.2169   0.543458   0.11522810258352797
64.6365   0.539336   0.12663006594407208
65.3683   1.75846   0.12619964183784438
66.788   1.75296   0.13691897750129403
67.5204   2.97159   0.13609144315495977
68.9402   2.96443   0.1457122373035298
69.6729   4.18258   0.14459425438100865
71.0929   4.17349   0.152792014189225
71.8259   5.3912   0.15141573762327584
67.4779   0.512652   0.13510454039742745
68.8976   0.505599   0.1449044954582154
69.6301   1.72403   0.14398003889428612
71.0498   1.71512   0.15242951289038534
71.7828   2.93303   0.1511908267719964
73.2027   2.92201   0.15810721963275454
71.7388   0.474102   0.15039709725922223
73.1585   0.46316   0.15745995178457312
73.8915   1.68086   0.15609575298514633
39.3446   20.3712   0.08743140168154592
40.0645   21.5965   0.08191587147799968
41.4843   21.5875   0.07730582125558218
42.2043   22.8127   0.07216827557867891
43.6243   22.8035   0.068890710549389
44.3445   24.0285   0.06434322031107884
45.7646   24.019   0.06274798801555358
46.4851   25.2436   0.05899228763151975
47.9054   25.2336   0.05906691121093207
48.6264   26.4578   0.056130383928849475
50.0469   26.4471   0.057616403914163825
50.7684   27.6709   0.05534789968914836
52.189   27.6595   0.05793945115376943
52.9111   28.8828   0.05612717701791201
54.3318   28.8705   0.05908350023483707
55.0544   30.0935   0.057716981903075615
56.4752   30.0803   0.06062021115106837
40.0379   19.1315   0.0857346487716627
41.4577   19.1236   0.0802250584293969
42.1787   20.3484   0.07557572361545523
43.5986   20.3404   0.0713320404867259
44.3197   21.565   0.06709716834561404
45.7398   21.5568   0.06471004558799358
46.4612   22.7811   0.06108559568343408
47.8814   22.7724   0.06062812878524135
48.6032   23.9963   0.05769488712182468
50.0236   23.9871   0.05901982717697628
50.7459   25.2106   0.05660750833590894
52.1665   25.2006   0.05936952079981908
52.8893   26.4237   0.05739146277975513
54.31   26.4129   0.0608425837715667
55.0332   27.6355   0.05897872497774151
56.4541   27.6238   0.06272144768737291
57.1778   28.846   0.06102786248919367
42.1516   17.8844   0.07860305337580911
43.5714   17.8776   0.07339277893634906
44.2936   19.1018   0.06974252648133578
45.7135   19.0948   0.06646006319587905
46.4359   20.3187   0.06324942687487231
47.856   20.3113   0.06224042094973363
48.5786   21.535   0.05946065926308126
49.9989   21.527   0.06077450123201397
50.722   22.7503   0.058487691012726016
52.1424   22.7417   0.0615044713821708
52.866   23.9645   0.05944207264219599
54.2866   23.9551   0.06357782632333528
55.0106   25.1775   0.06165241276705888
56.4314   25.1672   0.0661390202527975
57.1559   26.3892   0.06437437378336211
58.5768   26.3779   0.06886138250136961
46.4091   17.8566   0.06509746538844689
47.8291   17.8504   0.06360196537843583
48.5526   19.0737   0.06131834961901544
49.9728   19.0671   0.06242980057632711
50.6966   20.2901   0.06040960188579095
52.117   20.2828   0.0636682809568455
52.8413   21.5054   0.06198072280959674
54.2618   21.4973   0.06654629967173305
54.9865   22.7194   0.06484458342837937
56.4072   22.7105   0.07024784694209671
57.1324   23.9322   0.06853101487647746
58.5533   23.9223   0.07387590946986776
59.2789   25.1436   0.07212939761290149
50.6698   17.8299   0.06226210725634077
52.0901   17.8239   0.06568698501225181
52.8151   19.0462   0.06430754232591877
54.2355   19.0394   0.06949251758283273
54.9609   20.2613   0.06811974750393777
56.3815   20.2537   0.07421832657773837
57.1074   21.4751   0.07275094501104538
58.5282   21.4666   0.07909203499720979
59.2545   22.6876   0.07752735001275303
60.6754   22.678   0.08351730359632255
54.9337   17.803   0.07103414671832131
56.3542   17.7967   0.0778430472168191
57.0808   19.0179   0.07670371568575181
58.5014   19.0106   0.08382571204588683
59.2284   20.2314   0.0825799612496894
60.6492   20.223   0.08945484894626861
61.3765   21.4433   0.0878792922138083
62.7975   21.4338   0.09445983273328576
59.2006   17.7749   0.08695671336935559
60.6213   17.7676   0.0947802194553262
61.3492   18.9878   0.09348994598351497
62.7701   18.9794   0.10089772048961086
63.4984   20.1991   0.09938133627598213
63.4698   17.7441   0.10505065444822348
64.8907   17.7355   0.11261731660805574
31.6779   34.0132   0.0763125153562671
33.0973   33.9965   0.07550986690492943
33.0774   31.528   0.08309398293498686
33.7911   32.7558   0.07518849646056217
35.2107   32.7403   0.07408036177017539
35.9246   33.968   0.0679806590141624
37.3443   33.9524   0.06735799878262694
33.7707   30.2872   0.08269673512297884
35.1903   30.2727   0.0808204182122318
35.9051   31.5001   0.07348748192719592
37.3248   31.4857   0.07198541518946774
38.0397   32.7129   0.06635917419618728
39.4596   32.6983   0.06563482307433861
40.1749   33.9253   0.06223479734039525
41.5949   33.9103   0.06241410097085428
35.1686   27.8053   0.08801641892283316
35.8842   29.0324   0.08000606227030778
37.3039   29.019   0.07783630258433406
38.0197   30.246   0.07108312035919635
39.4396   30.2325   0.06951208528018689
40.1556   31.4593   0.06426554286707699
41.5756   31.4455   0.0636846135263455
42.2921   32.672   0.06040836034854996
43.7122   32.6577   0.060784043958921466
44.4292   33.8837   0.05948184597000994
45.8495   33.8688   0.060617324256354965
35.8619   26.5649   0.08693181235888159
37.2816   26.5526   0.08382445943756182
37.9983   27.7792   0.07671121169685798
39.4182   27.7669   0.07417823130811403
40.135   28.9934   0.06811622420539692
41.555   28.9808   0.06656620764321917
42.2723   30.207   0.06192576200580814
43.6924   30.194   0.06151975292538169
44.4101   31.4199   0.05848401491005987
45.8303   31.4063   0.05902211449956683
46.5485   32.6317   0.057710051117635906
47.9689   32.6174   0.059094077537432795
48.6877   33.8424   0.05901101592075983
50.1082   33.8274   0.06080772977179963
37.2577   24.0863   0.089487708653199
37.9754   25.3126   0.08249739389823182
39.3952   25.3014   0.07905510736188878
40.113   26.5275   0.07275836721642553
41.533   26.5162   0.07025354083603103
42.251   27.7421   0.06486493659905826
43.6711   27.7304   0.06358726287551747
44.3896   28.956   0.05945519321304115
45.8098   28.9438   0.05933708789618866
46.5288   30.169   0.056613514287668754
47.9491   30.1561   0.05762889900041523
48.6686   31.3809   0.05612726610124584
50.0891   31.3673   0.05793565396196014
50.8092   32.5916   0.05737299016087764
52.2298   32.5772   0.05936615197231615
52.9505   33.801   0.05945729559944696
54.3713   33.7858   0.06151430727887614
37.9509   22.8463   0.0878780973849557
39.3707   22.8361   0.08351101723724871
40.0895   24.0619   0.07746928423575236
41.5094   24.0517   0.07390791567890247
42.2284   25.2773   0.06852160243310157
43.6484   25.2669   0.06617960410882026
44.3677   26.4922   0.061630106279317844
45.7879   26.4813   0.060802795988342866
46.5077   27.7063   0.057371595759575
47.928   27.6948   0.0579349635367105
48.6482   28.9193   0.0553551262305494
50.0687   28.9072   0.057000000000000384
50.7895   30.1313   0.05535142274594283
52.2101   30.1183   0.05761735849550976
52.9314   31.342   0.056634441817679126
54.3522   31.3282   0.059017709206644245
55.0741   32.5514   0.05850444427562743
20.5032   51.4491   0.07675135177962601
21.1956   50.2072   0.07672809133557267
22.6147   50.1881   0.0767385822126005
23.326   51.4168   0.0855846364717401
24.7451   51.3972   0.08528505144513916
22.5959   47.7168   0.07012510249546915
23.3067   48.9457   0.07650104574448743
24.7256   48.9256   0.07620098424561195
25.4364   50.1545   0.08513829925480143
26.8554   50.134   0.08432188328067873
27.5665   51.3626   0.09486817169103678
28.9854   51.3415   0.09366696322610402
23.2879   46.4744   0.07011540486940256
24.7069   46.4539   0.0697839523099677
25.4172   47.683   0.07599019673615834
26.8361   47.6622   0.07533432152744292
27.5467   48.8911   0.08400446416708902
24.6884   43.9821   0.06744634904870705
25.3986   45.2112   0.06964208497740373
28.9656   48.87   0.08299662643746415
29.6767   50.0987   0.0933451123519593
31.0956   50.0772   0.09220292836998024
31.8073   51.3054   0.1033446176634253
33.2263   51.2834   0.1020232816566878
26.8175   45.1905   0.06921177645458983
27.5278   46.4195   0.0749379743521275
28.9467   46.3986   0.0742386018187306
29.6574   47.6274   0.08258214092647513
31.0763   47.6062   0.08157168626429331
31.7875   48.8347   0.09159334036926255
33.2065   48.8132   0.0905286694920491
33.9185   50.0412   0.10133883756980668
35.3376   50.0194   0.10042116310817811
36.0506   51.2468   0.1112832871548982
37.4699   51.2244   0.11042617443341858
26.7991   42.7187   0.06737143311523093
27.5094   43.9479   0.06899050659329915
28.9283   43.9272   0.06851788087791369
29.6388   45.1561   0.07370407044390455
31.0578   45.1354   0.0730493668692616
31.7688   46.364   0.08088615456306622
33.1878   46.3432   0.08016046407051329
33.8995   47.5714   0.08960273433327354
35.3186   47.5502   0.08909236779881413
36.0312   48.778   0.09925447093204488
37.4505   48.7565   0.09884816639675434
38.1641   49.9836   0.10902742774183305
39.5835   49.9616   0.10878023717569146
40.2983   51.1879   0.11840836119126245
41.7178   51.1654   0.11853995107136205
27.4911   41.4762   0.06729346179236162
28.9101   41.456   0.06714543916007967
29.6207   42.6849   0.06818196242409007
31.0397   42.6648   0.06782108816585054
31.7507   43.8935   0.07237541018882193
33.1698   43.8733   0.07195151145042085
33.8814   45.1017   0.07913905483388352
35.3006   45.0813   0.07891381374638665
36.0129   46.3093   0.08769612306139615
37.4322   46.2886   0.08770604312132531
38.1455   47.516   0.09699742264617
39.5649   47.495   0.09727985402949274
40.2792   48.7217   0.10659441824035318
41.6989   48.7001   0.10702350209182951
42.4144   49.9261   0.11574757016888158
43.8341   49.9039   0.11647240016416187
44.551   51.1291   0.12423944623185891
28.8918   38.985   0.07018447121692929
29.6027   40.2139   0.0669758911848142
31.0218   40.1944   0.06679416142148925
31.7329   41.4231   0.06724886616144579
33.1521   41.4037   0.06712510707626598
33.8637   42.6321   0.07107418659400978
35.283   42.6127   0.07106658849276296
35.9953   43.8407   0.07754095691955129
37.4147   43.821   0.0777595010272051
38.1278   45.0486   0.08567508389257866
39.5474   45.0285   0.08623717295922495
40.2614   46.2555   0.09472301726612986
41.6811   46.2349   0.09550465957218997
42.3962   47.4612   0.103853213720135
43.816   47.44   0.10477776481677453
44.5322   48.6656   0.11264328652875526
45.9522   48.6437   0.11371099331199552
29.5844   37.7431   0.07010862999659985
31.0036   37.7243   0.06993697162445746
31.7151   38.9529   0.06646307245380671
33.1344   38.9344   0.06632895295419926
33.8463   40.1628   0.06635691373172967
35.2656   40.1442   0.06648022262297361
35.9781   41.3723   0.06967653837555486
37.3976   41.3536   0.0701670150426854
38.1107   42.5813   0.07580408959944183
39.5303   42.5622   0.07659614872824913
40.2443   43.7894   0.08355417404294897
41.664   43.7698   0.08463716677677564
42.3789   44.9964   0.09219186515088969
43.7988   44.9762   0.0933069129271767
44.5147   46.2021   0.10073728207570544
45.9347   46.1812   0.10205371134848623
46.6518   47.4064   0.10892116415095805
30.9848   35.2545   0.07641164832667907
31.6969   36.483   0.0697713408212859
33.1162   36.4653   0.06946214796563804
33.8286   37.6936   0.06586486164868012
35.248   37.676   0.06578001216174989
35.9608   38.9041   0.06535786104211329
37.3804   38.8864   0.06565950045499781
38.0937   40.1141   0.06836329424479436
39.5134   40.0961   0.06914694497951819
40.2275   41.3233   0.07394227478242629
41.6473   41.3049   0.07508208840995331
42.3621   42.5316   0.08122056389856366
43.7821   42.5125   0.08257778151536696
44.4979   43.7386   0.08914420900989357
45.9179   43.7188   0.09071499324808187
46.6347   44.9442   0.09713480323756157
48.0549   44.9237   0.09865013938155245
33.8103   35.2246   0.06914990961671542
35.2298   35.2081   0.06857470379082825
35.9431   36.4359   0.06496845388340572
37.3627   36.4193   0.06494143515507109
38.0765   37.6469   0.06422733063112515
39.4962   37.6301   0.06479182047141475
40.2105   38.8573   0.06693354913643453
41.6304   38.84   0.06790309271307177
42.3455   40.0667   0.07193198176055042
43.7655   40.0488   0.0733676359166592
44.4813   41.275   0.078562586515466
45.9014   41.2563   0.08023683692668614
46.6181   42.4819   0.08580128204170515
48.0384   42.4625   0.08735834247511437
48.7561   43.6875   0.09282984433898026
38.0586   35.1799   0.06370156983936741
39.4784   35.1642   0.06374998039215438
40.1931   36.3913   0.06287097899667238
41.6131   36.3751   0.06359787732306686
42.3284   37.6018   0.06512249995201369
43.7485   37.5851   0.06646277153414759
44.4646   38.8113   0.0697098271407985
45.8847   38.7938   0.07134409576131749
46.6016   40.0195   0.07552913345193753
48.0219   40.0013   0.0772824689046583
48.7396   41.2264   0.08184528086578612
50.16   41.2075   0.08352466701520181
42.3108   35.1369   0.06131011335824002
43.7308   35.1214   0.06225287141971799
44.4473   36.3476   0.06325377459093136
45.8675   36.3313   0.06470077279291284
46.5847   37.557   0.06710134126826615
48.005   37.5401   0.0688981857525982
48.7229   38.7652   0.07218711796435372
50.1434   38.7475   0.07392523249878834
50.8622   39.9721   0.07747193040062855
46.5671   35.0944   0.061064392242942106
47.9874   35.0788   0.06276352443896165
48.7058   36.3039   0.06434749412369968
50.1262   36.2874   0.06622816621347796
50.8453   37.512   0.06854290627045052
52.2659   37.4948   0.0702521174058092
50.8277   35.0519   0.06166863059935864
52.2484   35.036   0.06356689389926438
52.9685   36.26   0.06490007704155594
14.2307   62.6239   0.09355009353282273
14.9484   63.8502   0.10091015806151378
16.368   63.8386   0.10511698245288366
17.086   65.0647   0.11250728865278428
18.5055   65.0525   0.11673666947450281
19.2239   66.2784   0.12405712393894038
20.6434   66.2654   0.12790175917476646
21.3624   67.4909   0.13490403996914965
22.7819   67.4768   0.13815578163797454
23.5019   68.7016   0.1443769372164447
24.9213   68.6861   0.14691473717772668
14.9234   61.3834   0.0948289512754411
16.3431   61.3708   0.0981336843290852
17.0598   62.5975   0.10635252700335601
18.4793   62.5845   0.10980842408485936
19.1963   63.811   0.11804325478399832
20.6158   63.7972   0.12118329092741684
21.3333   65.0234   0.12926909916912854
22.7527   65.0086   0.13180948372556905
23.471   66.2343   0.1394142030067219
24.8904   66.2183   0.14142906349121148
25.6097   67.4433   0.14828870489689333
27.0291   67.4259   0.1495110029395851
27.7497   68.65   0.15541232254876267
29.1692   68.631   0.1557787212683482
16.3197   58.9027   0.09062323101721834
17.0353   60.1299   0.09928771323784284
18.4549   60.1159   0.10183368794264568
19.1706   61.343   0.1108897199924352
20.5901   61.3284   0.11332881363536848
21.3062   62.5552   0.12234422748949067
22.7256   62.5398   0.12431335406946313
23.4423   63.7662   0.13310931597750608
24.8617   63.7496   0.13448274982316621
25.5793   64.9755   0.14275443951064679
26.9986   64.9576   0.14354166642476762
27.7173   66.1827   0.15096108770143002
29.1367   66.1633   0.1508872426681595
29.8568   67.3875   0.1572268742931707
31.2762   67.3665   0.15650364213014242
31.998   68.5896   0.16151956537831796
33.4174   68.567   0.1601641033440328
17.0126   57.6619   0.09135573326289288
18.4321   57.647   0.09322789282183568
19.1467   58.8745   0.10258601269178971
20.5661   58.8591   0.1044144625997761
21.281   60.0865   0.11415463196909603
22.7004   60.0703   0.11560661745765716
23.4157   61.2974   0.125349631032566
24.835   61.2802   0.12627493813104831
25.551   62.5068   0.13570191597762946
26.9703   62.4885   0.13606634411197985
27.6873   63.7144   0.1447531001395113
29.1065   63.6947   0.14449332164498097
29.8248   64.9199   0.15239770339477052
31.244   64.8987   0.15148247423382122
31.9638   66.1228   0.1580612855825235
33.3831   66.1002   0.15666454608494088
34.1046   67.3232   0.16190917206879132
35.524   67.2992   0.15989161954273706
18.4108   55.1778   0.08442067282366161
19.1244   56.4057   0.0937607593825914
20.5438   56.3895   0.09498552521305559
21.2576   57.6173   0.10501623683983347
22.6769   57.6004   0.10597117532612181
23.3909   58.828   0.11643272735790734
24.8102   58.8102   0.11687912559563868
25.5248   60.0374   0.12716697684540465
26.944   60.0185   0.12710617608912775
27.6594   61.2453   0.13710339164295088
29.0786   61.2252   0.1364443842743236
29.795   62.4512   0.14582156904929816
31.2142   62.4298   0.1446317046846915
31.9321   63.655   0.15280094894993537
33.3513   63.6322   0.1511614368812323
34.0708   64.8564   0.15809709042230877
35.4901   64.8324   0.15608760360772156
36.2114   66.0554   0.1614938079308369
19.1036   53.9365   0.08471576004498975
20.5229   53.9194   0.08544787885021264
21.2357   55.1476   0.09524925196556472
22.6549   55.1299   0.09574105702361728
23.3679   56.358   0.10637283487808355
24.7871   56.3396   0.10642725214905985
25.5004   57.5674   0.11743909059593195
26.9196   57.548   0.1170382416135865
27.6336   58.7754   0.12792103032730817
29.0527   58.7549   0.1270477862853174
29.7676   59.9817   0.1374760342750652
31.1867   59.9601   0.13608309961196544
31.9028   61.1862   0.1457581901643952
33.322   61.1634   0.14394891454957498
34.0396   62.3885   0.15238940251867691
35.4588   62.3646   0.15035667594091381
36.1781   63.5887   0.15751234872225212
21.2151   52.6776   0.08550730962906034
22.6343   52.6592   0.08568436263402986
23.3464   53.8876   0.0958753878740537
24.7654   53.8686   0.0957911269377302
25.4778   55.0968   0.10672253745109497
26.8968   55.077   0.10617584471055518
27.6096   56.3049   0.11751174409394205
29.0287   56.2841   0.1164370216039585
29.7422   57.5116   0.12777801062780683
31.1613   57.4898   0.1261187139166922
31.8759   58.7166   0.13692034180500773
33.295   58.6939   0.1350832706148312
34.0109   59.9199   0.14493505442093965
25.4565   52.6258   0.0957441382017721
26.8755   52.6056   0.09497583903288444
27.5874   53.8339   0.10627539696467841
29.0063   53.813   0.10522475944377414
29.7188   55.0409   0.1166756615580116
31.1378   55.0191   0.11520503461220888
31.8512   56.2465   0.12660098735792083
29.697   52.5699   0.1051036631140904
10.7518   68.8148   0.09065952790523565
12.1715   68.8068   0.09714200945007521
12.1438   66.3413   0.09288735113027943
12.8638   67.5666   0.09858625664867848
14.2834   67.5573   0.10455147057788684
15.0037   68.7824   0.11030058930032759
16.4232   68.7726   0.11638702676844505
12.8366   65.1011   0.09437420198338263
14.2562   65.0908   0.09945803134991242
14.9752   66.3166   0.1060623401589819
16.3948   66.3059   0.11119842624785028
17.1141   67.5314   0.11767098197942072
18.5336   67.52   0.12269983700070451
19.2535   68.7452   0.12888417280643968
20.6729   68.7329   0.13349434444949398
37.5974   63.5638   0.15538432996927215
35.4301   59.8962   0.14296286231045732
36.1476   61.1211   0.15143625721735374
37.5668   61.0965   0.14937315689239583
38.2862   62.3204   0.1563254937622119
33.2702   56.2239   0.12488618818748412
33.9847   57.4506   0.1356652866432737
35.4038   57.4272   0.13387908723919495
36.1198   58.653   0.14352383077384603
37.539   58.6288   0.14166767450621928
38.2567   59.8536   0.14998926628262
39.676   59.8287   0.1483546426641209
31.116   52.5482   0.10368418394335795
31.8284   53.7761   0.1153086293388313
33.2474   53.7537   0.11367396359765276
33.9608   54.981   0.12503703451378329
35.3799   54.9579   0.12332355817118018
36.0946   56.1844   0.13383280614258897
37.5138   56.1607   0.13236517668933698
38.23   57.3863   0.1417348933749252
39.6493   57.362   0.14043425508044868
40.3672   58.5865   0.1483745598140073
33.9388   52.5111   0.1134282592654942
35.3579   52.4886   0.11207180733797342
36.0716   53.7156   0.12300691037499016
37.4908   53.6926   0.12189483171980714
38.2059   54.9188   0.13189408629654548
39.6252   54.8951   0.13094937953270017
40.3418   56.1204   0.13980568657962195
41.7613   56.0962   0.13907875466799785
38.1841   52.4512   0.12079259083238682
39.6034   52.4283   0.12031280064897693
40.319   53.6542   0.1296418528099612
41.7385   53.6308   0.12933128005242986
42.4556   54.8558   0.13759345914687007
42.434   52.3909   0.1271746043831122
43.8537   52.3678   0.12753583810051197
25.6425   69.9102   0.15229422182078992
27.0619   69.8931   0.15394502265419754
27.7845   71.1162   0.15827589835473932
29.204   71.0974   0.15904508794678313
29.9282   72.3194   0.16216809180599975
31.3478   72.2988   0.1619964814432671
32.0738   73.5195   0.16374559536060376
29.8913   69.854   0.16039844138893228
31.3108   69.8333   0.16001793649462448
32.0347   71.0552   0.16332461541359797
33.4542   71.0327   0.16216873928103484
34.141   69.7889   0.16379612327525012
1.74594   84.8716   0.06898024644780586
2.47612   86.0921   0.06919499187080103
3.89567   86.0915   0.07494536409945524
2.43749   83.6325   0.06852832698964431
3.85705   83.6316   0.07367147073325332
4.58697   84.8523   0.07425641319105339
6.00651   84.8512   0.08260638534641919
6.7368   86.0716   0.08302656743476673
8.15636   86.0702   0.09340871533213874
3.81952   81.1714   0.07239834873808011
4.54858   82.3924   0.07302008011498812
5.96812   82.391   0.08089745113414358
6.69763   83.6118   0.08157349385676632
8.11715   83.6101   0.09154090014851858
8.8472   84.8306   0.09225086937259905
10.2667   84.8283   0.10332719874262926
10.9974   86.0484   0.10366928185340037
12.4169   86.0454   0.11534600123107595
4.51159   79.9323   0.07193458417200735
5.93118   79.9303   0.07919476560985368
6.65955   81.1516   0.08013977851229646
8.07909   81.1494   0.0896403642339736
8.80804   82.3705   0.09058906611727946
10.2275   82.3679   0.10138352923428988
10.9572   83.5885   0.10204303013924673
12.3767   83.5852   0.11337804020179368
13.1071   84.8053   0.11367682261569698
14.5266   84.8011   0.12498199870381427
15.2577   86.0207   0.12496483505371281
16.6773   86.0152   0.13564884813369402
5.89613   77.469   0.07747296302581297
6.62318   78.691   0.0788947558460013
8.04275   78.6881   0.08770086943696948
8.77034   79.9098   0.08906579365839981
10.1899   79.9066   0.09923331093941715
10.9181   81.1279   0.10036005181345557
12.3376   81.1242   0.11129986522902899
13.0667   82.345   0.11208630603245065
14.4862   82.3404   0.12296906114954247
15.2162   83.5606   0.1233822515599373
16.6357   83.5549   0.13386059913208465
17.3666   84.7745   0.13377933323201135
18.7862   84.7674   0.14352790669413104
19.5179   85.9863   0.1429638415824131
20.9376   85.9774   0.1514194835547953
6.5888   76.2299   0.0777054187299705
8.00843   76.2262   0.08571144906020702
8.73455   77.4486   0.08765102908694294
10.1541   77.4446   0.09704457738585268
10.8809   78.6667   0.09883744229795464
12.3004   78.6623   0.10902357543210685
13.0279   79.8839   0.1104187031258747
14.4474   79.8788   0.12085780901538799
15.1758   81.0998   0.12186787927916658
16.5953   81.0937   0.13190651992983407
17.3248   82.314   0.13234417251998482
18.7443   82.3066   0.1417903734391072
19.4748   83.5262   0.14169167230293522
20.8943   83.5171   0.1499909997299847
21.6259   84.736   0.14945437430868247
23.0455   84.7249   0.15634791332154857
23.7779   85.9431   0.15531113933005158
25.1975   85.9299   0.1607858513675958
7.97615   73.7637   0.0835855753105762
8.70083   74.9868   0.08626907267381917
10.1204   74.9819   0.0947561607495771
10.8456   76.2048   0.09728607300123583
12.2651   76.1995   0.10653262411111539
12.991   77.422   0.10877550275682661
14.4105   77.4162   0.11849506318830871
15.1372   78.6381   0.12026828343333197
16.5567   78.6314   0.12965901434146518
17.2845   79.8527   0.13097747898016118
18.7039   79.8447   0.13976387229896653
19.4328   81.0652   0.14039366082555
20.8523   81.0558   0.14842496420751783
21.5824   82.2755   0.14841543046461708
23.0019   82.2642   0.15510725321532215
23.7332   83.483   0.15442917470478115
25.1527   83.4697   0.15983982607597894
25.8849   84.6878   0.15874523614898886
8.66911   72.5244   0.08459419365417778
10.0888   72.5185   0.09212735750036939
10.8124   73.7421   0.09550481663245106
12.232   73.736   0.10383650610455387
12.9562   74.9593   0.10702121285054106
14.3757   74.9527   0.11582650819220744
15.1007   76.1755   0.11851063243438906
16.5202   76.1681   0.12721906303695385
17.2461   77.3903   0.1293591125510627
18.6656   77.3818   0.1375917512062437
19.3927   78.6033   0.13908450668568365
20.8121   78.5934   0.1465762941269801
21.5404   79.814   0.1473122194524187
22.9599   79.8025   0.15367973191023104
23.6895   81.0222   0.15382021973719667
25.1091   81.0086   0.15881791460663022
25.8399   82.2274   0.15818337460049497
27.2595   82.2118   0.1619008338459019
10.0589   70.0545   0.0891666417445514
10.7812   71.2788   0.09336176947766059
12.2009   71.2717   0.10068664260963246
12.9235   72.4958   0.1048911817075191
14.3431   72.4883   0.11261665063391013
15.0664   73.712   0.11636378302547491
16.4858   73.7038   0.12425960727444378
17.21   74.927   0.1275003529406909
18.6294   74.9178   0.1349462856102436
19.3546   76.1403   0.13750349086477182
20.774   76.1299   0.14441125302413282
21.5004   77.3516   0.14616928541934154
22.9199   77.3396   0.15206991812978868
23.6476   78.5603   0.15305740753063726
25.0671   78.5465   0.15771125514685877
25.7963   79.7662   0.1578570555914419
27.2158   79.7504   0.1612901112901814
27.9464   80.9691   0.16065176625235045
12.8928   70.0315   0.10204401011327849
14.3123   70.0231   0.1089048667415791
15.0341   71.2476   0.11365905155332033
16.4536   71.2386   0.1206713719156287
17.176   72.4627   0.12507713620002564
18.5954   72.4528   0.1316963553026346
19.3187   73.6763   0.1355853605666919
20.7381   73.6653   0.14165683887479577
21.4626   74.888   0.1446122401458513
22.882   74.8755   0.14987975180123592
23.6078   76.0973   0.15202424148799976
25.0272   76.0832   0.1562693508017502
25.7545   77.3039   0.15734865744581375
27.174   77.2879   0.16044781082956058
27.9028   78.5075   0.16063439855771616
29.3223   78.4894   0.16238737635666345
17.144   69.9975   0.12187292562337526
18.5635   69.9868   0.12771961478175523
19.285   71.2112   0.13270832679226122
20.7045   71.1996   0.13806273936149627
21.427   72.4233   0.1423753841083482
22.8464   72.4103   0.14703866838352955
23.5702   73.6332   0.15044926054986607
24.9896   73.6187   0.15419367691316188
25.7148   74.8405   0.15661487796503484
27.1343   74.8242   0.15921548291545506
27.8611   76.045   0.16061771384253293
29.2806   76.0266   0.1620438520894923
30.009   77.2463   0.1623853441662854
21.3936   69.9576   0.1391955818264384
22.8131   69.944   0.14314932762678598
23.5349   71.1679   0.14797395041020497
24.9543   71.153   0.15117529560084322
25.6775   72.376   0.155020837309052
27.0969   72.3593   0.15719347950853896
27.8216   73.5812   0.15993136027684043
29.2411   73.5627   0.1611375189085475
29.9675   74.7835   0.16269655804595046
31.3871   74.763   0.16274234236977805
67.0108   16.4908   0.12406329029975112
67.7092   15.255   0.12795292102956893
69.13   15.245   0.1347820091852006
69.8609   16.4632   0.13349614226635903
71.2818   16.4513   0.13917014766105543
69.0961   12.7906   0.13937449551478204
69.8275   14.0087   0.138063065299881
71.2483   13.9976   0.14443261404544508
71.9798   15.2153   0.14314471698249945
73.4007   15.2022   0.14800074324137336
74.1324   16.4196   0.14706967736417184
75.5533   16.4042   0.15039953457374297
69.792   11.5534   0.1414708803959335
71.2125   11.543   0.14830741721168225
71.9446   12.7606   0.14693250151004322
73.3652   12.7481   0.1523343690701497
74.0974   13.9654   0.1511080739073841
75.5182   13.9506   0.15499222561147427
76.2504   15.1677   0.15415566807613298
77.6712   15.1506   0.15661037641229245
78.4036   16.3674   0.15629171443169784
79.8244   16.3479   0.15734122155366626
71.1746   9.08743   0.15091124046935725
71.9071   10.305   0.14945691686904364
73.3275   10.293   0.15533689194778974
74.0602   11.5103   0.15400704529338535
75.4807   11.496   0.15828032094989078
76.2134   12.713   0.15720502536496503
77.634   12.6964   0.1599740291422302
78.3668   13.9131   0.15920760032109219
79.7874   13.8941   0.16064410975818716
80.5202   15.1106   0.16042353318637512
81.9409   15.0893   0.16071667617270163
82.6737   16.3056   0.16120083746680694
84.0945   16.2823   0.16067666289787974
71.8675   7.84856   0.15095434442241235
73.2877   7.83698   0.15726285289285716
74.0207   9.05425   0.15575797122459192
75.441   9.04037   0.16043945400056597
76.1741   10.2573   0.15903615941036564
77.5945   10.2411   0.16211196747926948
78.3277   11.4578   0.16106672530351837
79.7481   11.4391   0.1626329609888469
80.4813   12.6556   0.1620453331632891
81.9018   12.6346   0.16237933981883088
82.635   13.8509   0.16252562874820886
84.0555   13.8278   0.16182923098130345
84.7887   15.0439   0.162559127704359
86.2093   15.0192   0.16136477310738898
86.9424   16.2352   0.1627655368927965
88.363   16.2092   0.1612114760183051
73.246   5.37996   0.15810036970228658
73.9792   6.59727   0.15650239646727593
75.3994   6.58372   0.16153600867918
76.1328   7.80069   0.15999105881267428
77.5529   7.78475   0.16330818228122831
78.2864   9.00143   0.16194940228355065
79.7067   8.98308   0.16381014284835888
80.4402   10.1995   0.1627754588382436
81.8605   10.1789   0.16324322344281048
82.594   11.3951   0.16274993087556117
84.0143   11.3724   0.1621296086469119
84.7479   12.5884   0.16228952523191345
86.1683   12.5639   0.16105862286758085
86.9018   13.7798   0.16200083333119053
88.3222   13.7539   0.16022228309445158
89.0556   14.9698   0.16178439356130375
90.476   14.943   0.1599385506999492
73.936   4.13945   0.15658863336781753
75.3559   4.12613   0.16184471600889602
76.0895   5.34317   0.1601693819055312
77.5095   5.32747   0.16374573002066453
78.2432   6.54418   0.1622022737201931
79.6633   6.52609   0.16412101663102222
80.3971   7.74252   0.16277946922139458
81.8172   7.72217   0.16331703401666386
82.551   8.93836   0.16233460382801995
83.9712   8.91594   0.1617772879609511
84.7051   10.1319   0.16134642853190437
86.1253   10.1077   0.1600796051969126
86.8592   11.3235   0.16042820824281498
88.2794   11.2979   0.1585848983983035
89.0133   12.5136   0.1597185023721456
90.4336   12.4869   0.1577162959240388
91.1672   13.7027   0.15943155271149392
75.3113   1.66767   0.16148715397826613
76.0448   2.88487   0.1598753276775372
77.4647   2.86933   0.16360868589411678
78.1984   4.08613   0.16188983908819082
79.6184   4.06824   0.1639607074881052
80.3523   5.28471   0.16231920896800872
81.7722   5.26461   0.16292463318970402
82.5063   6.48081   0.16162535104369938
83.9263   6.4587   0.16106548854425723
84.6605   7.67465   0.1602073846612573
86.0805   7.6508   0.15877499803180464
86.8148   8.86654   0.1585585746656468
88.2349   8.84122   0.15669111780825146
88.9691   10.0568   0.15717302694800833
90.3893   10.0303   0.15516522290771684
91.1234   11.2459   0.15639993606137156
92.5436   11.2184   0.15446145150165902
75.9993   0.425885   0.15935684279001033
77.419   0.410416   0.16311587581838896
78.1526   1.62741   0.16143091401587345
79.5724   1.60965   0.16356554771711573
80.3062   2.82623   0.16175339996426671
81.7261   2.80632   0.1624850273102118
82.4602   4.02257   0.16076245954824203
83.8801   4.00073   0.1602625099641201
84.6144   5.2167   0.1589553990904366
86.0343   5.19319   0.15757852677316272
86.7688   6.4089   0.15675390553348256
88.1888   6.38396   0.15494976476265057
88.9234   7.59945   0.1548087000139232
90.3434   7.57326   0.15288953528610297
91.078   8.78863   0.15347893796870093
92.4981   8.7614   0.15162542662759448
93.2324   9.9768   0.15283646848838323
80.2595   0.367187   0.16135771596053305
81.6792   0.347375   0.16206341677257075
82.4132   1.56377   0.1601616186856267
83.8329   1.54212   0.15965067522563126
84.5672   2.75818   0.15796898714621205
85.987   2.73495   0.15669368972616501
86.7215   3.9507   0.15527447472137873
88.1414   3.92612   0.15363014710661552
88.8762   5.14158   0.1528999741661195
90.2961   5.11577   0.15112809268960956
91.0311   6.33101   0.15104842402355242
92.4511   6.30406   0.1494249473816188
93.1859   7.51922   0.15004826723424802
94.6059   7.49127   0.1486257433959581
84.5194   0.299157   0.15752258266356609
85.9391   0.27608   0.15622151140287965
86.6735   1.49199   0.1544865447215395
88.0932   1.46765   0.15290353691134762
88.828   2.68321   0.15166726377171838
90.2478   2.65772   0.15011636852788585
90.9828   3.87296   0.14945777196251767
92.4027   3.84631   0.14815727994263453
93.1379   5.06133   0.1480947024710903
94.5579   5.03356   0.14714058753450834
95.2929   6.24856   0.14754731986722205
88.7791   0.224308   0.15121572516110887
90.1988   0.198968   0.14974956594260994
90.9336   1.4144   0.14858687694409584
92.3534   1.38796   0.14761846090513156
93.0887   2.60303   0.14714272017330698
94.5085   2.57544   0.14644666469400958
95.2439   3.79031   0.146467132490533
96.6638   3.76168   0.1460802710840847
93.0386   0.144199   0.14682047477191315
94.4583   0.116703   0.14633557407889602
95.1936   1.33167   0.14607333774512085
96.6134   1.30311   0.14597776577273727
97.3489   2.51789   0.14597986984512726
97.2979   0.0589369   0.14589741363989323
98.7177   0.0296122   0.1460086592942009
57.1983   31.3028   0.05944989486954544
58.6193   31.2888   0.06222885182935603
59.3428   32.5109   0.06131525095765353
60.7639   32.496   0.06358600474947561
61.4879   33.7176   0.06289610480784957
62.9092   33.7018   0.06477607583050861
58.5988   28.8334   0.06467627076447896
59.323   30.0553   0.06325986089140448
60.7441   30.0417   0.06649436066314172
61.4686   31.2631   0.06509854069025105
62.8899   31.2486   0.0679288598461651
63.6148   32.4696   0.06688325649966752
65.0362   32.4539   0.06913913508281652
65.7616   33.6744   0.06836329424479134
67.1832   33.6575   0.07017805924931199
59.3017   27.5995   0.06711817935552017
60.7228   27.5873   0.07138424195857226
61.448   28.8085   0.06975801029272335
62.8692   28.7952   0.07338426261808627
63.5948   30.016   0.07198096970727735
65.0161   30.0015   0.07513567727784107
65.742   31.2219   0.07395890750951134
67.1635   31.2061   0.07656069487667809
67.8898   32.4261   0.07585255434063794
69.3115   32.4089   0.07774766877533813
70.0382   33.6283   0.07745714944406638
71.46   33.6097   0.07893091916352868
60.6999   25.1327   0.07729902974811423
61.4258   26.3536   0.07553866559583916
62.847   26.3416   0.08015796903614812
63.5732   27.5621   0.07854304552282211
64.9945   27.5489   0.08258389673538057
65.721   28.7691   0.08121508480572008
67.1425   28.7545   0.08460153662907072
67.8693   29.9743   0.08358582415696879
69.2909   29.9582   0.08621281807248525
70.018   31.1776   0.08564280471820464
71.4397   31.16   0.08768660102889335
72.1673   32.3788   0.08769207489847268
73.5891   32.3596   0.08905666735287514
74.317   33.578   0.08963291806027568
75.7389   33.5572   0.09048690512996949
61.402   23.8986   0.08182304076481084
62.8231   23.8878   0.08741384329726959
63.5501   25.1081   0.08579895104253896
64.9713   25.096   0.09062334136413291
65.6985   26.316   0.0891781924015043
67.1199   26.3026   0.09338463471042807
67.8473   27.5221   0.09212849721991484
69.2688   27.5072   0.09545700602889262
69.9965   28.7264   0.09480427205564239
71.4181   28.7098   0.09726628398370878
72.1461   29.9286   0.09709670437249428
73.5678   29.9103   0.09888569158377022
74.2961   31.1286   0.09926348774851375
75.7179   31.1086   0.10036852096150664
76.4464   32.3266   0.10128242690615176
77.8683   32.305   0.10203386692662503
78.5969   33.5229   0.10338655618599826
80.0188   33.5002   0.10367473173343679
63.5252   22.6538   0.09291641405047903
64.9463   22.6429   0.09855729298230273
65.6742   23.8626   0.09708563230468156
67.0955   23.8503   0.10204597003312191
67.8236   25.0696   0.10073748061173746
69.245   25.0558   0.10490633917929132
69.9733   26.2748   0.10393579749056206
71.3948   26.2592   0.10703097682447167
72.1233   27.4779   0.10657936010316667
73.5449   27.4605   0.10881810511123241
74.2737   28.6787   0.10899770639789234
75.6954   28.6595   0.11044609544932445
76.4244   29.8774   0.11132479508178382
77.8462   29.8564   0.11209522737387335
78.5753   31.0741   0.11339916225440444
79.9971   31.0516   0.11369283178811357
80.726   32.2693   0.11532358822027375
64.9194   20.1894   0.10596933518712033
65.648   21.4088   0.10453592683857675
67.0692   21.3976   0.11024808388357277
67.798   22.6167   0.10894452716864864
69.2193   22.6039   0.11374572519440561
69.9482   23.8227   0.11265371720454018
71.3696   23.8081   0.1163263512708976
72.0988   25.0266   0.11575296972431849
73.5203   25.0101   0.11846387635056117
74.2496   26.2282   0.11838754157427339
75.6712   26.2098   0.12027622375182748
76.4007   27.4276   0.12082789413045023
77.8224   27.4073   0.12186554065854828
78.552   28.6248   0.12301666553764626
79.9737   28.6027   0.12335359743436575
80.7032   29.8201   0.12496791588243707
82.125   29.7967   0.124925817988117
65.6199   18.9547   0.11119330015787697
67.041   18.9445   0.11772365947420897
67.7704   20.1634   0.11636090408723564
69.1916   20.1516   0.1218728435706613
69.9212   21.3701   0.1206634161624797
71.3425   21.3565   0.1250099596032271
72.0723   22.5747   0.12421437114923535
73.4937   22.5592   0.12751525398947583
74.2236   23.7771   0.1271670554821516
75.6451   23.7596   0.12942623381679638
76.3751   24.9772   0.1297108707857625
77.7967   24.9575   0.1308913289717805
78.5268   26.1749   0.13184839779079682
79.9484   26.1533   0.13234734602552933
80.6785   27.3705   0.13388211232274538
82.1002   27.3473   0.1338443125426009
82.83   28.5646   0.13566056906854182
67.7408   17.7095   0.12276697438643207
69.1618   17.6986   0.1288811467981284
69.8921   18.917   0.12769643691192475
71.3132   18.9043   0.1327124334793046
72.0437   20.1223   0.1317232325749698
73.4649   20.1076   0.1354926566275857
74.1954   21.3254   0.13496625504177392
75.6167   21.3086   0.13754370214589431
76.3474   22.526   0.13758869866380144
77.7688   22.5071   0.139072822650582
78.4995   23.7243   0.13977907568731304
79.921   23.7033   0.14047928672939616
80.6517   24.9203   0.14177891239532045
82.0732   24.8974   0.14169707124708086
82.8038   26.1144   0.14351539987053344
84.2253   26.0901   0.14292519022202438
72.0129   17.6692   0.13812259047671974
73.4339   17.6553   0.14236274091207718
74.1651   18.8729   0.14170765681500544
75.5862   18.8568   0.14459716456418187
76.3174   20.0741   0.14432601983011117
77.7386   20.0559   0.14615683357270848
78.4699   21.2729   0.14658011461313222
79.8912   21.2525   0.1473489395957784
80.6225   22.4693   0.14837280748169795
82.0439   22.4468   0.1483927895822343
82.7751   23.6635   0.1500098996733121
84.1964   23.6394   0.14931208926272185
84.9274   24.8562   0.1514233139249076
76.2851   17.6214   0.14985362858469528
77.7061   17.6037   0.15205410221365842
78.438   18.8206   0.15206820838032145
79.859   18.8007   0.1529903918551701
80.5909   20.0174   0.1536685068581072
82.012   19.9953   0.15370185425036495
82.7439   21.2118   0.15509784008811828
84.165   21.188   0.15453688880005317
84.8967   22.4045   0.15643743158207873
86.3178   22.3793   0.15529938827954703
80.5568   17.5645   0.15772333372078903
81.9777   17.5428   0.15781460642158263
82.7101   18.7592   0.15881413665035785
84.131   18.7357   0.15825567920299402
84.8633   19.952   0.15991253859532054
86.2842   19.9269   0.15869747950108792
87.0162   21.1433   0.1607291510585364
84.8273   17.4985   0.1619065780010134
86.248   17.4735   0.16064102838316738
86.9806   18.6897   0.16247587513227618
88.4014   18.6636   0.16090472336137365
89.0959   17.4252   0.16312504406129907
56.495   32.5368   0.06078659391675205
57.2174   33.7595   0.06038319302587417
58.6384   33.7442   0.06244589658256291
63.6337   34.9229   0.06422569579226106
65.0551   34.906   0.06570890350629778
65.7802   36.1266   0.06541582377376327
67.2018   36.1085   0.06647774063549311
67.9276   37.3284   0.06632985753037858
69.3493   37.3091   0.06711683842375268
70.0757   38.5285   0.0672652956583107
71.4976   38.508   0.06782071954793951
72.2246   39.7268   0.06818284241654851
73.6466   39.7053   0.068504598385803
74.374   40.9238   0.06899137627269118
75.796   40.9017   0.06921813346226688
67.9091   34.8775   0.0697620957253992
69.3308   34.8592   0.07102485480450038
70.0574   36.0786   0.07103949605677327
71.4792   36.059   0.07196978532689814
72.2062   37.2779   0.07239530371508884
73.6282   37.257   0.07303218468593269
74.3557   38.4755   0.07369945725716034
75.7777   38.4537   0.0742579962024256
76.5053   39.672   0.07495738789472352
72.1872   34.8286   0.07915440606814558
73.6091   34.8085   0.08014842481296677
74.3368   36.027   0.08090797241310542
75.7588   36.0056   0.08159491405718815
76.4866   37.2238   0.08259642849421232
77.9086   37.2016   0.08302662223648612
76.4671   34.7754   0.09157581558468093
77.889   34.7534   0.09217217584498859
78.6171   35.9715   0.0934266557252252
45.9709   51.1062   0.12502515746840848
46.6698   49.8685   0.12062416839091523
48.0899   49.8459   0.12179811164382094
48.8088   51.0699   0.1276978856520331
50.229   51.0466   0.12898972827322264
48.0719   47.3848   0.11034074496758028
48.7902   48.6092   0.11640459612919515
50.2105   48.5869   0.1176872550448843
50.9301   49.8106   0.12273019188447432
52.3506   49.7876   0.12404341981742023
53.0716   51.0104   0.1279222029203695
54.4922   50.9869   0.12921106763741427
48.7728   46.1484   0.1045208591621812
50.1932   46.1272   0.10597612938770977
50.9122   47.3512   0.11119037728149234
52.3327   47.3293   0.11258534540516385
53.053   48.5525   0.1167825757551181
54.4737   48.53   0.11801584639360689
55.1953   49.7524   0.12119253277326615
56.6161   49.7293   0.12230686816364288
57.3392   50.9508   0.12429633944730618
58.7602   50.9273   0.12528902585621904
50.1765   43.6674   0.0943852742751772
50.8952   44.8917   0.09944128921127152
52.3157   44.8708   0.10091927467040389
53.0356   46.0944   0.10514656437563796
54.4563   46.073   0.10628626439949981
55.1773   47.2958   0.1097734485201222
56.5982   47.2737   0.11082477159913683
57.3205   48.4957   0.11329505726199636
58.7415   48.4731   0.11416851580010738
59.4652   49.6943   0.11559714529346891
60.8864   49.6711   0.11639394314138432
61.6114   50.8913   0.11690568848434947
63.0328   50.8677   0.11740204427521565
50.8787   42.432   0.08794663154436239
52.2992   42.4123   0.08949553061466453
53.0189   43.6361   0.09353218697325576
54.4396   43.6158   0.09473679327484262
55.1603   44.8389   0.0981450457231557
56.5811   44.818   0.09922867529096888
57.3029   46.0403   0.10189156000376291
58.7239   46.0188   0.10266099551436075
59.447   47.2404   0.10443916889749459
60.8682   47.2182   0.10498428453820673
61.5925   48.4389   0.10588847907114132
63.0139   48.4162   0.10635351428138057
63.7395   49.636   0.10643523852559368
65.1611   49.6128   0.10672324020567514
65.8878   50.8318   0.1061540861201274
67.3095   50.8083   0.10633089861371328
52.2827   39.9536   0.07907521735664054
53.0024   41.1776   0.08247235900590981
54.4231   41.1584   0.08381706270205497
55.1436   42.3818   0.08695395333163485
56.5645   42.362   0.08800874956502898
57.286   43.5847   0.0906411606280512
58.7071   43.5643   0.09133684908075192
59.4297   44.7862   0.09320005364805693
60.8509   44.7651   0.0936976520516925
61.5746   45.9862   0.09496473029498938
62.996   45.9645   0.09530183628870655
63.7209   47.1847   0.09577671950949182
65.1425   47.1623   0.09594889264603464
65.8686   48.3818   0.09576324973600317
67.2904   48.3589   0.09571389658769543
68.0174   49.5777   0.09493413506215587
69.4393   49.5546   0.09485894791742039
70.167   50.7729   0.0937231028082189
52.9857   38.7189   0.07274400318926404
54.4064   38.701   0.07422573677640484
55.1271   39.9244   0.07665024461800572
56.5479   39.9059   0.077875413321538
57.2694   41.1287   0.0800641617704236
58.6904   41.1095   0.08083229552598592
59.4128   42.3316   0.0826980652736231
60.834   42.3117   0.08314541478638436
61.5574   43.5331   0.0844554320337076
62.9788   43.5125   0.08474573735592746
63.7033   44.7331   0.08547642949959931
65.1248   44.7117   0.08551292299998321
65.8504   45.9315   0.08561763836967898
67.2721   45.9094   0.08562388685408093
67.9986   47.1285   0.08531318772616774
69.4205   47.1059   0.08515609197232522
70.1478   48.3244   0.08435081505237184
71.5698   48.3017   0.08405016359294176
54.3893   36.2434   0.06655621683960168
55.1102   37.4669   0.06813758140703342
56.5311   37.4496   0.06946747440349008
57.2527   38.6725   0.07102020839169719
58.6737   38.6545   0.0719940969802394
59.3961   39.8768   0.073439362742335
60.8173   39.8581   0.07408144167063622
61.5405   41.0797   0.07521369556138185
62.9619   41.0602   0.07550370851819016
63.6861   42.2811   0.07632286682246388
65.1076   42.2607   0.07641426568383229
65.8328   43.4808   0.07673890799326806
67.2545   43.4596   0.0767099080953754
67.9806   44.679   0.07675193808628406
69.4025   44.657   0.07655880093104768
70.1294   45.8758   0.07620643017488644
71.5514   45.8535   0.0759298360330137
72.2788   47.0719   0.07531600095597367
55.0926   35.0092   0.06195143259037741
56.5135   34.9932   0.06364943047663413
57.2354   36.2161   0.06427705655986417
58.6565   36.1994   0.06563482307433863
59.379   37.4217   0.066377179813548
60.8002   37.4042   0.06736364004416902
61.5235   38.626   0.06801249885131407
62.9449   38.6076   0.06857237052924584
63.669   39.8287   0.06914990961671694
65.0905   39.8094   0.06942427529329878
65.8154   41.0298   0.06980465600517159
67.2371   41.0095   0.06996742099005873
67.963   42.2292   0.07011440650822201
69.3848   42.208   0.07021552534874548
70.1114   43.427   0.07012082429635332
71.5334   43.4051   0.07008487711339678
72.2606   44.6237   0.06977972484898531
73.6826   44.6015   0.0696453874998193
59.3614   34.9664   0.062264114865626136
60.7826   34.9502   0.0637631555053555
61.5061   36.1719   0.06369748817653552
62.9274   36.1548   0.06493211840067996
63.6516   37.376   0.06496845388340296
65.0731   37.3578   0.06574009431085377
65.798   38.5784   0.06588983229603852
67.2197   38.5592   0.06635035794929683
67.9454   39.779   0.06646164307328077
69.3672   39.7587   0.06679378713622913
70.0936   40.9779   0.06698522225088074
71.5156   40.9567   0.06715013030515957
72.2426   42.1754   0.06727644461474049
73.6647   42.1534   0.0673649018406474
74.392   43.3719   0.06745012972559801
36.2474   68.521   0.16356200659077555
37.6669   68.4958   0.16143277238529136
37.6308   66.0303   0.15940003136762546
38.3541   67.252   0.1630935314474494
39.7736   67.226   0.16093989561324076
40.4988   68.4467   0.1630894846395676
41.9184   68.42   0.16112957518718105
38.3187   64.7866   0.1607588877791845
39.7381   64.7609   0.15871849293639534
40.4613   65.9826   0.16251024583083923
41.8809   65.9562   0.16067115484741243
42.6061   67.1767   0.16276685780588243
44.0258   67.1498   0.161337348434888
44.7528   68.3693   0.16203712537563353
46.1726   68.342   0.1609981676914359
39.7056   62.295   0.15443817533239843
40.4269   63.5178   0.1598262181245584
41.8464   63.4918   0.15817190015928653
42.5697   64.7133   0.1618458834817907
43.9893   64.6868   0.16066726486749172
44.7146   65.9072   0.16264728709695722
46.1344   65.8803   0.16184007538307912
46.8616   67.0997   0.16230120147429575
48.2815   67.0724   0.16213124313345323
49.0104   68.2908   0.16137490511228905
50.4304   68.2632   0.1617976823072571
40.3955   61.0524   0.15511705257643302
41.8149   61.0268   0.15379977243155968
42.5364   62.2494   0.1588910633106857
43.956   62.2233   0.15783285462792343
44.6795   63.4448   0.16117698346848644
46.0993   63.4183   0.16066178761609903
46.8247   64.6386   0.16246707358723655
48.2446   64.6117   0.16242228911082765
48.972   65.831   0.16272052728527858
50.392   65.8038   0.163223925942243
51.121   67.0221   0.1623523945003594
52.5412   66.9947   0.16330701148449986
53.2717   68.2121   0.16163069015505255
54.692   68.1845   0.16295781662749387
41.7866   58.5616   0.1474040026593568
42.5064   59.7851   0.1537351944090892
43.926   59.7596   0.15300849649610584
44.6477   60.982   0.15769074164325475
46.0675   60.956   0.15739409137575525
46.7912   62.1773   0.160394046024158
48.2111   62.1509   0.1606365462776149
48.9367   63.3711   0.16209003670799316
50.3568   63.3444   0.1626120844217936
51.0843   64.5635   0.16272842406906338
52.5045   64.5365   0.16377777627016113
53.2336   65.7547   0.16280261054417575
54.654   65.7274   0.16414368705496596
55.3846   66.9448   0.16230767079839606
56.805   66.9174   0.16394194094251557
57.5367   68.1341   0.16174458259861213
58.9572   68.1069   0.16355280492856056
42.4796   57.3205   0.14649904436549008
43.8992   57.2957   0.14614013822355262
44.6193   58.519   0.15203772558151088
46.0391   58.4936   0.15204019205460326
46.7611   59.7158   0.15623991167432372
48.181   59.69   0.1566460979405529
48.9049   60.9111   0.15919400114326077
50.325   60.8849   0.15996193297156514
51.0509   62.1049   0.1610127324157965
52.4711   62.0783   0.16214092635729263
53.1987   63.2973   0.1620139808781901
54.6191   63.2704   0.1634010097887975
55.3484   64.4885   0.16220918592977537
56.7689   64.4615   0.16375890815463545
57.4995   65.6788   0.1618740559818062
58.9202   65.6517   0.16356674478634
59.6517   66.8684   0.16146265822165023
61.0725   66.8416   0.16314199336774127
43.8752   54.8317   0.13760817562920974
44.594   56.0558   0.14439297074303548
46.0138   56.0311   0.14466544162307415
46.7343   57.2542   0.1499152760728558
48.1543   57.229   0.15040332443134238
48.8766   58.451   0.15414035811557877
50.2967   58.4253   0.1550189020732625
51.0209   59.6463   0.15718667246303378
52.4412   59.6202   0.15835008683294183
53.1672   60.8401   0.15910040854756038
54.5877   60.8137   0.16040782399870954
55.3154   62.0326   0.15997337278435272
56.7361   62.0059   0.16148925660860863
57.4653   63.2239   0.16019747189016242
58.8861   63.1971   0.1618708435759816
59.6166   64.4143   0.159928734128676
61.0375   64.3877   0.1615049844432078
61.7689   65.6044   0.1593252020240342
44.5714   53.5924   0.13498007260332923
45.9912   53.5686   0.1355039113826642
46.7105   54.7924   0.14159085422441708
48.1305   54.768   0.1423897819367665
48.8514   55.9907   0.1470527116376984
50.2716   55.9658   0.1480257747826374
50.9943   57.1875   0.15113702392200093
52.4146   57.1621   0.15238060900259073
53.1391   58.3828   0.15406381794568402
54.5596   58.357   0.1553583277458899
55.2858   59.5767   0.15576485482932265
56.7065   59.5505   0.15729672596720248
57.4344   60.7693   0.15649118186019284
58.8553   60.7429   0.1580668529452
59.5845   61.9607   0.15666058853457682
61.0055   61.9344   0.1580857994887597
61.736   63.1515   0.15605736124899755
63.1571   63.1255   0.15744614952421027
46.6891   52.3305   0.13174099589725216
48.1092   52.3069   0.13270821376237024
48.829   53.5304   0.13808580665658338
50.2492   53.5062   0.13921731214184282
50.9706   54.7287   0.14323438832906246
52.391   54.704   0.14436737858671506
53.1141   55.9255   0.14692045466850281
54.5346   55.9003   0.1483260260372418
55.2594   57.1209   0.1495399946502623
56.6802   57.0953   0.15089294218087465
57.4066   58.3148   0.15098387331103091
58.8275   58.2889   0.15246156892804016
59.5555   59.5075   0.15142324788486056
60.9766   59.4815   0.15278700861003097
61.7059   60.6992   0.1511985449665417
63.1272   60.6734   0.15241869964016644
63.8575   61.8905   0.1503643574787568
50.9494   52.2697   0.13349925093423326
52.3698   52.2459   0.13482662941718845
53.0918   53.468   0.13807465372036865
54.5123   53.4437   0.13948225693613905
55.2359   54.6649   0.14141637104663587
56.6566   54.6401   0.14280647744413125
57.3818   55.8603   0.1435087453781155
58.8027   55.8351   0.14480997893791703
59.5294   57.0543   0.1445412397898944
60.9506   57.0289   0.14576645704688113
61.6787   58.2472   0.14463540368803637
63.1   58.2217   0.14576999005281938
63.8293   59.4394   0.14401239529984594
65.2508   59.4143   0.14483121210567781
55.2147   52.2088   0.13183432785128402
56.6354   52.1848   0.13305059188143442
57.3594   53.4057   0.13451412565228796
58.7804   53.3812   0.1357295472621931
59.506   54.6012   0.13600757331854801
60.9271   54.5764   0.13715294382549625
61.6541   55.7954   0.13652065777749808
63.0755   55.7703   0.13751887143225155
63.8038   56.9885   0.13609999999999586
65.2253   56.9637   0.13688714329694798
65.9545   58.1813   0.13508005034053558
59.4847   52.1478   0.12627873930318104
60.9059   52.1238   0.12719952830101028
61.6318   53.3434   0.127208883337606
63.0532   53.3191   0.127919388678968
63.7805   54.5378   0.12701791212265937
65.2021   54.5133   0.12768688264657024
65.9304   55.7314   0.1261627520308526
67.3521   55.7072   0.12662566880377044
63.7592   52.087   0.1170332431405701
65.1808   52.0631   0.11746493093685217
65.9083   53.2816   0.11642053083542102
67.33   53.2577   0.1167332429087777
68.0583   54.4757   0.11528338995709285
68.0372   52.0267   0.10510518540966637
69.4591   52.0033   0.10508401400783281
33.4933   73.4972   0.16278144857447233
34.221   74.7168   0.16326132426266973
35.6406   74.693   0.16168271398018547
36.3698   75.9117   0.16107343045952444
37.7894   75.8865   0.15887328283886515
38.5197   77.1045   0.15759803298264893
39.9394   77.0784   0.15525875176620393
40.6706   78.2958   0.15364348342835757
42.0902   78.2689   0.15171067859580578
42.8222   79.4857   0.15012927762431819
44.2419   79.458   0.14859162156730055
44.9747   80.6744   0.14763353277626465
46.3944   80.6459   0.14682326109986882
47.1281   81.8617   0.14633526574274625
34.1799   72.2535   0.16410173673669634
35.5994   72.2295   0.16238552891190344
36.3268   73.4491   0.16295229363221694
37.7464   73.4239   0.1608002798505046
38.4753   74.6426   0.1602339851592059
39.8949   74.6164   0.15796702187481784
40.625   75.8344   0.1566676737556297
42.0446   75.8074   0.15452074294411033
42.7756   77.0248   0.1529170036326926
44.1953   76.9971   0.15117962825724762
44.9271   78.214   0.14973236123163156
35.5605   69.7649   0.16188122188814755
36.286   70.9856   0.16388450201285412
37.7055   70.9604   0.16180747819554409
38.4327   72.18   0.1624811989123754
39.8523   72.1538   0.16017559114921345
40.5809   73.3725   0.15967075499289296
42.0006   73.3455   0.1575566247417113
42.7305   74.5635   0.15623088683100192
38.3922   69.7165   0.163555892587214
39.8117   69.6903   0.16137515298210597
40.5388   70.91   0.16209938309567323
27.3046   84.6723   0.16246593489099037
28.0375   85.8896   0.16092644282404406
29.4572   85.8719   0.16310766382974695
27.9915   83.4297   0.16069131899390066
29.4111   83.4119   0.16274685864863792
30.1439   84.6292   0.16116727335287187
31.5636   84.6093   0.16179928924442352
32.297   85.826   0.15993479921517703
33.7167   85.8044   0.15938839355486195
29.3659   80.9512   0.16261236115375546
30.0976   82.169   0.16129342826042126
31.5173   82.1491   0.16198796251574052
32.2499   83.3662   0.1602029650162645
33.6695   83.3446   0.1597592250857535
34.4028   84.5612   0.15772903981195469
35.8225   84.5381   0.15640361249024992
36.5563   85.7543   0.15441819840938786
37.976   85.73   0.1528336023261941
30.0525   79.7081   0.16186136042923296
31.4721   79.6881   0.16235692162640097
32.2035   80.9059   0.16101257714850062
33.6231   80.884   0.16044491266475458
34.3554   82.1012   0.1586648039106425
35.7751   82.0779   0.15715549624496178
36.5081   83.2945   0.15511289437052334
37.9278   83.2702   0.15348755649889487
38.6614   84.4864   0.15162041419281128
40.0811   84.461   0.15009853430330614
40.8153   85.6768   0.1486844981832319
42.2351   85.6504   0.1475431462318779
31.4286   77.2261   0.16273687351058858
32.1584   78.4447   0.1621047809288816
33.578   78.4227   0.1613967471791227
34.3091   79.6405   0.16002277962839898
35.7287   79.6171   0.15854024725601673
36.4607   80.8342   0.15668165176560483
37.8804   80.8096   0.15479156953788406
38.6131   82.0263   0.15285365550094066
40.0327   82.0007   0.15105131578373818
40.7661   83.217   0.1494088685453425
42.1857   83.1905   0.14810952028820165
42.9197   84.4063   0.147106050181493
44.3394   84.3788   0.14647392259374806
45.0742   85.5941   0.14606656017035424
46.4939   85.5656   0.1460030821592479
32.1151   75.9827   0.16322754056836697
33.5347   75.9605   0.16234866799577
34.2642   77.1792   0.1617842390345772
35.6838   77.1554   0.16017824446534198
36.4145   78.3733   0.15877547039766546
37.8341   78.3484   0.15674862040860515
38.5657   79.5657   0.15494850757590653
39.9854   79.5398   0.15285146384643902
40.7177   80.7566   0.1511040039178336
42.1373   80.7299   0.14944624451621114
42.8704   81.9463   0.14818704396808743
44.29   81.9187   0.14717081911846372
45.0239   83.1345   0.14643950969598407
46.4435   83.1059   0.14607754789836938
47.1782   84.3212   0.14597061348093437
48.5979   84.2919   0.14589263175362827
49.3332   85.5068   0.1460044519869174
48.5478   81.8324   0.1460723450896841
49.2824   83.0477   0.14598938317562654
50.7022   83.0181   0.1459826702043776
51.4374   84.233   0.14590609994102394
46.3468   78.1855   0.14865591141962825
47.0795   79.4018   0.14755056760310997
48.4993   79.3727   0.14712134447455197
49.233   80.5885   0.14645685371466946
50.6528   80.559   0.14644965005079374
51.3873   81.7743   0.1460728927624835
52.8072   81.745   0.14631445588184155
44.1502   74.5359   0.15440809564268307
44.881   75.7532   0.15285332839032645
46.3008   75.725   0.1516031002321509
47.0326   76.9418   0.15007484799259452
48.4524   76.9129   0.149435236808461
49.1852   78.1292   0.148136524868107
50.605   78.1   0.14817155597482512
51.3388   79.3156   0.14713143783705956
52.7587   79.2864   0.14762211893886254
53.4932   80.5017   0.14683031022237844
41.9584   70.8831   0.15994330245434238
42.687   72.1018   0.1593991844395703
44.1067   72.0743   0.15768912454573444
44.8365   73.2922   0.15642237691583252
46.2563   73.2643   0.15517954117730853
46.9872   74.4815   0.15348755649888846
48.4071   74.453   0.15282820420328225
49.1391   75.6697   0.1509849661390173
50.559   75.6409   0.15109854400357606
51.2919   76.857   0.1494610651641445
52.7119   76.828   0.15010293135045755
53.4457   78.0436   0.14860114400636235
54.8657   78.015   0.14975269613599826
42.6454   69.6395   0.16176149109104845
44.0651   69.6123   0.16022378100644127
44.7936   70.8309   0.15973909978461676
46.2134   70.8033   0.15866511904007052
46.9434   72.0211   0.15722687429317175
48.3633   71.993   0.15663291480400682
49.0944   73.2102   0.1548013565832026
50.5144   73.1817   0.15491833332436716
51.2466   74.3983   0.15286785142730325
52.6666   74.3696   0.15365806194274392
53.3997   75.5857   0.15167765161683835
54.8198   75.5572   0.15284835622276352
55.5536   76.7728   0.15119900793325208
46.9013   69.5605   0.16044030042355686
48.3212   69.5328   0.16006851657961918
49.0514   70.7505   0.15851384797549856
50.4714   70.7225   0.15876240109043266
51.2028   71.9395   0.15673062878709926
52.6228   71.9113   0.15762680609592108
53.3552   73.1277   0.15533100141311024
54.7754   73.0995   0.15665417326072253
55.5086   74.3154   0.15447132419967247
56.9288   74.2874   0.15619503833348772
51.1607   69.4808   0.16023151999528795
52.5809   69.453   0.16099863353457283
53.3124   70.6698   0.15894156158790107
54.7326   70.6419   0.16027442091612806
55.4652   71.8582   0.15795122664924036
56.8854   71.8304   0.1596736045813499
57.6186   73.0464   0.1575440890671543
55.4237   69.4013   0.16076952447525694
56.844   69.3737   0.16253255058602892
57.5766   70.59   0.1601659764119705
58.997   70.5626   0.1620322190183164
59.6897   69.3232   0.16131118994043872
50.7529   85.4772   0.14601157488363783
