0.684232   1.24435   0.14600844636184757
1.36871   2.48855   0.14589803494221748
-0.7863   3.67386   0.14598389686537522
0.633472   3.70343   0.1459803986191314
1.31863   4.94728   0.14607640535007868
2.73847   4.97658   0.1463376441658145
3.42454   6.21988   0.1468220436446805
-1.52088   4.88912   0.14606942356290897
-0.835742   6.13306   0.146458989126651
0.584061   6.1625   0.146442728822569
1.27009   7.40592   0.1471432788135445
2.68998   7.4351   0.14762598450137596
3.37698   8.67791   0.1485927404014088
4.79698   8.70655   0.1497487445690295
5.48491   9.94877   0.1512167956941306
-2.98917   7.31971   0.14754546587408401
-1.56942   7.3488   0.14712134447455436
-0.883508   8.59238   0.14811682574576213
0.536338   8.62158   0.14816812128120027
1.2232   9.86457   0.14946982638646653
2.64316   9.89352   0.15010922456664832
3.331   11.1359   0.15165563491014908
4.75106   11.1644   0.15291440873900838
5.43988   12.4061   0.1544704424801088
6.86005   12.4341   0.1562180130458727
7.54994   13.6752   0.15753383414365438
-3.72189   8.53603   0.14865790964493097
-3.03609   9.77977   0.15006486730744328
-1.6163   9.8086   0.14941596869143686
-0.92965   11.0518   0.15103420447369012
0.490247   11.0807   0.1511351579084114
1.17786   12.3233   0.15289016613242482
2.59788   12.3519   0.15364043120220824
3.28653   13.5938   0.15528064399660535
4.70667   13.6221   0.15670581514417548
5.39646   14.8633   0.15795535318564025
6.81673   14.8912   0.15966316293998586
7.50786   16.1315   0.16015931474628706
8.92826   16.159   0.16207819378312507
9.62097   17.3984   0.16137381324118313
-5.18766   10.9683   0.1528374132861474
-3.76792   10.9966   0.15160847634614785
-3.08146   12.24   0.15346221326437484
-1.66163   12.2685   0.1528695748015294
-0.974289   13.5114   0.15480832058064717
0.445657   13.5398   0.15494369170766656
1.13405   14.782   0.1567506902696138
2.55412   14.8103   0.15758018561989456
3.24373   16.0517   0.1589415615879008
4.66394   16.0796   0.16022832958001013
5.35496   17.3202   0.16076398352865087
6.77533   17.3478   0.16248341730773683
-5.91854   12.1857   0.15444179356638016
-5.23219   13.4293   0.15641627824494636
-3.81242   13.4573   0.1551733678825089
-3.12531   14.7004   0.1572004949101635
-1.70544   14.7285   0.1566793569683015
-1.01733   15.971   0.1585447220692017
0.402664   15.999   0.1587735880302527
1.09203   17.2408   0.16018344764675405
2.51216   17.2686   0.161049336850545
-7.38174   14.6198   0.15944288914843577
-5.96203   14.6472   0.15770815102587585
-5.27506   15.8906   0.15969850218458662
-3.85527   15.9183   0.15861725914918695
-3.16737   17.161   0.16044749951308185
-1.74748   17.1887   0.16006912288133626
-8.1103   15.8385   0.1599286243922597
-7.42334   17.082   0.16182633438349947
-6.00365   17.1092   0.1602515946878544
1.41975   0.0296122   0.14600840725413902
2.83951   0.0589369   0.14589763845522144
3.524   1.30311   0.1459800911083443
4.94379   1.33167   0.14607413905274436
5.62892   2.57544   0.14644077027931976
7.04876   2.60303   0.14714272017330826
7.73468   3.84631   0.14816980529109317
9.15457   3.87296   0.1494661272663492
9.84127   5.11577   0.15113332127628376
11.2612   5.14158   0.1528999741661209
11.9487   6.38396   0.1549192680075674
13.3686   6.4089   0.15675390553348384
14.0569   7.6508   0.1587749980318076
15.4769   7.67465   0.16020738466125783
16.1662   8.91594   0.16177728796095092
17.5864   8.93836   0.1623346038280196
18.2769   10.1789   0.16324322344281295
2.78851   2.51789   0.14598283049729
3.47366   3.76168   0.14606949750033543
4.89352   3.79031   0.14646062201151727
5.57954   5.03356   0.1471211928989172
6.99947   5.06133   0.14811404997501265
7.68635   6.30406   0.14941509227651817
9.10633   6.33101   0.15103537334015663
9.79401   7.57326   0.15287473172503185
11.214   7.59945   0.15480870001392166
11.9026   8.84122   0.15665081040326725
13.3226   8.86654   0.15855857466564313
14.0121   10.1077   0.1600796051969151
15.4323   10.1319   0.16138903308465624
16.1231   11.3724   0.16212960864691123
17.5434   11.3951   0.16274993087556214
4.84447   6.24856   0.14754731986722228
5.53147   7.49127   0.14865725007546882
6.95148   7.51922   0.15006392004742677
7.63935   8.7614   0.15160370213157867
9.05943   8.78863   0.15345744328640532
9.74815   10.0303   0.1551698762646941
11.1683   10.0568   0.157173026948012
11.858   11.2979   0.15858489839830386
13.2782   11.3235   0.1604282082428162
13.9691   12.5639   0.16105862286757816
15.3895   12.5884   0.16228952523191548
16.0819   13.8278   0.16182923098130442
6.905   9.9768   0.15284137594251287
7.59384   11.2184   0.15443517248347427
9.01402   11.2459   0.15642068149704608
9.70386   12.4869   0.15770535311142778
11.1241   12.5136   0.15971850237214388
11.8152   13.7539   0.16022228309445657
13.2356   13.7798   0.16200083333119153
13.9282   15.0192   0.1613075943655489
15.3487   15.0439   0.1625591277043549
8.97022   13.7027   0.15944343322947008
9.66137   14.943   0.15996934862654225
11.0818   14.9698   0.16178439356130817
11.7745   16.2092   0.1611490304035374
13.195   16.2352   0.1628271169062456
22.7184   0.410416   0.16311587581838977
24.1381   0.425885   0.15935684279001117
18.4582   0.347375   0.16206341677257197
19.8779   0.367187   0.161357715960534
20.5651   1.60965   0.16355799705303434
21.9848   1.62741   0.1614309140158734
22.6727   2.86933   0.1636086858941187
14.1983   0.27608   0.15622151140288082
15.618   0.299157   0.15752258266356736
16.3045   1.54212   0.15965067522563242
17.7243   1.56377   0.16015359533897594
18.4113   2.80632   0.16249779721584007
19.8312   2.82623   0.16175339996426763
20.5191   4.06824   0.1639435378415395
21.939   4.08613   0.16188983908819107
9.93859   0.198968   0.1497500898163352
11.3583   0.224308   0.15121572516111031
12.0442   1.46765   0.15290353691134947
13.464   1.49199   0.15447842082310526
14.1504   2.73495   0.15669368972616754
15.5702   2.75818   0.15796898714621282
16.2573   4.00073   0.16026250996412195
17.6772   4.02257   0.16078090185093663
18.3652   5.26461   0.16292463318970654
19.7851   5.28471   0.16231920896800897
20.4741   6.52609   0.1641210166310224
5.67908   0.116703   0.1463357941209207
7.09884   0.144199   0.14681949023290633
7.78398   1.38796   0.14762407290140886
9.20378   1.4144   0.14859099064209944
9.88962   2.65772   0.15011494329346559
11.3095   2.68321   0.15165292249079956
11.996   3.92612   0.15364977090773793
13.4159   3.9507   0.1552744747213799
14.1031   5.19319   0.15757852677316314
15.523   5.2167   0.1589553990904383
16.2111   6.4587   0.16106548854425823
17.6311   6.48081   0.16162535104370332
18.3202   7.72217   0.16331703401666497
19.7403   7.74252   0.16277946922139774
7.468   18.5874   0.161746856538235
8.88853   18.6147   0.1635708115771278
9.58304   19.8531   0.16142658548083288
11.0038   19.8799   0.16310407720225784
11.7002   21.1172   0.15936313877431138
3.20301   18.5094   0.16163069015505793
4.6233   18.537   0.16293362482925472
5.31586   19.7768   0.16233278196347325
6.73633   19.8041   0.1639494315330199
7.43079   21.0428   0.16189690824719397
8.85145   21.0698   0.1635967774743761
9.54792   22.3072   0.1598907830364225
10.9688   22.3339   0.16146491879043054
-1.05835   18.4308   0.16140429461758557
0.361679   18.4583   0.16178639072864068
1.05234   19.6994   0.1623502694792969
2.47252   19.7269   0.16331524729798014
3.16494   20.9669   0.1627801142646124
4.5853   20.9942   0.1641202025955377
5.27967   22.233   0.16219326866427072
6.70022   22.2601   0.16375890815464206
7.39663   23.4977   0.16017363359804307
8.8174   23.5245   0.16188166171620666
9.51584   24.7608   0.15657173563577853
-5.31587   18.3523   0.1619714159967751
-3.89609   18.3796   0.16100453689259947
-3.20713   19.6219   0.16232631487223598
-1.78722   19.6492   0.1621389715645205
-1.09675   20.8906   0.16273325206914635
0.323304   20.9177   0.16317853182634154
1.01557   22.158   0.16277593679656813
2.43579   22.1851   0.1637931076083493
3.13002   23.4242   0.16197342251122668
4.55044   23.4511   0.16332765258828755
5.24673   24.689   0.15998653068305513
6.66736   24.7157   0.16152991209060932
7.36568   25.9523   0.15651741149150253
8.78655   25.9787   0.15809846963206214
-9.56994   18.2749   0.16310748725917104
-8.15034   18.3016   0.16117154711672937
-7.4626   19.5448   0.16279539305521068
-6.04293   19.5717   0.16133734843488734
-5.35408   20.8143   0.16261308957153572
-3.93431   20.8413   0.16184906827041134
-3.24399   22.083   0.16244637915324706
-1.82408   22.1098   0.16239658740256913
-1.13199   23.3504   0.16204509778453752
0.288089   23.3772   0.16264692854155077
0.982149   24.6166   0.16106353194003997
2.40241   24.6432   0.16211580089553368
3.09852   25.8815   0.15904961364303963
4.51899   25.9079   0.16046137385676498
5.21714   27.1448   0.15574800929707064
6.63783   27.171   0.15724705275457548
7.33792   28.4068   0.15095748573687948
-10.2951   19.4955   0.16087019612097309
-9.60736   20.739   0.16246840338970608
-8.18781   20.7654   0.16067862365604368
-7.49903   22.0082   0.16185368114442342
-6.07939   22.0348   0.16059890286051232
-5.38921   23.2768   0.16120962006034373
-3.96945   23.3033   0.16069776476354736
-3.27754   24.5442   0.16043117184637268
-1.85761   24.5706   0.16061127886920126
-1.16377   25.8104   0.15920256938881425
0.256336   25.8367   0.15994316016635501
0.952214   27.0753   0.15716587344586067
2.37252   27.1013   0.1583073040007951
3.07041   28.3387   0.1540074725459785
4.49092   28.3645   0.15535832774589292
5.19073   29.6007   0.1495144370955538
6.61146   29.6263   0.15091542697815968
-11.75   21.9349   0.16079860074018154
-10.3306   21.9606   0.15871849293639514
-9.64185   23.2038   0.15984068818670655
-8.22235   23.2298   0.15819547686327973
-7.5323   24.4721   0.1588585144082629
-6.11269   24.4982   0.1578766255656624
-5.42098   25.7395   0.15770814817250317
-4.00122   25.7655   0.15740257335888863
-3.30763   27.0057   0.15625101599669752
-1.88768   27.0316   0.1565713396506536
-1.1921   28.2706   0.15415226368756388
0.228034   28.2962   0.1549878708028479
0.925602   29.534   0.15111780994972182
2.34594   29.5594   0.15229828002968446
3.0454   30.796   0.14694644908945673
4.46594   30.8212   0.14829177859881632
5.16716   32.0566   0.14142690125998078
-12.4713   23.1578   0.15538432996927315
-11.7825   24.4011   0.1563622396872097
-10.3632   24.4265   0.154515694995688
-9.67323   25.6692   0.15513314410531445
-8.25377   25.6947   0.15375077755900918
-7.5623   26.9364   0.1536932090236919
-6.14269   26.9619   0.15303412070515554
-5.4494   28.2026   0.15202177475611892
-4.02962   28.2279   0.15204228392128374
-3.3344   29.4674   0.14987141989051897
-1.91442   29.4925   0.15044707541192107
-1.21726   30.7308   0.14703183634845984
0.202906   30.7558   0.14800346490876573
0.901933   31.9928   0.14317043105683613
2.3223   32.0175   0.1443898988849298
3.02305   33.2535   0.13812654198234414
4.44363   33.2779   0.13944810360847634
-13.9211   25.6004   0.1514362572173518
-12.5019   25.625   0.14940980556844372
-11.812   26.868   0.1499556267700556
-10.3927   26.8929   0.14832568894159945
-9.70151   28.135   0.1483928640467593
-8.28206   28.16   0.1473067958378028
-7.58913   29.401   0.14655048822846053
-6.16951   29.4259   0.1461487738573273
-5.47472   30.6658   0.1443785302598693
-4.0549   30.6904   0.14463982024325198
-3.35822   31.9292   0.1416342599797106
-1.9382   31.9536   0.14239397494276287
-1.2397   33.1912   0.13807699337688445
0.180509   33.2153   0.1391788501748748
0.880717   34.4518   0.13352279329388014
2.30112   34.4757   0.1348291140666596
-14.6386   26.8254   0.14292218162342962
-13.9489   28.0686   0.1434865150458405
-12.5297   28.0928   0.14166767450621992
-11.8387   29.3352   0.14173489337492018
-10.4194   29.3596   0.14043425508044702
-9.7269   30.6011   0.13979561366509413
-8.30743   30.6254   0.13911102616255971
-7.61312   31.8658   0.1376194931686652
-6.19346   31.8898   0.13756457574535788
-5.49733   33.1291   0.13498007260332998
-4.07747   33.1529   0.13552078106327511
-3.37956   34.391   0.13172335556005366
-1.9595   34.4146   0.1327034818684131
-16.084   29.2709   0.13570578469615818
-14.6649   29.2944   0.1338425194024688
-13.9741   30.5371   0.13383280614259085
-12.5549   30.5608   0.1323651766893403
-11.8628   31.8028   0.1318673575984596
-10.4435   31.8264   0.13097156179873684
-9.74972   33.0673   0.1296930437610274
-8.33022   33.0908   0.12934966408924373
-7.6347   34.3306   0.127189976020126
-6.21499   34.3538   0.1274900686328172
-16.7985   30.4976   0.12492577796435883
-16.1079   31.7406   0.12503703451377904
-14.6888   31.7636   0.12332355817117996
-13.9971   33.0059   0.12303605162715778
-12.5779   33.029   0.12187001271846887
-11.8847   34.2704   0.12085284440177801
-10.4653   34.2932   0.12024712054764602
-18.2403   32.9455   0.11527050793676816
-16.8213   32.9678   0.11370831104189776
-16.1299   34.2104   0.11335334137112946
-14.7108   34.2329   0.11207180733797573
-18.9527   34.1733   0.1036841839433589
13.8894   17.4735   0.1606410283831638
11.0415   17.4252   0.16312504406129893
11.736   18.6636   0.16097235787550618
13.1568   18.6897   0.1624758751322796
-24.6884   43.9821   0.0674463490487087
-23.2696   44.0028   0.06737143311523233
-22.5776   45.2453   0.06727986325788948
-21.1586   45.2656   0.06716323399003551
-20.466   46.5076   0.0669758911848152
-19.047   46.5272   0.06680995434813715
-18.3536   47.7686   0.06646307245380832
-16.9344   47.7872   0.06634877542200945
-16.2402   49.028   0.06588603797467549
-14.8207   49.0455   0.06578001216175101
-14.1256   50.2856   0.06492973124848354
-12.706   50.3022   0.06494143515506917
-12.0101   51.5417   0.06374103858582848
-10.5903   51.5574   0.06374998039215629
-25.3986   45.2112   0.06964208497740536
-24.7069   46.4539   0.06978395230996931
-23.2879   46.4744   0.07011540486940414
-22.5959   47.7168   0.07012510249547084
-21.1769   47.7365   0.07019138123730151
-20.4843   48.9785   0.07010862999659864
-19.0652   48.9972   0.06993489829834881
-18.3719   50.2386   0.06981532782992575
-16.9525   50.2562   0.06941800919070071
-16.2584   51.4969   0.06914990961671694
-14.8389   51.5135   0.06862113377087439
-26.8361   47.6622   0.07536929082856189
-25.4172   47.683   0.07599019673615971
-24.7256   48.9256   0.07620098424561332
-23.3067   48.9457   0.07650104574448897
-22.6147   50.1881   0.07673858221260195
-21.1956   50.2072   0.07672809133557404
-20.5032   51.4491   0.07675135177962744
-19.0839   51.467   0.07641164832668088
-27.5467   48.8911   0.08400446416709029
-26.8554   50.134   0.08432188328067988
-25.4364   50.1545   0.08513829925480258
-24.7451   51.3972   0.08528505144514048
-23.326   51.4168   0.08558463647174122
-28.9854   51.3415   0.09366696322610527
-27.5665   51.3626   0.09486817169103808
3.00287   35.7112   0.1279480554756506
-1.25993   35.6517   0.12769788565203505
0.160321   35.6749   0.12892651833118057
0.861421   36.911   0.122735349577863
2.28186   36.9339   0.12407734523272285
-5.51774   35.5925   0.12421960433039582
-4.09783   35.6154   0.12506215454725003
-3.39895   36.853   0.12066781882507094
-1.97885   36.8757   0.1218240735651218
-1.27848   38.1123   0.1163530042585935
0.141806   38.1346   0.117709326206551
0.843522   39.3703   0.11118488980522571
-9.77043   35.5336   0.11845959479924026
-8.35087   35.5562   0.1185141886020414
-7.65434   36.7955   0.11576488414022791
-6.23457   36.8177   0.11639486414786583
-5.53646   38.0559   0.11264364207535228
-4.1165   38.0779   0.1137146169144506
-3.41693   39.3151   0.10893825957853441
-1.99677   39.3367   0.11028420965850087
-1.29588   40.5731   0.10453754540833757
0.124448   40.5944   0.10603113924220665
-14.0181   35.4748   0.11128328715490188
-12.5988   35.4971   0.11042617443341952
-11.9046   36.738   0.10902742774183107
-10.4852   36.76   0.10876630912189823
-9.78947   37.9999   0.10656453631485514
-8.36985   38.0215   0.10704887154940021
-7.67255   39.2603   0.1038617066102812
-6.25272   39.2815   0.10482844842885067
-5.554   40.5194   0.1007605200462975
-4.13398   40.5403   0.10202872585698715
-3.43397   41.7773   0.09709018281989283
-2.01377   41.7978   0.09858527476251305
-1.31261   43.034   0.09285366390186331
-18.2614   35.4161   0.10334461766342622
-16.8425   35.4381   0.1021221327626913
-16.1502   36.6803   0.10133883756981121
-14.7311   36.7022   0.1004211631081832
-14.0375   37.9436   0.09925447093204322
-12.6182   37.9651   0.09883425519525227
-11.9232   39.2055   0.0970097417788544
-10.5038   39.2266   0.0972712701675081
-9.80732   40.466   0.09473120974631427
-8.38763   40.4866   0.09550921421517422
-7.6898   41.7251   0.09215103092206907
-6.26992   41.7453   0.09334115705303975
-5.57084   42.983   0.08917316636746844
-4.15076   43.0028   0.09066725759611438
-3.45056   44.2396   0.08573415946984098
-2.03031   44.259   0.08738865830300985
-1.3291   45.4951   0.08185261205361849
-20.3921   36.6229   0.09340546022583521
-18.9731   36.6444   0.0921746711412636
-18.2812   37.8868   0.09161762930790086
-16.8622   37.9083   0.09052866949204785
-16.1692   39.1501   0.0896027343332797
-14.7501   39.1713   0.08910499424835931
-14.0558   40.4123   0.08768591677116763
-12.6365   40.4329   0.08763680733573184
-11.9409   41.6729   0.08568016106427527
-10.5213   41.693   0.0862371729592301
-9.82443   42.9322   0.08356189382727164
-8.40468   42.9517   0.08458341977007222
-7.70656   44.19   0.08121363247632817
-6.28662   44.2091   0.08260030811080674
-5.58742   45.4466   0.07856392301813922
-4.16729   45.4652   0.08019795820343699
-3.46712   46.702   0.07557033544983233
-2.04683   46.7202   0.07730964752215727
-21.1031   37.8515   0.08302391221810951
-20.4114   39.0941   0.08263715871204903
-18.9924   39.1153   0.08157168626429444
-18.2999   40.3575   0.08083940870639784
-16.8809   40.3784   0.08015054584967098
-16.1873   41.6198   0.07913905483388231
-14.7681   41.6402   0.07891653819067453
-14.0734   42.8808   0.0775409569195538
-12.654   42.9005   0.07775686464872489
-11.958   44.1403   0.07580824493417725
-10.5384   44.1593   0.07659614872825028
-9.84125   45.3982   0.07394235660296708
-8.42143   45.4167   0.07513807889479317
-7.72326   46.6548   0.07197890593778265
-6.30325   46.6728   0.07339402972994645
-5.60415   47.9102   0.06972253868011581
-4.18398   47.9277   0.07134957883547866
-3.48402   49.1645   0.06712477634972189
-22.5409   40.302   0.07493797435212876
-21.122   40.323   0.074238601818732
-20.4299   41.5654   0.07370407044390599
-19.0109   41.5862   0.07304936686926349
-18.318   42.828   0.07237630827833377
-16.8989   42.8482   0.07195151145042203
-16.205   44.0894   0.07106764383318176
-14.7857   44.1089   0.0710759452979712
-14.0906   45.3492   0.06967653837555494
-12.6711   45.3679   0.07015326079378022
-11.975   46.6075   0.06837872476143657
-10.5553   46.6254   0.06913096267230896
-9.85817   47.8643   0.06688262928444164
-8.43829   47.8816   0.06792512127335674
-7.74027   49.1197   0.06508997541864861
-6.32022   49.1365   0.06647244617132847
-5.62139   50.374   0.06323800755874805
-4.20119   50.3902   0.06469862749703625
-23.2512   41.5311   0.06920216759611118
-22.5593   42.7737   0.06898666537817497
-21.1404   42.7944   0.06851868358338599
-20.448   44.0366   0.0681819624240911
-19.029   44.0568   0.06782108816585189
-18.3358   45.2984   0.06724886616144715
-16.9166   45.3178   0.06712510707626608
-16.2224   46.5588   0.0663569137317282
-14.8031   46.5773   0.0664802226229752
-14.1079   47.8175   0.0653836370967557
-12.6883   47.8351   0.06565950045499921
-11.9923   49.0746   0.06426865487934312
-10.5725   49.0915   0.06475021235486704
-9.87556   50.3303   0.06289475415326919
-8.45564   50.3464   0.06361373751007218
-7.75795   51.5846   0.06129543947146689
-6.33786   51.6002   0.06224599906821468
-9.89377   52.7963   0.062268614887441176
-8.4738   52.8112   0.06237808990342741
-7.7766   54.0496   0.06040108939414991
-6.35649   54.0639   0.06081867229724756
-14.1441   52.7536   0.06798065901416382
-12.7244   52.7691   0.06735799878262803
-12.029   54.0086   0.06631055722884863
-10.6091   54.0232   0.06563482307434336
-9.91306   55.2623   0.06431036075159662
-8.49308   55.276   0.06364175123298034
-7.79645   56.5145   0.06192576200580825
-18.3908   52.7083   0.07631251535626475
-16.9714   52.725   0.07545733894062424
-16.2776   53.9657   0.07518849646056314
-14.858   53.9813   0.07408036177017621
-14.1637   55.2214   0.07342050122411437
-12.7439   55.2359   0.072049011096617
-12.049   56.4755   0.0710277410593917
-10.6291   56.489   0.0695120852801865
-9.93366   57.7282   0.06817560854147398
-8.51368   57.7407   0.06652726433576035
-22.6343   52.6592   0.08568436263403124
-21.2151   52.6776   0.08550730962906167
-20.5229   53.9194   0.08544787885021388
-19.1036   53.9365   0.08471576004499093
-18.4108   55.1778   0.08442067282366299
-16.9913   55.1936   0.08315214970161856
-16.298   56.4343   0.08269673512297966
-14.8784   56.4489   0.0808204182122345
-14.1845   57.6891   0.08000606227031078
-12.7648   57.7025   0.077778274601588
-12.0704   58.9423   0.07665076646714276
-10.6506   58.9547   0.07421246526022528
-9.95568   60.194   0.07271366859126736
-26.8755   52.6056   0.09497583903288559
-25.4565   52.6258   0.09574413820177342
-24.7654   53.8686   0.09579112693773133
-23.3464   53.8876   0.09587538787405496
-22.6549   55.1299   0.09574105702361843
-21.2357   55.1476   0.09524925196556601
-20.5438   56.3895   0.09498552521305659
-19.1244   56.4057   0.09376075938259254
-18.4321   57.647   0.09322789282183666
-17.0126   57.6619   0.09135573326289403
-16.3197   58.9027   0.09062323101721945
-14.9001   58.9163   0.08801641892283579
-14.2068   60.1566   0.0869318123588832
-12.7871   60.169   0.08382445943756625
-12.0933   61.4089   0.08249739389823345
-10.6735   61.4202   0.07911447402340847
-29.697   52.5699   0.10510366311409157
-29.0063   53.813   0.1052247594437751
-27.5874   53.8339   0.10627539696467941
-26.8968   55.077   0.1061758447105562
-25.4778   55.0968   0.10672253745109614
-24.7871   56.3396   0.10642725214906096
-23.3679   56.358   0.10637283487808448
-22.6769   57.6004   0.10597117532612278
-21.2576   57.6173   0.10501623683983458
-20.5661   58.8591   0.10441446259977705
-19.1467   58.8745   0.1025860126917908
-18.4549   60.1159   0.10183368794264672
-17.0353   60.1299   0.09928771323784376
-16.3431   61.3708   0.09813368432908635
-14.9234   61.3834   0.09482895127544215
-14.2307   62.6239   0.0935500935328237
-12.811   62.6352   0.0894225922236667
-12.1178   63.8753   0.08794594930978972
-31.1378   55.0191   0.11520503461220995
-29.7188   55.0409   0.1166756615580127
-29.0287   56.2841   0.11643702160395954
-27.6096   56.3049   0.11751174409394295
-26.9196   57.548   0.11703824161358753
-25.5004   57.5674   0.11743909059593283
-24.8102   58.8102   0.11687912559563964
-23.3909   58.828   0.11643272735790827
-22.7004   60.0703   0.11560661745765807
-21.281   60.0865   0.11415463196909693
-20.5901   61.3284   0.11332881363536935
-19.1706   61.343   0.1108897199924362
-18.4793   62.5845   0.10980842408486041
-17.0598   62.5975   0.1063525270033571
-16.368   63.8386   0.10511698245288452
-14.9484   63.8502   0.10091015806151482
-14.2562   65.0908   0.09945803134991324
-12.8366   65.1011   0.09437420198338366
-31.8512   56.2465   0.12660098735792177
-31.1613   57.4898   0.12611871391669313
-29.7422   57.5116   0.12777801062780764
-29.0527   58.7549   0.12704778628531826
-27.6336   58.7754   0.127921030327309
-26.944   60.0185   0.12710617608912878
-25.5248   60.0374   0.12716697684540554
-24.835   61.2802   0.12627493813104934
-23.4157   61.2974   0.125349631032567
-22.7256   62.5398   0.12431335406946399
-21.3062   62.5552   0.12234422748949163
-20.6158   63.7972   0.12118329092741761
-19.1963   63.811   0.11804325478399934
-18.5055   65.0525   0.11673666947450374
-17.086   65.0647   0.11250728865278524
-16.3948   66.3059   0.11119842624785113
-14.9752   66.3166   0.10606234015898278
-14.2834   67.5573   0.10455147057788765
-33.295   58.6939   0.13508327061483205
-31.8759   58.7166   0.13692034180500873
-31.1867   59.9601   0.13608309961196627
-29.7676   59.9817   0.13747603427506602
-29.0786   61.2252   0.1364443842743245
-27.6594   61.2453   0.13710339164295174
-26.9703   62.4885   0.13606634411198065
-25.551   62.5068   0.13570191597763046
-24.8617   63.7496   0.13448274982316694
-23.4423   63.7662   0.13310931597750703
-22.7527   65.0086   0.13180948372556983
-21.3333   65.0234   0.1292690991691294
-20.6434   66.2654   0.12790175917476737
-19.2239   66.2784   0.12405712393894126
-18.5336   67.52   0.12269983700070532
-17.1141   67.5314   0.11767098197942152
-16.4232   68.7726   0.11638702676844576
-15.0037   68.7824   0.11030058930032845
-34.0109   59.9199   0.14493505442094048
-33.322   61.1634   0.14394891454957592
-31.9028   61.1862   0.14575819016439612
-31.2142   62.4298   0.14463170468469247
-29.795   62.4512   0.14582156904929908
-29.1065   63.6947   0.14449332164498185
-27.6873   63.7144   0.1447531001395122
-26.9986   64.9576   0.14354166642476857
-25.5793   64.9755   0.14275443951064754
-24.8904   66.2183   0.14142906349121231
-23.471   66.2343   0.13941420300672275
-22.7819   67.4768   0.13815578163797534
-21.3624   67.4909   0.13490403996915043
-20.6729   68.7329   0.1334943444494948
-19.2535   68.7452   0.1288841728064405
-35.4588   62.3646   0.1503566759409147
-34.0396   62.3885   0.15238940251867789
-33.3513   63.6322   0.15116143688123324
-31.9321   63.655   0.15280094894993634
-31.244   64.8987   0.1514824742338221
-29.8248   64.9199   0.1523977033947713
-29.1367   66.1633   0.15088724266816045
-27.7173   66.1827   0.15096108770143085
-27.0291   67.4259   0.14951100293958586
-25.6097   67.4433   0.1482887048968942
-24.9213   68.6861   0.14691473717772738
-23.5019   68.7016   0.14437693721644543
-36.1781   63.5887   0.15751234872225292
-35.4901   64.8324   0.1560876036077225
-34.0708   64.8564   0.15809709042230966
-33.3831   66.1002   0.15666454608494168
-31.9638   66.1228   0.1580612855825243
-31.2762   67.3665   0.1565036421301433
-29.8568   67.3875   0.1572268742931716
-29.1692   68.631   0.15577872126834902
-27.7497   68.65   0.15541232254876344
-37.6308   66.0303   0.1594000313676265
-36.2114   66.0554   0.16149380793083784
-35.524   67.2992   0.1598916195427381
-34.1046   67.3232   0.1619091720687922
-33.4174   68.567   0.1601641033440336
-31.998   68.5896   0.16151956537831896
-38.3541   67.252   0.1630935314474503
-37.6669   68.4958   0.1614327723852924
-36.2474   68.521   0.1635620065907766
-5.63947   52.8378   0.05946023881553269
-18.5635   69.9868   0.12771961478175603
-17.144   69.9975   0.12187292562337607
-16.4536   71.2386   0.12067137191562953
-22.8131   69.944   0.14314932762678664
-21.3936   69.9576   0.1391955818264392
-20.7045   71.1996   0.13806273936149713
-19.285   71.2112   0.13270832679226194
-18.5954   72.4528   0.13169635530263524
-17.176   72.4627   0.12507713620002636
-27.0619   69.8931   0.1539450226541984
-25.6425   69.9102   0.15229422182079078
-24.9543   71.153   0.15117529560084395
-23.5349   71.1679   0.1479739504102057
-22.8464   72.4103   0.14703866838353022
-21.427   72.4233   0.1423753841083489
-20.7381   73.6653   0.14165683887479652
-19.3187   73.6763   0.1355853605666926
-18.6294   74.9178   0.13494628561024438
-31.3108   69.8333   0.16001793649462545
-29.8913   69.854   0.16039844138893317
-29.204   71.0974   0.1590450879467839
-27.7845   71.1162   0.15827589835474018
-27.0969   72.3593   0.15719347950853968
-25.6775   72.376   0.15502083730905278
-24.9896   73.6187   0.15419367691316266
-23.5702   73.6332   0.15044926054986693
-22.882   74.8755   0.14987975180123675
-21.4626   74.888   0.14461224014585203
-20.774   76.1299   0.14441125302413355
-19.3546   76.1403   0.13750349086477257
-35.5605   69.7649   0.1618812218881484
-34.141   69.7889   0.16379612327525106
-33.4542   71.0327   0.16216873928103578
-32.0347   71.0552   0.1633246154135988
-31.3478   72.2988   0.16199648144326811
-29.9282   72.3194   0.1621680918060007
-29.2411   73.5627   0.16113751890854844
-27.8216   73.5812   0.1599313602768413
-27.1343   74.8242   0.1592154829154558
-25.7148   74.8405   0.15661487796503562
-25.0272   76.0832   0.15626935080175097
-23.6078   76.0973   0.1520242414880005
-22.9199   77.3396   0.15206991812978943
-21.5004   77.3516   0.1461692854193424
-20.8121   78.5934   0.14657629412698076
-39.8117   69.6903   0.16137515298210708
-38.3922   69.7165   0.16355589258721495
-37.7055   70.9604   0.16180747819554503
-36.286   70.9856   0.16388450201285498
-35.5994   72.2295   0.1623855289119045
-34.1799   72.2535   0.1641017367366974
-33.4933   73.4972   0.16278144857447327
-32.0738   73.5195   0.1637455953606047
-31.3871   74.763   0.16274234236977905
-29.9675   74.7835   0.16269655804595134
-29.2806   76.0266   0.16204385208949307
-27.8611   76.045   0.16061771384253373
-27.174   77.2879   0.16044781082956136
-25.7545   77.3039   0.15734865744581447
-25.0671   78.5465   0.15771125514685963
-23.6476   78.5603   0.15305740753063818
-22.9599   79.8025   0.1536797319102318
-21.5404   79.814   0.1473122194524195
-40.5388   70.91   0.16209938309567437
-39.8523   72.1538   0.1601755911492146
-38.4327   72.18   0.16248119891237633
-37.7464   73.4239   0.16080027985050577
-36.3268   73.4491   0.1629522936322179
-35.6406   74.693   0.16168271398018644
-34.221   74.7168   0.16326132426267087
-33.5347   75.9605   0.16234866799577094
-32.1151   75.9827   0.16322754056836805
-31.4286   77.2261   0.16273687351058957
-30.009   77.2463   0.16238534416628625
-29.3223   78.4894   0.16238737635666434
-27.9028   78.5075   0.16063439855771694
-27.2158   79.7504   0.16129011129018223
-25.7963   79.7662   0.1578570555914428
-25.1091   81.0086   0.1588179146066311
-23.6895   81.0222   0.15382021973719748
-23.0019   82.2642   0.15510725321532293
-42.0006   73.3455   0.15755662474171264
-40.5809   73.3725   0.1596707549928941
-39.8949   74.6164   0.1579670218748191
-38.4753   74.6426   0.16023398515920712
-37.7894   75.8865   0.15887328283886643
-36.3698   75.9117   0.16107343045952544
-35.6838   77.1554   0.16017824446534312
-34.2642   77.1792   0.16178423903457834
-33.578   78.4227   0.1613967471791238
-32.1584   78.4447   0.16210478092888253
-31.4721   79.6881   0.16235692162640214
-30.0525   79.7081   0.16186136042923396
-29.3659   80.9512   0.16261236115375638
-27.9464   80.9691   0.16065176625235134
-27.2595   82.2118   0.16190083384590284
-25.8399   82.2274   0.15818337460049578
-25.1527   83.4697   0.1598398260759797
-23.7332   83.483   0.15442917470478196
-42.7305   74.5635   0.15623088683100309
-42.0446   75.8074   0.15452074294411144
-40.625   75.8344   0.15666767375563082
-39.9394   77.0784   0.1552587517662051
-38.5197   77.1045   0.15759803298265018
-37.8341   78.3484   0.15674862040860643
-36.4145   78.3733   0.1587754703976666
-35.7287   79.6171   0.158540247256018
-34.3091   79.6405   0.16002277962839995
-33.6231   80.884   0.1604449126647558
-32.2035   80.9059   0.16101257714850153
-31.5173   82.1491   0.16198796251574152
-30.0976   82.169   0.16129342826042223
-29.4111   83.4119   0.1627468586486388
-27.9915   83.4297   0.16069131899390152
-27.3046   84.6723   0.16246593489099143
-25.8849   84.6878   0.15874523614898978
-25.1975   85.9299   0.1607858513675968
-44.1953   76.9971   0.15117962825724912
-42.7756   77.0248   0.15291700363269387
-42.0902   78.2689   0.151710678595807
-40.6706   78.2958   0.15364348342835873
-39.9854   79.5398   0.1528514638464404
-38.5657   79.5657   0.1549485075759078
-37.8804   80.8096   0.15479156953788514
-36.4607   80.8342   0.15668165176560597
-35.7751   82.0779   0.157155496244963
-34.3554   82.1012   0.15866480391064375
-33.6695   83.3446   0.15975922508575463
-32.2499   83.3662   0.16020296501626546
-31.5636   84.6093   0.1617992892444247
-30.1439   84.6292   0.1611672733528729
-29.4572   85.8719   0.16310766382974798
-28.0375   85.8896   0.16092644282404495
-44.9271   78.214   0.14973236123163286
-44.2419   79.458   0.148591621567302
-42.8222   79.4857   0.15012927762431957
-42.1373   80.7299   0.14944624451621258
-40.7177   80.7566   0.15110400391783496
-40.0327   82.0007   0.1510513157837395
-38.6131   82.0263   0.15285365550094188
-37.9278   83.2702   0.1534875564988962
-36.5081   83.2945   0.15511289437052453
-35.8225   84.5381   0.156403612490251
-34.4028   84.5612   0.15772903981195596
-33.7167   85.8044   0.15938839355486323
-32.297   85.826   0.15993479921517817
-46.3944   80.6459   0.1468232610998705
-44.9747   80.6744   0.14763353277626626
-44.29   81.9187   0.14717081911846527
-42.8704   81.9463   0.14818704396808888
-42.1857   83.1905   0.14810952028820287
-40.7661   83.217   0.14940886854534394
-40.0811   84.461   0.15009853430330733
-38.6614   84.4864   0.15162041419281252
-37.976   85.73   0.15283360232619558
-36.5563   85.7543   0.154418198409389
-47.1281   81.8617   0.14633526574274766
-46.4435   83.1059   0.14607754789837096
-45.0239   83.1345   0.14643950969598574
-44.3394   84.3788   0.14647392259374978
-42.9197   84.4063   0.14710605018149459
-42.2351   85.6504   0.14754314623187934
-40.8153   85.6768   0.14868449818323315
-48.5979   84.2919   0.14589263175362965
-47.1782   84.3212   0.14597061348093604
-46.4939   85.5656   0.14600308215924956
-45.0742   85.5941   0.1460665601703558
-49.3332   85.5068   0.14600445198691897
19.6972   10.1995   0.16277545883824318
20.3893   11.4391   0.16267430651458306
21.8097   11.4578   0.16106672530352226
22.5034   12.6964   0.15997402914223408
23.924   12.713   0.15720502536496883
24.6193   13.9506   0.15494857211346075
26.04   13.9654   0.15110807390738795
26.7367   15.2022   0.14800074324137721
28.1576   15.2153   0.14314471698250172
28.8556   16.4513   0.1391701476610578
30.2765   16.4632   0.13349614226635984
18.2356   12.6346   0.16237933981883337
19.6561   12.6556   0.16209176413377857
20.35   13.8941   0.16064410975818627
21.7706   13.9131   0.15920760032108955
22.4662   15.1506   0.15661037641229325
23.887   15.1677   0.1541556680761372
24.5841   16.4042   0.15039953457374897
26.005   16.4196   0.1470696773641673
17.5024   13.8509   0.16252562874820609
18.1965   15.0893   0.16071667617269866
19.6172   15.1106   0.16042353318637595
20.313   16.3479   0.15734122155366698
21.7338   16.3674   0.1562917144317005
16.043   16.2823   0.16061899015994507
17.4637   16.3056   0.16120083746680774
48.284   0.609772   0.06964022275237376
49.7036   0.610229   0.0674473258847245
44.0231   0.589401   0.08401562521936161
45.4427   0.590343   0.07533654869318226
46.1341   1.8295   0.07596415009726802
47.5537   1.83019   0.0697875318377159
48.2455   3.06923   0.07008218675241369
39.762   0.566558   0.1051076165460916
41.1816   0.568685   0.09371270327975932
41.8728   1.80805   0.09485831539722968
43.2924   1.80955   0.08432931637337153
43.9841   3.04865   0.08512608824561484
45.4038   3.0498   0.07619870668193966
46.0958   4.28871   0.07654338704290771
47.5155   4.28975   0.07012310603503139
35.5009   0.539336   0.12663006594407283
36.9205   0.543458   0.11522810258352904
37.6112   1.78321   0.11670754045904808
39.0309   1.78627   0.10516074410159086
39.7222   3.02561   0.10632141082585447
41.1419   3.02792   0.09496507831829692
41.8338   4.26692   0.0957509456872378
43.2536   4.26876   0.08529802166522069
43.9461   5.50749   0.0856265875765249
45.3659   5.50911   0.07675000260586318
46.0589   6.74764   0.07668609326338252
31.2398   0.505599   0.14490449545821651
32.6595   0.512652   0.13510454039742809
33.3494   1.75296   0.1369189775012955
34.7691   1.75846   0.12619964183784474
35.4598   2.99824   0.12770177798292484
36.8796   3.00251   0.11644282760221926
37.5711   4.2418   0.1175025655039081
38.991   4.24516   0.10615854228464366
39.6833   5.48402   0.10675807416771936
41.1032   5.48677   0.09571838067999373
41.7962   6.72528   0.09588941547428644
43.2161   6.7277   0.0856521826925647
43.9097   7.96595   0.08552976090227508
45.3296   7.96827   0.07675353346915245
26.979   0.46316   0.15745718915311654
28.3987   0.474102   0.1503938724283682
29.0876   1.71512   0.15242951289038603
30.5074   1.72403   0.1439722250991498
31.1972   2.96443   0.14571223730353033
32.6171   2.97159   0.1360791346974261
33.3079   4.21137   0.13747724320774116
34.7278   4.21711   0.12705782502467236
35.4197   5.45632   0.12792979520033756
36.8396   5.46097   0.11706544152737952
37.5324   6.69966   0.11740307662067517
38.9524   6.70355   0.10647120549707549
39.646   7.94181   0.1063493399133263
41.066   7.94522   0.09573186303420647
41.7603   9.18316   0.09529605920498722
43.1804   9.18635   0.08546992511989461
43.8752   10.4241   0.08471676339426616
24.8261   1.66767   0.16148715397826655
26.2459   1.68086   0.15609575298514786
26.9348   2.92201   0.1580956131586211
28.3546   2.93303   0.1511908267719978
29.0446   4.17349   0.15279201418922542
30.4645   4.18258   0.14459425438100962
31.1556   5.42234   0.14576895451364244
32.5756   5.42981   0.1364735685032094
33.2678   6.66891   0.13711269087870828
34.6878   6.67509   0.12714699996460777
35.3811   7.91359   0.12717845768839947
36.8012   7.91883   0.1168683875134766
37.4954   9.15683   0.11638637763931163
38.9156   9.16142   0.10591403306455759
39.6106   10.399   0.1050214263852864
41.0308   10.4033   0.09497610225735847
41.7264   11.6406   0.09376075938259164
43.1466   11.6447   0.08441569759233253
24.0926   2.88487   0.15988793075151175
24.7815   4.12613   0.16184471600889633
26.2014   4.13945   0.15658863336781656
26.8915   5.37996   0.15808047602408143
28.3115   5.3912   0.15143657286138154
29.0028   6.63093   0.15236186399489943
30.4229   6.64036   0.14451696267220865
31.1155   7.87934   0.14480645703835224
32.5357   7.88728   0.13606325036541014
33.2294   9.12559   0.13570752705727396
34.6497   9.13237   0.12627965829855567
35.3445   10.3701   0.12530734216318143
36.7648   10.3761   0.11567255508546537
37.4605   11.6133   0.11411625651063112
38.8808   11.6188   0.10446674111888464
39.5772   12.8557   0.10263313305166302
40.9976   12.8609   0.09327813248559597
41.6945   14.0976   0.09134692113038266
22.6279   5.32747   0.16376676738581733
24.0479   5.34317   0.16016938190553276
24.7381   6.58372   0.16151158503339683
26.1582   6.59727   0.15650239646727596
26.8497   7.83698   0.15726285289285707
28.2699   7.84856   0.1509543444224123
28.9628   9.08743   0.15091124046935703
30.3832   9.09732   0.14348572089236092
31.0773   10.3354   0.14272305349872577
32.4978   10.344   0.13451148649836706
33.1931   11.5814   0.13305310969684372
34.6136   11.5889   0.12427960411909958
35.3099   12.8259   0.12234435009431413
36.7304   12.8327   0.11331769499950069
37.4275   14.0692   0.11083311779427768
38.8481   14.0756   0.10188203963407798
39.5458   15.3119   0.09919742940217692
40.9663   15.3181   0.09064292581332722
21.8942   6.54418   0.16220227372019216
22.5845   7.78475   0.16330818228123328
24.0047   7.80069   0.15996127312571706
24.6964   9.04037   0.16043945400056686
26.1167   9.05425   0.15575797122458923
26.8099   10.293   0.15533689194779293
28.2303   10.305   0.1494569168690431
28.9249   11.543   0.14830741721168186
30.3455   11.5534   0.14143387147356193
31.0413   12.7906   0.1394114055592304
32.4619   12.7999   0.1318832817304764
33.1588   14.0365   0.12927250287667716
34.5795   14.0448   0.12115663415595651
35.2773   15.281   0.11807849084401559
36.698   15.2887   0.10976575057822158
37.3965   16.5246   0.10636869840324273
38.8172   16.5319   0.09822570946549938
20.4307   8.98308   0.16381014284835863
21.851   9.00143   0.16194940228355412
22.5429   10.2411   0.1621119674792717
23.9633   10.2573   0.15903615941036905
24.6567   11.496   0.15828032094989028
26.0772   11.5103   0.15404603208132422
26.7722   12.7481   0.15233436907014913
28.1928   12.7606   0.14693250151004966
28.8892   13.9976   0.14439227818689032
30.3099   14.0087   0.13810481526724627
31.0074   15.245   0.13478200918520286
32.4282   15.255   0.1279529210295759
33.1266   16.4908   0.12406329029974908
34.5475   16.5   0.11676060979628608
11.6673   23.57   0.15605736124899852
13.0884   23.596   0.15740673429050062
13.7887   24.831   0.1504380603437839
10.9368   24.7872   0.158117076876599
11.6372   26.0223   0.15119854496654647
13.0585   26.0482   0.1524186996401701
13.7606   27.2822   0.14404693679492286
15.1821   27.3073   0.14483121210567995
15.8858   28.5403   0.13508005034053125
9.48683   27.2141   0.15143130488772966
10.9079   27.2401   0.1528148552988235
11.61   28.4743   0.14460902461465006
13.0313   28.4998   0.14576999005282304
13.7351   29.733   0.13602352737670254
15.1566   29.7579   0.13688714329695156
15.8617   30.9902   0.12619591910993103
17.2834   31.0144   0.1266640833069913
17.9896   32.2459   0.11528338995709886
8.75884   28.4326   0.1523590824335737
9.46074   29.6672   0.14450600125946536
10.8819   29.6927   0.14579070615097547
11.5854   30.9262   0.1365206577774962
13.0068   30.9512   0.13751887143225275
13.7118   32.1837   0.12701791212266156
15.1334   32.2082   0.12765653136444022
15.8395   33.4399   0.11649313284481845
17.2613   33.4638   0.11670047129296564
17.9685   34.6949   0.10513434262884948
19.3904   34.7182   0.10508401400784098
7.31306   30.8612   0.14350036968593613
8.73402   30.8865   0.1448182243365813
9.43725   32.1204   0.13607176635878646
10.8584   32.1452   0.1371529438255
11.5631   33.3781   0.12719131259642058
12.9845   33.4025   0.1279422525985868
13.6905   34.6345   0.11701388806462477
15.1121   34.6585   0.11748974423327364
6.58792   32.0815   0.14276764199215483
7.29074   33.3159   0.13452338086741655
8.71172   33.3403   0.135707000924787
9.41598   34.5737   0.12628683264695723
10.8372   34.5977   0.12718321430126128
5.14595   34.5128   0.13185127378982833
6.56673   34.5368   0.13306807318061034
30.9756   17.6986   0.12888114679812607
32.3966   17.7095   0.1227669743864361
33.0964   18.9445   0.11772365947421286
34.5175   18.9547   0.1112383926528977
35.218   20.1894   0.10596933518711824
36.639   20.1991   0.09938133627598295
37.3399   21.4338   0.0944598327332868
26.7035   17.6553   0.14236274091208126
28.1245   17.6692   0.13812259047672235
28.8242   18.9043   0.13275970774297408
30.2453   18.917   0.12769643691192212
30.9458   20.1516   0.12187284357066538
32.367   20.1634   0.1163609040872431
33.0682   21.3976   0.11029256547927657
34.4894   21.4088   0.10453592683857428
35.1911   22.6429   0.0985572929823067
36.6123   22.6538   0.09287297777071937
22.4313   17.6037   0.1520541022136517
23.8523   17.6214   0.1499064374868557
24.5512   18.8568   0.14459716456417704
25.9723   18.8729   0.1417076568150099
26.6725   20.1076   0.13549265662758275
28.0937   20.1223   0.1317748837980903
28.7949   21.3565   0.12500995960322608
30.2162   21.3701   0.12066341616248233
30.9181   22.6039   0.11374572519440312
32.3394   22.6167   0.10894452716864941
33.0419   23.8503   0.10204597003312288
34.4632   23.8626   0.09708563230468234
35.1661   25.096   0.09062334136413099
18.1597   17.5428   0.1578722901588514
19.5806   17.5645   0.15772333372078992
20.2784   18.8007   0.15299039185517507
21.6994   18.8206   0.15206820838031815
22.3988   20.0559   0.14621309790850004
23.82   20.0741   0.1443260198301059
24.5207   21.3086   0.13754370214589898
25.942   21.3254   0.13496625504176882
26.6437   22.5592   0.12751525398947658
28.0651   22.5747   0.12421437114923416
28.7678   23.8081   0.11632635127089665
30.1892   23.8227   0.11265371720453908
30.8924   25.0558   0.10490633917929222
32.3139   25.0696   0.10068987039419956
33.0175   26.3026   0.093384634710432
34.4389   26.316   0.08917819240150529
15.3102   17.4985   0.16184464773356075
16.0064   18.7357   0.1582556792029926
17.4273   18.7592   0.1588759893753643
18.1254   19.9953   0.15370185425036575
19.5465   20.0174   0.15366850685810576
20.2462   21.2525   0.14734893959577708
21.6675   21.2729   0.1465801146131372
22.3686   22.5071   0.13907282265058268
23.79   22.526   0.13758869866380852
24.4924   23.7596   0.12936931630027185
25.9138   23.7771   0.12716705548215226
26.6171   25.0101   0.11851793113280495
28.0386   25.0266   0.11575296972432307
28.7426   26.2592   0.10703097682446891
30.1641   26.2748   0.10393579749056643
30.8686   27.5072   0.09550188479815568
32.2901   27.5221   0.09212849721991564
32.9949   28.7545   0.08460153662907169
13.8532   19.9269   0.1586974795010948
15.2741   19.952   0.15991253859532248
15.9724   21.188   0.1545368888000516
17.3935   21.2118   0.15509784008812139
18.0936   22.4468   0.1483275766673221
19.5149   22.4693   0.14837280748169407
20.2164   23.7033   0.14047928672939464
21.6379   23.7243   0.13977907568731596
22.3407   24.9575   0.13089132897178565
23.7623   24.9772   0.12971087078576118
24.4662   26.2098   0.12027622375183025
25.8878   26.2282   0.11844509276453989
26.5925   27.4605   0.10881810511123716
28.0141   27.4779   0.10657936010316751
28.7193   28.7098   0.0972662839837149
30.141   28.7264   0.0947564245843016
30.8465   29.9582   0.08621281807249201
32.2681   29.9743   0.08358582415697265
13.1212   21.1433   0.16072915105854366
13.8196   22.3793   0.15529938827954426
15.2407   22.4045   0.1564374315820857
15.941   23.6394   0.14938169231870538
17.3623   23.6635   0.15000989967332024
18.0642   24.8974   0.14169707124708172
19.4857   24.9203   0.14177891239532117
20.189   26.1533   0.13241249940999064
21.6106   26.1749   0.1318483977907953
22.315   27.4073   0.12186554065854695
23.7367   27.4276   0.12082789413045532
24.442   28.6595   0.11044609544932127
25.8637   28.6787   0.1089977063978852
26.5696   29.9103   0.09888569158376748
27.9914   29.9286   0.09704565935682088
28.6977   31.16   0.08768660102889285
30.1194   31.1776   0.08564280471820275
30.8259   32.4089   0.07774766877534055
15.2101   24.8562   0.15142331392490585
15.9121   26.0901   0.14292519022201894
17.3336   26.1144   0.1435153998705367
18.0372   27.3473   0.13384431254259688
19.4589   27.3705   0.1338821123227463
20.1637   28.6027   0.12335359743436898
21.5854   28.6248   0.12301666553764257
22.2912   29.8564   0.11209522737387212
23.713   29.8774   0.11132479508178036
24.4195   31.1086   0.1003685209615056
25.8413   31.1286   0.09926348774851669
26.5483   32.3596   0.08905666735287124
27.9701   32.3788   0.08769207489847543
28.6774   33.6097   0.07896670184324465
30.0992   33.6283   0.07745714944406769
17.3074   28.5646   0.13566056906853766
18.0124   29.7967   0.12492581798811804
19.4342   29.8201   0.12496791588243804
20.1403   31.0516   0.11369283178811455
21.5622   31.0741   0.11333490194993097
22.2691   32.305   0.10203386692662192
23.691   32.3266   0.10134081112760128
24.3985   33.5572   0.0904869051299725
25.8204   33.578   0.08963291806027855
19.4115   32.2693   0.11525580245696988
20.1186   33.5002   0.10367473173343547
21.5405   33.5229   0.10338655618599699
39.5161   17.7676   0.09478021945533005
35.2467   17.7355   0.1126173166080596
36.6676   17.7441   0.10505065444822435
37.3673   18.9794   0.1008977204896119
38.7882   18.9878   0.0934899459835129
20.0983   35.9487   0.09372310280822228
15.8191   35.8897   0.10615408612013091
17.2408   35.9132   0.10630470356480279
17.9487   37.1439   0.0949550419935689
19.3706   37.1669   0.09483211481349745
20.0791   38.3971   0.08433059942867809
21.5011   38.4198   0.08399869046598404
22.2101   39.6497   0.07531600095597364
11.5427   35.8302   0.1168281216146187
12.9641   35.8538   0.11740204427521787
13.6707   37.0855   0.10649525811039817
15.0923   37.1087   0.1067947564255852
15.7999   38.3398   0.0957758320245783
17.2217   38.3626   0.09569566343361877
17.9299   39.5931   0.08532402944071663
19.3518   39.6157   0.08515609197233108
20.0607   40.8457   0.07620643017488936
21.4827   40.8681   0.07594399252080461
22.1919   42.0978   0.06977707359871303
23.6139   42.1201   0.06965493521639551
24.3233   43.3497   0.06744664558004522
7.27047   35.7707   0.12433150244407128
8.69146   35.7943   0.1253322448534301
9.39646   37.0273   0.11561193753242101
10.8177   37.0504   0.11630447110924053
11.5238   38.2826   0.10588847907114494
12.9452   38.3053   0.10634180739483595
13.6522   39.5368   0.09577113343800446
15.0738   39.5592   0.09594889264603394
15.7817   40.7901   0.08561763836967307
17.2034   40.8122   0.0856322369204509
17.9119   42.0426   0.07675057003045785
19.3338   42.0645   0.0765542944582487
20.0427   43.2945   0.07012082429635501
21.4647   43.3164   0.07008594723623385
22.1739   44.5462   0.0672764446147402
23.596   44.5681   0.06736490184064864
4.42347   35.7347   0.1292110676374133
5.12661   36.9692   0.12114435851495609
6.54741   36.9922   0.12232325371735427
7.25179   38.2258   0.11330064474662215
8.67279   38.2484   0.11416063288191759
9.37827   39.4812   0.10443352000196206
10.7995   39.5033   0.10498428453821226
11.5059   40.7353   0.09496473029499038
12.9273   40.7571   0.09530183628871063
13.6346   41.9885   0.08547309518205248
15.0561   42.0099   0.08551426781537795
15.7641   43.2407   0.0767475732515391
17.1858   43.262   0.0767061927095872
17.8943   44.4924   0.07011440650822104
19.3161   44.5135   0.07018354508002742
20.0249   45.7436   0.06698522225088394
21.4469   45.7649   0.06715013030516284
22.1559   46.9947   0.06818284241654998
2.98432   38.169   0.11674907965376104
4.40495   38.1915   0.11802125274712212
5.10863   39.4258   0.10977249200050214
6.52945   39.4478   0.1108691643334621
7.23422   40.6812   0.10187015706280345
8.65523   40.7027   0.1026082301767272
9.36096   41.9354   0.09325715200455262
10.7822   41.9564   0.09369765205169366
11.4887   43.1884   0.08445543203370784
12.9101   43.2091   0.08474573735592945
13.6174   44.4405   0.07625588501879808
15.0389   44.4609   0.07641426568383804
15.7467   45.6918   0.06980465600517034
17.1684   45.712   0.06996742099006031
17.8767   46.9425   0.06649285675920395
19.2985   46.9628   0.06679378713623073
20.007   48.1931   0.06722625975018999
21.4289   48.2136   0.06782071954794001
2.26399   39.3923   0.11258565628000834
2.96691   40.6271   0.10510943107067154
4.38757   40.6486   0.1063423758433117
5.09155   41.8826   0.09819883349612807
6.51239   41.9036   0.09922867529096716
7.21733   43.1369   0.09059175238397954
8.63835   43.1573   0.09133372870960658
9.34412   44.3899   0.08270876616175782
10.7653   44.4098   0.08314541478638739
11.4718   45.6418   0.07523104412408493
12.8932   45.6614   0.07548920452621181
13.6003   46.8929   0.06912380197876968
15.0218   46.9121   0.06944767814693481
15.7293   48.1432   0.06585362556458295
17.151   48.1624   0.06631711694577926
17.8588   49.3931   0.06637356401460054
19.2806   49.4124   0.06711683842375427
19.9886   50.6429   0.07106862880343624
0.826525   41.8299   0.0994163515775961
2.24703   41.8507   0.1008718969782972
2.95017   43.0854   0.0935221920187945
4.37085   43.1058   0.09478702917593843
5.07493   44.3398   0.08692494981304434
6.49579   44.3595   0.08800673894651614
7.2007   45.5928   0.08003213417122035
8.62173   45.6121   0.0808322955259851
9.32737   46.8447   0.07346099373136883
10.7486   46.8635   0.07406449891817364
11.4548   48.0956   0.06801249885131605
12.8762   48.1139   0.06857237052924588
13.5829   49.3456   0.06492973124848354
15.0044   49.3637   0.06577727571129721
15.7115   50.595   0.06536711711556861
17.1331   50.6131   0.06647774063549472
17.8404   51.8441   0.06970638421264097
19.2621   51.8623   0.0710248548045011
0.107766   43.0542   0.09441097440975921
0.809974   44.2896   0.08794447348185223
2.23052   44.3093   0.0894439204194463
2.93366   45.544   0.08252134814701081
4.35438   45.5631   0.08383753872818656
5.05835   46.7971   0.07668104654998019
6.47924   46.8157   0.07781619625759346
7.18395   48.049   0.0710680244554482
8.60499   48.067   0.0720220549554098
9.31033   49.2998   0.0663611603274097
10.7315   49.3173   0.06739117152862184
11.4374   50.5496   0.06371349935453484
12.8587   50.5667   0.06493211840068391
13.565   51.7986   0.0642754229857725
14.9864   51.8156   0.06565950045499823
0.0913154   45.5141   0.08350075733524946
0.793452   46.7495   0.0774722975069168
2.21403   46.7679   0.07908618147312582
2.917   48.0027   0.07273997594170774
4.33774   48.0206   0.0741870777157326
5.04146   49.2546   0.06815950483975187
6.46236   49.2719   0.0695067795254541
7.16672   50.5054   0.06427705655986593
8.58777   50.5222   0.06564575309949822
9.29267   51.7551   0.06226636411418443
10.7139   51.7714   0.06376315550535465
-1.34576   47.9563   0.07215679108718885
0.0746924   47.9741   0.07390731585546996
0.776579   49.2095   0.06852341757385016
2.19719   49.2267   0.07027502330131384
2.89983   50.4615   0.06488566020316176
4.32059   50.4781   0.06656077223109856
5.0239   51.7123   0.061955326647515054
6.4448   51.7283   0.06365957037241325
-2.06369   49.1815   0.06889634315404669
-1.36295   50.4177   0.06435787752870815
0.0575345   50.4341   0.0661854967424148
0.759023   51.6697   0.061664544310326204
2.17965   51.6855   0.06358743979749659
-3.50161   51.6271   0.061068765338756915
-2.08126   51.6428   0.06273811919399719
26.5283   34.8085   0.08014842481296952
27.9502   34.8286   0.07919261329190125
28.6582   36.059   0.07196978532689846
22.2484   34.7534   0.09222786997431973
23.6704   34.7754   0.09152169141793504
24.3787   36.0056   0.0815504751672262
25.8006   36.027   0.08090797241310972
26.5092   37.257   0.07303218468593115
27.9312   37.2779   0.07239530371509202
21.5203   35.9715   0.09342665572522837
22.2288   37.2016   0.08302662223648749
23.6508   37.2238   0.08259642849421356
24.3597   38.4537   0.0742579962024294
25.7818   38.4755   0.07366803920290034
26.4908   39.7053   0.06851780790422554
23.6321   39.672   0.07495738789472478
24.3414   40.9017   0.0692181334622669
25.7634   40.9238   0.06900768073193142
-5.65865   55.3017   0.05849375094828663
-4.23841   55.3152   0.0590221144995683
-3.53995   56.5525   0.05661514285065707
-2.11958   56.5654   0.0576110657773324
-1.42048   57.8022   0.05535518132930447
1.81636e-08   57.8144   0.05700000000009202
0.699707   59.0506   0.05535452993206761
2.1203   59.0621   0.057929461416451784
2.82055   60.2979   0.05737688036134629
4.24125   60.3087   0.06080241442574659
4.94194   61.544   0.061665894139308085
6.36273   61.5543   0.0661999463746028
7.06373   62.7893   0.06852761560130476
8.48461   62.7992   0.07392929054170931
9.18575   64.034   0.07745582999361106
10.6067   64.0436   0.08345603633051832
11.3078   65.2782   0.08798414629920645
-6.37633   56.5275   0.061520260890218
-5.67911   57.7656   0.05945492494318895
-4.25888   57.7778   0.05936471679373329
-3.56105   59.0153   0.057370812265473824
-2.14071   59.0267   0.0579317322371792
-1.44227   60.2637   0.056133273554997386
-0.0218255   60.2744   0.05761468768847231
0.677209   61.511   0.0566145547452259
2.09775   61.521   0.05935003032855274
2.79729   62.757   0.05945323288098206
4.21791   62.7664   0.06358342865873293
4.91783   64.0021   0.06490082896235269
6.33854   64.011   0.07028093624874754
7.03868   65.2464   0.07273528442235591
8.45946   65.255   0.0790773267125346
9.15965   66.4902   0.08251062295243913
10.5805   66.4986   0.0894548489462698
-7.81766   58.9795   0.06491423649708968
-6.39757   58.9912   0.06358987655279802
-5.70096   60.2294   0.061678622714844436
-4.28077   60.2402   0.060814232709129806
-3.58356   61.4779   0.058962700073860425
-2.16328   61.488   0.059086005957419696
-1.46547   62.7252   0.057705368900996985
-0.0450942   62.7345   0.059029923371203843
0.653275   63.9712   0.058496969502703194
2.07373   63.9798   0.06152422368466109
2.77255   65.2162   0.0619420091698701
4.19309   65.2242   0.06655327490064089
4.8922   66.4602   0.06817582049378314
6.31281   66.4679   0.07416453599935975
7.01205   67.7037   0.07663016116386469
8.43271   67.711   0.08383734788267605
9.13188   68.9467   0.08690735526984597
-8.53573   60.2054   0.07028905249041324
-7.84031   61.4443   0.06856734572666695
-6.42027   61.4547   0.06618916527650262
-5.72425   62.6931   0.0643827958386417
-4.30412   62.7026   0.06273185474701112
-3.6075   63.9405   0.06107954158308911
-2.18729   63.9492   0.06065006265454437
-1.49009   65.1866   0.059471109792908275
-0.0697947   65.1945   0.06079331257638635
0.627911   66.4315   0.060400999362594986
2.04828   66.4388   0.0636608074092701
2.74635   67.6754   0.06427454317224227
4.16678   67.6821   0.06953462734494302
4.86504   68.9185   0.07107080976040828
6.28553   68.9249   0.07780320301890467
-9.9792   62.6597   0.07749825804494175
-8.5593   62.6698   0.07390191066542429
-7.86443   63.9088   0.07215909436793297
-6.44445   63.918   0.06888435526300843
-5.74898   65.1565   0.06712046558241458
-4.32892   65.1648   0.06469283190586471
-3.63285   66.4028   0.06322725361740945
-2.21272   66.4102   0.0622404209497368
-1.51612   67.6478   0.0613074742588555
-0.0959245   67.6545   0.06240775931124435
0.601097   68.8917   0.06225428704916797
2.02135   68.8977   0.06565214086379989
-10.698   63.8854   0.08348287249489998
-10.0042   65.125   0.08185071777326952
-8.58439   65.134   0.07730935325043183
-7.89002   66.3732   0.07557572361545908
-6.47011   66.3811   0.07134314893526973
-5.77514   67.6198   0.06976371836420621
-4.35516   67.6268   0.06647189556497247
-3.65964   68.8649   0.06508512041934372
-2.2396   68.8711   0.06359708798365063
-12.1438   66.3413   0.09288735113028036
-10.7241   66.3503   0.08736566831427726
-10.0308   67.59   0.08573464877166802
-8.61102   67.5979   0.08022120729582306
-7.91711   68.8371   0.07854758048470414
-6.49727   68.8439   0.07338876003857847
-12.8638   67.5666   0.09858625664867947
-12.1715   68.8068   0.097142009450076
-10.7518   68.8148   0.09065952790523656
15.6929   53.0472   0.06830556346301703
17.1145   53.0641   0.0701780592493134
17.8211   54.2955   0.07579023683826716
11.4192   53.0039   0.06289610480785121
12.8405   53.0198   0.06472673327150241
13.5461   54.252   0.06688325649966392
14.9675   54.2677   0.06908103936682175
15.6733   55.4997   0.07389566969721736
17.0948   55.5154   0.07656069487667906
7.14868   52.962   0.060422486708178874
8.56973   52.9774   0.062401141816477684
9.27407   54.2106   0.061314860352121824
10.6952   54.2255   0.06363308887678068
11.3999   55.4584   0.06509854069025355
12.8212   55.473   0.06792885984616827
13.5261   56.7056   0.07198096970728028
14.9474   56.72   0.07513567727784493
15.6523   57.9525   0.0812150848057211
2.88183   52.9205   0.059441336626965866
4.3026   52.9357   0.0615208062365917
5.00538   54.1702   0.058488662149172685
6.42628   54.1847   0.060791437719469946
7.12956   55.4187   0.05948941838680365
8.55059   55.4327   0.06222852159581251
9.25425   56.6663   0.06324839997976263
10.6754   56.6798   0.06649436066314295
11.3793   57.9131   0.06969942610954556
12.8005   57.9264   0.073384262618087
13.5045   59.1594   0.0785786230472417
14.9258   59.1726   0.08258389673538237
-1.38097   52.8791   0.05898264914362705
0.0395272   52.8942   0.06080875028612416
0.740497   54.1299   0.05738290010970354
2.16113   54.1444   0.05934552721140994
2.86274   55.3796   0.056607321964567116
4.2835   55.3934   0.0590226024502497
4.98565   56.6281   0.05768678271493411
6.40653   56.6412   0.06065648852348901
7.10912   57.8755   0.06107726663825238
8.53011   57.8881   0.06468464732840334
9.233   59.122   0.06716368736155057
10.6541   59.1343   0.0713269934877389
11.3571   60.3679   0.07553866559584024
12.7783   60.38   0.08015796903614507
13.4814   61.6135   0.08573324909275405
-4.21924   52.8527   0.060633097397380334
-3.52018   54.0898   0.057702208796545
-2.09981   54.1041   0.05907695743689091
-1.40009   55.3406   0.056132672304106575
0.0204128   55.3543   0.05793581459037408
0.720778   56.5903   0.05535277670542119
2.1414   56.6032   0.05761528356261175
2.84236   57.8387   0.05614632757358334
4.26309   57.851   0.05908218767107632
4.96454   59.086   0.05898484212066904
6.38538   59.0977   0.0627613734712676
7.0872   60.3324   0.06433950264029398
8.50814   60.3436   0.06886389547505915
9.21019   61.5779   0.07217745077238624
10.6312   61.5888   0.07729902974811809
11.3333   62.823   0.08182304076481418
12.7544   62.8337   0.08741384329727185
6.9838   70.1611   0.08005829188784645
8.40432   70.1673   0.08799352021598611
2.71863   70.1346   0.06634839560984282
4.13894   70.1402   0.07201291550826681
4.83629   71.3769   0.07345738152152985
6.25663   71.3821   0.0808328002731631
6.95385   72.6188   0.08273631850644976
-1.54363   70.1089   0.06288741448016644
-0.123531   70.1143   0.0637665484717513
0.572749   71.3518   0.0637089131048411
1.99289   71.3567   0.06734005049003289
2.6893   72.5939   0.06798045675045039
4.10947   72.5983   0.07410777624514717
4.80581   73.8355   0.07519635695963094
6.22601   73.8397   0.08313733758065837
-5.8028   70.0827   0.07197534577895608
-4.3829   70.0885   0.06790459557349682
-3.68796   71.3268   0.06687584691052836
-2.26801   71.3319   0.0647658366733601
-1.57273   72.5698   0.06422209588607397
-0.152735   72.5742   0.06492913133563559
0.542718   73.8119   0.06495240907002763
1.96274   73.8157   0.06858631131647275
2.65818   75.0533   0.06918325303135422
4.07822   75.0567   0.07547498989731803
4.77345   76.2943   0.07629168762060332
-10.0589   70.0545   0.0891666417445524
-8.63923   70.0614   0.08257977960736805
-7.94577   71.3006   0.08119257601530187
-6.526   71.3064   0.07516435591422593
-5.83206   72.5452   0.07392924725708684
-4.41225   72.55   0.06913237230126099
-3.71795   73.7884   0.06835848228274087
-2.2981   73.7924   0.06567963839730091
-1.60359   75.0306   0.06538363709675549
-0.18371   75.0339   0.06577213419070578
0.510825   76.2719   0.06585384608358281
1.93073   76.2747   0.06944435254216491
2.62512   77.5127   0.06981475488749021
4.04503   77.5152   0.07641712896988657
-14.3123   70.0231   0.10890486674157988
-12.8928   70.0315   0.10204401011327947
-12.2009   71.2717   0.10068664260963328
-10.7812   71.2788   0.09336176947766152
-10.0888   72.5185   0.0921273575003702
-8.66911   72.5244   0.08459419365417875
-7.97615   73.7637   0.08358557531057724
-6.55645   73.7684   0.07653546628851414
-5.86311   75.0073   0.07577710736099627
-4.44338   75.0111   0.07018914161036721
-3.74981   76.2498   0.06970633041553839
-2.33005   76.2527   0.06647469894629288
-1.6364   77.4912   0.06637047611702522
-0.216625   77.4935   0.06633763222334822
0.476945   78.7319   0.06646928015256537
1.89673   78.7338   0.06997168070012333
2.59007   79.9722   0.07013386414564803
-15.0341   71.2476   0.1136590515533212
-14.3431   72.4883   0.11261665063391085
-12.9235   72.4958   0.10489118170752
-12.232   73.736   0.10383650610455465
-10.8124   73.7421   0.09550481663245197
-10.1204   74.9819   0.09475616074957795
-8.70083   74.9868   0.08626907267382021
-8.00843   76.2262   0.08571144906020817
-6.5888   76.2299   0.07770541872997176
-5.89613   77.469   0.07747296302581427
-4.47648   77.4719   0.07105954123128383
-3.78368   78.7108   0.07105160096719107
-2.36401   78.7128   0.06711481282101707
-1.67122   79.9516   0.06726819456474487
-0.251535   79.9531   0.06679709122409626
0.441118   81.1918   0.06698984676053703
1.8608   81.193   0.0702015534016178
-16.4858   73.7038   0.12425960727444448
-15.0664   73.712   0.11636378302547574
-14.3757   74.9527   0.11582650819220816
-12.9562   74.9593   0.10702121285054186
-12.2651   76.1995   0.10653262411111623
-10.8456   76.2048   0.09728607300123682
-10.1541   77.4446   0.09704457738585368
-8.73455   77.4486   0.08765102908694399
-8.04275   78.6881   0.08770086943697057
-6.62318   78.691   0.07889475584600263
-5.93118   79.9303   0.07919476560985479
-4.51159   79.9323   0.07193458417200854
-3.81952   81.1714   0.07239834873808142
-2.39992   81.1727   0.06782846010341287
-1.70788   82.4117   0.06815351494970837
-0.288275   82.4126   0.06715230524710401
0.403648   83.6516   0.06727990454809102
-17.21   74.927   0.12750035294069165
-16.5202   76.1681   0.12721906303695452
-15.1007   76.1755   0.11851063243438985
-14.4105   77.4162   0.11849506318830946
-12.991   77.422   0.10877550275682754
-12.3004   78.6623   0.10902357543210778
-10.8809   78.6667   0.09883744229795559
-10.1899   79.9066   0.09923331093941815
-8.77034   79.9098   0.08906579365840098
-8.07909   81.1494   0.08964036423397471
-6.65955   81.1516   0.08013977851229778
-5.96812   82.391   0.08089745113414486
-4.54858   82.3924   0.07302008011498962
-3.85705   83.6316   0.07367147073325477
-2.43749   83.6325   0.06852979279116353
-1.74594   84.8716   0.06898024644780737
-0.326384   84.8722   0.06736752933721286
-18.6656   77.3818   0.13759175120624448
-17.2461   77.3903   0.12935911255106355
-16.5567   78.6314   0.129659014341466
-15.1372   78.6381   0.1202682834333327
-14.4474   79.8788   0.12085780901538873
-13.0279   79.8839   0.11041870312587561
-12.3376   81.1242   0.11129986522902983
-10.9181   81.1279   0.10036005181345652
-10.2275   82.3679   0.10138352923429092
-8.80804   82.3705   0.09058906611728064
-8.11715   83.6101   0.0915409001485197
-6.69763   83.6118   0.08157349385676745
-6.00651   84.8512   0.08260638534642042
-4.58697   84.8523   0.0742572124443185
-3.89567   86.0915   0.0749453640994565
-2.47612   86.0921   0.0691949918708024
-19.3927   78.6033   0.13908450668568434
-18.7039   79.8447   0.1397638722989672
-17.2845   79.8527   0.13097747898016202
-16.5953   81.0937   0.13190651992983485
-15.1758   81.0998   0.12186787927916744
-14.4862   82.3404   0.12296906114954338
-13.0667   82.345   0.11208630603245161
-12.3767   83.5852   0.11337804020179458
-10.9572   83.5885   0.10204303013924787
-10.2667   84.8283   0.10332719874263019
-8.8472   84.8306   0.09225086937260008
-8.15636   86.0702   0.09340871533213983
-6.7368   86.0716   0.08302674508855623
-20.8523   81.0558   0.14842496420751852
-19.4328   81.0652   0.14039366082555071
-18.7443   82.3066   0.14179037343910791
-17.3248   82.314   0.1323441725199857
-16.6357   83.5549   0.13386059913208556
-15.2162   83.5606   0.1233822515599382
-14.5266   84.8011   0.12498199870381524
-13.1071   84.8053   0.11367682261569795
-12.4169   86.0454   0.11534600123107687
-10.9974   86.0484   0.10366928185340131
-21.5824   82.2755   0.14841543046461791
-20.8943   83.5171   0.14999099972998553
-19.4748   83.5262   0.14169167230293606
-18.7862   84.7674   0.14353379393020793
-17.3666   84.7745   0.13377933323201224
-16.6773   86.0152   0.13564884813369496
-15.2577   86.0207   0.12496483505371385
-23.0455   84.7249   0.15634791332154935
-21.6259   84.736   0.14945437430868344
-20.9376   85.9774   0.15141948355479612
-19.5179   85.9863   0.14296384158241407
-23.7779   85.9431   0.15531113933005258
73.8466   0.778451   0.15532356944456424
69.5866   0.735264   0.14293592699178273
71.0063   0.744176   0.15141863756156423
71.6946   1.98558   0.14938725648461576
73.1142   1.9966   0.15639003325020603
65.3265   0.700861   0.1249082600311136
66.7461   0.706351   0.13563637627495162
67.4353   1.94703   0.13381267354029047
68.8549   1.95419   0.14346585795930766
69.5435   3.19535   0.1416832527153456
70.9631   3.20445   0.15001473127663248
71.6511   4.44608   0.1483650214841771
61.0661   0.673124   0.10369305195624379
62.4856   0.676158   0.11530158340630123
63.1758   1.91621   0.11369265763451995
64.5953   1.92044   0.12501502949645857
65.2849   3.1609   0.12339047005340523
66.7044   3.16662   0.13388594735819048
67.3935   4.40751   0.1324027828257392
68.813   4.41498   0.1417477424864333
69.5016   5.65631   0.1404168170127787
70.921   5.66575   0.14838245347749202
56.8055   0.649938   0.08301672074949865
58.2251   0.651391   0.09339115523431682
58.9159   1.89097   0.09220105693537481
60.3354   1.8932   0.10335743611371306
61.0259   3.13306   0.1020505663874548
62.4454   3.13634   0.11336197069564509
63.1354   4.37655   0.11208630603245143
64.5549   4.38114   0.12301066010716227
65.2445   5.62172   0.1218678792791616
66.664   5.62788   0.13189805191889617
67.3532   6.86888   0.13091066572285173
68.7726   6.87681   0.13978937334432845
69.4614   8.11824   0.13910952842994107
52.5448   0.629398   0.06921637974497248
53.9644   0.630019   0.07494796928536654
54.6557   1.86929   0.07424097857652606
56.0752   1.87032   0.08259698783854183
56.7663   3.10974   0.08157660265051653
58.1859   3.11144   0.09155904979847858
58.8767   4.35108   0.09054566196124628
60.2963   4.35369   0.10134495991414753
60.9869   5.59361   0.10039297236360906
62.4063   5.59737   0.1112675586143602
63.0966   6.83763   0.11044266793228112
64.5161   6.84278   0.12079954842631055
65.2059   8.08341   0.12029285473377
66.6254   8.09016   0.12970064918881685
67.3148   9.33121   0.1293591125510694
68.7343   9.33973   0.13761697896698696
50.3951   1.84936   0.06736786771154511
51.8147   1.84989   0.06899774199204074
52.5062   3.08904   0.06851297395384473
53.9258   3.0899   0.07368063246199875
54.6173   4.32913   0.07303579670271415
56.0368   4.33054   0.08089646716637423
56.7283   5.56992   0.08013707568909807
58.1478   5.57212   0.08961301746956384
58.839   6.81172   0.08907597880461496
60.2586   6.81493   0.09926394914570015
60.9496   8.05483   0.09884231330761278
62.3691   8.05926   0.1090074694688397
63.0597   9.29951   0.10882300124514159
64.4792   9.30537   0.11845379901041674
65.1694   10.546   0.1185913993508831
66.5889   10.5535   0.12713591152778628
67.2787   11.7945   0.12750035294068876
49.6651   3.06991   0.06727443793893897
50.357   4.3089   0.06715444586920676
51.7766   4.3098   0.06816034330899517
52.4686   5.5488   0.06783086391901584
53.8882   5.55015   0.0724102762044188
54.5803   6.78924   0.07196257708003559
55.9999   6.79127   0.07917897195594532
56.6919   8.03053   0.0788970398684274
58.1115   8.03343   0.08767262058362424
58.8033   9.27294   0.08764137150912261
60.2228   9.27693   0.09708260657811077
60.9143   10.5168   0.09721136764802814
62.3338   10.522   0.10661224132340602
63.0249   11.7622   0.10709897291757657
64.4444   11.7689   0.1157452806813302
65.1351   13.0095   0.11644286152444479
66.5545   13.0177   0.12425960727444639
48.2079   5.52853   0.07019282370727106
49.6276   5.5297   0.06699351013344589
50.3202   6.76843   0.06682354674813483
51.7399   6.76995   0.06725602203520822
52.4327   8.00871   0.06712308395775987
53.8524   8.01079   0.07104270828170867
54.5452   9.24967   0.07103589867102457
55.9648   9.2525   0.07750259673069441
56.6575   10.4916   0.07776020833305747
58.0771   10.4954   0.08565944197810332
58.7695   11.7348   0.08629484341488823
60.1891   11.7396   0.09475616074958061
60.8811   12.9794   0.09550481663246237
62.3007   12.9855   0.10391462842160475
62.9922   14.2258   0.10481531376664595
64.4118   14.2333   0.1125726876289298
65.1028   15.4739   0.11373596616725823
47.4786   6.7493   0.07012999073150054
48.172   7.98771   0.06995101428857553
49.5918   7.98961   0.0664701805323269
50.2853   9.22801   0.06633555306169019
51.7051   9.23034   0.06635949743631468
52.3988   10.4688   0.06645855851581718
53.8185   10.4718   0.06972589189103312
54.5121   11.7104   0.0701646634710127
55.9318   11.7142   0.07583521609384519
56.6252   12.9532   0.07651940930247914
58.0449   12.9579   0.08351053825715701
58.7378   14.1972   0.08461778772811276
60.1575   14.203   0.0921273575003676
60.8499   15.4428   0.09329078196692606
62.2696   15.4498   0.1007627411298455
62.9615   16.69   0.10204401011328261
64.3811   16.6984   0.10894498611684404
46.0237   9.20635   0.07641125833279024
47.4436   9.2088   0.0697996482799171
48.138   10.4468   0.06944825411772755
49.5579   10.4496   0.06582810949739043
50.2524   11.6877   0.06576959783973264
51.6723   11.6909   0.06538363709675635
52.3668   12.9291   0.0657162080464206
53.7867   12.9331   0.06832049472888806
54.481   14.1716   0.06906040833936705
55.9008   14.1763   0.07396952075010697
56.5947   15.4152   0.07511730825848363
58.0145   15.4209   0.08126585999053054
58.7079   16.6602   0.08257977960736056
60.1276   16.667   0.08916664174454483
45.2953   10.4273   0.07630753566981681
45.9905   11.6649   0.0755092047369082
47.4105   11.6683   0.06920447962379567
48.106   12.9059   0.06861042194885719
49.526   12.9096   0.06493550646603131
50.2214   14.1474   0.064943513917866
51.6414   14.1517   0.06424896886332422
52.3367   15.3897   0.06479220632144193
53.7567   15.3947   0.06684586748632995
54.4516   16.633   0.067900368187516
55.8715   16.6389   0.07198340086436945
43.8427   12.8819   0.08312592856624249
45.2629   12.886   0.07519215384599638
45.9592   14.1232   0.07409143000374646
47.3794   14.1276   0.06800272053381703
48.0758   15.3649   0.0673505753501782
49.496   15.3697   0.06368453501439748
50.1922   16.6072   0.063787302811768
51.6123   16.6126   0.06293877977845067
43.1149   14.1027   0.08265282814278153
43.8121   15.3394   0.08081695366691315
45.2324   15.3446   0.07347040220388223
45.9298   16.5814   0.0720129155082614
47.3501   16.5869   0.06632186668060663
41.6644   16.5543   0.08802789330661372
43.0849   16.5604   0.08000462486631736
38.7609   21.4433   0.08792144220837328
39.462   22.678   0.08351730359632115
40.883   22.6876   0.07748845075235339
41.5841   23.9223   0.07387590946986908
43.005   23.9322   0.06853101487647888
43.706   25.1672   0.06613902025279893
45.1268   25.1775   0.06165241276706019
45.8275   26.4129   0.060824583845680555
47.2482   26.4237   0.05737325160734971
47.9484   27.6595   0.057948339061618094
49.369   27.6709   0.055347899689149764
50.0687   28.9072   0.05700000000000178
51.4892   28.9193   0.0553551262305508
52.1883   30.1561   0.05762117666275299
53.6087   30.169   0.056621727278494606
54.3071   31.4063   0.05902211449956818
55.7274   31.4199   0.058497948681986635
37.3143   23.8878   0.0874138432972705
38.7354   23.8986   0.08182304076481199
39.4375   25.1327   0.07729902974811538
40.8585   25.1436   0.07212939761290274
41.5606   26.3779   0.06886138250137108
42.9815   26.3892   0.0643743737833635
43.6833   27.6238   0.06272144768737435
45.1042   27.6355   0.058978724977743015
45.8056   28.8705   0.05908350023483861
47.2263   28.8828   0.05613082931865695
47.9273   30.1183   0.05761735849551114
49.3479   30.1313   0.055351422745944234
50.0483   31.3673   0.057935653961961736
51.4688   31.3809   0.05612726610124722
52.1685   32.6174   0.05909407753743434
53.5889   32.6317   0.05771005111763745
54.2879   33.8688   0.06061732425635664
36.5873   25.1081   0.08579895104254007
37.2904   26.3416   0.08019158309947522
38.7116   26.3536   0.07553866559584024
39.4146   27.5873   0.07138424195857342
40.8357   27.5995   0.0671181793555216
41.5386   28.8334   0.06469026201833084
42.9596   28.846   0.061027862489195076
43.6622   30.0803   0.060620211151070046
45.0831   30.0935   0.057717068532628514
45.7852   31.3282   0.05901770920664646
47.206   31.342   0.05663444181768073
47.9076   32.5772   0.05936615197231751
49.3282   32.5916   0.057372990160879024
50.0292   33.8274   0.060807729771801156
51.4497   33.8424   0.05901101592075877
35.1429   27.5489   0.08258389673538175
36.5642   27.5621   0.07857862304723878
37.2682   28.7952   0.07338426261808746
38.6894   28.8085   0.06975801029272449
39.3933   30.0417   0.06649436066314197
40.8145   30.0553   0.06324713432243359
41.5181   31.2888   0.062228851829357425
42.9391   31.3028   0.05944989486954692
43.6424   32.5368   0.060786593916753576
45.0633   32.5514   0.058504444275629
45.7661   33.7858   0.06151430727887751
47.1869   33.801   0.05945729559944853
34.4164   28.7691   0.0812150848057211
35.1213   30.0015   0.07513567727784412
36.5427   30.016   0.07195422155787683
37.2475   31.2486   0.06792885984616624
38.6688   31.2631   0.06509854069025227
39.3735   32.496   0.06358600474947679
40.7946   32.5109   0.06131525095765496
41.499   33.7442   0.062445896582564206
42.92   33.7595   0.06038319302587571
32.9739   31.2061   0.07656069487668132
34.3954   31.2219   0.07395890750951031
35.1012   32.4539   0.06913913508281766
36.5226   32.4696   0.06688325649966873
37.2282   33.7018   0.06477607583050995
38.6495   33.7176   0.06289610480785128
32.2476   32.4261   0.07585255434064346
32.9542   33.6575   0.0701780592493134
34.3758   33.6744   0.06837872476143451
60.8205   17.9067   0.09072805519793871
62.2402   17.9147   0.09714200945008451
62.9325   19.1549   0.09858625664868521
56.566   17.8776   0.07339277893635025
57.9858   17.8844   0.07860305337581007
58.6797   19.1236   0.08022505842939791
60.0995   19.1315   0.08573464877166383
60.7928   20.3712   0.08743140168154684
62.2125   20.3803   0.09281643173490679
52.3083   17.8504   0.06360196537843717
53.7283   17.8566   0.06509746538844811
54.4239   19.0948   0.06646006319587745
55.8438   19.1018   0.06974252648133689
56.5388   20.3404   0.07133204048672705
57.9587   20.3484   0.07557572361545632
58.6531   21.5875   0.07730582125558333
60.0729   21.5965   0.08191587147800082
60.7667   22.8361   0.08354555643480058
48.0474   17.8239   0.06564579194434171
49.4676   17.8299   0.06226210725634214
50.1646   19.0671   0.06242980057632841
51.5848   19.0737   0.06131834961901687
52.2814   20.3113   0.06224042094973502
53.7016   20.3187   0.06321249876409064
54.3976   21.5568   0.06471004558799488
55.8177   21.565   0.06713046998196875
56.5132   22.8035   0.0688589863416538
57.9331   22.8127   0.07216827557867798
58.628   24.0517   0.07390791567890378
60.0479   24.0619   0.07749825804494008
43.7832   17.7967   0.07784304721682038
45.2037   17.803   0.07103414671832281
45.9019   19.0394   0.06949251758283415
47.3224   19.0462   0.06426577627322508
48.0204   20.2828   0.06366828095684687
49.4408   20.2901   0.060409601885792495
50.1385   21.527   0.06080879870545129
51.5588   21.535   0.059460659263082735
52.256   22.7724   0.060628128785245185
53.6762   22.7811   0.06108559568343549
54.3728   24.019   0.06274798801555499
55.793   24.0285   0.06431702729449126
56.489   25.2669   0.06617960410882169
57.909   25.2773   0.06852160243310297
58.6044   26.5162   0.0702535408360323
40.9368   17.7749   0.0869567133693567
41.636   19.0106   0.08382571204588801
43.0567   19.0179   0.07666192014292753
43.7559   20.2537   0.07421832657774238
45.1765   20.2613   0.06815988556328566
45.8756   21.4973   0.06654629967173442
47.2962   21.5054   0.06194384553771613
47.995   22.7417   0.06150447138217216
49.4154   22.7503   0.058519740259165134
50.1138   23.9871   0.059019827176977624
51.5342   23.9963   0.05769488712182622
52.232   25.2336   0.05906691121093361
53.6523   25.2436   0.058992287631521256
54.3495   26.4813   0.06080279598834439
55.7697   26.4922   0.06163010627931915
56.4663   27.7304   0.06358726287551901
57.8864   27.7421   0.06486493659905959
39.4882   20.223   0.08949391040735777
40.9091   20.2314   0.08253847587640663
41.6092   21.4666   0.07909203499721085
43.03   21.4751   0.07275094501104669
43.7302   22.7105   0.07028093624874565
45.1509   22.7194   0.0648445834283807
45.8508   23.9551   0.06357782632333682
47.2714   23.9645   0.05944207264219756
47.971   25.2006   0.05934787275042306
49.3915   25.2106   0.056607508335910536
50.0905   26.4471   0.057616403914165205
51.511   26.4578   0.056130383928850856
52.2094   27.6948   0.057934963536712104
53.6298   27.7063   0.05737159575957638
54.3276   28.9438   0.05933708789619003
55.7478   28.956   0.059455193213042726
56.445   30.194   0.06151975292538305
24.3053   45.7978   0.06900768073193142
25.7273   45.8199   0.06920447962379535
26.4366   47.0495   0.07495738789472478
23.5779   47.0162   0.06850459838580442
24.2869   48.246   0.07370284933433871
25.709   48.2678   0.0742579962024294
26.4179   49.4977   0.08263280220348293
27.8399   49.52   0.08299620473250709
28.5484   50.7501   0.09339052414458399
22.1375   49.4437   0.07235143398717267
23.5595   49.4645   0.0730709928767917
24.2681   50.6946   0.08090797241310647
25.6901   50.716   0.08155452164043477
26.3983   51.9462   0.09152169141793826
27.8203   51.9681   0.09222786997432257
21.4105   50.6625   0.07196978532689846
22.1185   51.893   0.07913924437344809
23.5404   51.9131   0.08014842481296952
52.15   35.0788   0.06276352443896308
53.5703   35.0944   0.06106439224294662
47.8891   35.036   0.06360801836246717
49.3097   35.0519   0.061668630599359946
50.0112   36.2874   0.06617809305201006
51.4317   36.3039   0.06439945651944559
52.1324   37.5401   0.06889818575259966
43.6239   34.9932   0.06364943047663549
45.0448   35.0092   0.06191550694293345
45.7481   36.2434   0.06655621683960303
47.1689   36.26   0.06490007704155729
47.8715   37.4948   0.07025211740581047
49.2921   37.512   0.06848561892835792
49.994   38.7475   0.07392523249878966
51.4145   38.7652   0.07218711796435497
39.3548   34.9502   0.06374284273548092
40.776   34.9664   0.062264114865629105
41.4809   36.1994   0.06563482307434003
42.902   36.2161   0.06427705655986558
43.6064   37.4496   0.0695166167185945
45.0273   37.4669   0.06818885539441183
45.731   38.701   0.07422573677640619
47.1517   38.7189   0.07274400318926534
47.8547   39.9536   0.07907521735664161
49.2753   39.9721   0.0775398607169265
49.9774   41.2075   0.08352466701520303
35.0823   34.906   0.06570890350629909
36.5037   34.9229   0.06422569579226234
37.21   36.1548   0.06493211840068154
38.6313   36.1719   0.06367448468578446
39.3372   37.4042   0.0673636400441703
40.7584   37.4217   0.0663771798135495
41.4637   38.6545   0.0719940969802407
42.8848   38.6725   0.07107334240064991
43.5895   39.9059   0.07787541332153927
45.0104   39.9244   0.0767131670575522
45.7143   41.1584   0.08381706270205615
47.135   41.1776   0.08247235900591092
47.8382   42.4123   0.0894218094202982
49.2587   42.432   0.08794663154436334
49.9609   43.6674   0.09438527427517822
30.8066   34.8592   0.0710248548045011
32.2283   34.8775   0.06976209572540176
32.9356   36.1085   0.06647774063549472
34.3572   36.1266   0.06541582377376456
35.0643   37.3578   0.06574009431085673
36.4858   37.376   0.06496845388340451
37.1925   38.6076   0.06857237052924724
38.6139   38.626   0.0680124988513155
39.3201   39.8581   0.07408144167063765
40.7413   39.8768   0.07343936274233642
41.447   41.1095   0.08083229552598732
42.868   41.1287   0.0800001249999049
43.5729   42.362   0.08800874956502999
44.9938   42.3818   0.08695395333163596
45.6979   43.6158   0.09481165540164314
47.1185   43.6361   0.0934557649372139
47.8217   44.8708   0.10091927467040494
49.2422   44.8917   0.09944128921127235
30.0801   36.0786   0.0710176034515405
30.7881   37.3091   0.06711683842375427
32.2099   37.3284   0.06632842527906499
32.9177   38.5592   0.06635035794929817
34.3394   38.5784   0.06588983229604133
35.0469   39.8094   0.06942427529330301
36.4684   39.8287   0.06914990961671834
37.1755   41.0602   0.07545144133812375
38.5969   41.0797   0.07521369556138326
39.3034   42.3117   0.08314541478639018
40.7246   42.3316   0.08269806527362447
41.4304   43.5643   0.09133684908075307
42.8514   43.5847   0.09064116062805233
43.5563   44.818   0.0992286752909698
44.9772   44.8389   0.09822189165354663
45.6811   46.073   0.1062862643995009
47.1018   46.0944   0.10514656437563308
47.8047   47.3293   0.11258534540516481
28.6398   38.508   0.06782071954794001
30.0617   38.5285   0.06726529565831245
30.7702   39.7587   0.06679378713623073
32.192   39.779   0.06644441285766978
32.9003   41.0095   0.06996742099006034
34.322   41.0298   0.06980465600517302
35.0298   42.2607   0.07641426568384076
36.4513   42.2811   0.07626984987529906
37.1586   43.5125   0.08474573735592864
38.58   43.5331   0.08445543203370444
39.2865   44.7651   0.09369765205169366
40.7077   44.7862   0.0932000536480579
41.4135   46.0188   0.10266099551436184
42.8345   46.0403   0.10189156000375851
43.5393   47.2737   0.11090410271941768
44.9601   47.2958   0.10977344852012327
45.6638   48.53   0.11801584639361377
47.0844   48.5525   0.11678257575511904
27.9128   39.7268   0.06818284241655036
28.6218   40.9567   0.06715013030516157
30.0438   40.9779   0.06698522225088224
30.7526   42.208   0.07018354508002742
32.1744   42.2292   0.07011440650822104
32.8829   43.4596   0.0767099080953698
34.3046   43.4808   0.07673890799327311
35.0126   44.7117   0.0855129229999759
36.4341   44.7331   0.08547642949960055
37.1414   45.9645   0.09530183628870785
38.5628   45.9862   0.09496473029499038
39.2692   47.2182   0.10498428453820784
40.6904   47.2404   0.10443916889749554
41.3959   48.4731   0.11416851580010827
42.8169   48.4957   0.11329505726199723
43.5213   49.7293   0.12230686816364383
44.9421   49.7524   0.12110928948681673
45.6452   50.9869   0.12921106763741513
26.4728   42.1534   0.06736957770388816
27.8948   42.1754   0.06727644461474122
28.604   43.4051   0.07008487711339836
30.026   43.427   0.07012082429635501
30.7349   44.657   0.07655880093105083
32.1568   44.679   0.07675193808627871
32.8653   45.9094   0.08562388685407787
34.287   45.9315   0.08561763836967179
34.9949   47.1623   0.09594889264603591
36.4165   47.1847   0.09577671950949299
37.1235   48.4162   0.1063535142813815
38.5449   48.4389   0.1058884790711423
39.251   49.6711   0.11631620695328498
40.6722   49.6943   0.11559714529346983
41.3772   50.9273   0.12528902585622004
42.7982   50.9508   0.12429633944730703
25.7454   43.3719   0.0674501297255996
26.4548   44.6015   0.06964538749982092
27.8768   44.6237   0.06977972484898605
28.586   45.8535   0.07592983603301214
30.008   45.8758   0.07620643017488936
30.7169   47.1059   0.08515609197233229
32.1388   47.1285   0.08531318772616905
32.847   48.3589   0.09571389658769675
34.2688   48.3818   0.09569665615892702
34.9764   49.6128   0.1067947564255852
36.398   49.636   0.10650826259028347
37.1046   50.8677   0.11740204427521653
38.526   50.8913   0.11682812161462096
27.8586   47.0719   0.07531600095597364
28.5676   48.3017   0.08399869046598404
29.9896   48.3244   0.08435081505237679
30.6981   49.5546   0.09485894791742167
32.12   49.5777   0.09493413506215703
32.8279   50.8083   0.1063308986137143
34.2496   50.8318   0.10615408612013343
29.9704   50.7729   0.09372310280822013
12.7288   65.2878   0.0943930611856642
13.4297   66.5224   0.09938133627597971
14.8507   66.5321   0.10603985099951606
15.5512   67.7669   0.111122544967254
16.9723   67.777   0.11779664681135936
17.6721   69.0121   0.12269400963372473
19.0931   69.0229   0.12888114679812077
11.2805   67.7337   0.0935535140975481
12.7014   67.7422   0.1008298566893742
13.4011   68.9774   0.10511902777328205
14.822   68.9861   0.11254567961499364
10.5526   68.9539   0.09484397714140352
28.5282   53.1986   0.10338655618599699
29.9501   53.2213   0.10371306571498153
30.6572   54.4522   0.11525580245696988
24.2483   53.1435   0.08963291806027478
25.6702   53.1643   0.09053601493328668
26.3777   54.3949   0.10133419955770377
27.7996   54.4165   0.10203386692662404
28.5065   55.6475   0.11333490194992693
29.9284   55.6699   0.11369283178811455
30.6345   56.9014   0.12496791588243639
32.0563   56.9248   0.12496755578949283
32.7613   58.157   0.13561732927616713
19.9695   53.0932   0.0775161918569282
21.3913   53.1119   0.07887445720891047
22.0986   54.3427   0.08769207489847966
23.5204   54.362   0.08905666735287124
24.2274   55.5929   0.09926348774851669
25.6492   55.613   0.1003685209615056
26.3557   56.8442   0.1112681445877499
27.7775   56.8652   0.11204217955752063
28.4833   58.0968   0.12301666553764064
29.905   58.1188   0.12335359743437077
30.6098   59.351   0.1338821123227463
32.0315   59.3742   0.1338443125425952
32.7351   60.6072   0.14346783611667555
34.1566   60.6314   0.14296817827754404
34.8587   61.8653   0.15142331392490327
19.2428   54.3126   0.07780880412909391
19.9493   55.544   0.08564280471820275
21.371   55.5616   0.08762425463306525
22.0774   56.7929   0.09716048579540998
23.4991   56.8113   0.09882393434790993
24.205   58.0428   0.10899770639788742
25.6267   58.0621   0.11044609544931913
26.332   59.2939   0.12082789413045317
27.7537   59.3143   0.12186554065854695
28.4581   60.5467   0.13184839779079757
29.8797   60.5682   0.1324124994099926
30.583   61.8013   0.14177891239532117
32.0045   61.8241   0.1416970712470799
32.7064   63.058   0.15000989967332265
34.1277   63.0821   0.14935933181425348
34.828   64.317   0.1564374315820945
36.2491   64.3422   0.1553422350811243
36.9475   65.5783   0.16072915105854546
17.8006   56.7473   0.08351969827531792
19.2222   56.7633   0.08627850253684387
19.9277   57.9951   0.09475642458429921
21.3494   58.0117   0.09726628398371319
22.0546   59.2437   0.10657936010316989
23.4762   59.2611   0.10875279306757958
24.1809   60.4933   0.11838754157427647
25.6025   60.5117   0.12027622375183025
26.3064   61.7444   0.1296472907545696
27.728   61.764   0.13095262502141608
28.4308   62.9973   0.13971778698505224
29.8523   63.0183   0.14042086739512372
30.5538   64.2523   0.14837280748168993
31.9751   64.2747   0.1483275766673221
32.6752   65.5097   0.15515286010899354
34.0963   65.5335   0.15453688880005215
34.7946   66.7696   0.15986153383476043
36.2155   66.7947   0.15869747950109198
17.0738   57.967   0.08460153662907037
17.7786   59.1994   0.0921284972199205
19.2001   59.2143   0.09557039290491677
19.9046   60.4468   0.10386683782612986
21.3261   60.4623   0.10709967320211564
22.0301   61.695   0.11575296972432551
23.4516   61.7114   0.11846387635055813
24.1549   62.9444   0.12723478298012747
25.5764   62.962   0.12935973098302186
26.2787   64.1955   0.13758869866381557
27.7001   64.2144   0.1391372703483925
28.4012   65.4486   0.14658011461313492
29.8225   65.4691   0.14734893959577705
30.5222   66.7042   0.15366850685810793
31.9433   66.7262   0.1537018542503595
32.6414   67.9623   0.15893423168090656
34.0623   67.9859   0.15820104298012905
34.7585   69.2231   0.16179035817996315
15.6298   60.4056   0.08917819240150529
17.0512   60.419   0.09331548638891925
17.7549   61.6519   0.10080719220373349
19.1763   61.6658   0.10483591941696921
19.8795   62.8989   0.11258325808041293
21.3009   62.9134   0.11639703604473532
22.0036   64.1468   0.12421437114923917
23.425   64.1623   0.1275152539894741
24.1267   65.3962   0.1349662550417713
25.548   65.4129   0.13754370214590633
26.2487   66.6474   0.14439463286424004
27.6699   66.6657   0.1461458860180517
28.3693   67.9009   0.1520682083803229
29.7903   67.9208   0.1530551861257869
30.4881   69.1571   0.15765893568079303
31.909   69.1787   0.15787628067571943
14.9026   61.6255   0.09069145494477368
15.6055   62.859   0.0970856323046807
17.0268   62.8713   0.10197534015633743
17.7293   64.1048   0.10901532002430084
19.1506   64.1176   0.11374572519440145
19.8525   65.3514   0.12066341616248488
21.2738   65.365   0.1250822929115127
21.975   66.5992   0.13177488379809799
23.3962   66.6139   0.1355647077966854
24.0964   67.8487   0.1416359770679776
25.5175   67.8647   0.14459716456418212
26.2164   69.1002   0.14985362858469548
27.6374   69.1178   0.15205410221364674
13.4564   64.0678   0.09280635754084471
14.8776   64.0786   0.09862672051731321
15.5793   65.3127   0.10453592683857175
17.0005   65.3239   0.11036439643291078
17.7017   66.5582   0.11636090408724396
19.1229   66.57   0.12179958949028188
19.8234   67.8046   0.12769643691192992
21.2445   67.8173   0.13263853135495723
21.9442   69.0524   0.1380490492542325
23.3652   69.0662   0.1424365823796772
43.502   52.1848   0.13305059188143534
44.9228   52.2088   0.13191906609736434
39.2315   52.1238   0.12719952830101117
40.6527   52.1478   0.1262787393031821
41.357   53.3812   0.1357295472621941
42.778   53.4057   0.1345141256522887
43.4808   54.6401   0.142806477444132
34.9566   52.0631   0.11746493093685832
36.3782   52.087   0.11703324314057115
37.0842   53.3191   0.12791938867896882
38.5056   53.3434   0.12720888333760705
39.2103   54.5764   0.13715294382549714
40.6315   54.6012   0.13608927217088485
41.3347   55.8351   0.14480997893791794
42.7556   55.8603   0.14342499782116178
30.6783   52.0033   0.10508401400784098
32.1002   52.0267   0.10510518540966735
32.8074   53.2577   0.11673324290877882
34.2292   53.2816   0.11649313284481974
34.9354   54.5133   0.12776184876558888
36.3569   54.5378   0.12701791212266564
37.0619   55.7703   0.13744093276750258
38.4833   55.7954   0.136520657777499
39.1868   57.0289   0.14576645704688204
40.608   57.0543   0.14454123978989528
41.3099   58.2889   0.15237965743497628
32.0791   54.4757   0.11521410503926777
32.7853   55.7072   0.12662566880376114
34.207   55.7314   0.12616275203085872
34.9121   56.9637   0.13688714329695434
36.3337   56.9885   0.13610000000000214
37.0374   58.2217   0.1457699900528203
38.4587   58.2472   0.14463540368803174
39.1608   59.4815   0.1527870086100263
40.5819   59.5075   0.15142324788486144
34.1829   58.1813   0.13508005034052606
34.8867   59.4143   0.14490538292278607
36.3081   59.4394   0.14401239529985224
37.0103   60.6734   0.15249475400813084
38.4315   60.6992   0.15119854496654264
39.1319   61.9344   0.1580857994887606
36.28   61.8905   0.1504380603437852
36.9803   63.1255   0.15744614952421107
38.4014   63.1515   0.15605736124899852
19.7922   70.2584   0.13349614226635984
21.2131   70.2702   0.1391701476610578
21.9111   71.5062   0.14314471698249237
23.332   71.5194   0.14800074324137988
24.0287   72.7561   0.1511080739073826
25.4495   72.7709   0.1550672757225078
26.1447   74.0085   0.15720502536497147
27.5653   74.0252   0.15990015634764088
28.259   75.2638   0.16106672530352356
29.6794   75.2824   0.16267430651458542
30.3715   76.522   0.16277545883824318
15.5212   70.2215   0.116760609796282
16.9421   70.2307   0.12413746412747759
17.6405   71.4665   0.12795292102958097
19.0613   71.4765   0.13485792523986415
19.7588   72.7128   0.13818057026948127
21.1796   72.7239   0.1444326140454471
21.8759   73.9609   0.14700914937513754
23.2965   73.9735   0.1522571837385639
23.9915   75.2112   0.15400704529338494
25.412   75.2255   0.15835709646239485
26.1054   76.4642   0.15903615941036633
27.5258   76.4805   0.16211196747926768
28.2177   77.7201   0.16197194201466333
29.638   77.7385   0.16375854176194982
11.2515   70.1896   0.09822570946549787
12.6722   70.197   0.10629962370582105
13.3707   71.4329   0.10976575057822084
14.7914   71.4406   0.11800567782949851
15.4892   72.6767   0.12115663415596169
16.9099   72.6851   0.1291970200894723
17.6068   73.9217   0.13180777670531613
19.0274   73.9309   0.13948867337530618
19.7233   75.1681   0.14147088039593309
21.1438   75.1786   0.14822907946823644
21.8384   76.4165   0.14953507949641923
23.2588   76.4285   0.15533689194779013
23.952   77.6673   0.15578934495016702
25.3723   77.6812   0.16042378252615433
26.0641   78.9208   0.16001443684868338
27.4842   78.9368   0.16332363576653527
28.1745   80.1774   0.16217163747091293
9.1024   71.4035   0.09056760789598339
10.5229   71.4096   0.09926248032363544
11.2206   72.646   0.1018164033935608
12.6412   72.6523   0.11090342645743911
13.3383   73.8889   0.11327969809281827
14.7588   73.8957   0.12227023349940629
15.4551   75.1326   0.12435389016834134
16.8756   75.1401   0.13305310969684253
17.571   76.3776   0.13446828622392337
18.9914   76.3861   0.14280175068955592
19.6856   77.6242   0.1435248410554758
21.1059   77.6341   0.15095115103899792
21.7988   78.873   0.15094638120869117
23.219   78.8846   0.1572067428579263
23.9105   80.1243   0.1565103830421494
25.3306   80.1378   0.16151956537831805
26.0208   81.3784   0.1601138969608884
27.4408   81.3941   0.1637589081546483
8.37422   72.6239   0.0913355949233312
9.07112   73.8607   0.09327423063205194
10.4915   73.8658   0.10263313305166537
11.1879   75.1028   0.10439985632174197
12.6082   75.1082   0.11415454436859267
13.3039   76.3455   0.11560056228237424
14.7242   76.3514   0.1253073421631822
15.419   77.5892   0.12627208717685168
16.8393   77.596   0.13565271836568793
17.533   78.8343   0.13607108436402054
18.9532   78.8422   0.14480645703834297
19.6458   80.0812   0.1444769185717961
21.0659   80.0906   0.15239435685090494
21.7572   81.3303   0.15146897372070142
23.1772   81.3416   0.15802341598636488
23.8673   82.5821   0.1565967432611632
25.2872   82.5954   0.16183661514008882
25.9761   83.8367   0.15989140064431528
6.92208   75.0769   0.08442344698009388
8.34229   75.0809   0.0937467738111542
9.03791   76.3183   0.094976102257365
10.4581   76.3225   0.10502142638528278
11.1531   77.5601   0.10590037771415195
12.5733   77.5647   0.11640833303505521
13.2675   78.8027   0.11686838751347123
14.6876   78.8079   0.1272478290581051
15.3809   80.0464   0.12719331743452023
16.8009   80.0526   0.13711269087871467
17.4931   81.2917   0.1365294473730815
18.9131   81.2992   0.14576079719869603
19.6042   82.539   0.1445290974164026
21.0242   82.548   0.15284155194187105
21.7141   83.7885   0.151182604819475
23.134   83.7995   0.15816510361012742
23.8228   85.0407   0.15608753954111265
25.2426   85.0539   0.16142973703751556
6.1935   76.2975   0.08473060604055647
6.88835   77.5352   0.08546808819670702
8.3084   77.5384   0.09524650334789392
9.0027   78.7763   0.0957598459689664
10.4227   78.7797   0.10635628801344787
11.1163   80.018   0.10649910797748216
12.5363   80.0219   0.11738811694545793
13.2291   81.2606   0.11702046829508077
14.649   81.2652   0.12796909783225094
15.3409   82.5044   0.12706478662477297
16.7608   82.5102   0.13749349075501754
17.4517   83.7499   0.1361483014951028
18.8715   83.7571   0.14570394641189702
19.5614   84.9975   0.14402964972532908
20.9811   85.0064   0.1524462528237432
21.67   86.2474   0.15040053191395963
23.0898   86.2584   0.15746329731084238
4.73911   78.7533   0.07673887932463207
6.15902   78.7556   0.08552096175792191
6.85263   79.9938   0.08566571134357762
8.27253   79.9963   0.0958967408205292
8.96555   81.2348   0.09572126670703966
10.3854   81.2375   0.10672403665529584
11.0777   82.4764   0.10616567241815916
12.4976   82.4797   0.11752548659759823
13.1891   83.719   0.11643517509756489
14.6089   83.7233   0.12770978819182263
15.2996   84.9631   0.12616758696274075
16.7193   84.9686   0.13693549576351963
17.4092   86.2089   0.1350995928935428
18.8289   86.2159   0.14490617654192192
4.00986   79.9739   0.07669607812658953
4.70283   81.2124   0.0767734876112862
6.12261   81.2141   0.08559471011692239
6.81511   82.4528   0.08527051072909667
8.23486   82.4546   0.0957737458805942
8.92681   83.6936   0.09497843176215857
10.3465   83.6959   0.10637960330816268
11.0378   84.9353   0.10515345928689238
12.4575   84.9383   0.11670754045905411
13.1482   86.1781   0.11524760301195104
14.5678   86.1822   0.1266308809098337
2.55321   82.4318   0.07012952944374024
3.97288   82.4328   0.07654299706700816
4.66495   83.6717   0.07622940443162667
6.0846   83.6729   0.0851078615640202
6.77626   84.912   0.08429272151259673
8.19589   84.9135   0.09485983554698404
8.88708   86.1529   0.09366628849270849
10.3067   86.155   0.10511950342347991
1.82325   83.6523   0.07009791437696469
2.51498   84.8914   0.06977492457896461
3.93457   84.892   0.07599687427783199
4.62605   86.1312   0.07534324720902484
6.04563   86.1321   0.08402165732714972
0.365131   86.1113   0.06744824748650062
1.78469   86.1118   0.06963480738826047
32.605   70.416   0.16120083746681022
34.0257   70.4393   0.16056117214320298
28.3349   70.3542   0.15622250158027406
29.7557   70.3736   0.1574086719339212
30.4515   71.611   0.16035654024703805
31.8722   71.6323   0.16071667617269866
32.5663   72.8707   0.16246171856779443
24.0637   70.302   0.14699619042682027
25.4846   70.3173   0.15047275500900054
26.1817   71.5539   0.15415566807613848
27.6025   71.571   0.15653849366848854
28.2981   72.8085   0.15920760032109757
29.7187   72.8275   0.16057428187602102
30.4126   74.066   0.16202249843771993
31.8331   74.0869   0.1624462988190283
99.4019   1.21474   0.14600621082680193
95.1429   1.12744   0.14606939480945566
96.5626   1.15598   0.14598436936878015
97.2469   2.40032   0.14597061348093596
98.6666   2.42962   0.14589699277229914
90.884   1.04476   0.14866035954483772
92.3038   1.07116   0.14754314623187553
92.9885   2.31524   0.1471134001374459
94.4082   2.34276   0.1464517084229503
95.0926   3.58706   0.1464395096959836
96.5123   3.61561   0.14607754789837166
97.1968   4.85988   0.14632846476335504
86.625   0.96724   0.15444330221799982
88.0448   0.991509   0.1528361289780674
88.7301   2.23517   0.1516091896950866
90.1498   2.26055   0.15007282398889013
90.8348   3.50454   0.1494215650433384
92.2544   3.53105   0.14811798810407872
92.9391   4.77527   0.1481600381344474
94.3587   4.80289   0.14715804972885557
95.0434   6.04714   0.14764472764037434
96.4631   6.07568   0.14681089060420638
82.3657   0.895513   0.1599544339147881
83.7855   0.917107   0.15943670195096368
84.4715   2.16034   0.15770857586066808
85.8912   2.18344   0.15642575363411404
86.5768   3.42699   0.15517538464588973
87.9965   3.45138   0.1534582109240189
88.6818   4.69523   0.15287030090897455
90.1014   4.72081   0.15105131578374537
90.7864   5.9649   0.15112285598148195
92.206   5.99161   0.14947939791155276
92.891   7.2358   0.15010018787463023
94.3106   7.26351   0.14860714148385157
94.9958   8.50758   0.1497350797241613
78.1062   0.831905   0.16092406410789012
79.5259   0.849629   0.16312249311790325
80.2126   2.09238   0.16117481192792063
81.6323   2.1122   0.16181422187187522
82.3186   3.3553   0.160239266411202
83.7382   3.37696   0.15971709238525444
84.4242   4.62037   0.15861821963444345
85.8438   4.64362   0.15718779373730213
86.5294   5.8873   0.15668165176561274
87.9491   5.91193   0.15480310849592066
88.6344   7.15586   0.15495935079884895
90.0541   7.1817   0.15286135679104942
90.7393   8.42578   0.15362977868890038
92.159   8.45267   0.15164192329299664
92.8443   9.69673   0.15291700363268926
94.264   9.72446   0.1511855826459714
75.2662   0.791629   0.16077096231596147
75.9536   2.03376   0.15872892112025636
77.3733   2.04926   0.16249019939676454
78.0602   3.29183   0.16068338464197465
79.4798   3.30961   0.16278591001680848
80.1663   4.55254   0.16133149878433659
81.586   4.57245   0.16198053000283866
82.2722   5.81568   0.16100538531366249
83.6918   5.8375   0.1604518560191818
84.3778   7.081   0.16004940362276085
85.7974   7.10448   0.15854658652900933
86.4832   8.34823   0.1587694621141028
87.9028   8.37313   0.1567654454910283
88.5884   9.61706   0.15756131155839606
90.0081   9.64314   0.15525875176620596
90.6937   10.8871   0.15671148649668362
92.1133   10.9141   0.154520742944115
92.7992   12.158   0.1562308868309961
73.8019   3.2385   0.15449569702745797
75.2214   3.25179   0.15987301085549221
75.9086   4.49413   0.15820782186731386
77.3282   4.50976   0.16185236359102373
78.0151   5.75247   0.16062022164098783
79.4346   5.77039   0.16260460048842548
80.1212   7.01342   0.16185383560484415
81.5408   7.03349   0.16232755650227923
82.2271   8.2768   0.16216124814517507
83.6467   8.29882   0.16140355665226672
84.3329   9.54239   0.1617647702684393
85.7525   9.5661   0.16017824446534917
86.4385   10.8099   0.16101534088402655
87.8581   10.835   0.1589725133474405
88.544   12.0789   0.16023398515920442
89.9636   12.1051   0.1580124995055809
90.6497   13.349   0.1596557859897372
92.0693   13.376   0.15755662474171608
73.0706   4.45732   0.1551409862028738
73.7583   5.69939   0.15371759821178585
75.1778   5.7129   0.15885098551787372
75.865   6.95536   0.15786513262909263
77.2845   6.97119   0.16123404386171244
77.9715   8.21399   0.16068105551059803
79.391   8.2321   0.16245622210306096
80.0777   9.47521   0.162392721819672
81.4973   9.49547   0.16273687351058702
82.1838   10.7389   0.1631587570435638
83.6034   10.7611   0.1622824697864817
84.2897   12.0047   0.16332406436285382
85.7093   12.0286   0.16162329658808425
86.3955   13.2724   0.16295229363222155
87.8152   13.2976   0.16074769049662554
88.5014   14.5415   0.162481198912368
89.921   14.5678   0.1601755911492089
90.6075   15.8116   0.16205998889300546
71.6091   6.90751   0.1473289190892271
73.0286   6.91908   0.1536797319102311
73.7163   8.16125   0.1530246372320457
75.1358   8.17506   0.15770307574679782
75.8232   9.41761   0.15740427217836286
77.2427   9.43369   0.1604323333994757
77.9298   10.6766   0.1606177138425257
79.3493   10.6949   0.16204385208949038
80.0362   11.9381   0.16262478285919574
81.4558   11.9585   0.16281222312836735
82.1425   13.202   0.1637455953606073
83.562   13.2244   0.1627814485744653
84.2486   14.4681   0.1641017367366974
85.6682   14.4921   0.162275506469711
86.3547   15.7359   0.163937671082641
87.7742   15.7612   0.1617584310012991
88.4609   17.005   0.16355589258721495
89.8805   17.0312   0.16135104585964616
70.8808   8.12813   0.14656786175693637
71.5691   9.36998   0.1461746452022369
72.9886   9.38197   0.15200369206042008
73.6765   10.6242   0.15202424148799357
75.0959   10.6384   0.15626935080174695
75.7836   11.881   0.15657665854143007
77.203   11.8974   0.15913849314354855
77.8904   13.1403   0.15996268314829046
79.3098   13.1589   0.1610648006238494
79.9969   14.4022   0.16209873534362015
81.4165   14.4228   0.16192896590789194
82.1034   15.6663   0.16332461541360366
83.5229   15.6888   0.16222999106206615
84.2097   16.9326   0.16379612327525106
85.6292   16.9566   0.16193986538218388
69.4233   10.5812   0.13758553703060444
70.8427   10.5916   0.1444112530241354
71.5313   11.8336   0.14461224014584897
72.9507   11.846   0.14987975180123655
73.6389   13.0883   0.15044926054985716
75.0583   13.1029   0.15419367691315988
75.7462   14.3456   0.1549455065498873
77.1656   14.3623   0.15719347950853593
77.8532   15.6053   0.15834730815520462
79.2727   15.6241   0.1590450879467839
79.96   16.8675   0.160517101892603
81.3795   16.8883   0.15995314939069324
68.6981   11.8037   0.13502892282767184
69.3874   13.0453   0.13550520285214318
70.8068   13.0563   0.14157559817991675
71.4957   14.2982   0.14245385217676718
72.9151   14.3112   0.1470386683835302
73.6036   15.5536   0.1480499240121398
75.023   15.5686   0.1511422177950293
75.7112   16.8114   0.1522214833720902
77.1306   16.8284   0.15401720683092868
67.2447   14.2589   0.12499815998646148
68.6641   14.2687   0.13177708450257744
69.3537   15.5103   0.13274867230974594
70.7732   15.522   0.13806273936149294
71.4624   16.764   0.13915243440199299
72.8818   16.7775   0.14314932762678392
66.5223   15.4829   0.12067137191562943
67.2127   16.7241   0.12187292562337192
68.6322   16.7347   0.12771961478176017
56.4252   32.6577   0.060784043958922986
57.8453   32.672   0.06040836034855151
58.5425   33.9103   0.062414100970855584
59.9625   33.9253   0.062234797340396615
55.7082   33.8837   0.05948184597001141
86.3161   18.2005   0.16361234672236433
87.7356   18.2257   0.16143277238528164
88.4228   19.4695   0.1631361088171531
82.0667   18.1319   0.16151956537832068
83.4861   18.1545   0.16022243912761475
84.1733   19.3983   0.16190917206878586
85.5927   19.4224   0.15989161954274442
86.2801   20.6662   0.1614938079308328
87.6995   20.6913   0.15935683229783665
77.8185   18.0715   0.15536106333312785
79.2379   18.0906   0.15571127126833162
79.9255   19.334   0.15729062273384295
81.3449   19.355   0.15650364213014936
82.0325   20.5987   0.15811925878905536
83.4518   20.6214   0.1566093547652805
84.1395   21.8652   0.15804568959639484
85.5588   21.8892   0.15608760360771912
86.2468   23.1329   0.1574681237584348
73.5706   18.0199   0.14445030287265437
74.99   18.0354   0.14691473717772738
75.6784   19.2782   0.1482887048969077
77.0978   19.2957   0.14951100293957983
77.7861   20.5388   0.15090685869105197
79.2054   20.5582   0.1509516810108463
79.8935   21.8017   0.15233702767220034
81.3128   21.8229   0.1513641965591621
82.0008   23.0666   0.15280094894993895
83.42   23.0893   0.15116143688123324
84.1083   24.333   0.15238940251868277
85.5275   24.3569   0.15040106382602225
69.3222   17.9763   0.1288841728064405
70.7416   17.9886   0.133570992359868
71.4311   19.2307   0.13483067158476908
72.8506   19.2448   0.13815578163797854
73.5397   20.4872   0.13948480203950414
74.9591   20.5032   0.1414290634912081
75.648   21.746   0.14282149698137336
77.0673   21.7639   0.14354166642477328
77.756   23.0071   0.14480949554500772
79.1752   23.0268   0.14455452258577087
79.8637   24.2703   0.1458215690493033
81.2829   24.2917   0.1446867651169308
81.9715   25.5354   0.1457581901643909
83.3907   25.5581   0.14394891454957903
84.0796   26.8017   0.1449350544209354
65.0724   17.9391   0.1103005893003311
66.4919   17.949   0.11630997377696924
67.1828   19.1901   0.11774502112616234
68.6023   19.2015   0.12269983700070515
69.2926   20.4431   0.12405712393893815
70.7121   20.4561   0.1279757398884608
71.402   21.6982   0.12919849070326103
72.8214   21.7129   0.1318807415811704
73.511   22.9553   0.1331093159775112
74.9304   22.9719   0.13448274982315922
75.6197   24.2147   0.13576590146278072
77.039   24.2331   0.13605715710685498
77.7281   25.4763   0.1370440440150582
79.1473   25.4964   0.13644438427432243
79.8363   26.7398   0.13747603427507651
81.2554   26.7614   0.1361343454092346
81.9446   28.0049   0.13692034180501356
83.3637   28.0276   0.1350832706148336
64.3521   19.1643   0.10455147057789627
65.0439   20.405   0.10599061279188997
66.4635   20.4157   0.11119842624785917
67.1547   21.6568   0.1125785947682797
68.5742   21.669   0.11673666947450491
69.265   22.9106   0.11804325478399871
70.6845   22.9243   0.1211832909274242
71.3749   24.1663   0.12234422748948923
72.7943   24.1818   0.12431335406946312
73.4844   25.4242   0.1252848753840628
74.9037   25.4413   0.12633942377579832
75.5935   26.6841   0.12722770924605384
77.0127   26.703   0.12710617608913075
77.7023   27.9462   0.12792103032730703
79.1214   27.9666   0.12704778628532462
79.811   29.21   0.12766448213970089
81.23   29.2317   0.1261656847165649
81.9199   30.475   0.1266009873579153
62.9053   21.6204   0.09437420198338257
64.3249   21.6307   0.09945803134991064
65.0171   22.8713   0.10091015806151551
66.4367   22.883   0.10515460046997462
67.1285   24.124   0.10635252700335811
68.548   24.1371   0.10973805174140674
69.2393   25.3786   0.11088971999243381
70.6588   25.3931   0.11332881363536786
71.3497   26.6351   0.1140898330264358
72.7691   26.6512   0.1156066174576606
73.4596   27.8936   0.11637125933838188
74.8789   27.9114   0.11687912559563218
75.5691   29.1542   0.11738198328533785
76.9883   29.1736   0.11698264828598248
77.6783   30.4167   0.1175117440939471
79.0974   30.4374   0.11643702160395779
79.7875   31.6806   0.11678480209342933
81.2065   31.7024   0.11520503461220995
62.1865   22.8463   0.08787809738495664
62.8797   24.0863   0.08948770865320019
64.2994   24.0976   0.09355009353282191
64.9921   25.3382   0.09476307297676775
66.4118   25.3507   0.09820229121563312
67.104   26.5917   0.09922217494089138
68.5236   26.6056   0.1019009813495437
69.2154   27.847   0.10265008524107772
70.6348   27.8624   0.10441446259977563
71.3263   29.1043   0.10501623683983675
72.7456   29.1212   0.10590967850012675
73.4366   30.3635   0.10637283487808986
74.8558   30.382   0.1064750205447261
75.5465   31.6247   0.1067225374510998
76.9655   31.6446   0.10617584471055244
77.6561   32.8876   0.10632191683750727
79.075   32.9086   0.1051810819491806
79.7657   34.1516   0.10514318808178245
60.7422   25.3014   0.07905510736189192
62.162   25.3126   0.08249739389823293
62.8558   26.5526   0.083824459437563
64.2755   26.5649   0.0869318123588868
64.9688   27.8053   0.08801641892283417
66.3884   27.8188   0.09062323101721945
67.0813   29.0597   0.09129348279039448
68.5008   29.0745   0.09329163949679889
69.1932   30.3158   0.09376075938258915
70.6125   30.3321   0.09492449631154602
71.3044   31.5739   0.09530671539823404
72.7236   31.5916   0.09574105702362186
73.4151   32.8339   0.0959284108072285
74.8342   32.853   0.09569555893562066
75.5252   34.0957   0.09574413820177172
76.9442   34.116   0.09497583903288775
60.0244   26.5275   0.07275836721642684
60.7193   27.7669   0.07415686077498418
62.1391   27.7792   0.07671121169685903
62.8335   29.019   0.07783630258433534
64.2532   29.0324   0.08002762023201852
64.9471   30.2727   0.0808204182122316
66.3667   30.2872   0.08269673512298183
67.06   31.528   0.08309398293498999
68.4795   31.5437   0.08447993844694804
69.1723   32.785   0.08471576004498994
70.5916   32.8021   0.08550374260814327
71.2839   34.0439   0.0855277732669367
72.703   34.0624   0.08563352147377859
58.5824   28.9808   0.06657724836609197
60.0024   28.9934   0.06811622420539813
60.6978   30.2325   0.06951208528018832
62.1177   30.246   0.07108312035919859
62.8126   31.4857   0.07199576376426657
64.2324   31.5001   0.07347679905929637
64.9267   32.7403   0.074080361770176
66.3463   32.7558   0.07518849646056357
67.0401   33.9965   0.07550986690493178
68.4595   34.0132   0.07631251535626749
57.8652   30.207   0.06192576200580973
58.5618   31.4455   0.06368461352634687
59.9818   31.4593   0.0642655428670784
60.6778   32.6983   0.06563482307434002
62.0977   32.7129   0.06635917419618907
62.7931   33.9524   0.06735799878262821
64.2128   33.968   0.06798065901416411
60.659   35.1642   0.06374998039215589
62.0788   35.1799   0.06370156983936903
62.7747   36.4193   0.06494143515507265
64.1943   36.4359   0.06496845388340727
64.8894   37.676   0.0657800121617514
66.3089   37.6936   0.06586486164867998
67.0031   38.9344   0.06634877542201104
68.4223   38.9529   0.06646307245380963
69.1157   40.1944   0.06680995434813884
70.5348   40.2139   0.06698999925362197
71.2273   41.456   0.06714543916008056
72.6463   41.4762   0.06729346179236284
73.3383   42.7187   0.06737143311523218
74.7572   42.7394   0.06745168641331528
56.4066   35.1214   0.06221647691729229
57.8267   35.1369   0.061346882561386665
58.5243   36.3751   0.0635978773230682
59.9443   36.3913   0.0628709789966738
60.6412   37.6301   0.0647502123548644
62.061   37.6469   0.06426865487934384
62.757   38.8864   0.06565950045499921
64.1766   38.9041   0.06535786104210883
64.8718   40.1442   0.06648022262297229
66.2912   40.1628   0.0663967619692422
66.9853   41.4037   0.06712510707626472
68.4045   41.4231   0.06724886616144454
69.0977   42.6648   0.0678210881658531
70.5167   42.6849   0.0681819624240904
71.2091   43.9272   0.06851788087791807
72.628   43.9479   0.06899050659329885
73.3199   45.1905   0.06921177645459195
54.2699   36.3313   0.06470077279291415
55.6901   36.3476   0.06320419289889169
56.3889   37.5851   0.06646277153414504
57.809   37.6018   0.06512249995201493
58.507   38.84   0.06790309271307292
59.9269   38.8573   0.0668769766063066
60.624   40.0961   0.06914694497951523
62.0437   40.1141   0.06836329424479563
62.7398   41.3536   0.07016701504268681
64.1593   41.3723   0.06967653837555612
64.8544   42.6127   0.0710665884927644
66.2737   42.6321   0.07107418659401488
66.9676   43.8733   0.07195151145042203
68.3867   43.8935   0.07237541018882505
69.0796   45.1354   0.07300150683376141
70.4986   45.1561   0.07370407044390599
71.1907   46.3986   0.07423860181873349
72.6096   46.4195   0.07493797435212876
53.5527   37.557   0.06710134126826758
54.2527   38.7938   0.07134409576131864
55.6729   38.8113   0.06977341900752627
56.372   40.0488   0.0734336435157616
57.792   40.0667   0.07199902777121822
58.4901   41.3049   0.07508208840995442
59.91   41.3233   0.07401141803802706
60.6071   42.5622   0.07659614872825028
62.0267   42.5813   0.07580408959944294
62.7227   43.821   0.07775950102721127
64.1421   43.8407   0.07747264033192337
64.8368   45.0813   0.07891381374639274
66.2561   45.1017   0.07920441906863661
66.9496   46.3432   0.08016046407051906
68.3686   46.364   0.0808253673050718
69.0611   47.6062   0.08157168626429444
70.4801   47.6274   0.08263715871204318
71.1718   48.87   0.08299662643746915
52.1155   40.0013   0.07728246890465947
53.5358   40.0195   0.07552913345193862
54.236   41.2563   0.08023683692668714
55.6561   41.275   0.07856258651546696
56.3553   42.5125   0.08257778151536814
57.7753   42.5316   0.08122056389855928
58.4734   43.7698   0.08456039261971524
59.8931   43.7894   0.08355417404295001
60.59   45.0285   0.08623717295923146
62.0096   45.0486   0.08567508389257436
62.7052   46.2886   0.08763024591999909
64.1245   46.3093   0.08769612306140255
64.8188   47.5502   0.08909236779881528
66.2379   47.5714   0.0896027343332797
66.9309   48.8132   0.09052866949204058
68.3499   48.8347   0.09159334036927311
69.0418   50.0772   0.09220292836997904
70.4608   50.0987   0.09340546022584165
51.3978   41.2264   0.08184528086578727
52.099   42.4625   0.08735834247511529
53.5193   42.4819   0.08572391731599756
54.2195   43.7188   0.09071499324808278
55.6395   43.7386   0.08914420900989456
56.3386   44.9762   0.09330691292717765
57.7585   44.9964   0.09211020573204404
58.4563   46.2349   0.09550465957219088
59.876   46.2555   0.09472301726613071
60.5725   47.495   0.09727985402949374
61.992   47.516   0.09707816438313682
62.6869   48.7565   0.09884816639675527
64.1062   48.778   0.09925447093204587
64.7998   50.0194   0.10042116310818981
66.2189   50.0412   0.10133883756981296
66.9112   51.2834   0.10202328165668892
68.3301   51.3054   0.10334461766342867
51.3813   43.6875   0.09282984433898683
52.0825   44.9237   0.09856906208339676
53.5027   44.9442   0.09713480323756235
54.2027   46.1812   0.1020537113484872
55.6227   46.2021   0.10073728207570624
56.3214   47.44   0.10477776481677543
57.7413   47.4612   0.10393815468826058
58.4386   48.7001   0.10710807625945211
59.8582   48.7217   0.10659441824035404
60.5539   49.9616   0.10878023717569239
61.9734   49.9836   0.10910999037668434
62.6676   51.2244   0.11050696810609086
64.0868   51.2468   0.11128328715489905
49.9443   46.1272   0.10605823871816904
51.3646   46.1484   0.104520859162182
52.0655   47.3848   0.11034074496758114
53.4856   47.4064   0.10892116415095883
54.1852   48.6437   0.1137109933119964
55.6052   48.6656   0.11264328652876211
56.3033   49.9039   0.1163859527606325
57.723   49.9261   0.11574757016888232
58.4196   51.1654   0.11853995107136284
59.8391   51.1879   0.1184083611912632
49.2252   47.3512   0.11119037728149318
49.9269   48.5869   0.11768725504489114
51.3472   48.6092   0.11640459612918976
52.0476   49.8459   0.12188465859163765
53.4677   49.8685   0.12071147418535147
54.1665   51.1062   0.12502515746840923
55.5864   51.1291   0.12415172169567347
47.7868   49.7876   0.1240434198174151
49.2073   49.8106   0.12273019188447512
49.9084   51.0466   0.12890314193223087
51.3286   51.0699   0.1276978856520339
47.0658   51.0104   0.12792220292037038
77.6352   35.3589   0.09486817169103999
79.0541   35.38   0.09366696322610066
73.3947   35.3047   0.08563118590794234
74.8138   35.3243   0.08528505144513913
75.5051   36.567   0.0851382992548041
76.9241   36.5876   0.08432188328067731
77.6154   37.8304   0.08405319744067503
69.1526   35.2545   0.07641164832667847
70.5719   35.2724   0.07679986979155932
71.2644   36.5143   0.07670677936141107
72.6834   36.5334   0.07678072674832034
73.3754   37.7758   0.07653835639730118
74.7943   37.7959   0.07620098424561231
75.4859   39.0386   0.07599019673615649
76.9048   39.0593   0.07536929082856438
64.9076   35.2081   0.06857470379082965
66.3271   35.2246   0.06914990961671703
67.0212   36.4653   0.06946063633454844
68.4406   36.483   0.06977169913367627
69.1339   37.7243   0.06993489829834888
70.553   37.7431   0.07010862999660132
71.2456   38.985   0.07019138123730201
72.6646   39.0048   0.07012510249546874
73.3567   40.2472   0.07007831333586938
74.7756   40.2676   0.06978395230996931
75.4673   41.5103   0.06965637085005509
36.9119   68.0319   0.16242949239594098
38.3327   68.0579   0.1609723578755098
39.0272   69.2963   0.1631660810340192
36.1793   69.248   0.16069103895363868
69.0214   52.5482   0.10368418394336353
64.7795   52.4886   0.11207180733797437
66.1986   52.5111   0.11335334137113479
66.89   53.7537   0.11367396359765373
68.309   53.7761   0.11530862933882481
60.534   52.4283   0.12022878191181997
61.9534   52.4512   0.12087555584154004
62.6466   53.6926   0.121894831719808
64.0658   53.7156   0.12300691037498543
64.7575   54.9579   0.12332355817117023
66.1766   54.981   0.12503703451377896
66.8672   56.2239   0.1248861881874801
56.2837   52.3678   0.12753583810051272
57.7034   52.3909   0.12717460438311287
58.3989   53.6308   0.12933128005243072
59.8184   53.6542   0.12964185280996204
60.5122   54.8951   0.130949379532701
61.9315   54.9188   0.13189408629654623
62.6237   56.1607   0.13244504520743813
64.0428   56.1844   0.13383280614258988
64.7336   57.4272   0.13387908723919587
66.1527   57.4506   0.13566528664326422
52.0282   52.3069   0.13270821376237094
53.4483   52.3305   0.13174099589725907
54.1462   53.5686   0.1355039113826649
55.566   53.5924   0.13498007260332998
56.2622   54.8317   0.1376081756292105
57.6818   54.8558   0.13759345914687085
58.3761   56.0962   0.13907875466799854
59.7956   56.1204   0.13980568657962264
60.4881   57.362   0.1404342550804494
61.9074   57.3863   0.14173489337492018
62.5984   58.6288   0.14166767450622014
64.0176   58.653   0.14344734225492164
64.7073   59.8962   0.14296286231046348
47.7676   52.2459   0.13482662941718923
49.188   52.2697   0.13349925093423404
49.8882   53.5062   0.13921731214184363
51.3084   53.5304   0.13808580665658424
52.0069   54.768   0.14238978193676718
53.4269   54.7924   0.14159085422441783
54.1236   56.0311   0.1446654416230811
55.5434   56.0558   0.1443929707430362
56.2382   57.2957   0.14614013822355346
57.6578   57.3205   0.14649904436548464
58.3508   58.5616   0.14732009367360274
59.7702   58.5865   0.148374559814008
60.4614   59.8287   0.14835464266412177
61.8808   59.8536   0.15006808454831333
62.5706   61.0965   0.14937315689239142
63.9898   61.1211   0.15143625721735457
45.6251   53.4437   0.139482256936146
47.0457   53.468   0.1381611378065447
47.7464   54.704   0.14436737858671578
49.1668   54.7287   0.14323438832906313
49.8658   55.9658   0.14802577478263812
51.286   55.9907   0.14705271163769906
51.9831   57.229   0.15040332443134322
53.4031   57.2542   0.14982756755684162
54.0983   58.4936   0.152040192054604
55.5181   58.519   0.15203772558151163
56.2114   59.7596   0.15300849649610676
57.631   59.7851   0.15365122843635132
58.3225   61.0268   0.15379977243156048
59.7419   61.0524   0.1551170525764338
60.4319   62.295   0.15451569499568638
61.8512   62.3204   0.15632549376221266
62.54   63.5638   0.15538432996927315
44.9015   54.6649   0.1414163710466367
45.6028   55.9003   0.14832602603724265
47.0233   55.9255   0.14692045466850354
47.7228   57.1621   0.15229405766476845
49.1431   57.1875   0.15113702392200165
49.8407   58.4253   0.15501890207326327
51.2608   58.451   0.15414035811558574
51.9564   59.69   0.15655979688285446
53.3763   59.7158   0.1562399116743245
54.0699   60.956   0.15739409137575597
55.4897   60.982   0.15769074164325564
56.1814   62.2233   0.15783285462792437
57.601   62.2494   0.1588910633106866
58.2911   63.4918   0.15825049762955057
59.7106   63.5178   0.15990356468822073
60.3993   64.7609   0.15871849293639628
61.8187   64.7866   0.16068630931102992
43.4572   57.0953   0.15089294218087548
44.878   57.1209   0.14953999465026305
45.5778   58.357   0.1553583277458967
46.9983   58.3828   0.15397775813408981
47.6962   59.6202   0.1583500868329427
49.1165   59.6463   0.1571866724630345
49.8124   60.8849   0.159961932971566
51.2325   60.9111   0.1591940011432615
51.9263   62.1509   0.16063654627761567
53.3462   62.1773   0.1603940460241648
54.0382   63.4183   0.16074389568503566
55.4579   63.4448   0.16117698346848727
56.1481   64.6868   0.16058835574225233
57.5677   64.7133   0.16184588348179163
58.2565   65.9562   0.16067115484741332
59.6761   65.9826   0.16251024583084028
60.3638   67.226   0.1608701961209732
42.7308   58.3148   0.15098387331102595
43.4309   59.5505   0.15729672596720334
44.8516   59.5767   0.15576485482932342
45.5497   60.8137   0.16040782399871042
46.9702   60.8401   0.15910040854755517
47.6663   62.0783   0.16214092635728758
49.0866   62.1049   0.16109708253100105
49.7806   63.3444   0.16261208442179445
51.2007   63.3711   0.16209003670799393
51.8928   64.6117   0.16242228911082274
53.3127   64.6386   0.16246707358723744
54.003   65.8803   0.16184007538308012
55.4228   65.9072   0.16256940056480887
56.1116   67.1498   0.16133734843488898
57.5313   67.1767   0.16276685780588332
58.219   68.42   0.16112957518718207
59.6386   68.4467   0.16308948463956865
41.2822   60.7429   0.1581473995992365
42.703   60.7693   0.15649118186019376
43.4013   62.0059   0.16148925660860386
44.822   62.0326   0.15997337278435367
45.5183   63.2704   0.16331950281580543
46.9387   63.2973   0.16201398087819113
47.6329   64.5365   0.16377777627016207
49.0531   64.5635   0.16272842406906438
49.7454   65.8038   0.1631442919626677
51.1655   65.831   0.16280030712501828
51.8559   67.0724   0.16213124313345417
53.2758   67.0997   0.16230120147429689
53.9648   68.342   0.1609981676914368
55.3846   68.3693   0.1620371253756345
40.5529   61.9607   0.15666058853457762
41.2513   63.1971   0.1618708435759825
42.6721   63.2239   0.16019747189016323
43.3685   64.4615   0.1637589081546364
44.789   64.4885   0.1621296086469147
45.4834   65.7274   0.16414368705497262
46.9038   65.7547   0.16280261054417666
47.5962   66.9947   0.1633070114845065
49.0164   67.0221   0.16235239450035482
49.707   68.2632   0.16179768230725827
51.1271   68.2908   0.1614502709814998
39.0999   64.3877   0.16143026358152393
40.5208   64.4143   0.15992873412867706
41.2173   65.6517   0.1636418345045082
42.6379   65.6788   0.1618740559818071
43.3324   66.9174   0.16394194094251643
44.7528   66.9448   0.1623076707983971
45.4454   68.1845   0.1629578166274948
46.8657   68.2121   0.1616306901550535
38.3685   65.6044   0.15932520202403522
39.0649   66.8416   0.16314199336774218
40.4857   66.8684   0.16146265822165132
41.1802   68.1069   0.16355280492856153
42.6007   68.1341   0.16174458259861815
31.7918   76.5427   0.16317407882381874
32.4823   77.7832   0.16230727032391626
33.9025   77.8056   0.16179694063857483
34.5918   79.0469   0.16020093632685614
36.0118   79.0707   0.15877499803180226
36.7001   80.3126   0.15679572698259367
38.1201   80.3376   0.15492753144615948
38.8075   81.58   0.1528514965579369
40.2274   81.6058   0.15111829803170915
40.9141   82.8486   0.14943908457963886
42.334   82.8752   0.14818184774121382
43.0199   84.1185   0.14714652561307823
44.4398   84.1461   0.14643414902269364
45.1249   85.3899   0.14607333774512216
46.5447   85.4184   0.14597979312219808
47.2292   86.6626   0.14590633982113563
48.649   86.6919   0.1460114379081322
30.3284   78.979   0.1628232784340102
31.7485   78.9994   0.16328864014377398
32.4376   80.2407   0.1616183467308057
33.8576   80.2628   0.16110592788597045
34.5457   81.5048   0.15897524964597343
35.9656   81.5284   0.157572237402403
36.6528   82.7708   0.15530515123460045
38.0727   82.7954   0.15364403665616178
38.7592   84.0383   0.1516916279825638
40.1791   84.0638   0.15012141752594996
40.8649   85.3071   0.14858687694409842
42.2847   85.3336   0.1476184609051341
42.9699   86.5773   0.1468315361221858
44.3896   86.6048   0.14636092374674406
29.5946   80.1955   0.16405325354896821
30.2836   81.4368   0.16236388145150485
31.7035   81.4569   0.16293188760951846
32.3915   82.699   0.16079518027602957
33.8114   82.7208   0.16026939820190322
34.4985   83.9634   0.1579218160989868
35.9183   83.9866   0.1567065410249402
36.6047   85.2296   0.15444724018253086
38.0245   85.2539   0.15286844016997106
38.7104   86.4972   0.15124711567497173
40.1301   86.5226   0.14972391258580356
28.1297   82.6354   0.1618898390881838
29.5496   82.6533   0.163974174795906
30.2375   83.8953   0.1617685074419571
31.6574   83.9152   0.16247766000284164
32.3444   85.1578   0.16016082542245474
33.7642   85.1794   0.15965766502113024
34.4507   86.4224   0.1574837769422668
35.8704   86.4455   0.1562052495916875
27.396   83.8522   0.16361665563139532
28.0839   85.0941   0.16143091401587234
29.5037   85.1119   0.16358105024726272
30.1908   86.3544   0.16131962062936023
31.6105   86.3742   0.16207532199566782
25.9306   86.2957   0.15934710540201377
27.3503   86.3111   0.16312553448189224
36.8737   70.4863   0.16276553689279383
38.2943   70.5124   0.16121147601830485
38.9869   71.7517   0.16182848945720377
40.4073   71.7786   0.1598998123826345
41.0985   73.0189   0.15943155271150297
34.72   71.6776   0.16261641983514072
36.1406   71.7023   0.16136477310739872
36.8331   72.9417   0.16200083333118964
38.2535   72.9676   0.16027011574214542
38.9446   74.2079   0.15971850237214374
40.3648   74.2347   0.15766159963669124
41.0547   75.4757   0.15645181366797717
42.4749   75.5031   0.1544614515016577
43.1637   76.7447   0.15286611789406065
33.9868   72.8937   0.16182923098130766
34.6792   74.1331   0.16234956113275914
36.0996   74.1576   0.16105862286757916
36.7905   75.398   0.1604282082428162
38.2107   75.4236   0.1586356202118572
38.9004   76.6647   0.15718295072939742
40.3206   76.6912   0.15520077319395387
41.0093   77.9329   0.15348752392295817
42.4294   77.9601   0.15162542662759573
43.1172   79.2023   0.15006578557419786
44.5372   79.2303   0.14861443402307875
45.2242   80.473   0.14753189485667612
32.5253   75.3265   0.16268365006969793
33.9456   75.3492   0.16212960864691525
34.6364   76.5896   0.16140885973204452
36.0566   76.6138   0.16007960519692185
36.7461   77.855   0.15858165089315818
38.1662   77.8803   0.15670178684366995
38.8547   79.1221   0.15478791942525721
40.2747   79.1483   0.15288953528610044
40.9624   80.3905   0.1510574394063425
42.3824   80.4175   0.14943670901087136
43.0692   81.6602   0.1481057392540865
44.4892   81.688   0.14712559260713373
45.1752   82.9312   0.14648604029053328
46.595   82.9599   0.14605098424865356
47.2802   84.2037   0.1459671880937646
56.0724   69.6123   0.16029332487661832
57.492   69.6395   0.16176149109104476
58.179   70.8831   0.15994330245434352
51.8162   69.5328   0.16006851657962015
53.2361   69.5605   0.16044030042355295
53.924   70.8033   0.15866511904007174
55.3438   70.8309   0.1597390997846179
56.0307   72.0743   0.15768912454573572
57.4504   72.1018   0.1593991844395716
47.5565   69.453   0.16099863353457383
48.9767   69.4808   0.1602315199952891
49.666   70.7225   0.15876240109043382
51.086   70.7505   0.1585138479754998
51.7741   71.993   0.15663291480400796
53.194   72.0211   0.15716093662230612
53.8811   73.2643   0.1551795411773141
55.3009   73.2922   0.1564223769158336
55.9872   74.5359   0.15440809564268423
43.2934   69.3737   0.16253255058602986
44.7137   69.4013   0.16076952447525814
45.4048   70.6419   0.16027442091612926
46.825   70.6698   0.15894156158790235
47.5146   71.9113   0.1575602107132407
48.9347   71.9395   0.15679751273537668
49.623   73.1817   0.15491833332436844
51.043   73.2102   0.15480135658320365
51.7303   74.453   0.15282820420328347
53.1502   74.4815   0.1534875564988898
53.8366   75.725   0.15160310023215212
55.2564   75.7532   0.1528533283903279
40.4477   69.3232   0.16131118994043983
41.1404   70.5626   0.16203221901831757
42.5608   70.59   0.16009937538916116
43.252   71.8304   0.15967360458135108
44.6722   71.8582   0.15795122664924163
45.362   73.0995   0.15665417326072364
46.7822   73.1277   0.15526805853104741
47.4708   74.3696   0.1536580619427451
48.8908   74.3983   0.1528678514273046
49.5785   75.6409   0.15115402740251543
50.9984   75.6697   0.15104029263742827
51.685   76.9129   0.14943523680846243
53.1048   76.9418   0.1500748479925957
53.7906   78.1855   0.14865591141962953
42.5188   73.0464   0.15754408906715137
43.2087   74.2874   0.15625248798019398
44.6288   74.3154   0.1544713241996736
45.3176   75.5572   0.15284835622276483
46.7377   75.5857   0.1516776516168396
47.4255   76.828   0.15010293135045533
48.8455   76.857   0.14946106516414595
49.5324   78.1   0.14817155597482654
50.9522   78.1292   0.1480908504938781
51.6381   79.3727   0.1471213444745535
53.0579   79.4018   0.14755056760311142
44.5838   76.7728   0.15119900793325358
45.2717   78.015   0.1497073812475575
46.6917   78.0436   0.1486011440063638
47.3787   79.2864   0.14762211893886418
48.7986   79.3156   0.14713143783706112
49.4846   80.559   0.14641519729864394
50.9044   80.5885   0.14645685371467115
51.5896   81.8324   0.1460723450896857
46.6442   80.5017   0.14683031022238013
47.3302   81.745   0.14631445588184297
48.7501   81.7743   0.14607289276248506
49.4352   83.0181   0.14598267020437927
50.855   83.0477   0.1459893831756282
48.7   84.233   0.14590609994102532
49.3845   85.4772   0.14601157488363942
