1.41976   0.0300177   0.1458454410977598
2.83951   0.0597442   0.14554795855692948
3.52366   1.30412   0.1454444553773023
4.94345   1.33308   0.1450843289263176
5.62824   2.57704   0.145095825232844
7.04808   2.60503   0.14520701945842743
7.73366   3.84851   0.14575090257010367
9.15356   3.87556   0.14635930479474138
9.83991   5.11857   0.14745309423677697
11.2599   5.14479   0.1484437253641932
11.947   6.38736   0.14986941015430685
13.3669   6.4127   0.15088833619600975
14.0549   7.6548   0.15215412613531012
15.4749   7.67902   0.15264288027942968
16.1639   8.92049   0.1534622914594968
17.5841   8.94323   0.15304931100792216
18.2744   10.1839   0.15312236936515733
19.6947   10.2048   0.1516754429695201
20.3865   11.4446   0.15084034606165397
21.8069   11.4635   0.14830866461538875
22.5004   12.7022   0.1464031761950539
23.921   12.7192   0.14283269933737247
24.616   13.9569   0.14002017711744177
26.0367   13.9721   0.13534234370661696
26.7331   15.209   0.13172763567300497
28.154   15.2227   0.12627442338019143
28.8516   16.459   0.12202708715690966
30.2725   16.4714   0.11579857512076634
30.9711   17.7072   0.11113136370980242
32.392   17.7188   0.10470238774736772
33.0913   18.9543   0.09988573471722884
34.5123   18.9654   0.09328033018809144
35.212   20.2007   0.08874085868414797
36.6329   20.2117   0.08244980291061912
37.3329   21.447   0.0785147119971777
38.7537   21.458   0.07263077859970801
39.4537   22.6934   0.06973973042678056
40.8745   22.7047   0.06468570166582474
41.5743   23.9405   0.06319469914478482
42.995   23.9522   0.059128757808701304
43.6944   25.1884   0.05903465084168797
45.115   25.2007   0.056058719214765886
45.8139   26.4374   0.05719055866137401
47.2344   26.4505   0.05515668590479266
47.9326   27.6876   0.05716231275937006
49.353   27.7015   0.05589141257831985
50.0506   28.9392   0.05817404919721613
51.4709   28.9538   0.057367150879226336
52.1678   30.192   0.059724869191987676
53.588   30.2073   0.05917457224180074
54.2842   31.4461   0.06126809936663541
56.3998   32.7016   0.06257994886543049
4.84276   6.24997   0.14553226618176368
5.52942   7.49288   0.14594451856784457
6.94944   7.52123   0.1467975715057982
7.63697   8.76361   0.14766161721991294
9.05705   8.79125   0.14896592664095928
9.74544   10.0331   0.14986228644992677
11.1656   10.06   0.1511870791436894
11.855   11.3013   0.151782838292081
13.2752   11.3274   0.1528794950279469
13.9659   12.5679   0.15252376863951397
15.3862   12.5927   0.15307227051298317
16.0784   13.8323   0.15162829551241414
17.499   13.8557   0.1513539560104078
18.1928   15.0942   0.14875486546664737
19.6135   15.1158   0.14770473926045932
20.3092   16.3533   0.14388585753992633
21.73   16.3731   0.1419155030290923
22.4273   17.6096   0.13697408514022047
23.8483   17.6276   0.134164749468705
24.5469   18.8633   0.12844703188474152
25.968   18.8798   0.12475888745897014
26.6678   20.1148   0.11840764333437204
28.089   20.1301   0.11419706651223627
28.7897   21.3647   0.10756807147104587
30.211   21.379   0.10287123018609315
30.9123   22.6133   0.09622858203257355
32.3336   22.6271   0.09145233731293924
33.0353   23.8612   0.0854141089047942
34.4565   23.8747   0.08065165838344505
35.1585   25.1088   0.07556440961193224
36.5796   25.1223   0.0711290376709818
37.2816   26.3567   0.06774503671856723
38.7026   26.3704   0.06380078369424731
39.4043   27.605   0.06223841257615749
40.8253   27.6192   0.05897211205307152
41.5267   28.8542   0.05944291379129942
42.9475   28.869   0.056763192299235314
43.6483   30.1046   0.05896253047487057
45.069   30.1201   0.05677340926877597
45.7693   31.3561   0.05992670523230897
47.1898   31.3723   0.05803395557774621
47.8894   32.609   0.06171871677214389
49.3098   32.6258   0.060042734781154405
50.0086   33.8631   0.06370722094080009
51.4288   33.8805   0.06205715107866286
52.1268   35.1184   0.0654878614706571
53.5469   35.1364   0.0640787796388152
54.2441   36.375   0.06715035368484681
55.664   36.3936   0.06590910407523197
56.3602   37.6328   0.06848941524060335
57.78   37.6521   0.06768168142119338
58.4751   38.8921   0.06974381693024535
59.8947   38.9121   0.06926442088114343
60.5887   40.153   0.07084673598691736
8.96651   13.7053   0.15266823539951
9.6574   14.9457   0.15219153590131057
11.0778   14.973   0.15353270010001155
11.7703   16.2125   0.15189068437530898
13.1909   16.2389   0.1527892993635356
13.8851   17.4773   0.14979038687445753
15.3058   17.5027   0.1503300701789233
16.0019   18.74   0.1458447805031081
17.4229   18.7639   0.14565205113557356
18.1208   20.0001   0.1398074032374542
19.5419   20.0225   0.13899392073036917
20.2414   21.2578   0.13212573557032808
21.6627   21.2786   0.13062698802314932
22.3636   22.513   0.12273605827139773
23.785   22.5325   0.12065305632266417
24.487   23.7663   0.11235537370326527
25.9084   23.7845   0.10970875079044502
26.6112   25.0178   0.10128306867389113
28.0327   25.035   0.09811325088896033
28.7361   26.2681   0.09014538257725618
30.1576   26.2846   0.08686224726542728
30.8614   27.5176   0.07988504240469547
32.2828   27.5337   0.07655644976094275
32.9867   28.7668   0.07121895815020039
34.408   28.7828   0.0682808172183085
35.1119   30.016   0.06519792941497435
36.5331   30.0322   0.06259249156248776
37.2367   31.2657   0.062230780165444005
38.6578   31.2823   0.060191527643015726
39.361   32.5162   0.0623244735236466
40.782   32.5334   0.06059282135698787
41.4847   33.7678   0.06463892016424429
42.9055   33.7856   0.06299730152951143
43.6075   35.0207   0.06812936224566031
45.0282   35.0391   0.06654569858375368
45.7294   36.2748   0.07200395822453097
47.1499   36.2938   0.07033015000694878
47.8503   37.5302   0.07562274790034962
49.2706   37.5498   0.07394808990095565
49.9701   38.7869   0.07886881512993789
51.3902   38.8069   0.07728680353074213
52.0886   40.0448   0.08156555645614239
53.5086   40.0653   0.080186345471037
13.116   21.1468   0.148239029948256
13.8143   22.3829   0.14190482726108972
15.2354   22.4085   0.142466592575242
15.9355   23.6435   0.13469825537103364
17.3569   23.668   0.13480215131814438
18.0586   24.9021   0.12594494829091035
19.4801   24.9254   0.1254528198168545
20.1831   26.1586   0.11577171502573545
21.6047   26.1807   0.11482882913275855
22.3088   27.4133   0.1048329623734816
23.7305   27.4343   0.1033416179474661
24.4353   28.6665   0.09361164457480486
25.857   28.6866   0.0919148519010929
26.5623   29.9185   0.08299789153948435
27.984   29.9378   0.0810349307397722
28.6896   31.1697   0.07393301021871088
30.1112   31.1885   0.07201347096203636
30.8169   32.4205   0.06741757930984837
32.2384   32.4391   0.06574450547384417
32.944   33.6713   0.06437926684888703
34.3654   33.6899   0.0630546588286709
35.0706   34.9224   0.06510752644663996
36.4919   34.9413   0.06407409773067492
37.1966   36.1743   0.06877826691622578
38.6178   36.1936   0.06780973381455094
39.3219   37.4271   0.07424028555979777
40.7429   37.4469   0.07321925976134996
41.4462   38.6811   0.08039291013516
42.867   38.7016   0.07917708001688246
43.5695   39.9365   0.08636579183913018
44.9901   39.9575   0.08500047058693226
17.3008   28.569   0.11872598704580385
18.0055   29.8013   0.10804600871850828
19.4273   29.8252   0.1077015320225298
20.133   31.057   0.09693740248221974
21.5549   31.0801   0.0962443764590962
22.2613   32.3114   0.08612392234449337
23.6831   32.3337   0.08520152580793515
24.39   33.5647   0.07655814783548538
25.8119   33.5865   0.07553866559583633
26.5189   34.8175   0.06958800183939857
27.9408   34.8387   0.06862171667919797
28.6479   36.0698   0.06614272446762261
30.0696   36.0908   0.06539785929218271
30.7765   37.3221   0.06695453681416774
32.1981   37.343   0.06643350058517117
32.9046   38.5747   0.07142457560251995
34.326   38.5957   0.07095864993078796
35.0319   39.8279   0.07818753097521335
36.4533   39.8493   0.07780006426732605
21.5108   35.9776   0.07870336714524971
22.2186   37.2082   0.07157185200901124
23.6406   37.2313   0.07122394260359263
24.3485   38.4617   0.06760783978208432
25.7705   38.4846   0.06722544161253192
26.4784   39.7151   0.06797676073482643
27.9003   39.7378   0.0677062774046831
31.2399   0.51299   0.12873041841383084
32.6596   0.520337   0.11862832985421262
33.349   1.76089   0.11984509334970675
34.7688   1.76678   0.10911827940359013
35.459   3.00684   0.11004418385357692
36.8788   3.01162   0.0991539152025782
37.5697   4.25125   0.09966424885584509
38.9895   4.25527   0.08918036162743426
39.6812   5.49454   0.0893384357373695
22.7185   0.41629   0.15196283083701723
24.1382   0.431936   0.14726680218229735
24.8258   1.67391   0.1489149693617127
26.2456   1.68727   0.1425757584584422
26.9341   2.92862   0.14402847947541486
28.354   2.93984   0.136327068478714
29.0436   4.18052   0.13738583951776012
30.4635   4.18987   0.12851856519585042
31.1542   5.42987   0.1291197463597257
32.5742   5.4377   0.11941038648291889
33.2659   6.67707   0.11953234875965524
34.686   6.68375   0.1093882667382562
35.3787   7.92259   0.10899775043550151
36.7988   7.92846   0.0988572612406398
37.4924   9.16688   0.09803881884233236
38.9125   9.17228   0.08832607146250775
39.6067   10.4104   0.08727399383550498
41.0268   10.4156   0.07851528513607975
41.7215   11.6536   0.07747212401890087
43.1417   11.6589   0.07035246975053644
43.8366   12.8968   0.06952467187984522
14.1983   0.280038   0.1507856627799872
15.6181   0.303473   0.15115332308950358
16.3042   1.54664   0.15281391461512903
17.724   1.56861   0.15242646883005576
18.4107   2.81136   0.1540885537604917
19.8305   2.83153   0.15250770341199152
20.5181   4.07374   0.15397279792223062
21.938   4.09184   0.15098451046382186
22.6266   5.33336   0.15210505218433734
24.0466   5.34927   0.1476179528377208
24.7365   6.59   0.14825851206591725
26.1566   6.60377   0.1424204114584703
26.8478   7.84366   0.1424211111457843
28.268   7.85552   0.13537020203870573
28.9606   9.09461   0.13473487150697075
30.3809   9.10487   0.1267342163742691
31.0747   10.3432   0.1254222468304555
32.4951   10.3523   0.11686171314848887
33.1899   11.5901   0.11500356516212697
34.6104   11.5982   0.10608246792000958
35.3061   12.8356   0.1039573470227075
36.7266   12.8432   0.0951142996609859
37.4229   14.0803   0.09270755093302681
38.8434   14.0876   0.0843204601505455
39.5402   15.3246   0.08208276311138595
40.9606   15.332   0.07463685416736186
41.6576   16.5689   0.07284016749019603
43.078   16.5766   0.06677881400564033
43.7749   17.8137   0.0657344658455513
45.1953   17.8218   0.06156216370466427
45.8919   19.0592   0.06150390231521855
47.3122   19.0679   0.05928988109281453
48.0084   20.3057   0.060150810468354014
5.67909   0.118306   0.14516371459703598
7.09886   0.146192   0.1450506571210208
7.78365   1.39015   0.14551568884487925
9.20345   1.41698   0.1458697504625272
9.88895   2.66051   0.1468524786988627
11.3088   2.6864   0.14763109733386023
11.995   3.92951   0.1490642307865967
13.4149   3.95448   0.14997900819781404
14.1018   5.19718   0.1515818841418724
15.5217   5.22105   0.1520347660898655
16.2094   6.46324   0.15341440903644016
17.6294   6.48567   0.1530432866871316
18.3182   7.72721   0.15395173951599236
19.7384   7.74784   0.15242194100587977
20.4285   8.98856   0.15264553711130818
21.8487   9.00715   0.14994263069587555
22.5404   10.2469   0.14928536431947936
23.9608   10.2635   0.14539219373817866
24.654   11.5023   0.1438219385212131
26.0745   11.5169   0.13880306192588096
26.7692   12.7549   0.1365101095157407
28.1898   12.7678   0.1304909192242885
28.8858   14.005   0.1274193470396081
30.3065   14.0167   0.12066499078025776
31.0035   15.2533   0.11708889785116341
32.4243   15.264   0.10996826815040536
33.1222   16.5002   0.10602367660102992
34.543   16.5102   0.09859563884878574
35.2415   17.7462   0.09475251975541432
36.6623   17.7559   0.08747176687365989
37.3611   18.9918   0.08397267412676757
38.7819   19.0015   0.07712412074053143
39.4808   20.2374   0.07423442597609368
40.9016   20.2473   0.06834186125647931
41.6004   21.4834   0.06643982239590854
43.0211   21.4937   0.06168281770477136
43.7197   22.7302   0.06100131146130968
45.1402   22.7411   0.05763167531835165
45.8383   23.978   0.05818814312211757
47.2588   23.9895   0.0560522970091323
47.9564   25.2269   0.05753129583105175
49.3767   25.2393   0.05657640851096819
50.0736   26.4772   0.058455624194768636
51.4939   26.4903   0.05820584163122974
52.1902   27.7288   0.060281091562777216
2.78781   2.5187   0.14544862495053054
3.47263   3.76269   0.14507790631243586
4.89249   3.79171   0.14511353692884757
5.57817   5.03516   0.14518335992805828
6.9981   5.06334   0.1456964230858123
7.68465   6.30626   0.1463966925855906
9.10464   6.33362   0.1473463080636902
9.79198   7.57607   0.14852462321110213
11.212   7.60267   0.1497225864724491
11.9002   8.84463   0.15081767270449445
13.3203   8.87036   0.1518759194210856
14.0095   10.1117   0.1525792908621624
15.4297   10.1363   0.15310222075463084
16.1202   11.3769   0.15294159015780906
17.5405   11.3999   0.15257489963948784
18.2325   12.6396   0.1514169409280197
19.653   12.6608   0.15013940189037747
20.3467   13.8995   0.14796965905211856
21.7673   13.9188   0.14567261238819063
22.4626   15.1564   0.1423228021084463
23.8834   15.1739   0.13918311679223122
24.5803   16.4106   0.13484550418905308
26.0012   16.4264   0.1307281148032041
26.6994   17.6623   0.1255829208132998
28.1204   17.6767   0.12080074503081392
28.8196   18.9121   0.11524447926039504
30.2407   18.9255   0.10985308370728498
30.9407   20.1605   0.10410614775314524
32.3618   20.1732   0.09851025327345495
33.0624   21.4079   0.09285580218812758
34.4835   21.4202   0.0871700063095098
35.1843   22.6549   0.08222657721199564
36.6054   22.6671   0.07685017891976488
37.3063   23.9019   0.07287454974131981
38.7273   23.9143   0.06810741516163818
39.4282   25.1493   0.06554403100206603
40.8491   25.162   0.06133139489690264
41.5497   26.3974   0.06058737492250194
42.9705   26.4107   0.05726622040959102
43.6706   27.6465   0.05809414772591142
45.0913   27.6604   0.05548342094716157
45.7909   28.8967   0.05762178407512243
47.2114   28.9114   0.05556986593469437
47.9103   30.1483   0.0583534917549931
49.3308   30.1637   0.05681777890766249
50.029   31.4011   0.05974378628778063
51.4493   31.4172   0.05845254485477859
52.1468   32.6552   0.06128670328872192
53.5669   32.6719   0.06010341088490576
54.2637   33.9105   0.06272120853427414
55.6837   33.9279   0.06176358150236901
56.3797   35.1672   0.06388247020896914
57.7995   35.1852   0.06327598280548234
58.4946   36.4252   0.06497514909563352
6.90228   9.97881   0.14860198013485462
7.59079   11.2207   0.14941829071435705
9.01097   11.2485   0.15085162378973516
9.70051   12.4897   0.1512782482711906
11.1208   12.5168   0.15260753585586723
11.8116   13.7573   0.15226339021577096
13.232   13.7836   0.15321076985643084
13.9243   15.0231   0.15170052735570755
15.3449   15.0482   0.15219609061996284
16.039   16.2867   0.14927722532255125
17.4597   16.3103   0.14908235978814005
18.1556   17.5477   0.14487035583582994
19.5765   17.5697   0.14398461723392797
20.2741   18.806   0.13853079080118
21.6952   18.8263   0.13680983151805853
22.3942   20.0618   0.130462063451411
23.8155   20.0805   0.12799921874761494
24.5158   21.3152   0.12087567993603932
25.9371   21.3325   0.11779685904131584
26.6385   22.5666   0.11010776539372612
28.0599   22.5828   0.10646990185024122
28.762   23.8166   0.09893796035900501
30.1833   23.832   0.09506113822167427
30.8859   25.0656   0.08800073863326405
32.3073   25.0806   0.08395153363697551
33.0102   26.3141   0.07785473652900009
34.4314   26.3289   0.074052413870177
35.1344   27.5625   0.0696052440553154
36.5556   27.5773   0.06605111656891169
37.2584   28.8112   0.06377805265136201
38.6795   28.8264   0.06085014379605032
39.382   30.0607   0.060930288034768645
40.803   30.0763   0.0584644336327641
41.5051   31.3111   0.06060115510450221
42.9259   31.3274   0.05854391514068742
43.6274   32.5626   0.06226548000296904
45.0481   32.5796   0.06031683015543739
45.7489   33.8155   0.06472565179277855
47.1694   33.8331   0.0629292459830877
47.8695   35.0696   0.0675399881551689
49.2899   35.0879   0.065858940167604
49.9891   36.325   0.07021232085610163
51.4093   36.3438   0.06850182479321142
52.1076   37.5816   0.0724191963501385
53.5276   37.6009   0.07093165724836598
54.225   38.8395   0.07440020161263179
55.6448   38.8592   0.07324377106621346
56.341   40.0986   0.07604110730388017
57.7607   40.119   0.07526891788779938
11.037   17.4283   0.1533890152520706
11.7313   18.6668   0.15031170945738043
13.1521   18.6933   0.1512486032993362
13.8483   19.9306   0.146583832669227
15.2693   19.9561   0.1470413887312011
15.9674   21.1922   0.1409436057435754
17.3886   21.2164   0.1408825752178019
18.0885   22.4515   0.1334616424295774
19.5098   22.4744   0.13279506767948843
20.2111   23.7086   0.12446513568063877
21.6326   23.7301   0.12320722381418966
22.3351   24.9635   0.11416036965602239
23.7567   24.9838   0.11236307222570935
24.4602   26.2167   0.10312332422880789
25.8818   26.2358   0.10088319979065143
26.5859   27.4684   0.09202336659783726
28.0075   27.4867   0.089437184660521
28.7121   28.7191   0.08151693075674642
30.1337   28.7368   0.07887490095080828
30.8385   29.9692   0.07263208657336055
32.2599   29.9866   0.07018910171814319
32.9647   31.2191   0.06633279731776631
34.3861   31.2365   0.06425854028843063
35.0907   32.4693   0.06341048809147952
36.512   32.4868   0.06168119648645097
37.2162   33.7201   0.06385131165449842
38.6374   33.738   0.06238437304325528
39.3411   34.9717   0.0668690511372757
40.7621   34.9903   0.06554952326294838
41.4652   36.2245   0.07138101988624408
42.886   36.2437   0.0700401313533905
43.5884   37.4786   0.07638540436497165
45.009   37.4984   0.07493583922263179
45.7105   38.734   0.08123355218135213
47.1309   38.7544   0.07962468210297405
47.8314   39.9908   0.08546742069350369
49.2517   40.0116   0.08389815254223382
15.2043   24.8601   0.13623575154855505
15.9062   26.0941   0.1271428330658083
17.3277   26.1188   0.12729544375192609
18.031   27.3519   0.11732557266001277
19.4527   27.3756   0.1169242917447002
20.1571   28.608   0.10646938527107216
21.5789   28.6307   0.10569716174051268
22.2842   29.8626   0.09532659649856538
23.706   29.8843   0.09417605852869522
24.412   31.1158   0.08448070785688351
25.8338   31.1368   0.0831909850885302
26.5401   32.3682   0.07524752487623917
27.9619   32.3885   0.07376889588437707
28.6683   33.6199   0.06846444332644577
30.09   33.6399   0.06717105031187197
30.7964   34.8715   0.06535633098636853
32.2179   34.8912   0.06423807282289783
32.924   36.1231   0.06617091506092401
34.3455   36.143   0.06533796752272025
35.0511   37.3753   0.07023538993983232
36.4724   37.3954   0.06963167382736254
37.1775   38.6283   0.0765216309287806
38.5986   38.6488   0.07579426099646205
39.3029   39.8823   0.0836553644424567
40.7239   39.9034   0.08285197643991461
19.4037   32.2744   0.0979962244170637
20.1103   33.5056   0.08754581657623774
21.5323   33.529   0.08696418803162619
22.2395   34.7598   0.07789480085345951
23.6614   34.7827   0.07722473696944389
24.369   36.0133   0.070649628449128
25.7909   36.0357   0.06995455667788891
26.4985   37.2664   0.06692099819936771
27.9204   37.2885   0.0663921682128234
28.6279   38.5193   0.06752310715599541
30.0497   38.5413   0.0671842987609449
30.7568   39.7724   0.07206170966609071
32.1785   39.7944   0.07183543693749005
23.6202   39.6796   0.06785970822218385
35.501   0.547856   0.10922123497287445
36.9206   0.552459   0.0982697411464995
37.6107   1.79251   0.09920702646486236
26.979   0.469748   0.14355390396641918
28.3988   0.480875   0.1357567029652674
29.0873   1.7221   0.13722724255773663
30.5071   1.73125   0.12815812147499622
31.1966   2.97187   0.12938803808698837
32.6164   2.97935   0.11934974486776234
33.3068   4.21939   0.12015716416427209
34.7267   4.22556   0.1096338401224725
35.418   5.46507   0.10998701923408917
36.8379   5.47029   0.0994055536677911
37.5301   6.70936   0.09927182329342013
38.9501   6.71397   0.08912733363003819
39.643   7.9527   0.08865908639276639
41.0629   7.95701   0.07951929074130451
41.7564   9.19551   0.07890228703909671
18.4583   0.352401   0.15381980431986017
19.878   0.372472   0.1521854533948622
20.5648   1.61513   0.15383143664413948
21.9845   1.6331   0.15075140762195247
22.6721   2.87522   0.15233544695834886
24.092   2.89094   0.1476730496739332
24.7805   4.13239   0.14897962948000604
26.2005   4.1459   0.14282002975773345
26.8902   5.3866   0.14370278911698195
28.3102   5.39807   0.13623949500787164
29.0011   6.63802   0.13661358497601817
30.4213   6.64776   0.1280719313510964
31.1134   7.88699   0.12785388378926968
32.5336   7.89535   0.11867123535212773
33.2269   9.13396   0.11780657197287378
34.6471   9.14131   0.10823460629576753
35.3414   10.3794   0.10698714876096065
36.7617   10.3861   0.09735635572473096
37.4566   11.6238   0.09581659563979227
38.8769   11.6302   0.08677655213247508
39.5725   12.8677   0.08509618087787418
40.9928   12.8739   0.07691475801171142
41.6886   14.1114   0.07542121717394834
43.1089   14.1178   0.06881540525202284
43.8049   15.3553   0.06786994916750509
45.2251   15.3621   0.06326539338374466
45.921   16.5999   0.06308034559195137
9.93861   0.201749   0.14663033702477796
11.3584   0.227481   0.14741261957173177
12.0439   1.47103   0.1486694238907241
13.4636   1.49575   0.14944620737911032
14.1497   2.73892   0.15106968061129894
15.5696   2.76251   0.15147645889708325
16.2563   4.00527   0.15320236323242517
17.6762   4.02742   0.15275172666781836
18.3638   5.26966   0.1542335855123651
19.7838   5.29003   0.15262792961971225
20.4725   6.53158   0.15367985586927121
21.8925   6.5499   0.1507947880399046
22.5825   7.79064   0.1511708450727185
24.0027   7.80681   0.14694186775728582
24.6942   9.04666   0.14658534749421487
26.1145   9.06079   0.14109002126302206
26.8074   10.2998   0.14009075629747939
28.2278   10.3121   0.133524454689019
28.9221   11.5503   0.13166248516566834
30.3426   11.5612   0.12435533764177571
31.038   12.7987   0.12193006192075838
32.4586   12.8085   0.1140174548040792
33.155   14.0454   0.11101481883064
34.5757   14.0545   0.10291525640059411
35.2728   15.2911   0.09975038847042147
36.6935   15.2998   0.09174181162370733
37.3911   16.5362   0.08872525007008962
38.8118   16.5447   0.08109747221707952
39.5097   17.7811   0.07837244413695124
40.9303   17.7897   0.07171080811146778
41.6282   19.0263   0.06979684806636911
43.0487   19.0352   0.06438641160990484
43.7465   20.272   0.06337546844008381
45.167   20.2814   0.05953771913669521
45.8644   21.5186   0.05969790616093581
47.2848   21.5287   0.057557710169881565
47.9816   22.7663   0.05868270614073513
49.4019   22.7771   0.05808166664275426
50.0982   24.0153   0.05972671094242577
54.2058   41.304   0.08382893295277342
55.6256   41.3249   0.08283658611990316
56.3216   42.5645   0.0857374480609239
57.7411   42.5859   0.08515885156576877
58.4357   43.8265   0.08738111924208493
59.855   43.8485   0.08739456504840491
60.5482   45.09   0.08898780815370265
61.9673   45.1125   0.08955942161492711
62.6592   46.3549   0.09065561207117698
64.0782   46.3776   0.09155031403550458
64.769   47.6206   0.09211112853504921
45.6916   41.1932   0.09183991506964843
47.112   41.2147   0.09031201470458024
47.8124   42.4512   0.09641587006297028
49.2327   42.4732   0.0950116308669635
49.9318   43.7106   0.10024889026817412
51.3519   43.7329   0.09899828281338961
52.0496   44.9712   0.10331287431873946
53.4695   44.9939   0.10240781220199537
54.1657   46.2333   0.10577792775432855
55.5854   46.2563   0.10534922875844788
56.28   47.4967   0.10778362584363098
57.6994   47.5201   0.10792974566818464
58.3924   48.7616   0.10959854013626344
59.8116   48.7852   0.1102582876703571
60.5031   50.0277   0.11124212331666491
61.9222   50.0514   0.11238834459141528
62.6124   51.2946   0.1127738001487937
64.0315   51.3181   0.11410841336202929
64.7209   52.5616   0.11395191968545101
66.14   52.5844   0.1150734548017085
66.829   53.828   0.11461710169080248
68.2481   53.8496   0.11514621140097786
68.9372   55.0931   0.11458005934716621
37.1584   41.0821   0.08619825984322346
38.5795   41.1038   0.08563842595471116
39.2838   42.3373   0.09435025172197346
40.7048   42.3596   0.09360523489634484
41.408   43.5939   0.1019522927648019
42.8288   43.6167   0.10097054025803878
43.5309   44.8519   0.10865840970674971
44.9514   44.8752   0.10745855014841671
45.6522   46.1113   0.11425414653306683
47.0725   46.135   0.11300880496668972
47.7719   47.372   0.11871482636975478
49.192   47.3961   0.11761849344384435
49.8897   48.6342   0.12211044181395855
51.3097   48.6585   0.12143269740889108
52.0056   49.8978   0.12471138680970778
53.4254   49.9224   0.12452513802441702
54.1195   51.1628   0.12669135724271313
55.5391   51.1876   0.12707206616719
56.2314   52.4291   0.12835626202098735
57.6508   52.4541   0.12927729885791797
58.3415   53.6967   0.12981868124426738
59.7608   53.7216   0.13125444754369872
60.4502   54.9649   0.13116024550144867
61.8693   54.9895   0.13262971009544172
62.5579   56.2333   0.13213054151103382
63.977   56.2571   0.13352213299674187
64.6651   57.501   0.1326038838043597
66.0844   57.5235   0.1334817590534388
66.7724   58.7673   0.13238859467492128
68.1917   58.7881   0.1324216749629723
68.8798   60.0316   0.13120872684391324
70.2991   60.0507   0.13025256235482968
70.9875   61.2938   0.12903600272791627
72.4069   61.311   0.12702263577803835
73.0955   62.5537   0.12570449474859582
28.608   40.9686   0.07244107950603725
30.0298   40.9913   0.0722580791330636
30.737   42.2225   0.0799555501513173
32.1587   42.2454   0.07974170803287312
32.8653   43.477   0.08909971941594241
34.2868   43.5001   0.08876564650809193
34.9925   44.7324   0.09876532792432628
36.4138   44.7559   0.0982090118064518
37.1185   45.989   0.108105781529015
38.5396   46.0129   0.10728751092275654
39.2431   47.2468   0.11659082296647201
40.664   47.2712   0.11553791585449666
41.3661   48.5061   0.12383287124184632
42.7868   48.5309   0.12261150027628011
43.4874   49.7668   0.12974636796458267
44.9078   49.792   0.1284363266369793
45.6067   51.029   0.13428466033020992
47.027   51.0545   0.13315438408103716
47.724   52.2927   0.13755057251789152
49.1441   52.3184   0.13677532672233106
49.8392   53.5578   0.13986743723969444
51.2591   53.5837   0.13951953268270018
51.9522   54.8243   0.14141294141626387
53.3719   54.8504   0.14166873331825572
54.0632   56.0921   0.14251645519027092
55.4827   56.1183   0.14338845839188058
56.1724   57.361   0.14352289016042047
57.5918   57.3871   0.14489834367583188
58.2802   58.6306   0.14442330144405321
59.6996   58.6563   0.14604721839185775
60.3872   59.9002   0.14518140376783722
61.8065   59.9252   0.14669631897222016
62.4937   61.1693   0.14546989379249375
63.9131   61.193   0.14656701538886477
64.6002   62.437   0.145291465681919
66.0196   62.4591   0.14559344078631675
66.7067   63.7028   0.1441668477840863
68.1262   63.7231   0.14355828084788644
68.8135   64.9665   0.14230260011679782
70.233   64.9847   0.14043550120963105
70.9206   66.2278   0.13934941693455116
72.34   66.244   0.13605579737740542
73.028   67.4867   0.1351634565997757
74.4474   67.5007   0.1304130361581964
75.1357   68.743   0.12966456724949807
76.5552   68.7551   0.12355124442917967
77.2439   69.997   0.12303158131146497
25.73   43.3816   0.07196096163893248
26.4377   44.6122   0.07918282642088496
27.8597   44.6357   0.0794602416306418
28.567   45.8667   0.08894177870944416
29.9888   45.8906   0.0889688709605798
30.6954   47.122   0.09953481802866698
32.1171   47.1464   0.09938858083300857
32.8227   48.3785   0.11013273809362728
34.2442   48.4032   0.10963836007529694
34.9486   49.6362   0.11988819791789242
36.37   49.6614   0.11923426520929298
37.073   50.8953   0.12858211384170032
38.4941   50.9209   0.12758546155421038
39.1956   52.1558   0.1357818102692685
40.6164   52.1818   0.13458097933957833
41.3161   53.4179   0.14134139521031863
42.7367   53.4442   0.14006084392148951
43.4345   54.6815   0.14535353452874641
44.8549   54.7081   0.1442393150288792
45.5507   55.9467   0.1479910132406666
46.9709   55.9734   0.1471621554612463
47.6646   57.2132   0.1495041805435532
49.0846   57.2401   0.14909446669813128
49.7763   58.4811   0.150163743959715
51.1962   58.5081   0.1503936833779901
51.8861   59.7502   0.1505386661293381
53.3058   59.7773   0.15136991114484669
53.9943   61.0202   0.15080934984277686
55.4139   61.0473   0.15217739648186562
56.1014   62.2909   0.15127593992436508
57.5209   62.3177   0.15292458925888786
58.2076   63.5616   0.15163752833649038
59.6272   63.5877   0.15329615128893442
60.3136   64.8318   0.15190447656340256
61.7331   64.8569   0.1533321557925794
62.4195   66.1009   0.151944035750008
63.839   66.1245   0.1526435717611405
64.5255   67.3683   0.15139118204175364
65.945   67.3902   0.15132422145842303
66.6316   68.6337   0.1502643004841837
68.0511   68.6535   0.14886739065355833
68.7379   69.8968   0.14819784074000378
70.1574   69.9144   0.14544015951585706
70.8445   71.1573   0.14506367567382697
72.264   71.1726   0.14060366282569192
72.9514   72.4152   0.14064177899899197
74.3708   72.4283   0.13472772543169445
75.0586   73.6705   0.13508560248968685
76.478   73.6815   0.12765257537550412
77.1662   74.9232   0.12813278269044995
78.5857   74.9322   0.11943793367268296
79.2742   76.1735   0.12020890150067638
80.6937   76.1807   0.11042866475694028
81.3828   77.4216   0.11137050776574493
29.9435   50.7893   0.10860561679766077
30.6483   52.0217   0.11942231784720783
32.0699   52.0468   0.11910184717291183
32.7733   53.28   0.1291458477845866
34.1947   53.3057   0.1283723879967922
34.8967   54.54   0.1374454073441552
36.3179   54.5663   0.13639758062370477
37.018   55.8017   0.14395749372644726
38.439   55.8284   0.14268892739101818
39.1372   57.065   0.14871307945167273
40.5579   57.0921   0.14727579570315807
41.2541   58.33   0.1517556918207677
42.6746   58.3573   0.15040282577132702
43.3687   59.5964   0.1532873119341537
44.789   59.624   0.1521121296938581
45.4811   60.8643   0.15361051396307068
46.9013   60.892   0.15293377651781234
47.5916   62.1334   0.15332703610257517
49.0115   62.1612   0.1530835719468284
49.7003   63.4036   0.15268195702177834
51.1201   63.4315   0.15310450679193083
51.8076   64.6746   0.15208329954337593
53.2273   64.7024   0.15308967959989966
53.9139   65.9461   0.1518629316192745
55.3336   65.9737   0.1533134045020144
56.0197   67.2177   0.15191000625370094
57.4393   67.2447   0.1536183582779107
58.1251   68.4888   0.1523020026132271
59.5447   68.515   0.15381888700676458
60.2304   69.7591   0.15273814192925572
61.6501   69.784   0.15392364990475163
62.3359   71.0279   0.1530972893293702
63.7555   71.0512   0.1534868724028124
64.4415   72.2949   0.15308484575554432
65.8611   72.3163   0.1523592137023548
66.5473   73.5597   0.15241082638711634
67.9669   73.5791   0.15047478194035863
68.6533   74.8222   0.15086023332872847
70.0728   74.8393   0.14733492457662686
70.7595   76.0821   0.14824513482741497
72.1791   76.0968   0.14306393675556822
72.8662   77.3392   0.14430446978525222
74.2857   77.3516   0.1373435473548014
74.9733   78.5936   0.13882903154599488
76.3928   78.6038   0.13051536308036665
77.0809   79.8453   0.13202442955755656
78.5005   79.8535   0.12239387239563777
79.1893   81.0945   0.12380525029254677
80.6089   81.1011   0.1133879623240497
34.1355   58.209   0.14230857317814422
34.8338   59.4452   0.14856894022641298
36.2547   59.472   0.14751071147546774
36.9511   60.7094   0.1521738808074476
38.3718   60.7368   0.1509168645314373
39.0661   61.9754   0.15395746165743301
40.4866   62.0032   0.1525805361112658
41.179   63.243   0.15417983006865718
42.5994   63.271   0.15298369194133443
43.29   64.5119   0.15323178521442601
44.7102   64.5401   0.15232606474271052
45.3994   65.7819   0.15183286864180623
46.8194   65.8104   0.15133426578273762
47.5073   67.053   0.150280371306434
48.9273   67.0817   0.1505095345817017
49.6141   68.3249   0.14911985112653425
51.0339   68.3535   0.14984488646597313
51.72   69.5973   0.14848616097131795
53.1397   69.6256   0.14964815401467538
53.8251   70.8697   0.14832117178609083
55.2448   70.8975   0.1498562644669836
55.9299   72.1417   0.14878151766936923
57.3496   72.1686   0.150348727962695
58.0347   73.4128   0.1497048095419782
59.4543   73.4386   0.1510685605941858
60.1395   74.6826   0.1508329871082576
61.5592   74.7071   0.1518593428143231
62.2447   75.9509   0.15214088865259204
63.6643   75.9738   0.15233811079306514
64.35   77.2173   0.15308958161807512
65.7697   77.2384   0.1521696750341531
66.4557   78.4816   0.15335220898311278
67.8754   78.5007   0.1511101584937217
68.5618   79.7436   0.15261811819046942
69.9815   79.7604   0.1486619319126509
70.6685   81.0028   0.15028509573472937
72.0882   81.0173   0.14484108533148124
38.2929   65.6473   0.15222788837791743
38.9838   66.8877   0.15275342876675574
40.4041   66.9159   0.15125640482306923
41.0936   68.1572   0.1508414399294834
42.5138   68.1857   0.1496171781581263
43.2022   69.4278   0.14878998622218953
44.6223   69.4567   0.14802276851889942
45.3097   70.6994   0.14711101250416142
46.7296   70.7288   0.14677894944439088
47.416   71.9721   0.1459646875103669
48.8358   72.0015   0.14616415429235843
49.5214   73.2454   0.14544425048794313
50.9411   73.2746   0.14592330177185756
51.6259   74.5188   0.14538617540880905
53.0456   74.5474   0.14609000650283926
53.73   75.7918   0.14563148697997816
55.1497   75.8193   0.14647122584316435
55.8341   77.0637   0.14645183508580312
57.2538   77.0901   0.14728750795638143
57.9385   78.3343   0.14779404588819023
59.3582   78.3595   0.14868318667555908
60.0434   79.6034   0.1497183355504559
61.4631   79.6274   0.15031663247957622
62.1487   80.8709   0.15172267464027947
63.5685   80.8936   0.15181702803046185
42.4214   73.1011   0.14579002023458107
43.1081   74.344   0.14545150394547576
44.528   74.3734   0.14514833791676746
45.2137   75.6169   0.14513204332606938
46.6336   75.6468   0.1451274612194409
47.3184   76.8909   0.14526923280584775
48.7381   76.9207   0.14522041867451038
49.4223   78.1652   0.14532370763230432
50.842   78.1946   0.14522954244918404
51.526   79.4391   0.14522868174021186
52.9457   79.4675   0.14502517022916978
53.63   80.7119   0.14519356046326465
55.0497   80.7392   0.14538060393326346
46.5314   80.5647   0.1459106918632073
58.4557   41.3592   0.07748393381856711
59.8751   41.3802   0.07726130985170089
60.5688   42.6214   0.07888098630215175
61.988   42.643   0.07912281592562354
62.6805   43.8851   0.08037636468514864
49.9512   41.2488   0.08919646853995987
51.3713   41.27   0.08770963459050332
52.0695   42.508   0.0921526451058233
53.4894   42.5296   0.09092909325403103
54.1863   43.7686   0.09457150733704288
55.606   43.7906   0.09380005330488884
56.3014   45.0305   0.09662406532536326
57.7209   45.053   0.09639175275924658
58.4148   46.294   0.0984385087249885
59.8341   46.3169   0.09878076735883051
60.5264   47.5588   0.10006562846452238
61.9456   47.582   0.1009576643945336
62.6366   48.8248   0.10172998574658403
64.0556   48.8479   0.1027738293535833
64.7458   50.0912   0.10314518893288739
66.1648   50.114   0.10425046762484827
66.8544   51.3575   0.10420839697452176
41.4273   41.1376   0.09081431605204424
42.8481   41.1593   0.08976530510169531
43.5505   42.3943   0.09741421867468829
44.9711   42.4165   0.09613890991684862
45.6724   43.6523   0.10312288785716144
47.0928   43.6749   0.1017051621108751
47.7928   44.9117   0.10781957150721774
49.213   44.9347   0.10646713107809316
49.9115   46.1724   0.11148869897886185
51.3316   46.1958   0.11051456917528947
52.0286   47.4345   0.11447222370513885
53.4484   47.4582   0.11385170178789376
54.1437   48.698   0.116756070505992
55.5633   48.722   0.11668646022567955
56.2568   49.9629   0.11855842441597816
57.6762   49.9872   0.11909244308519229
58.3681   51.2292   0.12015714710328254
59.7873   51.2536   0.12128829292228124
60.4778   52.4964   0.12175142709636072
61.8969   52.5207   0.12315039585807609
62.5863   53.7642   0.12301162546686614
64.0054   53.7878   0.1244454097184757
64.6941   55.0316   0.12389870862927063
66.1132   55.0543   0.1248791816116675
66.8017   56.298   0.12407554150597169
68.221   56.3192   0.12451477823937425
68.9095   57.5628   0.12351599086757806
70.3288   57.5823   0.12298715380070638
71.0176   58.8254   0.12186426875832475
32.8851   41.026   0.07936611367580082
34.3066   41.0481   0.0791402552434625
35.0125   42.2803   0.08804231936972275
36.4339   42.3028   0.0876923599864897
37.1389   43.5356   0.0970580238826216
38.56   43.5585   0.09636820014922105
39.264   44.7922   0.10553620231939402
40.685   44.8155   0.10473767230562384
41.3878   46.0501   0.11316421695924528
42.8085   46.0739   0.11207756242888328
43.51   47.3094   0.11966198226671194
44.9305   47.3337   0.11838145969703595
45.6305   48.5702   0.12485103123322684
47.0508   48.5948   0.12362155960835057
47.7492   49.8324   0.1288694688434808
49.1693   49.8573   0.1278825242165646
49.8658   51.096   0.13177753981616316
51.2857   51.1212   0.1311951599716993
51.9804   52.3611   0.1339400612214322
53.4001   52.3865   0.13386216791909658
54.0928   53.6275   0.1354369225875996
55.5124   53.6531   0.13612586087882045
56.2034   54.8952   0.13679729529490206
57.6228   54.9208   0.13796887330118973
58.3123   56.1639   0.13800503613998907
59.7316   56.1893   0.13955790912735846
60.42   57.433   0.1390305721774914
61.8393   57.4578   0.14060387619123427
62.527   58.7017   0.13963369937088949
63.9463   58.7255   0.14088736636050397
64.6339   59.9695   0.13978469157958148
66.0532   59.9918   0.1402996079823483
66.7407   61.2356   0.13904452524281993
68.1601   61.2561   0.13876840418481637
68.8478   62.4996   0.1375103632458303
70.2672   62.5182   0.13605811258429457
70.9552   63.7613   0.13478000593560038
72.3746   63.778   0.1322031013251928
73.0629   65.0207   0.13104400024419136
74.4823   65.0353   0.12696156898842087
75.1709   66.2777   0.12593053640797816
24.3283   40.91   0.06793474810433822
25.7503   40.9332   0.06795476436571564
26.4583   42.1637   0.0723370582758243
27.8802   42.1869   0.07235392180109995
28.5878   43.4177   0.07990250308970263
30.0097   43.4411   0.07992333826861758
30.7167   44.6723   0.08945887323233861
32.1384   44.696   0.08926684714942865
32.8446   45.9278   0.09963653948225935
34.2661   45.9518   0.0991621903751619
34.9714   47.1844   0.10967264927957278
36.3927   47.2088   0.10894553685213668
37.0967   48.4422   0.11884759147748454
38.5178   48.467   0.11787607899824568
39.2205   49.7014   0.1268361541517281
40.6413   49.7266   0.12561353430264063
41.3424   50.962   0.13342773324912602
42.7631   50.9876   0.13214605555975073
43.4624   52.2242   0.13849740069763403
44.8828   52.2501   0.13723811423945223
45.5803   53.4878   0.1421335639460313
47.0005   53.514   0.14107994187693984
47.696   54.753   0.14458751675023598
49.116   54.7793   0.14390962441754854
49.8095   56.0195   0.14608949311980066
51.2293   56.046   0.14593580780603654
51.9208   57.2874   0.1469914623371024
53.3405   57.314   0.14750871160714418
54.0304   58.5564   0.14774873941932531
55.4499   58.5831   0.1488118610864057
56.1383   59.8263   0.1483823439631568
57.5578   59.8528   0.149913241576585
58.2453   61.0966   0.1490077179209177
59.6647   61.1225   0.15062732155887315
60.3517   62.3666   0.14947190371437605
61.7711   62.3916   0.15088488989954726
62.4578   63.6357   0.149596290060947
63.8773   63.6594   0.15043064847297605
64.564   64.9033   0.14910861812785486
65.9835   64.9253   0.1492194692391081
66.6704   66.1689   0.14796364418328636
68.0898   66.1889   0.1468184593298802
68.7769   67.4323   0.14584172928212016
70.1964   67.4502   0.14349986062710363
70.8837   68.6932   0.14269477916168188
72.3032   68.7089   0.13880835709711653
72.9908   69.9515   0.1381949347841576
74.4103   69.9651   0.13293201269822974
75.0983   71.2073   0.13264644737044828
76.5177   71.2188   0.12576203719723592
77.2062   72.4606   0.1257839814920777
78.6256   72.4702   0.11770424801171143
79.3145   73.7115   0.11790784537086012
27.8384   47.0845   0.08813705236732187
28.5451   48.3157   0.09875489861267868
29.9669   48.3399   0.09880247972596545
30.6727   49.5718   0.1097438380958108
32.0944   49.5966   0.10952981329300418
32.7991   50.8292   0.12015623163199007
34.2205   50.8545   0.11949702925177844
34.9239   52.088   0.12934164062667752
36.3452   52.1138   0.12849198418578514
37.0469   53.3484   0.13710805957346212
38.468   53.3747   0.1359560223013347
39.1679   54.6103   0.14314150341532733
40.5887   54.637   0.141886362981088
41.2868   55.8739   0.14759603653214923
42.7073   55.9008   0.14626612731592867
43.4033   57.1389   0.15031284043620424
44.8237   57.166   0.1492447654023431
45.5176   58.4055   0.15183128794816825
46.9378   58.4327   0.15113838030096993
47.6297   59.6734   0.15239507866069424
49.0497   59.7007   0.15216178889589796
49.7398   60.9425   0.15233561632133608
51.1597   60.97   0.1527937498721712
51.8483   62.2126   0.15224145296206715
53.268   62.2401   0.15320479757500757
53.9554   63.4835   0.15221885559942852
55.375   63.5109   0.15360836565760075
56.0617   64.7547   0.1523539628628037
57.4813   64.7816   0.15400996720991303
58.1675   66.0257   0.15261205719077162
59.5871   66.0519   0.15421186724763006
60.2731   67.296   0.15290500318826045
61.6927   67.321   0.15414476961609708
62.3788   68.565   0.1530171885769683
63.7984   68.5884   0.15348687240282063
64.4846   69.8322   0.15267878045098446
65.9041   69.8538   0.15216721065985825
66.5905   71.0973   0.15164405692279156
68.0101   71.1169   0.1499253480903059
68.6967   72.3601   0.14982116005425125
70.1162   72.3774   0.1465446007193635
70.803   73.6202   0.14679717299729605
72.2225   73.6353   0.14200992923032252
72.9097   74.8777   0.14253606561148763
74.3292   74.8905   0.1361676907346238
75.0168   76.1326   0.13710237051196283
76.4363   76.1431   0.12912354549035598
77.1243   77.3848   0.13034193492502535
78.5438   77.3933   0.12098516437976967
79.2323   78.6345   0.12225747420915196
80.6518   78.6412   0.11196343153011769
81.3409   79.882   0.11328587731929068
82.7605   79.8873   0.10244208119712499
83.45   81.1277   0.10365510117693297
32.0432   54.4971   0.12774196647930208
32.7452   55.7312   0.136914754500745
34.1665   55.7572   0.13610249814018724
34.8667   56.9923   0.14391268185952097
36.2878   57.0189   0.14280073529222018
36.9861   58.2553   0.1490518366206861
38.407   58.2824   0.1477154697382724
39.1032   59.52   0.15229409049598502
40.5239   59.5475   0.15090079522653274
41.2181   60.7863   0.15393950110351617
42.6385   60.814   0.15256739494400726
43.3308   62.0541   0.15417840315686307
44.751   62.082   0.153083147341567
45.4415   63.3231   0.15347159346276507
46.8616   63.3512   0.15290320467537918
47.5506   64.5933   0.1524709808455396
48.9705   64.6215   0.15238746667623443
49.6582   65.8644   0.15140231173928761
51.078   65.8926   0.1519271535967185
51.7647   67.1361   0.15066459438102622
53.1844   67.1642   0.15177707336748542
53.8704   68.4081   0.1503519205065253
55.2901   68.4359   0.15195989602523508
55.9756   69.68   0.15051531483540292
57.3953   69.707   0.15218262055832596
58.0807   70.9512   0.1510902048446529
59.5004   70.9772   0.15263744625746092
60.1858   72.2212   0.15183793992279904
61.6055   72.246   0.15302803664687697
62.2911   73.4898   0.15263892033161156
63.7107   73.5129   0.15292828384572626
64.3965   74.7565   0.1531575332786489
65.8162   74.7778   0.15230935624576522
66.5022   76.0211   0.15290788076486314
67.9218   76.0403   0.15073357290265568
68.6082   77.2833   0.15182664456543665
70.0278   77.3002   0.14799989864862004
70.7145   78.5429   0.1494473151314511
72.1341   78.5574   0.14397350450690843
72.8213   79.7996   0.14553078712080345
74.2409   79.8119   0.138522128196175
74.9287   81.0536   0.14014182102427697
76.3484   81.0637   0.13170778260983956
36.2188   61.9257   0.1505708139049564
36.9131   63.1642   0.1536333622622387
38.3337   63.1917   0.1523739150904789
39.0261   64.4313   0.15394456794573866
40.4465   64.4593   0.15258613960645465
41.1374   65.6999   0.15299477115247928
42.5576   65.7283   0.1517669595135919
43.247   66.9698   0.1512525371688012
44.6671   66.9984   0.1504225049651803
45.3553   68.2407   0.14947437907547675
46.7753   68.2696   0.1490622688677461
47.4624   69.5126   0.14786121871538835
48.8823   69.5417   0.14813834749989666
49.5685   70.7852   0.14696877219327717
50.9883   70.8142   0.14764071254230815
51.6737   72.0582   0.14652061288432677
53.0934   72.0867   0.14762455757765897
53.7783   73.3309   0.14661793887516122
55.198   73.3586   0.14794529394339848
55.8827   74.603   0.14734367987802982
57.3023   74.6296   0.14856550743695435
57.9872   75.8739   0.148534204814925
59.4068   75.8994   0.14971396060487968
60.0919   77.1433   0.1500795788906672
61.5116   77.1676   0.1509295199753756
62.197   78.4112   0.1517865606699036
63.6167   78.434   0.1519367302530908
64.3025   79.6774   0.1532362881304542
65.7222   79.6984   0.15223908827893282
66.4085   80.9414   0.1537831590259504
67.8282   80.9604   0.15140191544363063
40.3598   69.3728   0.149385876173084
41.0483   70.6146   0.1486091181590131
42.4684   70.6434   0.1474717939132773
43.1559   71.8858   0.14674293850131281
44.5759   71.9151   0.1460522166897856
45.2625   73.1582   0.1455865721830148
46.6824   73.1878   0.14539779915803533
47.368   74.4315   0.14508942070323316
48.7878   74.4612   0.14522544542882296
49.4726   75.7054   0.14502517022916994
50.8923   75.7347   0.14517386128363582
51.5766   76.9792   0.14504823335704792
52.9963   77.0077   0.14529397785180037
53.6804   78.2522   0.14523291637917385
55.1001   78.2796   0.14571032907793807
55.7846   79.5238   0.14603523547417854
57.2043   79.5501   0.1467323413566364
57.8892   80.794   0.14750952511617618
59.309   80.8192   0.14834786820173237
44.4785   76.8318   0.14517716762631613
45.1633   78.0758   0.14543923129609762
46.5831   78.1057   0.1455888388579291
47.2672   79.3501   0.1457705388615954
48.6869   79.3801   0.1456412372921904
49.3708   80.6246   0.14562437982700627
50.7906   80.654   0.14533041663739762
81.2984   82.3416   0.11464545346414828
82.7181   82.3468   0.10371759734973111
83.4082   83.5869   0.10472764677963246
84.828   83.5911   0.09390122469914793
85.5188   84.8307   0.09440365459027518
72.7758   82.2592   0.1465072011882094
74.1956   82.2714   0.13935662883407643
74.8841   83.5127   0.14084377870533812
76.3039   83.5228   0.1324424025756175
76.9934   84.7635   0.1336181125446597
78.4133   84.7719   0.12415719874417504
79.1039   86.0119   0.12480869360745708
80.5238   86.0189   0.11469511759442737
81.2153   87.2583   0.11489451684045028
82.6353   87.2642   0.1045009569334243
83.3278   88.5032   0.10417802071455551
84.7478   88.5084   0.09397707167176027
85.441   89.747   0.09339105952927186
86.8611   89.7518   0.0837797708280486
87.5549   90.9901   0.0829788527276677
88.975   90.9948   0.07475647129178997
89.6692   92.233   0.07395870469389983
64.2546   82.1368   0.15351012995890528
65.6743   82.1578   0.15246737355906226
66.3611   83.4005   0.15408857842163023
67.7809   83.4196   0.15175575771613653
68.4684   84.6618   0.1533649568838937
69.8883   84.6787   0.1495196976990072
70.5769   85.9202   0.15080749318252537
71.9969   85.9349   0.1454493038828279
72.6867   87.1756   0.14614410696295768
74.1068   87.1882   0.1395037275487562
74.7978   88.4282   0.13977016849099394
76.218   88.4389   0.13191061367456725
76.9104   89.6781   0.13144127966510907
78.3306   89.6874   0.12287986002595891
79.0242   90.9259   0.12185146695875686
80.4445   90.934   0.11263041329941925
81.139   92.172   0.1111456701810694
82.5594   92.1794   0.10188665270780743
83.2548   93.4169   0.09997294634049199
84.6751   93.4239   0.0909745019222414
85.3711   94.6612   0.08892862306366492
86.7915   94.668   0.08058126333087946
87.4878   95.9052   0.07873722118540927
88.9082   95.912   0.07153306927569107
89.6046   97.1493   0.07018732079228905
91.025   97.1565   0.0647770020917847
91.7213   98.3939   0.06419828658149977
93.1416   98.4016   0.06087906043953153
93.8377   99.6394   0.061253081555135674
55.7345   81.9831   0.1459959588481759
57.1543   82.0094   0.14653330679405394
57.8398   83.2529   0.1477374021702033
59.2596   83.2783   0.14855295352163037
59.9457   84.5214   0.1500527240672409
61.3656   84.5457   0.15075622706873673
62.0524   85.7884   0.15243401851292313
63.4723   85.8115   0.15246238880458152
64.16   87.0537   0.15390552296783236
65.58   87.0751   0.1529775800566903
66.2687   88.3167   0.15401447983874897
67.6888   88.3362   0.15171588578656445
68.3789   89.5769   0.15205196480150232
69.7991   89.5943   0.14855995422724785
70.4906   90.8341   0.1481857280577417
71.911   90.8494   0.14331437471516623
72.604   92.0884   0.14222186892316574
74.0245   92.1018   0.13628771037771864
74.719   93.3399   0.1343424355890539
76.1396   93.3518   0.12748847006690128
76.8353   94.5891   0.12477151117142328
78.2559   94.5998   0.11746501606861752
78.9527   95.8366   0.11424911378212417
80.3734   95.8465   0.10653797445042551
81.0709   97.0829   0.10304882337998329
82.4916   97.0922   0.0952554985289612
83.1897   98.3284   0.09179330040912713
84.6104   98.3375   0.08436083214383559
85.3088   99.5736   0.08120504910410181
86.7295   99.5828   0.07439448904321035
87.4279   100.819   0.07204172402157041
88.8486   100.828   0.0660083328073019
89.5469   102.065   0.06484597134749716
90.9674   102.075   0.06043980476473947
91.6654   103.312   0.06031683015543429
93.0859   103.322   0.05738579963719377
93.7834   104.559   0.058196993049470895
95.2038   104.57   0.056832825022164614
95.9007   105.808   0.05832880934838083
97.321   105.82   0.05806832182868883
98.0172   107.059   0.05970803965966564
48.635   81.8392   0.1457780847727127
49.3192   83.0836   0.1455744826540688
50.739   83.113   0.14526892303586433
51.4238   84.357   0.14509262558793334
52.8436   84.3855   0.1451234302240635
53.5293   85.629   0.1453820484103883
54.9492   85.6566   0.145917408145841
55.6356   86.8996   0.14684008308360977
57.0556   86.9264   0.14791693614998908
57.7428   88.1689   0.1491316532463809
59.1628   88.1949   0.15031184251415336
59.8509   89.4369   0.15148759025081177
61.271   89.4619   0.15227386512465146
61.96   90.7033   0.15304094223441758
63.3802   90.727   0.15310013063351724
64.0706   91.9677   0.15306740345350758
65.4909   91.9897   0.15226887403536649
66.1828   93.2294   0.1512388838890314
67.6033   93.2495   0.14942375982419975
68.2969   94.4882   0.14725005942274952
69.7175   94.5063   0.14438826129570922
70.4127   95.744   0.14127611263054893
71.8334   95.7603   0.13742827220044618
72.5301   96.9971   0.13338504413913874
73.951   97.0118   0.1286067649853602
74.6488   98.2479   0.12393534604784484
76.0698   98.2613   0.11846421400575455
76.7687   99.4969   0.11330339800730002
78.1897   99.5094   0.10736954875568021
78.8894   100.745   0.10252375334525973
80.3104   100.757   0.09629252307423003
81.0106   101.992   0.09125289036518597
82.4316   102.003   0.08465276132531228
83.132   103.238   0.08032434251209083
84.553   103.25   0.07469457811648854
85.2534   104.485   0.07136000280269474
86.6743   104.497   0.06672600692383905
87.3746   105.732   0.06419789716182091
88.7954   105.744   0.060225326898239985
89.4954   106.98   0.05960377504823195
90.9161   106.993   0.05664803615307254
91.6157   108.229   0.057562922094000456
93.0362   108.243   0.05518305899458596
93.7352   109.479   0.05719344368019853
95.1556   109.494   0.055461878799767
95.8539   110.731   0.05806453306451344
97.2742   110.746   0.05678353634637451
97.9718   111.984   0.05941565450283544
99.392   111.999   0.05868262093669459
100.089   113.238   0.06088710865199696
101.509   113.254   0.06011788419430525
102.205   114.493   0.062334661304926625
103.625   114.51   0.06172365834912594
104.321   115.75   0.06339369053777988
52.7453   89.3017   0.14667409450888091
53.4329   90.544   0.1474404625603152
54.853   90.5721   0.1486700036994702
55.5414   91.814   0.1495941509551736
56.9616   91.8414   0.1509916885129746
57.6511   93.0826   0.15145916941539134
59.0713   93.1093   0.15271627287227688
59.7621   94.3497   0.15237827929203113
61.1824   94.3754   0.15315178745283958
61.8747   95.6149   0.15170395512313725
63.2953   95.6392   0.15179258875189036
63.9892   96.8777   0.14911703457352538
65.41   96.9003   0.1483643488173656
66.1057   98.1378   0.14445954450986825
67.5266   98.1587   0.1430235644920089
68.224   99.3951   0.13793277348042057
69.6451   99.4143   0.1355666994508544
70.3439   100.65   0.1299918843620645
71.7651   100.667   0.12624519792847425
72.4652   101.902   0.1197706140921151
73.8864   101.919   0.11631930192362656
74.5875   103.153   0.10914027670846245
76.0088   103.168   0.10450837287032466
76.7105   104.402   0.0976304255854764
78.1318   104.417   0.09322585478288505
78.834   105.651   0.08689154159065209
80.2553   105.665   0.08271910299320964
80.9577   106.899   0.07685499333159297
82.3789   106.913   0.07293229737228302
83.0814   108.147   0.06858432765581605
84.5025   108.161   0.06504506130368552
85.2048   109.395   0.0631506136153832
86.6258   109.41   0.05995206418464735
87.3278   110.645   0.0603576838521798
88.7487   110.66   0.05758489385246553
89.4501   111.895   0.059725455209652924
90.8709   111.911   0.05761215149601694
91.5718   113.147   0.06104727676153662
92.9924   113.163   0.05911277357729246
93.6926   114.399   0.06317317468672971
95.1131   114.417   0.06135967731336271
95.8125   115.654   0.06554670090858562
97.2328   115.671   0.06380321308523665
97.9314   116.909   0.06766483577161682
99.3516   116.927   0.06614967875961376
100.049   118.165   0.06959626426756492
101.469   118.184   0.06839948830217783
102.166   119.423   0.07140476174597712
103.586   119.443   0.06999292821420834
104.282   120.682   0.07325906087303613
105.701   120.703   0.07172342713506953
56.8742   96.7543   0.15365812702229062
57.5666   97.9938   0.15202121562465973
58.9872   98.0207   0.15320084856162056
59.6815   99.2592   0.1500581553931663
61.1023   99.2851   0.15071808119797542
61.7984   100.522   0.14581910025782283
63.2194   100.547   0.14646071145532574
63.9174   101.783   0.1399473115140132
65.3386   101.807   0.1402560872119267
66.0383   103.042   0.13301988573141948
67.4596   103.064   0.13192778327555094
68.1607   104.298   0.12372526015329177
69.5821   104.319   0.12218878835638548
70.2844   105.552   0.11320256180846953
71.7059   105.571   0.11065586292645402
72.4091   106.805   0.10243427160868938
73.8306   106.823   0.0995100497437255
74.5344   108.056   0.09123825951868433
75.956   108.073   0.0885327622973438
76.6601   109.306   0.08072056739146052
78.0816   109.322   0.07762087348130313
78.786   110.555   0.07204234865688389
80.2074   110.572   0.06935776813018174
80.9117   111.805   0.06605278192476376
82.333   111.822   0.06367110804752661
83.0371   113.055   0.06304641147599498
84.4583   113.072   0.06098524411691747
85.1621   114.305   0.06299857141237414
86.5831   114.323   0.06147438490948725
87.2863   115.557   0.06570996880230334
88.7072   115.575   0.06441001474926118
89.4098   116.81   0.06978223269572637
90.8306   116.829   0.06845034696770858
91.5323   118.064   0.07418362352972528
92.9529   118.083   0.07259070188391957
93.6539   119.319   0.0785354060281052
95.0743   119.339   0.0768511548384185
95.7742   120.576   0.08224019698419029
97.1945   120.596   0.08058815049373294
61.0323   104.191   0.14303852627876254
61.7325   105.426   0.13531016221998646
63.1539   105.451   0.1354037296384391
63.8557   106.685   0.12649241083954477
65.2772   106.709   0.12611312382143572
65.9804   107.942   0.1163410503648633
67.402   107.965   0.11548909039385169
68.1063   109.198   0.10564833174261555
69.528   109.22   0.1049308343624442
70.2331   110.452   0.09442801491083391
71.6549   110.473   0.09335223618103362
72.3605   111.704   0.08387997377204212
73.7823   111.725   0.08240376205003903
74.4883   112.956   0.0746185633740053
75.91   112.976   0.07295046264417533
76.616   114.207   0.06778089701383137
78.0376   114.227   0.06653810938101636
78.7436   115.459   0.06506550545411724
80.1651   115.478   0.06365162998698339
80.8708   116.71   0.0655991615800068
82.2921   116.729   0.06479699067086157
82.9973   117.962   0.06942946060571366
84.4186   117.982   0.06899311559858609
85.1232   119.215   0.0753780472020859
86.5442   119.235   0.07459926273094022
87.2481   120.469   0.08211979055014579
88.6689   120.49   0.08115811727732064
89.3719   121.724   0.08869656137640991
90.7926   121.746   0.08751874085016385
65.2249   111.609   0.10871080903019378
65.9307   112.841   0.0975904196117637
67.3526   112.864   0.09709562297035226
68.0591   114.096   0.08714792022762016
69.481   114.118   0.08595725681989311
70.1881   115.349   0.0772039506761165
71.61   115.372   0.0764539076829945
72.3173   116.603   0.07022997935354802
73.7392   116.624   0.06898246153914525
74.4466   117.855   0.06649390949553219
75.8684   117.877   0.06580372329891414
76.5756   119.108   0.06726224795529781
77.9973   119.129   0.06677963761507139
78.7042   120.361   0.07174761320072232
80.1257   120.382   0.07137940879553195
80.832   121.614   0.07892737167801335
82.2534   121.636   0.07851248308390293
69.4387   119.016   0.07159113073558798
70.1467   120.246   0.06774289630655021
71.5687   120.269   0.06766867813102234
72.2767   121.5   0.0680462342822881
73.6987   121.523   0.06790287180966724
77.037   82.3048   0.1331464607115003
78.4567   82.3131   0.12353501527907522
79.1462   83.5536   0.12469699274642297
80.566   83.5603   0.11439222001517035
81.2563   84.8003   0.11522859888065466
82.6761   84.8058   0.10445721612220495
83.3673   86.0454   0.10492525911332744
84.7871   86.0499   0.09422913562163046
85.479   87.2891   0.09430424168615752
86.8989   87.2932   0.08443802460976671
87.5915   88.5321   0.08410743130068692
68.515   82.203   0.15312367550447623
69.9348   82.2199   0.1492071714094183
70.6223   83.4619   0.15080142572270785
72.0422   83.4764   0.14534827140354886
72.7307   84.7178   0.14669795499597155
74.1506   84.7302   0.13981809611061885
74.8402   85.9709   0.14072398516244164
76.2602   85.9813   0.1326125559666275
76.951   87.2212   0.13306220349895864
78.3711   87.23   0.12398895112065704
79.063   88.4693   0.12392759983151896
80.4832   88.4768   0.11418686439341016
81.1762   89.7155   0.113496211390518
82.5964   89.7221   0.10363180013876092
83.2902   90.9604   0.10264993911347456
84.7105   90.9664   0.09290312158372058
85.4051   92.2043   0.09151917831799354
86.8253   92.2101   0.08259618635263653
87.5204   93.4478   0.08123755289273586
88.9406   93.4536   0.07343922657544816
89.636   94.6913   0.0723731303730932
91.0562   94.6972   0.06648857044635281
91.7517   95.935   0.06591365564130085
59.9945   82.0627   0.14970223779222916
61.4142   82.0868   0.15037400041229987
62.1003   83.33   0.15198414390981213
63.5201   83.3528   0.15202424148799654
64.2069   84.5956   0.15378140329702308
65.6267   84.6168   0.15285273958944576
66.3143   85.859   0.154322292621639
67.7342   85.8783   0.1519917431967951
68.4229   87.1198   0.1530865441506813
69.8429   87.1369   0.14940709487838835
70.5329   88.3776   0.1498883250957236
71.953   88.3926   0.14479475128608618
72.6443   89.6325   0.14472905720690127
74.0646   89.6455   0.13847147720739528
74.7573   90.8845   0.13760981069676465
76.1777   90.8958   0.13028841084301965
76.8717   92.134   0.1287053223452744
78.2922   92.144   0.12077872329181516
78.9874   93.3816   0.11856850340626518
80.4079   93.3906   0.11014127291802318
81.104   94.6277   0.10756365557194596
82.5245   94.6361   0.09910045408573963
83.2213   95.8729   0.09631214876639804
84.6418   95.8809   0.08807956630228968
85.339   97.1176   0.08542400131110643
86.7596   97.1255   0.07781272389525493
87.457   98.3622   0.07563709407427108
88.8775   98.3703   0.06911186584082353
89.575   99.6072   0.06766845646237708
90.9954   99.6156   0.06266817374074199
91.6926   100.853   0.0622466866588097
93.113   100.862   0.0591389042847415
93.8098   102.099   0.059729892013965155
95.2301   102.109   0.058384587007191326
95.9263   103.347   0.05981872616497556
51.4748   81.8984   0.14523487873097024
52.8945   81.9268   0.14503689185858706
53.5793   83.1708   0.14525735781708163
54.9991   83.1982   0.14544779132046154
55.6847   84.4417   0.14626342673409176
57.1045   84.4681   0.14693556410890082
57.7908   85.7112   0.14824064894623645
59.2107   85.7368   0.149146572203318
59.8977   86.9795   0.15072282507967905
61.3177   87.0041   0.15143292244422865
62.0055   88.2462   0.15280343582524272
63.4255   88.2696   0.15288904473506085
64.1144   89.5111   0.15374072329737662
65.5346   89.5328   0.15281616406649498
66.2248   90.7735   0.15299604570053113
67.645   90.7933   0.1509046387623719
68.3368   92.0331   0.1501862843271767
69.7572   92.0508   0.14694253979021513
70.4505   93.2896   0.1453498538010918
71.8711   93.3053   0.14093069218591378
72.5659   94.5432   0.1383825856096011
73.9866   94.5572   0.13302668905148438
74.6828   95.7943   0.1297145712709269
76.1036   95.8069   0.12357932675007074
76.8009   97.0434   0.11968036597537998
78.2218   97.0549   0.11292590491113931
78.92   98.2909   0.10869231803581522
80.3409   98.3017   0.10178153074109077
81.0398   99.5375   0.09744516406676254
82.4607   99.5479   0.09048347915503666
83.1599   100.783   0.08622528631439993
84.5808   100.794   0.07988929840723479
85.2802   102.029   0.07624388500069948
86.7011   102.04   0.07046623304817981
87.4005   103.276   0.06820857717325941
88.8212   103.286   0.0628176726725825
89.5204   104.523   0.06210797050298515
90.941   104.534   0.05834038052669839
91.6398   105.77   0.058340551934311924
93.0603   105.782   0.05590169943749403
93.7585   107.019   0.057161962877424435
95.179   107.032   0.05556986593469509
95.8765   108.27   0.05752886232144781
97.2969   108.283   0.05680783396680453
97.9938   109.521   0.058954898015345904
99.414   109.535   0.0587289536770432
100.11   110.774   0.06057466467096723
50.6881   85.5716   0.14513765879329815
51.3738   86.8151   0.14511305937096153
52.7937   86.8438   0.1455478958968457
53.4803   88.0867   0.14614051457415445
54.9003   88.1145   0.1470435649731081
55.5878   89.357   0.14802395076473313
57.0079   89.3841   0.1492322686284715
57.6961   90.626   0.15028559478539716
59.1163   90.6524   0.15159884564203874
59.8056   91.8937   0.15208974324391025
61.2258   91.919   0.15291455130235357
61.9164   93.1596   0.15273306780131182
63.3367   93.1836   0.15287452371144014
64.0288   94.4232   0.15149339919613425
65.4493   94.4455   0.1508317605811154
66.1431   95.6841   0.14837145951967626
67.5638   95.7046   0.14677619016720603
68.2592   96.9422   0.14325170156056372
69.6801   96.9608   0.1405794792990837
70.3771   98.1974   0.13599154385475898
71.7981   98.2143   0.13258431279754326
72.4965   99.4501   0.12712804568623048
73.9176   99.4656   0.12292859716111962
74.6171   100.701   0.11734768851579731
76.0382   100.715   0.11207577793617893
76.7386   101.95   0.10614254566383301
78.1598   101.963   0.10042728712854725
78.8607   103.198   0.0948086493944499
80.2819   103.211   0.0892961365345639
80.9832   104.445   0.0836275672251665
82.4043   104.458   0.07848248212180654
83.1058   105.693   0.07445468420455052
84.5269   105.705   0.06961328896122765
85.2283   106.94   0.06640640029394414
86.6492   106.953   0.06250479981569718
87.3504   108.188   0.06143402965783602
88.7713   108.202   0.05806926898110585
89.4721   109.438   0.05888140623320642
90.8928   109.452   0.05606041384078475
91.593   110.688   0.05821185446281568
93.0137   110.703   0.05607494984393572
93.7132   111.939   0.05903736105213405
95.1337   111.955   0.05726342637321195
95.8326   113.192   0.06061930385611672
97.253   113.209   0.05890891273822606
97.9511   114.446   0.062316450476577766
99.3713   114.463   0.06084554215388863
100.069   115.702   0.06374511746008696
101.489   115.719   0.06261062210200742
102.185   116.958   0.0648262292594605
103.605   116.976   0.06415637146846852
104.301   118.216   0.0662890639547707
105.721   118.235   0.06594664510041959
106.415   119.476   0.0671657650890743
54.8071   93.0294   0.15072481547508926
55.4967   94.2706   0.15116378534557004
56.9169   94.2981   0.15258974408524473
57.6078   95.5386   0.15217503080335187
59.0282   95.5654   0.15339612120259433
59.7206   96.8049   0.151812614759119
61.1412   96.8307   0.15244149697506718
61.8354   98.0692   0.14950374577246928
63.2561   98.0937   0.14968473536068655
63.9521   99.3311   0.14539064619156372
65.373   99.3541   0.1448617962059042
66.0708   100.59   0.1387892286886833
67.4919   100.612   0.1382745457414241
68.1912   101.847   0.13154045005244652
69.6124   101.867   0.12950386094631264
70.3131   103.101   0.1217974137656419
71.7344   103.12   0.11934961248366692
72.4361   104.354   0.11157741706994272
73.8575   104.371   0.10800157406259726
74.56   105.604   0.09984232569407031
75.9814   105.621   0.09650626922640493
76.6844   106.854   0.08894458949255628
78.1058   106.87   0.08583198704446712
78.8092   108.103   0.07861475688443409
80.2305   108.119   0.07584062236031114
80.9339   109.352   0.07081334619970972
82.3552   109.367   0.06710171383802886
83.0585   110.601   0.06475569473026795
84.4797   110.616   0.06155525972652875
85.1828   111.85   0.06152633582458566
86.6038   111.866   0.059059292240933016
87.3065   113.101   0.061565087509076105
88.7274   113.118   0.05959278479816102
89.4295   114.352   0.06331990208457414
90.8502   114.37   0.061685978957947876
91.5517   115.605   0.06641091777712461
92.9723   115.623   0.06469845438648379
93.6729   116.859   0.0697562183607998
95.0933   116.878   0.06798911677614232
95.7931   118.115   0.07281545165691018
97.2134   118.134   0.07109324862459751
97.9123   119.371   0.07562307848798307
99.3324   119.391   0.07397114302213179
100.03   120.629   0.07770868677310266
101.45   120.649   0.07660607025556236
58.9487   100.475   0.15175908539523647
59.645   101.712   0.14656895987895394
61.0659   101.739   0.1480380018778945
61.7641   102.975   0.14180091678123777
63.1853   103.0   0.14192272545297274
63.8853   104.235   0.13442172443470024
65.3067   104.258   0.133549241854829
66.0082   105.493   0.12550904349886377
67.4297   105.515   0.1242633493834828
68.1325   106.748   0.11475212416335351
69.5541   106.77   0.11370228669643176
70.2578   108.002   0.10375610825391976
71.6795   108.022   0.1022747769491634
72.384   109.255   0.09276799016901889
73.8056   109.274   0.09097829411458143
74.5106   110.506   0.0819336316783278
75.9322   110.525   0.08037568040148087
76.6374   111.757   0.07367129698871959
78.059   111.775   0.0712643669725681
78.7642   113.007   0.06700149252069132
80.1857   113.025   0.06492688195193212
80.8908   114.257   0.06378165880565118
82.3121   114.276   0.0624535827635204
83.0169   115.508   0.06435510857733093
84.4381   115.527   0.06319731006933975
85.1423   116.76   0.06780353973060858
86.5634   116.779   0.06683629253631691
87.267   118.013   0.07282911505709824
88.6879   118.032   0.07170111575142607
89.3907   119.267   0.07844233550831436
90.8115   119.287   0.07714771545547915
91.5135   120.522   0.08396600502584049
92.934   120.543   0.08240873740082934
93.635   121.779   0.08879222938973803
63.1249   107.902   0.12793240402650233
63.8284   109.135   0.11793748343932547
65.25   109.159   0.11749829786001062
65.9546   110.392   0.1073361542072327
67.3764   110.415   0.1068142780718006
68.082   111.647   0.09593211141219433
69.5038   111.669   0.09509016773567729
70.21   112.901   0.08563533149348886
71.6318   112.922   0.08395981181494128
72.3384   114.154   0.0761832002478256
73.7603   114.175   0.07475907971610585
74.467   115.406   0.06909942112637843
75.8888   115.427   0.06795616234014598
76.5955   116.658   0.06576427601669188
78.0172   116.678   0.0646539248615272
78.7237   117.91   0.06652127479235219
80.1453   117.93   0.06601158989147479
80.8513   119.162   0.07075973431267475
82.2727   119.183   0.07048099034491814
82.9782   120.415   0.07746418527293811
84.3994   120.436   0.07693243789195502
85.1042   121.669   0.08509406559802692
86.5252   121.691   0.08436592914204048
67.3302   115.313   0.08775220794942981
68.0375   116.544   0.0785741051492203
69.4595   116.567   0.07788542867570981
70.1671   117.798   0.07119044879757042
71.5891   117.821   0.07062046445613172
72.2969   119.051   0.06721324274278195
73.7188   119.074   0.06709075942333509
74.4266   120.304   0.067729240361898
75.8484   120.327   0.06760954074685113
76.5559   121.558   0.07230753764304272
77.9776   121.58   0.07210443814356773
106.396   121.943   0.07394565572094265
107.815   121.964   0.07360706487830944
108.508   123.205   0.0748845110820605
97.8934   121.834   0.08542060641320666
99.3134   121.855   0.08391096471857008
100.011   123.093   0.08787798359087717
101.431   123.114   0.0867352292900586
102.127   124.354   0.08965160344354392
103.547   124.375   0.08939216967945475
104.242   125.616   0.09189668111526594
105.661   125.638   0.09163956569080987
106.355   126.879   0.09374758663560676
107.774   126.902   0.09416347487215891
108.466   128.144   0.09525838545765475
109.885   128.167   0.09622348985565743
110.576   129.41   0.0969777809603801
111.995   129.433   0.09811401530872126
112.685   130.676   0.09820799356467166
91.4946   122.981   0.09473900991672565
92.9151   123.003   0.09338977460085889
93.6159   124.239   0.09981482855767965
95.0362   124.261   0.09842525082518129
95.7358   125.498   0.10407271496410689
97.1559   125.521   0.10286340457130673
97.8541   126.759   0.10745231500530722
99.274   126.782   0.10653375052067256
99.9707   128.021   0.11020258617654598
101.39   128.044   0.10956897371062302
102.085   129.285   0.11236658756053548
103.505   129.308   0.11278479507450877
104.198   130.549   0.11425957290310422
105.617   130.573   0.11392822301783041
106.309   131.816   0.11616212807967724
107.728   131.84   0.11646475861821765
108.419   133.083   0.1173639212023823
109.838   133.107   0.11909496211006688
110.527   134.35   0.1181947968397942
111.946   134.373   0.11965366688906409
112.635   135.617   0.1189564626239397
114.054   135.639   0.12005869397924732
114.743   136.883   0.11974556359214555
116.162   136.903   0.11927128740815451
116.851   138.147   0.11896894552780013
82.959   122.868   0.08726196193073417
84.3802   122.89   0.08670570915458725
85.0849   124.124   0.09585014345320689
86.5059   124.146   0.0950436215639954
87.2096   125.38   0.10399230740780668
88.6304   125.403   0.1029188515287572
89.3329   126.638   0.1111320385847321
90.7535   126.662   0.10991942503489056
91.4546   127.897   0.11709363774347646
92.8751   127.921   0.1158342781736027
93.5747   129.158   0.12193522870770626
94.995   129.183   0.12083132871900917
95.693   130.42   0.12563538514288086
97.113   130.445   0.12470272651389191
97.8093   131.684   0.12845699669538127
99.2291   131.709   0.12794217443830033
99.9235   132.949   0.13043565463477072
101.343   132.974   0.13022937456657346
102.036   134.216   0.13214874195390805
103.455   134.241   0.13253965444349047
104.146   135.483   0.13319894894479795
105.565   135.508   0.13449892192876964
106.255   136.752   0.1347779284601131
107.674   136.777   0.1365476107443799
108.362   138.02   0.13547180518469967
109.782   138.045   0.13773322039362126
110.47   139.289   0.13696455745921038
111.889   139.312   0.13770334055497394
112.577   140.556   0.13685393673548762
113.996   140.577   0.13656225686476145
114.684   141.821   0.13569288853879227
116.103   141.841   0.13488602596266708
116.791   143.084   0.13349531826996633
118.211   143.102   0.13212327576926344
118.899   144.345   0.1302591263597225
120.318   144.361   0.12762852345771256
121.007   145.603   0.12561564393021843
74.4066   122.753   0.07241822974914557
75.8285   122.776   0.07243100164984737
76.5359   124.007   0.07996805612242593
77.9577   124.03   0.07995948974324722
78.6645   125.262   0.08928409712821636
80.0861   125.285   0.08917494042610813
80.7921   126.517   0.09928897219731897
82.2135   126.541   0.09889732048948639
82.9185   127.774   0.10896389310225206
84.3397   127.798   0.10820965760965164
85.0435   129.032   0.11779991511031362
86.4645   129.056   0.11691518293190267
87.1668   130.291   0.1254214096556045
88.5876   130.316   0.12430864813036106
89.2884   131.552   0.1315522709800202
90.709   131.577   0.13047961526614413
91.4081   132.814   0.1364477922137278
92.8285   132.839   0.13537614265445638
93.5257   134.077   0.13994845479676227
94.9459   134.103   0.13908950355795668
95.6412   135.343   0.14232473432259957
97.0611   135.369   0.14186320876111705
97.7544   136.609   0.14378650840743926
99.1742   136.635   0.1439897565801107
99.8656   137.877   0.14481647005779347
101.285   137.903   0.14561510910615752
101.975   139.146   0.14606163082752568
103.394   139.172   0.1468764446737416
104.083   140.416   0.1470544116985244
105.502   140.442   0.1483368126932817
106.19   141.686   0.1478407589266274
107.609   141.711   0.1483040457978118
108.296   142.955   0.14771445426904456
109.716   142.98   0.14896361971970307
110.403   144.224   0.147736556071954
111.822   144.247   0.1486717525288686
112.509   145.49   0.14636341756054327
113.928   145.512   0.14685857142162229
114.615   146.755   0.14467304517427007
116.035   146.774   0.14390305764645528
116.722   148.017   0.1426528653760469
118.142   148.034   0.13989338797813325
118.829   149.277   0.13897082427616964
120.249   149.292   0.1347709538439197
120.937   150.535   0.13468719315509617
122.356   150.547   0.1279404548999131
123.045   151.789   0.12780312985211048
124.464   151.8   0.12043404834183825
125.153   153.042   0.12076655166063989
73.6578   126.42   0.07904505044592959
74.3651   127.651   0.08836815037104884
75.787   127.675   0.08860163655373322
76.4937   128.906   0.09922751634500997
77.9154   128.93   0.0992703379665876
78.6212   130.162   0.11018679594216554
80.0428   130.187   0.10955135781906475
80.7474   131.42   0.12023115236908735
82.1688   131.445   0.11939011684390098
82.872   132.679   0.12897771125275592
84.2932   132.705   0.12799992187497664
84.9948   133.939   0.13660252559891176
86.4157   133.965   0.13536339977999964
87.1156   135.201   0.14247333083774189
88.5363   135.228   0.14106409890542587
89.2342   136.465   0.14658471953106594
90.6547   136.492   0.14531875309126718
91.3506   137.73   0.14935933181425104
92.7709   137.757   0.14830566408603577
93.4647   138.996   0.15084962711256303
94.8848   139.024   0.15020972005831948
95.5766   140.264   0.15134985959689223
96.9965   140.292   0.15136895322357255
97.6866   141.533   0.1516104547846212
99.1063   141.561   0.15217506366024564
99.7949   142.804   0.1518698455915398
101.215   142.831   0.1529270741235897
101.902   144.074   0.1515415454586717
103.322   144.101   0.15329973907349245
104.008   145.345   0.15168572773995037
105.428   145.372   0.15371158056568088
106.114   146.616   0.15221172753766427
107.534   146.642   0.1545191250298802
108.22   147.886   0.15257945471131082
109.639   147.91   0.15360286455662284
110.326   149.154   0.1528817843956521
111.745   149.177   0.15290261606656122
112.432   150.42   0.15187112958029814
113.851   150.441   0.1507924401287972
114.538   151.684   0.15013660446407467
115.957   151.703   0.14780784823547646
116.644   152.946   0.1476727463007323
118.064   152.962   0.14358272876636677
118.751   154.205   0.14396680172873533
120.17   154.219   0.1386715904574439
120.858   155.461   0.13836549425346414
122.277   155.473   0.1319897344493307
122.965   156.715   0.1322186068600064
124.384   156.725   0.12449598387096092
125.073   157.966   0.1254053029181795
126.492   157.974   0.11557958297206611
127.181   159.215   0.11689756199338752
128.6   159.221   0.10602212033345623
129.29   160.462   0.10771838283226767
77.8675   133.83   0.1185169186234644
78.571   135.063   0.1286375528374185
79.9924   135.088   0.1283014029541443
80.6944   136.323   0.13707516186384994
82.1156   136.349   0.13629471743248472
82.8159   137.584   0.14409371950227387
84.2369   137.611   0.1428809294482715
84.9352   138.847   0.1491347042106511
86.356   138.874   0.14762130605030405
87.0522   140.112   0.1522284467502692
88.4728   140.14   0.15069485724470708
89.1669   141.378   0.15376215399115845
90.5873   141.406   0.15243270646419246
91.2795   142.646   0.15391198783720902
92.6997   142.674   0.15308494374040127
93.3901   143.915   0.1534314504917443
94.8101   143.943   0.15308406187451376
95.4989   145.186   0.15258509101482548
96.9188   145.214   0.152849762839203
97.6064   146.457   0.15181192311540867
99.0262   146.485   0.15262847047651504
99.7128   147.728   0.15114380569511215
101.133   147.756   0.15312334897069113
101.819   149.0   0.15130485782022865
103.238   149.027   0.15275418161214813
103.924   150.272   0.1520197355608717
105.343   150.298   0.15306498619867742
106.029   151.542   0.15212166183683892
107.449   151.568   0.15380120285616256
108.134   152.812   0.1528641226710893
109.554   152.836   0.15323919211481196
110.24   154.08   0.15357421658598452
111.659   154.102   0.15246707841368123
112.345   155.345   0.15239763777697093
113.765   155.366   0.15203844908444736
114.451   156.609   0.1518491356577324
115.871   156.627   0.14942974938077241
116.557   157.87   0.1498148524012362
117.977   157.886   0.1460239706349698
118.664   159.128   0.14706355768850052
120.083   159.142   0.14100709202022407
120.771   160.384   0.1426876308584473
122.19   160.395   0.13446222517867482
122.878   161.637   0.13654761074437616
124.298   161.646   0.12708032892623372
82.0516   141.254   0.1469744875820182
82.7479   142.491   0.15210108480874474
84.1687   142.518   0.15072909473621834
84.863   143.757   0.15362076682532086
86.2836   143.784   0.1525840751848107
86.976   145.024   0.15404301347351637
88.3964   145.052   0.15277319791114968
89.0872   146.293   0.1531913182918602
90.5074   146.321   0.15208448310068284
91.1967   147.563   0.15160979519807724
92.6168   147.592   0.15088472421023622
93.3048   148.834   0.14987654919966464
94.7248   148.863   0.14977399640792372
95.4117   150.106   0.14848935988817516
96.8316   150.135   0.14904190685843402
97.5177   151.378   0.14751938855621466
98.9374   151.407   0.14860491243562668
99.6228   152.651   0.14747203124660777
101.043   152.679   0.14861359291801612
101.728   153.923   0.1475161008161469
103.147   153.951   0.14890228339418007
103.832   155.195   0.1483003708693904
105.252   155.221   0.14956767698937903
105.937   156.465   0.14942891286494275
107.356   156.49   0.15015262235473378
108.042   157.734   0.1508676240947773
109.461   157.758   0.15200858528386862
110.147   159.002   0.1526689555869234
111.567   159.023   0.15214890732436684
112.253   160.267   0.154020161017958
113.672   160.287   0.15201920931250335
114.359   161.53   0.1537947008189912
115.778   161.548   0.15041146897760838
86.2004   148.697   0.15111442684270848
86.89   149.938   0.15079605432504523
88.3102   149.966   0.1493854075872142
88.9987   151.208   0.14880779549472567
90.4188   151.237   0.147622118938869
91.1063   152.48   0.14690667105343178
92.5262   152.509   0.1463467116132096
93.2127   153.752   0.1457495454538337
94.6326   153.782   0.14571839279926188
95.3182   155.026   0.14527959251044545
96.7379   155.055   0.1455040205630022
97.4227   156.299   0.1450310311623041
98.8424   156.328   0.1453955295048664
99.5267   157.573   0.1452928422187466
100.946   157.601   0.1456183024210866
101.631   158.845   0.14561057653892925
103.05   158.872   0.14654217822866217
103.735   160.116   0.1465308499941352
105.155   160.142   0.14787430473209778
105.84   161.386   0.14898459651923895
107.259   161.41   0.1491648752220165
90.3238   156.153   0.14505254220454275
91.0096   157.397   0.14509393509034266
92.4294   157.426   0.14510358369110263
93.1142   158.67   0.14544896012003833
94.534   158.7   0.14540701496145333
95.2182   159.945   0.1455584075208281
96.6379   159.974   0.14543974697447787
97.3218   161.219   0.14538129178130052
98.7416   161.248   0.1451771331856328
102.147   121.888   0.08000131248923424
103.567   121.909   0.07934758975544591
104.262   123.149   0.08160735260992573
105.682   123.17   0.08162897769787887
106.376   124.411   0.08338519053165669
107.795   124.433   0.08353538172535156
108.488   125.675   0.08493179616609726
109.907   125.697   0.0849953528141408
110.598   126.939   0.08608391255048047
95.0554   121.8   0.08720349763627985
95.7553   123.037   0.09291592974297198
97.1755   123.059   0.09144189411861872
97.8742   124.296   0.09628094307805286
99.2941   124.318   0.09501773518664713
99.9915   125.557   0.09902025045413788
101.411   125.579   0.09759897540446404
102.107   126.819   0.10073053161777894
103.527   126.842   0.10100836599015141
104.221   128.082   0.10292176640536295
105.64   128.106   0.10310969886484468
106.333   129.347   0.1047043934130739
107.752   129.371   0.10555870404660617
108.443   130.613   0.10604098264350657
109.862   130.637   0.10738365797456999
110.553   131.88   0.10817989646879267
111.972   131.903   0.10930420851914621
112.661   133.147   0.10909578360321646
114.08   133.169   0.11026440948919676
114.769   134.413   0.10949835615205662
87.2291   122.925   0.09272394512745877
88.6499   122.947   0.09174012208406608
89.3528   124.181   0.09979779556684094
90.7734   124.204   0.09863822788350986
91.4751   125.439   0.10596508859053144
92.8956   125.462   0.10472444795749136
93.596   126.699   0.11112695442601382
95.0163   126.722   0.10994002910678104
95.7152   127.959   0.11517417245197958
97.1353   127.983   0.11419899299031107
97.8327   129.222   0.11850156117115651
99.2526   129.246   0.11787187959814631
99.9482   130.485   0.12085135497791955
101.368   130.509   0.12075413036413662
102.062   131.75   0.12300812981262367
103.481   131.775   0.12319857953726401
104.173   133.016   0.12415816525706018
105.593   133.041   0.12580735272629984
106.283   134.284   0.12594697296878746
107.702   134.308   0.12731598485657394
108.392   135.552   0.1275398369138065
109.811   135.576   0.1292803542693248
110.5   136.82   0.12910058094369667
111.919   136.843   0.12944732519445684
112.607   138.087   0.12916485590127616
114.026   138.109   0.12903782391221558
114.714   139.352   0.12760442782285628
116.134   139.372   0.12748823475130475
116.822   140.616   0.12666491226856513
118.242   140.634   0.125318953075733
118.93   141.877   0.1239904835058025
78.6846   122.811   0.07978026071654684
80.1062   122.834   0.07952094063830287
80.8124   124.066   0.08866701754316643
82.2338   124.089   0.0882960927787855
82.9392   125.321   0.09804616259701197
84.3605   125.344   0.097453835224689
85.0648   126.578   0.10698635427007296
86.4858   126.601   0.1060935436301331
87.189   127.836   0.11502147625551502
88.6098   127.86   0.11392497531271044
89.3116   129.095   0.12193084105344446
90.7322   129.119   0.12065189596521125
91.4325   130.356   0.12745430553731796
92.8529   130.381   0.12627165160874979
93.5515   131.618   0.13176224800754371
94.9717   131.643   0.13068316647525183
95.6685   132.882   0.13487612835486315
97.0885   132.907   0.13416139534157895
97.7834   134.147   0.13709865061334447
99.2032   134.172   0.13682079520307194
99.8961   135.413   0.13854692345916667
101.316   135.439   0.1397712774499858
102.007   136.681   0.14023284208772754
103.426   136.707   0.14049131645764218
104.116   137.95   0.14058093754132872
105.535   137.975   0.14191109893168335
106.224   139.219   0.14202285027417721
107.643   139.244   0.14329344018481985
108.331   140.488   0.14260746824763484
109.75   140.513   0.14407692389830956
110.437   141.757   0.142762039772484
111.857   141.78   0.1438980194443224
112.544   143.024   0.14258572859862928
113.963   143.045   0.1420512583541515
114.651   144.289   0.14135430661991516
116.07   144.308   0.1403446115816249
116.758   145.551   0.13850790591152704
118.177   145.569   0.13696218456200782
118.865   146.812   0.13603900176052247
120.285   146.827   0.13218562705529416
120.973   148.069   0.13075488518597916
122.392   148.083   0.1253981259828071
123.081   149.325   0.12509520374497465
71.5485   122.718   0.06797977640445726
72.2565   123.948   0.07197805221038117
73.6785   123.971   0.0722330949080812
74.3862   125.202   0.07955784059412166
75.8081   125.226   0.07970602235715954
76.5153   126.457   0.08911660900191518
77.9371   126.48   0.08930610281497797
78.6435   127.712   0.09966232989449597
80.0651   127.736   0.09951406935705434
80.7705   128.969   0.10989540481749169
82.192   128.993   0.10940749517285606
82.8962   130.226   0.1196122067349192
84.3174   130.251   0.11869245974366367
85.0203   131.485   0.12783461972408106
86.4413   131.511   0.12676517660619055
87.1425   132.746   0.13466153868124683
88.5633   132.772   0.13351029922818747
89.2628   134.008   0.14003163928198026
90.6833   134.034   0.13883533411923335
91.381   135.272   0.14389318955392302
92.8013   135.298   0.14284565096634716
93.4969   136.537   0.14638715790669102
94.917   136.564   0.14566389394768256
95.6106   137.804   0.14791605727574852
97.0306   137.83   0.14774318935234285
97.7222   139.071   0.14863599833149205
99.142   139.098   0.1491705399869599
99.8318   140.34   0.1492255005017609
101.251   140.367   0.14979816420770506
101.94   141.61   0.14971653215326922
103.359   141.637   0.1508225447338725
104.047   142.881   0.15038487290948024
105.466   142.907   0.15153959878526876
106.153   144.151   0.15048006512492496
107.573   144.177   0.1524639301605318
108.259   145.421   0.1507968500997138
109.679   145.445   0.15241289315539513
110.365   146.689   0.1503071854569809
111.785   146.712   0.1515099006665858
112.471   147.956   0.1502406403074686
113.891   147.977   0.14929822503968807
114.578   149.22   0.14858334361562012
115.997   149.239   0.14600082191550842
116.684   150.482   0.14527907626358869
118.104   150.499   0.14218945108551298
118.791   151.742   0.14195900816784054
120.211   151.756   0.1366784547761577
120.898   152.999   0.13697404863694745
122.318   153.011   0.1302315246013877
123.006   154.253   0.13055531394776274
124.425   154.263   0.1229512098354562
125.114   155.505   0.12319857953726089
126.533   155.513   0.11430769877834315
127.222   156.754   0.11504190540840807
75.7648   130.124   0.09797535404375586
76.4706   131.355   0.10943335871662632
77.8924   131.38   0.10903072961326474
78.5971   132.612   0.1201374629330819
80.0187   132.638   0.11923644577056863
80.7221   133.871   0.1293106724133703
82.1434   133.897   0.12844130955421387
82.8453   135.131   0.13739439581001883
84.2664   135.158   0.13615667445998192
84.9665   136.393   0.14372765913351324
86.3874   136.42   0.14241832747227778
87.0855   137.657   0.14819885289704224
88.5062   137.684   0.14693199107070146
89.2023   138.922   0.15118005820874061
90.6227   138.949   0.14987424728751494
91.3167   140.188   0.15268994727879356
92.737   140.215   0.15170972282618475
93.429   141.456   0.15314653113929688
94.8491   141.484   0.15269986902418164
95.5393   142.725   0.15299248347549527
96.9592   142.753   0.15308834050964448
97.6478   143.995   0.15252848914219122
99.0676   144.023   0.15318335418706208
99.755   145.266   0.1522252607158208
101.175   145.294   0.15390324882861356
101.861   146.538   0.1522997373602553
103.281   146.565   0.1543706254440959
103.967   147.809   0.1525378969305602
105.387   147.836   0.15439109430274545
106.073   149.08   0.15265742694020137
107.492   149.105   0.15391556126656258
108.178   150.349   0.1528790698558779
109.598   150.374   0.15428185246489115
110.284   151.617   0.15298692754610474
111.703   151.64   0.15294198246392232
112.39   152.883   0.15248688468194685
113.809   152.904   0.15118958297449225
114.495   154.147   0.1509422406087816
115.915   154.166   0.1487259560399572
116.602   155.409   0.14934393191555095
118.021   155.425   0.14552168223326936
118.708   156.667   0.145130148487496
120.128   156.681   0.14017221550651696
120.815   157.923   0.14114818454377012
122.234   157.935   0.1337944692429424
122.922   159.176   0.13465867963111983
124.342   159.186   0.1259985714204723
125.03   160.427   0.12731205755935174
126.45   160.435   0.11746612277589805
127.139   161.676   0.11909496211006951
128.558   161.681   0.10743318854060878
79.9637   137.539   0.13603462794451116
80.664   138.775   0.1434184437232511
82.0851   138.801   0.14274498239869132
82.7834   140.037   0.14903133898612905
84.2043   140.064   0.1476497544867571
84.9006   141.302   0.1523207471095072
86.3213   141.329   0.1509805616627471
87.0156   142.568   0.15384540942127917
88.4361   142.596   0.15260111401951929
89.1284   143.836   0.15409425686897443
90.5487   143.864   0.15302669701721666
91.2393   145.105   0.15336495688389815
92.6594   145.133   0.15265136750124408
93.3485   146.375   0.1521487758741472
94.7685   146.403   0.15191869536038136
95.4562   147.646   0.15078229339016827
96.8761   147.674   0.15110357374992192
97.5629   148.918   0.14989256152324948
98.9826   148.946   0.15093607918586258
99.6686   150.19   0.14929223020639285
101.088   150.218   0.1506273879478672
101.774   151.462   0.14956657380577176
103.194   151.489   0.15112828987321228
103.879   152.734   0.15033259792873832
105.298   152.76   0.15134939709162995
105.984   154.004   0.15092925495078127
107.403   154.029   0.15164709031167992
108.089   155.273   0.1516947263420741
109.508   155.297   0.15211508800904977
110.194   156.541   0.15276203716892678
111.614   156.563   0.15290928683372884
112.3   157.807   0.15343158084304834
113.719   157.827   0.15218439473217582
114.405   159.07   0.15336782583057137
115.825   159.088   0.15000346662659264
116.512   160.331   0.151922480232518
117.931   160.346   0.14630789452385018
118.618   161.589   0.14867350133766258
120.038   161.602   0.14183613784927926
84.1302   144.973   0.1521093356766788
84.8227   146.212   0.15389795320277352
86.2431   146.24   0.15250593431075848
86.934   147.481   0.15275827309837944
88.3543   147.509   0.15155579830544397
89.0438   148.75   0.15121441730206073
90.4639   148.779   0.15004299383842945
91.1522   150.021   0.1491312844442744
92.5722   150.05   0.14841324064920824
93.2595   151.293   0.1474665385774036
94.6794   151.322   0.14732538817189547
95.3657   152.566   0.1464604042053695
96.7855   152.595   0.1468013964511239
97.471   153.839   0.14603797451348163
98.8907   153.868   0.14667603757941336
99.5755   155.112   0.14590106236762168
100.995   155.14   0.14675067291157254
101.68   156.385   0.14666969693839052
103.099   156.412   0.1474350365415219
103.784   157.656   0.14736013707919907
105.204   157.682   0.1489893955957818
105.889   158.926   0.1489303528499123
107.308   158.951   0.15011958566423156
107.994   160.194   0.1502574124627407
109.413   160.218   0.1513876150812799
110.099   161.461   0.15265569101740664
111.519   161.483   0.1520237152552158
88.2645   152.424   0.1472664252299228
88.9521   153.666   0.14651829237334596
90.3721   153.695   0.14588204138960933
91.0587   154.938   0.14545397897616744
92.4786   154.968   0.1451829535448309
93.1643   156.211   0.14508218360639477
94.5841   156.241   0.1450990351449664
95.2689   157.485   0.14504623400833466
96.6887   157.515   0.14514613325886236
97.3729   158.759   0.14499282740880481
98.7926   158.788   0.14490286401586447
99.4766   160.033   0.14508218360639194
100.896   160.061   0.14535473848485464
101.581   161.305   0.14535683678451086
103.0   161.332   0.14610643380769
92.3786   159.885   0.1455729370453166
93.0628   161.129   0.14587381533366434
94.4825   161.159   0.14584004936916417
55.7042   31.4622   0.06086222145140603
57.8197   32.7184   0.06247511504591153
58.5145   33.9584   0.06381426172886347
59.9342   33.9761   0.06377491669927715
60.6283   35.2168   0.0648323221857747
62.0477   35.2355   0.06487696047133899
62.7409   36.4768   0.06565180880981299
64.1602   36.4966   0.06582955263405854
64.8525   37.7386   0.06638418486356684
66.2716   37.7593   0.06668950442161055
66.9631   39.0019   0.06700477594917952
68.3821   39.0234   0.06714208814149233
69.0731   40.2664   0.06730245166411086
70.492   40.2882   0.06740192875578487
62.008   40.1737   0.07084214847109328
73.8449   0.857253   0.15201814535113867
75.2646   0.877312   0.15367094357750233
75.9506   2.12052   0.15215961652159965
65.3254   0.748878   0.13527028144052888
66.7451   0.760025   0.14302690124938047
67.4326   2.00199   0.14142225284586638
68.8522   2.01538   0.1476809398669981
69.5391   3.25782   0.14615069243763285
70.9587   3.27356   0.15074883382633625
71.6452   4.51639   0.14952432076421512
73.0648   4.53445   0.15251234835251726
73.751   5.77763   0.15166674816847464
75.1706   5.79787   0.15313367526445812
75.8566   7.04134   0.1527408200187501
77.2762   7.06357   0.15293694811915037
77.9619   8.3073   0.15303074985113238
79.3816   8.33125   0.15226347428060272
80.0671   9.57521   0.15278598790465264
56.805   0.677308   0.09765817284794974
58.2246   0.681931   0.10855429441528308
58.9139   1.92251   0.10731753305028907
60.3335   1.92847   0.11790050890475418
61.0222   3.16947   0.11656393996429593
62.4418   3.17706   0.12639717401904213
63.13   4.4185   0.1252103625903219
64.5495   4.42801   0.13382470810728483
65.2373   5.66988   0.1327708928944882
66.6568   5.6815   0.14000395744406682
67.3442   6.92379   0.1392475094929901
68.7637   6.93767   0.1448531259586753
69.4507   8.18034   0.14441532778760105
70.8702   8.19651   0.14842061211300947
71.5569   9.43953   0.14841121386202405
72.9764   9.45799   0.15085622824397987
73.6629   10.7013   0.15125574369259703
75.0825   10.7219   0.15224785712778097
75.7688   11.9656   0.15296698990304838
77.1883   11.9882   0.15281289212628615
77.8745   13.232   0.15401318125407568
79.2941   13.2563   0.1529915357135843
79.9801   14.5004   0.15428379694575903
81.3997   14.526   0.1527653756582321
82.0858   15.7701   0.15413919034431012
83.5054   15.7967   0.15243369050180391
84.1918   17.0407   0.15380812722349615
48.2838   0.625772   0.067770540059822
49.7034   0.627818   0.071620117292559
50.3939   1.86759   0.07114735132104254
51.8134   1.87004   0.07803960789240193
52.5037   3.10996   0.07728470806052005
53.9233   3.1131   0.08612633801573112
54.6134   4.35324   0.08532704377862836
56.0329   4.35736   0.09520404403175285
56.7227   5.59779   0.09446122167323348
58.1422   5.60317   0.10455364603876754
58.8317   6.84395   0.1039780246013549
60.2512   6.85083   0.11364508084382736
60.9402   8.092   0.11327773655930792
62.3597   8.10061   0.12198361529320303
63.0484   9.3422   0.12187479682034358
64.4678   9.35271   0.12938425290583244
65.156   10.5947   0.1295709072284344
66.5755   10.6073   0.13557946009628033
67.2633   11.8497   0.13598110162812746
68.6828   11.8643   0.14058033290613547
69.3703   13.1072   0.14119734416765742
70.7897   13.124   0.14438736094270763
71.4769   14.3671   0.14534541616438856
72.8964   14.3861   0.14694386683356364
73.5833   15.6296   0.14815299524478415
75.0028   15.6506   0.14862048983905302
75.6896   16.8944   0.14992484784050777
77.1091   16.9173   0.1493660269271459
77.7958   18.1613   0.15072591018136383
79.2152   18.1857   0.1495426694960342
79.902   19.4298   0.15082662231847282
81.3215   19.4553   0.14920348521398774
82.0086   20.6993   0.15027005689757514
83.4281   20.7256   0.1486495879577176
84.116   21.9691   0.14938283033869504
85.5355   21.9957   0.14802317386139713
86.2246   23.2385   0.14815670757681595
87.6442   23.2652   0.14732630450805465
88.3348   24.5071   0.14681093283539565
39.762   0.576737   0.08848605142054883
41.1816   0.579608   0.07906706014517045
41.8722   1.81936   0.07962359951672598
43.2918   1.82179   0.0721952325295785
43.9826   3.06137   0.0724084249241749
45.4023   3.06365   0.06784403068804153
46.0934   4.30313   0.06779905899051841
47.5131   4.30555   0.06688056518899838
48.2044   5.54502   0.0665921136471882
49.624   5.54785   0.06923448273800986
50.3153   6.7874   0.06902383646248589
51.735   6.79091   0.07467518262448292
52.4263   8.03063   0.07454292991290319
53.8459   8.03506   0.08208218381597839
54.5369   9.27504   0.08228612033629869
55.9565   9.28062   0.09068287655340417
56.6473   10.5209   0.09108990064765798
58.0668   10.5279   0.09956254315755339
58.7572   11.7686   0.10019146670251153
60.1767   11.777   0.10811701993673603
60.8665   13.0182   0.10894512380092992
62.286   13.0283   0.11602159281788849
62.9754   14.2699   0.11694750959297803
64.3948   14.2817   0.12292863783512653
65.0837   15.5238   0.12395503216893304
66.5031   15.5375   0.12866681778920028
67.1916   16.78   0.12978016027112993
68.611   16.7957   0.1330441655992461
69.2991   18.0386   0.13431038679119828
70.7186   18.0562   0.13628873761246874
71.4064   19.2995   0.1376042150517187
72.8258   19.3191   0.13838923368528644
73.5134   20.5627   0.1397150671903374
74.9327   20.5842   0.13947913822504185
75.6202   21.8281   0.1407947797327751
77.0395   21.8512   0.13976626917822596
77.7272   23.0952   0.14083657195487143
79.1464   23.1196   0.13933588913126344
79.8345   24.3634   0.14016954020042768
81.2537   24.3886   0.13853353384650935
81.9427   25.632   0.13877928519774915
83.362   25.6575   0.13733666662621777
84.0522   26.9001   0.13707983075566102
85.4717   26.9258   0.13609320335710767
86.1635   28.1674   0.1350913764827321
87.5831   28.1929   0.13472809655005036
88.2768   29.4334   0.13267780522755906
89.6966   29.4586   0.13290063957708367
90.3922   30.6979   0.12971345342715485
91.8123   30.723   0.13035697142846592
92.5097   31.9611   0.12589590938550002
41.101   5.49812   0.07993265665546166
41.7933   6.73714   0.07973038065881742
43.2131   6.74058   0.0721164509664754
43.9058   7.97943   0.07173536157293649
45.3256   7.98301   0.0668040335608566
46.0186   9.22182   0.06651484721473884
47.4384   9.22578   0.06489951925861968
48.1315   10.4647   0.06486447409792169
49.5513   10.4692   0.0665029322661805
50.2442   11.7083   0.0669215212020778
51.664   11.7137   0.07112784264969779
52.3567   12.9531   0.07187586521218589
53.7764   12.9594   0.07782891493525695
54.4687   14.1992   0.07890538638141434
55.8884   14.2067   0.08546045869289605
56.5802   15.447   0.08665396701824976
57.9998   15.4558   0.09332427336979264
58.691   16.6965   0.09465268089177169
60.1106   16.7067   0.10074805209034943
60.8012   17.9479   0.10206889829913669
62.2208   17.9596   0.10732203874321525
62.9109   19.2013   0.1086923180358202
64.3304   19.2146   0.1129829190630182
65.02   20.4567   0.11426202343736303
66.4395   20.4717   0.11746952796363987
67.1288   21.7143   0.11857626237995336
68.5482   21.7311   0.12073197588045895
69.2371   22.974   0.12182007223771146
70.6565   22.9926   0.12281323218611642
71.3451   24.236   0.12383335576491399
72.7644   24.2564   0.12393683875264819
73.4529   25.5   0.12483320872267585
74.8721   25.522   0.12407102804442287
75.5606   26.7658   0.12474958917768536
76.9798   26.789   0.12352165801995829
77.6687   28.0327   0.12385479401298492
79.0879   28.0567   0.12241838097279188
79.7777   29.2999   0.12223853729491747
81.1969   29.3243   0.12098268471148904
81.888   30.5668   0.12019596499050221
83.3073   30.5911   0.11942817925431674
84.0   31.8326   0.11790988084126247
85.4195   31.8567   0.11769307541227637
86.1139   33.0971   0.11526269995102131
87.5336   33.1209   0.11567860649229689
88.2298   34.3602   0.11218810097332697
89.6497   34.3837   0.11306166459061398
90.3475   35.6219   0.10851124365705275
91.7676   35.6451   0.10974064880435491
92.4669   36.8823   0.10418147628058375
93.8872   36.9052   0.10553658133556676
94.5879   38.1415   0.09896044664409714
96.0084   38.1639   0.10031046804795468
96.7103   39.3993   0.09296122847725452
45.2567   12.9024   0.06472997759925396
45.9517   14.1405   0.06448015198493103
47.3717   14.1466   0.0623951119880397
48.0665   15.3849   0.06289085784118466
49.4865   15.3917   0.06346502974079396
50.1809   16.6304   0.06453100030217888
51.6009   16.6381   0.06715757589430761
52.2948   17.8772   0.06869992721975755
53.7147   17.8859   0.07253282015749764
54.408   19.1255   0.07435226963583588
55.8278   19.1352   0.07878895861730671
56.5205   20.3753   0.08046023862753719
57.9402   20.3863   0.0848377863926223
58.6323   21.6269   0.08635508091594866
60.052   21.6391   0.09047502417794644
60.7436   22.8802   0.09178496608922458
62.1632   22.8937   0.09526274192988396
62.8543   24.1353   0.09631479637106499
64.2738   24.1503   0.09908506446483145
64.9645   25.3923   0.10000369993155186
66.3839   25.4089   0.10181399707309685
67.0742   26.6513   0.10257689798390328
68.4935   26.6695   0.10362794024779147
69.1834   27.9124   0.10422840303870656
70.6026   27.9322   0.10447095290079704
71.2922   29.1755   0.10492907128151437
72.7113   29.1967   0.10449449746278548
73.4008   30.4402   0.104788214986225
74.8199   30.4626   0.10368268900833842
75.5097   31.706   0.10364622520864648
76.9287   31.729   0.10239858397457803
77.6192   32.9721   0.10206086419386862
79.0383   32.9953   0.10089722493706049
79.73   34.2377   0.09989489476443944
81.1492   34.2607   0.09922504724111027
81.8423   35.5022   0.09764558361749255
83.2617   35.5249   0.09748969176277059
83.9563   36.7654   0.09516244006959491
85.3759   36.7876   0.09560010460245143
86.0721   38.0271   0.09244295538330295
87.4919   38.0489   0.09336883848480082
88.1895   39.2874   0.08939284087666043
89.6095   39.3088   0.09070181916588231
90.3083   40.5464   0.08589726421720341
91.7285   40.5674   0.08741515886846836
49.4286   20.3152   0.059921365137987063
50.1242   21.5535   0.061398208442917435
51.5444   21.5638   0.06254262546455772
52.2394   22.8026   0.06435378776730931
53.6594   22.8138   0.06635932489108151
54.3538   24.0532   0.0680862688065667
55.7737   24.0654   0.07056861908809013
56.4675   25.3053   0.07200145831856453
57.8874   25.3185   0.07442956401860548
58.5806   26.5589   0.07564000264410334
60.0004   26.5733   0.07782358254411048
60.6931   27.8141   0.07872299536984069
62.1127   27.8297   0.08053657554180103
62.805   29.071   0.08119199467927703
64.2244   29.0879   0.08252484474386966
64.9161   30.3297   0.08298469738451815
66.3354   30.348   0.0838041168439827
67.0266   31.5904   0.08409173562247481
68.4457   31.6101   0.08439763029848542
69.1364   32.853   0.08451887363187024
70.5554   32.8739   0.08431874050292254
71.2458   34.1171   0.08427306805854659
72.6648   34.1389   0.08359629178378825
73.3553   35.3821   0.0833005402143345
74.7742   35.4044   0.08250266662357054
75.4652   36.6474   0.08189493268816957
76.8842   36.6696   0.0811153499653379
77.5761   37.912   0.08009581761865163
78.9952   37.9339   0.07966435840449401
79.6882   39.1755   0.07822544343114919
81.1076   39.1969   0.07819450108543233
81.8019   40.4376   0.07626984987529316
83.2215   40.4582   0.07677414929518166
53.6103   27.7427   0.06048892460607892
54.306   28.9818   0.06219750798866479
55.726   28.9965   0.06266953007642412
56.421   30.236   0.06419299027152252
57.8409   30.2517   0.06478564655847778
58.5353   31.4918   0.06591100059929193
59.955   31.5084   0.0664465198486716
60.6488   32.749   0.0672358535306861
62.0683   32.7667   0.0677592060165975
62.7613   34.0079   0.06832766643168751
64.1807   34.0267   0.06879549403849082
64.8729   35.2687   0.0691277802334173
66.2921   35.2886   0.0693883996068487
66.9836   36.5311   0.06961472545374363
68.4027   36.5521   0.06969361520254126
69.0937   37.795   0.06974790319428906
70.5126   37.8166   0.06956435869034931
71.2035   39.0598   0.06946034840108098
72.6224   39.0816   0.06903404956975973
73.3135   40.3246   0.06871681017043817
74.7324   40.3462   0.06830029282514058
59.9142   36.444   0.0646020123525553
60.6084   37.6848   0.06589400579718706
62.0278   37.7045   0.06584367851206337
62.7209   38.946   0.06689820625397966
64.1401   38.9666   0.06701768423334283
64.8323   40.2088   0.0678572030074919
66.2513   40.2302   0.06819743396932168
69.5852   0.797811   0.14696331264638746
71.0049   0.813459   0.15167577868928098
71.6916   2.05611   0.15003438139306619
73.1113   2.07407   0.1531639647567273
73.7975   3.31711   0.151783121920719
75.2171   3.33723   0.15340746396443672
75.903   4.5806   0.15236433834726376
77.3227   4.60264   0.15267249130082494
78.0083   5.8463   0.1521194796861987
61.0653   0.70942   0.11804399868269423
62.485   0.716791   0.12807129672178644
63.1734   1.95802   0.12660432220109963
64.593   1.96724   0.13558875912110072
65.2808   3.20896   0.13412759186684917
66.7003   3.22027   0.1416772476440725
67.3876   4.46244   0.1403843370892906
68.8072   4.47602   0.14636653476802816
69.4941   5.71861   0.14533975677700928
70.9136   5.73453   0.14970320103457835
71.6002   6.97747   0.14903856413693625
73.0197   6.99571   0.15179589091935317
73.706   8.23897   0.15155480856772205
75.1256   8.25939   0.152842907588149
75.8117   9.50294   0.15307664224172063
77.2313   9.52536   0.1531209655795063
77.9172   10.7692   0.15377002308642668
79.3368   10.7933   0.15293452847542346
80.0226   12.0373   0.15393833180855399
81.4422   12.0629   0.1524488766767427
82.128   13.307   0.1537927501542217
52.5445   0.650176   0.07855721545472423
53.9641   0.653059   0.08783156519156453
54.6541   1.89314   0.08683965741526042
56.0736   1.89687   0.09717185806600552
56.7633   3.13725   0.09609128420413536
58.1828   3.14212   0.10671830255396683
58.872   4.38286   0.10565829640875353
60.2915   4.38918   0.11590944914026648
60.9803   5.6303   0.11496179756771285
62.3998   5.63832   0.12439612574352935
63.0882   6.87986   0.12364558059227147
64.5077   6.88981   0.13179647794990704
65.1956   8.13177   0.13130100570826087
66.6151   8.14381   0.13801442714441176
67.3026   9.38618   0.1378879722818496
68.7221   9.40041   0.14301474364553993
69.4093   10.6432   0.1431971368428821
70.8288   10.6596   0.1468205026554535
71.5157   11.9027   0.14731184609528403
72.9353   11.9214   0.14935708888432322
73.622   13.1648   0.15016810580146212
75.0415   13.1857   0.15094164435304178
75.728   14.4294   0.1520618295299688
77.1475   14.4521   0.15176649827943023
77.8339   15.6961   0.1530598902390796
79.2535   15.7204   0.15199046022695067
79.9398   16.9645   0.15337979006374702
81.3593   16.9902   0.15180270089823192
82.0459   18.2342   0.15312325101041394
83.4654   18.2607   0.1514824742338217
84.1525   19.5045   0.15253871639685568
85.572   19.5315   0.15111522094084004
86.2599   20.7748   0.15178501243534928
44.023   0.601984   0.07205020219263791
45.4426   0.604026   0.06798533515398637
46.1332   1.84369   0.06804174380481395
47.5528   1.84572   0.06763455921346599
48.2435   3.08537   0.06727087036749399
49.6631   3.08766   0.07061675155372106
50.3539   4.32738   0.07003917189687274
51.7734   4.33023   0.07639492391513912
52.4641   5.57009   0.07588373277587068
53.8837   5.57377   0.08415280684564219
54.5742   6.81386   0.08379398844785885
55.9937   6.81862   0.09302976082953295
56.684   8.05901   0.092786865988673
58.1035   8.06509   0.10218302207314203
58.7933   9.30585   0.10219952299301534
60.2128   9.31345   0.11108755150780766
60.9023   10.5546   0.1112868365980447
62.3218   10.5639   0.1193108964009563
63.0108   11.8056   0.11969736839212479
64.4302   11.8167   0.12643701989527992
65.1188   13.0588   0.12705912009769446
66.5382   13.0718   0.13259702108267693
67.2263   14.3143   0.13343455324615502
68.6458   14.3294   0.13735301234410663
69.3335   15.5723   0.1384370976292101
70.753   15.5895   0.14096914556029821
71.4404   16.8328   0.1422154351679217
72.8599   16.852   0.14338542464281284
73.5471   18.0956   0.14475838490394763
74.9666   18.1168   0.14483842722150805
75.6537   19.3607   0.14619993160053296
77.0731   19.3837   0.145419221563037
77.7602   20.6277   0.14672648022766793
79.1795   20.6521   0.1454170553958517
79.8669   21.8961   0.14650460743607427
81.2862   21.9215   0.14483400843724767
81.9742   23.1653   0.14551893347602976
83.3935   23.1912   0.14399687496609329
84.0825   24.4344   0.14430942450165746
85.502   24.4605   0.14304282575508956
86.1924   25.7028   0.1426668847350322
87.612   25.7289   0.14198151288107727
88.3042   26.9701   0.1407228126495494
89.724   26.9961   0.14065038215376185
90.4181   28.2361   0.1383000000000067
39.0304   1.79619   0.08865430390003677
39.7211   3.0359   0.08923035133854416
41.1408   3.03899   0.07972831429297832
41.832   4.27843   0.07994961163132563
43.2517   4.28123   0.07240763840921714
43.9434   5.5205   0.07228590803192629
45.3631   5.52331   0.06750449170240326
46.055   6.76249   0.06731167877864908
47.4748   6.76558   0.06587803579342603
48.1669   8.00477   0.06572710551971658
49.5866   8.00838   0.0678757688722573
50.2788   9.24769   0.06789300405785605
51.6985   9.25207   0.07286212733649666
52.3905   10.4916   0.07325940212696198
53.8101   10.497   0.0800056872978424
54.5018   11.7368   0.08074936532258252
55.9215   11.7433   0.08824262008802602
56.6127   12.9836   0.08912165842263269
58.0323   12.9914   0.09672734876962026
58.7231   14.2322   0.09771596594210889
60.1427   14.2414   0.10480820578561577
60.8329   15.4827   0.1058271231773774
62.2524   15.4935   0.1121433457678153
62.9421   16.7352   0.1133081638718049
64.3616   16.7477   0.11847873226870999
65.0508   17.9899   0.11965655017591277
66.4703   18.0042   0.12362673659043609
67.1591   19.2467   0.1248625644458782
68.5785   19.2629   0.12756621809867863
69.267   20.5059   0.12873468840992464
70.6864   20.524   0.13025286945015147
71.3746   21.7673   0.1314915206391689
72.794   21.7873   0.131924713378505
73.482   23.0309   0.13309519149841648
74.9012   23.0527   0.13258706573417364
75.5893   24.2965   0.1335570290175674
77.0085   24.3197   0.13248554638148474
77.6967   25.5636   0.13317634925165628
79.1159   25.5878   0.13170914926458108
79.8048   26.8314   0.1319709816588452
81.224   26.8562   0.1305561564997983
81.914   28.0992   0.13027697417425757
83.3333   28.1242   0.12913756231244472
84.0248   29.3663   0.12817413935735786
85.4443   29.3912   0.1276016065729621
86.1375   30.6322   0.1258205865508501
87.5571   30.6569   0.12587811565160223
88.2522   31.8967   0.12301276356540773
89.672   31.9212   0.12365415480282771
90.3689   33.1599   0.11957968054816633
91.789   33.184   0.1205439753782798
92.4875   34.4216   0.11539783360184956
93.9077   34.4455   0.11671251004069877
94.6078   35.6821   0.11033829797491697
43.1764   9.1998   0.07140456848129506
43.8702   10.4382   0.07084892377446685
45.2901   10.4427   0.0659294319708582
45.9841   11.6812   0.06563451835734203
47.4041   11.6861   0.06369560424393704
48.098   12.9247   0.0639472438811883
49.518   12.9304   0.06497361002745455
50.2117   14.1692   0.06578267249055897
51.6316   14.1757   0.06922448988616474
52.3249   15.4149   0.07040362206591529
53.7447   15.4224   0.07540013262587703
54.4375   16.6621   0.07682083050839639
55.8573   16.6707   0.08229021813070869
56.5495   17.9109   0.08381061985213717
57.9692   17.9207   0.08936531765735557
58.6608   19.1614   0.0909112204296027
60.0804   19.1726   0.0960157278783032
60.7715   20.4138   0.09734479955292895
62.1911   20.4264   0.10171769757520026
62.8816   21.668   0.10302611319466644
64.3012   21.6822   0.10646403148481723
64.9913   22.9242   0.10764617968140068
66.4108   22.94   0.11011330528142173
67.1005   24.1825   0.11108951345648899
68.5199   24.2   0.11265296267741642
69.2093   25.4429   0.11349444920347355
70.6286   25.4621   0.11415152210986301
71.3177   26.7054   0.11485543086854286
72.7369   26.7262   0.1147043591150739
73.4259   27.9698   0.11527094169824653
74.845   27.992   0.11438798013777332
75.5342   29.2357   0.11463825713957741
76.9532   29.2588   0.11342283720662744
77.643   30.5023   0.11331240002753735
79.0621   30.5259   0.11196704872416342
79.7529   31.7687   0.11142185602475196
81.1721   31.7925   0.11034001993837345
81.8642   33.0345   0.10920119046970929
83.2836   33.058   0.10868477354256421
83.9773   34.299   0.10673284405467771
85.3969   34.3222   0.10679316457526832
86.0923   35.5621   0.10400317302851803
87.5121   35.5849   0.10459302079966444
88.2091   36.8238   0.10079429547349954
89.629   36.8462   0.10187762266562879
90.3275   38.0841   0.09711997734760344
91.7477   38.1062   0.09839893292104786
92.4474   39.3432   0.09285957139681394
93.8678   39.3649   0.09424059634785158
47.3412   16.6072   0.060945385387245345
48.0367   17.8453   0.06158181549775646
49.4568   17.8533   0.06176317673176987
50.1518   19.0919   0.06308882626899932
51.5719   19.1008   0.06494867204185016
52.2663   20.3398   0.06667473284535806
53.6863   20.3497   0.06960711170562786
54.3801   21.5892   0.07134851084640678
55.8   21.6001   0.07477760359893966
56.4932   22.8402   0.07639286615908712
57.913   22.8522   0.07982117513542537
58.6056   24.0928   0.08121434602334744
60.0253   24.106   0.08437446296125188
60.7175   25.347   0.08544729369617203
62.1371   25.3615   0.08812457092094096
62.8288   26.603   0.0888931943401716
64.2483   26.6189   0.09099236231684531
64.9395   27.8608   0.09157013705351993
66.3589   27.8782   0.09292975841999851
67.0497   29.1206   0.09334098778135753
68.4689   29.1396   0.0940104781394075
69.1592   30.3824   0.09434495217021525
70.5783   30.4028   0.0943016966973563
71.2684   31.6461   0.09438267849557892
72.6874   31.6676   0.09387097527990773
73.3774   32.911   0.09383933077340842
74.7964   32.9334   0.09284686316725728
75.4868   34.1766   0.09243100129285296
76.9058   34.1993   0.09144484676568378
77.5971   35.4421   0.09058747153993892
79.0161   35.4647   0.08990339259450057
79.7086   36.7067   0.08851739941954634
81.1279   36.7289   0.08821354771235279
81.8217   37.9699   0.08633921472887238
83.2412   37.9917   0.08656771915673572
83.9364   39.2318   0.08402392516420229
85.3561   39.2529   0.0848562313563344
86.0527   40.4921   0.08151104219674252
87.4726   40.5128   0.08280495154276905
51.5184   24.027   0.060201079724536304
52.214   25.2657   0.062035957315093655
53.6341   25.2782   0.06310538804254523
54.3291   26.5174   0.06482630638868937
55.7491   26.5309   0.06624884904660563
56.4435   27.7706   0.06772222677969116
57.8634   27.7851   0.06905917752189031
58.5572   29.0252   0.07021210721805526
59.977   29.0407   0.07155172953884402
60.6703   30.2814   0.07239537278030801
62.0899   30.298   0.07344276683241141
62.7826   31.5393   0.07395065922626831
64.202   31.5572   0.07476717194063132
64.894   32.799   0.07509920106099793
66.3133   32.8182   0.07555349098486526
67.0047   34.0606   0.07571565227877212
68.4238   34.0809   0.07580949808566059
69.1147   35.3238   0.07592845316480651
70.5336   35.3452   0.0756842123563406
71.2243   36.5883   0.0754971522641743
72.6432   36.6102   0.07497973059434228
73.3341   37.8533   0.07455642158794425
74.753   37.8753   0.07389194814051193
75.4444   39.1181   0.07321126962428665
76.8635   39.1398   0.07267702525557433
77.5558   40.3819   0.07160286307124371
78.975   40.403   0.07148936983916344
71.1829   41.5313   0.06735198586530304
72.6018   41.5529   0.06724262041294839
73.2931   42.7958   0.06693317563062354
74.7121   42.8169   0.0667135668361376
75.404   44.0592   0.06627110984433503
76.8232   44.0795   0.06609152744489999
77.5159   45.3212   0.06541276633807708
78.9353   45.3404   0.06528506720529573
79.6289   46.5814   0.06437748053473448
81.0485   46.5996   0.06432860949841912
81.7429   47.8399   0.06315465145181146
83.1627   47.8572   0.06323234931583524
83.8579   49.0969   0.061772323899946587
85.2778   49.1133   0.06196402181911823
85.9738   50.3524   0.060055474354966706
87.3939   50.3681   0.060495123770430766
88.0905   51.6066   0.05827254928351537
89.5107   51.6216   0.05889482150410229
90.2079   52.8595   0.05652415412900886
91.6283   52.8738   0.057588974639249474
92.3262   54.1112   0.055345641201452245
93.7467   54.1247   0.057000000000000384
94.4452   55.3615   0.055343744000563584
95.8658   55.3743   0.05790207250176809
96.5649   56.6106   0.05731788551577788
97.9856   56.6227   0.06082450164201851
98.6852   57.8586   0.061654845713858715
100.106   57.8701   0.06621827542302716
100.806   59.1057   0.06841856473209408
102.227   59.1168   0.07400432419798254
102.927   60.3522   0.07750232254584195
104.348   60.3631   0.08373081869897028
105.047   61.5984   0.08767542415067309
106.468   61.6094   0.0942036623491917
107.168   62.8448   0.09908688106909228
108.589   62.8561   0.10574615832265521
109.288   64.0917   0.11057440933597404
110.709   64.1037   0.11695661588810886
111.407   65.3397   0.1214280445366731
112.828   65.3527   0.12694392462816403
113.525   66.5893   0.13092856831112623
62.7009   41.4154   0.0720691334761276
64.12   41.4368   0.07242989714199854
64.8119   42.6793   0.07334432493383299
66.2308   42.7012   0.07389857914736685
66.9219   43.9442   0.07446992681612773
68.3408   43.9662   0.07506304017291199
69.0315   45.2094   0.07535907377349867
70.4505   45.231   0.07574364659824472
71.1412   46.4741   0.07583864450265249
72.5602   46.495   0.07589604732790405
73.2514   47.7376   0.07576727525785958
74.6705   47.7574   0.0754521040130773
75.3623   48.9996   0.07525270759248347
76.7816   49.0181   0.07457405715126388
77.474   50.2596   0.07415315232678779
78.8935   50.2768   0.07315914160240128
79.5865   51.5178   0.07256183569894331
81.0061   51.5339   0.0713667289428355
81.6997   52.7743   0.07036327166924224
83.1195   52.7892   0.06899572450521851
83.8137   54.0292   0.0677273947527899
85.2336   54.0431   0.06621940803117912
85.9283   55.2826   0.06470625935719085
87.3484   55.2956   0.06342917309882103
88.0437   56.5346   0.06165589996099239
89.4638   56.5467   0.0608365843880147
90.1598   57.7851   0.058985591460965374
91.58   57.7963   0.05898830392543859
92.2766   59.0343   0.05759149242726907
93.6969   59.0447   0.058892189634958104
94.3941   60.2821   0.05829631206173763
95.8145   60.2918   0.06121462243614509
96.5121   61.5288   0.06163351361070022
97.9326   61.5379   0.06627103439662933
98.6305   62.7746   0.06772517995546175
100.051   62.7833   0.07404957798664404
100.749   64.0198   0.07632719043695564
102.17   64.0283   0.0834025179475991
102.867   65.2647   0.08634819048480864
104.288   65.2733   0.09403871543146015
104.985   66.5098   0.09692600270309124
106.406   66.5186   0.10527796540587116
107.103   67.7554   0.10832197376340494
108.524   67.7648   0.11666177608797512
109.22   69.002   0.11931961280527037
110.64   69.0123   0.12690681620780184
111.335   70.2501   0.12903894760884313
112.755   70.2617   0.13594704851521955
113.449   71.5002   0.13754075759569687
114.869   71.5134   0.1434960975079061
115.562   72.7528   0.14439546391768254
116.982   72.768   0.1492235236147419
117.673   74.0083   0.14925903657734915
66.188   47.6432   0.09325642069047771
66.8782   48.8865   0.09343714464815873
68.2971   48.9086   0.09422849887374676
68.9871   50.1519   0.09409851220927755
70.4062   50.1729   0.09452914894359503
71.0963   51.416   0.0941629438792123
72.5155   51.4357   0.0939998404253942
73.206   52.6783   0.09349213870695146
74.6253   52.6965   0.09252469940507795
75.3163   53.9387   0.09200451075898447
76.7358   53.9554   0.09043013878126535
77.4272   55.197   0.08956215718705973
78.8468   55.2122   0.08728762798931104
79.5387   56.4534   0.08631280322177382
80.9584   56.4673   0.08347634395443948
81.6508   57.7081   0.0822512005991386
83.0705   57.7207   0.0788524571589254
83.7634   58.961   0.0773214071263575
85.1833   58.9725   0.07392462377313475
85.8768   60.2123   0.0722408471711159
87.2967   60.2227   0.0688863556881915
87.9908   61.4619   0.06714469450373486
89.4108   61.4713   0.06463095233709715
90.1056   62.7101   0.06314570452532624
91.5257   62.7186   0.06199879031077833
92.221   63.9569   0.06098237450280203
93.6411   63.9646   0.06193690337754941
94.3368   65.2025   0.06172544046015469
95.757   65.2095   0.06507395792480965
96.453   66.4471   0.06570243526688839
97.8732   66.4537   0.07133554513704997
98.5692   67.6912   0.0725437109610481
99.9895   67.6975   0.08007502731812918
100.685   68.9349   0.08150907924888347
102.105   68.9412   0.09015564319553414
102.801   70.1788   0.0920359169020438
104.221   70.1853   0.101336715952316
104.916   71.4232   0.10300179610084635
106.336   71.4301   0.11255665240225034
107.03   72.6685   0.11363326977607249
108.45   72.6763   0.12304552003222242
109.143   73.9152   0.12360149675469746
110.563   73.9242   0.1325349765156373
111.254   75.1638   0.13233835422885062
112.674   75.1743   0.14034564474895764
113.365   76.4147   0.13979903433143284
114.785   76.4271   0.14656493441475077
115.474   77.6682   0.14541519865543234
116.894   77.6828   0.15085270962100733
117.582   78.9246   0.1493698095332515
119.002   78.9415   0.15329546633870297
119.689   80.1839   0.15166126730316523
121.109   80.2029   0.154047590049306
70.3564   55.1131   0.11429584419391485
71.0457   56.3562   0.11353052452975042
72.465   56.3746   0.11247866464356338
73.1546   57.6173   0.11157786518839492
74.574   57.6339   0.10948620917722443
75.264   58.8762   0.10849552986183024
76.6835   58.8911   0.10546231554446643
77.3738   60.133   0.10435870830936715
78.7934   60.1463   0.1002842958792656
79.4842   61.3877   0.09897474425326996
80.9038   61.3996   0.09425545077076691
81.5951   62.6405   0.09277440379760528
83.0148   62.6511   0.08743511880245458
83.7067   63.8915   0.0858717066326285
85.1264   63.9007   0.0803242180167405
85.8189   65.1406   0.0787799466869632
87.2387   65.1487   0.07355848013655084
87.9318   66.3881   0.07210048543524954
89.3516   66.3951   0.06786015030929693
90.0452   67.6341   0.06683629253631827
91.4651   67.6402   0.06452084934344783
92.1589   68.8789   0.06390289508308603
93.5789   68.8842   0.06434796034063808
94.2729   70.1226   0.06438330528949633
95.6928   70.1274   0.06779653383470319
96.3868   71.3658   0.06836197773616227
97.8068   71.3701   0.07461099114742101
98.5004   72.6086   0.0752108369851068
99.9204   72.6128   0.08364849072158864
100.614   73.8514   0.08441267677310564
102.034   73.8559   0.09417547451433116
102.726   75.0948   0.09422207809212527
104.146   75.0996   0.1045923515368182
104.838   76.3389   0.10466049875669661
106.258   76.3446   0.11512953574126403
106.949   77.5843   0.11466176346106445
108.368   77.5911   0.12478541581450832
109.058   78.8314   0.12385091844632617
110.478   78.8397   0.13350059924959984
111.167   80.0806   0.13215173097617544
112.587   80.0907   0.14062321998873098
74.515   62.569   0.12248730546468882
75.204   63.8113   0.12114247809913405
76.6235   63.8247   0.11665256105204469
77.3129   65.0666   0.11537044682239637
78.7324   65.0783   0.10973303969178388
79.4224   66.3198   0.10850414738616505
80.8419   66.3298   0.10183447353426685
81.5324   67.5708   0.10076651229451936
82.952   67.5793   0.09341616562458628
83.643   68.8198   0.09244084595026272
85.0626   68.827   0.08483967232373939
85.7541   70.067   0.08396749371035528
87.1738   70.0729   0.0767929033179525
87.8657   71.3126   0.07627319319393597
89.2854   71.3175   0.07032759060283109
89.9774   72.5569   0.07005776188260754
91.3972   72.5609   0.06640888494772071
92.0893   73.8001   0.06642017765709443
93.509   73.8034   0.06609357003521585
94.2011   75.0426   0.06629336316706017
95.6208   75.0455   0.06942636386848754
96.3126   76.2847   0.0695421454946571
97.7324   76.2875   0.07591238370648452
98.4238   77.5268   0.07584101792566139
99.8435   77.5297   0.08449952662588942
100.534   78.7693   0.08396618366938269
101.954   78.7726   0.09425815614577068
102.645   80.0125   0.09348507902333618
104.064   80.0166   0.104244520239681
78.6634   70.0072   0.11567696399888777
79.3526   71.2486   0.11530364261374304
80.7721   71.257   0.10678286379377731
81.4618   72.498   0.10668125421085582
82.8813   72.5048   0.09754332370798215
83.5713   73.7454   0.0976656029521137
84.9909   73.7507   0.08816064881793705
85.6813   74.991   0.08853434361872704
87.1008   74.9952   0.07966856343627822
87.7914   76.2351   0.08013376317134159
89.211   76.2384   0.07273472348197657
89.9017   77.4781   0.07318811378905657
91.3213   77.4807   0.0683038066289147
92.012   78.7204   0.06872830566804271
93.4316   78.7225   0.0672423229818828
94.1223   79.9621   0.06735116925488305
95.5419   79.9641   0.06964667974857008
82.8023   77.4271   0.10088057295633693
83.4917   78.6677   0.10200480380844361
84.9113   78.672   0.0914932237928042
85.6011   79.9122   0.09246712929467982
87.0207   79.9154   0.0824667811909772
87.7108   81.1554   0.08333282666512833
89.1304   81.158   0.07498699887313665
92.4285   41.8042   0.08189297894202897
93.8489   41.8247   0.08344471223510831
94.5499   43.0608   0.07733188217029958
95.9704   43.0808   0.07887318936114866
96.6724   44.3161   0.0724523291551077
98.0931   44.3356   0.07386027348987782
98.7958   45.5702   0.06772207911752434
100.217   45.589   0.06872735990855545
100.92   46.823   0.06375931304523426
83.9171   41.6981   0.07424877103359347
85.3368   41.7181   0.07531626650332998
86.0336   42.9571   0.07211379895692357
87.4536   42.9766   0.0735012925056436
88.1514   44.2148   0.06972639385483856
89.5715   44.2338   0.07137590629897798
90.2703   45.4713   0.06716807277270868
91.6906   45.4898   0.06891161005229433
92.3902   46.7267   0.06436342128880518
93.8107   46.7446   0.06620105739337168
94.5111   47.9808   0.06161769226448115
95.9317   47.9981   0.0634436758077566
96.6329   49.2336   0.05928541135894845
98.0537   49.2503   0.06119428077851666
98.7555   50.4853   0.05825100857495906
100.176   50.5013   0.060552952033737055
100.879   51.7357   0.05926466063346718
102.3   51.7511   0.06202910607126166
103.002   52.9852   0.0630613986524246
104.424   53.0002   0.0664265760068975
105.126   54.2339   0.06961091868378101
75.4242   41.5887   0.06762188994696941
76.8433   41.6098   0.06734641787058944
77.5359   42.8516   0.0664283824882134
78.9552   42.8718   0.06635284470163642
79.6488   44.1129   0.0652311275389311
81.0683   44.1322   0.06543890280254012
81.763   45.3726   0.06392972704462295
83.1827   45.391   0.06448302102104113
83.8783   46.6306   0.0625103991348665
85.2981   46.6483   0.0632981042370149
85.9946   47.8873   0.06097351884219484
87.4146   47.9043   0.06201007982578454
88.1118   49.1426   0.0592778204727539
89.532   49.159   0.06050305777396919
90.2299   50.3967   0.05755805764617045
91.6502   50.4124   0.05899093150646063
92.3488   51.6496   0.05610320846440103
93.7693   51.6646   0.057902158854397326
94.4686   52.9012   0.05534356331137281
95.8892   52.9155   0.05757846819775595
96.589   54.1516   0.05609010607941424
98.0098   54.1652   0.05900898236709289
98.7102   55.4008   0.058989999152400545
100.131   55.4138   0.06270087718684622
100.832   56.649   0.06445153217728515
102.253   56.6615   0.06908436870957266
102.954   57.8964   0.07242354589496018
104.375   57.9086   0.07757634948874252
105.076   59.1433   0.0822112522712
106.497   59.1555   0.08737253573062682
107.197   60.3903   0.09281734751650685
108.619   60.4027   0.09848807034356646
109.319   61.6375   0.10410446676295793
66.9427   41.473   0.06873092462640197
68.3616   41.4948   0.06912459764801313
69.0525   42.7379   0.06942535559865429
70.4714   42.7597   0.0696471822832766
71.1623   44.0027   0.0696366282928746
72.5813   44.0241   0.06975406798173006
73.2725   45.2668   0.06954430242658306
74.6916   45.2873   0.06942694001610439
75.3835   46.5295   0.06911656820184281
76.8027   46.5489   0.06872161232101656
77.4954   47.7905   0.06834273919005707
78.9148   47.8088   0.0678582345776833
79.6082   49.0497   0.06719464264359097
81.0278   49.0668   0.06657664755753373
81.7219   50.3072   0.06569025802963402
83.1417   50.3233   0.06511635739198039
83.8365   51.5631   0.06383087027450025
85.2564   51.5783   0.06325820104934912
85.9518   52.8175   0.06159131432272179
87.3718   52.8319   0.06121552090769096
88.0678   54.0706   0.05928617039411431
89.488   54.0842   0.0592641544274445
90.1846   55.3224   0.057321025810779185
91.6049   55.3351   0.05791217488576948
92.3021   56.5728   0.05610187162653124
93.7225   56.5847   0.05757343137246575
94.4204   57.8218   0.05654255034927241
95.8409   57.833   0.05926288889347227
96.5393   59.0697   0.05929763907610303
97.9599   59.0803   0.06340835907039485
98.6586   60.3166   0.06472410679183019
100.079   60.3266   0.06986071857631695
100.778   61.5627   0.07220810203848375
102.199   61.5724   0.07878965668156811
102.898   62.8083   0.08209202153680638
104.319   62.818   0.0892597333628138
105.017   64.0539   0.09278733749817007
106.438   64.0637   0.1002453490192976
107.136   65.2998   0.10407795155554536
108.557   65.3101   0.11157728263404681
109.255   66.5465   0.11553254952610538
110.675   66.5576   0.12229538012533794
111.372   67.7945   0.12578322622670796
112.793   67.8068   0.1324254507260684
113.488   69.0443   0.13494906446507313
114.909   69.0581   0.14070280736360496
115.603   70.2965   0.14256286332702775
64.0995   43.9072   0.08099734563552208
64.7909   45.1499   0.08178056003721099
66.2099   45.1722   0.08267018809704131
66.9005   46.4154   0.08309831526571013
68.3195   46.4375   0.08388068907680543
69.0099   47.6807   0.08402981613689711
70.4288   47.7021   0.08446780451745849
71.1193   48.9452   0.08439751181166115
72.5384   48.9655   0.08437659628119443
73.2293   50.2082   0.08419156727368705
74.6486   50.2272   0.08367305420504477
75.34   51.4693   0.08330366138411545
76.7594   51.4869   0.08218442674862611
77.4513   52.7285   0.08160839417608735
78.8709   52.7447   0.0800951933638972
79.5634   53.9857   0.07923566116339426
80.983   54.0007   0.07725600300300717
81.676   55.2413   0.07613967428351978
83.0958   55.2551   0.07389472240965439
83.7894   56.4952   0.07246661300212297
85.2093   56.5079   0.07006753884645797
85.9033   57.7476   0.06837038832711013
87.3233   57.7593   0.06622182419716399
88.018   58.9984   0.06436598480563938
89.4381   59.0091   0.06269872406995143
90.1334   60.2477   0.06105669496459758
91.5536   60.2575   0.06052264039183844
92.2495   61.4956   0.059246012524052885
93.6698   61.5046   0.060504297368037134
94.3662   62.7423   0.060042151860173996
95.7865   62.7506   0.06326491918907204
96.4833   63.9879   0.06378401053555692
97.9037   63.9957   0.06902789291293834
98.6007   65.2328   0.07036042921983926
100.021   65.2403   0.07719915802650003
100.718   66.4772   0.07930195457868862
102.138   66.4845   0.08722986873772401
102.835   67.7215   0.0896596341727973
104.256   67.729   0.09859381319332612
104.952   68.9662   0.10084309594612534
106.372   68.974   0.10966321169836263
107.067   70.2116   0.11150955116042134
108.488   70.2201   0.12025660065043674
109.182   71.4582   0.12205904308980307
110.603   71.4678   0.13031151138713765
111.296   72.7065   0.13119626519073838
112.716   72.7175   0.13873795443208622
113.408   73.957   0.1390734338398337
114.828   73.9698   0.14552243813239912
115.519   75.2101   0.14529322076408943
116.939   75.2249   0.15048362037111498
117.628   76.4661   0.1494976922898794
119.048   76.4831   0.1533539044172091
119.736   77.725   0.15193064207065685
68.2735   51.3793   0.10493836286125428
68.963   52.6227   0.10451511852358863
70.3821   52.6433   0.10467172493084938
71.0719   53.8864   0.1041979366398359
72.4911   53.9054   0.10350043478169677
73.1812   55.1481   0.10294658809305278
74.6006   55.1655   0.10140971353869169
75.291   56.4077   0.10058618195358288
76.7105   56.4235   0.09831347822145092
77.4014   57.6652   0.0973153636380167
78.821   57.6795   0.09420318465954025
79.5123   58.9208   0.09301688018848568
80.932   58.9337   0.08922073749975573
81.6238   60.1745   0.08780074031578931
83.0435   60.1861   0.08346130840096132
83.7359   61.4265   0.08190201462723493
85.1557   61.4368   0.07732554558487958
85.8487   62.6767   0.07574239235724864
87.2685   62.6859   0.07134654862009855
87.9621   63.9252   0.06972438597793787
89.382   63.9334   0.0663796655610743
90.0762   65.1723   0.0650341448779059
91.4962   65.1795   0.0632845952819504
92.1908   66.418   0.06252791376657467
93.6109   66.4244   0.06322056627395795
94.3058   67.6626   0.06317349127600967
95.7259   67.6684   0.06659834832786489
96.4208   68.9064   0.06717812143845572
97.8409   68.9118   0.0731505980836802
98.5358   70.1498   0.07415584939840801
99.9559   70.155   0.08213683704648334
100.65   71.393   0.08302144301324045
102.071   71.3983   0.09258363786327942
102.764   72.6365   0.09332807723294845
104.185   72.6421   0.10356398988065385
104.878   73.8807   0.1041731731301263
106.298   73.887   0.1143458788063614
106.99   75.1261   0.11445824566190718
108.41   75.1333   0.12443745416874305
109.101   76.373   0.12401604734871027
110.521   76.3815   0.13343781323148243
111.211   77.6218   0.1326029034372985
112.631   77.6321   0.14088878592706702
113.32   78.8731   0.13965077873038156
114.74   78.8854   0.1467096792989424
115.428   80.127   0.14520719679134342
116.848   80.1415   0.15070822804346792
72.437   58.8431   0.1203538948268813
73.1261   60.0859   0.11923493615547055
74.5455   60.1018   0.11654672882582795
75.235   61.3441   0.11534509092284663
76.6545   61.3583   0.11164663004318442
77.3443   62.6001   0.11026921601244938
78.7639   62.6127   0.10552236729717801
79.4542   63.8541   0.10413111926796985
80.8738   63.865   0.09841234678636628
81.5647   65.106   0.09706642055828589
82.9843   65.1155   0.09077808105484728
83.6758   66.356   0.08938366741188918
85.0955   66.3641   0.08280060386252354
85.7875   67.6041   0.08150153372789563
87.2072   67.6111   0.07534255105848284
87.8997   68.8506   0.07428007808288417
89.3195   68.8565   0.06917289931757788
90.0123   70.0957   0.06846604998098878
91.4321   70.1006   0.06544639027479054
92.1251   71.3396   0.06519593545613354
93.545   71.3438   0.06529326152061739
94.238   72.5827   0.06539258367735784
95.6578   72.5864   0.06872968790850074
96.3507   73.8252   0.06910173659178315
97.7705   73.8287   0.075465820077702
98.463   75.0676   0.07578403525809484
99.8828   75.0711   0.08439573448936508
100.575   76.3102   0.0844522350207558
101.995   76.314   0.09461775731859692
102.686   77.5534   0.09418943677504521
104.106   77.5578   0.10496404146182928
104.796   78.7976   0.10417893261115657
106.216   78.8029   0.115111120227371
106.906   80.0432   0.1140277597780426
108.326   80.0498   0.12445035154630504
76.5904   66.2904   0.12053431046801595
77.2795   67.5323   0.1196029263856059
78.699   67.5432   0.11307241042800222
79.3886   68.7846   0.11224014433347351
80.8081   68.7938   0.10457772229303942
81.4982   70.0348   0.1039505170742354
82.9177   70.0424   0.09557829251456451
83.6083   71.283   0.09518686884229575
85.0278   71.2892   0.08653808410174296
85.7188   72.5293   0.08632097080084246
87.1383   72.5343   0.07816885569074404
87.8295   73.7742   0.07823483878682025
89.2492   73.7781   0.0714638370086567
89.9405   75.0177   0.07159944133860675
91.3601   75.0209   0.06735287670173876
92.0515   76.2604   0.06764894677672516
93.4711   76.263   0.06668620547009914
94.1623   77.5024   0.06692264190840119
95.582   77.5047   0.0697517741709836
96.273   78.7443   0.06962025567318687
97.6926   78.7466   0.07569491396388649
98.3833   79.9862   0.07537997081453714
99.803   79.9888   0.08388980867781112
80.734   73.7193   0.10870717547614105
81.4232   74.9602   0.10906429296520588
82.8427   74.9663   0.0992187482283445
83.5324   76.2069   0.09986621050185218
84.9519   76.2117   0.08991295790930268
85.6419   77.4519   0.09058802349096914
87.0614   77.4555   0.08110696640856498
87.7516   78.6955   0.08189981684961106
89.1712   78.6983   0.07390142082531363
89.8616   79.9381   0.07458780061109448
91.2811   79.9404   0.0690520093842315
91.9717   81.1801   0.0694640194633131
93.3912   81.182   0.06740185457389058
84.8696   81.1317   0.09283689999132769
94.5688   40.601   0.08778354059845116
95.9893   40.6223   0.0891575571670745
96.6913   41.8576   0.08221179963971464
98.112   41.8783   0.08343158874191389
98.8149   43.1129   0.07621791128074926
88.1704   41.7511   0.07879321036739252
89.5905   41.7713   0.08034245453058413
90.2894   43.0088   0.07568659062211455
91.7097   43.0286   0.07730879639472263
92.4096   44.2653   0.07217977556075243
93.83   44.2846   0.0739083892396524
94.5308   45.5207   0.06838435493590457
95.9514   45.5394   0.07006290031107608
96.653   46.7748   0.06473360796371545
98.0738   46.7929   0.06626831822220522
98.7761   48.0277   0.06160332783218685
100.197   48.0451   0.06323140042731935
100.9   49.2793   0.06006238423505957
102.321   49.2961   0.06194295763038463
103.024   50.5299   0.06095440919244564
79.6685   41.6443   0.07004362926062987
81.0879   41.6646   0.07028612949934877
81.7825   42.9051   0.06846437029579502
83.2021   42.9247   0.06915410327666842
83.8979   44.1644   0.06677110153352084
85.3177   44.1832   0.0678429067773456
86.0144   45.4222   0.06497953523995056
87.4344   45.4404   0.06637363934575559
88.132   46.6787   0.06314641715884738
89.5522   46.6964   0.0646420915503198
90.2506   47.934   0.061066848616902716
91.6709   47.9511   0.06267288089756208
92.3701   49.1881   0.058990677229541745
93.7905   49.2046   0.06083239268679313
94.4904   50.441   0.057341259142088125
95.9111   50.4568   0.05925107593959465
96.6116   51.6926   0.056538305598947396
98.0324   51.7077   0.05890339548786611
98.7335   52.943   0.057567438713217664
100.154   52.9575   0.0604987603178759
100.856   54.1923   0.06110883733143442
102.277   54.2062   0.06465330617996128
102.979   55.4407   0.06712741615763387
104.4   55.4543   0.07129123368269068
105.102   56.6885   0.07559768514974974
106.523   56.702   0.08025764761068199
107.225   57.9361   0.08580990618803458
121.795   81.4458   0.15232557237706398
113.275   81.3322   0.13902406266542852
114.695   81.3445   0.1460663205533733
115.382   82.5865   0.14449221432312187
116.802   82.601   0.14993215132185952
117.489   83.8436   0.14832683506365532
118.908   83.8604   0.1521934624088749
119.595   85.1034   0.15082572724838014
121.014   85.1225   0.15313921770728475
121.7   86.3658   0.15219017708117882
123.12   86.387   0.15294852075126567
123.806   87.6305   0.15242653968387465
125.225   87.6535   0.15261667667722487
125.911   88.8974   0.15218544608470125
104.754   81.2569   0.10312584545107953
106.174   81.2621   0.11400951714658861
106.863   82.5027   0.11282021095529994
108.282   82.5093   0.12320166394980564
108.971   83.7505   0.12173380795817898
110.391   83.7588   0.13114000152509553
111.079   85.0004   0.12973546161323946
112.498   85.0108   0.13796593782524116
113.186   86.2528   0.13668152764730016
114.605   86.2654   0.14333349224797393
115.292   87.5078   0.14245887125762893
116.712   87.5227   0.14762672522277595
117.399   88.7655   0.14702843262444146
118.818   88.7827   0.15047923444780684
119.505   90.0259   0.15017073616388685
120.924   90.0453   0.15229215344199276
121.61   91.2887   0.15273928767674047
123.03   91.3103   0.1529826460746472
123.716   92.554   0.1537533414271078
125.136   92.5774   0.15307024531240773
125.822   93.8214   0.15404057906928229
127.241   93.8463   0.1530623729072536
127.927   95.0904   0.15432021902524448
129.347   95.1166   0.15240406818716526
130.033   96.3607   0.15377353478412994
96.2325   81.2038   0.06942449135571538
97.6521   81.206   0.07505784436020137
98.3425   82.4458   0.07443184802219936
99.762   82.4484   0.082678231717902
100.452   83.6884   0.08184845752974977
101.872   83.6918   0.09148387836116222
102.562   84.9321   0.09052425089443746
103.981   84.9366   0.1008961842687784
104.671   86.1771   0.10000624980470499
106.09   86.183   0.11034967149927494
106.779   87.4239   0.10948995387705086
108.199   87.4313   0.1191622843017122
108.887   88.6727   0.11876535690174564
110.307   88.6819   0.127074033539514
110.995   89.9237   0.12686311520690857
112.415   89.9349   0.13388386758679735
113.102   91.1771   0.13418841231641115
114.522   91.1905   0.13950448021479314
115.209   92.4331   0.14003720934094674
116.629   92.4486   0.1439407169636119
117.316   93.6916   0.1446080910599491
118.736   93.7093   0.14693539396619124
119.423   94.9526   0.1477826106143648
120.842   94.9725   0.14910680735633894
121.529   96.2161   0.15020499325921555
122.948   96.238   0.15043576702367834
123.635   97.4819   0.15154332713782243
125.054   97.5055   0.1508644756064195
125.741   98.7496   0.15198381492777358
127.16   98.7746   0.1514287291104295
127.847   100.019   0.15165253047674548
129.267   100.045   0.15038869638374033
129.954   101.289   0.1515190087084667
131.373   101.315   0.15047258886589437
132.061   102.559   0.15091815662801303
133.481   102.586   0.14934269315906987
134.17   103.828   0.14976795384862257
89.8209   82.3977   0.07549364211640586
91.2405   82.3999   0.06953567429744266
91.9313   83.6396   0.06974510735528207
93.3509   83.6417   0.06712883136179311
94.0418   84.8813   0.0669944027512733
95.4614   84.8836   0.06819802049913223
96.1524   86.1232   0.0678427593778447
97.572   86.126   0.07242741193774263
98.263   87.3657   0.07204706794866504
99.6826   87.3693   0.07911636998751054
100.373   88.6092   0.0791558589113873
101.793   88.6137   0.087505428403048
102.484   89.8539   0.08739610975324359
103.903   89.8597   0.09650388593211422
104.594   91.1003   0.0965561494675426
106.013   91.1075   0.10538073827791815
106.703   92.3484   0.10583496586667089
108.122   92.3573   0.11386891586381893
108.812   93.5987   0.11437066931692796
110.231   93.6092   0.12148353797943022
110.92   94.8511   0.1222217656557129
112.34   94.8635   0.12766929936362312
113.028   96.1058   0.12880392074776958
114.448   96.1202   0.13287663451488407
115.136   97.3629   0.13403898686576926
116.555   97.3793   0.13708617727545777
117.243   98.6224   0.13818277750864108
118.662   98.6408   0.14044390339206306
119.35   99.8842   0.14108047348941866
120.769   99.9046   0.14222046266272648
121.457   101.148   0.14322709240923445
122.876   101.171   0.14264291079474029
123.563   102.415   0.14403124660988587
124.983   102.438   0.14292501530522614
125.67   103.682   0.14424687171650843
127.089   103.707   0.14283542977847424
127.777   104.951   0.14345455726466855
129.197   104.977   0.1412276530995261
129.886   106.22   0.14148784400081854
131.305   106.246   0.14015238135686867
131.995   107.488   0.14040445149637723
133.415   107.514   0.13896146947984864
134.107   108.756   0.1376404373721654
135.527   108.781   0.13731482075872528
136.221   110.022   0.1348854699365378
137.64   110.047   0.13599488960987507
138.336   111.286   0.13246720348825994
86.9385   84.8343   0.08431992647055338
87.63   86.0736   0.08447982007556586
89.0497   86.0768   0.0758293478806172
89.7417   87.3159   0.07570660473168518
91.1614   87.319   0.06939409196754599
91.8537   88.558   0.06914087069165518
93.2735   88.5613   0.06584178004884064
93.9661   89.8003   0.06561768054419415
95.3858   89.8041   0.06583965370504233
96.0784   91.0432   0.0659041728572634
97.4982   91.0476   0.06926644209138767
98.1907   92.287   0.06969476307441345
99.6104   92.2923   0.07520498653680172
100.303   93.5319   0.07589426855830873
101.722   93.5383   0.08287967181402567
102.414   94.7783   0.0838775297681075
103.834   94.786   0.09072540989159901
104.525   96.0265   0.09198570541122403
105.945   96.0355   0.09871058707150317
106.635   97.2765   0.10018607687697784
108.055   97.2869   0.10619364387758841
108.745   98.5284   0.1075251133456725
110.164   98.5405   0.11335082708123555
110.854   99.7824   0.1145108291822218
112.274   99.7962   0.11835311571733338
112.963   101.039   0.11973140774250034
114.382   101.054   0.12277214667830744
115.071   102.297   0.12364744235123043
116.491   102.314   0.1256135343026389
117.179   103.557   0.12700645652878967
118.598   103.577   0.1276606830625684
119.287   104.82   0.12858289155249233
120.706   104.841   0.12864793041476225
121.394   106.085   0.1295237816001364
122.813   106.108   0.1285717309520176
123.502   107.351   0.12926267829501595
124.921   107.375   0.12743865190749246
125.61   108.619   0.1279093819858425
127.029   108.643   0.126343341731969
127.719   109.886   0.12607838831457283
129.138   109.911   0.12572493786039857
129.83   111.153   0.12363126627191225
131.249   111.178   0.12387368566406312
131.942   112.419   0.12223751469986456
133.361   112.444   0.12245962599975813
134.056   113.684   0.1196906011347585
135.476   113.708   0.11986225427547915
136.172   114.947   0.11664686022348691
137.592   114.971   0.11734496154500114
138.291   116.209   0.11189767647274332
139.711   116.232   0.11312121816882433
140.411   117.469   0.10702097925172839
141.831   117.492   0.10851843161419102
142.532   118.728   0.10168559386657519
91.0893   92.2379   0.06774023914927026
91.7837   93.4761   0.06728573400060861
93.2038   93.4814   0.06372574048216098
93.8982   94.7197   0.06383987781942961
95.3182   94.7255   0.06326270623360808
96.0125   95.9641   0.06389186176658329
97.4324   95.9708   0.06590599365763203
98.1263   97.2097   0.06714365197097814
99.5461   97.2173   0.07092263390484836
100.239   98.4567   0.07242306262510671
101.659   98.4653   0.0775365720160431
102.352   99.7052   0.07904511370097335
103.772   99.7149   0.08400696399703739
104.464   100.955   0.08600325575233178
105.884   100.966   0.09031838129639967
106.575   102.207   0.0924627492561204
107.995   102.22   0.0957087247851507
108.686   103.461   0.09712878049270551
110.105   103.475   0.10092873723573559
110.796   104.717   0.10162307808760805
112.216   104.732   0.10451703210482888
112.906   105.974   0.10553672346627922
114.325   105.991   0.10762416085619274
115.015   107.234   0.10801430460823792
116.434   107.253   0.10893576088686334
117.124   108.496   0.10935648128941275
118.543   108.516   0.10916427987212338
119.232   109.759   0.11052257687911804
120.651   109.781   0.109887442412677
121.341   111.025   0.10899270617798186
122.76   111.048   0.10843564911964576
123.45   112.291   0.10837896474870236
124.869   112.314   0.10728541373364642
125.559   113.557   0.10711344453428452
126.978   113.581   0.10599816036139646
127.67   114.823   0.10487821508778775
129.09   114.846   0.1037684441436659
129.783   116.087   0.10234275743794802
131.202   116.11   0.10261135414757505
131.897   117.351   0.09994123273205416
133.317   117.373   0.1001611202013941
134.014   118.612   0.09641166941818038
135.434   118.634   0.09722350538836022
136.132   119.873   0.09282677415486044
137.552   119.894   0.09416602359663344
138.251   121.132   0.08916815575079705
139.671   121.153   0.09079096871386612
95.2579   99.6477   0.060121709889185415
95.9535   100.886   0.06128295032061929
97.3736   100.895   0.06226756780219029
98.0687   102.134   0.06365822806205013
99.4887   102.144   0.06555524387873242
100.183   103.383   0.06777787249538027
101.603   103.394   0.07021260570581246
102.297   104.634   0.071616269101375
103.717   104.646   0.07470133867609001
104.41   105.886   0.07616534645100037
105.83   105.899   0.07925906888173119
106.522   107.14   0.08031618765852404
107.942   107.154   0.08312039460927105
108.634   108.395   0.08393449827097087
110.054   108.411   0.08582895781727634
110.746   109.653   0.08595353395876301
112.165   109.67   0.08745907614421485
112.856   110.912   0.08853027730669137
114.275   110.931   0.08871730383639849
114.966   112.173   0.0897048493672446
116.385   112.193   0.0895580258826638
117.076   113.436   0.08940380305109696
118.495   113.458   0.08870738413457956
119.185   114.701   0.08886529131218594
120.604   114.723   0.08806389725648177
121.294   115.966   0.08806565732452834
122.713   115.989   0.08691236966048384
123.404   117.232   0.08623433191020685
124.823   117.254   0.08552286244040416
125.516   118.496   0.08381771889045354
126.935   118.518   0.08341276880669736
127.628   119.76   0.0820407825413693
129.048   119.781   0.0816612515211376
129.742   121.022   0.07998256059918142
131.162   121.042   0.08104048371029818
99.4374   107.071   0.06046784269345017
100.133   108.31   0.06224379487145624
101.553   108.324   0.06307685787989481
102.248   109.563   0.0647448067415405
103.668   109.578   0.06566460233641631
104.363   110.818   0.06680426633082841
105.782   110.833   0.06820234600070346
106.476   112.074   0.06876801582131133
107.896   112.09   0.06957729514719482
108.589   113.331   0.07053764952136864
110.009   113.349   0.07079978813527164
110.701   114.59   0.07145103218288575
112.12   114.609   0.07200000000000431
112.812   115.852   0.07184121379820692
114.231   115.872   0.07224410010513203
114.922   117.114   0.07262513339058535
116.341   117.136   0.072358551671519
117.032   118.379   0.07227316237719134
118.451   118.4   0.07208612904019888
119.142   119.643   0.07165396011387004
120.561   119.665   0.07099464768557938
121.252   120.908   0.0705850550754237
122.671   120.93   0.07031536105289786
105.74   115.768   0.06292543206049317
106.435   117.008   0.06439138141086831
107.854   117.027   0.06417912433182815
108.548   118.268   0.06530819244168626
109.967   118.288   0.06534523701081843
110.66   119.529   0.06625171695888295
112.079   119.55   0.06649781951312264
112.771   120.792   0.06706720510055356
114.19   120.814   0.06710298055973328
117.535   81.3838   0.1489549596354589
118.955   81.4006   0.1529054609881522
119.641   82.6433   0.15131705125332565
121.061   82.6624   0.1535919594249588
121.747   83.9055   0.15226795460633827
123.167   83.9265   0.15315306069419304
123.853   85.17   0.15210341876499636
109.015   81.2906   0.12300768268689465
110.434   81.2988   0.13261089698814496
111.123   82.5401   0.13118143923589762
112.542   82.5503   0.1395680837441009
113.23   83.7921   0.13803079366576146
114.649   83.8044   0.14501103406292737
115.337   85.0468   0.1434845636296743
116.756   85.0614   0.14886964096147828
117.443   86.3041   0.14771188171572078
118.862   86.3211   0.1514445112904343
119.549   87.5642   0.15051079695490538
120.968   87.5834   0.1528400471080813
121.654   88.8268   0.15249737702661506
123.074   88.8482   0.15305322603590882
123.76   90.0918   0.15321788407362127
125.18   90.115   0.15273643965995537
125.865   91.3589   0.1535356636094722
127.285   91.3837   0.15217177793533138
127.971   92.6278   0.15292893774560348
100.493   81.2287   0.08313200346436413
101.913   81.2319   0.09319442043384633
102.603   82.4721   0.0920930507693167
104.022   82.4762   0.10289314845994406
104.712   83.7167   0.1017395694899484
106.131   83.7221   0.11240751754219863
106.82   84.9629   0.11128980186881562
108.24   84.9698   0.1213401005438811
108.928   86.2111   0.12031928357499204
110.348   86.2199   0.12919102135985266
111.036   87.4616   0.1283388483663448
112.455   87.4723   0.13623105372857783
113.143   88.7144   0.1355318412772422
114.563   88.7274   0.14149222593485108
115.25   89.9699   0.14127866080905524
116.669   89.9851   0.14596167305152774
117.356   91.228   0.14602715500893237
118.776   91.2454   0.14886440138595544
119.462   92.4886   0.14958024602199504
120.882   92.5083   0.1509354166522823
121.568   93.7518   0.1519168522580653
122.988   93.7736   0.15231877756862794
123.674   95.0173   0.153695315478381
125.094   95.0409   0.15266649927211273
125.78   96.2849   0.15419315808426481
127.2   96.3099   0.15256002097535035
127.886   97.554   0.15408987637090263
129.305   97.5802   0.15262601351013536
129.992   98.8242   0.15372507928117166
131.411   98.8511   0.15234306679333076
132.098   100.095   0.1534275073120819
94.0818   82.4217   0.06730765186811935
95.5014   82.4237   0.06913566373443075
96.192   83.6634   0.06873317976058113
97.6116   83.6658   0.0738923541376182
98.3021   84.9056   0.07330388802785191
99.7216   84.9086   0.08100456777243879
100.412   86.1486   0.08039409182271492
101.832   86.1524   0.0894870381675499
102.522   87.3927   0.08891192271005763
103.941   87.3977   0.09884862163934874
104.631   88.6383   0.09842834957470858
106.051   88.6448   0.10776720280307282
106.74   89.8857   0.10772195690758318
108.159   89.8938   0.11671336684373629
108.849   91.1352   0.1164799553571363
110.268   91.145   0.12440361731074977
110.957   92.3869   0.12448855369069996
112.376   92.3987   0.1313369711848019
113.064   93.6409   0.1317358341530473
114.484   93.6547   0.13684900438074105
115.171   94.8974   0.13791664149042618
116.591   94.9133   0.14115360427563026
117.278   96.1564   0.14239908707572047
118.698   96.1744   0.14425470529587187
119.385   97.4178   0.14551855551783802
120.804   97.438   0.14647504906979766
121.491   98.6816   0.14789895199087613
122.911   98.7037   0.14729388989364048
123.598   99.9476   0.1484268169840047
125.017   99.9714   0.1477112047205588
125.704   101.215   0.1492013404765529
127.124   101.24   0.14737235154533604
127.811   102.484   0.14849582485712917
129.23   102.51   0.1470925219037302
129.918   103.754   0.14756832315913856
131.338   103.78   0.14572220146566378
132.027   105.023   0.1458912266039522
133.446   105.05   0.14565726895696424
134.137   106.292   0.1442549479220607
135.556   106.318   0.14499503439772976
136.249   107.559   0.14306086117453687
85.5598   82.3718   0.0938482285394794
86.9794   82.375   0.08360239231026799
87.67   83.6147   0.08424126067432831
89.0896   83.6175   0.07570383081456238
89.7807   84.857   0.07595373591864903
91.2003   84.8595   0.06971864886814515
91.8917   86.0989   0.06959604873841653
93.3114   86.1015   0.06667600767892339
94.003   87.3408   0.06638749882319757
95.4227   87.3437   0.06704640184230541
96.1144   88.5831   0.06690186843429505
97.5341   88.5866   0.07086924579815869
98.2258   89.8261   0.07084073686799434
99.6454   89.8305   0.07725037216738734
100.337   91.0703   0.07738346076520153
101.757   91.0757   0.08490376905650675
102.448   92.3158   0.08553537279980346
103.867   92.3225   0.09406338288621148
104.558   93.563   0.09476312573991946
105.978   93.5711   0.10245120789917679
106.668   94.812   0.10353574262060276
108.088   94.8217   0.11035769116831058
108.777   96.0631   0.11170989213135253
110.197   96.0744   0.1176210015260843
110.886   97.3163   0.11884914808276562
112.306   97.3294   0.12348591012742648
112.994   98.5717   0.12505998560690076
114.414   98.5867   0.12839131590572092
115.102   99.8294   0.12985607417444722
116.522   99.8463   0.13186819176737713
117.21   101.089   0.13324803938520663
118.629   101.108   0.13465229296227396
119.317   102.352   0.13540029542065507
120.736   102.372   0.13626459554850803
121.424   103.616   0.13714681913919574
122.844   103.639   0.1357814788548238
123.531   104.883   0.1371822145906599
124.951   104.906   0.13643053177350195
125.639   106.15   0.1371618022628798
127.058   106.175   0.1352405264704349
127.747   107.418   0.13601694747346005
129.166   107.444   0.13415379234296504
129.856   108.686   0.13446694761168138
131.276   108.712   0.13242450679537154
131.967   109.954   0.131978217899754
133.387   109.979   0.1311068266719971
134.08   111.22   0.12955080084660062
135.5   111.245   0.12939045559855514
136.195   112.484   0.12672426760491126
137.615   112.509   0.12718840355944677
138.312   113.747   0.12319269458859126
139.733   113.772   0.12331844955235577
140.431   115.009   0.11861686220769253
89.0114   88.5359   0.07554852745090823
89.7044   89.7746   0.07514259777250187
91.1243   89.7785   0.0688048690137506
91.8177   91.0171   0.06834464134077996
93.2376   91.0213   0.06486956142907084
93.9311   92.26   0.06488250919932247
95.351   92.2647   0.06461246009865132
96.0445   93.5036   0.06496906956390694
97.4643   93.509   0.06770199406221661
98.1575   94.7482   0.06850926944582295
99.5773   94.7546   0.07320286879624678
100.27   95.9941   0.0745083887894526
101.69   96.0015   0.08019632161140464
102.382   97.2415   0.08173004343569033
103.802   97.2502   0.08763184352732871
104.494   98.4906   0.08901263955191513
105.913   98.5006   0.09508107067129679
106.604   99.7416   0.09651699332241817
108.024   99.753   0.1015318669187235
108.714   100.994   0.10372444263528323
110.134   101.007   0.10737206340570823
110.824   102.249   0.10840682635332399
112.244   102.264   0.11146968197676249
112.933   103.506   0.11297172212549501
114.353   103.522   0.11589741153277905
115.042   104.765   0.11630911400229518
116.461   104.783   0.11844509276454057
117.15   106.026   0.11940640686328088
118.57   106.046   0.11937185597954159
119.259   107.289   0.12022898984853583
120.678   107.311   0.11909391252284628
121.366   108.555   0.12052037172195781
122.786   108.577   0.11883808312153074
123.475   109.821   0.11942148047985676
124.894   109.845   0.11758745681406414
125.583   111.088   0.11811672193217126
127.003   111.112   0.11615076409563416
127.694   112.355   0.11533360308252932
129.113   112.379   0.11457002225713099
129.805   113.62   0.11375504384420235
131.225   113.644   0.11280607253158491
131.919   114.885   0.11064519872093893
133.338   114.908   0.11136857725589565
134.034   116.148   0.10801041616437128
135.454   116.171   0.10933453251373142
136.151   117.41   0.10475609767454251
137.571   117.432   0.10658330075578921
138.27   118.67   0.10138047149229318
139.691   118.693   0.1019674457854018
140.391   119.929   0.09611290235969026
141.811   119.951   0.09770854619734594
142.513   121.187   0.09037897985703218
143.933   121.209   0.09202716990107619
93.1718   95.9415   0.06246190839222996
93.8671   97.1795   0.06262531437047295
95.2872   97.1865   0.06181270096023974
95.9822   98.4249   0.06271307678626536
97.4022   98.4328   0.06411988771044452
98.0967   99.6716   0.06549908396305748
99.5166   99.6804   0.06848861219210145
100.211   100.92   0.06991823796406209
101.63   100.929   0.07397323840416402
102.324   102.169   0.07578100025732357
103.743   102.18   0.07962342620108684
104.436   103.421   0.08112730736317407
105.856   103.433   0.08478183767764925
106.548   104.673   0.086545999329836
107.968   104.687   0.08961478672629598
108.659   105.928   0.09092436417154667
110.079   105.943   0.09355153659882627
110.77   107.185   0.09416028886956516
112.189   107.201   0.09660998913156399
112.88   108.443   0.09723559019207295
114.3   108.461   0.09818151557192288
114.99   109.703   0.09907194355618652
116.409   109.723   0.09882312482410155
117.099   110.966   0.09972963451251755
118.518   110.987   0.09900989849504573
119.208   112.23   0.0992116928592556
120.627   112.252   0.09846298797010455
121.317   113.495   0.09850507601134108
122.736   113.518   0.09731392500562203
123.426   114.761   0.09712878049270907
124.845   114.784   0.09603858599542416
125.537   116.027   0.0946427493260754
126.956   116.05   0.09464650019942347
127.649   117.291   0.09318068469377346
129.068   117.314   0.09293056547766791
129.762   118.555   0.09109753015312039
131.182   118.576   0.09104070518181982
131.877   119.816   0.08881643991963657
133.297   119.838   0.08933023004561379
133.994   121.077   0.08574432925856004
135.414   121.098   0.08688066528290575
97.3465   103.358   0.05980810981798105
98.0422   104.596   0.06187535858481953
99.4623   104.607   0.0630691683788524
100.157   105.847   0.06451945443043178
101.577   105.859   0.0665408896844658
102.272   107.098   0.06822939249326603
103.692   107.112   0.06995891651534314
104.385   108.352   0.07134535724207378
105.805   108.366   0.07349972789065169
106.499   109.607   0.07401222871931812
107.918   109.622   0.07618635048353152
108.611   110.863   0.07669915253769222
110.031   110.88   0.07733207613920995
110.723   112.121   0.07857887756897487
112.142   112.14   0.07868347984170368
112.834   113.382   0.07882391768999848
114.253   113.401   0.07958573992870621
114.944   114.644   0.07955400681297893
116.363   114.664   0.08018659488966806
117.054   115.907   0.07965356238110201
118.473   115.929   0.07943198348272444
119.163   117.172   0.07948937035856252
120.582   117.194   0.07880355321938454
121.273   118.437   0.07821694189880302
122.692   118.459   0.07727638707910679
123.383   119.702   0.07680130207229646
124.803   119.724   0.0756560638680071
125.495   120.966   0.07491568594092735
126.915   120.987   0.0742498484846913
101.53   110.789   0.06074537019394715
102.226   112.028   0.06250831944629413
103.646   112.044   0.06227005700977238
104.341   113.284   0.06393660923132694
105.761   113.3   0.06420506210572532
106.455   114.541   0.06524178109156567
107.875   114.558   0.06544188261350078
108.568   115.799   0.06610453842210531
109.988   115.818   0.06647322769356243
110.68   117.06   0.06675634801275113
112.1   117.08   0.06709664671203665
112.791   118.322   0.06745368781615978
114.21   118.343   0.06771735375809984
114.902   119.585   0.06808259689524163
116.321   119.607   0.06800617619010838
117.012   120.85   0.06793202484837253
118.43   120.872   0.06780331850285677
107.835   119.495   0.06742588523704857
108.528   120.737   0.06833922738808478
109.947   120.757   0.06851051014260497
140.372   122.389   0.08445022202456291
141.792   122.41   0.08688521163004928
142.494   123.646   0.08001506108227821
143.914   123.666   0.08178728507537548
144.617   124.901   0.07461393971639606
146.038   124.921   0.07555898358235653
146.741   126.155   0.06931089380463971
131.858   122.282   0.07750587074538681
133.278   122.302   0.07907995953464629
133.975   123.541   0.07583297435812254
135.395   123.561   0.07716216689543923
136.094   124.799   0.07257658024459503
137.514   124.818   0.07431614898526481
138.213   126.055   0.06989284655814564
139.633   126.074   0.07172698237063964
140.334   127.31   0.06630505259782327
141.754   127.329   0.0682085771732569
142.455   128.565   0.06325986089140352
143.876   128.582   0.06478425734697882
144.578   129.817   0.06038054322379227
145.999   129.835   0.06192164403502445
146.701   131.069   0.05907833782361153
148.122   131.086   0.06109697210172478
148.825   132.32   0.05992503650395257
150.246   132.335   0.06305751343019722
150.949   133.569   0.06426009648297465
123.363   122.172   0.06914687266970018
124.782   122.193   0.06931983843028129
125.475   123.435   0.0682937771689377
126.895   123.455   0.06789432966014576
127.589   124.696   0.06663152407081513
129.008   124.715   0.06711750889298038
129.704   125.955   0.06486516784839427
131.123   125.974   0.06594664510041959
131.82   127.213   0.06323772608182393
133.239   127.231   0.06456167593859265
133.937   128.47   0.06155558463696869
135.357   128.487   0.06290437186714738
136.054   129.725   0.05996699092000151
137.475   129.742   0.06122001306762735
138.173   130.979   0.05808614292583242
139.594   130.995   0.059514704065465565
140.293   132.232   0.0564892910205105
141.713   132.248   0.05842439558951478
142.413   133.484   0.05584836613545577
143.834   133.498   0.058360945845659075
144.535   134.734   0.056885938508558206
145.955   134.748   0.05990191983567898
146.656   135.983   0.06014981296728983
148.077   135.997   0.06335266371668193
148.779   137.232   0.06586349520030435
150.2   137.245   0.06997542425738072
150.901   138.479   0.07372950562697371
152.322   138.492   0.07877969281484039
153.024   139.726   0.08420100949513068
154.445   139.739   0.08957544306337172
155.146   140.974   0.09483359109513809
114.881   122.057   0.06751007332243145
116.3   122.078   0.06780331850285719
116.991   123.322   0.0679503495208069
118.41   123.343   0.06801683615105793
119.101   124.586   0.06786427631677845
120.52   124.607   0.06768308503606996
121.212   125.85   0.06755767906019007
122.631   125.87   0.06711929677820244
123.323   127.112   0.06669152869742864
124.742   127.132   0.06656755966685296
125.435   128.373   0.06594725164856334
126.855   128.391   0.06537583651471539
127.549   129.632   0.0647190852840224
128.969   129.649   0.06458087952328159
129.663   130.889   0.06313010375407467
131.083   130.905   0.06306671071175443
131.778   132.145   0.0618925682129956
133.198   132.16   0.06150812954398263
133.894   133.399   0.059661461597923834
135.315   133.414   0.05980668858915177
136.011   134.652   0.05769887347253514
137.431   134.666   0.05818427622648448
138.129   135.904   0.056134125093383794
139.549   135.917   0.05717516943569129
140.247   137.154   0.055461788647680525
141.667   137.166   0.057553540290758355
142.366   138.403   0.056816282877362644
143.787   138.415   0.05987353338496182
144.485   139.651   0.06030223876441485
145.906   139.662   0.06467426072248363
146.605   140.898   0.06620188819059823
148.026   140.909   0.07178363323210096
148.726   142.144   0.07513514490568818
150.147   142.155   0.08132428911462829
150.846   143.39   0.08520539888998485
152.267   143.4   0.09256543631399498
152.966   144.636   0.0964269671824318
154.387   144.647   0.10303281030817066
155.085   145.883   0.10728820997667678
156.506   145.894   0.11347263987410128
157.204   147.13   0.11838602113426443
158.625   147.142   0.1245230902282793
159.322   148.379   0.12788135125968747
160.742   148.392   0.13390235248121612
161.438   149.629   0.1372144671672702
109.927   123.227   0.07521861471736964
110.62   124.469   0.07657995821362593
112.039   124.491   0.07736336342223138
112.73   125.734   0.07799358948016494
114.149   125.756   0.07876096749024968
114.839   126.999   0.07882867498568902
116.258   127.021   0.07940837487318159
116.949   128.264   0.07965356238109683
118.368   128.286   0.08011173447130321
119.059   129.529   0.08026057562714073
120.478   129.549   0.07991870869827852
121.169   130.791   0.07947634868310922
122.588   130.81   0.07932868333710878
123.28   132.051   0.07808943590524837
124.7   132.069   0.07763304708692229
125.392   133.31   0.07717227481421704
126.812   133.326   0.07530976032361052
127.505   134.567   0.07471338568155136
128.925   134.582   0.07289746223291416
129.618   135.822   0.07163267410895185
131.038   135.836   0.06964194138593263
131.732   137.076   0.0683930552029954
133.152   137.089   0.06639277069079177
133.847   138.328   0.0646733329897274
135.267   138.34   0.06309746429136374
135.962   139.579   0.061327073955955616
137.382   139.59   0.06074215998793477
138.078   140.828   0.05887282904702296
139.498   140.838   0.05941052095378046
140.195   142.076   0.058592149644812304
141.615   142.085   0.06057466467096723
142.312   143.322   0.06057227088363822
143.733   143.331   0.06493758541861984
144.43   144.568   0.06564175500395814
145.851   144.576   0.0716111723127095
146.548   145.813   0.07343847765307158
147.969   145.821   0.08066405643160107
148.666   147.058   0.0826740588092817
150.087   147.066   0.09041703379341866
150.784   148.302   0.09411105142329483
152.204   148.311   0.1014063607472344
152.901   149.548   0.10412881445594478
154.321   149.556   0.11313094183289325
155.017   150.794   0.11504438273987562
156.437   150.803   0.12374041377012758
157.132   152.041   0.1254582002102635
158.552   152.051   0.13382092512010654
159.246   153.29   0.13472653784611777
160.666   153.302   0.1418238696411945
161.358   154.542   0.1417230044841017
162.778   154.556   0.14762957020867973
163.469   155.796   0.147537249533796
164.889   155.812   0.15152323254206038
165.578   157.053   0.1512712794948225
114.104   130.698   0.09895054320215363
114.794   131.942   0.0992751731300463
116.213   131.963   0.09943686439143057
116.903   133.207   0.09923109391717805
118.322   133.227   0.09941373144591403
119.012   134.47   0.09858316286262282
120.432   134.488   0.0981629257917589
121.122   135.73   0.09718338335333249
122.542   135.747   0.09568307060291725
123.232   136.989   0.09471140374844414
124.652   137.005   0.09266871100862015
125.343   138.246   0.09134549797335534
126.763   138.26   0.08828272764248711
127.455   139.501   0.08716128727824829
128.875   139.514   0.08372000955566823
129.567   140.755   0.08247884577272004
130.987   140.766   0.07875633307866883
131.68   142.006   0.07658857617164262
133.099   142.017   0.07311634564171746
133.793   143.256   0.07133785811193868
135.213   143.266   0.06815929870531341
135.907   144.505   0.06651683997304791
137.327   144.513   0.06362735260876476
138.022   145.751   0.06238661715464394
139.442   145.759   0.06214989943676163
140.137   146.997   0.061528936282047156
141.557   147.004   0.06371726610581126
142.253   148.242   0.0640881424289971
143.673   148.248   0.06865886687093688
144.368   149.486   0.0694622199472506
145.788   149.491   0.07637905472052266
146.484   150.729   0.07811689958004042
147.904   150.735   0.08611625862749427
148.599   151.973   0.08732748708165321
150.019   151.979   0.09682334429257308
150.713   153.217   0.0978141605290297
152.134   153.223   0.10836092469150402
152.827   154.461   0.10922911699725513
154.247   154.468   0.1193938440624142
154.94   155.707   0.11969394303806576
156.36   155.715   0.1292615952245684
157.051   156.955   0.12871398525411773
158.471   156.965   0.13640106304571173
159.161   158.205   0.13653061927640753
160.581   158.216   0.14389232085139375
161.27   159.457   0.14259228590635423
162.69   159.471   0.14870790160579048
163.378   160.712   0.14761981574301536
164.798   160.728   0.15232691817272
165.485   161.97   0.15075728838103422
166.905   161.988   0.15412319747527667
118.27   138.166   0.11786182588098701
118.96   139.409   0.1174783384288283
120.379   139.426   0.11517052574334923
121.068   140.668   0.11365425640951844
122.488   140.684   0.11125596613215108
123.178   141.926   0.1101891101697246
124.597   141.939   0.10605866301248729
125.288   143.181   0.10468146922928569
126.707   143.193   0.09962931295558583
127.398   144.434   0.09867061365979085
128.818   144.445   0.09288681284229901
129.509   145.686   0.09163083542126226
130.929   145.695   0.08529501743948077
131.621   146.935   0.08383370443921354
133.04   146.943   0.07732813200899902
133.733   148.183   0.07647542088801323
135.153   148.19   0.07108895835500005
135.846   149.429   0.06999292821421504
137.266   149.435   0.0663041476832318
137.959   150.674   0.06555882854353923
139.379   150.679   0.06451550201307647
140.072   151.918   0.06409336939185191
141.492   151.922   0.06620279450294342
142.186   153.161   0.06657093960580894
143.606   153.165   0.07170251041631027
144.299   154.404   0.07180529228406268
145.719   154.408   0.07946200349853107
146.412   155.646   0.08013669571426395
147.831   155.65   0.08919618825935975
148.524   156.889   0.08965846306958641
149.944   156.894   0.09964938534682595
150.635   158.133   0.09937786473856669
152.055   158.138   0.10975991982503133
152.746   159.378   0.10953652358917626
154.166   159.384   0.11977128203372746
154.855   160.624   0.11871179385385916
156.275   160.631   0.12939412660550717
156.964   161.872   0.12773648656511424
158.384   161.881   0.13723468949211703
122.426   145.617   0.12166938809741548
123.115   146.859   0.12055687454476595
124.535   146.872   0.11560640120686336
125.224   148.113   0.11398315665044273
126.644   148.124   0.10770329614268086
127.334   149.365   0.10669582934681043
128.753   149.374   0.09885848471426281
129.444   150.614   0.09775765954645144
130.864   150.622   0.09015769517907037
131.555   151.862   0.08939216967944284
132.974   151.868   0.08172979872725868
133.666   153.108   0.08099561716538836
135.085   153.113   0.07418193850258388
135.777   154.353   0.07437069315261867
137.197   154.356   0.06868951885112869
137.888   155.596   0.06880181683647868
139.308   155.599   0.06600219693313132
140.0   156.838   0.06631711694577398
141.419   156.841   0.06741661516273464
142.111   158.081   0.06763608504341065
143.53   158.083   0.07243900882811809
144.222   159.322   0.07257244656203746
145.641   159.325   0.0796284496898
146.332   160.565   0.07939420633775005
147.752   160.568   0.08852705801053228
148.442   161.807   0.08868060667361716
149.862   161.811   0.09869270489756672
126.572   153.051   0.11286828606831505
127.262   154.292   0.11233169632832685
128.681   154.299   0.10305285051856301
129.371   155.54   0.10395965563620077
130.79   155.546   0.09383288336184037
131.48   156.786   0.09416347487216917
132.9   156.79   0.0841986341931959
133.59   158.031   0.08546467106355156
135.01   158.034   0.07649503251844796
135.7   159.274   0.07722752100125334
137.12   159.277   0.07075054770105871
137.81   160.516   0.07104618216343477
139.23   160.518   0.0675322885736899
139.92   161.758   0.06780331850285803
141.34   161.76   0.06790257727067577
130.709   160.467   0.09684879968281285
131.399   161.707   0.09788442164102736
132.819   161.711   0.0874053202042079
144.636   122.444   0.08422594612113024
136.113   122.336   0.08200634121823074
137.533   122.356   0.08355483229592935
138.232   123.593   0.07886856154388336
139.652   123.613   0.08062877898121296
140.353   124.85   0.0746219806759236
141.773   124.87   0.07648980324200491
142.475   126.105   0.07030817875609947
143.895   126.124   0.07202083032012162
144.598   127.359   0.06604248632508346
146.018   127.378   0.06763290619218304
146.721   128.612   0.06258793813507581
148.142   128.63   0.06444292048006642
148.846   129.864   0.06077672251774803
127.608   122.228   0.07315572431464291
129.028   122.248   0.07312489316232457
129.723   123.488   0.07107995498027868
131.143   123.508   0.07154865477422244
131.839   124.748   0.06916104394816569
133.259   124.767   0.07011055555335437
133.956   126.005   0.06704207634017018
135.376   126.024   0.06850547423380789
136.074   127.262   0.0649634512629957
137.495   127.28   0.06673499831422537
138.194   128.517   0.06212093045022322
139.614   128.535   0.06453224000451344
140.314   129.771   0.06029170755584838
141.734   129.788   0.0622877194958998
142.435   131.024   0.058259419839196205
143.856   131.04   0.06026408549045464
144.557   132.276   0.05729825477272553
145.978   132.291   0.05983652730564697
146.679   133.526   0.05853204250664119
148.1   133.541   0.06147812619135355
148.802   134.776   0.061880206851618616
150.224   134.79   0.06535449487219974
150.926   136.024   0.06875579975537179
152.347   136.038   0.07245557259452355
153.05   137.272   0.07790481371520744
119.121   122.115   0.06770701588461897
120.54   122.137   0.06736623783469009
121.232   123.379   0.06687308875773576
122.651   123.4   0.06649060083951812
123.343   124.642   0.06587328745401799
124.762   124.663   0.06581223290544008
125.456   125.904   0.06472279351202162
126.875   125.923   0.06464023514808778
127.569   127.164   0.06364974469705229
128.989   127.182   0.06384676969118566
129.684   128.422   0.06238341125652269
131.104   128.44   0.06310633882582123
131.799   129.679   0.0611503066222898
133.219   129.696   0.061961601012238056
133.916   130.934   0.05913577597360122
135.336   130.95   0.06016843026038557
136.033   132.189   0.05787063158459643
137.454   132.204   0.05864818837781807
138.152   133.441   0.05598222932324224
139.572   133.456   0.05750652136931975
140.271   134.693   0.05514535338539405
141.691   134.707   0.05717516943569328
142.39   135.943   0.05562382583029983
143.811   135.957   0.05838664230798178
144.511   137.193   0.058069268981099854
145.932   137.205   0.06173329733619763
146.632   138.441   0.06311228089682712
148.053   138.453   0.06750437022889987
148.753   139.688   0.0701841150118769
150.174   139.7   0.07521808293223153
150.874   140.935   0.07893598672341581
152.295   140.946   0.08536720681853599
152.996   142.181   0.09033498768472818
154.417   142.193   0.09648880764109824
155.117   143.428   0.10167674267009714
156.538   143.44   0.1081614071654068
157.237   144.675   0.11339051988590623
110.64   121.999   0.06960057471026951
112.059   122.021   0.07004741251466386
112.751   123.263   0.07081412288520185
114.17   123.285   0.0714811863359868
114.861   124.528   0.07184184017687972
116.279   124.55   0.07206136274037381
116.97   125.793   0.07227316237719134
118.389   125.815   0.072358551671519
119.08   127.057   0.0723463889907451
120.499   127.078   0.07206032195320608
121.191   128.321   0.07224271589579104
122.61   128.34   0.07149377595287498
123.302   129.582   0.07128400942707298
124.721   129.6   0.07085372255569386
125.414   130.842   0.07035488611320334
126.834   130.859   0.06977564044852233
127.527   132.099   0.0683347642126561
128.947   132.115   0.06771380952214053
129.641   133.356   0.06712555400143372
131.061   133.371   0.06590113807818632
131.756   134.61   0.06436023617110093
133.176   134.624   0.06319343320314395
133.871   135.864   0.06194352266379758
135.291   135.877   0.06098983521866821
135.987   137.115   0.05898440471853677
137.408   137.128   0.05910507592414645
138.104   138.366   0.057271371556828814
139.525   138.377   0.058086142925833736
140.222   139.615   0.056929869137389635
141.642   139.626   0.05879489773781439
142.34   140.863   0.05835451996203807
143.76   140.873   0.061994273929132884
144.459   142.11   0.062790843281481
145.879   142.119   0.0680826703354015
146.578   143.355   0.07025133450690314
147.998   143.365   0.07617191083331344
148.697   144.601   0.0791770168672749
150.117   144.61   0.08637829588500834
150.816   145.846   0.0900156097574261
152.236   145.855   0.09712878049270947
152.934   147.092   0.10075519837704133
154.355   147.101   0.10858655533720096
155.052   148.338   0.11217169874794644
156.473   148.348   0.11967710725113605
157.169   149.585   0.12241731903615519
158.59   149.596   0.13014053941797804
159.285   150.834   0.13208940154302817
160.705   150.847   0.13792548712981778
161.399   152.085   0.14014364059777676
162.82   152.099   0.14591518084147792
163.512   153.339   0.1460316746462977
112.017   126.962   0.0865240429013806
112.708   128.205   0.08720487371701328
114.127   128.227   0.08808796739622897
114.817   129.471   0.08843076387772766
116.236   129.492   0.08867361501597347
116.927   130.736   0.08934813932030403
118.346   130.756   0.08908136729979288
119.036   131.999   0.08878941378339782
120.455   132.019   0.08902157041975815
121.146   133.261   0.08803385712325716
122.566   133.279   0.08765734424449544
123.257   134.521   0.08721605356813734
124.677   134.537   0.08527602242132128
125.369   135.778   0.08440379138403196
126.788   135.793   0.08178881341601608
127.481   137.034   0.0811418511003907
128.9   137.048   0.07819309432425608
129.593   138.289   0.07736026111640877
131.013   138.301   0.07368995861037997
131.707   139.541   0.07234811676885529
133.127   139.553   0.07010912922009536
133.821   140.792   0.06772119313774319
135.241   140.803   0.0657845726595481
135.935   142.042   0.06347511323346179
137.355   142.051   0.061985885490157856
138.051   143.29   0.061008933772025084
139.471   143.298   0.0608542521110935
140.167   144.536   0.0601926905861471
141.587   144.544   0.06240424665036736
142.283   145.782   0.06227005700975777
143.704   145.789   0.06730386318778914
144.4   147.027   0.06778318375526343
145.82   147.034   0.07427523140320894
146.517   148.271   0.07608784396999059
147.937   148.278   0.08339664261828321
148.633   149.515   0.0858755494887878
150.054   149.522   0.09441482934369576
150.749   150.759   0.0962418308221564
152.17   150.766   0.10572606112024038
152.865   152.004   0.10713524163412295
154.285   152.012   0.11639506003263818
154.979   153.25   0.11767429625879323
156.4   153.259   0.12684888647521136
157.092   154.498   0.12704821919256654
158.513   154.508   0.1357801163646496
159.204   155.747   0.13594866678271866
160.625   155.759   0.1427094951291033
161.315   156.999   0.14298951010477656
162.735   157.013   0.14823953588700806
163.424   158.254   0.14787034861662168
164.844   158.27   0.15188166446282048
165.532   159.511   0.15094836865630928
166.952   159.529   0.15436139413727248
167.639   160.772   0.1521048651424533
116.189   134.434   0.11073319285561704
116.878   135.677   0.10985900054159702
118.297   135.696   0.10891138599796664
118.987   136.939   0.1084529391026185
120.406   136.957   0.10655346076032181
121.096   138.2   0.10654501396123019
122.516   138.216   0.10392420314826267
123.206   139.458   0.10286520305720014
124.626   139.472   0.09933599549005269
125.316   140.714   0.09826438825943716
126.736   140.727   0.09493808508708626
127.427   141.968   0.09280522614594325
128.847   141.98   0.08904072102133846
129.539   143.221   0.08721949323402234
130.959   143.231   0.08257578337502285
131.651   144.471   0.0807713439284025
133.071   144.48   0.07561540848266106
133.764   145.72   0.07426735487413934
135.184   145.728   0.06976130732719915
135.877   146.967   0.06817983572876354
137.297   146.974   0.06507257486837192
137.991   148.213   0.06421090250105299
139.411   148.219   0.06340157726745094
140.106   149.458   0.06336884092358977
141.526   149.463   0.0650268406121702
142.22   150.701   0.0655563879419794
143.64   150.706   0.07008252278563991
144.335   151.945   0.07072206162154357
145.755   151.949   0.07840051020241727
146.449   153.188   0.07881046884774222
147.869   153.192   0.08834936332536919
148.562   154.431   0.08842940687350101
149.982   154.436   0.09864709828474533
150.675   155.675   0.09881300521692474
152.095   155.68   0.1099037760952602
152.787   156.919   0.10986282355736367
154.207   156.926   0.11932732293988818
154.898   158.165   0.11998483237477081
156.318   158.173   0.1291100693207163
157.008   159.413   0.12903755267363207
158.428   159.423   0.13697795443063715
159.117   160.664   0.13543740251496172
160.537   160.675   0.14366335649703943
161.225   161.916   0.1423339734567954
162.645   161.93   0.148398146888696
120.35   141.894   0.12199627043479375
121.039   143.136   0.12046924918831967
122.458   143.151   0.11746471810718069
123.148   144.393   0.11575271055141867
124.567   144.406   0.11144164392183424
125.257   145.648   0.11059046070977623
126.677   145.659   0.10460444541222506
127.367   146.9   0.10314475265373517
128.786   146.91   0.09629335387241364
129.477   148.15   0.09473547382054556
130.897   148.159   0.08810363216121583
131.589   149.399   0.0870976463516702
133.008   149.406   0.07932345176553932
133.7   150.646   0.07859414736478199
135.12   150.652   0.07288957401438902
135.812   151.891   0.07150699266505589
137.232   151.896   0.06738872309222095
137.925   153.135   0.06694960791520527
139.344   153.139   0.06512418905445139
140.037   154.378   0.06533758489568287
141.457   154.382   0.06700305963162856
142.149   155.621   0.06703700470635589
143.569   155.624   0.07215372478257197
144.261   156.863   0.07226486006351851
145.681   156.866   0.08026107400227736
146.373   158.105   0.0802613854851808
147.792   158.109   0.08951558523520092
148.483   159.348   0.08921883209276617
149.903   159.352   0.09932753898087686
150.594   160.592   0.09900989849503611
152.013   160.597   0.10926760727680544
152.703   161.837   0.10817250112668111
154.123   161.843   0.119073464718228
124.501   149.336   0.11802800515132504
125.19   150.578   0.11768895445196915
126.609   150.588   0.10998799934538235
127.299   151.829   0.10960547431584924
128.718   151.837   0.10151177271626047
129.408   153.078   0.10079032691681898
130.828   153.084   0.09214119599831092
131.518   154.324   0.09107035741668816
132.938   154.33   0.08336120200670512
133.629   155.57   0.08369683387081978
135.048   155.574   0.07535708327689933
135.739   156.813   0.07535807853175885
137.159   156.817   0.0697082491531664
137.85   158.056   0.06995455667788536
139.27   158.059   0.06706720510055822
139.961   159.298   0.06728900355927839
141.38   159.301   0.06801646859400907
142.071   160.54   0.06803557892750077
143.491   160.542   0.07226624384870177
144.181   161.782   0.07207919255929626
145.601   161.784   0.07926260152178793
128.642   156.761   0.10525687625992325
129.331   158.001   0.10557764914981976
130.751   158.007   0.09569305094938399
131.44   159.247   0.09638962599783339
132.86   159.251   0.08613617126388184
133.55   160.491   0.08704257578909767
134.969   160.494   0.07768526243760128
135.66   161.734   0.0786911049611174
137.079   161.736   0.07164670264568998
105.815   0.241534   0.14857558117335357
107.235   0.266195   0.14937013498353655
107.921   1.50956   0.1508430389510898
109.34   1.53305   0.1512996989421986
110.027   2.77603   0.15292653007245016
111.447   2.79808   0.15249816261188037
112.134   4.04059   0.15414744759482615
113.554   4.06086   0.15245945067459699
114.242   5.30276   0.15378221743751697
97.2961   0.074647   0.1454361000990122
98.7158   0.103585   0.1451678435015471
99.4003   1.34776   0.14514788630910114
100.82   1.37568   0.14512012989244563
101.505   2.61941   0.14558020778938507
102.925   2.64634   0.14602083721167927
103.611   3.88962   0.14702078118415624
105.031   3.91566   0.14809743414387527
105.717   5.15851   0.14950311568659683
107.137   5.18366   0.1506072458416277
107.825   6.42607   0.151925713755109
109.245   6.45011   0.15234856612387024
109.933   7.69196   0.15361852101878634
111.353   7.71455   0.15325035889028282
112.043   8.95567   0.15361769299139938
113.463   8.97645   0.15216011303886812
114.154   10.2167   0.15184920151255096
115.574   10.2354   0.14924677550955537
116.267   11.4747   0.1479123389038255
117.687   11.4914   0.1442787926204
118.381   12.7298   0.14226134401164595
90.8812   1.16985   0.145573771332612
92.301   1.19956   0.14577465486153574
92.9849   2.44409   0.14563895220716222
94.4047   2.4741   0.14563852546630468
95.0891   3.71835   0.1453378508854434
96.5089   3.74807   0.14524635761353907
97.1942   4.99182   0.14502267271016722
98.6141   5.02088   0.1452508740076973
99.3003   6.26406   0.14541424448794615
100.72   6.29233   0.14636412162821813
101.407   7.53498   0.14718754838640377
102.827   7.56249   0.1482820285806756
103.515   8.80465   0.14930034326819389
104.935   8.83142   0.1505872717064767
105.624   10.073   0.15137272706798763
107.044   10.0989   0.15241515672661943
107.734   11.3399   0.15266790756409926
109.154   11.3646   0.15321752510728082
109.846   12.6047   0.1521674735283448
111.266   12.6279   0.15202568861873172
111.959   13.867   0.15011628825680542
113.38   13.8885   0.1487608819549002
114.074   15.1265   0.14602602507772283
115.495   15.1461   0.1437187879158438
116.191   16.3831   0.13977732291040434
117.612   16.4009   0.1371630052164277
118.31   17.637   0.13199393925479838
119.731   17.6532   0.12803835362890126
120.43   18.8887   0.12234214318868004
121.851   18.9035   0.11777253499861573
122.551   20.1385   0.11168674943788068
123.972   20.1523   0.10655463387390061
124.673   21.3869   0.10024814212741903
82.3634   1.00219   0.1474499131908862
83.7832   1.02792   0.1466744384683309
84.4679   2.272   0.1461079244941897
85.8876   2.29882   0.1455197938426224
86.5718   3.54321   0.1453688068328268
87.9915   3.57116   0.14511061436021794
88.6757   4.81567   0.14520286636289037
90.0954   4.84461   0.14501504887424466
90.7798   6.08898   0.14518418784426862
92.1996   6.11856   0.14500637365302116
92.8847   7.36252   0.1452664823694753
94.3046   7.39226   0.145283847691339
94.9907   8.63566   0.14565580283668544
96.4106   8.66513   0.14609452419581023
97.0977   9.90791   0.14666914774416684
98.5178   9.9369   0.14756575110777062
99.2058   11.1791   0.14837378474649904
100.626   11.2075   0.14949361190364918
101.315   12.4491   0.15024024094762525
102.735   12.4769   0.15169785759858523
103.425   13.7178   0.1519193865179862
104.846   13.745   0.15274377237714273
105.537   14.985   0.15219214828629596
106.958   15.0114   0.15331526342801063
107.651   16.2503   0.15062181116956527
109.072   16.2756   0.15146616783955646
109.767   17.5135   0.14786862412290097
111.188   17.5372   0.14745704459265
111.885   18.774   0.1423818106360464
113.306   18.7962   0.1415140275732428
114.004   20.032   0.13567199416239065
115.425   20.0526   0.1341128256357376
116.125   21.2875   0.1269441609527568
117.547   21.3066   0.12426910315922964
118.248   22.5408   0.11659952830092829
119.669   22.5586   0.11388450289657451
120.371   23.7923   0.1059345552688099
121.793   23.809   0.10216031519136871
122.495   25.0424   0.0946837367238961
123.917   25.0584   0.09080803929167908
124.62   26.2917   0.08387752976810521
126.041   26.3072   0.08018185580292006
126.745   27.5405   0.07428660713749148
128.166   27.5559   0.0711737311091712
128.87   28.7893   0.06704192717993568
77.3703   2.14245   0.15260305239411137
78.0559   3.38598   0.1514562590321047
79.4756   3.40949   0.15099707149478203
80.1608   4.65332   0.15028597040309705
81.5805   4.6782   0.14925099798661276
82.2654   5.9223   0.14911464750318676
83.6851   5.94841   0.14789494379457271
84.3698   7.1927   0.14823444808815697
85.7895   7.21991   0.14695544086558787
86.4743   8.46425   0.14772080286811223
87.8939   8.49238   0.14655086352526378
88.5791   9.73655   0.1475056758230033
89.9988   9.76532   0.14671309587081646
90.6846   11.0091   0.14779343693141206
92.1044   11.0382   0.14735148455308875
92.791   12.2814   0.14854389923521455
94.211   12.3105   0.14861187704890946
94.8986   13.5531   0.14972925565833697
96.3187   13.5819   0.15035863792944426
97.0074   14.8238   0.15109364645807544
98.4276   14.8523   0.15222673878133397
99.1177   16.0934   0.15229274441023172
100.538   16.1215   0.1538703675176009
101.23   17.3617   0.15263187740441922
102.65   17.3894   0.1542863895487791
103.344   18.6285   0.1515401266991705
104.764   18.6557   0.15308324532750398
105.459   19.8936   0.1494359394523278
106.88   19.9201   0.15017656275198857
107.578   21.1568   0.14424330140426173
108.999   21.1824   0.14469623353771224
109.698   22.418   0.13788781672069655
111.119   22.4423   0.13793639838708247
111.82   23.6769   0.12972251153905873
113.241   23.7   0.12928329358428334
113.944   24.9337   0.119772492668395
115.365   24.9555   0.11892707849771526
116.068   26.1885   0.10960748149647244
117.49   26.2091   0.10766550050968082
118.194   27.4417   0.09828173787637118
119.616   27.4613   0.09657975978433973
120.321   28.6935   0.0874199633950941
121.742   28.7123   0.08536913962316407
122.447   29.9445   0.0777292737647792
123.869   29.9627   0.07528379639736736
124.574   31.1949   0.06983924398216351
125.996   31.2129   0.06763113188466119
126.701   32.4452   0.06494428381312671
128.122   32.4632   0.06325630403366976
128.827   33.6959   0.06377538710192127
130.248   33.7141   0.06237098684484122
130.953   34.9472   0.06592670172244276
132.374   34.9658   0.06478379426986527
133.078   36.1994   0.07019615374078293
81.4867   9.60062   0.1514459626401438
82.1721   10.8447   0.15246156892804047
83.5918   10.8713   0.15074475115240255
84.2773   12.1155   0.1519506169780206
85.6969   12.1429   0.1503830110085588
86.3827   13.3869   0.15174307232951273
87.8024   13.4149   0.15035893721358173
88.4887   14.6586   0.1517871536066292
89.9085   14.6868   0.15088386262287773
90.5956   15.93   0.15211183385916716
92.0155   15.9583   0.15184561238309924
92.7037   17.2008   0.15261759400540595
94.1237   17.2289   0.15302976834590193
94.8134   18.4705   0.15305208263855835
96.2336   18.4985   0.15388885599678684
96.9249   19.7391   0.15295770657276464
98.3453   19.767   0.15414895393742337
99.0385   21.0064   0.15191267228246808
100.459   21.034   0.15325524460845547
101.154   22.2722   0.14972160832692105
102.575   22.2995   0.15074594521909565
103.272   23.5365   0.14560322798619102
104.693   23.5634   0.14668513898824595
105.393   24.7991   0.13919802441127105
106.814   24.8255   0.14017974176036638
107.515   26.0601   0.13184854948007113
108.936   26.0857   0.13322781241166748
109.639   27.3192   0.12271853975663426
111.061   27.344   0.12317568753613492
111.765   28.5767   0.11287803152074737
113.186   28.6005   0.11283687340580749
113.892   29.8325   0.10162051958143158
115.313   29.8554   0.10123146743972199
116.019   31.087   0.09088943833031195
117.441   31.1091   0.08968968725556091
118.148   32.3403   0.0801908348877867
119.569   32.3617   0.07926241227718929
120.276   33.5929   0.07209528417309927
121.698   33.6137   0.07083233724790101
122.405   34.8449   0.06689073179447241
123.826   34.8654   0.06584360257458678
124.533   36.0968   0.06566254640203908
125.955   36.1172   0.06502230386567227
126.661   37.3489   0.06843281376649836
128.082   37.3694   0.0677661419884512
128.788   38.6016   0.0740365450301452
130.21   38.6224   0.07342942189613923
130.915   39.8552   0.08174184974661784
132.336   39.8764   0.08045825004312197
85.6114   17.0679   0.15221254875994675
86.2984   18.3115   0.15337894249211842
87.718   18.339   0.1522030880107174
88.406   19.582   0.1529348554123546
89.8258   19.6096   0.152241584332272
90.5151   20.8518   0.15240482275833744
91.935   20.8792   0.15242575241736298
92.626   22.1204   0.15164237534409192
94.046   22.1477   0.15230147734017518
94.739   23.3878   0.15025418463390716
96.1592   23.415   0.15133254772189733
96.8542   24.6538   0.14789232569676594
98.2747   24.6808   0.14917017128098856
98.9717   25.9183   0.14421210074053636
100.392   25.9451   0.14620636101073334
101.091   27.1814   0.13897931500766908
102.512   27.2078   0.14084349470245644
103.213   28.4429   0.13283617730121505
104.634   28.469   0.13390817749487538
105.337   29.703   0.12431130278457692
106.758   29.7286   0.12521729113824667
107.462   30.9616   0.11503290833496174
108.884   30.9867   0.11504420889380004
109.589   32.2189   0.10443663150447265
111.011   32.2434   0.1041767728430852
111.717   33.4749   0.09357617218074071
113.139   33.4989   0.09320498913684787
113.846   34.7299   0.08316237129856101
115.268   34.7533   0.0825501059962979
115.976   35.984   0.07423947736885204
117.398   36.007   0.07367421529952178
118.105   37.2375   0.068717683313683
119.527   37.2602   0.06817602217788749
120.235   38.4908   0.06702238432046284
121.657   38.5132   0.06662191831521938
122.365   39.744   0.069565580569705
123.786   39.7663   0.0691159171247855
89.7546   24.5337   0.14652443482232785
90.447   25.7745   0.14505395547864566
91.867   25.8009   0.14539683627919514
92.5615   27.0405   0.14258320377941067
93.9816   27.0668   0.14342457948342924
94.6781   28.3051   0.13923918270371405
96.0984   28.3312   0.14043489594826805
96.7968   29.5683   0.13478557044431366
98.2173   29.5941   0.13610319614175156
98.9176   30.83   0.12901120106409403
100.338   30.8555   0.13054152596013988
101.04   32.0904   0.12213476163647942
102.461   32.1154   0.12306274822220484
103.165   33.3493   0.11315409846752292
104.586   33.3739   0.11399377175968681
105.29   34.6068   0.10435669599982017
106.712   34.6311   0.10436263699236346
107.418   35.8632   0.09373457206388507
108.839   35.8871   0.09438326122782986
109.546   37.1185   0.08413352482808939
110.968   37.1421   0.0845513453470711
111.675   38.3731   0.07560568761674
113.097   38.3964   0.0758464237785842
113.805   39.627   0.06966584529020976
115.227   39.6502   0.06962650357442594
93.9299   31.9859   0.126950108310305
94.6291   33.2229   0.12120053630244718
96.0495   33.2474   0.1223760188925984
96.7503   34.4834   0.11536641625707993
98.1709   34.5074   0.11651171614905778
98.8731   35.7424   0.10844763713424473
100.294   35.766   0.10907529509472451
100.997   37.0001   0.10052999552371884
102.418   37.0232   0.10198494987006203
103.123   38.2565   0.09157914609778312
104.544   38.2792   0.09286226359507353
105.25   39.5117   0.08330600218472048
106.671   39.534   0.08380578738964684
98.1309   39.4212   0.09423698849178377
110.075   0.317098   0.15271816789105333
111.495   0.339019   0.1522972588591135
112.181   1.58196   0.1539984613559502
101.555   0.160691   0.14548240443435093
102.975   0.187478   0.14580681706970997
103.66   1.43122   0.14680590723809453
105.08   1.45701   0.1475106830029601
105.766   2.70035   0.14885616849831887
107.186   2.72518   0.14964056802885936
107.872   3.96813   0.15135603721028176
109.292   3.99184   0.15179654936789336
109.979   5.23434   0.1533866408785321
111.399   5.25662   0.15299066017244242
112.088   6.49854   0.15402195427925383
113.508   6.51903   0.15241384090692192
114.197   7.76019   0.1532246207370087
115.617   7.77864   0.1503747106397888
116.308   9.01892   0.150235582003727
94.4565   0.0150113   0.14591127845537316
95.1405   1.25952   0.14577318031791658
96.5603   1.28926   0.1455709792506735
97.2447   2.53346   0.14526880738823378
98.6645   2.56245   0.1451054912813427
99.3497   3.80617   0.14510024982749026
100.77   3.83424   0.14531601563489313
101.456   5.07745   0.14589031633387878
102.876   5.10465   0.1466679668502953
103.562   6.34738   0.14799878681935197
104.982   6.37379   0.14909868409882113
105.67   7.61607   0.15028887550314574
107.09   7.6416   0.15126319479635458
107.779   8.88335   0.1521686814032358
109.199   8.90775   0.15266869390939208
109.888   10.1488   0.15327964639833586
111.309   10.1717   0.15297908353758824
112.0   11.4119   0.15215912723198807
113.42   11.433   0.1513798533491134
114.113   12.6721   0.14967631743198256
115.533   12.6913   0.14745677332696425
116.228   13.9294   0.14457527451124105
117.649   13.9466   0.14096187427811982
118.345   15.1839   0.13747745269679987
119.765   15.1993   0.13330671400945546
120.463   16.4358   0.12871616060153473
121.884   16.4498   0.12347230458689801
122.582   17.6856   0.11871550025165498
86.6223   1.08346   0.14512900330395753
88.0421   1.11134   0.14515581421355375
88.7261   2.35579   0.14510295792987712
90.1459   2.38473   0.14527161078476397
90.8299   3.62926   0.1452180515638469
92.2496   3.65894   0.14533720136289782
92.934   4.90326   0.1452342934709272
94.3538   4.93318   0.14523416987747526
95.0391   6.17701   0.14501661973718535
96.459   6.20667   0.14517622016018747
97.1452   7.44991   0.1453576334424832
98.5651   7.47899   0.145937692184028
99.2523   8.72165   0.14648024610847635
100.672   8.75005   0.1475183866506127
101.36   9.99217   0.14844827685089426
102.78   10.0199   0.1502394901482302
103.469   11.2615   0.15107097669639113
104.89   11.2885   0.1519104012238761
105.58   12.5294   0.15211696157891105
107.0   12.5556   0.15323175258411562
107.691   13.7956   0.1526059304221166
109.112   13.8206   0.1527746052195886
109.805   15.0596   0.1507208346579844
111.226   15.0831   0.1501719014995856
111.921   16.3211   0.14679032665676128
113.341   16.3429   0.14612450171001523
114.038   17.5798   0.14139526158962992
115.459   17.5998   0.13934134346990915
116.157   18.8358   0.13388831166311943
117.578   18.8541   0.1311753406704174
118.278   20.0893   0.1245257001586364
119.699   20.1062   0.1211816817840053
120.4   21.3408   0.11399184181334855
121.821   21.3565   0.11010980882737162
122.522   22.5907   0.1032597210920091
123.944   22.6056   0.09902777388187248
124.646   23.8395   0.09212306985766407
126.067   23.8539   0.08780876949371347
126.769   25.0877   0.08181106282160251
78.1043   0.926222   0.15115201402561604
79.524   0.949643   0.15072947505050127
80.2094   2.1933   0.14956654572463646
81.6291   2.21799   0.14868106806180809
82.314   3.46196   0.14804100648131444
83.7337   3.48782   0.14705555548839297
84.4183   4.73208   0.1468300272423849
85.8379   4.75908   0.14593197079461293
86.5223   6.0035   0.14628226139898284
87.942   6.03157   0.14543929867817756
88.6266   7.27595   0.1460077261654326
90.0463   7.30485   0.14535974305150715
90.7314   8.54894   0.14603883901209816
92.1512   8.57831   0.14567098578646043
92.8371   9.82191   0.14647281283568914
94.257   9.85135   0.14647028504102697
94.9439   11.0943   0.14732905348233638
96.3639   11.1235   0.14789807300975644
97.0518   12.3659   0.14881132349387927
98.4719   12.3947   0.1498050399686207
99.1609   13.6363   0.15050325577873389
100.581   13.6647   0.15201200610477936
101.271   14.9056   0.152124850041013
102.692   14.9335   0.15309134528118298
103.383   16.1735   0.1525214738979393
104.804   16.2008   0.1533944588308171
105.497   17.4398   0.15133264684132064
106.918   17.4662   0.15195041954532118
107.613   18.7041   0.14828772707139606
109.034   18.7295   0.1485589781871154
109.731   19.9662   0.14333865493996897
111.152   19.9903   0.14322464871661936
111.851   21.2259   0.1364807678759153
113.272   21.2486   0.13653182779117648
113.973   22.4833   0.12791501084704784
115.394   22.5045   0.12729104446110187
116.096   23.7384   0.11868234915099597
117.517   23.7582   0.11688592729666057
118.22   24.9916   0.10793687970290801
119.642   25.0102   0.10518540773320702
120.345   26.2432   0.09678305636835834
121.767   26.2609   0.09362221958488655
122.471   27.4937   0.08562949258286938
123.892   27.5108   0.08288697123191248
124.596   28.7434   0.07619383177134363
126.018   28.7602   0.07312489316231498
126.722   29.993   0.068506933955623
128.144   30.0097   0.06585324593366314
128.848   31.2427   0.0639229223362
130.269   31.2595   0.06174787445734416
130.973   32.4929   0.06265373093439747
79.4279   5.87001   0.15157483993064333
80.1133   7.11393   0.1514919469806896
81.5329   7.13908   0.1503049636572282
82.218   8.38321   0.15070998938358365
83.6377   8.40958   0.1491852124039129
84.3228   9.65382   0.15002901086123227
85.7424   9.68119   0.1485631882398879
86.4277   10.9254   0.14969642614304612
87.8474   10.9535   0.14832868906587443
88.5331   12.1974   0.14966716406746977
89.9528   12.226   0.1487508319304448
90.6393   13.4695   0.15005738902166743
92.0591   13.4981   0.14971048727460567
92.7465   14.741   0.15083106443965913
94.1665   14.7697   0.15104191471243644
94.855   16.0118   0.15184864174564652
96.2751   16.0402   0.15259472467946325
96.965   17.2816   0.15272007071763483
98.3852   17.3097   0.15389532156631486
99.0767   18.5501   0.15292203896102885
100.497   18.578   0.1540865016800657
101.191   19.8172   0.15135758983282166
102.611   19.8448   0.1530601515744637
103.306   21.0828   0.14944192852074636
104.727   21.1099   0.15114949553339468
105.425   22.3467   0.14520909062452475
106.846   22.3732   0.14605211398674733
107.545   23.6088   0.13922981002644025
108.966   23.6344   0.13981044310065147
109.667   24.8689   0.13146273236168385
111.089   24.8935   0.13103579663588333
111.791   26.1271   0.1220203671523773
113.213   26.1506   0.12113884595785981
113.917   27.3834   0.11097954766532078
115.338   27.4058   0.11040371370565542
116.043   28.638   0.10005663396296778
117.465   28.6594   0.09850299487832813
118.17   29.8912   0.08894408355815722
119.592   29.9117   0.0871918000731737
120.298   31.1434   0.07871569093896917
121.719   31.1632   0.07727127538742909
122.425   32.3949   0.07085703917043241
123.847   32.4143   0.06920057803226867
124.553   33.646   0.06588512730502899
125.975   33.6652   0.06462584622269821
126.681   34.8972   0.06481458169270132
128.102   34.9165   0.06369780215988706
128.807   36.1489   0.06695797189282104
130.229   36.1684   0.06650142855608723
130.934   37.4013   0.07239599436433179
132.355   37.4212   0.07159511156495664
133.059   38.6547   0.07857512328975454
134.48   38.6752   0.07781143874776843
135.183   39.9094   0.08510258515461795
83.5476   13.3336   0.15204525642057828
84.2335   14.5777   0.15350667737919155
85.6531   14.6051   0.15183484448571027
86.3394   15.8489   0.15323674494062933
87.7591   15.8767   0.15192649538510197
88.4461   17.1201   0.15314156849138205
89.8659   17.148   0.1523136894701184
90.554   18.3908   0.15315570508472445
91.9739   18.4186   0.15291075828731088
92.6634   19.6605   0.15309389275866647
94.0834   19.6883   0.15346253614481786
94.7746   20.9292   0.15269305812641895
96.1948   20.9568   0.15352319043063345
96.8879   22.1965   0.15143916270238963
98.3083   22.224   0.1526494677357196
99.0034   23.4624   0.14912179585828508
100.424   23.4897   0.15057692386284618
101.121   24.7269   0.14559467710050705
102.542   24.7539   0.14670122698873367
103.241   25.9898   0.14006469933570198
104.662   26.0164   0.14117892902271156
105.363   27.2512   0.13296653714374437
106.785   27.2772   0.1332156522335109
107.487   28.5109   0.12421288177963051
108.909   28.5364   0.12428680541392582
109.613   29.7691   0.11393388433648925
111.035   29.7939   0.11374976923054057
111.74   31.0259   0.10308433440635614
113.162   31.0499   0.10258776730194827
113.868   32.2813   0.09199527161762242
115.29   32.3046   0.09182123937303137
115.997   33.5356   0.08154538613557637
117.419   33.5582   0.08108421547995602
118.126   34.7891   0.07347115080083699
119.548   34.8111   0.07247572007231269
120.255   36.042   0.06790905683338601
121.677   36.0636   0.06704297129453636
122.384   37.2946   0.06630874753756211
123.806   37.3161   0.06578183639881034
124.513   38.5473   0.06901449123191702
125.935   38.5687   0.06881751230609946
126.642   39.8004   0.07535150960664154
128.063   39.822   0.07486875182610572
87.6796   20.8019   0.15072163082982695
88.3688   22.0444   0.1508432961718972
89.7885   22.0715   0.1504715920032751
90.4793   23.313   0.14982726721128137
91.8993   23.34   0.14994225555193702
92.592   24.5804   0.14818393975057395
94.0121   24.6072   0.14889546668720008
94.7068   25.8464   0.14580346360769167
96.1271   25.8731   0.14689799181744767
96.8239   27.111   0.14230007027405045
98.2444   27.1374   0.14358178853879955
98.9432   28.3741   0.13746512284939363
100.364   28.4003   0.13850981914651
101.065   29.6358   0.1306363272600728
102.485   29.6616   0.1324566344129303
103.188   30.896   0.12305397189851562
104.609   30.9215   0.1240993553569065
105.313   32.1548   0.11399951754283444
106.734   32.1798   0.11554760923533372
107.439   33.4123   0.10501357055162738
108.861   33.4369   0.10500633314234138
109.567   34.6686   0.09432804461028699
110.989   34.6928   0.09417112083860339
111.696   35.9239   0.08400863050901546
113.118   35.9477   0.08370191156718232
113.825   37.1784   0.07546422993710307
115.247   37.2018   0.07510026631111494
115.955   38.4323   0.0694299647126489
117.377   38.4555   0.06911584478251022
118.085   39.6859   0.06730586898629226
119.507   39.7089   0.06714022639223043
91.8381   28.2619   0.13878342840555286
92.5342   29.5007   0.13512560823174674
93.9543   29.5263   0.13608460603609626
94.6523   30.7639   0.13106437349639155
96.0727   30.7893   0.13216784782994453
96.7724   32.0257   0.12579519068707826
98.193   32.0507   0.12696712172842664
98.8944   33.2861   0.11922420056347637
100.315   33.3107   0.1207160718380179
101.018   34.5451   0.11178125961000306
102.439   34.5692   0.11258046011631183
103.143   35.8027   0.10312928778964667
104.564   35.8264   0.10377942956097402
105.27   37.0591   0.0933169330829134
106.691   37.0824   0.09389387626464307
107.397   38.3144   0.08429175523145037
108.819   38.3374   0.08417083818044815
109.526   39.5687   0.07556321856564925
110.947   39.5915   0.07597210014208945
96.0283   35.7056   0.11159502677090768
96.7297   36.9412   0.10432396656569716
98.1504   36.9643   0.1054596605342447
98.8531   38.199   0.0972663353889791
100.274   38.2215   0.09809082525903746
100.978   39.4554   0.08931366076922574
102.399   39.4774   0.0899729403765353
114.946   66.6037   0.13607027596062135
115.641   67.841   0.13900640273024553
117.062   67.8571   0.1433240035723237
117.756   69.0953   0.14559344078632203
119.177   69.1132   0.14893827580578423
119.869   70.3525   0.1499889662608483
121.29   70.3724   0.15232219142330852
121.981   71.6126   0.1527379782503338
123.401   71.6345   0.1534641651982607
124.091   72.8756   0.153158773826371
125.511   72.8991   0.1531678164628569
126.199   74.1409   0.15188564777489416
127.619   74.1657   0.15109089979214674
128.307   75.4081   0.14983888013462826
129.727   75.4339   0.14875852916723714
130.413   76.6767   0.1473036319986743
131.833   76.7033   0.14652184137526872
132.519   77.9465   0.14567072458115995
133.939   77.974   0.1451984159693214
134.624   79.2178   0.14491590664933834
136.044   79.2462   0.14518319461976237
136.729   80.4904   0.14534152882091153
138.148   80.5198   0.14561181270762252
119.093   74.0255   0.15285686114794567
119.782   75.2667   0.1519744057399122
121.202   75.286   0.1542562802611213
121.89   76.5279   0.15295666052840193
123.31   76.5493   0.15373223474600056
123.997   77.7918   0.15231300010176443
125.417   77.8147   0.15209513470193511
126.103   79.0577   0.1503800851176789
127.523   79.0818   0.14980350463189773
128.209   80.3252   0.1483383969173246
129.629   80.3504   0.14759471535255086
133.04   41.1099   0.0885731336241264
134.461   41.1315   0.08787246440154842
135.164   42.3658   0.09578924783084806
136.585   42.388   0.09500447357888125
137.287   43.6231   0.10251643770635996
124.494   40.9975   0.07571367115653566
125.915   41.0199   0.07529409007352787
126.622   42.2515   0.08396785099071917
128.043   42.2742   0.08341726440012315
128.749   43.5064   0.09302623285933062
130.171   43.5294   0.09314424297829456
130.876   44.7623   0.10287127879052976
132.297   44.7858   0.10217264800326804
133.0   46.0195   0.11082833572693496
134.421   46.0434   0.11003590323161823
135.124   47.2781   0.11881885372280179
136.545   47.3024   0.1180758230968391
137.246   48.5381   0.12531260910220765
138.666   48.5628   0.12382326114263363
139.366   49.7996   0.1303428172167653
140.786   49.8247   0.12914464758557695
141.484   51.0625   0.13407885739370276
115.935   40.8806   0.06735465833927116
117.357   40.9038   0.06740185457389057
118.065   42.1341   0.06944645419313918
119.487   42.1574   0.06956615556432245
120.195   43.3879   0.07554793180490775
121.617   43.4113   0.07581675276613034
122.324   44.6422   0.08416347188656202
123.746   44.6659   0.08435905404874905
124.453   45.8972   0.09453993865028722
125.875   45.9212   0.09470131994856068
126.58   47.1531   0.10469025742636666
128.002   47.1776   0.10468648432343407
128.707   48.4103   0.11513561568861819
130.128   48.4351   0.11434093755080961
130.832   49.6687   0.12432143821560279
132.253   49.694   0.12252709904341925
132.955   50.9286   0.13183569319423655
134.376   50.9542   0.13010710972117875
135.076   52.19   0.1369994525536463
136.497   52.216   0.13613103981093472
137.195   53.4529   0.1414858650183739
138.616   53.4791   0.1408719276506343
139.313   54.7172   0.14549202727295885
140.733   54.7437   0.14450958445723266
141.427   55.9831   0.1468506043569293
142.847   56.0097   0.14645272274697468
143.54   57.2503   0.14837587404966202
144.96   57.2771   0.14866149467834933
145.651   58.5188   0.1494174688582429
107.377   40.7658   0.07553740795129292
108.799   40.7879   0.07548807852899256
109.506   42.0192   0.06912806955210184
110.928   42.0412   0.06928672311489482
111.635   43.2721   0.06629419280751382
113.057   43.2941   0.06667540776028179
113.764   44.5249   0.06759208533548806
115.186   44.5471   0.06827569113527968
115.894   45.7777   0.0732962481986643
117.316   45.8003   0.07404356825545291
118.023   47.0311   0.08192948187312894
119.445   47.0542   0.08258383619086089
120.152   48.2852   0.09251664715066228
121.574   48.3088   0.09314547761432207
122.28   49.5403   0.10373398671602523
123.702   49.5646   0.1034342786507412
124.407   50.7967   0.11401517442867071
125.829   50.8217   0.11413991414049646
126.533   52.0545   0.12439151900351016
127.955   52.0801   0.12422725143864169
128.657   53.314   0.13314447040716548
130.079   53.3401   0.13285367891029776
130.78   54.575   0.1409730470692952
132.201   54.6015   0.13987487265408574
132.9   55.8377   0.14638299081519654
134.32   55.8645   0.1445517554372664
135.018   57.1019   0.1503103788831615
136.438   57.129   0.14865281699315355
137.133   58.3677   0.1520718251353653
138.553   58.395   0.15079423065887126
139.246   59.6349   0.15280984915901125
140.667   59.6624   0.1528378225440321
141.358   60.9034   0.15353986453034785
142.778   60.931   0.15345321762673342
143.467   62.1731   0.1530294742852016
144.887   62.2007   0.15287331356387013
145.575   63.4436   0.1520896117425453
146.995   63.4713   0.15342737695732173
147.682   64.7149   0.15218488755457152
149.101   64.7424   0.15336182706267404
149.788   65.9863   0.15237089617115365
98.8339   40.6558   0.08628255907192406
100.255   40.6772   0.08718078916825817
100.959   41.911   0.07911415802496893
102.38   41.9318   0.0798581868063665
103.084   43.165   0.07275974161581414
104.506   43.1853   0.07290411511019391
105.211   44.4179   0.067134566357427
106.632   44.4379   0.06785668721651253
107.338   45.6699   0.06437748053473448
108.76   45.6897   0.06520214720390571
109.466   46.9215   0.06521265214664904
110.888   46.9413   0.06638410954437783
111.594   48.1728   0.07011975470578868
113.016   48.1929   0.07142723570179602
113.722   49.4243   0.07830740705705715
115.144   49.4449   0.07949899370432473
115.85   50.6763   0.08826216630016943
117.272   50.6976   0.08973210127931448
117.978   51.9293   0.09995283887914112
119.399   51.9515   0.10059542733146604
120.104   53.1836   0.11104998874380799
121.526   53.2068   0.1118751536311734
122.23   54.4395   0.12221460632837305
123.652   54.4637   0.12275707718905957
124.354   55.6973   0.13178019578070546
125.776   55.7225   0.13196946616547398
126.477   56.957   0.1403347426690928
127.898   56.983   0.13956425043684736
128.597   58.2187   0.14636802929603088
130.018   58.2454   0.145387241531019
130.716   59.4823   0.15127250245832152
132.136   59.5095   0.14951127047817073
132.832   60.7477   0.15382200752817682
134.252   60.7753   0.15138447740770478
134.946   62.0146   0.1549189465494746
136.366   62.0425   0.15275395248570217
137.057   63.283   0.15331960083431798
138.478   63.3111   0.15298578365325913
139.167   64.5525   0.1522982600032013
140.587   64.5808   0.15183003655402583
141.276   65.8232   0.151453920385058
142.696   65.8516   0.15165490430578818
143.383   67.0946   0.150177494985109
144.803   67.1231   0.15109904036755864
145.489   68.3667   0.1494316231592246
146.909   68.395   0.15085135067343614
147.595   69.639   0.14961380283917278
149.014   69.6667   0.15083951736863582
149.7   70.9109   0.14985346175513087
151.119   70.9379   0.15127541108852027
151.805   72.1821   0.1506978765610159
153.224   72.208   0.15196446953152778
153.91   73.452   0.15162061205522465
102.341   46.8412   0.0650192279252879
103.045   48.0747   0.06168670845490248
104.466   48.0924   0.06337262816074625
105.171   49.3254   0.06253550991236767
106.592   49.3428   0.06450899162132435
107.297   50.5755   0.06676263925280411
108.718   50.5928   0.06902702369362641
109.423   51.8253   0.07414957855578445
110.845   51.8428   0.0768251260981734
111.549   53.0752   0.08375404467845035
112.971   53.0931   0.08654617264789782
113.675   54.3256   0.09486184691433695
115.097   54.3443   0.09755024346458363
115.801   55.577   0.10675673280876019
117.222   55.5967   0.10852345368628714
117.925   56.8298   0.11771342319378965
119.347   56.8507   0.1195786352154863
120.049   58.0845   0.1283180423790864
121.47   58.1067   0.12905382597970372
122.171   59.3413   0.13721049522541034
123.592   59.3648   0.13754199358741398
124.291   60.6004   0.1443559835961059
125.712   60.6253   0.14347076357223032
126.41   61.862   0.15003789521317157
127.83   61.888   0.14820641011778518
128.526   63.1259   0.15252514546789486
129.946   63.1528   0.1510421464360093
130.64   64.3918   0.1537982119531859
132.06   64.4194   0.1522151437932595
132.752   65.6595   0.15343053802943074
134.172   65.6875   0.1518612853890045
134.862   66.9285   0.15171796202163068
136.283   66.957   0.15101920407682728
136.971   68.1987   0.1497842782137136
138.392   68.2276   0.14952742223418117
139.079   69.4701   0.1480882169519323
140.499   69.4992   0.1478631123708617
141.186   70.7423   0.14689206922091363
142.606   70.7716   0.14727565990345343
143.292   72.0153   0.14635169968264758
144.712   72.0444   0.14710054384671875
145.397   73.2885   0.14609288141452323
146.816   73.3171   0.146465149438357
147.501   74.5614   0.14590095955818758
148.921   74.589   0.14708752496387484
149.605   75.8334   0.14665994681575265
151.025   75.86   0.14786547940611483
151.71   77.1041   0.14809405794967645
153.129   77.1295   0.14906676356585274
153.814   78.3734   0.1497691557030375
155.234   78.3976   0.15061185212326564
155.92   79.6412   0.15181465673642508
157.339   79.6639   0.15186866036151256
158.025   80.9071   0.15331744845255332
106.548   54.2487   0.07364326174199444
107.251   55.4823   0.078935733353153
108.672   55.4971   0.08286627782155571
109.375   56.7306   0.08958504339452983
110.796   56.7458   0.09349705877727157
111.498   57.9794   0.10070079443579524
112.92   57.9952   0.10489580544521257
113.622   59.2291   0.1126066161466584
115.043   59.2459   0.11594468508733531
115.744   60.4803   0.1233484900596709
117.165   60.4983   0.1255274073658832
117.865   61.7333   0.13246210778935272
119.286   61.7528   0.13453371324690527
119.984   62.9886   0.14031044152164696
121.405   63.0098   0.14163509452109715
122.102   64.2466   0.14662486146626133
123.523   64.2695   0.14727565990345673
124.218   65.5074   0.15085493031385375
125.639   65.5318   0.15095959724375682
126.332   66.7708   0.1530202927719062
127.752   66.7965   0.15212642768434734
128.444   68.0365   0.15322055997808404
129.864   68.0633   0.15196265988723112
130.554   69.3041   0.15179288520876022
131.974   69.3317   0.15024739598408898
132.663   70.5732   0.14954684884677313
134.084   70.6013   0.148726090515423
134.772   71.8435   0.1478081865121026
136.192   71.8722   0.14640983573517047
136.879   73.1149   0.14623522147553913
138.299   73.1442   0.14536650233117582
138.985   74.3875   0.14507353307892262
140.405   74.4173   0.14506205568651878
141.09   75.6612   0.1449775844742907
142.51   75.691   0.14514354963276963
143.194   76.9354   0.14505226644212882
144.614   76.9647   0.1451303551983536
145.298   78.2092   0.14507463596369857
146.718   78.2377   0.14512091510185374
147.402   79.4821   0.14523102285668812
148.822   79.5094   0.14544284100635776
149.506   80.7536   0.14593961079843956
150.926   80.7798   0.1465234793471668
110.74   61.6505   0.10962832663139707
111.44   62.8857   0.11550346315154622
112.861   62.8995   0.12069946147353096
113.559   64.1352   0.12562444029726025
114.98   64.1503   0.13021121303482633
115.678   65.3866   0.13508874860623687
117.099   65.4032   0.13894243412291107
117.795   66.6403   0.14274652360040282
119.216   66.6587   0.1456459062246535
119.91   67.8968   0.14819568144854717
121.331   67.9171   0.15023648025696243
122.023   69.1562   0.15155807467766316
123.444   69.1784   0.15260176932132716
124.135   70.4186   0.15312602652718182
125.555   70.4424   0.1529936273182672
126.245   71.6834   0.15274004059184815
127.665   71.7086   0.15155856953666652
128.354   72.9503   0.15103304274231494
129.774   72.9765   0.14954949013620902
130.462   74.2187   0.14846834679485463
131.882   74.2457   0.1473063813960575
132.569   75.4884   0.14641328491636238
133.989   75.5161   0.14572594141058423
134.675   76.7593   0.14523377706305798
136.095   76.7879   0.14507522186782734
136.78   78.0316   0.14522176145468182
138.2   78.061   0.14537867794143136
138.884   79.3053   0.14561455971158724
140.304   79.3352   0.1457919407923509
140.988   80.5797   0.14591655149433802
142.408   80.6097   0.1457990397773596
117.023   70.312   0.14705730175683482
117.715   71.5513   0.14792339233535812
119.136   71.5689   0.15118234023853433
119.827   72.8091   0.15139874504103024
121.247   72.8287   0.15350938082085516
121.936   74.0699   0.1528098491590159
123.356   74.0915   0.15373382841782085
124.045   75.3334   0.15275788032045828
125.465   75.3565   0.15269777339568757
126.152   76.599   0.15110526132467827
127.572   76.6235   0.15039843749187534
128.258   77.8664   0.1487322426375701
129.678   77.8918   0.14790929652999785
130.364   79.1351   0.14664191078951294
131.784   79.1615   0.1461359983029496
132.469   80.4052   0.14540581143819867
133.889   80.4326   0.14519452469015937
121.156   77.7441   0.15428642195604428
121.843   78.9866   0.15259737874551538
123.263   79.0077   0.15373496674472042
123.949   80.2507   0.15189262654915348
125.369   80.2734   0.15195476300531488
128.769   41.0541   0.08303095808192062
130.19   41.0761   0.08254223161509049
130.895   42.3089   0.09139545940582676
132.317   42.3312   0.09152950344014554
133.021   43.5648   0.10042300533243463
134.442   43.5876   0.09968480325505416
135.145   44.822   0.10817786280011801
136.565   44.8454   0.1057889408208649
137.267   46.0807   0.11442976011509375
138.688   46.1044   0.11285481824006466
139.388   47.3407   0.11915326264942795
120.215   40.9394   0.06977248741445251
121.637   40.9624   0.06980315179130299
122.345   42.1931   0.07621082600260526
123.766   42.2163   0.07577156458725608
124.474   43.4474   0.0849332090527641
125.895   43.4707   0.08450822445182268
126.602   44.7024   0.09475193929413935
128.023   44.726   0.09352716183013501
128.729   45.9584   0.10403172593013485
130.15   45.9824   0.10331258393825501
130.854   47.2156   0.1128650964647709
132.276   47.24   0.11282096436391527
132.979   48.4741   0.12185031801354322
134.4   48.4989   0.12100876001349029
135.101   49.7341   0.12844675939858474
136.522   49.7593   0.12761602563941096
137.222   50.9955   0.13435505200772663
138.642   51.0211   0.1328798705598364
139.341   52.2584   0.13884138432039766
140.761   52.2843   0.1377152860070286
141.457   53.5228   0.14135727784588928
142.877   53.5489   0.14073709532315873
143.571   54.7887   0.1430471600556962
111.655   40.8224   0.06946056435129157
113.077   40.8452   0.06958052888560326
113.785   42.0758   0.0668676304350613
115.207   42.0986   0.06719226145918834
115.914   43.329   0.06872183059261451
117.336   43.352   0.06889571829947078
118.044   44.5825   0.07463544734239662
119.466   44.6058   0.07470615771139555
120.174   45.8365   0.0831656178958652
121.596   45.8601   0.0835902506276924
122.303   47.0912   0.09371381968525112
123.725   47.1153   0.09396983558567791
124.431   48.3469   0.10463292980701211
125.853   48.3715   0.10473418735063764
126.558   49.6038   0.11534079937299653
127.979   49.6289   0.11449541475535262
128.683   50.8621   0.12464878659657691
130.105   50.8876   0.12444906588641287
130.807   52.1218   0.13319162886606972
132.228   52.1478   0.13211661515496065
132.929   53.3831   0.14001807026237312
134.35   53.4094   0.13903143529432438
135.048   54.6459   0.1445577047410402
136.469   54.6725   0.14367630284775118
137.166   55.9102   0.1484732299103173
138.586   55.9371   0.1462587091423991
139.281   57.1761   0.1503826120268011
140.701   57.2031   0.148726762890864
141.394   58.4433   0.15067544590941473
142.814   58.4704   0.15046022730276956
143.505   59.7118   0.15117321191268512
144.925   59.7391   0.15168140953987796
145.614   60.9814   0.15133413362489898
147.034   61.0088   0.1525162942114663
147.722   62.2519   0.1517934451812679
103.103   40.7106   0.08177731959413104
104.525   40.7321   0.08176435653755088
105.23   41.9646   0.07412071235491519
106.652   41.9858   0.07414310487158954
107.358   43.2177   0.06812906868583726
108.779   43.2387   0.06903165940349622
109.486   44.4701   0.06552381246539135
110.908   44.4911   0.06608963610128128
111.615   45.7222   0.066416940610058
113.037   45.7433   0.06740252220800216
113.744   46.9744   0.07162262212457647
115.166   46.9958   0.07279210121984046
115.873   48.2268   0.08026107400228555
117.294   48.2488   0.08097067370350218
118.001   49.48   0.09056831675592415
119.423   49.5027   0.09150191254832254
120.129   50.7342   0.10198852876672242
121.551   50.7577   0.10266206699653185
122.256   51.9897   0.11331306191255916
123.678   52.014   0.11370897062236757
124.382   53.2468   0.12402806134097105
125.803   53.2719   0.1234489773145183
126.506   54.5055   0.1332578327904254
127.928   54.5314   0.13313339175428435
128.629   55.7661   0.1413820709991119
130.05   55.7926   0.13955006270154052
130.749   57.0284   0.1463031441904008
132.17   57.0554   0.14520416660687763
132.867   58.2925   0.15027102182390656
134.288   58.3198   0.14923444642575617
134.983   59.5581   0.1527608915920659
136.404   59.5857   0.15192382959890627
137.097   60.8252   0.15399782465997108
138.517   60.853   0.15278226336848333
139.208   62.0937   0.15344549520921072
140.628   62.1216   0.15285342652358141
141.318   63.3634   0.15304028881311627
142.738   63.3914   0.15308954895747087
143.426   64.634   0.15212905705352925
144.846   64.6621   0.15287877550530637
145.533   65.9054   0.15158248579567088
146.953   65.9334   0.1530046404525085
147.639   67.1772   0.15133277900046724
149.059   67.2048   0.1531331773326701
149.745   68.4489   0.1517456424415578
151.164   68.476   0.15269119162543912
151.85   69.7201   0.15165595932899728
100.236   43.133   0.07735929162033238
100.94   44.3669   0.07038416014985525
102.361   44.3864   0.07132439975211834
103.065   45.6197   0.06583198310851372
104.486   45.6388   0.06676863035887
105.191   46.8715   0.06327479751054003
106.613   46.8902   0.06428880151317022
107.318   48.1226   0.0638805134606797
108.74   48.1411   0.065482287681479
109.445   49.3732   0.06845852759152711
110.867   49.3919   0.07035005330488486
111.572   50.6238   0.07613179362132617
112.994   50.6428   0.07822844751112011
113.7   51.8747   0.08664767740684458
115.121   51.8943   0.08828646555389605
115.826   53.1264   0.09757561170701871
117.248   53.1469   0.0994316348050291
117.953   54.3793   0.10959060178683618
119.374   54.4008   0.1100067725187825
120.078   55.6337   0.12068956044331586
121.499   55.6564   0.12055625243013568
122.202   56.89   0.13017668762109433
123.623   56.9139   0.1302697969600074
124.324   58.1484   0.13857820896519
125.745   58.1735   0.1382038349685029
126.445   59.4091   0.1456719945631191
127.866   59.4352   0.14504268337285675
128.563   60.6719   0.1502854949753823
129.984   60.6988   0.14938343281636926
130.679   61.9367   0.15306926536701523
132.1   61.9642   0.1520691947765839
132.793   63.2033   0.15414635902285886
134.214   63.2312   0.1532566474904064
134.905   64.4714   0.15379596873780932
136.325   64.4996   0.15241358207192734
137.015   65.7408   0.15233230123646876
138.436   65.7693   0.1519972697123161
139.124   67.0113   0.1507969495712655
140.544   67.04   0.14985826637193977
141.232   68.2828   0.1495380887934531
142.652   68.3117   0.14924871858745742
143.338   69.5551   0.14772995633926478
144.758   69.5839   0.14859468361957417
145.444   70.8277   0.14743066166845822
146.863   70.8562   0.14831864346736334
147.549   72.1004   0.14758038487550043
148.968   72.1281   0.14870941463134552
149.653   73.3724   0.1479497549845849
151.073   73.3992   0.14956754327059596
151.758   74.6434   0.14909835679846195
153.177   74.6691   0.15029817031487805
153.863   75.9131   0.15062778628128415
155.282   75.9374   0.15133476137358215
155.968   77.1812   0.1520488737215734
104.446   50.5462   0.06328111882702482
105.149   51.7796   0.06493727742983661
106.571   51.7956   0.06801470429252589
107.275   53.0287   0.07236193750861176
108.696   53.0448   0.07541995757092138
109.4   54.2778   0.08171591032351407
110.821   54.2941   0.08458067155089229
111.525   55.5271   0.09227486114863723
112.946   55.5439   0.09529868834353887
113.649   56.7771   0.10347777539163333
115.071   56.7948   0.10671986694144346
115.773   58.0283   0.11488885933805579
117.195   58.0471   0.11768283647159067
117.896   59.2812   0.12550637434010833
119.318   59.3013   0.12780316897479196
120.018   60.5361   0.13510025906711276
121.439   60.5578   0.13611792681348114
122.138   61.7934   0.14273517436147776
123.559   61.8166   0.14327484077813477
124.256   63.0534   0.14837115622653493
125.677   63.078   0.14838412987917482
126.372   64.3159   0.15199124974812916
127.793   64.3418   0.15157374442825372
128.486   65.5808   0.1536798620509429
129.906   65.6077   0.15231194962970296
130.598   66.8477   0.15341942510648635
132.018   66.8753   0.15135246942154296
132.709   68.1161   0.15176353316920563
134.129   68.1443   0.15028283335097453
134.818   69.3859   0.14960203875616604
136.238   69.4145   0.1484520798102949
136.926   70.6568   0.1476181899360556
138.346   70.6859   0.14691688126284694
139.033   71.9288   0.14619760599954162
140.453   71.9583   0.1459833209651051
141.139   73.2018   0.14538600345287594
142.559   73.2314   0.14567583876538834
143.244   74.4754   0.14518636299598092
144.664   74.5047   0.14568356118656114
145.348   75.7491   0.14516972824939103
146.768   75.7776   0.14572772557066754
147.452   77.0221   0.14545542272462508
148.872   77.0495   0.14610968482615552
149.556   78.2938   0.1462271178680639
150.976   78.3202   0.14705876376469468
151.661   79.5642   0.14762374470253914
153.08   79.5894   0.148425907442062
153.766   80.8331   0.14962934204226283
155.185   80.8572   0.15036449048894568
108.646   57.9497   0.09063873344216491
109.348   59.1839   0.09708928880159592
110.769   59.1979   0.10189425891580037
111.47   60.4323   0.10848156525419264
112.891   60.4471   0.11294653602479954
113.592   61.6818   0.11984164551606956
115.013   61.6977   0.12377661329993074
115.712   62.933   0.12977784864914232
117.133   62.9503   0.13299703004202731
117.831   64.1863   0.13837026414660247
119.252   64.2052   0.1408605338623889
119.948   65.4422   0.14497906745457753
121.369   65.4629   0.14619192864176828
122.064   66.7009   0.15005305728307702
123.485   66.7234   0.15043490286498803
124.178   67.9625   0.15235606322034062
125.598   67.9866   0.15216993789839492
126.289   69.2267   0.15276969594785833
127.71   69.2522   0.15233006925751494
128.4   70.4931   0.15212866265106792
129.82   70.5196   0.15092796294921046
130.509   71.7612   0.1501226498567012
131.929   71.7885   0.14874905041713418
132.617   73.0306   0.14782885374647903
134.037   73.0586   0.14678886197528615
134.724   74.3012   0.14606122004145908
136.144   74.3299   0.14546879390440332
136.83   75.5731   0.14519039224411848
138.25   75.6026   0.14510182631517962
138.935   76.8463   0.1452177675079712
140.355   76.8762   0.14534077198088385
141.04   78.1205   0.1457059024199095
142.459   78.1504   0.1453076047562551
143.143   79.395   0.14558945703587278
144.563   79.4243   0.1452222434753002
145.247   80.6688   0.14521639025950353
146.667   80.6972   0.14502155012272894
138.832   81.7643   0.14578919713065022
140.252   81.7943   0.14591655149433802
140.936   83.0388   0.14579194079234772
142.356   83.0687   0.14561455971159148
143.04   84.3129   0.14537867794143625
144.46   84.3424   0.14522176145467897
145.145   85.5861   0.14507522186782734
146.565   85.6147   0.14523377706304705
147.251   86.8579   0.1457587733208536
148.671   86.8856   0.14641328491636238
149.358   88.1283   0.1473063813960575
150.778   88.1553   0.148468346794864
151.466   89.3975   0.14954949013619856
152.886   89.4237   0.15066512536085244
153.575   90.6654   0.15155856953666652
154.995   90.6906   0.1527400405918564
155.685   91.9316   0.15299362731826957
157.105   91.9554   0.15318828284173455
157.796   93.1956   0.15260176932133349
159.216   93.2177   0.15193709224542679
159.909   94.4569   0.15023648025696895
161.33   94.4772   0.1482641224302023
162.024   95.7153   0.14564590622466014
163.445   95.7337   0.14274652360040282
164.141   96.9708   0.13894243412291107
165.562   96.9874   0.13515975732442323
166.26   98.2237   0.13028265425604016
167.681   98.2388   0.12562444029726025
168.379   99.4744   0.12062823052669824
169.8   99.4883   0.11550346315154122
170.5   100.723   0.10955802115773985
130.314   81.5942   0.14647388845797482
131.734   81.6204   0.14593961079843917
132.418   82.8645   0.14548419158107642
133.838   82.8919   0.14523102285668307
134.522   84.1363   0.14512091510185804
135.942   84.1647   0.14509975878684261
136.626   85.4093   0.14513035519834733
138.046   85.4386   0.1450522664421371
138.73   86.683   0.14514354963276815
140.15   86.7128   0.1449775844742907
140.835   87.9567   0.14506205568651873
142.255   87.9864   0.14506543351192078
142.941   89.2297   0.1453555984473926
144.361   89.2591   0.14625337602941052
145.048   90.5018   0.14640983573517338
146.468   90.5305   0.14780818651211933
147.156   91.7727   0.14872609051541885
148.576   91.8008   0.15006588553032518
149.265   93.0423   0.15079870689101
150.686   93.0698   0.15175088138129358
151.376   94.3107   0.151962659887216
152.796   94.3374   0.15322055997809905
153.488   95.5774   0.15212642768434037
154.908   95.6032   0.1530202927719216
155.601   96.8422   0.15095959724377236
157.022   96.8666   0.15085493031386193
157.717   98.1045   0.14733380467495985
159.138   98.1273   0.14656356982551966
159.835   99.3642   0.14163509452109277
161.256   99.3853   0.14024624772164207
161.954   100.621   0.13414827617228864
163.375   100.641   0.13279292149810476
164.075   101.876   0.12599301567944435
165.496   101.894   0.12354982800473671
166.197   103.128   0.11550653661156864
167.618   103.145   0.11260661614664629
168.32   104.379   0.10509823975690889
169.742   104.395   0.10076824896761766
170.444   105.628   0.0932974276172787
171.865   105.643   0.08906200087579287
172.568   106.877   0.08280223426937017
173.989   106.892   0.07937480708637616
174.692   108.125   0.07323004847738242
123.215   81.4668   0.15338712462263257
123.901   82.7101   0.15186866036151256
125.32   82.7328   0.15181465673643516
126.006   83.9764   0.15061185212326564
127.426   84.0005   0.1498284685899137
128.111   85.2444   0.14912320409647814
129.53   85.2698   0.14814627906227987
130.215   86.514   0.14786547940611483
131.635   86.5406   0.14661599503465098
132.319   87.7849   0.147127869555714
133.739   87.8126   0.1459009595581827
134.424   89.0569   0.146465149438357
135.843   89.0854   0.14609288141453433
136.528   90.3296   0.14707991025289696
137.948   90.3587   0.1463516996826495
138.634   91.6024   0.1472756599034677
140.054   91.6316   0.14689206922089884
140.741   92.8748   0.1478625375137262
142.161   92.9039   0.14808821695191676
142.848   94.1464   0.14952742223418117
144.268   94.1752   0.15035192050651988
144.957   95.417   0.15103618771672944
146.378   95.4455   0.15171796202164792
147.068   96.6864   0.1518367544436986
148.488   96.7145   0.15343053802943074
149.18   97.9546   0.15221514379324122
150.6   97.9821   0.1537615036346949
151.294   99.2212   0.15104214643600666
152.714   99.2481   0.15252514546789486
153.41   100.486   0.1480785264648483
154.83   100.512   0.1495827864428086
155.528   101.749   0.14342332446294062
156.949   101.774   0.14466613287151017
157.648   103.009   0.1376450507646484
159.069   103.033   0.1374312919243769
159.77   104.267   0.12905382597969112
161.191   104.289   0.12797015277008994
161.893   105.523   0.11946300682637863
163.314   105.544   0.11805291186583222
164.018   106.777   0.10834320467846306
165.439   106.797   0.10650840342434387
166.143   108.03   0.0976116796290303
167.565   108.048   0.09492502304450338
168.269   109.281   0.08642337646725737
169.691   109.299   0.08406836503703784
170.395   110.531   0.07700396093708757
171.817   110.549   0.07439085965358742
172.522   111.781   0.06913674854952796
173.943   111.798   0.0664906008395163
174.648   113.031   0.06450899162132435
176.069   113.049   0.06265181561615413
176.774   114.282   0.06355186857992448
178.195   114.299   0.06147918346887991
178.899   115.533   0.06504375450417965
127.33   88.9219   0.15162061205522465
128.016   90.166   0.15191040122388372
129.435   90.1919   0.1506978765610159
130.121   91.4361   0.15127541108852027
131.54   91.4631   0.1498534617551494
132.226   92.7072   0.15083951736862167
133.645   92.735   0.14961380283917278
134.331   93.979   0.15085135067343614
135.751   94.0073   0.1494316231592246
136.437   95.2509   0.15109904036755864
137.857   95.2793   0.15019004627471833
138.544   96.5224   0.15165490430578818
139.964   96.5508   0.1514539203850394
140.653   97.7932   0.15183003655404528
142.073   97.8215   0.15229826000318117
142.762   99.0629   0.15298578365325913
144.183   99.091   0.15331960083433618
144.874   100.331   0.15267419559311235
146.294   100.359   0.15476705075693167
146.988   101.599   0.1514042601778357
148.408   101.626   0.1538473269186212
149.104   102.864   0.14928566575527985
150.524   102.892   0.15145761783415357
151.222   104.129   0.14566276119859525
152.643   104.155   0.1462968215649218
153.342   105.391   0.13966921636495042
154.763   105.417   0.14033474266908277
155.464   106.652   0.13224314727048428
156.886   106.677   0.13182416318718448
157.588   107.91   0.12262956413523658
159.01   107.934   0.12179080425057603
159.714   109.167   0.11173790762314768
161.136   109.19   0.11110036003542648
161.841   110.422   0.10020977996183218
163.262   110.445   0.10026868903102797
163.968   111.676   0.089335379329808
165.39   111.698   0.0885322540094785
166.096   112.929   0.07964923100696261
167.518   112.95   0.07846757292028268
168.224   114.181   0.07147475078655482
169.646   114.201   0.06996920751302105
170.352   115.433   0.06655140870034394
171.774   115.453   0.06530122510336119
172.48   116.684   0.0650719601671859
173.902   116.704   0.06420443909885794
174.608   117.936   0.06778967473000765
176.029   117.956   0.06720982071097086
176.734   119.189   0.07289032857656903
178.156   119.209   0.07280858465868713
178.86   120.442   0.07988016024020227
180.281   120.463   0.07912420615716227
180.985   121.697   0.08719655956515883
182.406   121.718   0.08641180474912527
131.452   96.3877   0.15237089617115365
132.139   97.6316   0.15336182706265608
133.558   97.6591   0.1521566626868599
134.245   98.9026   0.1534525659609421
135.665   98.9303   0.15210903983657223
136.353   100.173   0.1529071940753519
137.773   100.201   0.15304055018196705
138.462   101.443   0.15345321762675507
139.882   101.471   0.15353986453034785
140.573   102.712   0.15283376590269918
141.994   102.739   0.15282503067233377
142.687   103.979   0.15078199494632674
144.107   104.006   0.1520718251353653
144.802   105.245   0.1487024209621345
146.222   105.272   0.1503103788831637
146.92   106.509   0.14453719244541166
148.34   106.536   0.14632323807243244
149.039   107.772   0.13981877556323954
150.46   107.799   0.1409246607233668
151.161   109.034   0.132876220596466
152.583   109.06   0.1330607380108768
153.285   110.294   0.12422725143865221
154.707   110.319   0.12408162635942625
155.411   111.552   0.11396999605160439
156.833   111.577   0.1140493314316242
157.538   112.809   0.10319113334001376
158.96   112.834   0.10391578320928992
159.666   114.065   0.09320965615213987
161.088   114.089   0.09262958490676111
161.795   115.32   0.08274563432592998
163.217   115.343   0.08192948187312521
163.924   116.574   0.07416663670411291
165.346   116.596   0.07311696109658955
166.054   117.827   0.06830197654534037
167.476   117.849   0.06743470916375412
168.183   119.08   0.066655832452983
169.605   119.102   0.06644516536212393
170.312   120.333   0.06927510375308488
171.734   120.355   0.06921300455839294
172.441   121.586   0.0755082114739877
173.863   121.608   0.0755280742505659
135.589   103.855   0.14936897268173713
136.28   105.097   0.1486909546677308
137.7   105.124   0.14832208197028923
138.393   106.364   0.1465215342535083
139.813   106.391   0.14684212610828737
140.507   107.63   0.14450678184775714
141.927   107.657   0.1454973882927189
142.624   108.895   0.14087799686252941
144.044   108.921   0.1422997189034426
144.743   110.158   0.13613687964691937
146.164   110.184   0.13696627322083735
146.864   111.42   0.13011629413720222
148.285   111.445   0.13172399174029914
148.987   112.68   0.12250408156466379
150.408   112.705   0.12433828855184388
151.112   113.939   0.11430118109627115
152.533   113.964   0.11524864424366268
153.238   115.196   0.10470076408507419
154.659   115.221   0.10542964478742067
155.365   116.453   0.09477388880909215
156.787   116.477   0.09457991330087125
157.494   117.708   0.08437203328117486
158.916   117.732   0.08416347188657097
159.623   118.963   0.0758478081423614
161.045   118.986   0.07546681389856048
161.753   120.217   0.06958275648463849
163.175   120.24   0.06952157938366588
163.883   121.47   0.06740741798941648
165.305   121.493   0.06734864512371369
139.756   111.311   0.1340979119897129
140.454   112.549   0.1291559135308816
141.874   112.574   0.1303342242083908
142.574   113.811   0.12382584544430464
143.994   113.836   0.12533989787774155
144.695   115.072   0.11807747456649638
146.116   115.096   0.11884510928092633
146.819   116.331   0.1100649353790889
148.24   116.354   0.11079873645487667
148.943   117.588   0.10217832451160917
150.364   117.612   0.10289416893098866
151.069   118.845   0.09315519309195577
152.491   118.868   0.09303891658869634
153.197   120.1   0.08341462701468261
154.618   120.122   0.0839449819822544
155.325   121.354   0.07530710457852204
156.746   121.377   0.07571367115653566
143.953   118.751   0.10251736438280805
144.655   119.986   0.09499794734624716
146.076   120.008   0.09578877804836862
146.779   121.242   0.08789431153380357
148.2   121.264   0.08858126212693543
151.611   82.0236   0.1475947153525522
153.031   82.0488   0.14833839691731654
153.717   83.2921   0.14974478288074178
155.137   83.3163   0.150442214820169
155.823   84.5593   0.15215906151129374
157.243   84.5822   0.15231300010176443
157.93   85.8247   0.15373223474601028
159.35   85.846   0.15295666052840193
160.038   87.0879   0.15425628026112803
161.458   87.1073   0.15197440573991566
162.147   88.3485   0.15285686114793515
143.092   81.8542   0.14562530686662903
144.511   81.8836   0.14534152882091153
145.196   83.1277   0.1451588440295684
146.616   83.1562   0.14494705930096946
147.301   84.3999   0.1451984159693214
148.721   84.4275   0.14567072458115995
149.407   85.6707   0.14652184137526872
150.827   85.6973   0.1473036319986743
151.513   86.9401   0.14880836670026398
152.933   86.9659   0.14983888013462826
153.621   88.2083   0.1510908997921388
155.041   88.2331   0.15188564777489416
155.729   89.4749   0.1531678164628569
157.149   89.4984   0.1531587738263801
157.839   90.7395   0.1534641651982647
159.259   90.7614   0.1527379782503348
159.95   92.0016   0.15232219142330852
161.371   92.0215   0.1499889662608583
162.063   93.2608   0.1489382758057943
163.484   93.2787   0.14559344078632203
164.178   94.5169   0.143324003572334
165.599   94.5329   0.13900640273022916
166.294   95.7703   0.13607027596062135
134.573   81.6767   0.14502155012273285
135.993   81.7052   0.14521639025949998
136.677   82.9496   0.14524355407383635
138.097   82.979   0.14558945703587006
138.781   84.2235   0.14530760475625365
140.2   84.2535   0.14570590241990913
140.885   85.4977   0.14533977432210754
142.305   85.5276   0.14520898732516335
142.99   86.7714   0.1451018263151712
144.41   86.8008   0.14517107149842215
145.096   88.044   0.1454467600189109
146.516   88.0727   0.14603235942763146
147.203   89.3154   0.14678886197528174
148.623   89.3434   0.14782885374649546
149.311   90.5855   0.14874905041713418
150.731   90.6128   0.1501226498567012
151.42   91.8544   0.15092796294922345
152.84   91.8809   0.15217910500458606
153.53   93.1218   0.15233006925751444
154.951   93.1473   0.15276969594785833
155.642   94.3874   0.1521699378984019
157.062   94.4115   0.1524162064873644
157.755   95.6506   0.15049574744822192
159.176   95.6731   0.15005305728310045
159.871   96.9111   0.1461919286417611
161.292   96.9318   0.14504544115552784
161.988   98.1688   0.14092728621526734
163.409   98.1876   0.13830213302765765
164.107   99.4237   0.1329970300420296
165.528   99.441   0.12977784864914232
166.227   100.676   0.12391533399866422
167.648   100.692   0.11977232568502585
168.349   101.927   0.11322526219886095
169.77   101.942   0.10861956545667754
170.471   103.176   0.10189425891579897
171.892   103.19   0.09688777012606173
172.594   104.424   0.09043942724277027
126.055   81.5168   0.15030186292923853
127.474   81.5409   0.14962934204226275
128.16   82.7845   0.14848265892015847
129.579   82.8098   0.14762374470253914
130.264   84.0538   0.14692610387538016
131.684   84.0801   0.1462716650619698
132.368   85.3245   0.14610968482616135
133.788   85.3519   0.14545542272462508
134.472   86.5964   0.14572772557066754
135.892   86.6249   0.1451448931240763
136.576   87.8693   0.14568356118657091
137.996   87.8985   0.14520030991701982
138.681   89.1426   0.14567583876538834
140.101   89.1722   0.14538294260331747
140.787   90.4157   0.1459833209651051
142.207   90.4452   0.14619760599955464
142.894   91.6881   0.14691688126283403
144.314   91.7172   0.14763502294510528
145.002   92.9594   0.14845207981027958
146.422   92.9881   0.14960203875616962
147.111   94.2297   0.1502828333509868
148.531   94.2578   0.15173068246073915
149.222   95.4987   0.15138645910384269
150.642   95.5263   0.15341942510646986
151.334   96.7663   0.15171661082426108
152.754   96.7932   0.15367986205095974
153.447   98.0322   0.15161942487688312
154.868   98.0581   0.15199124974813769
155.563   99.2959   0.14833347565536734
156.984   99.3206   0.14837115622653493
157.681   100.557   0.14283640992407265
159.102   100.581   0.14314482177152543
159.801   101.816   0.1362938002992132
161.222   101.838   0.13522292705009908
161.922   103.073   0.12817211085099584
163.344   103.093   0.12563363403165304
164.045   104.327   0.11787349150679816
165.467   104.346   0.1149540777876031
166.169   105.579   0.10659029036454719
167.59   105.597   0.10385282856041729
168.294   106.83   0.09516827202380942
169.715   106.847   0.09266871100862062
170.419   108.08   0.0844526494551773
171.84   108.096   0.08184283719423027
172.544   109.329   0.07505871035395177
173.965   109.345   0.07230242042973901
174.669   110.578   0.06801470429252976
176.091   110.594   0.06477931768704516
176.794   111.828   0.06350787352761673
125.272   85.1928   0.15204887372157574
125.958   86.4366   0.1513347613735879
127.377   86.4609   0.15056918675479586
128.063   87.7049   0.15029817031487805
129.482   87.7306   0.14909835679846195
130.167   88.9748   0.14956754327058608
131.587   89.0016   0.14790699780606406
132.272   90.2459   0.148670306382951
133.691   90.2736   0.1475803848754885
134.377   91.5178   0.14831864346736334
135.796   91.5462   0.1474538910981993
136.482   92.7901   0.14857472867214377
137.902   92.8189   0.14772995633926478
138.588   94.0623   0.14924871858747546
140.008   94.0912   0.14895180428580865
140.696   95.3339   0.14985826637192212
142.116   95.3627   0.1507969495712655
142.804   96.6047   0.1519972697123161
144.225   96.6332   0.15233230123648525
144.915   97.8744   0.1524135820719444
146.335   97.9026   0.1537959687377933
147.026   99.1428   0.1532566474904064
148.447   99.1707   0.15414635902283752
149.14   100.41   0.15206919477660172
150.561   100.437   0.15313706279015848
151.256   101.675   0.14921514668425076
152.677   101.702   0.15036385868951838
153.374   102.939   0.14492649861222223
154.795   102.965   0.14580342931496604
155.495   104.2   0.1381603778222908
156.916   104.226   0.13877089031926476
157.617   105.46   0.13031734343517398
159.038   105.484   0.13012517050901232
159.741   106.718   0.12081208548815807
161.162   106.74   0.12036448811837284
161.866   107.973   0.10984534582766274
163.287   107.995   0.10953396733433275
163.992   109.227   0.09926509960706442
165.414   109.248   0.09804672355567216
166.119   110.48   0.08822975688507217
167.54   110.499   0.08658874060754881
168.246   111.731   0.07839642849007174
169.668   111.75   0.07607391142829392
170.373   112.982   0.07045487917809974
171.795   113.001   0.06851248061485196
172.5   114.233   0.06557354649551889
173.922   114.251   0.06360471680622885
174.627   115.484   0.06436000310751837
176.049   115.502   0.06295466622896086
176.754   116.735   0.06667150815752532
178.175   116.754   0.06588330592798787
178.879   117.988   0.07133975049017129
180.3   118.007   0.07041796645743516
181.004   119.241   0.07731888514457311
129.39   92.6539   0.1516559593290172
130.076   93.898   0.15269119162545366
131.495   93.9251   0.15174564244154282
132.181   95.1691   0.15259639576346007
133.601   95.1968   0.1513327790004507
134.287   96.4406   0.1530046404525047
135.707   96.4686   0.15158248579569183
136.394   97.7119   0.15287877550530637
137.814   97.74   0.15211725740362994
138.502   98.9826   0.1530895489574513
139.922   99.0106   0.15304028881311627
140.612   100.252   0.15286075362891513
142.032   100.28   0.15342085907724518
142.723   101.521   0.15277699434141434
144.143   101.549   0.15407803217849284
144.836   102.788   0.15185549051646952
146.257   102.816   0.15284842164705675
146.952   104.054   0.14913269259287956
148.373   104.082   0.15043234359671676
149.07   105.319   0.14538366483207138
150.491   105.346   0.14641465090624145
151.19   106.581   0.1395235105636258
152.611   106.608   0.14138207099913302
153.312   107.843   0.13255281966067595
154.734   107.868   0.1329729671775451
155.436   109.102   0.12412187559007928
156.858   109.127   0.12379418403138884
157.562   110.36   0.11363489780872374
158.984   110.384   0.11335537040651263
159.689   111.616   0.10238657138513135
161.111   111.64   0.10221257261218619
161.817   112.871   0.09158471488190752
163.239   112.894   0.0906146235438837
163.946   114.125   0.08101259161389499
165.367   114.147   0.08016857239592912
166.074   115.378   0.07279210121983656
167.496   115.4   0.07171164480055348
168.203   116.631   0.06750859204575282
169.625   116.652   0.0663777071011022
170.332   117.883   0.06608963610128107
171.754   117.904   0.06571308849841109
172.461   119.135   0.06892466902350959
173.882   119.156   0.06815100879664468
174.588   120.388   0.07408400637114998
176.01   120.409   0.07409345450172354
176.715   121.642   0.08178728507537782
178.137   121.663   0.08175475521337663
133.518   100.122   0.1518460075207745
134.206   101.365   0.15253986364227928
135.626   101.393   0.15131625821437358
136.315   102.635   0.15168140953985604
137.735   102.662   0.15124566109478127
138.426   103.904   0.15044281305533105
139.846   103.931   0.15065523555456345
140.539   105.171   0.1487345286071868
141.959   105.198   0.14958221819455061
142.654   106.437   0.14627798877480125
144.074   106.464   0.1484991919169775
144.771   107.701   0.14366085061701842
146.191   107.728   0.14534197604270535
146.89   108.965   0.13909166042577906
148.311   108.991   0.1400008928542911
149.012   110.226   0.13208618398605412
150.433   110.252   0.13306859133545695
151.135   111.486   0.12434150554018875
152.557   111.512   0.12479166638844211
153.261   112.745   0.11441433476623862
154.682   112.77   0.11536676297790312
155.387   114.002   0.10451913700370848
156.809   114.027   0.10466059430367718
157.515   115.259   0.09413097258608732
158.937   115.283   0.09377121093383697
159.644   116.514   0.08365787470406039
161.066   116.538   0.08328000960614645
161.774   117.768   0.07468600939934636
163.196   117.791   0.07442721276522589
163.904   119.022   0.06887967769959522
165.326   119.045   0.06861078632402079
166.033   120.275   0.06713598141086317
167.455   120.298   0.0669002242148714
168.163   121.529   0.0695744924523366
169.585   121.552   0.06951841482658097
137.669   107.585   0.1430637969578606
138.363   108.825   0.14072132034627774
139.783   108.851   0.14136279567127977
140.479   110.09   0.1376998547566322
141.899   110.116   0.13884556168634887
142.598   111.353   0.13288058548937412
144.018   111.378   0.13431098242511275
144.718   112.615   0.1276237046947189
146.139   112.64   0.12850140077056701
146.84   113.875   0.12098495774267529
148.261   113.9   0.12190672663968088
148.964   115.134   0.1127918880061809
150.385   115.158   0.1136040932361282
151.09   116.392   0.1033791565065171
152.511   116.416   0.10408477314190807
153.217   117.648   0.09354913147645101
154.638   117.672   0.09478945088984522
155.345   118.903   0.08391066678319647
156.766   118.927   0.08494374609116663
157.474   120.158   0.07577492989109083
158.895   120.181   0.07619055059519747
159.603   121.412   0.0697942691057018
161.025   121.435   0.06979083034324712
141.852   115.033   0.11915405993921459
142.552   116.27   0.11285481824008833
143.973   116.293   0.11361584396551858
144.675   117.529   0.10578511237407501
146.095   117.552   0.10818151413250435
146.798   118.786   0.09968575625433587
148.219   118.809   0.10041359469714466
148.923   120.043   0.09152245626074276
150.345   120.065   0.09139168452325712
151.05   121.298   0.08253611330804965
152.471   121.32   0.08303764206670852
155.871   82.1005   0.15189009184274574
157.291   82.1233   0.15189262654915422
157.977   83.3662   0.1536659038303623
159.397   83.3874   0.1526685625792041
160.084   84.6299   0.15428642195605247
147.351   81.9414   0.14519452469015437
148.771   81.9688   0.14540581143819867
149.456   83.2125   0.1461359983029527
150.876   83.2388   0.14664191078951294
151.562   84.4822   0.14796070424271945
152.982   84.5076   0.1487322426375622
153.668   85.7505   0.15039843749188048
155.088   85.775   0.15110526132469
155.775   87.0174   0.15269777339567503
157.195   87.0406   0.15275788032046192
157.884   88.2825   0.15373382841782493
159.304   88.3041   0.1528098491590159
159.993   89.5452   0.1535093808208452
161.413   89.5649   0.15139874504102566
162.104   90.8051   0.15118234023852403
163.525   90.8227   0.14792339233535312
164.217   92.062   0.14669304686998721
183.109   122.953   0.09431457999696045
174.569   122.84   0.08380483279619791
175.99   122.862   0.08329465769184786
176.696   124.095   0.09284847871666535
178.117   124.117   0.09227811224770324
178.822   125.351   0.10196979945061657
180.243   125.374   0.10053178601814916
180.946   126.608   0.10908074990575226
182.367   126.632   0.10828961169012107
183.069   127.867   0.11618351862462575
184.49   127.891   0.11545284751793598
185.19   129.127   0.12179490958163924
186.611   129.151   0.12120297026063725
187.31   130.388   0.12678327965469188
166.013   122.724   0.0696473976541802
167.435   122.747   0.06966555820489745
168.143   123.978   0.0757577718785388
169.565   124.001   0.07560033068710116
170.272   125.232   0.08450822445182353
171.694   125.255   0.08418841963120759
172.401   126.487   0.0943512586031622
173.822   126.511   0.09374518654310467
174.528   127.743   0.10436263699235454
175.95   127.767   0.10442394361447403
176.654   129.0   0.11404073833502319
178.075   129.025   0.11308386268605188
178.779   130.259   0.12306274822220778
180.2   130.284   0.12207542750282405
180.902   131.518   0.1305415259601267
182.322   131.544   0.12884036634532833
183.023   132.78   0.1364014662677779
184.443   132.806   0.13486011270942833
185.142   134.043   0.14091926766769294
186.562   134.069   0.1396606243721024
187.258   135.307   0.14334071298832418
188.679   135.333   0.14337907797165592
189.373   136.573   0.14571767222953957
190.793   136.599   0.14472211303045845
191.485   137.84   0.14653477402992035
157.454   122.608   0.06911591712478098
158.875   122.63   0.06953567429743958
159.583   123.861   0.06666363326432147
161.005   123.883   0.06702238432046391
161.713   125.114   0.0680147778060006
163.135   125.136   0.06880377896598273
163.842   126.367   0.07357988855659413
165.264   126.39   0.07426499848515733
165.972   127.621   0.08241820187313707
167.394   127.644   0.08324475959482092
168.101   128.875   0.09323818960061683
169.523   128.899   0.0937136596233363
170.229   130.131   0.10411320761556048
171.651   130.155   0.10433240148679739
172.356   131.387   0.11522504068125947
173.778   131.412   0.11505720316433603
174.482   132.645   0.12519009545486146
175.903   132.671   0.12428954099198991
176.606   133.905   0.1338119576121749
178.027   133.931   0.13285495850737236
178.728   135.166   0.1408434947024669
180.149   135.193   0.13974909659814702
180.848   136.429   0.14618991073259544
182.268   136.456   0.14364623211210167
182.965   137.693   0.1485644977779008
184.386   137.72   0.14785682263595662
185.081   138.959   0.15119196407215274
186.501   138.986   0.15009143879649534
187.194   140.226   0.1520676165394661
188.614   140.254   0.15159762531121934
189.305   141.495   0.1523141818741913
190.725   141.522   0.15246904603885333
191.414   142.764   0.15207974881620417
192.834   142.792   0.15298774460720377
193.522   144.035   0.15229563355526196
194.942   144.062   0.15359443349288157
195.629   145.306   0.15256962345105873
148.904   122.498   0.08043158583542599
150.325   122.519   0.08175383783041303
151.03   123.752   0.07339918255675032
152.452   123.772   0.0740365450301452
153.158   125.005   0.06776614198846379
154.579   125.025   0.06839159305060866
155.285   126.257   0.06479205198170562
156.707   126.277   0.0656929219931629
157.414   127.509   0.06555219294577345
158.835   127.529   0.0669295151633468
159.542   128.76   0.07088025112823122
160.964   128.781   0.07222769551909264
161.671   130.012   0.07941309715657528
163.092   130.034   0.08023689924218805
163.799   131.265   0.08968968725557518
165.221   131.287   0.09066223028361581
165.927   132.519   0.10118300252512875
167.348   132.541   0.10170884917253598
168.054   133.773   0.11330119152065447
169.475   133.797   0.11291961742762366
170.179   135.03   0.12300280484606546
171.601   135.055   0.12264175471673722
172.304   136.288   0.1332675504389513
173.725   136.314   0.13184854948007857
174.426   137.549   0.13996428115772303
175.847   137.575   0.1392596495758961
176.547   138.811   0.14659072276239077
177.968   138.837   0.14584131787664578
178.665   140.074   0.15093458848123067
180.086   140.102   0.1495961229444141
180.781   141.34   0.1533408295269071
182.201   141.368   0.15150382833447038
182.895   142.607   0.1542950420460774
184.315   142.635   0.15301375755140786
185.006   143.875   0.15368880896147824
186.427   143.903   0.15357408635573605
187.116   145.145   0.15295911218363467
188.536   145.173   0.15266617176047817
189.225   146.416   0.1524032808045841
190.644   146.444   0.15212245067707456
191.332   147.687   0.15139696166039796
192.751   147.715   0.15137912669850864
193.438   148.959   0.15077214596867428
194.857   148.987   0.1514699970291207
195.543   150.231   0.14991277463911984
196.963   150.259   0.1522894940565439
197.648   151.503   0.15083248986871284
199.068   151.529   0.15231362381612423
199.753   152.773   0.15117608937923013
148.162   126.175   0.07009286696946943
148.866   127.408   0.06470896383036082
150.287   127.427   0.06585317000721848
150.991   128.66   0.062409053830346006
152.413   128.678   0.06381136262453366
153.118   129.911   0.06307138812488358
154.539   129.929   0.06494428381312671
155.244   131.161   0.06768574443707014
156.666   131.179   0.07005540664360534
157.371   132.411   0.07552145390548902
158.793   132.43   0.07772927376477573
159.498   133.662   0.08536913962315358
160.919   133.68   0.08747936899635199
161.624   134.913   0.09664077814256423
163.046   134.932   0.0983406833411318
163.75   136.165   0.10736670806168437
165.172   136.185   0.10983642383106036
165.875   137.418   0.11904289142993031
167.296   137.44   0.1199920414027556
167.999   138.674   0.12922832506845292
169.42   138.697   0.1298770187523557
170.121   139.932   0.13778156625615606
171.542   139.956   0.1380785645927736
172.241   141.192   0.14460069156129118
173.662   141.217   0.14411398266649417
174.36   142.454   0.1502629694901717
175.78   142.48   0.14880016801066062
176.476   143.718   0.1530073200863387
177.896   143.745   0.15167152006884263
178.59   144.985   0.15403002953969272
180.01   145.012   0.15271214751944426
180.702   146.252   0.15394804318340036
182.122   146.281   0.15238438240188645
182.812   147.522   0.15217125221276726
184.233   147.55   0.1511556813355018
184.921   148.792   0.14989809872043203
186.341   148.821   0.14932180014987953
187.029   150.064   0.14838224287292726
188.449   150.093   0.1484769679108521
189.136   151.336   0.14738727896260137
190.555   151.365   0.14758170618338415
191.241   152.609   0.14666836741439016
192.661   152.637   0.14745592561847692
193.346   153.882   0.14666233326931732
194.766   153.91   0.14793610107069455
195.45   155.154   0.146803303777525
196.87   155.181   0.1479964864447811
197.555   156.426   0.1481306517909147
198.975   156.452   0.1492536096715909
199.659   157.696   0.14920150803527382
201.079   157.721   0.15078408404072619
201.764   158.964   0.15046248701918613
203.184   158.988   0.151693770471952
203.87   160.232   0.15331865509455464
152.37   133.585   0.06709552891214356
153.074   134.818   0.07134991240359408
154.495   134.834   0.0737461185419197
155.198   136.067   0.07994054040346793
156.62   136.082   0.08387752976811275
157.323   137.316   0.09021690528942584
158.744   137.332   0.09391357729317494
159.447   138.565   0.10195999215379907
160.869   138.582   0.10573570825410954
161.571   139.815   0.11401771792137955
162.992   139.833   0.11686269721342693
163.693   141.067   0.12453212436957964
165.115   141.086   0.12752101787549336
165.815   142.321   0.13443213901445303
167.236   142.342   0.1353648403389867
167.934   143.578   0.14157545691254655
169.355   143.6   0.14220650477386224
170.052   144.837   0.14763160230790248
171.473   144.861   0.1474877622042052
172.168   146.098   0.15146616783956077
173.589   146.124   0.15047205720664708
174.282   147.363   0.15302029277191018
175.703   147.389   0.1522367892462124
176.394   148.629   0.15269986902417884
177.815   148.656   0.152112622750385
178.505   149.897   0.15177285659827355
179.925   149.925   0.1503357575562217
180.614   151.166   0.14970721425501926
182.034   151.195   0.14810077650032297
182.722   152.437   0.14752748896392925
184.142   152.466   0.14649996587029807
184.829   153.709   0.14584611753489407
186.249   153.738   0.14558159224297118
186.935   154.982   0.1451567773133612
188.355   155.011   0.1452020661009948
189.04   156.255   0.14491932238317637
190.46   156.285   0.1452123961650714
191.145   157.529   0.14511805538939593
192.564   157.558   0.14507270590982482
193.248   158.803   0.14509872501162774
194.668   158.831   0.14552264428603678
195.352   160.075   0.14533853583959966
196.772   160.102   0.14622178360285581
197.457   161.346   0.1464083672472301
198.877   161.372   0.147655545104141
156.567   140.987   0.10045396955821499
157.268   142.222   0.10634848376915393
158.689   142.236   0.11154680631913724
159.389   143.47   0.11819310470582264
160.81   143.485   0.12290711940321973
161.509   144.721   0.12810858675357797
162.93   144.737   0.13171423613262742
163.628   145.973   0.1375115995107064
165.049   145.991   0.1395708064030467
165.745   147.228   0.14337656712306945
167.166   147.247   0.14629367723861741
167.86   148.486   0.14823076603730495
169.281   148.507   0.15018019176975686
169.974   149.746   0.15202568861873395
171.394   149.769   0.15246865251584238
172.086   151.009   0.1534543906182017
173.506   151.034   0.1529452189510993
174.196   152.275   0.15257814391320781
175.616   152.301   0.1511489331752154
176.305   153.543   0.15054846395762883
177.725   153.569   0.149322101512134
178.413   154.811   0.14828202858066855
179.833   154.839   0.14714428293345166
180.52   156.082   0.14613131081325614
181.94   156.11   0.14562489484974422
182.626   157.353   0.14533784778921516
184.046   157.382   0.14526957699393866
184.731   158.626   0.1452906053397785
186.151   158.656   0.14527560015363714
186.835   159.9   0.14553226446393275
188.255   159.93   0.14557005186507324
188.939   161.174   0.1456948866638755
190.359   161.204   0.14560992411233495
162.859   149.644   0.14240874270914525
163.553   150.883   0.14384022385965772
164.973   150.899   0.14827612754588193
165.666   152.139   0.14895918904182395
167.086   152.157   0.15234464217686142
167.777   153.398   0.15195068278885301
169.197   153.418   0.15350925053558387
169.887   154.659   0.15375178047750318
171.307   154.682   0.1534267251817638
171.995   155.924   0.15256228236363423
173.415   155.948   0.1517773369116703
174.103   157.19   0.15057835169770803
175.522   157.215   0.14951417992952307
176.209   158.458   0.14814938406891617
177.629   158.484   0.14726252069008797
178.315   159.728   0.1458286665919976
179.735   159.755   0.14552924104798462
180.42   160.998   0.14526197024686016
181.84   161.026   0.14535683678450867
182.524   162.27   0.1453340978573118
183.944   162.299   0.1454245165025463
166.998   157.071   0.15379691154245803
167.686   158.313   0.15224979474535788
169.106   158.333   0.1543873051775983
169.793   159.576   0.15224966338223492
171.213   159.598   0.15296653228727847
171.9   160.841   0.15118945069017525
173.319   160.864   0.15126466871017458
174.005   162.108   0.14927169859018685
175.425   162.132   0.14905908224593495
178.841   122.897   0.08997799731046113
180.262   122.919   0.08932659178541659
180.966   124.152   0.0980981651204603
182.387   124.175   0.09733570773360523
183.09   125.41   0.10568897766560058
184.51   125.433   0.10416050115086647
185.212   126.668   0.11184811129382666
170.293   122.782   0.07597210014208965
171.714   122.805   0.07555766010140937
172.421   124.037   0.08412633357039696
173.843   124.06   0.08428766220508639
174.549   125.292   0.09384993340435495
175.97   125.315   0.09332116587355277
176.676   126.548   0.10374010796215306
178.097   126.571   0.10316763058246413
178.801   127.805   0.11258046011630014
180.222   127.829   0.11175280757101357
180.925   129.063   0.12076924277315847
182.346   129.088   0.11986329713470525
183.047   130.323   0.12735089320455373
184.468   130.348   0.12571320535249117
185.167   131.585   0.13231254664618022
186.588   131.61   0.13097805159643264
187.286   132.848   0.13600279408895258
188.706   132.873   0.13501910975856396
189.402   134.112   0.13861457354837461
161.733   122.665   0.06719791663437018
163.155   122.688   0.06729665667772805
163.863   123.919   0.06894925670375462
165.285   123.942   0.06938847166496885
165.993   125.172   0.07507889184051474
167.415   125.196   0.07540484069341852
168.122   126.426   0.08372574275573946
169.544   126.45   0.08406164404769535
170.251   127.681   0.09421974315396334
171.673   127.705   0.09445893287561721
172.379   128.937   0.10505374814826596
173.801   128.962   0.10487330451548423
174.506   130.194   0.11565898149301625
175.927   130.219   0.11396600370284385
176.631   131.453   0.12484646570888926
178.052   131.478   0.12302455039544215
178.755   132.712   0.13245663441292335
180.175   132.738   0.1306606673792981
180.876   133.974   0.13842618971856122
182.297   134.0   0.13754726460384342
182.996   135.237   0.1436963465088998
184.416   135.263   0.14223153658735097
185.113   136.501   0.14689251172201404
186.533   136.528   0.14572041723792595
187.228   137.767   0.1489773472713331
188.648   137.794   0.14839474384221532
189.341   139.034   0.1502396751860238
190.761   139.061   0.15034546883761438
191.451   140.302   0.15023784476621407
192.871   140.33   0.15109338172138986
193.56   141.572   0.15068961477155407
153.177   122.552   0.07489252299129212
154.598   122.574   0.07528638655161117
155.305   123.805   0.06893685516470931
156.727   123.827   0.06892488665206402
157.434   125.058   0.06589605451011117
158.855   125.079   0.06648465988482208
159.563   126.31   0.06704297129453636
160.985   126.332   0.06790905683338601
161.692   127.563   0.07235495836499539
163.114   127.585   0.07347115080084202
163.821   128.816   0.08095776676761322
165.243   128.838   0.08225302426051416
165.95   130.069   0.09203200530250005
167.372   130.093   0.09206894156013193
168.078   131.324   0.10271007740237668
169.5   131.348   0.10297907554448923
170.205   132.58   0.11394191502691944
171.627   132.605   0.11383602241821708
172.331   133.838   0.12397177098033062
173.752   133.863   0.12349024252952187
174.455   135.097   0.133056980275379
175.877   135.123   0.13294017451471998
176.578   136.358   0.14103985252402532
177.999   136.384   0.14015548508710404
178.698   137.62   0.14672504898618946
180.119   137.647   0.14568651275942332
180.816   138.884   0.1506723597744422
182.237   138.912   0.14955604300729222
182.932   140.15   0.1531561621352508
184.352   140.177   0.15169011174100908
185.045   141.417   0.15372976289579945
186.465   141.445   0.1519934209102409
187.157   142.686   0.15413711428466267
188.577   142.713   0.15306694613796196
189.266   143.955   0.15253527460885014
190.686   143.983   0.15290026160868223
191.374   145.226   0.15205554906019342
192.794   145.254   0.15303035646564384
193.481   146.497   0.15176458743726084
194.901   146.525   0.15327543834548546
195.587   147.769   0.15180121870394017
197.006   147.796   0.15325808298422294
197.692   149.04   0.15149442233957305
146.057   122.465   0.08509900116924005
146.76   123.699   0.07780109253731884
148.181   123.719   0.07855959521280727
148.885   124.953   0.0716118007035211
150.306   124.973   0.07229585050331977
151.011   126.206   0.06650142855608723
152.433   126.225   0.0669339973406651
153.138   127.458   0.06337980750996615
154.559   127.477   0.06474635124854189
155.265   128.709   0.06439914595706762
156.687   128.728   0.06592905277644794
157.393   129.96   0.06918641485147438
158.815   129.979   0.07105884885077761
159.521   131.211   0.07715963970883576
160.942   131.231   0.07871569093898116
161.648   132.462   0.08747662544931908
163.07   132.483   0.08862443229719394
163.775   133.715   0.0985029948783301
165.197   133.736   0.09990015015005133
165.902   134.968   0.11024286825004255
167.323   134.991   0.11073034814358032
168.027   136.223   0.12118997483289477
169.449   136.247   0.12197360370178364
170.151   137.48   0.13117960969603923
171.573   137.505   0.13159240099641642
172.274   138.74   0.13963523910531328
173.695   138.765   0.13942628876935986
174.394   140.001   0.14601236249030403
175.815   140.027   0.14514007027696696
176.513   141.264   0.151289160219758
177.934   141.291   0.14938289728078258
178.629   142.529   0.15394560727735931
180.049   142.557   0.15126189209447546
180.743   143.796   0.15399249981736435
182.163   143.824   0.15254995902982152
182.855   145.064   0.1538263956543197
184.275   145.092   0.15270546814046482
184.965   146.334   0.15250000000000272
186.385   146.362   0.15186428151478068
187.074   147.604   0.151301718430431
188.493   147.633   0.15055394382081438
189.181   148.876   0.14976251199816498
190.601   148.905   0.15049106285756736
191.287   150.148   0.14862516610587193
192.707   150.177   0.15005668928774607
193.393   151.42   0.14862651176691666
194.812   151.449   0.14991450897095532
195.498   152.693   0.14906579084418073
196.917   152.72   0.15006695172488235
197.602   153.964   0.14911083126318916
199.022   153.991   0.150581406554741
199.707   155.235   0.15018405374740162
201.127   155.26   0.15125888403660878
201.812   156.504   0.15138761508128046
150.267   129.881   0.06272360002422964
150.971   131.114   0.06192769977965825
152.392   131.131   0.06415520243908517
153.096   132.364   0.06601636160831827
154.518   132.381   0.06872728715729137
155.222   133.614   0.07312489316230836
156.644   133.631   0.07565507253316676
157.348   134.863   0.08320456718234101
158.769   134.88   0.08562949258286938
159.473   136.113   0.09401042495384138
160.895   136.131   0.09652978814854345
161.598   137.364   0.10480081106557175
163.02   137.382   0.10818784589776984
163.723   138.616   0.1166351576498152
165.144   138.636   0.11849983122351454
165.846   139.87   0.12692615963623158
167.267   139.891   0.1285038909916801
167.968   141.125   0.1368235725304728
169.389   141.148   0.13681315726200718
170.088   142.384   0.1431694450642321
171.509   142.408   0.1430315000270945
172.206   143.644   0.14902201179690494
173.627   143.67   0.14814776407359492
174.322   144.908   0.15162598721855644
175.743   144.934   0.15137423823095408
176.436   146.173   0.15335335014272586
177.857   146.2   0.15273650513220607
178.548   147.441   0.15288230767489733
179.969   147.468   0.1523010505544841
180.659   148.709   0.15209654828430536
182.079   148.738   0.15058422892188528
182.768   149.979   0.14996362892381343
184.188   150.008   0.14881344025320772
184.876   151.25   0.14809848074845428
186.296   151.28   0.14746185947559615
186.983   152.523   0.14666591287684963
188.403   152.552   0.1462847907336872
189.089   153.796   0.14603153768963278
190.509   153.825   0.14603095562242221
191.194   155.069   0.14533671249893942
192.613   155.098   0.14570686325633334
193.298   156.342   0.14524327867409587
194.718   156.37   0.14602482665628255
195.402   157.615   0.14585982997385374
196.822   157.642   0.14670800932464864
197.506   158.886   0.1467888279127523
198.926   158.912   0.14823255377952962
199.611   160.156   0.1484664608590069
201.031   160.181   0.1499360196884017
201.716   161.424   0.1507907158945756
203.136   161.448   0.1513715957503371
154.471   137.286   0.08187453816663066
155.173   138.52   0.08761329807739789
156.594   138.534   0.0924576119094591
157.296   139.768   0.09909535811530319
158.718   139.783   0.10353361772875229
159.419   141.017   0.11087745487699308
160.84   141.033   0.11433673950223516
161.541   142.268   0.12104445464372851
162.962   142.285   0.12459390033223852
163.662   143.52   0.1312431331537082
165.083   143.538   0.1337551494335777
165.781   144.774   0.13973993702589005
167.202   144.794   0.1413308529656372
167.899   146.031   0.14586915369603826
169.319   146.053   0.1466675151490491
170.014   147.291   0.14992878309384994
171.435   147.314   0.15095101854576862
172.128   148.553   0.15288832525734175
173.548   148.578   0.15240213253100968
174.24   149.818   0.1534399230969476
175.66   149.845   0.15206958933330553
176.35   151.085   0.15218938859197986
177.771   151.113   0.15066333329645365
178.46   152.354   0.15039069120128049
179.88   152.382   0.14826870876889736
180.568   153.624   0.1480642090445973
181.988   153.652   0.14651907725617966
182.675   154.895   0.14573043607977035
184.095   154.924   0.14536423218935576
184.781   156.167   0.1450883868543587
186.201   156.197   0.1450227913122595
186.886   157.441   0.1451206394693679
188.306   157.471   0.14523429347093117
188.99   158.715   0.14523085071706004
190.41   158.745   0.14519421476077868
191.094   159.989   0.14516779945979535
192.514   160.018   0.14519879476083486
193.198   161.263   0.14516063515981545
194.618   161.291   0.14543397127218932
158.658   144.688   0.11864383675522493
159.356   145.924   0.12383117539617364
160.777   145.938   0.12864384944489887
161.475   147.175   0.13345051517321302
162.895   147.19   0.1374053856295261
163.591   148.427   0.1409618742781249
165.012   148.445   0.14429223818348583
165.706   149.683   0.14666714015075363
167.127   149.702   0.14967631743198867
167.82   150.941   0.1513117642485242
169.24   150.962   0.15283991625227547
169.931   152.202   0.15323981205939763
171.352   152.225   0.15371584173402986
172.041   153.466   0.1529693106475835
173.461   153.491   0.15174320413118722
174.15   154.732   0.15170962395314133
175.57   154.758   0.15012757907859245
176.258   156.0   0.14897771645450747
177.678   156.027   0.1477851142706858
178.364   157.269   0.14668977469476
179.784   157.297   0.14574649223908945
180.47   158.54   0.14518209255965878
181.89   158.568   0.14507460149867668
182.575   159.812   0.14493684831676737
183.995   159.841   0.14524011153947625
184.68   161.085   0.14559275394057009
186.099   161.114   0.14576007683861722
186.783   162.359   0.14592340456554545
164.932   153.355   0.15059963479373162
165.623   154.595   0.1507864715417023
167.043   154.614   0.15277761616152477
167.732   155.855   0.15264930396173212
169.152   155.875   0.15414684557265287
169.841   157.117   0.15291582651904495
171.261   157.14   0.15308576027836265
171.948   158.382   0.1516813765760403
173.368   158.406   0.15129520811974378
174.054   159.649   0.14942827710978676
175.474   159.674   0.14876239444160055
176.16   160.917   0.14748952505178212
177.58   160.943   0.14686388255796506
178.265   162.186   0.1461028404925686
179.684   162.213   0.14538531562712667
169.059   160.792   0.15413400014272272
169.745   162.035   0.15223875984780835
171.165   162.057   0.15287710750796424
148.421   0.663265   0.08751230730017355
149.841   0.666898   0.09800786001642883
150.531   1.90721   0.09689796127886256
139.9   0.61393   0.0679385751984822
141.32   0.615872   0.0678506865403731
142.01   1.85557   0.06763267035981987
143.43   1.8577   0.0711857296092406
144.12   3.09746   0.07070317956075059
145.54   3.10007   0.077170603859243
146.23   4.33998   0.07659207596089974
147.65   4.34336   0.08510536763330251
148.34   5.58348   0.08453325322025611
149.76   5.5879   0.0939830968844925
150.45   6.82831   0.09351209814778443
151.869   6.83402   0.10356003283120391
152.559   8.0748   0.10298474692885833
153.978   8.08203   0.11257746710598832
154.668   9.3232   0.11236223787375929
131.378   0.562893   0.09874305638372735
132.798   0.566511   0.08809763348126819
133.488   1.80639   0.0889680751730637
134.908   1.80933   0.07940894722888608
135.599   3.04895   0.0798448720958356
137.018   3.05152   0.07236654544746304
137.709   4.29096   0.07249393078044723
139.129   4.29347   0.06768744639887227
139.821   5.53282   0.06737144870046692
141.24   5.53554   0.0663539750128036
141.932   6.77488   0.06602301795586264
143.352   6.77808   0.06866674668280347
144.043   8.01751   0.06849337267210297
145.463   8.02143   0.07390270631038987
146.155   9.26106   0.07402361852814462
147.574   9.26594   0.08127338801845889
148.266   10.5059   0.08154293347679469
149.685   10.5119   0.08960385036369686
150.376   11.7522   0.0902953487174104
151.796   11.7595   0.0982065170953575
152.487   13.0003   0.09885848471426152
153.906   13.0091   0.10654219821272688
154.596   14.2503   0.10755482322982782
156.016   14.2608   0.11398315665045321
156.705   15.5024   0.11530914968032109
158.125   15.5146   0.12055687454475117
158.814   16.7567   0.12174255624062409
122.856   0.492555   0.13686450878149573
124.276   0.50167   0.12775467321785103
124.965   1.74254   0.1291395462281015
126.385   1.74993   0.11904941663023769
127.074   2.99024   0.12017887043902477
128.494   2.99624   0.1094635099017026
129.185   4.23605   0.11012488365487529
130.605   4.24102   0.0992633310946222
131.296   5.48038   0.09963593929903193
132.716   5.48467   0.08921664418705375
133.409   6.72368   0.08886458012054414
134.828   6.7276   0.08000430238430753
135.521   7.96636   0.07958808265060838
136.941   7.97021   0.07195693225812248
137.634   9.20884   0.07167189128242839
139.054   9.21287   0.06660315307851575
139.748   10.4515   0.06617174623659472
141.168   10.4559   0.0641499025720251
141.861   11.6947   0.06450317821627562
143.281   11.6998   0.06572069689221996
143.974   12.9387   0.06656185093580759
145.394   12.9446   0.07023716964684278
146.087   14.1839   0.0712811335487944
147.507   14.1909   0.0765356126257546
148.2   15.4306   0.07767882594376298
149.619   15.4386   0.08396743416349083
150.311   16.6789   0.08535953373817769
151.731   16.6882   0.09120619496504011
152.422   17.9289   0.09288681284229794
153.842   17.9396   0.098237976363522
154.533   19.1808   0.0995600823623641
155.952   19.1929   0.10496842382354363
156.643   20.4346   0.10605866301250771
158.062   20.4483   0.11011834542889923
158.752   21.6904   0.11125596613215827
160.172   21.7058   0.1137916077749143
160.861   22.9483   0.11510542993273425
162.28   22.9654   0.11715122705289958
162.97   24.2083   0.11773805671913654
114.335   0.385573   0.15364884041540966
115.755   0.403511   0.1505072343244673
116.442   1.64585   0.15217204079593616
117.862   1.66152   0.14748741946349214
118.55   2.90326   0.1489913071289724
119.97   2.91667   0.14270227608556074
120.659   4.15773   0.14388439838981681
122.079   4.16905   0.13627215012613608
122.769   5.40938   0.1370216555877192
124.189   5.41891   0.1284757023720834
124.88   6.65854   0.12856659752828678
126.3   6.66661   0.11935230035487371
126.993   7.90561   0.11889524338677442
128.413   7.91261   0.10901080726239297
129.106   9.15108   0.1083258625629204
130.527   9.15734   0.09818872847735773
131.221   10.3954   0.09707996703749043
132.641   10.4013   0.08772217507563496
133.336   11.6391   0.08628383394356078
134.756   11.6448   0.07779678656602745
135.452   12.8825   0.07629023528604192
136.872   12.8884   0.06949251758282766
137.567   14.1261   0.06882732015703678
138.987   14.1323   0.06411029558503765
139.683   15.3702   0.06369874410065077
141.103   15.3769   0.061538768268456556
141.798   16.6151   0.062161241943834086
143.218   16.6225   0.06247383452294319
143.913   17.8611   0.06362735260876264
145.333   17.8694   0.06620407842421915
146.027   19.1085   0.06755035159050689
147.447   19.1177   0.07122871611927481
148.14   20.3573   0.0731338498918288
149.56   20.3676   0.07707171984587029
150.253   21.6077   0.07869796693689347
151.673   21.6192   0.08247884577272233
152.365   22.8598   0.08408685985336584
153.785   22.8725   0.08755483995759199
154.477   24.1135   0.08878333176897615
155.897   24.1276   0.09154283150525634
156.588   25.3691   0.09266871100862965
158.008   25.3845   0.09490489976813056
158.698   26.6265   0.09598697828351635
160.118   26.6435   0.09724515412091625
160.808   27.8859   0.09810489284434089
162.228   27.9045   0.09858316286263104
162.918   29.1474   0.09903524625101322
164.337   29.1675   0.09912643441586055
165.027   30.4107   0.09934047513476679
166.446   30.4321   0.09927517313003986
167.136   31.6756   0.09871600680741065
115.662   5.32096   0.15092796824975466
116.351   6.56211   0.15188469442310373
117.771   6.57814   0.14744617458584636
118.462   7.81845   0.14761426218356974
119.882   7.83239   0.14193649425006927
120.574   9.07183   0.14144762316843915
121.994   9.08392   0.13470382659746866
122.688   10.3226   0.13336416310238344
124.108   10.3331   0.12568074633769166
124.803   11.5711   0.12381478102391512
126.223   11.5805   0.11568759656938209
126.919   12.8178   0.11305936493718854
128.339   12.8264   0.10473595371217684
129.036   14.0634   0.10187708280079695
130.456   14.0715   0.09361159116263636
131.153   15.3083   0.09084453753529366
132.574   15.3162   0.082674058809273
133.271   16.5529   0.08039863182915498
134.692   16.5609   0.07299191736075816
135.389   17.7976   0.07136189459367628
136.81   17.8059   0.06564175500396532
137.507   19.0429   0.06488551456218651
138.928   19.0516   0.060560795899654005
139.625   20.2889   0.060574664670967816
141.045   20.2983   0.05853656976625919
141.741   21.536   0.059667830528683505
143.162   21.5461   0.05894488951554472
143.858   22.7844   0.06053635271471309
145.278   22.7953   0.061327073955963436
145.973   24.0341   0.06324436733812323
147.393   24.046   0.06471978059295433
148.088   25.2853   0.06639277069079177
149.508   25.2981   0.06834047117191787
150.202   26.5379   0.06979319451063896
151.622   26.5518   0.07163267410895105
152.315   27.792   0.07289746223291986
153.735   27.807   0.07448389087580846
154.428   29.0477   0.07541883053986127
155.848   29.0638   0.07681308482283228
156.54   30.3051   0.07741737531071774
157.96   30.3225   0.07852260820935418
158.652   31.5643   0.07896917119990714
160.071   31.583   0.07957719522577145
160.762   32.8255   0.07987246083601064
162.181   32.8455   0.08003755368575308
162.872   34.0884   0.08003205607754274
164.291   34.1095   0.07980006265661478
164.982   35.3527   0.07953521232762616
166.401   35.3745   0.07888472602474507
167.091   36.6177   0.07880691594016447
168.51   36.6399   0.07793644846925357
169.201   37.8827   0.07737764535058855
170.62   37.9047   0.07664711344858105
171.313   39.147   0.07519308478843006
119.802   12.7446   0.13714087647379067
120.498   13.9821   0.13405028907093258
121.918   13.9953   0.12846431411095735
122.615   15.2321   0.12481570414014484
124.036   15.2441   0.11817080857809044
124.734   16.4803   0.11397337408360264
126.155   16.4915   0.10749534873657962
126.853   17.7273   0.10296392572158793
128.274   17.7379   0.09629641737883918
128.973   18.9735   0.09204890004773555
130.394   18.9838   0.08514558121241317
131.093   20.2194   0.08149803678617
132.514   20.2297   0.07508328708840527
133.214   21.4654   0.07197951097360737
134.634   21.476   0.06670419776896475
135.334   22.712   0.06474874516158415
136.754   22.723   0.06043682652158278
137.453   23.9593   0.06000666629633752
138.874   23.9709   0.05676838909111109
139.573   25.2077   0.05756778613078696
140.993   25.22   0.05546548476304841
141.691   26.4573   0.0571822524914863
143.111   26.4704   0.05606424885789459
143.809   27.7082   0.05818427622648613
145.229   27.722   0.05764373339748097
145.925   28.9604   0.059722106459837374
147.346   28.975   0.059556527769840856
148.042   30.2139   0.06161371600544811
149.462   30.2294   0.061534543144481556
150.157   31.4688   0.0630287236107472
151.577   31.4851   0.06325424886914745
152.271   32.7251   0.06438120843848552
153.691   32.7422   0.06471908528401801
154.385   33.9829   0.06556866629725039
155.805   34.0011   0.06594725164857046
156.498   35.2423   0.06656755966685296
157.917   35.2616   0.06679558368634814
158.609   36.5036   0.06726997844506885
160.028   36.5239   0.06752962312940892
160.72   37.7665   0.06779564882792798
162.139   37.7877   0.06784519142872185
162.83   39.0307   0.06803014037909809
164.249   39.0524   0.0679592524973595
164.94   40.2955   0.06780951260700886
166.359   40.3173   0.06751007332242956
126.094   21.4002   0.09509978969482706
126.795   22.6346   0.08931248512945691
128.216   22.6475   0.08413810076296878
128.918   23.8819   0.078779692814831
130.339   23.8947   0.0738436185462244
131.04   25.1293   0.07029452325750607
132.461   25.1423   0.06586349520029917
133.163   26.3772   0.06365414362003204
134.584   26.3906   0.05992295052815753
135.285   27.6258   0.059714319890626116
136.705   27.6399   0.05683502441276756
137.406   28.8755   0.058233066208126044
138.827   28.8902   0.055881392251803406
139.527   30.1264   0.058440568101277256
140.947   30.1419   0.056489645068808214
141.646   31.3786   0.05952554073672841
143.067   31.3947   0.05807762047467153
143.765   32.6321   0.061186436405461384
145.186   32.6488   0.06004997918400858
145.883   33.8868   0.06287288763847669
147.303   33.9042   0.06157353327526825
148.0   35.1428   0.06422694138754867
149.42   35.1607   0.06331484817955241
150.117   36.4   0.06600189391221245
151.536   36.4186   0.06494035725186872
152.232   37.6586   0.06721844984823076
153.651   37.678   0.06659879878797133
154.345   38.9188   0.06792113073264122
155.765   38.9391   0.06823701341646383
156.458   40.1807   0.06933455127135602
157.877   40.2017   0.06956385555732239
130.291   28.8048   0.06410655192724311
130.994   30.0385   0.0627063792608057
132.415   30.0544   0.06012703219018873
133.118   31.2885   0.06122254486706436
134.539   31.3049   0.059107190763898726
135.241   32.5395   0.062020480488304525
136.662   32.5565   0.060362405518669726
137.364   33.7917   0.06477352854368466
138.785   33.8094   0.06325045454381878
139.486   35.0452   0.068225068706452
140.906   35.0635   0.06627367501504716
141.606   36.2999   0.07112749116902739
143.027   36.3188   0.06989349039787643
143.726   37.556   0.07432798934452689
145.146   37.5753   0.07256893274671587
145.845   38.8132   0.07716216689543923
147.265   38.8331   0.0758256552889567
147.962   40.0717   0.07909108672915097
149.382   40.0921   0.07750174191591197
134.499   36.2186   0.06919313549767929
135.202   37.4529   0.07559179849691905
136.623   37.4727   0.0745619876344456
137.326   38.7076   0.0817520641941272
138.746   38.728   0.08001506108227865
139.448   39.9636   0.0868734712095815
140.868   39.9846   0.08443654422107734
144.161   0.637767   0.0715689897162163
145.58   0.640124   0.07868222178484774
146.271   1.88003   0.07786155983539157
147.69   1.883   0.08704889488098089
148.38   3.12313   0.0861988979047873
149.8   3.12702   0.0962751556737246
150.489   4.36744   0.09543048202749309
151.909   4.37254   0.10570813071850518
152.598   5.6133   0.10496834951545814
135.639   0.589675   0.07923738069875848
137.059   0.592025   0.07196834182472227
137.749   1.83171   0.07231285916073285
139.169   1.83383   0.06799194364040222
139.86   3.07342   0.06801646859400792
141.279   3.07561   0.06734273234729783
141.97   4.31518   0.06707679479522105
143.39   4.31772   0.07001651519463278
144.081   5.55736   0.06962257177094819
145.501   5.56051   0.07548256487427912
146.192   6.80031   0.07517654221896096
147.611   6.80434   0.08321491753285948
148.302   8.04438   0.08299365276935304
149.722   8.04953   0.09172206986325468
150.412   9.28989   0.09197204792761442
151.832   9.29637   0.10072158706057549
152.522   10.5371   0.10106334647141149
153.941   10.5451   0.1096054743158352
154.631   11.7863   0.10998799934538442
156.05   11.796   0.11768895445197299
156.739   13.0376   0.11848615952929119
127.117   0.531324   0.11939161465111307
128.537   0.537166   0.10862737682554904
129.227   1.77744   0.10977263957835753
130.646   1.7821   0.0988040991052502
131.337   3.02196   0.09956747711978976
132.756   3.02577   0.08907559093264641
133.448   4.26528   0.08940711604788204
134.867   4.26858   0.08001481175382784
135.559   5.50783   0.08003374850648996
136.979   5.51092   0.07225849707819884
137.671   6.74999   0.07210288205058431
139.091   6.75316   0.06707774891869268
139.783   7.99216   0.06702103326569024
141.203   7.99566   0.06533391844975779
141.896   9.23469   0.065142785479292
143.315   9.23877   0.06718626422119402
144.008   10.478   0.06728692294940233
145.428   10.4828   0.07176001672240799
146.12   11.7223   0.072486757411262
147.54   11.7281   0.07865653183303241
148.232   12.9679   0.07962700546924852
149.651   12.975   0.08709764635165886
150.343   14.2152   0.08810363216122885
151.762   14.2235   0.09537908575782934
152.453   15.4642   0.096601345746322
153.873   15.474   0.10292098911301129
154.563   16.7152   0.10438955886486945
155.983   16.7265   0.10991660475105278
156.673   17.9681   0.11122648065995226
158.092   17.9811   0.11597318655620008
158.782   19.2232   0.11704153109045624
160.201   19.2379   0.12068359457690116
160.89   20.4804   0.12206432730327677
118.595   0.444361   0.14859940110579198
120.015   0.457695   0.1422958688929508
120.703   1.6993   0.14394367822172638
122.123   1.71045   0.1361178518784363
122.812   2.95142   0.1374718312964523
124.232   2.96065   0.12842014678390629
124.922   4.20098   0.12936838446853988
126.342   4.20861   0.11947748281579988
127.033   5.44833   0.11996214236166242
128.453   5.45473   0.109575544716874
129.145   6.69392   0.10960226457514013
130.565   6.69944   0.0991228071636409
131.258   7.93819   0.098647098284739
132.678   7.94317   0.088631724004447
133.371   9.1816   0.08810184390805455
134.791   9.18635   0.07912339982584643
135.485   10.4246   0.07826320974761548
136.905   10.4294   0.07099450682974835
137.6   11.6675   0.0700228534123013
139.02   11.6726   0.06546357765963556
139.714   12.9108   0.0650455993899709
141.134   12.9164   0.06334705991599525
141.829   14.1548   0.06347062312597067
143.249   14.161   0.06424212013936421
143.943   15.3998   0.06522798479179817
145.363   15.4068   0.06822682756805042
146.056   16.646   0.06980723458209209
147.476   16.6541   0.07403647749588903
148.169   17.8937   0.07578245179459181
149.589   17.9029   0.08057853312141829
150.281   19.1431   0.0823908368691559
151.701   19.1534   0.08721949323402234
152.393   20.3941   0.08871583849572959
153.813   20.4058   0.09315073805397833
154.504   21.6469   0.09467312184564167
155.924   21.66   0.09833361581880293
156.614   22.9016   0.09979544077761958
158.034   22.9162   0.10272920714188924
158.724   24.1582   0.10392420314825809
160.144   24.1744   0.1061517781292366
160.834   25.4168   0.10667745778748218
162.253   25.4347   0.10845293910263809
162.943   26.6776   0.10908519606252416
164.362   26.6971   0.10951602622447608
165.051   27.9404   0.11036181404816987
113.601   1.60207   0.1523166245030392
114.288   2.84452   0.15401156092969237
115.708   2.86255   0.1508879597582263
116.396   4.10439   0.15230214213858023
117.816   4.12019   0.14765459153036686
118.505   5.36131   0.14872880319561463
119.925   5.37493   0.14268697242565623
120.615   6.61525   0.1432702285891959
122.036   6.6269   0.13574024053315908
122.727   7.86643   0.13581878551952967
124.147   7.87642   0.12763674275066797
124.84   9.11523   0.126856454703729
126.261   9.12391   0.11771084274611272
126.955   10.3621   0.1163950600326317
128.375   10.3698   0.10720433759881193
129.07   11.6076   0.10551914518228249
130.491   11.6147   0.09630524388629978
131.186   12.8521   0.09460258981655593
132.607   12.8589   0.08559707938942274
133.303   14.0962   0.0837219206659776
134.723   14.103   0.0759986841991258
135.42   15.3402   0.07414647665264396
136.84   15.3472   0.06781275691195164
137.536   16.5845   0.067082412001958
138.957   16.5919   0.062270057009771576
139.653   17.8295   0.06234941860193936
141.073   17.8375   0.06021835268420838
141.769   19.0755   0.06090558266693882
143.189   19.0842   0.06084447386575632
143.884   20.3227   0.0623270406805935
145.305   20.3322   0.06359858488991878
145.999   21.5712   0.06558094235370518
147.419   21.5817   0.06802440738440006
148.113   22.8212   0.06976231074154687
149.533   22.8327   0.07263263729206117
150.227   24.0727   0.07407226201487266
151.647   24.0854   0.07711789675555542
152.34   25.3258   0.07842397592572985
153.759   25.3396   0.08132705576867351
154.452   26.5805   0.08214237639610725
155.871   26.5956   0.08446543671822163
156.563   27.8369   0.08527602242131502
157.983   27.8533   0.08679245358900103
158.674   29.0952   0.08742980041152927
160.094   29.1131   0.08820459171721029
160.785   30.3555   0.08853953919013093
162.204   30.3748   0.08899730332992715
162.894   31.6177   0.08946133242915874
164.313   31.6383   0.08925654037660488
165.004   32.8815   0.0890014044832989
166.423   32.9032   0.0883158536164396
167.113   34.1465   0.08828731505714175
168.532   34.1689   0.08717511112697071
169.223   35.412   0.0865240429013706
117.728   9.03525   0.14618101791956475
118.42   10.2746   0.14538820447340103
119.841   10.289   0.14021857936807453
120.535   11.5274   0.1381518367594174
121.955   11.5401   0.13238644190399448
122.65   12.7778   0.1299915381861422
124.071   12.789   0.12270843491789776
124.767   14.0261   0.11989537105326604
126.188   14.0363   0.11210129348049577
126.885   15.2729   0.10879673708342534
128.306   15.2824   0.10082172384957529
129.004   16.5187   0.0972606806474243
130.424   16.5279   0.08989354815558509
131.123   17.764   0.08619802781967045
132.543   17.7731   0.0792301079135867
133.242   19.0093   0.07622315921031401
134.662   19.0185   0.07012374776064878
135.361   20.2549   0.06804307459250206
136.781   20.2645   0.06301214168713588
137.48   21.5011   0.0620429689811899
138.9   21.5112   0.058430642645788844
139.598   22.7483   0.05883876273341739
141.018   22.7591   0.05694646608877692
141.715   23.9966   0.05808614292582915
143.136   24.0082   0.05727137155682385
143.832   25.2462   0.059149387148136306
145.253   25.2586   0.05914735835183027
145.949   26.4972   0.061022700694084865
147.369   26.5105   0.06169408399514431
148.064   27.7496   0.06339290181084968
149.484   27.7637   0.06436023617110093
150.179   29.0033   0.06576511233169186
151.599   29.0184   0.06672390875840663
152.293   30.2585   0.0678560977363113
153.712   30.2745   0.06883785295896465
154.406   31.5152   0.06948525023341282
155.826   31.5323   0.07035488611319177
156.518   32.7736   0.07088483617812674
157.938   32.7919   0.0713768169646135
158.63   34.0338   0.07170502074471674
160.049   34.0534   0.07207752770454434
160.741   35.2958   0.0722056092003941
162.16   35.3165   0.07244646299164882
162.851   36.5594   0.07224347721421187
164.27   36.5809   0.07222361109775585
164.96   37.824   0.07232599809196853
166.379   37.8459   0.07178168290031005
167.07   39.089   0.07145243172908969
168.489   39.1108   0.07084207789159654
169.181   40.3534   0.07004055967794287
170.6   40.3748   0.06958448102845788
124.003   17.6985   0.11289774134144616
124.702   18.9339   0.10781066737573262
126.123   18.9461   0.10174463130799798
126.823   20.1812   0.0964888076410949
128.244   20.1929   0.09033498768473502
128.945   21.4279   0.08524083528450732
130.366   21.4394   0.07934595137748411
131.066   22.6745   0.07555474836169888
132.487   22.6861   0.07043479253891434
133.187   23.9214   0.0675233293018027
134.608   23.9334   0.06311228089682432
135.308   25.1689   0.06183599275502863
136.729   25.1814   0.05812125256736763
137.429   26.4174   0.058366171709304235
138.85   26.4306   0.05556311726316313
139.549   27.6671   0.057161525521981095
140.969   27.6809   0.05514535338539289
141.668   28.918   0.05751182487106554
143.088   28.9326   0.05600758877152298
143.786   30.1701   0.05863292590345223
145.207   30.1855   0.05767512462058456
145.904   31.4236   0.06021195894504278
147.324   31.4396   0.05937044719387268
148.021   32.6783   0.06179967637455581
149.44   32.695   0.06095285063062876
150.136   33.9344   0.0628412285048627
151.556   33.9518   0.06250639967235683
152.251   35.1918   0.064018512947431
153.671   35.2101   0.0636199654196727
154.365   36.4507   0.06477352854369145
155.784   36.47   0.064696599601524
156.478   37.7114   0.06574450547384181
157.897   37.7316   0.06589309523766475
158.589   38.9737   0.06652097413597871
160.008   38.9947   0.06686119951062974
160.7   40.2374   0.06732436408908775
162.118   40.2591   0.06755686493613855
128.19   25.1018   0.07753657201604527
128.893   26.3357   0.07251358493413462
130.314   26.3499   0.06853553822652918
131.016   27.584   0.06560076219069556
132.438   27.5984   0.06201653005449532
133.14   28.8329   0.061323078852907144
134.561   28.8478   0.05846400602079864
135.262   30.0827   0.05970477367849371
136.683   30.0982   0.05738335995739209
137.384   31.3336   0.06020564757561931
138.805   31.3499   0.05828035689664029
139.506   32.5858   0.062282983229771216
140.926   32.6027   0.06029535637177982
141.626   33.8393   0.06451643201541818
143.046   33.8568   0.06214314121445575
143.745   35.0941   0.06669940029715192
145.166   35.1121   0.06497122439972676
145.864   36.35   0.06854166616008923
147.284   36.3686   0.06708867266535402
147.981   37.6072   0.0701206103795463
149.401   37.6264   0.06911222757226156
150.097   38.8657   0.07158330811020781
151.517   38.8855   0.07109430356926293
152.212   40.1257   0.07314191684662626
153.632   40.1461   0.07313692637786565
132.394   32.5102   0.06094308820530842
133.098   33.744   0.06446627025042577
134.519   33.7618   0.06265572599531313
135.222   34.9962   0.06816575386512608
136.642   35.0147   0.06594012435534725
137.345   36.2497   0.07202784183910858
138.765   36.2688   0.0702751734256106
139.467   37.5044   0.07648725384010488
140.887   37.5241   0.07462198067594226
141.588   38.7605   0.08062282555206123
143.008   38.7807   0.07886374325380038
143.707   40.0178   0.08355537086268527
145.127   40.0384   0.08201585212628648
136.604   39.9305   0.08425710652522425
167.05   41.5602   0.06714834324091623
168.469   41.5816   0.06700940232534677
169.161   42.824   0.06619909364938026
170.58   42.8447   0.06619350421302579
171.273   44.0864   0.06539143674824725
172.692   44.1062   0.0654073390377586
173.386   45.3472   0.06420724258212913
174.805   45.3659   0.0644475755944266
175.5   46.6062   0.06301666446266513
158.569   41.444   0.07031600102394467
159.988   41.4657   0.0705535966482259
160.679   42.7086   0.07099464768558007
162.098   42.7305   0.07154984276712854
162.789   43.9736   0.0719239181357563
164.208   43.9954   0.072368294162567
164.898   45.2384   0.07221634164093421
166.317   45.2595   0.07230746849392679
167.009   46.5023   0.07231908461810063
168.428   46.5224   0.07211691895803576
169.12   47.7646   0.07186716913862831
170.539   47.7835   0.07140630224286346
171.231   49.0251   0.07094434438346746
172.651   49.0428   0.0702504092514791
173.344   50.2838   0.06967811708133129
174.764   50.3004   0.06881605917226341
175.458   51.5407   0.06779528007169593
176.877   51.5563   0.0668973093629323
177.572   52.7961   0.06556736993352848
178.992   52.8107   0.06466977655752022
179.687   54.0501   0.06303253128346033
181.107   54.0638   0.06224379487145795
181.803   55.3026   0.06031683015543739
150.078   41.3316   0.08104103898642404
151.498   41.3525   0.0800013124892243
152.192   42.5929   0.08166884350841351
153.612   42.6144   0.08204078254135942
154.305   43.8557   0.08342241904908529
155.724   43.8777   0.08374759698043566
156.417   45.12   0.08545361314771958
157.836   45.1424   0.08629745071555033
158.527   46.3853   0.08691236966046928
159.946   46.4077   0.0880068179177076
160.636   47.651   0.08802988129038414
162.055   47.6731   0.08897713189354126
162.745   48.9164   0.08887496835442359
164.164   48.9376   0.08940380305109713
164.855   50.1807   0.08950893810117631
166.274   50.2007   0.08929725639681899
166.964   51.4433   0.08868889445697417
168.384   51.4619   0.08830951251138634
169.075   52.704   0.08775158118233019
170.494   52.7212   0.08601174338426444
171.186   53.9628   0.0857459620040512
172.606   53.9785   0.08363761115670018
173.298   55.2196   0.0827463594365318
174.718   55.234   0.08043338858956443
175.41   56.4747   0.07901240408948688
176.83   56.4879   0.07627843732012919
177.523   57.7281   0.07481931568786138
178.943   57.7402   0.07198041400270061
179.637   58.9799   0.07032104948022601
181.057   58.991   0.06759585786125584
181.751   60.2302   0.06574465757763588
183.171   60.2402   0.06362829559244917
183.866   61.4789   0.061995241752899256
185.286   61.4881   0.06121731781122371
185.982   62.7263   0.0601582080850126
141.569   41.221   0.09078992234823369
142.989   41.2424   0.08919445050003019
143.688   42.4797   0.09416198808435146
145.108   42.5014   0.09286468650677561
145.806   43.7396   0.09721548230606332
147.226   43.7618   0.09636373799308742
147.923   45.0009   0.10018253340776653
149.343   45.0234   0.0999522886181106
150.038   46.2636   0.10250121950495766
151.457   46.2865   0.10224480426896083
152.15   47.5278   0.10367805939542772
153.57   47.5511   0.1049001906575841
154.262   48.7932   0.10599816036139646
155.681   48.8167   0.1070845460372293
156.371   50.0597   0.10718791909539556
157.79   50.083   0.10852354583223124
158.48   51.3265   0.10867497412007103
159.899   51.3492   0.10990313917264323
160.589   52.5928   0.10993479885822306
162.008   52.6145   0.11011938975494173
162.697   53.858   0.10938098555050946
164.116   53.8783   0.10941229364199079
164.806   55.1214   0.10893576088687423
166.225   55.1401   0.1080745113336047
166.915   56.3828   0.10736815170244747
168.334   56.3998   0.10547326675514018
169.024   57.642   0.10445008377210714
170.444   57.6574   0.10207908698651426
171.135   58.8991   0.10106557277331402
172.554   58.913   0.09739281287651669
173.245   60.1543   0.0960542034478403
174.665   60.1667   0.09200244561966325
175.356   61.4076   0.0903183812963948
176.776   61.4186   0.08555729074719465
177.468   62.659   0.08394081248117602
178.888   62.6688   0.07904511370096914
179.581   63.9087   0.07753657201604744
181.0   63.9173   0.07242306262509775
181.694   65.1567   0.07114815528177007
183.114   65.1643   0.06710484334234307
183.808   66.4032   0.06590599365762642
185.228   66.4098   0.06397288488102232
185.922   67.6484   0.06320007911387668
187.342   67.6543   0.06383987781943558
188.036   68.8926   0.0635610729928352
189.456   68.8979   0.06710976083997579
190.151   70.1361   0.06781961368218407
138.708   43.6458   0.10169169090932687
139.409   44.8818   0.10851843161416797
140.829   44.905   0.10699878503982549
141.529   46.1419   0.11312493093920005
142.949   46.1654   0.11190397669432586
143.648   47.4033   0.1173817703052644
145.068   47.4271   0.11664686022351173
145.764   48.6661   0.1198350950264559
147.184   48.6903   0.1197310736609328
147.879   49.9304   0.12248755038778682
149.298   49.9548   0.12223751469986456
149.991   51.196   0.12387368566408462
151.41   51.2207   0.12363126627191402
152.102   52.4629   0.12572493786040048
153.521   52.4876   0.12611015026555125
154.211   53.7307   0.126343341731969
155.63   53.7552   0.12783133418689224
156.319   54.9988   0.12752352724104116
157.738   55.0225   0.1289392492610398
158.427   56.2664   0.1285717309520124
159.846   56.289   0.12947130956316394
160.534   57.5327   0.12830841749472507
161.953   57.5538   0.12852458908706732
162.642   58.7973   0.1277845452314181
164.061   58.8166   0.12688057376919215
164.749   60.0597   0.12541311733626495
166.169   60.0772   0.12404616076283642
166.858   61.3199   0.12284221587060039
168.277   61.3355   0.11973140774249898
168.966   62.5778   0.11835311571733338
170.386   62.5916   0.1145108291822218
171.076   63.8335   0.11335082708123002
172.495   63.8456   0.10759711892053724
173.185   65.087   0.10648079639071553
174.605   65.0975   0.10018607687697244
175.295   66.3385   0.09871058707149828
176.715   66.3475   0.09205487493880542
177.406   67.588   0.09072540989160385
178.826   67.5956   0.08381318512024395
179.518   68.8357   0.0828796718140207
180.937   68.8421   0.07595031270509535
181.63   70.0817   0.07536902546801702
183.049   70.087   0.06961982476278293
183.742   71.3263   0.06929538224152544
185.162   71.3308   0.06612866246946096
185.854   72.5699   0.06582810949739595
187.274   72.5736   0.06575568416494397
187.966   73.8126   0.0657448096810744
189.386   73.8159   0.06919277418921285
190.079   75.055   0.06957025226344996
191.498   75.0581   0.07575651787139943
192.19   76.2972   0.07585169741014222
193.61   76.3004   0.08440308051250535
194.301   77.5397   0.08431992647055879
142.904   51.0879   0.13246720348825938
143.6   52.3269   0.13598032945979885
145.019   52.3524   0.13497029302776567
145.713   53.5927   0.13728874680759842
147.133   53.6184   0.13778218317330035
147.825   54.8599   0.1389809339441892
149.245   54.8857   0.14023159415766087
149.935   56.1282   0.14031197382975022
151.354   56.1541   0.14142436140919995
152.043   57.3973   0.14115838621917165
153.463   57.4229   0.14337660199628294
154.151   58.6667   0.1425802230325116
155.57   58.6916   0.1440615146387123
156.257   59.9356   0.14262370069521868
157.677   59.9594   0.14434874436585385
158.364   61.2034   0.14287043081058792
159.783   61.2256   0.14322709240921436
160.471   62.4694   0.1422204626627339
161.89   62.4898   0.14159343205105848
162.578   63.7332   0.140443903392065
163.997   63.7516   0.1382516907672515
164.685   64.9947   0.13715848497267272
166.104   65.0111   0.1340389868657754
166.792   66.2538   0.13287663451486778
168.212   66.2682   0.1288785474778419
168.9   67.5105   0.12774701562071453
170.32   67.5229   0.1222217656557129
171.009   68.7647   0.12140477750072516
172.428   68.7753   0.11437066931691212
173.118   70.0167   0.11394770730470852
174.537   70.0255   0.10575939674562664
175.227   71.2665   0.10538073827792231
176.646   71.2737   0.09655614946754411
177.337   72.5143   0.09657810310831466
178.756   72.5201   0.08739610975324359
179.447   73.7602   0.08743712026364353
180.866   73.7648   0.0788710973677969
181.557   75.0047   0.07911636998750371
182.977   75.0083   0.07217707392240404
183.668   76.248   0.0725360599977756
185.088   76.2508   0.06784275937783821
185.779   77.4904   0.06819802049912882
187.198   77.4927   0.06691046256004936
187.889   78.7323   0.06707995229574978
189.309   78.7344   0.06975650507300615
189.999   79.974   0.06951438700009958
191.419   79.9762   0.07548277949307394
147.07   58.5457   0.1496803260284936
147.759   59.7884   0.14934269315904874
149.179   59.8153   0.15100589392469993
149.867   61.0587   0.150310511941109
151.286   61.0853   0.1517045154239075
151.973   62.3292   0.1504699305509298
153.393   62.3553   0.15192251314403676
154.08   63.5993   0.1513802166731188
155.499   63.6244   0.15203634433910573
156.186   64.8684   0.15086447560642713
157.605   64.8921   0.15154332713780652
158.292   66.136   0.15043576702366943
159.711   66.1579   0.15020499325921555
160.398   67.4015   0.14917523252872156
161.817   67.4214   0.14778261061438702
162.504   68.6647   0.14693539396618574
163.924   68.6824   0.14460809105994424
164.611   69.9254   0.14394071696360697
166.031   69.9409   0.1400372093409518
166.718   71.1835   0.13950448021478878
168.137   71.1969   0.13387131881026634
168.825   72.439   0.1338029895032222
170.245   72.4503   0.1268631152068973
170.933   73.6921   0.12707403353950245
172.353   73.7013   0.1187653569017569
173.041   74.9427   0.11916228430170073
174.461   74.9501   0.10956751343350983
175.15   76.191   0.11034967149928854
176.569   76.1968   0.09993237713573348
177.259   77.4374   0.10089618426877474
178.678   77.4419   0.09059166628339055
179.368   78.6821   0.09141602704121989
180.788   78.6855   0.08179119757040179
181.478   79.9255   0.08261065306605626
182.898   79.9282   0.07449953019986032
183.588   81.168   0.0751007989305069
185.007   81.1702   0.06942910052708304
151.207   66.0133   0.1537735347841075
151.893   67.2574   0.15240406818716526
153.313   67.2836   0.15432021902524415
153.999   68.5276   0.15300869256353716
155.418   68.5526   0.15404057906928229
156.104   69.7965   0.15300931344203164
157.524   69.82   0.1537533414271019
158.21   71.0637   0.1529826460746429
159.63   71.0852   0.15267023285499629
160.316   72.3287   0.15229215344199723
161.735   72.3481   0.15024426777751837
162.422   73.5913   0.15047923444781386
163.841   73.6085   0.14702843262444523
164.528   74.8513   0.14762672522276163
165.948   74.8662   0.14253806509140823
166.635   76.1086   0.1434144344199616
168.054   76.1212   0.13668152764730016
168.742   77.3632   0.1379659378252528
170.161   77.3736   0.12981602366425185
170.849   78.6151   0.13114000152508393
172.269   78.6235   0.12173380795819258
172.958   79.8646   0.12312164716247115
174.377   79.8713   0.11282021095531135
175.066   81.1119   0.11408663374822384
176.486   81.1171   0.10312584545107953
155.329   73.4766   0.15218544608470125
156.015   74.7204   0.1525527449769384
157.434   74.7435   0.15249340969367028
158.12   75.987   0.1530179728005767
159.54   76.0082   0.15219017708117882
160.226   77.2515   0.15313921770728273
161.645   77.2706   0.15082572724837143
162.332   78.5135   0.15219346240886267
163.751   78.5304   0.14832683506365657
164.438   79.7729   0.149852994631406
165.858   79.7874   0.1444129149349236
166.545   81.0295   0.14606632055337337
167.965   81.0417   0.1389442334175847
159.445   80.9282   0.15232557237706398
171.293   41.6168   0.06846057259474184
172.712   41.6374   0.06837060771998664
173.405   42.8786   0.06732562662167106
162.809   41.5021   0.06770923127609697
164.228   41.5239   0.06790618528528805
164.919   42.767   0.06793445370355235
166.338   42.7885   0.06797058187186394
167.029   44.0313   0.06772473698730676
168.449   44.0521   0.06750733293502192
169.14   45.2944   0.06719114524995246
170.56   45.3142   0.06688923680234136
171.252   46.5559   0.0664356831830608
172.672   46.5746   0.066104538422108
173.365   47.8156   0.06535962056193417
174.785   47.8332   0.06512280706480814
175.479   49.0735   0.06412121333848762
176.899   49.0902   0.06389757428885835
177.594   50.33   0.062472473938528054
179.014   50.3458   0.06236224819551971
179.71   51.585   0.060595049302728105
154.325   41.3872   0.07424553858649273
155.745   41.4083   0.07491308296953789
156.437   42.6502   0.07569015788066512
157.857   42.672   0.07677063240588941
158.548   43.9146   0.0772906850791292
159.967   43.9367   0.07814121831658853
160.658   45.1798   0.07868449656698467
162.077   45.2018   0.07943424954010367
162.767   46.4451   0.07939930730176432
164.186   46.4666   0.07958096506075373
164.877   47.7097   0.08006359971922504
166.296   47.7303   0.07981227975693893
166.987   48.973   0.07963353564924339
168.406   48.9923   0.07921268837756124
169.098   50.2345   0.07910328691021397
170.517   50.2525   0.07810153647656248
171.209   51.4941   0.07761121053044197
172.629   51.5108   0.07648084727564039
173.322   52.7518   0.0758414134889418
174.741   52.7673   0.07412050998205592
175.435   54.0078   0.0732151623640937
176.855   54.0222   0.07150139858771272
177.548   55.2622   0.07001328445373722
178.968   55.2756   0.06818108242027202
179.663   56.5151   0.06659053986866299
181.083   56.5275   0.06488736394707585
181.778   57.7665   0.06307178449987959
183.198   57.7779   0.06184860548145247
183.893   59.0164   0.06002865982179152
145.826   41.2764   0.08688158608128826
147.246   41.2974   0.08576671848683717
147.943   42.5363   0.08934282287907759
149.363   42.5577   0.08876598447602752
150.058   43.7975   0.09102774302375655
151.478   43.8195   0.09111750655062344
152.172   45.0602   0.09300849423573644
153.591   45.0827   0.09310150374726782
154.284   46.3244   0.09464650019941326
155.703   46.3472   0.0946873275575998
156.395   47.5898   0.09593523857270958
157.814   47.6128   0.09709897012841313
158.504   48.8559   0.09724628527609606
159.923   48.8786   0.09846755810925097
160.613   50.122   0.09850466994005949
162.032   50.144   0.09938973790084761
162.722   51.3874   0.09930216513249102
164.141   51.4082   0.09962750624200317
164.831   52.6513   0.09920735859803013
166.25   52.6706   0.09873403668441987
166.94   53.9133   0.09806146031952963
168.36   53.9311   0.09723559019207442
169.051   55.1732   0.09654687980458254
170.47   55.1895   0.0945310530989709
171.161   56.4312   0.09361677200160345
172.581   56.4459   0.09098708699589572
173.272   57.6872   0.08974658767886086
174.692   57.7005   0.08648364007140089
175.384   58.9413   0.08510705023673866
176.804   58.9535   0.08112730736318291
177.497   60.1938   0.07968625979427227
178.916   60.2047   0.075442163277573
179.61   61.4445   0.07397323840416814
181.029   61.4543   0.06996692075545359
181.723   62.6936   0.06824954212301675
183.143   62.7024   0.06535724902411132
183.838   63.9412   0.06411988771044452
185.258   63.949   0.06276830410326581
185.953   65.1874   0.061833081760495394
187.373   65.1945   0.06270478450643754
188.068   66.4325   0.06237828147681262
137.307   41.1654   0.09202956046835001
138.727   41.187   0.09038805230782236
139.429   42.4228   0.09770670396650828
140.849   42.4449   0.09612143361393947
141.549   43.6815   0.10197509499872424
142.97   43.704   0.10140636074724155
143.669   44.9415   0.10657598228495935
145.089   44.9643   0.10474850834259229
145.786   46.2029   0.10935414944116892
147.206   46.226   0.10798837900438904
147.902   47.4656   0.11127803017665722
149.321   47.4891   0.11066060726383782
150.015   48.7298   0.11272293466724598
151.435   48.7536   0.11369212813559888
152.127   49.9954   0.11463847521665507
153.546   50.0194   0.11552372050795012
154.237   51.2621   0.11618093647411054
155.656   51.2861   0.11757044696691468
156.346   52.5294   0.11781328448015606
157.765   52.553   0.11925455966124068
158.454   53.7967   0.11888355647439869
159.874   53.8194   0.12056852823186487
160.562   55.0631   0.11940736995680425
161.981   55.0845   0.1199006672208311
162.67   56.328   0.11919618282478042
164.09   56.3478   0.11928759365500335
164.779   57.5909   0.1182553592865819
166.198   57.6089   0.11637276313640126
166.887   58.8517   0.11569572161492692
168.307   58.8679   0.11310459760769012
168.996   60.1102   0.11167981017176373
170.416   60.1248   0.10861183176799333
171.106   61.3666   0.10730037278592708
172.526   61.3796   0.10317073228392062
173.216   62.621   0.10153186691871835
174.636   62.6324   0.09651699332241817
175.327   63.8734   0.0950810706712917
176.746   63.8833   0.08894605106467939
177.438   65.1238   0.08763184352733348
178.858   65.1325   0.08173004343568692
179.55   66.3724   0.08013226566122508
180.97   66.3799   0.07456225586716653
181.663   67.6194   0.07339216579445965
183.082   67.6258   0.06843011033163136
183.776   68.8649   0.06789675986379133
185.195   68.8704   0.06495198226381521
185.889   70.1093   0.06479459854031504
187.309   70.114   0.06472696501459207
188.002   71.3527   0.06490801183213175
189.422   71.3569   0.06807385694963969
190.116   72.5955   0.06874830907011317
191.536   72.5994   0.07517446374933553
192.229   73.8381   0.07557889917166989
140.809   47.3649   0.11860459518922005
141.507   48.6022   0.12331151608833155
142.928   48.6267   0.12316411815134284
143.625   49.8651   0.12717598043656161
145.045   49.8899   0.12672426760488545
145.74   51.1294   0.12942325911520597
147.16   51.1544   0.1296447839290189
147.853   52.3952   0.13114053530469164
149.273   52.4204   0.1321502553913574
149.964   53.6622   0.13251871565932785
151.384   53.6875   0.13418032642678074
152.074   54.9303   0.13433837873072557
153.493   54.9555   0.1357307997471424
154.182   56.199   0.13543356304845253
155.601   56.2237   0.13694747168166055
156.289   57.4676   0.13605708360830857
157.709   57.4914   0.13738093026325646
158.396   58.7353   0.13642661030751518
159.816   58.7578   0.13709069990339287
160.503   60.0015   0.13536247633667572
161.923   60.0223   0.13576892133327723
162.611   61.2658   0.1345869607354175
164.03   61.2846   0.1332480393852019
164.718   62.5277   0.13186819176738857
166.138   62.5446   0.12985607417445216
166.826   63.7873   0.12839131590571054
168.246   63.8023   0.12513197033532278
168.934   65.0446   0.12348591012743719
170.354   65.0577   0.11884914808276562
171.043   66.2996   0.11762100152608951
172.463   66.3109   0.1117841223072409
173.152   67.5523   0.11043482240669662
174.572   67.5619   0.10346216699837807
175.262   68.8029   0.10245120789917207
176.682   68.811   0.09483417105664095
177.373   70.0515   0.09413633729861996
178.792   70.0582   0.08553537279979864
179.483   71.2983   0.08490376905650146
180.903   71.3037   0.0773834607652049
181.595   72.5435   0.07730853769150514
183.014   72.5478   0.0706662578604484
183.706   73.7874   0.07080967448025612
185.126   73.7909   0.06699529834249775
185.817   75.0303   0.0669101636524667
187.237   75.0332   0.06638749882319757
187.929   76.2725   0.0667472845889607
189.348   76.2751   0.0695526419340107
190.04   77.5145   0.0697739206294155
191.459   77.517   0.07593786934066425
192.15   78.7565   0.07566756240292281
193.57   78.7592   0.08432870211261867
194.261   79.999   0.08364329022701024
195.68   80.0022   0.09379253701654323
144.991   54.8149   0.1431145345518759
145.684   56.0559   0.14502413592226232
147.103   56.0822   0.14502044683424548
147.794   57.3243   0.14580785301211008
149.213   57.3508   0.14578206336857383
149.902   58.5937   0.1455123706081354
151.322   58.6201   0.14760291325038122
152.01   59.8637   0.14686514222237868
153.429   59.8896   0.14836879725871885
154.116   61.1335   0.14709646494733655
155.536   61.1585   0.14910224679728232
156.223   62.4026   0.14771120472057087
157.642   62.4263   0.14859559212843876
158.329   63.6703   0.14729388989364048
159.749   63.6923   0.14789895199088057
160.436   64.936   0.14654081342752356
161.855   64.9562   0.14551855551783802
162.542   66.1995   0.14418394501469042
163.962   66.2176   0.14239908707572047
164.649   67.4606   0.14115360427563026
166.069   67.4766   0.137916641490431
166.756   68.7192   0.13677148825687094
168.176   68.7331   0.1317358341530473
168.864   69.9753   0.13141632318704688
170.283   69.9871   0.12448855369068415
170.972   71.2289   0.12432316759155881
172.391   71.2388   0.1164799553571363
173.08   72.4802   0.1164517496648225
174.5   72.4882   0.10764501846347099
175.189   73.7292   0.10776720280308727
176.609   73.7357   0.09842834957469812
177.299   74.9762   0.0987738831878211
178.718   74.9813   0.08891192271006405
179.408   76.2215   0.08941856630476509
180.828   76.2254   0.08039409182271492
181.518   77.4654   0.080959557805121
182.938   77.4684   0.07339550394949244
183.628   78.7082   0.07387042710042878
185.048   78.7105   0.06874423612202112
185.739   79.9502   0.06915894736040779
187.158   79.9522   0.06731923944906004
149.141   62.2792   0.15286451517601415
149.828   63.5229   0.1516951218727967
151.248   63.5498   0.15372507928115353
151.935   64.7938   0.15266921759150281
153.354   64.8199   0.15404220200971439
154.04   66.064   0.15250865549206977
155.46   66.0891   0.15419315808427994
156.146   67.3331   0.1527251452773851
157.566   67.3566   0.15363385043668124
158.252   68.6004   0.1523187775686187
159.672   68.6222   0.15191685225807489
160.358   69.8657   0.15131589473680082
161.778   69.8853   0.1495083944131507
162.464   71.1286   0.1488644013859661
163.884   71.146   0.14602715500891209
164.571   72.3889   0.14596167305152774
165.99   72.4041   0.1413568887603318
166.677   73.6466   0.14149222593486252
168.097   73.6595   0.13545202102589615
168.785   74.9017   0.1362310537285865
170.204   74.9124   0.12841919638434549
170.892   76.1541   0.12919102135983873
172.312   76.1628   0.12023967731161803
173.0   77.4041   0.12125943262278971
174.42   77.411   0.11128980186881371
175.109   78.6519   0.11248555462814129
176.528   78.6573   0.10173956948994715
177.218   79.8978   0.10289314845994406
178.637   79.9019   0.09215953558910893
179.327   81.1421   0.09326119235780314
180.747   81.1453   0.08313200346437197
153.269   69.7462   0.1529813387312424
153.955   70.9903   0.15217177793533931
155.375   71.0151   0.1535356636094722
156.06   72.259   0.15273643965995537
157.48   72.2822   0.15328343028520178
158.166   73.5258   0.15305322603590474
159.586   73.5472   0.1524973770266292
160.272   74.7906   0.1528400471080813
161.691   74.8098   0.15058542426144142
162.378   76.0529   0.1515212526347326
163.797   76.0699   0.1477118817157292
164.484   77.3126   0.14886964096148017
165.903   77.3272   0.14348456362968748
166.591   78.5695   0.14501103406293886
168.01   78.5819   0.13803079366576146
168.698   79.8237   0.1395680837441009
170.117   79.8338   0.13110133485208234
170.806   81.0752   0.13269167268520682
172.225   81.0834   0.12300768268689488
157.387   77.204   0.15210341876499636
158.073   78.4474   0.15315306069419454
159.493   78.4685   0.15226795460634696
160.179   79.7116   0.15359195942497
161.599   79.7306   0.1512419254042919
162.285   80.9734   0.1529021909587934
163.705   80.9902   0.14895495963545882
171.921   100.736   0.10376169813567757
172.621   101.971   0.09841996748628175
174.043   101.984   0.09245674664402832
174.743   103.218   0.0871148666990928
176.164   103.231   0.08221125227121141
176.865   104.465   0.07728415102722686
178.286   104.478   0.07236960688023951
178.987   105.713   0.0691853308151349
180.408   105.725   0.06463002398267026
181.109   106.96   0.062467911762752834
182.53   106.973   0.05897465557338933
183.23   108.209   0.05918285224623873
184.651   108.222   0.05603579213324004
185.351   109.458   0.05756735185849736
186.771   109.473   0.05532639514734237
187.471   110.709   0.057969043462867624
188.891   110.724   0.05614276444921185
189.59   111.962   0.059055990382011765
191.01   111.977   0.05771481612202854
191.708   113.215   0.060629118416813114
193.128   113.231   0.059321244086744614
193.825   114.47   0.06201007982578099
195.245   114.487   0.060514461081636335
195.942   115.726   0.06335021704777452
197.362   115.743   0.06254798158214421
198.057   116.983   0.06411247928444896
199.477   117.001   0.0639105625073035
200.172   118.242   0.06535204663972143
201.591   118.261   0.0651402333431545
202.285   119.502   0.06637085203611802
203.704   119.522   0.06646803743153502
204.397   120.764   0.06744931430340757
205.816   120.785   0.06775278592057812
176.114   108.14   0.06972546163347004
176.816   109.374   0.06679071791798233
178.238   109.389   0.06320799000126126
178.94   110.623   0.062195257053898556
180.361   110.638   0.059152430212123935
181.064   111.873   0.060699341017838575
182.485   111.889   0.05843937029092983
183.186   113.124   0.061247448926464186
184.607   113.14   0.05929890386845398
185.308   114.376   0.06348456505324128
186.729   114.393   0.06150902372823514
187.429   115.629   0.06629668166658818
188.85   115.647   0.0643120517477017
189.549   116.884   0.06848802815091626
190.97   116.903   0.0672092999517108
191.668   118.14   0.07087623014805909
193.089   118.159   0.0699259608443165
193.786   119.397   0.07312755978425395
195.206   119.417   0.07185151355399369
195.903   120.656   0.07510532604281904
197.323   120.676   0.0743908596535966
180.32   115.551   0.0636396103067901
181.023   116.785   0.06868304011907872
182.444   116.804   0.06761479128119295
183.147   118.038   0.0737434064849054
184.568   118.058   0.07266195703393205
185.27   119.293   0.07907749363758416
186.69   119.313   0.07725930364687028
187.391   120.549   0.08337391678456553
188.811   120.57   0.08160692372586859
192.11   81.216   0.07499039938552596
193.529   81.2186   0.08333258666332352
194.219   82.4585   0.08253756720427113
195.639   82.4618   0.09239090864365572
196.329   83.702   0.09139037148408762
197.748   83.7063   0.1020135775276967
198.438   84.9468   0.1008885028137565
185.698   82.4099   0.06965235100123565
187.118   82.4118   0.06732013071882817
187.808   83.6515   0.06727741077062943
189.228   83.6536   0.06869272159406695
189.919   84.8933   0.06822140426581765
191.338   84.8958   0.07321543553104101
192.029   86.1356   0.07262878217346644
193.449   86.1388   0.080018747803244
194.139   87.3788   0.07962060034940047
195.559   87.383   0.0885568743802606
196.249   88.6232   0.08812292550749815
197.669   88.6286   0.09766560295210658
198.359   89.8692   0.09757197343499609
199.778   89.876   0.10678918484565195
200.468   91.117   0.10684446639859013
201.887   91.1254   0.1153704034837355
202.577   92.3668   0.11561107213412407
177.176   82.3574   0.10424452023967207
178.595   82.3615   0.09348507902334546
179.286   83.6013   0.09419262179172964
180.706   83.6047   0.08396618366937636
181.396   84.8442   0.084489821872225
182.816   84.8471   0.07576549346503064
183.508   86.0865   0.07577070674079386
184.927   86.0893   0.06951906213406799
185.619   87.3285   0.06934789109987571
187.039   87.3314   0.06637861101288657
187.731   88.5706   0.0662193325245773
189.151   88.5739   0.06639646074904694
189.843   89.8131   0.06644343458913803
191.263   89.8171   0.0699917852322673
191.955   91.0565   0.07025617410589885
193.374   91.0613   0.07640837650415148
194.066   92.301   0.07695823542675086
195.486   92.3069   0.08400107142174992
196.177   93.547   0.08498476334026583
197.597   93.5541   0.09240725079774433
198.288   94.7946   0.09337970871661526
199.708   94.8032   0.10056207038440977
200.398   96.0441   0.10186972072210913
201.818   96.0542   0.1082564547729155
202.508   97.2957   0.10938921336219949
203.927   97.3073   0.11533386319724288
204.616   98.5492   0.11676609096821132
206.036   98.5627   0.1209431684718035
206.725   99.805   0.12219885433177322
168.653   82.2833   0.14062321998873098
170.073   82.2934   0.1321517309761867
170.762   83.5343   0.13350059924958851
172.182   83.5425   0.12377334123308069
172.872   84.7829   0.12478541581450832
174.291   84.7897   0.11466176346105386
174.982   86.0294   0.11512953574126651
176.402   86.0351   0.10473017712197139
177.094   87.2743   0.10452258129227111
178.514   87.2792   0.09422207809213419
179.206   88.5181   0.09417547451434004
180.626   88.5225   0.08441267677309812
181.32   89.7611   0.08361853861435421
182.74   89.7654   0.07511045200236184
183.433   91.0038   0.07471044103738252
184.853   91.0082   0.06845911188438868
185.547   92.2466   0.06793121521068694
186.967   92.2513   0.06438338294932171
187.661   93.4898   0.06438827533022207
189.081   93.4951   0.0638621170961382
189.775   94.7338   0.0644171560999019
191.195   94.7399   0.0666396278501025
191.888   95.9789   0.06793938474845941
193.308   95.9859   0.07202527334207706
194.001   97.2253   0.0735056460416415
195.421   97.2333   0.07869949173914995
196.114   98.4733   0.08003086904439324
197.533   98.4825   0.08612119367495984
198.225   99.7229   0.08732473876285306
199.645   99.7334   0.0929153378081315
200.336   100.974   0.09495283039488185
201.756   100.986   0.09897474425326495
202.447   102.228   0.10038072524145553
203.866   102.241   0.10433316826397188
204.557   103.483   0.10500552366423224
205.976   103.498   0.10835884827738165
206.666   104.74   0.10946510859630944
208.085   104.757   0.11157817887022914
208.775   105.999   0.11266481260802144
210.194   106.018   0.11363960577192748
210.884   107.261   0.11404073833504712
160.131   82.1711   0.15404759004930674
161.551   82.1901   0.15166126730315538
162.238   83.4325   0.15329546633870156
163.658   83.4494   0.14944661254107106
164.346   84.6912   0.15085270962100536
165.766   84.7058   0.14541519865543437
166.455   85.9469   0.14656493441474824
167.875   85.9593   0.13987694592032668
168.565   87.1996   0.14056279735406846
169.986   87.2102   0.13233835422885062
170.677   88.4498   0.13253497651564083
172.097   88.4588   0.1236765135342945
172.79   89.6977   0.1231206319022187
174.21   89.7055   0.11363326977605803
174.904   90.9438   0.11248488787387474
176.324   90.9508   0.10300179610084635
177.019   92.1887   0.10140355023369725
178.439   92.1952   0.09203591690204889
179.134   93.4328   0.09050436453564424
180.555   93.439   0.08145796461979213
181.251   94.6765   0.07985518142237193
182.671   94.6828   0.0723418274582551
183.367   95.9203   0.07118286310623442
184.787   95.9269   0.0655366309784027
185.483   97.1645   0.06495790944912293
186.903   97.1715   0.06160308433836977
187.599   98.4094   0.061748927116194424
189.019   98.4171   0.06113828587718002
189.714   99.6554   0.062289726279700024
191.134   99.6639   0.06336039772603269
191.829   100.903   0.0647607906066583
193.249   100.912   0.0670827101420287
193.943   102.151   0.06935856111540643
195.363   102.162   0.07193997497913796
196.057   103.401   0.07435724578008918
197.477   103.413   0.07708436936240307
198.169   104.653   0.07894460082867807
199.589   104.666   0.0821535756982049
200.282   105.907   0.08296197924349735
201.701   105.921   0.08615103017375779
202.393   107.162   0.0871047645080294
203.813   107.177   0.08959486592433612
204.504   108.419   0.09015564319553414
205.924   108.435   0.09219680037832456
206.615   109.677   0.09267059943692006
208.034   109.696   0.09290231428764024
208.724   110.938   0.0943229028391369
210.144   110.958   0.09404871078329534
210.834   112.201   0.09443071534198257
212.253   112.222   0.09419389576826112
212.943   113.465   0.09437351323331043
214.362   113.487   0.09362825428256745
215.052   114.731   0.09323818960061683
163.567   88.3657   0.14925903657735975
164.258   89.606   0.1492989283283671
165.678   89.6211   0.14431992239465838
166.371   90.8605   0.14341994282525555
167.791   90.8737   0.13746523196793276
168.485   92.1123   0.13594704851521955
169.905   92.1239   0.1290389476088537
170.6   93.3617   0.12690681620780686
172.02   93.372   0.11931961280526501
172.716   94.6092   0.11666177608796464
174.137   94.6186   0.10832197376341045
174.834   95.8554   0.1052779654058659
176.254   95.8642   0.0973224023542428
176.952   97.1007   0.09403871543146924
178.373   97.1092   0.08634819048480287
179.07   98.3457   0.0834025179475991
180.491   98.3542   0.07632719043695681
181.189   99.5906   0.0740030404780785
182.61   99.5994   0.06764554678616568
183.307   100.836   0.06650984889474074
184.728   100.845   0.061534055611504136
185.425   102.082   0.06137792762874009
186.846   102.092   0.05825941983919767
187.543   103.329   0.05894913061275496
188.963   103.34   0.05756735185849998
189.66   104.578   0.05900516926507115
191.08   104.589   0.05889830218265901
191.776   105.827   0.060793420696649676
193.196   105.839   0.06177669463479017
193.892   107.078   0.06338998343586935
195.312   107.091   0.06485337308112869
196.006   108.331   0.06614045660562147
197.426   108.345   0.06770347110746874
198.12   109.585   0.06890834492280398
199.54   109.6   0.07050312049832325
200.234   110.84   0.07145180193668313
201.654   110.856   0.07237465025822476
202.347   112.097   0.07340299721401417
203.766   112.114   0.07423503216137167
204.458   113.356   0.07488951862577738
205.878   113.374   0.07531593456899083
206.569   114.617   0.07524287341669417
207.989   114.636   0.07585486141309448
208.68   115.879   0.07579419502837861
210.099   115.9   0.07575889386732389
210.79   117.143   0.07555951296825257
212.208   117.165   0.07543135952639311
212.899   118.408   0.07507889184051474
214.318   118.43   0.07442640660410446
215.009   119.673   0.073898579147373
216.428   119.695   0.07315743297848157
217.12   120.937   0.07230656954938314
218.539   120.959   0.07187377825048558
167.715   95.7846   0.1308558749158745
168.412   97.0212   0.1268709974738031
169.833   97.0342   0.1214280445366731
170.531   98.2702   0.11695661588811296
171.952   98.2822   0.11050470578215402
172.651   99.5178   0.10567667670776405
174.072   99.5292   0.09915361818916049
174.772   100.765   0.0946680516330655
176.193   100.776   0.087862904572972
176.892   102.011   0.08385231064198831
178.313   102.022   0.07744675590365718
179.013   103.257   0.0738985791473702
180.434   103.268   0.0680970630791084
181.134   104.504   0.06617590195834933
182.555   104.515   0.06154965475126371
183.254   105.751   0.060678167408057405
184.675   105.763   0.05726333905737533
185.374   107.0   0.058020772142397224
186.795   107.012   0.05528119029109338
187.493   108.249   0.057000000000000384
188.914   108.263   0.05533543168711933
189.612   109.5   0.05764546816532995
191.032   109.514   0.05663073370529541
191.729   110.752   0.058881236400064235
193.15   110.767   0.05849923076417643
193.846   112.006   0.060410346795889996
195.266   112.022   0.05969497466285977
195.962   113.261   0.06186509516682556
197.382   113.277   0.061625400607219445
198.077   114.517   0.06319683536380928
199.497   114.534   0.06309746429136374
200.192   115.774   0.06441436175264385
201.611   115.793   0.06420443909885794
202.305   117.034   0.06512572456410652
203.724   117.053   0.06540038226187837
204.417   118.294   0.06624832073343324
205.836   118.315   0.0663397316847186
206.528   119.557   0.06676825593048993
207.947   119.578   0.06707935598975215
208.638   120.821   0.0672847679642285
210.057   120.843   0.06733379537795176
174.015   104.438   0.08561687917696216
174.717   105.672   0.08013270243788723
176.138   105.685   0.07559768514973995
176.84   106.92   0.07129123368269466
178.261   106.933   0.06712741615763756
178.963   108.168   0.0645132544520917
180.384   108.182   0.06131916503019335
181.086   109.416   0.06046395620532909
182.506   109.431   0.057576036681937726
183.208   110.666   0.0588812364000611
184.628   110.681   0.05636523751391096
185.329   111.917   0.059193242857612335
186.75   111.933   0.057376737446455446
187.449   113.169   0.060595709419070255
188.87   113.186   0.05900008474570655
189.569   114.423   0.0625958465075679
190.989   114.44   0.06086082483831876
191.688   115.678   0.06473762429992837
193.108   115.695   0.06320799000126824
193.806   116.934   0.06652067347826227
195.226   116.952   0.06530972362519762
195.922   118.191   0.06772001181335076
197.342   118.21   0.06689544080130147
198.038   119.449   0.06940381833877118
199.457   119.469   0.06847598119047894
200.152   120.709   0.07049035395001771
201.571   120.73   0.06956788051967952
178.216   111.844   0.06086871117413126
178.919   113.078   0.06201040235315788
180.34   113.095   0.06006238423506182
181.043   114.329   0.06325345840347778
182.464   114.346   0.061534055611504136
183.166   115.581   0.06614045660562147
184.587   115.599   0.06485337308111862
185.289   116.835   0.07033889393499733
186.709   116.853   0.06844128870792125
187.41   118.089   0.07403377607551352
188.83   118.109   0.07218974996494928
189.53   119.345   0.07731002522311851
190.951   119.365   0.0763086495752592
191.65   120.603   0.08097684854326662
193.07   120.623   0.0787931469101124
182.425   119.261   0.07585512507406628
183.128   120.496   0.08380149163349337
184.549   120.516   0.08211705060462111
185.251   121.752   0.08909438815099248
186.671   121.773   0.0874064642918333
196.37   81.2422   0.09290172226606033
187.849   81.1919   0.06740808556842315
189.268   81.1939   0.0694709291718487
189.959   82.4336   0.0690233293894171
191.378   82.4358   0.074637122131019
192.069   83.6757   0.07387997022197557
193.488   83.6784   0.08203170118923878
194.179   84.9185   0.0810921081240339
195.598   84.922   0.09069867694735101
196.288   86.1623   0.08990161288875459
197.708   86.167   0.09988943888118891
198.397   87.4076   0.09938033004574551
199.817   87.4137   0.10910238310870252
200.506   88.6547   0.10870717547612653
181.437   82.3851   0.08386155257327076
182.857   82.3877   0.07533823730350496
183.547   83.6274   0.07582776536335295
184.967   83.6297   0.06964581825206571
185.658   84.8692   0.06978001146460548
187.078   84.8716   0.06688647097881553
187.769   86.111   0.06670862013262996
189.188   86.1136   0.06776525658477749
189.88   87.3531   0.06735287670174213
191.299   87.3563   0.0717043931708488
191.991   88.5959   0.07140476174597779
193.41   88.5998   0.07831858017098857
194.102   89.8397   0.07804492296107679
195.521   89.8446   0.08636000231589178
196.212   91.0848   0.08653808410174757
197.632   91.091   0.09490416218480326
198.322   92.3315   0.09565040512198086
199.742   92.3392   0.10373244429781787
200.432   93.5801   0.10447908881685003
201.851   93.5894   0.11242997820866911
202.541   94.8308   0.11318149141975752
203.96   94.8417   0.1198875306276538
204.65   96.0836   0.12053431046801595
172.914   82.3242   0.12445035154631708
174.334   82.3308   0.1140277597780426
175.024   83.5711   0.115111120227371
176.444   83.5764   0.10417893261116816
177.134   84.8162   0.10496404146182121
178.554   84.8206   0.09418943677504296
179.245   86.06   0.09461775731859692
180.665   86.0638   0.08450639029091218
181.357   87.3029   0.08444288010246732
182.777   87.3064   0.0757575738787918
183.469   88.5453   0.07558128075125768
184.889   88.5488   0.06915526010362338
185.582   89.7876   0.06872968790850074
187.002   89.7913   0.06528629258887185
187.695   91.0302   0.06518220616088367
189.115   91.0344   0.06498653706730427
189.808   92.2733   0.065253199155291
191.228   92.2783   0.0685416661600727
191.921   93.5175   0.06878873454280325
193.34   93.5234   0.07448415938976545
194.033   94.7629   0.07536424881866088
195.452   94.7699   0.08179156435720326
196.145   96.0098   0.0827887069593377
197.564   96.018   0.08952586218518126
198.256   97.2585   0.0906727081320439
199.675   97.268   0.09720972173604843
200.366   98.5089   0.09859761660404916
201.786   98.5199   0.10405791656573148
202.476   99.7613   0.10556211441610874
203.896   99.7738   0.11018915554627341
204.586   101.016   0.1114674840480284
206.005   101.03   0.11504938070236911
206.694   102.272   0.11654445503755667
208.114   102.288   0.11905969091174565
208.803   103.531   0.11995086494060823
164.392   82.2325   0.15070822804346867
165.812   82.2469   0.1451284947899583
166.5   83.4886   0.14670967929895506
167.92   83.5009   0.1397297749228846
168.609   84.7419   0.14088878592705187
170.029   84.7521   0.1325246392185273
170.719   85.9925   0.13343781323148243
172.139   86.001   0.12409242523216664
172.83   87.2407   0.12443745416875095
174.25   87.2479   0.11445824566190001
174.942   88.487   0.11434587880635794
176.362   88.4932   0.10417317313013222
177.055   89.7318   0.10356398988065385
178.476   89.7374   0.09326628544119686
179.169   90.9757   0.09258363786328812
180.59   90.981   0.08302144301322824
181.284   92.219   0.08208532146492863
182.704   92.2242   0.07438770059626584
183.399   93.4622   0.07300171230867546
184.819   93.4676   0.06738434536300879
185.514   94.7056   0.0668184106365861
186.934   94.7114   0.063342955409428
187.629   95.9496   0.06338359409185136
189.049   95.956   0.06265181561614051
189.744   97.1945   0.0632845952819504
191.164   97.2017   0.06495690879344643
191.858   98.4406   0.06641724173736724
193.278   98.4488   0.06965235100124131
193.971   99.6881   0.07152677820229442
195.391   99.6973   0.07577664547867177
196.084   100.937   0.07762628420837514
197.504   100.948   0.08125693816531329
198.196   102.188   0.08375088059237915
199.616   102.199   0.08786859507241135
200.308   103.44   0.08898769577868973
201.728   103.453   0.09281427691901051
202.419   104.694   0.09418726028502257
203.839   104.709   0.09718147971707101
204.529   105.951   0.0982611316849277
205.949   105.966   0.1010279169338815
206.639   107.209   0.10143884857389608
208.059   107.226   0.10307065537776272
208.749   108.469   0.10341668143969844
210.168   108.488   0.10377552698011087
210.858   109.731   0.10472134452918629
212.277   109.751   0.10451511852360304
212.967   110.995   0.1047677908519521
161.504   84.649   0.1519306420706442
162.192   85.8909   0.15335390441719846
163.612   85.9079   0.1495735604978374
164.301   87.149   0.1504836203711214
165.721   87.1639   0.14529322076407522
166.412   88.4042   0.14552243813241011
167.832   88.417   0.13907343383982276
168.524   89.6564   0.13873795443208622
169.944   89.6675   0.1311962651907534
170.637   90.9062   0.13031151138713765
172.058   90.9158   0.12173499907586842
172.752   92.1538   0.12025660065044262
174.173   92.1624   0.11150955116043136
174.868   93.3999   0.10959292860399555
176.288   93.4078   0.10084309594611998
176.984   94.645   0.09859381319332612
178.405   94.6524   0.08960044642745643
179.102   95.8894   0.08717155499357807
180.522   95.8968   0.07930195457868726
181.219   97.1337   0.07723664933177704
182.639   97.1412   0.07052042257388945
183.336   98.3782   0.06910549905759776
184.757   98.3861   0.06362578093823498
185.453   99.6233   0.06339116657705436
186.874   99.6317   0.05989565927510595
187.57   100.869   0.06050958601742732
188.99   100.878   0.05945595008070405
189.686   102.116   0.06068681899720858
191.107   102.126   0.060762159276968764
191.802   103.365   0.06263577252657265
193.222   103.376   0.0641875377312396
193.917   104.615   0.06569056248807606
195.337   104.626   0.06855078409471772
196.031   105.866   0.06993968830356158
197.451   105.879   0.07233090625728605
198.144   107.119   0.07384504045635219
199.564   107.133   0.07612489737267256
200.257   108.373   0.07741582525556205
201.677   108.388   0.07952760527012145
202.369   109.629   0.08037312983827126
203.789   109.646   0.08153428726615874
204.481   110.887   0.08229921020277334
205.9   110.905   0.08288546314040265
206.591   112.147   0.08387043579235019
208.011   112.166   0.08382964869305538
208.702   113.408   0.08421543801464809
210.121   113.429   0.08404576134463763
210.811   114.672   0.0842652953474911
212.23   114.693   0.08405569582127985
212.921   115.937   0.08327064308626873
214.339   115.959   0.08352658259500235
215.03   117.202   0.0824121350287704
216.449   117.224   0.08215570582740218
217.14   118.467   0.08152398420097222
165.637   92.0775   0.14256286332702262
166.331   93.3159   0.14070280736360496
167.752   93.3296   0.13487497914735944
168.447   94.5672   0.13242545072605227
169.868   94.5795   0.12585630695360983
170.564   95.8164   0.12269131998638441
171.985   95.8275   0.11553254952608348
172.683   97.0639   0.11157728263406251
174.104   97.0742   0.10414609930284328
174.802   98.3102   0.10017774203883577
176.223   98.3201   0.09278733749816424
176.921   99.556   0.0892597333628192
178.342   99.5657   0.08214895008458428
179.041   100.802   0.07912174163907476
180.462   100.811   0.07197054953243841
181.161   102.047   0.06968184842553315
182.581   102.057   0.06441242116239007
183.28   103.294   0.06338998343586913
184.701   103.304   0.05936632041822941
185.399   104.541   0.059134084925700915
186.82   104.552   0.056524684873070864
187.517   105.789   0.05771481612203504
188.938   105.801   0.05611604048754839
189.635   107.039   0.05787408746580719
191.055   107.052   0.057263339057373595
191.752   108.29   0.05916789670082867
193.172   108.303   0.05946730193980623
193.868   109.542   0.0612147857955898
195.288   109.556   0.06192285523132681
195.984   110.796   0.0631901891119151
197.403   110.811   0.0639609255717883
198.098   112.051   0.06506681181677464
199.518   112.067   0.06541872820530875
200.212   113.307   0.0668437730832119
201.632   113.324   0.06720982071096726
202.325   114.565   0.06773064299118736
203.745   114.583   0.06852415632461387
204.437   115.825   0.06864116840497439
205.857   115.844   0.06930685391792187
206.548   117.087   0.06931839582679082
207.967   117.107   0.0697338511771732
208.659   118.35   0.06973958703634711
210.078   118.371   0.06975879872818805
210.769   119.614   0.06969763267141758
212.187   119.636   0.06949647473073346
212.878   120.879   0.06930367955600052
214.297   120.901   0.06880377896598418
206.508   122.028   0.06841900320817627
207.927   122.049   0.06887989547030579
208.618   123.292   0.06909710558337263
210.037   123.314   0.06960783001933216
210.727   124.557   0.0695324384729872
212.146   124.579   0.06976933423789948
212.837   125.822   0.06980143265005187
214.256   125.843   0.06961472545374363
214.948   127.085   0.06931096594334464
216.367   127.105   0.06892488665206607
217.059   128.347   0.06867525027257688
218.479   128.366   0.06812055490085953
219.172   129.607   0.06753702688155584
220.591   129.625   0.06746969690164571
221.285   130.866   0.06650142855608723
222.705   130.882   0.0659518005819369
223.399   132.122   0.06488643926122019
224.819   132.138   0.06427977909110111
225.514   133.377   0.0626278691957562
226.934   133.392   0.06212318407808708
227.63   134.631   0.0604550246050712
198.019   121.916   0.07710778170845746
199.438   121.936   0.07634291060732898
200.132   123.177   0.07799358948017183
201.552   123.198   0.07854400040740624
202.245   124.44   0.0798749021908701
203.664   124.462   0.08043631020874724
204.356   125.704   0.0814189167208663
205.775   125.727   0.08238592112733624
206.466   126.97   0.08298698693169063
207.885   126.992   0.08328000960614645
208.575   128.235   0.08376538664627438
209.994   128.257   0.08402077124140485
210.685   129.5   0.08427716179369613
212.104   129.521   0.08441824447356726
212.794   130.764   0.08419619943917188
214.213   130.784   0.08438459575063027
214.905   132.026   0.08370185183137573
216.324   132.044   0.08301355311032947
217.016   133.286   0.08231773806415832
218.435   133.303   0.08133074449431647
219.127   134.544   0.08052477879510359
220.547   134.56   0.07885182306073583
221.24   135.801   0.07823688388477408
222.659   135.815   0.07550602624956462
223.353   137.055   0.07433195813376864
224.772   137.069   0.07197916365170062
225.466   138.309   0.07073358466810181
226.886   138.321   0.06806181014343071
227.581   139.56   0.06636535240621083
229.001   139.571   0.06435378776731031
229.696   140.81   0.06228169875653601
231.116   140.82   0.061317941909366666
231.811   142.059   0.059858499814143026
189.511   121.807   0.08712060605849625
190.932   121.828   0.08628586210959832
191.63   123.065   0.090467065830605
193.051   123.087   0.09002244164651205
193.748   124.325   0.09351689686894893
195.168   124.347   0.09288428284700094
195.864   125.586   0.09579144011861906
197.284   125.609   0.095873666874689
197.978   126.849   0.09769360265648581
199.398   126.872   0.09761741647881494
200.091   128.113   0.0990936930384664
201.51   128.136   0.09960828278811228
202.202   129.379   0.10102474944289047
203.621   129.402   0.1020314167303452
204.311   130.645   0.10210783515480931
205.73   130.668   0.10328354176731448
206.42   131.911   0.10336058242868688
207.839   131.934   0.1045410923991118
208.529   133.177   0.1043659427207764
209.948   133.198   0.10503527978731864
210.637   134.442   0.10421732101720449
212.057   134.462   0.10485056032276617
212.746   135.704   0.10343717900253686
214.166   135.723   0.10303499405541908
214.856   136.965   0.10202161535674406
216.275   136.982   0.10008941002922214
216.966   138.224   0.09942459454280234
218.386   138.239   0.09630415359682822
219.077   139.48   0.09530797448271836
220.496   139.494   0.09137286249210054
221.188   140.735   0.09027380572458958
222.608   140.747   0.08660854461310802
223.3   141.988   0.08480471684996306
224.72   141.999   0.08092589202474172
225.412   143.239   0.07909646009779273
226.832   143.249   0.0746450936096856
227.525   144.488   0.07256280038697481
228.945   144.497   0.06871681017044197
229.639   145.736   0.06725801067530074
231.059   145.744   0.06459264664031482
231.753   146.982   0.06324563226025229
233.173   146.989   0.0627248754482651
233.868   148.227   0.062303210190158706
235.288   148.233   0.06458087952328159
235.983   149.472   0.06471908528402394
184.53   122.975   0.09349593574054167
185.232   124.21   0.10085777114333414
186.652   124.233   0.0992824254336931
187.353   125.469   0.10602358228244363
188.773   125.492   0.10381469067526714
189.472   126.729   0.10981784918673908
190.892   126.752   0.10785735950782628
191.59   127.99   0.11243647095137221
193.01   128.014   0.11189392298064665
193.706   129.253   0.11512497557000653
195.126   129.277   0.11511055555421708
195.82   130.517   0.11710320234733454
197.24   130.541   0.11781124734082242
197.933   131.783   0.11963030552497485
199.352   131.807   0.1201441217871162
200.043   133.05   0.12096511893931762
201.462   133.074   0.12199999999998777
202.152   134.317   0.12223751469985887
203.571   134.341   0.12389511693364828
204.26   135.585   0.12334601736577368
205.679   135.608   0.124796834895765
206.368   136.852   0.12456488269169873
207.787   136.874   0.12511978260851483
208.476   138.118   0.12477503756762358
209.895   138.138   0.12367299624413308
210.584   139.381   0.12318786466207243
212.003   139.4   0.12159461336751949
212.692   140.643   0.12070774623030117
214.111   140.66   0.11832649745514047
214.8   141.902   0.11685157251830003
216.22   141.917   0.11435715981083903
216.91   143.159   0.11255758526193206
218.329   143.173   0.10907451581373456
219.019   144.414   0.10662312131988658
220.439   144.426   0.10225634454641704
221.129   145.667   0.10067770358923517
222.549   145.678   0.09507491782799686
223.24   146.918   0.09328885249590074
224.66   146.927   0.08677701308525056
225.352   148.167   0.08553999064764718
226.771   148.175   0.07888371188021463
227.464   149.415   0.07826978982979219
228.883   149.421   0.07180675455694095
229.576   150.66   0.07103069758913437
230.996   150.666   0.06708025044676193
231.689   151.905   0.06636083182118682
233.109   151.909   0.06494120417731719
233.802   153.148   0.06493104034281372
235.221   153.152   0.06631168826081775
235.914   154.391   0.06653390113317961
237.334   154.395   0.07152174494515026
238.027   155.633   0.07216654349488524
239.447   155.637   0.07983733462485758
240.139   156.876   0.07984209416090432
188.73   130.413   0.12565130321648055
189.428   131.651   0.13062526554996082
190.848   131.676   0.1299509522858684
191.543   132.915   0.132619757200799
192.963   132.941   0.13270629223966374
193.657   134.181   0.13496206874527947
195.076   134.207   0.13492679496674118
195.768   135.448   0.1360073527424227
197.188   135.474   0.13771477771101415
197.878   136.716   0.13741237207762244
199.297   136.742   0.13903006869018136
199.986   137.985   0.1387129770425227
201.406   138.011   0.140445149435649
202.094   139.254   0.13933588913124614
203.513   139.279   0.14086834278857396
204.2   140.523   0.1394912542061213
205.62   140.546   0.14074004405285706
206.307   141.79   0.13937822642004985
207.727   141.811   0.13951791999596352
208.414   143.055   0.13823707896219015
209.834   143.074   0.1371559696112373
210.521   144.318   0.13603400310217562
211.941   144.335   0.13440401779710842
212.629   145.578   0.13257922159976418
214.048   145.594   0.12983839955883722
214.737   146.836   0.1287099452256905
216.156   146.85   0.1238807491097722
216.845   148.092   0.12296519832862762
218.265   148.104   0.11710183602319268
218.954   149.346   0.11647098351092855
220.373   149.356   0.10859115986118589
221.063   150.597   0.10818156035110765
222.483   150.605   0.09953516966377483
223.173   151.846   0.0991526600752725
224.593   151.853   0.09136963390537806
225.283   153.093   0.08994309312002811
226.703   153.099   0.08240485422594736
227.394   154.339   0.08236315924003601
228.814   154.343   0.0744918787519713
229.505   155.583   0.07478876921034448
230.925   155.587   0.06924767144099818
231.616   156.826   0.06925525250838967
233.036   156.829   0.06670082458260936
233.727   158.068   0.06687308875773873
235.147   158.071   0.06794115100584845
235.838   159.31   0.06797470117624624
237.257   159.313   0.07242761904135532
237.948   160.552   0.07235613311945362
239.368   160.555   0.07930756584336103
240.058   161.794   0.07946672259505408
241.478   161.797   0.08849570611052723
192.905   137.867   0.14647812123316473
193.596   139.109   0.14713177766887411
195.015   139.135   0.14761964638893568
195.704   140.378   0.1474578244787343
197.124   140.405   0.1493419231160562
197.812   141.648   0.14851010066659026
199.231   141.675   0.15007761325394614
199.919   142.919   0.1496334187272361
201.338   142.944   0.15065327742866907
202.025   144.188   0.14945638159676505
203.444   144.213   0.1506714637879282
204.131   145.457   0.14953113388187772
205.55   145.48   0.1503602673580962
206.237   146.723   0.14810607685036248
207.657   146.744   0.1484250989556779
208.344   147.988   0.14766939425622805
209.763   148.007   0.1456622463097453
210.45   149.25   0.14464857413745333
211.87   149.267   0.14130619236254
212.557   150.51   0.14107264086276228
213.977   150.524   0.13559723448508582
214.664   151.767   0.13553630509940343
216.084   151.779   0.1289569307947417
216.772   153.021   0.12889689678187358
218.192   153.032   0.12250861194218844
218.88   154.273   0.12130956268982691
220.3   154.282   0.11359669889569793
220.989   155.523   0.11317336259032394
222.408   155.53   0.10403792577709944
223.098   156.771   0.10503066218966094
224.517   156.776   0.09431309559123316
225.207   158.017   0.09563602877575923
226.627   158.021   0.08552286244038872
227.317   159.261   0.08630967500808145
228.736   159.264   0.07714039149499415
229.427   160.504   0.07808898769992675
230.846   160.506   0.07090303237520715
231.537   161.746   0.07151426431139496
232.956   161.748   0.06778119208157661
197.048   145.333   0.15361523361959906
197.735   146.577   0.15264891090342628
199.154   146.604   0.15452666436574528
199.84   147.848   0.1526733768539907
201.26   147.874   0.1549704487958848
201.946   149.118   0.15373161678716485
203.366   149.142   0.15412021282102575
204.052   150.386   0.15314963271259038
205.471   150.408   0.15249422939900964
206.158   151.652   0.15239146957752078
207.577   151.673   0.15121507861321576
208.264   152.916   0.150950455448132
209.683   152.934   0.14776481313220985
210.37   154.177   0.14799324308900244
211.789   154.194   0.1442309259486265
212.476   155.436   0.14431385934830124
213.896   155.45   0.1394535406506301
214.583   156.692   0.13924586169793485
216.003   156.704   0.1329482982215229
216.69   157.946   0.13415051248503226
218.11   157.955   0.12491100832194398
218.798   159.197   0.12668370060904383
220.218   159.205   0.11693587986585531
220.907   160.446   0.11843377896528955
222.326   160.451   0.10673406204205556
223.015   161.692   0.10848502200764325
224.435   161.697   0.09759610647972433
201.173   152.799   0.15287576655573146
201.858   154.043   0.15230351276317786
203.278   154.067   0.15304342520997108
203.964   155.31   0.15266712154226283
205.383   155.333   0.15262506347254237
206.069   156.576   0.15281887972366057
207.489   156.596   0.15176827731775472
208.175   157.84   0.15257263843822796
209.595   157.858   0.150120751397008
210.281   159.1   0.15077231178170164
211.701   159.116   0.1461641542923636
212.388   160.359   0.14828152278689422
213.807   160.372   0.1413267490604877
214.495   161.614   0.1431929118357584
215.915   161.625   0.1350148140020225
205.289   160.253   0.15186915420847896
205.975   161.497   0.15413503819704302
207.395   161.517   0.15219066988484828
219.232   122.2   0.07064000283126047
210.748   122.086   0.06739999999999924
212.167   122.108   0.06734864512371454
212.858   123.351   0.06726484966161594
214.277   123.372   0.06702238432046391
214.968   124.615   0.06690321367468188
216.388   124.635   0.06625111319819316
217.08   125.877   0.06577453914699811
218.499   125.897   0.06557103018864549
219.192   127.138   0.06479205198170562
220.612   127.157   0.06460719774142894
221.306   128.398   0.0637338214765065
222.725   128.416   0.06421752097364083
223.42   129.656   0.06255309744528946
225.536   130.912   0.06071910737157182
202.265   121.971   0.07176099218934141
203.684   121.992   0.07134816045281152
204.377   123.234   0.07270962797318944
205.796   123.256   0.07333546209031121
206.487   124.499   0.07374069432816846
207.906   124.521   0.07464187832577765
208.597   125.764   0.07511324783285989
210.016   125.786   0.07567853064111903
210.706   127.029   0.07566300284815239
212.125   127.05   0.07576938695805312
212.816   128.293   0.07576173176479041
214.235   128.313   0.07540265247323427
214.927   129.556   0.07567800208780215
216.346   129.575   0.07496692604075504
217.038   130.817   0.07479899731948837
218.457   130.835   0.0743061908591782
219.15   132.076   0.07325598951621178
220.57   132.093   0.0728127049353229
221.263   133.333   0.07170948333379104
222.683   133.349   0.07034209266150443
223.377   134.589   0.06938299503481164
224.796   134.603   0.06739591975780652
225.491   135.843   0.06626167821598823
226.911   135.857   0.06489992295834923
227.606   137.096   0.06316494280848524
229.026   137.108   0.06177993201680323
229.722   138.347   0.06016718374662742
193.767   121.861   0.08214748931038693
195.187   121.882   0.08106324691252001
195.884   123.121   0.0846300773956781
197.304   123.142   0.08418723181099626
197.999   124.382   0.08646386528486404
199.418   124.404   0.0860732827304848
200.112   125.645   0.08794594930977992
201.531   125.667   0.08822108591488477
202.224   126.909   0.0899211321102973
203.643   126.932   0.09076348384675424
204.334   128.175   0.09147546119042968
205.753   128.197   0.09228347631076118
206.444   129.441   0.09330080385505932
207.863   129.463   0.09411184835077333
208.553   130.706   0.09400872299951324
209.972   130.728   0.09464333045703589
210.662   131.971   0.09437738076467145
212.081   131.992   0.09506334730061766
212.771   133.234   0.09369332953844821
214.19   133.253   0.09301204223109609
214.881   134.496   0.0931337210681519
216.3   134.513   0.0912274081622455
216.992   135.755   0.09108435650537683
218.411   135.771   0.08876170345366793
219.103   137.012   0.08787155398649792
220.522   137.027   0.0851401198025828
221.215   138.268   0.0844334649294957
222.634   138.281   0.08079702964836519
223.327   139.522   0.07988372800513334
224.747   139.534   0.07688101196003864
225.44   140.774   0.07468895500675218
226.86   140.785   0.07174789195510389
227.554   142.024   0.06939747834035226
228.974   142.034   0.0668697240909449
229.668   143.273   0.06510184329187847
231.088   143.282   0.0631582140342778
231.783   144.521   0.062008789699524794
233.203   144.529   0.06167852138305349
233.899   145.767   0.06125650985813914
187.372   123.009   0.09385648619035557
188.793   123.031   0.0930120959875706
189.492   124.268   0.09800249996811553
190.912   124.29   0.09661904574151234
191.611   125.528   0.10179607065108036
193.031   125.55   0.1008922197198553
193.728   126.789   0.1046405275216162
195.148   126.812   0.10436670925154878
195.843   128.052   0.10687604970243847
197.263   128.075   0.10715428129572291
197.956   129.316   0.10857831275166067
199.376   129.34   0.10967994347191334
200.068   130.581   0.11054863183232809
201.487   130.605   0.11150466357959377
202.178   131.848   0.11229140661688697
203.597   131.872   0.11293112945508865
204.287   133.115   0.11372726146357123
205.706   133.138   0.11459602959962216
206.395   134.382   0.11400947329060591
207.814   134.404   0.11514551663002631
208.503   135.648   0.11432689972180085
209.922   135.669   0.11497499728203293
210.611   136.912   0.11415235433402016
212.031   136.931   0.11358208485497578
212.72   138.174   0.11268988419551751
214.139   138.192   0.11116366312784423
214.829   139.434   0.11009673019667497
216.249   139.45   0.10779257859425595
216.939   140.692   0.10665125409483879
218.358   140.706   0.10271713586348734
219.049   141.948   0.10197038785844202
220.469   141.96   0.09782617236710674
221.16   143.201   0.09570626938712393
222.579   143.213   0.09142209798512693
223.271   144.453   0.08971599634402068
224.691   144.463   0.08384754021436822
225.383   145.703   0.08257747876994252
226.802   145.712   0.07652450587882234
227.495   146.952   0.07544295858461329
228.915   146.959   0.07014620445897478
229.608   148.198   0.06881315281253626
231.028   148.205   0.06555882854352796
231.722   149.444   0.06495760155670748
233.142   149.449   0.06397194697677436
233.836   150.688   0.06367330680905678
235.256   150.693   0.06566582063753262
235.95   151.931   0.06606088101137292
237.37   151.936   0.07087488977063724
238.064   153.174   0.07152908499343863
186.632   126.692   0.11035528985962328
187.332   127.928   0.11654252442776489
188.752   127.952   0.11522417281109718
189.451   129.19   0.12073259708960389
190.871   129.214   0.11983492813032644
191.568   130.453   0.1239476099003266
192.988   130.477   0.12357006109895007
193.683   131.717   0.12631009460846473
195.102   131.742   0.12507121971102025
195.796   132.983   0.12747584084836158
197.215   133.008   0.12777073217291132
197.907   134.25   0.12908481707776062
199.326   134.275   0.13033633415129547
200.016   135.518   0.13030199537996828
201.435   135.543   0.1320553293131366
202.124   136.786   0.1312602376959612
203.543   136.81   0.1328864552917246
204.232   138.054   0.13278648274579555
205.651   138.077   0.13360074850090195
206.339   139.321   0.13270301428377826
207.758   139.343   0.13309489096130744
208.446   140.587   0.1322223884219208
209.865   140.607   0.13143899725728783
210.554   141.85   0.13054596891515444
211.973   141.868   0.12859863918410439
212.661   143.111   0.12726668849309458
214.081   143.127   0.12520419322052104
214.77   144.37   0.12377334123308924
216.189   144.384   0.11954785652614437
216.878   145.626   0.11828338852095222
218.298   145.639   0.11344782941952239
218.988   146.88   0.11199147288968507
220.407   146.891   0.10549407566305047
221.097   148.133   0.10505636582331473
222.517   148.142   0.09771596594210769
223.208   149.383   0.09705776630439945
224.627   149.39   0.08853750617674674
225.319   150.631   0.088517568877605
226.738   150.637   0.08089845486782102
227.43   151.877   0.07985117406777335
228.85   151.882   0.07351360418316906
229.542   153.122   0.07288182215066129
230.961   153.126   0.0678943296601397
231.653   154.366   0.06808847185830776
233.073   154.369   0.06580463509511224
233.765   155.608   0.06591881370291403
235.185   155.611   0.06752777206454078
235.877   156.851   0.06761686180236473
237.297   156.853   0.07253061422599362
237.988   158.093   0.07220803279415271
239.408   158.096   0.079886732315187
240.099   159.335   0.07976020310906234
241.519   159.338   0.08901129141856216
242.21   160.578   0.08876936408469094
190.822   134.138   0.13819493478415937
191.516   135.378   0.14048377130472142
192.936   135.404   0.1407586942252728
193.628   136.645   0.14184939196202256
195.048   136.671   0.1430330031845827
195.738   137.913   0.1428259080139143
197.157   137.94   0.14418144818250161
197.846   139.183   0.14393140727442855
199.266   139.209   0.1459542394039923
199.954   140.452   0.14502651481712783
201.373   140.478   0.14663819420600058
202.06   141.722   0.14538789495692034
203.48   141.746   0.14684090029688232
204.167   142.99   0.14554178094280157
205.586   143.013   0.14534266407357482
206.273   144.257   0.14464439152624825
207.693   144.278   0.14466613287151753
208.38   145.522   0.14294558405210817
209.8   145.541   0.14233133878385015
210.487   146.784   0.14012355262410298
211.906   146.802   0.13849220194653247
212.594   148.045   0.13779785919961554
214.014   148.06   0.13373948556802123
214.702   149.302   0.13263317835291502
216.121   149.315   0.1267552365782228
216.81   150.557   0.1263449247100927
218.229   150.568   0.1191216185249527
218.918   151.81   0.11912111483695806
220.338   151.819   0.11086460210543535
221.027   153.061   0.11125358421191388
222.447   153.068   0.10259673484083234
223.137   154.309   0.10216183240329899
224.556   154.315   0.09310257783757037
225.246   155.555   0.09311090161738256
226.666   155.56   0.08371194657872348
227.356   156.8   0.08424019230747364
228.776   156.804   0.07585407042474361
229.467   158.044   0.07659268894615193
230.886   158.047   0.07003748996073486
231.577   159.286   0.07047162549565517
232.996   159.289   0.06718787092920886
233.687   160.528   0.06754435579676182
235.107   160.53   0.06803888594032156
235.797   161.77   0.0680018382104455
237.217   161.772   0.07195026059716596
194.98   141.599   0.15202660951293398
195.668   142.843   0.15160131925546555
197.088   142.869   0.15236718806881336
197.775   144.113   0.15130446126932623
199.194   144.14   0.1528265683708029
199.881   145.384   0.15178945944959252
201.3   145.409   0.15314698821720027
201.987   146.654   0.15215206209577914
203.406   146.678   0.1532404646299452
204.092   147.922   0.15124513215306548
205.512   147.945   0.15244290734565918
206.198   149.188   0.15074883084123522
207.618   149.209   0.15014273209183795
208.305   150.453   0.14997653149743106
209.724   150.471   0.1469816655232838
210.411   151.714   0.14655906659091036
211.831   151.731   0.14332916660608208
212.518   152.974   0.14339599018103819
213.937   152.988   0.13770751613474427
214.625   154.23   0.1378038098167022
216.044   154.242   0.13149524706239218
216.732   155.484   0.1313782706538624
218.152   155.494   0.1237121255172565
218.84   156.736   0.12493074081266138
220.26   156.744   0.11530086729943119
220.948   157.985   0.1161974182157415
222.368   157.991   0.10550644530075769
223.057   159.232   0.10690318049524487
224.477   159.237   0.09616345459683565
225.166   160.477   0.09706183596039317
226.586   160.481   0.08672808080431653
227.276   161.721   0.08779271040354576
228.695   161.724   0.07889866919029319
199.112   149.067   0.15393946862321678
199.798   150.311   0.1527940116627637
201.217   150.337   0.15406625198271057
201.903   151.581   0.1532860398079157
203.323   151.605   0.15403558030533693
204.009   152.849   0.1536665545914155
205.428   152.871   0.15292315063456516
206.114   154.115   0.15311071157825693
207.534   154.135   0.15111667677657095
208.22   155.378   0.15150990066659176
209.64   155.397   0.14970333997609778
210.326   156.639   0.14893770509848353
211.746   156.655   0.14524475894159086
212.433   157.898   0.14599058188800185
213.852   157.912   0.14078242077759684
214.54   159.154   0.1422174743130962
215.959   159.165   0.13407177182390406
216.647   160.407   0.1359581185512791
218.067   160.416   0.12653315770974757
218.755   161.657   0.12796018912146723
220.175   161.665   0.11814740792754251
203.232   156.528   0.15266712154225623
203.917   157.771   0.15213533448872385
205.337   157.793   0.1523187447427207
206.023   159.037   0.15325142739956224
207.442   159.057   0.1519513408956914
208.129   160.3   0.15354803808581552
209.548   160.318   0.1501366044640744
210.235   161.561   0.15223669071547719
211.655   161.576   0.14674198444888045
214.989   122.144   0.06813229777425106
216.408   122.165   0.06773211941169917
217.1   123.407   0.06698328149620456
218.519   123.428   0.0668622464474527
219.212   124.669   0.06582621058514782
220.632   124.689   0.06556401452016121
221.326   125.93   0.06446898479113977
182.498   1.12604   0.1451255900935469
183.918   1.15497   0.1454713566307809
184.602   2.39952   0.14549144304735004
186.022   2.42922   0.145539564723823
186.706   3.67367   0.14547685760972953
188.126   3.70364   0.14539700684677068
188.811   4.94769   0.1449897596383917
190.23   4.97739   0.1452496182439077
190.916   6.22089   0.14508800398378788
173.981   0.963487   0.149387727504638
175.4   0.988139   0.1486252546541128
176.085   2.23201   0.1477142511743524
177.505   2.25778   0.14680300950593786
178.19   3.50197   0.1463551779063523
179.609   3.52887   0.14573833538228306
180.294   4.77329   0.14565837463050055
181.713   4.8013   0.14523838197941968
182.398   6.04576   0.14537224666352486
183.817   6.0747   0.14506588985698468
184.502   7.31893   0.1454938448869915
185.922   7.34842   0.14499495198109594
186.607   8.5922   0.14574754749222524
188.027   8.6218   0.1456676298976611
188.714   9.86499   0.14606792940272376
190.134   9.89433   0.1469439624482874
190.821   11.1369   0.14750827095454486
192.241   11.1658   0.14901426106247662
192.93   12.4077   0.14954196735364889
194.35   12.4361   0.15090596409685006
195.04   13.6774   0.15108729264899476
165.462   0.826226   0.15028076803436968
166.881   0.844159   0.15344126550898818
167.568   2.08711   0.15186455840649551
168.987   2.10718   0.1535595636878405
169.673   3.35049   0.15233015985024256
171.093   3.37246   0.15261499402090292
171.779   4.61606   0.15170290340003267
173.198   4.63966   0.1512196577829737
173.884   5.88355   0.15067595063579475
175.303   5.90856   0.14971489705437088
175.988   7.15268   0.14988262774584482
177.408   7.17892   0.14830037086940276
178.093   8.4232   0.148871739762794
179.512   8.4505   0.1476188094383581
180.197   9.69477   0.14868578983884134
181.617   9.7229   0.14766097690317878
182.303   10.967   0.14860568629765872
183.722   10.9956   0.14798790491117558
184.408   12.2393   0.14939882864333418
185.828   12.2681   0.14878736505496828
186.515   13.5112   0.1500362956087674
187.935   13.54   0.1500557563041194
188.623   14.7825   0.1511444673152202
190.043   14.8111   0.15181123146854503
190.733   16.0527   0.1518263811068416
192.153   16.081   0.1530285267523661
192.844   17.3218   0.15244336653328905
194.264   17.3498   0.15393251768225186
194.956   18.5895   0.15269043846948982
196.377   18.6172   0.15363118173078566
197.071   19.8557   0.15079870689099958
198.492   19.8829   0.15171189801726997
199.188   21.1203   0.14729758993276368
156.942   0.728084   0.12720991537219054
158.362   0.737223   0.13627055544394015
159.05   1.97882   0.13467918510296797
160.469   1.99003   0.14244384858603104
161.157   3.23211   0.1408708944388427
162.576   3.24558   0.14705553406791808
163.263   4.4881   0.14577995781313582
164.683   4.50393   0.15019783653568264
165.369   5.74682   0.14928484886283785
166.789   5.76496   0.152082004523876
167.475   7.00818   0.15152814920007773
168.895   7.02851   0.1528234275233966
169.581   8.27202   0.15267187036255092
171.0   8.29435   0.1533180097053193
171.686   9.53811   0.15327678754461774
173.106   9.56217   0.15265008876512995
173.791   10.8062   0.1536894596255713
175.211   10.8317   0.1521216618368229
175.896   12.0758   0.15359915364350984
177.316   12.1024   0.1516252287714618
178.002   13.3465   0.15283415848559403
179.421   13.3739   0.15144279448029296
180.107   14.6179   0.15302957230549394
181.527   14.6457   0.15139174350010728
182.214   15.8893   0.15252088381594753
183.634   15.9174   0.15141918636686572
184.321   17.1604   0.15289172639485404
185.741   17.1884   0.15247704745304716
186.43   18.4306   0.15289306720710924
187.85   18.4586   0.153140654301867
188.54   19.6999   0.15308494374040155
189.96   19.7277   0.1539944804205508
190.653   20.9678   0.15189746541665228
192.073   20.9955   0.15408520370235917
192.767   22.2345   0.15059169963846974
194.188   22.2619   0.15222368409680284
194.884   23.4996   0.1479489776916378
196.305   23.5267   0.14903328487287598
197.003   24.7632   0.14316078373633614
198.424   24.79   0.14424340539518887
199.124   26.0252   0.13674169078960854
200.546   26.0514   0.1369854006819663
201.248   27.2855   0.12792267195459248
202.669   27.3111   0.1287166267426099
203.372   28.5442   0.11896764265966982
151.95   1.91192   0.1077183828322724
152.639   3.1526   0.1065306101550159
154.059   3.1587   0.11695325946718998
154.748   4.39978   0.11573711591360838
156.167   4.40757   0.12543783958598856
156.856   5.64907   0.1242952633852141
158.275   5.65878   0.1327746301068091
158.963   6.9007   0.13196564287722767
160.382   6.91252   0.1389976201235122
161.07   8.15485   0.1384099667654038
162.489   8.1689   0.14416484488251127
163.176   9.41161   0.14415811631677972
164.596   9.42792   0.14773397171943647
165.283   10.671   0.1479553986848841
166.702   10.6896   0.15028186850049466
167.389   11.9329   0.1509317726656561
168.808   11.9537   0.15187112958031718
169.495   13.1973   0.15264393207723065
170.914   13.22   0.15257158975380328
171.601   14.4639   0.15348576481224357
173.02   14.4882   0.1526896525636242
173.706   15.7323   0.15415787362312142
175.126   15.758   0.15230643453248247
175.812   17.002   0.1538863541708595
177.232   17.0286   0.1518809072925186
177.918   18.2725   0.15358336498462544
179.338   18.2996   0.15163287902035177
180.025   19.5431   0.15292707412356943
181.445   19.5704   0.15144850610026506
182.134   20.8132   0.1516087068739821
183.553   20.8405   0.15223304503294652
184.243   22.0824   0.15208260913069918
185.663   22.1096   0.15195821794162376
186.355   23.3504   0.1506548704821828
187.775   23.3775   0.15124946280895152
188.469   24.6171   0.1486350227907384
189.889   24.644   0.14975446570969544
190.585   25.8824   0.145730195910117
192.006   25.9091   0.14643309052259976
192.704   27.1462   0.14090081617930916
194.124   27.1727   0.14269957953687887
194.824   28.4086   0.1355352721618832
196.245   28.4347   0.13660252559890973
196.947   29.6695   0.12786496783716275
198.368   29.6952   0.12890093095087965
199.071   30.9289   0.11942880724515535
200.493   30.9542   0.1195915130768027
201.197   32.187   0.1095648209965233
202.619   32.2118   0.10959197050878632
203.325   33.4437   0.09858929962223491
204.746   33.4681   0.09967552357524365
205.453   34.6994   0.08891012315815765
206.875   34.7233   0.08859260691502936
207.582   35.9541   0.07931557224152114
156.087   9.33214   0.12080671545903904
156.776   10.5738   0.12090293627533973
158.195   10.5846   0.12812259753845703
158.884   11.8266   0.12840529584094826
160.303   11.8394   0.13429404305478168
160.991   13.0819   0.1349223850960228
162.411   13.0967   0.1389708242761737
163.098   14.3396   0.14011227640717155
164.518   14.3566   0.14265286537605726
165.205   15.5998   0.14390305764644595
166.625   15.6189   0.14501565432738805
167.312   16.8625   0.1462718359767071
168.731   16.8836   0.1468044277261457
169.418   18.1274   0.14813473596694846
170.837   18.1503   0.14762293182295025
171.524   19.3944   0.1489106107703516
172.944   19.4188   0.14781339587466538
173.631   20.6628   0.1484878782931476
175.05   20.6883   0.14763177164823554
175.738   21.9322   0.14826007554295498
177.157   21.9583   0.14685148960769068
177.846   23.2016   0.14696863610987473
179.265   23.2281   0.14590668250633315
179.955   24.4706   0.14563849079139538
181.374   24.497   0.14526957699395646
182.066   25.7386   0.1439077482278094
183.486   25.7649   0.14349107986214843
184.179   27.0053   0.14178987975169421
185.599   27.0314   0.14205139914833598
186.294   28.2706   0.13912099050825766
187.714   28.2965   0.14003328175829785
188.411   29.5345   0.1356361677429807
189.832   29.5602   0.13613188458256525
190.531   30.797   0.1302307567358634
191.952   30.8224   0.1309488449739087
192.652   32.0581   0.12432348933327464
194.073   32.0831   0.12595685769342102
194.776   33.3177   0.11612824807081629
196.197   33.3423   0.11772174820311276
196.9   34.576   0.10878092663697786
198.322   34.6001   0.10881493463673973
199.026   35.8329   0.09943540616902924
200.448   35.8567   0.09931958517834345
201.154   37.0887   0.08920655805489854
202.576   37.1122   0.0890822653506345
203.282   38.3436   0.08015934131464619
204.704   38.3668   0.07997687165674591
205.412   39.5977   0.07224569191307745
206.833   39.6208   0.07250275856821171
160.233   16.7707   0.12620907257403616
160.922   18.0133   0.12720141508647206
162.341   18.0292   0.13033054131706226
163.029   19.2721   0.13171529903546603
164.449   19.29   0.13356275678496204
165.137   20.5333   0.13443381271093285
166.556   20.5531   0.13563026948288473
167.244   21.7967   0.136855763488423
168.663   21.8183   0.13656957933595779
169.351   23.0622   0.1376503541586454
170.77   23.0854   0.13661324972343136
171.458   24.3293   0.13754780986988294
172.877   24.3536   0.1361029757205809
173.566   25.5973   0.13631144486066288
174.985   25.6223   0.13481283321700827
175.675   26.8655   0.13453092581259835
177.094   26.8908   0.13330761418614373
177.785   28.1332   0.13258959235173362
179.204   28.1585   0.1320675963285456
179.897   29.3998   0.13032244626310863
181.316   29.4249   0.1305191556822289
182.011   30.665   0.12761680923765795
183.431   30.6899   0.12777155395468362
184.127   31.9289   0.12437049489327795
185.547   31.9535   0.12597896649837972
186.245   33.1914   0.12122260515267633
187.665   33.2157   0.12244214960544356
188.365   34.4525   0.11609018046327599
189.785   34.4765   0.11757040443921937
190.487   35.7123   0.10974552382671338
191.907   35.7358   0.111278254838938
192.61   36.9707   0.10276546112384898
194.03   36.9938   0.10429132274547981
194.734   38.2277   0.09519716382329309
196.155   38.2503   0.09586187980630448
196.86   39.4835   0.08659445709743259
198.281   39.5056   0.08713105072245209
164.389   24.2273   0.11860172848656123
165.078   25.4706   0.11944258034720742
166.497   25.4912   0.11941088727582509
167.186   26.7348   0.12005869397923352
168.605   26.7569   0.11920104865310302
169.294   28.0007   0.11960856992707143
170.713   28.0239   0.11836118451586836
171.402   29.2674   0.11875024210503225
172.821   29.2913   0.11729590785700755
173.512   30.5343   0.11646475861822704
174.931   30.5584   0.11605602095539444
175.623   31.8006   0.11407190714632441
177.042   31.8246   0.11429825020533592
177.735   33.0658   0.11282043254657761
179.155   33.0895   0.1122554675728643
179.85   34.3296   0.10960770958286405
181.269   34.3529   0.11058263878203045
181.966   35.592   0.10667281753098949
183.386   35.615   0.10746669251447073
184.084   36.853   0.10300194172927699
185.504   36.8757   0.10424653471459527
186.204   38.1127   0.09829537120331096
187.624   38.135   0.09981482855769089
188.325   39.3712   0.0932352401187462
189.745   39.3931   0.09488877699707371
168.555   31.6979   0.09824571237463003
169.245   32.9413   0.09808042618178807
170.664   32.9642   0.09685891801998246
171.355   34.2071   0.09622348985564784
172.774   34.23   0.09519269929989686
173.466   35.4722   0.09410658850472516
174.885   35.4948   0.09370325501284509
175.579   36.7361   0.09158804507138646
176.998   36.7583   0.09190544053538353
177.693   37.9986   0.08939216967944325
179.113   38.0203   0.08964719739065148
179.809   39.2596   0.08676658342934179
181.229   39.2808   0.08765238159911654
181.927   40.5192   0.08345957105091142
183.347   40.54   0.0848248194810835
172.732   39.1685   0.07489946595270516
173.425   40.4099   0.07360135868310036
174.844   40.4308   0.07393409227143756
186.757   1.21454   0.14586857646525497
188.177   1.24455   0.14584126850792442
188.861   2.48896   0.14556624471353266
178.24   1.04218   0.1459188750641942
179.659   1.06897   0.14552894866657895
180.344   2.31326   0.14511451512512702
181.763   2.34116   0.145109503823836
182.447   3.58567   0.14511203981751236
183.867   3.61461   0.1452027551391538
184.551   4.85909   0.14513003961964654
185.971   4.88873   0.14519381563964287
186.656   6.13288   0.1452091350432187
188.076   6.16272   0.1450802705401383
188.761   7.40633   0.14546954629750308
190.181   7.43591   0.14568228581402004
190.868   8.67892   0.145936235733289
192.288   8.70796   0.1466271475545999
192.975   9.95038   0.1477199922149979
169.721   0.89069   0.15221209840219654
171.141   0.912597   0.15265096805785497
171.827   2.15604   0.1512373065747993
173.246   2.17949   0.1508472488976827
173.932   3.42324   0.14976661210029604
175.351   3.44801   0.14908658021431578
176.036   4.69206   0.1484812230553086
177.456   4.71803   0.14740834440424558
178.141   5.96233   0.14743951336056293
179.56   5.98943   0.1464923291507107
180.245   7.23383   0.1468786219978888
181.664   7.26193   0.1460841196023788
182.349   8.50622   0.14683651589438107
183.769   8.53506   0.1459637013096093
184.454   9.779   0.14706727848164958
185.874   9.80823   0.14649455314106058
186.561   11.0517   0.14711563479113854
187.98   11.0809   0.14761551408981471
188.668   12.3237   0.14824712476132718
190.088   12.3527   0.1487922713046624
190.776   13.5949   0.14991711043106637
192.196   13.6235   0.15097721682426304
192.886   14.8649   0.1510978490912386
194.306   14.8931   0.15250337701178582
194.997   16.1337   0.1520742252980303
196.417   16.1615   0.15427420393571023
197.11   17.4011   0.15169037543627054
161.202   0.772057   0.14191103845719652
162.622   0.785403   0.14818010895191014
163.309   2.02772   0.14652808058525915
164.728   2.0434   0.1512506955355902
165.415   3.28616   0.1497582799046507
166.835   3.30416   0.15285415401617278
167.521   4.54728   0.15175071037725216
168.94   4.56745   0.15333840647404967
169.626   5.81088   0.152673788189066
171.046   5.833   0.15287559942646112
171.732   7.0767   0.15254960635806514
173.151   7.10053   0.15199240145480397
173.837   8.34448   0.1520786063192392
175.256   8.36976   0.1509829460568309
175.942   9.61389   0.15143986397246118
177.361   9.64037   0.1500308155013538
178.046   10.8846   0.1512535949985969
179.466   10.912   0.14941994512112372
180.152   12.1561   0.1505280704719263
181.571   12.1841   0.14942640328938495
182.257   13.428   0.15089946984664615
183.677   13.4564   0.14968142837372594
184.364   14.6997   0.1509015573146936
185.784   14.7282   0.15096496282250624
186.472   15.9709   0.15127078369599226
187.892   15.9993   0.15208484474135084
188.581   17.2412   0.15265136750124428
190.001   17.2694   0.1534169808072099
190.691   18.5104   0.15349973941345155
192.112   18.5384   0.1540780321785135
192.804   19.7783   0.15275712749328207
194.224   19.806   0.15431918221661683
194.919   21.0448   0.15085589149913095
196.339   21.0722   0.15258328873109805
197.036   22.3097   0.14748559251669574
198.457   22.3367   0.1485036699883201
199.155   23.573   0.1424691194610327
200.576   23.5994   0.14342722893509588
201.276   24.8345   0.13584439627750777
152.682   0.692595   0.10799133994909035
154.101   0.69846   0.11871410737144965
154.79   1.93935   0.11734085222121066
156.21   1.94681   0.1273201480520642
156.898   3.18816   0.1259024002948318
158.318   3.1975   0.13479758491901642
159.006   4.43931   0.13344761106891473
160.425   4.45076   0.14095271405687654
161.112   5.693   0.1399565750509763
162.532   5.70671   0.1456502059730758
163.219   6.94935   0.14491145020321775
164.638   6.96539   0.1492041634807821
165.325   8.20837   0.14876361282249245
166.744   8.22671   0.15148212963911237
167.431   9.47001   0.15137541940486393
168.85   9.49053   0.15274431871594774
169.537   10.7341   0.15294198246393892
170.956   10.7566   0.15305100457037138
171.642   12.0005   0.15397772566186727
173.062   12.0247   0.15282152989679743
173.748   13.2687   0.15396950996870581
175.167   13.2943   0.15270723623980512
175.853   14.5384   0.1540658949930079
177.273   14.5651   0.15262060804492344
177.959   15.8091   0.15353452380490182
179.379   15.8364   0.15220151116202632
180.065   17.0802   0.15393251768226401
181.485   17.1078   0.1524064631175295
182.172   18.351   0.15372081836889231
183.592   18.3787   0.15275752027313036
184.281   19.6212   0.1530623402408335
185.701   19.6489   0.1527542143444846
186.391   20.8905   0.15266568049171575
187.811   20.918   0.15307024531240174
188.503   22.1585   0.15170721802208742
189.923   22.1859   0.15273329695911445
190.617   23.4251   0.15006831777560833
192.038   23.4524   0.15073118456377926
192.734   24.6904   0.14661258472586036
194.154   24.7174   0.14833064417037256
194.853   25.9541   0.14183134350346877
196.273   25.9809   0.14372765913351088
196.974   27.2164   0.13559826695059132
198.395   27.2427   0.13747076052745755
199.097   28.4771   0.12778798848092354
200.518   28.5029   0.1295472886632543
201.221   29.7363   0.11987864697266942
202.643   29.7616   0.11994432041577177
203.348   30.994   0.10905127234469812
204.769   31.0187   0.10955350291068237
205.475   32.2504   0.09850187815468807
154.018   5.61988   0.1147781725764934
154.707   6.86104   0.11409523609687047
156.126   6.86934   0.1232472863798598
156.815   8.11091   0.12271222432993643
158.234   8.12112   0.13066088511868873
158.922   9.36311   0.13050851504787325
160.342   9.37539   0.13673324394600977
161.029   10.6178   0.1370665896562655
162.449   10.6322   0.1417245567994465
163.136   11.875   0.14234001545594888
164.556   11.8916   0.14542919239272278
165.243   13.1348   0.14614472279216986
166.662   13.1536   0.1481688563767719
167.349   14.3971   0.1490954392327327
168.769   14.418   0.14991164064207466
169.455   15.6617   0.15150990066658912
170.875   15.6846   0.1507227255592188
171.561   16.9285   0.15241289315539117
172.981   16.9529   0.1509542314743155
173.667   18.197   0.1526584750349551
175.087   18.2226   0.1506585875415113
175.774   19.4666   0.1517860665542089
177.193   19.493   0.1503483288899473
177.88   20.7367   0.15166608058495096
179.3   20.7635   0.14977276120842106
179.988   22.0066   0.15062994390226983
181.408   22.0335   0.1492456364521289
182.098   23.2757   0.14903026538256872
183.518   23.3026   0.1483369475215082
184.209   24.5437   0.1478135650067415
185.629   24.5705   0.14789810681682938
186.323   25.8104   0.14533623085794997
187.743   25.837   0.14605564008281968
188.439   27.0757   0.14217665068498386
189.859   27.1021   0.14423567519861702
190.557   28.3396   0.13889420434274155
191.977   28.3658   0.14044433060823971
192.677   29.6021   0.13351782652516075
194.097   29.6279   0.1352683628939035
194.799   30.8631   0.1267157843364464
196.22   30.8885   0.12767634863199911
196.923   32.1226   0.11844669687246283
198.344   32.1477   0.11935074360891679
199.048   33.3808   0.10944902923278114
200.469   33.4054   0.11022377239054143
201.175   34.6377   0.09927386362984938
202.596   34.662   0.09986335664296829
203.303   35.8936   0.08903847482970549
204.725   35.9174   0.08886090253873878
205.432   37.1485   0.07955532666013747
206.854   37.172   0.07932956573685677
207.561   38.4027   0.07224991349475812
208.983   38.426   0.07234638899074314
209.691   39.6564   0.06799124943696806
158.159   13.0491   0.12486032196018573
158.848   14.2912   0.12524667660260422
160.267   14.3045   0.13090790656030285
160.955   15.5471   0.13203893365215463
162.375   15.5624   0.1353721537096943
163.063   16.8053   0.1365379068244489
164.482   16.8227   0.13899902877357975
165.17   18.066   0.140077014531302
166.589   18.0854   0.1412228026913468
167.277   19.329   0.14229940266917254
168.696   19.3504   0.14240498586776953
169.383   20.5943   0.14389801944432842
170.803   20.6173   0.14254669410407403
171.49   21.8613   0.14397708150951058
172.909   21.8857   0.14260746824764237
173.597   23.1297   0.14342140704928538
175.016   23.155   0.1418684249577865
175.705   24.3985   0.14201707643800013
177.124   24.4243   0.14061155713526566
177.814   25.6672   0.14034977734218898
179.233   25.6931   0.14027861561905172
179.924   26.9351   0.13882856334342694
181.344   26.9609   0.13874310793693825
182.037   28.2017   0.1370775328053274
183.457   28.2274   0.13689032106033705
184.151   29.467   0.13486244844283243
185.571   29.4924   0.1353557165397975
186.268   30.7309   0.1311154071800826
187.688   30.7561   0.1321832061950578
188.387   31.9934   0.1264299806216855
189.807   32.0183   0.12781032822115648
190.508   33.2545   0.12048435583094935
191.928   33.2791   0.12207776210268102
192.63   34.5142   0.11401776177421796
194.051   34.5384   0.11479760450463015
194.754   35.7726   0.10606639430094518
196.175   35.7962   0.10684217332120416
196.88   37.0296   0.09685504633213038
198.301   37.0528   0.09754265733514875
199.006   38.2853   0.0881646187537786
200.428   38.3082   0.0886909803756948
201.134   39.5401   0.07912584912657125
202.555   39.5626   0.08016233529531504
162.31   20.4969   0.12412767620479082
162.998   21.7398   0.1256427077072189
164.418   21.7582   0.1264709057451482
165.106   23.0015   0.12785151543881548
166.526   23.0217   0.1276640121569021
167.214   24.2654   0.12881506123121506
168.633   24.2872   0.12825802119165255
169.321   25.5311   0.1292992652724607
170.74   25.5543   0.12873072671277572
171.429   26.7981   0.12911068894556546
172.848   26.8222   0.12757828968911594
173.538   28.0656   0.1272806741025428
174.957   28.0902   0.12594697296878124
175.647   29.3329   0.12594736996064199
177.067   29.3576   0.12425220319976958
177.759   30.5994   0.12315490246029391
179.178   30.6239   0.12300812981262609
179.872   31.8646   0.12083381149330598
181.292   31.8889   0.12057694638694288
181.987   33.1285   0.11805613071754764
183.407   33.1524   0.11852784482980759
184.105   34.3909   0.1137689324903798
185.525   34.4146   0.11477926642038011
186.224   35.652   0.10941942240754803
187.644   35.6753   0.11079733751314384
188.344   36.9117   0.10475041766027143
189.765   36.9347   0.10548364802186451
190.467   38.1702   0.09794130895592006
191.887   38.1927   0.10025607213530598
192.59   39.4274   0.09210016286629294
194.011   39.4493   0.09286409424530503
166.471   27.9614   0.1094983561520417
167.16   29.205   0.11007633714835875
168.579   29.2272   0.10909578360321646
169.268   30.4708   0.10954163591985792
170.687   30.4939   0.1082521593318109
171.378   31.7372   0.1074162929913417
172.797   31.7606   0.10612624557574131
173.488   33.0032   0.1055331701409574
174.907   33.0266   0.10472545058387861
175.6   34.2684   0.10303285883640148
177.019   34.2915   0.10293638812392011
177.713   35.5322   0.1009537022600098
179.133   35.5549   0.10077643573771584
179.829   36.7946   0.09759897540444103
181.249   36.8169   0.09896039611886161
181.946   38.0556   0.09452840842836072
183.366   38.0775   0.09637515239935932
184.065   39.3152   0.09136749969217874
185.485   39.3368   0.09284072382309573
186.185   40.5737   0.08714637112353098
170.641   35.4345   0.08610487791061606
171.333   36.6771   0.08494292201237363
172.752   36.6993   0.08495793076575046
173.445   37.9411   0.08349323325876078
174.864   37.9629   0.08341013127911444
175.558   39.2038   0.08161482708431374
176.978   39.225   0.08161004840091131
177.673   40.4649   0.07934916508696575
179.093   40.4855   0.07999037442093734
207.541   40.8514   0.06787967295148013
208.963   40.8744   0.0680448381583814
209.671   42.1048   0.06763342368976956
211.093   42.1279   0.06777447897254534
211.801   43.3583   0.07161075338242977
198.987   40.7381   0.0782061378665467
200.408   40.7598   0.07874471410831885
201.114   41.9917   0.07142415557777812
202.536   42.0132   0.07151643167832125
203.243   43.2446   0.06662401969259911
204.664   43.2661   0.06725778765318312
205.372   44.4971   0.06587093440964562
206.793   44.5187   0.06662251871552083
207.501   45.7496   0.06919667622075394
208.923   45.7714   0.0700606879783525
209.63   47.0022   0.0762695876480224
211.052   47.0245   0.0772756753448289
211.759   48.2555   0.08602098581159137
213.181   48.2784   0.0868481433307645
213.887   49.5096   0.09682995404316343
215.309   49.5332   0.09751969031943834
216.015   50.765   0.10846331176945824
190.447   40.6284   0.08764804618472123
191.868   40.6498   0.08855196214653832
192.571   41.8843   0.08099111062332869
193.992   41.9051   0.08176588530676841
194.696   43.1389   0.07423678333549019
196.117   43.1591   0.07558075151783397
196.821   44.3923   0.06879774705613916
198.243   44.412   0.06953078454900709
198.948   45.6447   0.06482746331609007
200.369   45.664   0.06577089021748399
201.075   46.8962   0.06371420563736244
202.496   46.9154   0.0649593719181477
203.202   48.1473   0.06643169424303284
204.624   48.1665   0.0679111920083834
205.33   49.3982   0.07281346029409852
206.752   49.4178   0.07465420282878003
207.458   50.6494   0.0822431760087097
208.879   50.6696   0.08365823330670762
209.585   51.9013   0.09301290233080373
211.007   51.9222   0.09463598681263166
211.712   53.1542   0.10471485090472919
213.134   53.1761   0.10604913955331546
213.838   54.4086   0.11609254928719782
215.26   54.4315   0.11708650648130871
215.963   55.6647   0.1267517652737021
217.384   55.6888   0.12607557257454527
218.086   56.9228   0.1358120024151117
219.507   56.9479   0.13467976833957973
220.208   58.1829   0.1429692624307693
184.046   41.7776   0.08001412375326243
185.466   41.798   0.0817422779227435
186.166   43.0347   0.07638128042916761
187.586   43.0547   0.0788693222996089
188.287   44.2907   0.07297300870869497
189.708   44.3101   0.0742008760056026
190.409   45.5454   0.06881060964706466
191.83   45.5642   0.07000292851015794
192.533   46.7989   0.06438012115553125
193.954   46.817   0.06566429775760427
194.657   48.0511   0.06158717398939497
196.078   48.0687   0.06305790989241554
196.782   49.3022   0.06096195534921535
198.203   49.3193   0.06282244821717846
198.907   50.5525   0.06347101700776492
200.328   50.5692   0.06578913284122023
201.033   51.8021   0.06935625422411153
202.454   51.8188   0.07193816789437743
203.158   53.0515   0.07767496379142572
204.58   53.0684   0.0808984548678268
205.284   54.3011   0.08834370379375653
206.706   54.3185   0.0914477993174215
207.409   55.5513   0.09957439429892927
208.831   55.5695   0.10203063265509309
209.534   56.8026   0.11077386875974168
210.956   56.8218   0.11331910695022922
211.658   58.0554   0.12182979931034826
213.079   58.0759   0.12337706431910249
213.78   59.3102   0.1313913619687402
215.202   59.3321   0.1328551843173548
215.901   60.5672   0.1396623428129472
217.323   60.5906   0.1406723142626252
218.021   61.8268   0.1465935196384762
219.442   61.8516   0.1464747418499254
220.138   63.0888   0.15095356902040838
221.558   63.1148   0.14986981016868664
222.253   64.3532   0.15343024473681738
223.673   64.3801   0.15199740129357162
224.366   65.6197   0.15390211174641247
175.539   41.6714   0.07172907360339295
176.958   41.6915   0.07321980606365457
177.654   42.9312   0.06999292821421708
179.074   42.9507   0.071395027838067
179.771   44.1896   0.06835971035633495
181.191   44.2085   0.06958627738282686
181.888   45.4467   0.06652916653617894
183.309   45.4651   0.06760214493638862
184.007   46.7026   0.06400234370707956
185.428   46.7205   0.06535939106203904
186.127   47.9574   0.06136489224303444
187.547   47.9746   0.0633454812910975
188.248   49.2109   0.05900347447396841
189.668   49.2274   0.061041952786580665
190.369   50.4631   0.05762785784670525
191.79   50.479   0.059644362684164065
192.491   51.7141   0.057593489215360456
193.912   51.7294   0.06012262469320403
194.614   52.964   0.05991869491235744
196.035   52.9787   0.06312186625884644
196.737   54.2129   0.06497430261265118
198.159   54.2272   0.06867197390492925
198.861   55.4612   0.07270570816655186
200.282   55.4753   0.07664202502544819
200.985   56.7092   0.08223338738006733
202.406   56.7234   0.08658025178989096
203.108   57.9572   0.09307104812990873
204.529   57.9718   0.09746204389401789
205.231   59.2058   0.10458871832084904
206.652   59.2211   0.10865141508511865
207.354   60.4554   0.11619660063875706
208.775   60.4717   0.11987059689515313
209.475   61.7065   0.1265701386583784
210.896   61.7242   0.1295190333503028
211.595   62.9597   0.13567273123218435
213.016   62.9789   0.1379728958889968
213.713   64.2153   0.14291710884284925
215.134   64.2362   0.14445954450987722
215.83   65.4736   0.14858613663461503
217.251   65.4963   0.14937797695778243
217.945   66.7348   0.1521006574607645
219.365   66.7591   0.15128466544895006
220.058   67.9986   0.15361269478788728
221.478   68.0242   0.15222434102337892
222.169   69.2647   0.15261782333660093
223.589   69.2914   0.151359968287517
224.278   70.5326   0.15066519173319273
225.699   70.56   0.1496889107449287
226.387   71.8019   0.14854622176278554
227.807   71.8299   0.14738222416560418
228.495   73.0723   0.1467543866465329
176.919   46.6241   0.06356665792692882
177.615   47.8637   0.06172365834912813
179.035   47.8808   0.06216405713915369
179.731   49.1198   0.06017474553332431
181.151   49.1362   0.060887108651993226
181.848   50.3746   0.05846092712230438
183.268   50.3903   0.05943105248941882
183.966   51.6281   0.05668377192812598
185.386   51.6431   0.058038263240730276
186.084   52.8804   0.05549324283189714
187.505   52.8946   0.05714052852398172
188.204   54.1314   0.05517037248378842
189.624   54.1449   0.05751773639495943
190.324   55.3811   0.05666153898368792
191.745   55.3939   0.059779260617709294
192.445   56.6297   0.060225326898242344
193.865   56.6419   0.06423682744345552
194.566   57.8773   0.06635811932235919
195.987   57.8891   0.0714476031788282
196.687   59.1243   0.07467697101517232
198.108   59.1358   0.08044401780119485
198.808   60.3708   0.08469710738861921
200.229   60.3824   0.09074337441379454
200.93   61.6175   0.09620109146990098
202.351   61.6293   0.1023597577175735
203.05   62.8646   0.10727991424306377
204.471   62.8771   0.11323237169644221
205.17   64.1126   0.1184642140057416
206.591   64.126   0.12409593063432972
207.289   65.3622   0.1287439707326101
208.71   65.3769   0.13358121125367906
209.407   66.6137   0.13772051408560615
210.827   66.63   0.14096684007241547
211.522   67.8677   0.14394780303984292
212.943   67.8858   0.1470755588124766
213.637   69.1245   0.14931148649718487
215.057   69.1446   0.15106899086178543
215.749   70.3843   0.15210539109446303
217.169   70.4063   0.1528639264182375
217.86   71.647   0.1531001306335192
219.28   71.6707   0.1530409422344261
219.969   72.9121   0.15223836572953928
221.389   72.9371   0.1514875902508221
222.077   74.1791   0.15024782860327693
223.497   74.2051   0.14913165324638317
224.184   75.4476   0.1478334535888265
225.604   75.4744   0.14681212483988415
226.291   76.7174   0.14601003390178158
227.711   76.745   0.14551041199859638
228.396   77.9885   0.14510616802878856
229.816   78.017   0.1451439974645881
230.501   79.261   0.14531242204298775
231.921   79.2904   0.14554057853395816
232.605   80.5348   0.1457505060025509
183.223   55.3154   0.05991727630658683
183.919   56.5538   0.05799870688213779
185.339   56.5657   0.05828927860250286
186.036   57.8035   0.05672609628733408
187.457   57.8147   0.058250836903859626
188.154   59.052   0.057320589668979266
189.575   59.0624   0.06038874067241146
190.273   60.2993   0.060590593329330096
191.693   60.3091   0.06481365596847846
192.391   61.5456   0.06611028664285157
193.812   61.555   0.07203061848963996
194.511   62.7912   0.07467295360436638
195.931   62.8003   0.08129772444539937
196.63   64.0365   0.08459060231491275
198.05   64.0456   0.0918313671900973
198.748   65.2818   0.09525549852894627
200.169   65.2911   0.10281974518545377
200.867   66.5275   0.10683679141568181
202.287   66.5374   0.11398320051656241
202.984   67.7742   0.11726798369548293
204.405   67.7849   0.12477151117142328
205.1   69.0222   0.12722271809704302
206.521   69.0341   0.1342693189079319
207.215   70.2722   0.13603400310217081
208.636   70.2856   0.14218667307450575
209.329   71.5245   0.14335511849948315
210.749   71.5398   0.1481277151649908
211.441   72.7797   0.14859155426873302
212.861   72.7971   0.1520519648015127
213.551   74.0378   0.15168750772557785
214.971   74.0573   0.15391569120788987
215.66   75.2988   0.1530968647621503
217.08   75.3203   0.1539792843209754
217.768   76.5625   0.1525870898863982
219.188   76.5855   0.15259977064202915
219.874   77.8283   0.15069455862770856
221.294   77.8526   0.1499279160129992
221.98   79.0957   0.14856369004572312
223.4   79.121   0.1476752518196622
224.086   80.3646   0.14647911113875556
225.505   80.3908   0.14600523963200931
187.402   62.7346   0.06128890601079132
188.098   63.9724   0.060838310298692376
189.519   63.9801   0.06450410839628842
190.215   65.2175   0.06494228206646695
191.635   65.2247   0.06988576392942313
192.332   66.4619   0.071860002783189
193.752   66.4688   0.07855125715097809
194.448   67.706   0.08022923407337525
195.869   67.7128   0.08889257561799013
196.565   68.9501   0.09089950494913548
197.985   68.9571   0.09980425842618934
198.681   70.1946   0.10195709882102778
200.101   70.202   0.1111456701810795
200.795   71.4399   0.11250822192178415
202.216   71.4481   0.12186771516689768
202.909   72.6866   0.12276196479365797
204.33   72.6959   0.13160870032031258
205.022   73.9351   0.13193710622868116
206.442   73.9458   0.13971735754729742
207.133   75.1857   0.13950372754877044
208.553   75.1983   0.1462439742348349
209.243   76.4391   0.1454876627071821
210.663   76.4538   0.15080401188297585
211.352   77.6953   0.14954938983492463
212.772   77.7122   0.15336495688390445
213.459   78.9543   0.15176969394447687
214.879   78.9734   0.15414194756781494
215.566   80.2161   0.15246209364954266
216.985   80.2372   0.15348159498780267
191.571   70.1409   0.07406956189960393
192.265   71.3791   0.07479558810517936
193.685   71.3839   0.08292683522239151
194.379   72.6222   0.0837914076740502
195.799   72.627   0.09344864900040624
196.492   73.8656   0.09397707167175634
197.912   73.8708   0.10420292702223141
198.605   75.1098   0.10457370606418104
200.025   75.1157   0.11504460004710584
200.716   76.3551   0.11473329943831845
202.136   76.3621   0.12470625485515655
202.827   77.6021   0.12420008051527343
204.247   77.6105   0.13361811254467093
204.936   78.8511   0.13247116667410913
206.356   78.8613   0.1408251753061279
207.044   80.1026   0.1393197042776138
208.464   80.1148   0.14648754213242626
195.721   77.5432   0.09439835803656926
196.412   78.7829   0.09385776472940566
197.832   78.7871   0.1047276467796413
198.522   80.0272   0.10370583397283416
199.942   80.0324   0.1145842048451686
203.262   40.7939   0.07243355575974643
204.684   40.8163   0.07243134680509408
205.392   42.0472   0.06750029629565013
206.813   42.0696   0.06790647980863194
207.521   43.3003   0.06689132978196721
208.943   43.3228   0.06726440366196679
209.651   44.5534   0.07059079260073892
211.073   44.5762   0.07119325810777302
211.781   45.8068   0.07821796468842976
213.202   45.83   0.07839413243348729
213.91   47.0608   0.08797840644158066
194.715   40.6832   0.08441942904331064
196.136   40.7046   0.08509406559802692
196.841   41.9378   0.07681510268169223
198.262   41.9587   0.07738946956790017
198.967   43.1912   0.07056954017137408
200.389   43.2118   0.07070714249634703
201.095   44.4438   0.06583866645065073
202.516   44.4642   0.06657507040927639
203.223   45.6958   0.06485522338254517
204.644   45.7161   0.06574693909224803
205.351   46.9475   0.06781983485677211
206.773   46.9681   0.06906286990850947
207.48   48.1993   0.07485051770027978
208.902   48.2203   0.076178737190891
209.608   49.4515   0.08425063797978136
211.03   49.4732   0.08512649411316729
211.736   50.7046   0.09535245146297722
213.158   50.7271   0.09584518767262071
213.864   51.9589   0.10667136447988117
215.285   51.9822   0.10690257246670999
215.99   53.2146   0.11770288866463664
217.412   53.2388   0.11819094719986448
218.115   54.472   0.1278503030892136
187.605   40.5948   0.08886647286800749
188.306   41.8309   0.08255646552511559
189.727   41.8515   0.08362344168951173
190.429   43.0868   0.0768948632874858
191.849   43.1069   0.07854501893819271
192.552   44.3415   0.07178356357829878
193.973   44.361   0.0727640020889409
194.677   45.5949   0.06654720129351875
196.098   45.6138   0.06762188994696808
196.802   46.8472   0.06316684256791805
198.223   46.8656   0.06442002794162736
198.928   48.0984   0.0623658560431916
200.349   48.1165   0.06391689917384731
201.054   49.349   0.06498538297186715
202.476   49.3669   0.06688198561645653
203.181   50.5992   0.07127411872482053
204.603   50.6173   0.07330034106332718
205.308   51.8494   0.07993603692953101
206.729   51.8679   0.08199884145523427
207.434   53.1001   0.09040530957858958
208.856   53.1192   0.09277984694964089
209.56   54.3516   0.1018412981064185
210.982   54.3717   0.10387997882172219
211.686   55.6045   0.11358455000571359
213.108   55.6257   0.11527263335241816
213.81   56.859   0.12419231055101174
215.232   56.8815   0.12538520646392154
215.933   58.1155   0.13368848117918167
217.355   58.1393   0.1345109660956985
218.055   59.3743   0.14204988560362553
219.476   59.3993   0.14176702719602957
220.174   60.6354   0.1478502620897335
221.595   60.6615   0.1472692092733525
222.291   61.8988   0.15174402788907182
179.79   41.7246   0.07659275422649446
181.21   41.7447   0.07770122264160444
181.908   42.9829   0.07376232100470488
183.328   43.0026   0.07535316848015314
184.027   44.24   0.07083996047430771
185.447   44.2592   0.07263993392066742
186.147   45.496   0.06775544258582543
187.567   45.5146   0.0696486180767362
188.268   46.7507   0.0644426101271562
189.688   46.7687   0.06639465339920576
190.39   48.0042   0.061488942095307204
191.81   48.0216   0.06339290181085026
192.513   49.2565   0.05931214040986442
193.933   49.2732   0.06171499007534872
194.636   50.5075   0.05936775218921382
196.057   50.5236   0.06164803322085544
196.76   51.7575   0.06175224692268308
198.181   51.7732   0.0644140512621268
198.885   53.0067   0.06715690582508332
200.306   53.0221   0.07042478256977641
201.009   54.2555   0.07515370915662485
202.431   54.2709   0.07893034904269118
203.134   55.5042   0.08529466571832081
204.556   55.5199   0.08934640451635806
205.259   56.7532   0.09687543548288759
206.68   56.7695   0.100267143172624
207.382   58.003   0.10798189663087572
208.804   58.0203   0.11151645618471903
209.506   59.2542   0.11966223297264791
210.927   59.2726   0.12213177309775265
211.628   60.5071   0.129822378656364
213.049   60.5269   0.13174327307305758
213.748   61.7623   0.13818878391532222
215.169   61.7836   0.1389270671971515
215.867   63.0199   0.14463187753742204
217.288   63.0429   0.14521821511091515
217.984   64.2803   0.14956964932767505
219.405   64.3048   0.14961995187807609
220.099   65.5432   0.1524933441170383
221.519   65.5691   0.15147755609331123
222.212   66.8086   0.15345214237669644
223.632   66.8354   0.1520618295299665
224.323   68.0758   0.15257604661282956
225.743   68.1034   0.15101854190793962
226.433   69.3446   0.1507954906487456
174.825   42.8985   0.06725771331230744
175.519   44.1388   0.06589271583414191
176.939   44.1579   0.0663255606836503
177.635   45.3975   0.0640569278064446
179.055   45.4158   0.0648635490857548
179.751   46.6547   0.06259153297371384
181.171   46.6724   0.06374511746009442
181.869   47.9106   0.060564758729810785
183.289   47.9277   0.06235230549065758
183.987   49.1653   0.05882388970478302
185.407   49.1818   0.060833378995410914
186.106   50.4188   0.057430479712436304
187.527   50.4346   0.05903871611070535
188.226   51.6711   0.05618407247610049
189.647   51.6862   0.05818049501336564
190.347   52.9221   0.05606264353381754
191.768   52.9365   0.05867921267365278
192.469   54.1719   0.058086142925829976
193.89   54.1856   0.061443469954096185
194.591   55.4206   0.0625892962094956
196.012   55.4338   0.06680059879971414
196.713   56.6685   0.0696664912278423
198.134   56.6814   0.07436887789929418
198.836   57.9159   0.07897151385151516
200.257   57.9287   0.08410095124313846
200.958   59.1631   0.08951089319183869
202.379   59.1761   0.09475589691411823
203.08   60.4107   0.10078968201161483
204.501   60.4242   0.10544311262476917
205.202   61.6589   0.11247977595994786
206.623   61.6732   0.11683150260096847
207.322   62.9084   0.1225414215683797
208.743   62.9239   0.12672466216170813
209.442   64.1597   0.13248607473995305
210.863   64.1766   0.13599154385475898
211.56   65.4132   0.14053035259329677
212.981   65.4318   0.14328133165210274
213.676   66.6694   0.14656319456125327
215.097   66.6899   0.1484683467948729
215.791   67.9284   0.15103933262564997
217.211   67.9508   0.15149339919613425
217.903   69.1904   0.15272147851563245
219.324   69.2144   0.15305652550611626
220.014   70.4549   0.15297140255616945
221.434   70.4803   0.15208974324392088
222.124   71.7216   0.1517953227210882
223.544   71.748   0.1505357100491478
224.232   72.9899   0.14934650983533915
225.652   73.017   0.1477955682691423
226.34   74.2594   0.1473565743358654
227.76   74.2873   0.1461405145741541
228.446   75.5302   0.14534407452662354
229.866   75.5589   0.14499668961738502
230.552   76.8023   0.14511047515599823
181.13   51.6   0.060574664670965006
181.826   52.8386   0.05854750208164403
183.246   52.8529   0.05896473522368932
183.943   54.091   0.056784681032827335
185.363   54.1044   0.05761683781673561
186.061   55.342   0.05558075206400191
187.481   55.3547   0.0571402660126812
188.18   56.5917   0.055968294596138744
189.6   56.6036   0.05847093294962705
190.299   57.8402   0.05826765826768762
191.72   57.8515   0.06220490334370241
192.419   59.0876   0.0632804867237929
193.84   59.0984   0.06837762792025588
194.539   60.3342   0.07069547368819869
195.96   60.3446   0.07633727791846205
196.659   61.5802   0.07955765205183513
198.08   61.5905   0.08626082540760087
198.779   62.8261   0.09019406854112495
200.2   62.8365   0.09722124253473972
200.899   64.0722   0.1016116135094848
202.32   64.0831   0.10865178323431815
203.018   65.319   0.11286850756522218
204.439   65.3306   0.11963937478940406
205.136   66.567   0.12341025078979202
206.557   66.5796   0.1297473313791103
207.253   67.8167   0.13297571206802505
208.674   67.8308   0.1384230110928217
209.369   69.0686   0.14105165720401402
210.789   69.0844   0.14527126350382585
211.483   70.3232   0.14713551576693115
212.903   70.3409   0.1502620377873201
213.595   71.5807   0.1510498262163908
215.015   71.6004   0.15317287618895745
215.705   72.8411   0.152917951856554
217.126   72.8629   0.15374072329738134
217.814   74.1044   0.1526212632630133
219.234   74.1277   0.152565559678456
219.922   75.3699   0.15127712979825725
221.342   75.3945   0.15059256289737885
222.029   76.6372   0.1490384178659935
223.449   76.6628   0.1481248459914791
224.135   77.9058   0.14688488690127183
225.555   77.9323   0.1462138844296283
226.241   79.1758   0.14545875704130395
227.661   79.2032   0.14526613507628172
228.345   80.4472   0.14498830987359113
229.765   80.4756   0.14523487873097024
185.314   59.027   0.059713733763678556
186.01   60.265   0.05864511914899692
187.43   60.2747   0.05957994629067641
188.127   61.5122   0.05900389817631076
189.547   61.5212   0.06201556256295985
190.245   62.7584   0.06270637926080554
191.665   62.7668   0.06763290619217696
192.362   64.0037   0.0687974563483225
193.783   64.0118   0.07563709407427255
194.48   65.2485   0.07761166149489492
195.901   65.2564   0.08546139479320548
196.598   66.4931   0.08799982954530329
198.019   66.5011   0.09649756473611631
198.715   67.7379   0.09894614696894943
200.136   67.7462   0.10774154259151518
200.832   68.9834   0.11017844616802049
202.253   68.9924   0.11884885359142726
202.948   70.23   0.12095557035539353
204.368   70.2399   0.12884723512749294
205.062   71.4782   0.13032137200014343
206.483   71.4895   0.13750199998545345
207.175   72.7285   0.1385017689417773
208.596   72.7415   0.14472905720690127
209.287   73.9814   0.14468641954241548
210.707   73.9963   0.1498099462652507
211.397   75.2371   0.1492374282812427
212.817   75.2542   0.15304068086623657
213.506   76.4957   0.1519917431967951
214.926   76.515   0.1543082953052059
215.613   77.7572   0.1527212166007111
217.033   77.7784   0.1537814032970133
217.72   79.0212   0.15203473287377572
219.14   79.044   0.1520359496961192
219.826   80.2872   0.15032724303997633
221.246   80.3113   0.14974284623980808
189.488   66.4389   0.06589332287872787
190.184   67.6767   0.06663520090762444
191.604   67.6827   0.07248848184367851
192.299   68.9204   0.07335993456921582
193.72   68.9262   0.08147815658199958
194.415   70.1639   0.0828188988093963
195.835   70.1697   0.09172022677686464
196.53   71.4076   0.09320826143641817
197.95   71.4136   0.10252170501897771
198.644   72.6519   0.10353400407595707
200.064   72.6585   0.1134688503510924
200.757   73.8972   0.11413413161715033
202.177   73.9047   0.12380315020223945
202.869   75.144   0.12386787315521736
204.289   75.1527   0.13311908202808845
204.98   76.3927   0.1326125559666111
206.4   76.4031   0.1407593691375554
207.089   77.6438   0.13966710421570683
208.509   77.6561   0.14674965076619442
209.198   78.8975   0.14544706941014887
210.618   78.9121   0.15085032316836786
211.305   80.1541   0.14920177612883737
212.725   80.1709   0.15321540392531452
193.649   73.8419   0.08418889475459085
194.341   75.0808   0.08430919285582879
195.761   75.0849   0.09428191767247192
196.453   76.324   0.09429262961652954
197.873   76.3286   0.10497914078520694
198.564   77.5682   0.10447248441574963
199.984   77.5736   0.11537213701756555
200.674   78.8137   0.11440266605285762
202.094   78.8203   0.12482251399486817
202.783   80.0609   0.1235293082632545
204.203   80.0691   0.13324717633030722
234.709   81.8093   0.14591069186320701
226.19   81.6348   0.14539174667084956
227.61   81.6621   0.14519755507583315
228.294   82.9064   0.1450691214559425
229.714   82.9349   0.1452375984378695
230.398   84.1794   0.14524534415945722
231.818   84.2088   0.14527590990938555
232.502   85.4532   0.14520802319430917
233.922   85.4831   0.14515474501372952
234.606   86.7272   0.14521601151388416
236.026   86.757   0.1451531949355514
236.712   88.0006   0.14507791010350984
238.132   88.03   0.14531063278369763
238.819   89.2729   0.1455095873130107
217.672   81.4803   0.15188449558792957
219.091   81.503   0.15178972297227755
219.777   82.7465   0.1503852718852512
221.197   82.7706   0.1496937540447118
221.882   84.0144   0.14872770421142067
223.301   84.0397   0.147844918749346
223.986   85.2838   0.14737469253572918
225.406   85.3103   0.14639415971957542
226.09   86.5546   0.1465637403998673
227.51   86.5822   0.14555287698977443
228.194   87.8266   0.1461555678036279
229.614   87.8551   0.14528678535916717
230.299   89.0994   0.1457664227454259
231.719   89.1286   0.1450883179308445
232.404   90.3725   0.14607368003853544
233.824   90.4019   0.14614444909060692
234.51   91.6452   0.14723498225626427
235.93   91.6745   0.1474084800817042
236.618   92.9172   0.14806822751692014
238.038   92.9462   0.14880608186495053
238.726   94.1882   0.14990680438191487
240.146   94.2168   0.15112871997077157
240.836   95.4581   0.15131652256113945
242.256   95.4862   0.15284076681305026
242.947   96.7267   0.15238372616522602
209.152   81.3567   0.1448410853314698
210.572   81.3712   0.15028722500598693
211.258   82.6136   0.1486889706736786
212.678   82.6304   0.15255031956702922
213.365   83.8733   0.15107256534526894
214.784   83.8923   0.15344539745459443
215.47   85.1356   0.15219977003924615
216.89   85.1567   0.15298970553603033
217.576   86.4002   0.15223550834151975
218.995   86.4231   0.15214088865257838
219.681   87.6669   0.15172676098829954
221.1   87.6913   0.15086013389891806
221.786   88.9354   0.15078478039908122
223.205   88.9612   0.14997496457741985
223.89   90.2054   0.15030944747421376
225.31   90.2323   0.14894025647890374
225.995   91.4765   0.15009280462433439
227.415   91.5043   0.14841404920020862
228.1   92.7484   0.1499593611616149
229.52   92.7767   0.14859104952856422
230.206   94.0205   0.14999723330782436
231.626   94.0491   0.14911985112652604
232.313   95.2923   0.15038577060348368
233.733   95.321   0.15009430368937332
234.421   96.5635   0.15107299560147483
235.841   96.5921   0.1515056764613058
236.53   97.8338   0.15211380607951672
237.95   97.8621   0.15309585232788792
238.641   99.103   0.1525622823636287
240.061   99.131   0.15397119860545294
240.753   100.371   0.1526728528586591
242.174   100.399   0.15384875690105881
242.868   101.637   0.15064000132767275
244.289   101.665   0.1527170259008531
244.985   102.902   0.14723997419178456
246.406   102.929   0.1491409065280132
247.104   104.165   0.14309074044116524
200.631   81.2729   0.1133849196321877
202.051   81.2794   0.12388688389010666
202.739   82.5204   0.12249591829934672
204.159   82.5287   0.13194324537467064
204.847   83.7702   0.13053206502618456
206.267   83.7804   0.13878850816980054
206.954   85.0224   0.13736961090430555
208.374   85.0348   0.14416025804637903
209.061   86.2772   0.14293176693793677
210.48   86.2919   0.14826263858437821
211.167   87.5347   0.14731249098429897
212.587   87.5518   0.15068301165028344
213.273   88.7949   0.15031852846539331
214.693   88.8142   0.15251104878008148
215.379   90.0576   0.15223501568299377
216.798   90.0791   0.15334904629635004
217.484   91.3228   0.15376521062971152
218.904   91.3461   0.15321256475889206
219.59   92.59   0.15401055158657614
221.01   92.6149   0.15260619253490224
221.695   93.859   0.15406492138056307
223.115   93.8851   0.15229891660809788
223.801   95.1293   0.1535088271077615
225.22   95.1563   0.15202174186609158
225.906   96.4003   0.1535553320467847
227.326   96.4279   0.1517724942142136
228.013   97.6716   0.15282764802220408
229.432   97.6994   0.1521496631609821
230.12   98.9425   0.15289440800761864
231.54   98.9704   0.15217752790737413
232.228   100.213   0.1532032963091852
233.648   100.241   0.15324999184339164
234.339   101.482   0.15240223095480918
235.759   101.51   0.15383461899066944
236.451   102.75   0.1524926555608502
237.871   102.778   0.15383757668398285
238.565   104.017   0.1510217202921474
239.986   104.044   0.15188248746977076
240.682   105.282   0.147686289140202
242.103   105.309   0.1486571895334876
242.801   106.546   0.14298951010477656
244.222   106.572   0.14385409274677258
244.922   107.808   0.1366733697543273
246.343   107.834   0.1375353045585081
247.045   109.068   0.12850949381271334
248.467   109.094   0.12865006801396306
249.17   110.327   0.1189768464870365
250.592   110.352   0.11908186259879612
251.296   111.585   0.10880390617987801
199.857   84.9524   0.11135789150302801
200.546   86.1933   0.11035107611618537
201.966   86.2005   0.1201125305702933
202.654   87.4418   0.11941695859466547
204.074   87.4508   0.12819329155615
204.762   88.6925   0.12744999019223863
206.181   88.7035   0.13527852749049832
206.869   89.9456   0.13497914653752294
208.289   89.9588   0.14061401068173165
208.976   91.2013   0.14077886915300214
210.395   91.2167   0.14528860932639412
211.083   92.4596   0.1453671214546186
212.502   92.4772   0.14827056349795206
213.189   93.7205   0.14886739065355833
214.608   93.7402   0.1504287206619714
215.295   94.9838   0.151324221458436
216.715   95.0056   0.15118035586675688
217.401   96.2495   0.15259308634404298
218.82   96.2731   0.15204029071269096
219.507   97.5171   0.15316546608162218
220.926   97.5422   0.1519610476405158
221.613   98.7862   0.15303819784615402
223.032   98.8124   0.1515955474280164
223.719   100.056   0.1527260292157155
225.139   100.083   0.15141056766289712
225.826   101.327   0.1517710117249055
227.246   101.354   0.1509067261588936
227.934   102.597   0.1517563837207598
229.354   102.624   0.15072561162588138
230.044   103.866   0.1504880061666037
231.464   103.893   0.150036962112673
232.155   105.134   0.14960066844769293
233.575   105.161   0.14989663104954506
234.269   106.401   0.14730665293867903
235.689   106.427   0.14823228393303323
236.385   107.666   0.14433298306347372
237.805   107.692   0.1456442240530015
238.503   108.93   0.14025419779815204
239.924   108.956   0.14106030625231164
240.624   110.192   0.13407177182390737
242.044   110.218   0.13578379873900864
242.746   111.453   0.12724091323155326
244.167   111.479   0.12842336236058846
244.87   112.713   0.1189438523001549
246.291   112.738   0.12069386894122346
246.996   113.971   0.10909555444653464
248.417   113.996   0.1107936821303499
249.123   115.228   0.09973946059609742
250.545   115.252   0.09949351737677824
251.251   116.483   0.08924684868386067
252.673   116.507   0.0889608902833073
253.38   117.738   0.07966454669425353
254.802   117.762   0.07936346766617615
255.51   118.992   0.07194032249024782
203.996   92.377   0.12306323577737896
204.685   93.6189   0.12351558606104157
206.104   93.6309   0.12973380438420407
206.793   94.8732   0.1303348380134735
208.212   94.8873   0.13508782328545807
208.9   96.13   0.13601385958790965
210.319   96.1462   0.13931755094030787
211.007   97.3892   0.1403441840618963
212.426   97.4075   0.14234823497326388
213.114   98.6509   0.14330990893863654
214.533   98.6711   0.14413136369299231
215.22   99.9149   0.14528971057855591
216.64   99.937   0.14534290488359988
217.327   101.181   0.1460487589813825
218.746   101.205   0.14572813729681455
219.433   102.449   0.14708446552916715
220.853   102.474   0.1451814037678341
221.54   103.718   0.14641246531631277
222.96   103.743   0.14464383844464979
223.648   104.987   0.1452286473117516
225.068   105.013   0.1430804319255222
225.757   106.256   0.14370278354993818
227.177   106.282   0.14219595634194496
227.868   107.524   0.1417695665508056
229.288   107.55   0.14101563743073592
229.981   108.79   0.13933861632729197
231.401   108.816   0.13946329266153684
232.096   110.056   0.13647505266530077
233.516   110.081   0.13722332163303413
234.213   111.32   0.13287979530387525
235.633   111.345   0.1341112970632972
236.332   112.582   0.12826784476243816
237.753   112.607   0.12971723092943707
238.453   113.843   0.12318279100588954
239.874   113.868   0.1240350353730731
240.576   115.103   0.11584994605092898
241.997   115.127   0.11666966186630119
242.7   116.361   0.10784692856080667
244.121   116.385   0.10856836555829288
244.826   117.618   0.09850690331139023
246.247   117.642   0.09914761721795848
246.953   118.874   0.08897055692755358
248.375   118.897   0.08883107564361341
249.081   120.129   0.0799055066938497
250.503   120.152   0.07985511880900424
251.21   121.383   0.07229253073450875
252.632   121.405   0.07232848678079253
208.144   99.8203   0.12609444872793252
208.833   101.063   0.1269182807951639
210.253   101.08   0.12901100728233061
210.941   102.323   0.1303537111094305
212.36   102.342   0.13166704219354874
213.048   103.586   0.1325170177750849
214.468   103.607   0.13216444302459232
215.156   104.851   0.13303247723770928
216.575   104.873   0.13269924641835876
217.263   106.117   0.13352213299672933
218.682   106.141   0.13177647741536477
219.371   107.384   0.1326809707531422
220.79   107.409   0.13076528591335757
221.479   108.652   0.1315260050332147
222.898   108.677   0.13000015384607483
223.589   109.92   0.12906571969349592
225.009   109.945   0.12767243241985
225.701   111.186   0.12668168770584984
227.12   111.211   0.12756806026587766
227.815   112.452   0.12369417932951685
229.234   112.476   0.12543779334793362
229.93   113.715   0.12208095674590946
231.35   113.74   0.12263017573176235
232.048   114.978   0.11787964200827458
233.468   115.002   0.1189594889027541
234.167   116.239   0.11360638186299057
235.588   116.263   0.114175478978627
236.289   117.499   0.1071996268650365
237.709   117.522   0.108738401680354
238.411   118.757   0.10112670270507809
239.832   118.78   0.10187369631067902
240.535   120.014   0.09368505750653254
241.956   120.037   0.094351258603167
242.66   121.27   0.0858522568136639
244.082   121.292   0.08574386275414263
212.303   107.281   0.11449126604243355
212.992   108.524   0.11529527310346178
214.411   108.546   0.11418914134013954
215.1   109.79   0.11489042605891363
216.519   109.812   0.11378769705025348
217.208   111.056   0.11394191502690598
218.628   111.079   0.11287975903590806
219.318   112.323   0.11166539302755411
220.737   112.346   0.11149982062765099
221.428   113.589   0.11077224381586465
222.848   113.612   0.1095675134334848
223.541   114.854   0.1078313961701414
224.96   114.877   0.10796578161620572
225.655   116.118   0.10517228722435588
227.074   116.141   0.105953008451851
227.77   117.38   0.10294095394932289
229.19   117.403   0.10353361772874185
229.888   118.641   0.09912058312983225
231.308   118.663   0.10025467570144903
232.007   119.901   0.09514415378781323
233.428   119.923   0.095864957101113
234.128   121.159   0.09016324084682324
235.548   121.181   0.09183877176878129
216.471   114.753   0.09235090687156809
217.162   115.996   0.09159088382584306
218.581   116.019   0.09061258190780941
219.273   117.261   0.08946641828083442
220.692   117.284   0.08870901870722059
221.385   118.525   0.08741944863702787
222.804   118.547   0.08746222041544009
223.499   119.788   0.08496993585970285
224.918   119.809   0.08582196688493637
225.614   121.049   0.08290355842783766
227.034   121.07   0.08368058317197317
230.449   81.72   0.14533578361848648
231.869   81.7494   0.14562159867272473
232.553   82.9939   0.1456118127076242
233.973   83.0238   0.14571396638620251
234.657   84.2683   0.1455055325408621
236.077   84.2982   0.14547346837138417
236.762   85.5422   0.14495861478366448
221.931   81.5548   0.14834638519357626
223.351   81.58   0.1475042372272736
224.036   82.8239   0.14664054691660053
225.455   82.8502   0.14602766861112507
226.14   84.0944   0.14564082532038014
227.56   84.1218   0.1452329163791718
228.244   85.3663   0.14512649654698095
229.663   85.3948   0.14520089531403846
230.348   86.6392   0.14522344851985627
231.767   86.6686   0.1451975895116726
232.452   87.9128   0.1454000687757691
233.872   87.9425   0.14512160418076545
234.558   89.1862   0.14531648220349813
235.977   89.2158   0.14579163213298788
236.664   90.4589   0.14614379904737998
238.084   90.4881   0.14674293850131606
238.772   91.7306   0.1472731136358585
240.192   91.7593   0.14833613855024283
240.88   93.0012   0.14943871653624588
213.412   81.4135   0.15147937153289565
214.832   81.4326   0.1537863778102624
215.518   82.6756   0.15221031502496052
216.937   82.6966   0.15323628813045345
217.623   83.94   0.1519155357427309
219.043   83.9627   0.15189578664334805
219.728   85.2064   0.15106515150755037
221.148   85.2306   0.15014832666400357
221.833   86.4746   0.14982997029966877
223.253   86.5001   0.14853420481492263
223.938   87.7443   0.14858428584477287
225.357   87.771   0.14742187761658498
226.042   89.0153   0.14802151870589964
227.462   89.043   0.146541052268636
228.147   90.2873   0.14745321291854394
229.566   90.3158   0.14658403733012487
230.252   91.5598   0.14742459089310847
231.671   91.5888   0.1471174020977833
232.358   92.8323   0.14786723775061697
233.778   92.8614   0.14748033767252414
234.465   94.1043   0.1487104569288859
235.885   94.1333   0.14906475103123126
236.573   95.3756   0.15011222468539423
237.993   95.4042   0.15094396311215333
238.682   96.6457   0.15171845635914746
240.103   96.674   0.1529724484997134
240.793   97.9147   0.15318394171714203
242.214   97.9426   0.15404642157479592
242.906   99.1823   0.15277777979796606
244.327   99.2098   0.1536997072215825
245.021   100.448   0.15066439526311642
204.892   81.3103   0.13171655173136285
206.311   81.3204   0.14014310543154546
206.999   82.5621   0.13851097429446066
208.419   82.5743   0.14553487554535047
209.106   83.8165   0.1440017361006392
210.526   83.8311   0.14942978284130212
211.212   85.0738   0.14808379384659
212.632   85.0907   0.15174972817109553
213.318   86.3337   0.15075400492193233
214.738   86.3529   0.15288888121769423
215.424   87.5962   0.15230935624576866
216.843   87.6174   0.15328072285842284
217.529   88.861   0.15304803167632797
218.949   88.8842   0.1525785043837981
219.635   90.128   0.1528506787685323
221.054   90.1527   0.15189460161572854
221.74   91.3968   0.15237680269646536
223.159   91.4228   0.15109020484466887
223.845   92.667   0.151945055859018
225.264   92.694   0.15051531483538688
225.95   93.9381   0.15170932733356357
227.37   93.9659   0.14986357129068356
228.056   95.2097   0.15133277900045206
229.475   95.2379   0.15108517465324556
230.162   96.4813   0.15162526174749272
231.582   96.5096   0.15146699310411474
232.269   97.7525   0.15300369276588785
233.689   97.7807   0.15288243849443137
234.378   99.0228   0.1534043676040642
235.798   99.0509   0.1539045158531638
236.489   100.292   0.15323057788835687
237.909   100.32   0.1542895006149138
238.601   101.56   0.1529928429698667
240.022   101.588   0.1539398908665349
240.716   102.826   0.15083103128998374
242.137   102.854   0.1520691947765892
242.833   104.092   0.14785682263594682
244.254   104.119   0.1489027870793647
244.952   105.355   0.14288652840628313
246.373   105.382   0.1439415159014398
247.074   106.617   0.13565504045186516
248.495   106.643   0.1364161280787664
249.197   107.877   0.1273954865762494
197.79   81.2463   0.10365871888075898
198.48   82.4867   0.10241176690205407
199.899   82.492   0.1132291923489618
200.588   83.7327   0.1120237474824078
202.008   83.7395   0.12225747420914053
202.696   84.9807   0.12106300012803092
204.116   84.9892   0.13024791744976694
204.804   86.2309   0.12904301608378005
206.223   86.2414   0.13715236053382146
206.911   87.4835   0.1361676907346124
208.33   87.4962   0.1426795360239146
209.017   88.7387   0.14208620622706797
210.437   88.7537   0.14685057030873533
211.124   89.9966   0.14648440190000273
212.543   90.0139   0.14985115948832728
213.23   91.2571   0.14985583071740904
214.649   91.2767   0.1517138095230588
215.336   92.5201   0.15211692870945207
216.755   92.5418   0.15267878045099387
217.442   93.7855   0.15323772381498685
218.861   93.809   0.1528815554604349
219.547   95.053   0.15409477603085422
220.967   95.078   0.15305766887025185
221.653   96.3221   0.154434257857513
223.072   96.3483   0.15302094627860352
223.759   97.5923   0.15411193983596902
225.178   97.6193   0.15266459969488563
225.865   98.8631   0.15374098347545864
227.285   98.8905   0.15199013125857963
227.972   100.134   0.1532031657636224
229.392   100.161   0.1521394426176254
230.08   101.404   0.1530190837771411
231.5   101.432   0.15238992748866848
232.19   102.673   0.15235422540907645
233.61   102.701   0.15244684319460347
234.302   103.941   0.1511530681130961
235.722   103.969   0.15194041595308103
236.416   105.208   0.14923082791434913
237.837   105.235   0.14976064235973663
238.533   106.473   0.14571633401923653
239.953   106.5   0.14734140626449416
240.651   107.737   0.14176533426756435
242.072   107.764   0.14357576397150415
242.772   108.999   0.13623890780537148
244.193   109.026   0.137441805867062
244.895   110.26   0.12850793749803352
246.316   110.286   0.12946586422681866
247.019   111.519   0.11985557976164381
248.441   111.545   0.12032938128320066
249.146   112.777   0.10912034640708972
250.567   112.802   0.10997913438465742
251.273   114.034   0.09897454218132042
252.695   114.058   0.09856596775764656
253.402   115.29   0.08808660511110877
201.925   88.6624   0.11808255586664454
202.614   89.9038   0.11778794505380685
204.034   89.9133   0.12575937340810078
204.722   91.1551   0.1258718793058988
206.142   91.1667   0.13246856230819395
206.83   92.4089   0.13272738978823312
208.249   92.4225   0.13812820132036777
208.937   93.6651   0.13858210562695325
210.356   93.6808   0.14291945283970356
211.044   94.9238   0.14312651745920796
212.463   94.9417   0.1460083901698832
213.15   96.1851   0.1470948673475579
214.57   96.2051   0.1478043639409925
215.256   97.4487   0.1495607568849465
216.676   97.4707   0.14915954545386387
217.363   98.7146   0.15037543017394678
218.782   98.7383   0.14965373366542087
219.469   99.9824   0.1506811534333383
220.888   100.007   0.14978401116273013
221.575   101.251   0.15095499329270975
222.995   101.277   0.1489110136960921
223.682   102.521   0.15001986535124312
225.102   102.548   0.14795188407045737
225.79   103.791   0.1487365456100113
227.21   103.818   0.1471619516043438
227.899   105.06   0.14772978711145954
229.319   105.087   0.1466300105708374
230.011   106.328   0.14541942786299203
231.431   106.354   0.14603369474198225
232.124   107.595   0.14343583931500864
233.544   107.621   0.144835251233929
234.239   108.86   0.1418317665405078
235.66   108.886   0.1420431272536611
236.357   110.124   0.1376619410004201
237.778   110.15   0.13824774862543732
238.477   111.386   0.13221047613558004
239.898   111.412   0.1330602870882289
240.599   112.647   0.12540637942306124
242.02   112.673   0.1264738708192312
242.722   113.907   0.11800525412030544
244.143   113.932   0.11899953781423844
244.847   115.165   0.10912836478202598
246.269   115.19   0.10925584652547225
246.974   116.422   0.09897479477120542
248.395   116.446   0.09960421677819395
249.102   117.678   0.08885178670122963
250.523   117.702   0.08935345544521466
251.23   118.933   0.07988673231519483
252.652   118.956   0.08012296799296507
253.36   120.187   0.0721024271436037
254.782   120.21   0.07226624384870177
255.49   121.441   0.0679694048819008
256.912   121.464   0.06793938474846906
206.069   96.0963   0.12596801181252354
206.758   97.3386   0.12696156898841043
208.177   97.3533   0.13112623688644595
208.865   98.596   0.13247377098882585
210.285   98.6126   0.13476178983672987
210.973   99.8558   0.13594208325605828
212.392   99.8744   0.1375590418693077
213.08   101.118   0.13840090317623502
214.499   101.138   0.13934421408871459
215.187   102.382   0.14012811994740954
216.606   102.404   0.14000199998572568
217.294   103.648   0.1407843741329241
218.713   103.672   0.13967193705250408
219.401   104.916   0.14033531273346428
220.82   104.941   0.13885132336423764
221.508   106.185   0.1395206077968375
222.928   106.21   0.13798075952827898
223.617   107.453   0.1386894372329776
225.037   107.479   0.13659370410088542
225.728   108.721   0.13598783033785064
227.147   108.746   0.13583681386135454
227.84   109.988   0.13389548162652506
229.26   110.013   0.13367662473299063
229.954   111.253   0.13157416159717206
231.374   111.278   0.13196075174080696
232.071   112.517   0.12769028937237878
233.491   112.542   0.1286127520893462
234.189   113.779   0.12380290788185858
235.609   113.804   0.12511194986889854
236.309   115.04   0.11872341807747082
237.73   115.065   0.11944291523569933
238.431   116.3   0.11223854061772306
239.852   116.324   0.1130203963893267
240.555   117.558   0.10442609827049029
241.976   117.582   0.10516653460108853
242.68   118.815   0.09600255204940647
244.101   118.838   0.09739486639448101
244.806   120.071   0.08802891570387272
246.227   120.094   0.08856415753564865
246.933   121.326   0.0795430072350928
248.355   121.348   0.07943053569000418
210.222   103.549   0.12166926481243313
210.911   104.792   0.12263947162312377
212.33   104.811   0.12427807529889559
213.019   106.055   0.12412348689912528
214.438   106.076   0.12469117851717168
215.127   107.32   0.12495023009182162
216.546   107.342   0.12397515880207352
217.235   108.586   0.12459935794377025
218.654   108.61   0.12274363527287457
219.343   109.853   0.12329107834715329
220.762   109.878   0.12177668085475066
221.453   111.12   0.12113632815962873
222.872   111.145   0.12002953803126117
223.564   112.387   0.11884111241485373
224.983   112.411   0.11861370072635373
225.677   113.652   0.11633898744617177
227.096   113.676   0.11679422074743954
227.792   114.916   0.11333596075385811
229.211   114.939   0.11455518320877216
229.908   116.178   0.11064271327115621
231.328   116.202   0.11145712180025985
232.027   117.439   0.10617909398748845
233.447   117.462   0.1083138495299643
234.147   118.699   0.10145028339045493
235.568   118.722   0.10304251549724018
236.269   119.958   0.09634396711781305
237.689   119.98   0.09794896630389935
238.392   121.215   0.08989332566993101
239.813   121.236   0.09068208202285447
214.386   111.016   0.10406368242570915
215.075   112.26   0.10420921264457496
216.494   112.283   0.10307128601118117
217.184   113.526   0.10293862248933602
218.603   113.549   0.10188567122023383
219.294   114.792   0.1010742301479465
220.714   114.815   0.09959437735133701
221.406   116.057   0.09851822166481256
222.825   116.08   0.09826947644107292
223.519   117.321   0.09618440622054283
224.939   117.343   0.09663332758421868
225.634   118.583   0.09427067412510937
227.054   118.605   0.09457674132680924
227.751   119.844   0.09092353930638854
229.17   119.866   0.09270064724693726
229.869   121.104   0.08769885974174084
231.289   121.125   0.08912216334897584
218.56   118.489   0.080187031370416
219.252   119.731   0.07933750689300931
220.671   119.753   0.07910853304164851
221.365   120.994   0.07731500501195554
222.784   121.015   0.07775499983925291
229.05   134.645   0.060164441325420544
229.746   135.884   0.05832803785486833
231.166   135.897   0.058424395589513324
231.863   137.135   0.05660424012386196
233.284   137.147   0.05756735185849736
233.981   138.384   0.05603579213324004
235.402   138.396   0.05828730565054517
236.1   139.633   0.057820065721158845
237.52   139.644   0.060718695638161575
238.219   140.88   0.06184658438425714
239.64   140.891   0.06624952830020404
240.338   142.127   0.06780567822829767
241.759   142.137   0.07391353056104992
242.458   143.373   0.07665252768175136
243.879   143.382   0.08417267965318023
244.578   144.618   0.08757334069224343
245.999   144.628   0.09503809762406812
246.697   145.864   0.09855399535279863
248.118   145.874   0.10565718148806212
248.816   147.11   0.11030249317218063
250.236   147.121   0.11653737597869533
250.933   148.357   0.1203571352267854
252.354   148.369   0.1273108007986749
253.05   149.606   0.1303435460619465
254.471   149.619   0.13681608092618502
255.165   150.857   0.1386522268122712
256.586   150.872   0.14393432530151723
257.279   152.111   0.1450216880332027
258.7   152.127   0.14957927663950094
259.391   153.367   0.1499741644417676
260.811   153.385   0.1530268277133078
261.502   154.626   0.15271162365715027
262.922   154.647   0.15354767989131604
263.611   155.888   0.15357086312186433
265.031   155.911   0.15319206898531135
265.718   157.153   0.1516080472798277
267.138   157.177   0.15137912669849596
267.825   158.419   0.15007628060422062
269.245   158.444   0.1493950802402959
269.931   159.688   0.1473261687549048
271.351   159.713   0.14721331461521717
272.037   160.957   0.1459320389770537
273.456   160.984   0.14560429251914034
274.141   162.228   0.14504482065899385
275.561   162.256   0.14493984959285722
233.232   142.068   0.060193355114996745
233.928   143.306   0.059270903485602384
235.348   143.315   0.061418645377446214
236.045   144.552   0.06160105518576886
237.465   144.56   0.06583281856338899
238.162   145.797   0.06685686202628169
239.582   145.805   0.07289746223291767
240.279   147.042   0.07451905796505444
241.7   147.049   0.08217913360456522
242.397   148.286   0.08490583018850408
243.817   148.294   0.09240936099768204
244.513   149.531   0.0951643315533726
245.934   149.538   0.10427003404622065
246.63   150.776   0.10592846642899802
248.05   150.784   0.11506628524464024
248.745   152.022   0.11667116181816228
250.165   152.031   0.12512729518373586
250.859   153.269   0.12657803916952176
252.279   153.279   0.13503792060011094
252.972   154.518   0.13567077798849558
254.392   154.53   0.14291102126846772
255.083   155.77   0.14258572859861032
256.504   155.784   0.1480313818080508
257.193   157.025   0.14756723891162307
258.613   157.041   0.1515443499441747
259.302   158.282   0.1507272039148883
260.722   158.3   0.15411735788026018
261.409   159.542   0.152546419164784
262.829   159.563   0.1538493093907218
263.516   160.805   0.15258705711821957
264.936   160.827   0.1532215389558589
265.622   162.071   0.1508415062242571
267.042   162.094   0.1509953972808397
237.403   149.477   0.06946682661529707
238.098   150.715   0.07054650948133977
239.518   150.72   0.07720680021862736
240.213   151.958   0.07862544117523149
241.633   151.964   0.08676295292347799
242.327   153.202   0.08770952057787477
243.748   153.207   0.09819857432773088
244.441   154.446   0.09832924285276826
245.861   154.451   0.10932378515217926
246.554   155.69   0.10953081758117743
247.974   155.697   0.11972735694067504
248.666   156.936   0.1197914855071127
250.086   156.944   0.12890213341913578
250.776   158.184   0.128792701656575
252.196   158.193   0.13747439761641095
252.886   159.434   0.13605620162271076
254.306   159.445   0.14424687171652253
254.994   160.687   0.1420629789917092
256.414   160.7   0.148993590466183
257.102   161.942   0.1471695960448197
258.522   161.958   0.15188564777489238
241.559   156.879   0.08988598333444679
242.25   158.119   0.08901174079861217
243.67   158.123   0.099139749848386
244.361   159.362   0.09959698790626678
245.781   159.367   0.10994653246011411
246.471   160.607   0.10961245367200943
247.891   160.613   0.11981235328628537
248.58   161.854   0.11805511424752563
250.0   161.861   0.12872222030403946
253.34   122.636   0.0676730374669267
254.762   122.659   0.06781769680547753
255.469   123.889   0.06740037091886139
256.891   123.912   0.06762107659598605
257.599   125.143   0.07105321949073647
259.021   125.166   0.07131795005466864
259.729   126.396   0.0784620290331416
244.787   122.525   0.0774289997352336
246.208   122.546   0.0779912815640369
246.914   123.778   0.07088448349251339
248.335   123.799   0.0718070330817157
249.042   125.031   0.06637537193869393
250.464   125.052   0.0668611247287939
251.17   126.283   0.06538348415311052
252.592   126.304   0.06619131362950799
253.299   127.535   0.06854699118123335
254.721   127.557   0.06938472454366187
255.428   128.788   0.07516541758015846
256.85   128.809   0.0767299811025844
257.557   130.04   0.08534172484783344
258.979   130.063   0.08626957748823091
259.685   131.294   0.09623388176729515
261.107   131.317   0.09683331038440984
261.813   132.549   0.10799652772194784
263.234   132.573   0.10762383564988844
263.939   133.805   0.11852261387603104
236.25   122.416   0.08473464462662826
237.67   122.437   0.08638987209158737
238.373   123.672   0.0789556837726212
239.794   123.693   0.08053999006704111
240.497   124.927   0.07302882992351381
241.918   124.947   0.07440974398558353
242.622   126.18   0.06826096981436997
244.043   126.2   0.06894954677153532
244.748   127.433   0.06395537506730875
246.169   127.452   0.06510368653155808
246.875   128.684   0.06294926528562889
248.296   128.703   0.06429813372097667
249.002   129.935   0.06561981408080297
250.423   129.953   0.06776606820525623
251.129   131.185   0.07234811676884784
252.55   131.204   0.07426277667849603
253.256   132.436   0.0813098395029828
254.678   132.455   0.08324115568634963
255.383   133.687   0.09242732280012736
256.805   133.707   0.09407236576169464
257.51   134.94   0.10390192490998125
258.931   134.961   0.10472826743527691
259.635   136.193   0.11483309627455554
261.057   136.215   0.1157999999999998
261.76   137.449   0.12488190421353232
263.181   137.472   0.12549756969756548
263.883   138.706   0.13442455132896977
265.304   138.73   0.1345997399700351
266.005   139.965   0.14281022372365684
267.426   139.991   0.1422479876834667
268.124   141.227   0.1482693832185114
227.731   122.309   0.0801841006683972
229.151   122.329   0.08221581356406021
229.85   123.567   0.07679296842810608
231.27   123.587   0.07907110723897527
231.969   124.824   0.07448516630847422
233.39   124.844   0.07562248342920595
234.09   126.08   0.0705890218093471
235.511   126.099   0.07188108235133923
236.212   127.335   0.06656342839729472
237.632   127.353   0.0684342750381694
238.334   128.588   0.0632351958959542
239.755   128.606   0.06477568988440299
240.458   129.841   0.060415229867967546
241.879   129.858   0.06224379487146126
242.582   131.092   0.06001799730080599
244.003   131.108   0.06243885008550489
244.707   132.342   0.06251471826698125
246.128   132.358   0.0653639044121383
246.832   133.591   0.06851634841407232
248.253   133.607   0.0710678548993806
248.957   134.84   0.07699668824046392
250.379   134.856   0.07985117406776374
251.082   136.089   0.08742425292788637
252.504   136.106   0.08982432855300307
253.207   137.339   0.09751184543427925
254.629   137.356   0.10129975320798196
255.332   138.59   0.10923991944339248
256.753   138.608   0.11212158578969861
257.455   139.841   0.12079966887372413
258.876   139.861   0.12264583156388773
259.577   141.095   0.1306471966786782
260.999   141.116   0.13271883815041885
261.698   142.351   0.13935569597256994
263.119   142.374   0.13946415310037769
263.817   143.61   0.14587926514757923
265.238   143.634   0.14574635501448388
265.934   144.871   0.15022479821921034
267.355   144.897   0.1498400480512528
268.049   146.135   0.1528125976482046
269.47   146.161   0.152528161334253
270.162   147.401   0.15356500252334557
271.583   147.428   0.15234241037875054
272.273   148.669   0.15255412154381712
220.651   122.221   0.07123454218284216
221.345   123.462   0.06919364132635915
222.765   123.482   0.06985527897017584
223.46   124.722   0.06794380030583133
224.88   124.741   0.06843566321736708
225.576   125.98   0.06601636160831632
226.996   125.999   0.06709552891214166
227.693   127.238   0.06426009648295807
229.113   127.256   0.06570547922357031
229.811   128.493   0.06211408857899847
231.231   128.511   0.0638792611103145
231.93   129.748   0.06008327554319861
233.351   129.765   0.06149796744608549
234.05   131.002   0.05806065793633363
235.471   131.018   0.05974813804630038
236.171   132.254   0.05670176364099973
237.592   132.269   0.05892232174651324
238.292   133.505   0.05675394259432559
239.713   133.52   0.05946099561897542
240.415   134.755   0.05899160957289248
241.836   134.769   0.062395913327711446
242.537   136.004   0.06372668200997327
243.958   136.017   0.06755508863142676
244.66   137.252   0.07094427390564263
246.081   137.265   0.07535708327689626
246.783   138.499   0.08022474680546614
248.205   138.513   0.08529501743948077
248.906   139.747   0.09092969811892022
250.328   139.761   0.09622063188318528
251.029   140.995   0.10268807136176653
252.45   141.009   0.10782393055347443
253.151   142.244   0.11412782307571834
254.572   142.259   0.11882596517599328
255.272   143.494   0.12508720957794442
256.693   143.511   0.12799515615832607
257.392   144.746   0.13490233504280194
258.813   144.764   0.13739723432441103
259.51   146.001   0.1423388913824946
260.931   146.021   0.14391664254004
261.626   147.258   0.14752369301233936
263.047   147.28   0.14832535184520795
263.741   148.518   0.15116732451160575
265.162   148.542   0.15156084586724342
265.854   149.781   0.1530916065628727
267.274   149.806   0.15259505234443715
267.965   151.047   0.15267363885096172
269.385   151.073   0.15178474890447116
270.074   152.314   0.15103324137422336
271.495   152.341   0.14984288438227356
272.183   153.583   0.14901090564115793
273.603   153.61   0.14773560843616418
274.291   154.853   0.14674566433118533
275.711   154.881   0.14617828156056453
276.397   156.124   0.1454290548686765
224.84   129.672   0.0625799488654272
226.956   130.928   0.061268589015911964
227.652   132.167   0.059348546738740834
229.072   132.182   0.05971942732477731
229.769   133.42   0.05735930613247844
231.189   133.435   0.05818075283115426
231.887   134.673   0.05596463168823875
233.307   134.686   0.05715767664977484
234.006   135.924   0.055172547521389836
235.426   135.937   0.057175169435690294
236.125   137.173   0.056080656201582174
237.546   137.186   0.05889320843696436
238.245   138.422   0.05911142021639911
239.666   138.434   0.06295466622896086
240.365   139.669   0.06442546080548615
241.786   139.681   0.06941390350642741
242.486   140.916   0.07236884688869578
243.907   140.927   0.07851471199719277
244.607   142.162   0.08250915100762869
246.028   142.173   0.08913613184336673
246.728   143.409   0.09323524011875443
248.149   143.42   0.10012991560967867
248.848   144.655   0.10503908796254022
250.269   144.667   0.11084782361417929
250.967   145.903   0.11568357705398435
252.388   145.915   0.12135666442351076
253.086   147.151   0.12700114172714505
254.507   147.165   0.1314535659463142
255.203   148.402   0.13467594439988775
256.624   148.417   0.13989338797814524
257.319   149.655   0.14234409014778954
258.74   149.672   0.14641461675666842
259.433   150.91   0.14847225330006614
260.853   150.929   0.1510905688651645
261.545   152.169   0.15166027825372433
262.966   152.19   0.15361070926209822
263.656   153.431   0.15305881222589043
265.076   153.453   0.15350651451975
265.765   154.695   0.15284776740273642
267.185   154.719   0.15213428278991192
267.873   155.961   0.15080331561340357
269.293   155.987   0.1496979959785684
269.98   157.229   0.14842169652716386
271.4   157.255   0.14775009306257814
272.086   158.498   0.14645818515876646
273.506   158.525   0.1458516026651625
274.192   159.769   0.1452618325645107
275.612   159.797   0.14516487178378276
276.297   161.041   0.14509707095596824
277.716   161.07   0.1452816574795343
278.4   162.314   0.14562774460932737
279.82   162.344   0.14581549986198322
231.142   138.359   0.05995831885568834
231.838   139.597   0.05799137866959399
233.258   139.608   0.058673759040988725
233.955   140.845   0.05745441671447448
235.376   140.855   0.059881883737906
236.073   142.093   0.05948520824541507
237.493   142.102   0.0633120051806843
238.191   143.339   0.06423581555487533
239.612   143.348   0.0699285349481864
240.31   144.584   0.07203637969803925
241.73   144.593   0.07855036600805547
242.428   145.829   0.0813941029804843
243.849   145.838   0.08873466064621666
244.547   147.074   0.09239588735435891
245.967   147.083   0.09923023732714102
246.664   148.319   0.10324848667172921
248.085   148.329   0.11051646936090602
248.781   149.566   0.11304109872076584
250.202   149.575   0.12204134545309422
250.897   150.813   0.1237684935676297
252.318   150.824   0.13154679775653894
253.012   152.062   0.13319534526400706
254.433   152.074   0.14056176578287372
255.125   153.313   0.1410887663848496
256.546   153.327   0.14724958404015318
257.237   154.567   0.14714703530821877
258.657   154.583   0.15102400471448416
259.347   155.824   0.15102069394621923
260.767   155.842   0.15372000520426002
261.456   157.084   0.15295911218360334
262.876   157.104   0.15441826316855878
263.564   158.347   0.1523131314102559
264.984   158.369   0.1529931044197708
265.67   159.611   0.15152887513606958
267.09   159.635   0.15112828987321078
267.776   160.878   0.14948632044439847
269.196   160.903   0.1487918008493751
269.882   162.146   0.14773300240637247
271.301   162.172   0.1469612533969427
235.319   145.774   0.0629635608904075
236.015   147.012   0.06313010375406612
237.435   147.019   0.06774333915596949
238.131   148.256   0.06877237817611678
239.551   148.263   0.07485025050057235
240.247   149.5   0.0769386768797064
241.667   149.506   0.08488227141164284
242.363   150.744   0.08631129705896445
243.783   150.75   0.09574575708614803
244.478   151.988   0.09699798966990265
245.899   151.995   0.10686739446621268
246.593   153.233   0.1079492473340949
248.013   153.24   0.11799749997350534
248.706   154.479   0.1183283989581422
250.127   154.487   0.1282975058214459
250.819   155.726   0.12849470806224386
252.239   155.736   0.1363093907256777
252.93   156.976   0.13652106064632868
254.35   156.987   0.14367546763452443
255.04   158.228   0.14340502083260254
256.459   158.242   0.14836832546067294
257.148   159.483   0.14734503724252804
258.568   159.499   0.152096186671472
259.255   160.741   0.15041027225556708
260.675   160.759   0.15377987514627056
261.362   162.002   0.15175163920036477
262.782   162.022   0.15371821622697415
239.484   153.178   0.07934758975546058
240.177   154.417   0.07943859263607767
241.597   154.421   0.08902718685886053
242.29   155.66   0.08921076168265422
243.71   155.665   0.09936845575936215
244.402   156.904   0.09933181766181441
245.822   156.909   0.11018547998716753
246.513   158.148   0.11015393774169929
247.933   158.155   0.11947840809117591
248.624   159.395   0.11938023286958267
250.043   159.402   0.12922697086909118
250.733   160.643   0.12758510884895088
252.153   160.652   0.13708916806226035
252.841   161.893   0.13560092182577854
254.261   161.904   0.14380545886718982
243.629   160.581   0.09932376352113285
244.319   161.822   0.09759513307537873
245.739   161.826   0.10923099377007832
257.62   122.694   0.06792856541985959
249.061   122.58   0.07211795892840339
250.483   122.602   0.07212600085960727
251.19   123.833   0.06730497752766613
252.612   123.855   0.06745368781616166
253.32   125.086   0.06610567297895041
254.741   125.108   0.06680576322443986
255.449   126.338   0.06995455667789105
256.871   126.361   0.07060906457388152
257.579   127.591   0.07749251576766772
259.001   127.614   0.07834538914319375
259.708   128.845   0.08727204592537388
261.13   128.868   0.08814584505237219
261.836   130.1   0.097945699241994
240.516   122.471   0.08302409288875907
241.937   122.492   0.08372574275572241
242.641   123.725   0.07614039663674878
244.062   123.746   0.07667307219616662
244.768   124.979   0.06942621983084363
246.189   124.999   0.06999685707230302
246.894   126.231   0.06531186722181
248.316   126.251   0.06600613607839857
249.022   127.483   0.06399187448418432
250.444   127.503   0.06511651096304334
251.15   128.734   0.06715839485871497
252.572   128.754   0.06871135277376006
253.278   129.985   0.07406753674855497
254.7   130.006   0.07520432168432997
255.406   131.237   0.08348149495547788
256.828   131.258   0.08470188899898477
257.534   132.49   0.09391357729314824
258.956   132.511   0.09532659649858644
259.661   133.743   0.10582362685148407
261.083   133.766   0.10637523207967088
261.787   134.998   0.11660634631097541
263.209   135.022   0.11732557266003603
263.912   136.255   0.1269817309694411
265.334   136.28   0.1273475951873347
266.036   137.514   0.13636073481762895
231.988   122.362   0.08427817036456382
233.409   122.383   0.0851795750165575
234.109   123.62   0.07974891848795217
235.53   123.64   0.0808309346723183
236.231   124.876   0.07491521874759556
237.652   124.895   0.07600763119583712
238.354   126.13   0.07005890378816187
239.775   126.149   0.07113480160932874
240.478   127.384   0.06543577003443847
241.899   127.402   0.06667690754676278
242.603   128.636   0.06206093779504139
244.024   128.654   0.0636308887255236
244.728   129.887   0.0616344870993528
246.149   129.905   0.06340157726745094
246.854   131.138   0.06392996167681422
248.275   131.155   0.06638704692934679
248.98   132.387   0.07036341378869738
250.402   132.405   0.07282094478925744
251.106   133.637   0.07894327077085223
252.528   133.655   0.08121428445785046
253.232   134.887   0.08961004407987974
254.654   134.906   0.09154780172127654
255.358   136.138   0.10059169945874126
256.78   136.157   0.10340159573234677
257.483   137.39   0.11218917060037803
258.905   137.41   0.11462656760106428
259.607   138.644   0.12291008908957075
261.029   138.665   0.12504499190290622
261.73   139.9   0.13263016248198317
263.152   139.922   0.13445058571832577
263.851   141.158   0.14072245734069022
265.273   141.182   0.14117719362561307
265.971   142.418   0.14765395355359168
267.392   142.443   0.14656397920359196
268.088   143.681   0.15110076108347337
269.509   143.707   0.15031170945738995
270.203   144.946   0.15292092727940013
223.479   122.255   0.0755479318049059
224.899   122.275   0.07602427243978581
225.595   123.515   0.07339788825300485
227.015   123.535   0.07435381631093717
227.712   124.773   0.07112531195011965
229.132   124.792   0.07250386196609984
229.831   126.03   0.06818621561578263
231.251   126.049   0.06995398487577165
231.95   127.286   0.06574191965557498
233.37   127.304   0.06759319492375027
234.071   128.541   0.06256324799752401
235.491   128.558   0.06501353705189661
236.192   129.794   0.060094592102781036
237.613   129.811   0.06226788899584908
238.314   131.047   0.05853417805009638
239.735   131.063   0.06062417009741023
240.437   132.298   0.05836985523367301
241.858   132.313   0.06111660985362915
242.56   133.548   0.06063901384422965
243.982   133.563   0.06390179966166896
244.684   134.797   0.06589757203417931
246.106   134.811   0.06971111819500929
246.809   136.045   0.07442203974631073
248.23   136.06   0.07773441966078473
248.933   137.293   0.08404814096694649
250.354   137.308   0.08821139382191043
251.057   138.542   0.09502531241725502
252.478   138.557   0.09938812806367965
253.18   139.791   0.10656922632730371
254.601   139.807   0.11051407150224206
255.303   141.041   0.11832873699993528
256.724   141.059   0.12063316293623222
257.425   142.294   0.12827564071169353
258.846   142.312   0.13086729920035906
259.545   143.548   0.1366999999999928
260.966   143.568   0.13822376785488544
261.663   144.804   0.14398416579611314
263.084   144.826   0.14465324054441497
263.78   146.064   0.1483900603140179
265.201   146.087   0.149389591337566
265.895   147.326   0.15180961761362652
267.316   147.351   0.1519213283248653
268.008   148.59   0.1533631311626086
269.428   148.617   0.15210946716099583
270.119   149.857   0.1526460284448941
271.539   149.884   0.15144375193451168
272.229   151.125   0.15121273094550616
273.649   151.153   0.1494327942588205
274.338   152.395   0.14904163847732826
222.745   125.949   0.06495198226381521
223.44   127.189   0.06337980750996257
224.86   127.207   0.06375648986572897
225.556   128.446   0.06165257496649536
226.976   128.463   0.06296229030141377
227.673   129.702   0.06019975083004553
229.093   129.719   0.061551279434310616
229.791   130.957   0.05860887304836815
231.211   130.973   0.059826749869936205
231.909   132.21   0.056929869137387644
233.33   132.226   0.058326666285670487
234.029   133.463   0.05555186765537251
235.449   133.477   0.05766636801463757
236.149   134.714   0.05543473640236738
237.569   134.727   0.058258046654518586
238.27   135.963   0.05741959595817781
239.69   135.977   0.060287726777513165
240.391   137.212   0.061489917872771
241.812   137.225   0.06538050168054645
242.513   138.46   0.06830929658545709
243.934   138.472   0.07302739212103242
244.635   139.707   0.0768232386716461
246.056   139.719   0.0825757833750404
246.757   140.954   0.08729398604713828
248.178   140.966   0.09298903161125198
248.878   142.201   0.09799943877389468
250.299   142.213   0.10440828511187249
250.999   143.448   0.10995112550582614
252.42   143.462   0.1151904509931369
253.12   144.697   0.12120214519553302
254.541   144.712   0.1252225618648609
255.239   145.948   0.13072811480320326
256.66   145.963   0.1350563215847607
257.357   147.2   0.13904276320616843
258.777   147.218   0.1418338464542228
259.473   148.455   0.14574295866355017
260.893   148.475   0.14758441652151708
261.587   149.713   0.15022982393651885
263.007   149.734   0.15171779724210177
263.7   150.974   0.15298774460721798
265.12   150.997   0.15344774354808752
265.81   152.238   0.15302300480646924
267.23   152.262   0.15246638973887935
267.92   153.504   0.15214562103459783
269.34   153.529   0.15075082089328354
270.028   154.771   0.1499666629621553
271.448   154.798   0.14829983142268388
272.135   156.04   0.14711903343892477
273.555   156.068   0.14611847932414854
274.242   157.311   0.14545597272026703
275.662   157.339   0.14519297503666057
276.347   158.582   0.14503047955516193
277.767   158.611   0.1451142997777977
278.452   159.855   0.14547082181661114
