58.1957   97.6671   112.95706927600544
59.6151   97.6931   112.96577043963711
3.84667   1.14319   0.33455352785466175
5.26591   1.16943   0.33843048621541133
5.9557   2.41111   0.33087363297790917
7.37476   2.43762   0.3459665489610236
8.06344   3.67999   0.3386664389927058
9.48236   3.70673   0.36491058493828277
10.1701   4.94973   0.3589427377730326
11.5889   4.97649   0.39465444429272617
12.2757   6.22004   0.3904032530602191
13.6945   6.24656   0.4326814677103703
14.3807   7.49051   0.4297857112562028
15.7996   7.51646   0.47452860651387496
16.4855   8.76058   0.471730126661422
17.9046   8.78562   0.5150235067450796
18.5906   10.0297   0.5106224534820226
20.01   10.0536   0.5486932931975755
20.6963   11.2974   0.5412420715354647
22.116   11.3203   0.5715317139057136
22.8029   12.5637   0.5598652873683102
24.2228   12.5853   0.580999629948248
24.9102   13.8283   0.5649242161564698
26.3303   13.8488   0.5770935799330993
27.0181   15.0914   0.5569946050008031
28.4382   15.1105   0.5610564677463407
29.1265   16.3527   0.5381343419630441
30.5467   16.3704   0.5359955783399731
31.2354   17.6122   0.511706878984443
32.6555   17.6281   0.5052932119077038
33.3449   18.8695   0.4812106087774889
3.11478   2.35889   0.33208613415799215
3.80481   3.60033   0.32474210844915063
5.22392   3.62687   0.31618024922502624
5.91292   4.86895   0.3074051528520622
7.33184   4.89587   0.3114047343891864
8.01988   6.13856   0.3023001058550928
9.43864   6.16575   0.320522206718973
10.1258   7.40905   0.31235211252687306
11.5444   7.43624   0.3437583425896747
12.2307   8.68004   0.3371585717433266
13.6494   8.70686   0.3783835355826147
14.3352   9.95095   0.3730681022280001
15.754   9.977   0.41875177611563563
16.4397   11.2211   0.4136124393680617
17.8587   11.2461   0.45855974528953103
18.5447   12.4901   0.4518585951379033
19.9641   12.5139   0.49201204253554665
20.6506   13.7575   0.482210503825872
22.0703   13.7802   0.5146503764693066
22.7575   15.0233   0.50095187393601
24.1774   15.045   0.5243654641564418
24.8652   16.2876   0.5065647145232285
26.2853   16.3082   0.5211580278571937
26.9735   17.5504   0.49971795044805123
28.3937   17.5698   0.5066449348409601
29.0825   18.8116   0.482883650582623
30.5027   18.8295   0.48396384162455663
31.1921   20.0709   0.45937151631332285
32.6123   20.087   0.4567473481039598
33.3025   21.3279   0.4328772689804812
34.7228   21.3422   0.4286960928210079
35.414   22.5825   0.4070442727763157
5.18063   6.08427   0.3066808031162044
5.86897   7.3267   0.29745313479605523
7.28777   7.35393   0.2864654237425524
7.97518   8.59695   0.2758988968807236
9.3938   8.62452   0.2807882314129292
10.0803   9.86809   0.27019282818017265
11.4988   9.89563   0.2925924853785543
12.1847   11.1396   0.28343775330749377
13.6032   11.1666   0.32024793520021366
14.2888   12.4108   0.31265202702045675
15.7075   12.4369   0.3572964875282136
16.3932   13.6809   0.3500447685653938
17.8122   13.7059   0.3958167631619477
18.4985   14.9496   0.38724515490835965
19.9178   14.9734   0.4289073209913767
20.6048   16.2166   0.41739718494498856
22.0245   16.2394   0.45172625560177654
22.7122   17.4821   0.43643139208814924
24.1321   17.504   0.46211822080502246
24.8205   18.7462   0.4429588694224334
26.2406   18.767   0.46011722419400974
26.9295   20.0088   0.43772325732133643
28.3497   20.0285   0.4477482998292696
29.0393   21.2698   0.4233621381276332
30.4595   21.288   0.4280992525104427
31.1499   22.5288   0.40352408850030264
32.5702   22.5453   0.4051623378350954
33.2615   23.7855   0.38196268142319895
34.6819   23.8002   0.38239901935020626
7.24253   9.81183   0.27730592582921815
7.92928   11.0552   0.26636915812458545
9.34779   11.083   0.25256341401715354
10.0338   12.3268   0.24045631619901353
11.4522   12.3546   0.24671716600188093
12.1377   13.5987   0.23528461488163718
13.5562   13.6259   0.2622034896792951
14.2418   14.8699   0.25265670384931377
15.6604   14.8961   0.2929453874018161
16.3465   16.1398   0.28432347775025396
17.7655   16.1649   0.32893175584002404
18.4523   17.4081   0.3192339737559301
19.8717   17.4322   0.36126839053534654
20.5594   18.6749   0.34876059123702574
21.9791   18.698   0.38430650527931565
22.6675   19.9402   0.3679687758492555
24.0875   19.9623   0.39543569641599197
24.7766   21.2041   0.37544158000946215
26.1967   21.2253   0.3948878574988092
26.8865   22.4666   0.37204458066205165
28.3067   22.4866   0.3849863114449637
28.9973   23.7274   0.3606686706660295
30.4176   23.7459   0.3690621356899134
9.30072   13.5413   0.24433839730996018
9.98632   14.7853   0.23202572788378384
11.4047   14.8132   0.21549723896143133
12.0902   16.0572   0.2028972400009403
13.5087   16.0845   0.21124407684003738
14.1947   17.3283   0.200410304126309
15.6133   17.3546   0.23036555732140176
16.3001   18.5978   0.22095836711923866
17.7192   18.6232   0.2611677430311783
18.4069   19.8658   0.2509672090134491
19.8263   19.8902   0.2915209254924937
20.5148   21.1323   0.2785475542883126
21.9346   21.1559   0.314054485718642
22.6239   22.3975   0.2973827668174475
24.0439   22.4202   0.32581126438476754
24.7339   23.6613   0.3056994766106083
26.154   23.683   0.3268733852732577
11.357   17.2716   0.2089755248827004
12.043   18.5153   0.19679377530806233
13.4615   18.5427   0.17870657514484334
14.1483   19.7859   0.16762010619254483
15.567   19.8125   0.17726844050761048
16.2548   21.0552   0.16770539645461496
17.6739   21.0808   0.1972160490426684
18.3626   22.3229   0.1871735558245355
19.782   22.3477   0.22285495282806705
20.4715   23.5892   0.2102253314898075
21.8913   23.6132   0.2437995898273836
13.4154   21.0006   0.17553834338970126
14.1032   22.2432   0.16543143594854964
15.522   22.27   0.14628567940847845
16.2108   23.5121   0.1375041090295116
17.63   23.538   0.14535783432618762
23.0171   0.252446   0.7465983173005427
18.7641   0.181086   0.6734888426366089
20.1836   0.205268   0.7011973618953508
20.8705   1.4492   0.7020681679865581
22.2902   1.47266   0.7244058624831798
22.9772   2.71655   0.7231101130533313
24.397   2.73898   0.7384937470283701
25.0842   3.98266   0.7333308936626065
14.5103   0.106603   0.5681531668705198
15.9296   0.131788   0.6050262133833565
16.6167   1.37545   0.6060133596712213
18.0361   1.4003   0.640755608715212
18.7228   2.64422   0.642148894338376
20.1423   2.66846   0.6727161811640918
20.8289   3.91243   0.6726263096251889
22.2486   3.9358   0.6968853409277589
22.9354   5.17965   0.6935732824294796
24.3553   5.2019   0.7099899619712932
25.0424   6.44547   0.7018934605764614
26.4624   6.46638   0.7096709600934769
27.1499   7.70962   0.6963880183489649
10.255   0.0303307   0.4524763269768813
11.6741   0.0561085   0.48939149696970746
12.3622   1.29907   0.4873085466108718
13.7813   1.32479   0.5267843032019833
14.4684   2.56831   0.5265389942824757
15.8876   2.59379   0.5665246487135407
16.5742   3.83767   0.5673252161679406
17.9935   3.86265   0.605278341261276
18.6798   5.10668   0.6055136848164556
20.0993   5.13088   0.6387431615289504
20.7858   6.37486   0.6366649511320692
22.2055   6.39807   0.6628280467813665
22.8922   7.64183   0.6566817475764035
24.3122   7.66386   0.6742998918137239
24.9993   8.9073   0.6632807511906267
26.4193   8.92799   0.671832281227987
27.1068   10.1711   0.6557894021711558
28.5269   10.1903   0.6559837421765894
29.2147   11.433   0.635739986157862
62.4566   97.744   112.98366537739588
63.8758   97.7701   112.99244015090197
8.10578   1.22124   0.37988996630603433
9.52486   1.24746   0.41057860550691255
10.2132   2.49014   0.4060097686016938
11.6322   2.51642   0.4431581658956551
12.3195   3.75971   0.44051858632752544
13.7385   3.78585   0.4818965241626036
14.4251   5.02961   0.480850617239908
15.8442   5.05536   0.5236362200039272
16.5303   6.29938   0.5229900084131639
17.9496   6.32442   0.5638258685090631
18.6357   7.56851   0.5620610366321449
20.0552   7.59261   0.597795334207286
20.7415   8.83653   0.5929201582844035
22.1612   8.85955   0.6211319325231972
22.8479   10.1032   0.6120667774025969
24.2679   10.125   0.6312922381908417
24.9551   11.3682   0.6174525163929616
26.3751   11.3888   0.6274273264689714
27.0627   12.6316   0.6092054005013418
28.4828   12.6507   0.6109034702798798
29.1708   13.8932   0.5891747703355951
30.5909   13.9107   0.5842596169512312
31.2792   15.1529   0.560461568709219
35.3745   25.0397   0.362254192522323
36.795   25.0525   0.3628865111849696
37.4888   26.2912   0.34662351333975966
31.1091   24.9861   0.34523639727004357
32.5295   25.0029   0.35106744366289405
33.2223   26.2423   0.329502792097427
34.6428   26.2573   0.3347246928447309
35.3369   27.4959   0.31689017024830474
36.7575   27.5092   0.322602882814148
37.4529   28.747   0.3091804812726695
38.8736   28.7586   0.31574917260382523
39.5702   29.9957   0.30706007555525616
26.8448   24.9237   0.304361052041813
28.2651   24.9442   0.3198584218056484
28.9568   26.1842   0.2966810745565033
30.3773   26.2032   0.3083646704796143
31.0702   27.4425   0.2865178702978236
32.4907   27.4597   0.2964275628210047
33.185   28.6982   0.2776619887561169
34.6056   28.7136   0.28736370682464724
35.3013   29.9514   0.2730732136259418
36.722   29.965   0.2834828037112663
37.419   31.202   0.27396556352943247
38.8398   31.2141   0.2852324490656666
39.538   32.4503   0.28020292646579975
40.959   32.461   0.29167209328285104
41.6582   33.6966   0.29016157567810197
22.5815   24.8543   0.22771346029604758
24.0016   24.8775   0.25569059427362645
24.6926   26.118   0.23673212709727526
26.1128   26.1402   0.2586141140773267
26.8047   27.3802   0.23799602937864417
28.2251   27.4011   0.255101430807434
28.9182   28.6403   0.23467411446514483
30.3388   28.6596   0.24896774891539744
31.0332   29.8981   0.23080262130227336
32.4539   29.9156   0.2439630094911926
33.1497   31.1532   0.22950089324444925
34.5705   31.1691   0.24302111019415915
35.2677   32.4059   0.2332921130257084
36.6886   32.42   0.24784085619606872
37.3871   33.6561   0.24282094225992845
38.8081   33.6687   0.2580394543475898
39.5078   34.9041   0.2571550505045562
40.9288   34.9155   0.27212131485791424
41.6295   36.1503   0.2740365851487733
43.0507   36.1605   0.2875619585411124
43.7522   37.3949   0.2908652780927985
18.3196   24.7795   0.13650655661908742
19.7391   24.8048   0.16068064600318377
20.4295   26.0458   0.14972845420961461
21.8494   26.0702   0.17768654985676322
22.5406   27.3107   0.1638425158498261
23.9607   27.3343   0.18914560528862268
24.6529   28.5742   0.17306027851589656
26.0732   28.5968   0.19415607124167128
26.7664   29.836   0.17725134696244377
28.187   29.8572   0.19491190317679583
28.8816   31.0956   0.17901201077022783
30.3022   31.1153   0.19474483305084173
30.9983   32.3528   0.181703659842063
32.4191   32.3708   0.19717715384901888
33.1165   33.6074   0.1881303005897784
34.5374   33.6237   0.20437137764373614
35.2362   34.8596   0.19998864967792154
36.6573   34.8743   0.21750703436900767
37.3573   36.1094   0.21731997147064488
38.7784   36.1227   0.23555417635864512
39.4795   37.3572   0.23859350368356688
40.9007   37.3693   0.2561712122780387
41.6027   38.6033   0.2610660644358038
43.024   38.6143   0.27672417675367744
43.7267   39.8479   0.28192364214446575
45.1481   39.8582   0.2946341969290053
45.8514   41.0915   0.29934399943877105
15.4786   24.7273   0.14853067023345623
16.1682   25.9688   0.14099294308581498
17.5875   25.995   0.12007905729143441
18.278   27.236   0.11367185227662857
19.6977   27.2616   0.11545219790025642
20.389   28.502   0.1080857992522595
21.8089   28.5269   0.12312696698936709
22.5012   29.7668   0.11373288882289267
23.9214   29.7907   0.13225267483117273
24.6148   31.0299   0.12122099653112933
26.0353   31.0527   0.1388180463772628
26.73   32.2911   0.1276829275980157
28.1507   32.3126   0.1437256414144696
28.8468   33.5501   0.13401175321590397
30.2677   33.5701   0.1495314348222473
30.9653   34.8067   0.14263246474768562
32.3863   34.8251   0.15891286920825415
33.0854   36.0608   0.1558005455702905
34.5064   36.0776   0.17354267486701788
35.2068   37.3125   0.17436782960167854
36.6279   37.3278   0.19370529161589542
37.3294   38.5621   0.19787523847111343
38.7507   38.576   0.21793843167280433
39.4531   39.8097   0.2242488350025505
40.8745   39.8225   0.24344907064928367
41.5777   41.0557   0.2502904312993224
42.9991   41.0676   0.26727635510833975
43.7031   42.3005   0.27355493049843016
45.1245   42.3117   0.28730643918993315
45.8289   43.5444   0.29216255749154246
47.2504   43.555   0.30275405860202814
47.9551   44.7876   0.30604401644208057
17.5464   28.4519   0.12894518215117595
18.2377   29.6925   0.12375887846938682
19.6575   29.7182   0.10140838229653326
20.3497   30.9581   0.09780005112473004
21.7699   30.9832   0.09216203122761488
22.4633   32.2224   0.08855806005101942
23.8837   32.2466   0.09363861382997876
24.5785   33.4849   0.0894192932201964
25.9991   33.508   0.09904690807895006
26.6954   34.7455   0.09483506735380097
28.1162   34.7673   0.10627878433629076
28.8141   36.0038   0.1032645147182703
30.2351   36.0241   0.11633434574535344
30.9344   37.2598   0.1154393780302014
32.3555   37.2786   0.13078749940265658
33.0562   38.5134   0.13294701952281374
34.4774   38.5307   0.15088707698143347
35.1793   39.7647   0.15614720618698139
36.6006   39.7806   0.1762228418792522
37.3035   41.014   0.183854099763916
38.7249   41.0286   0.204622970362566
39.4287   42.2616   0.21314640508345428
40.8501   42.2751   0.2328423930473105
41.5546   43.5077   0.240704175285762
42.9761   43.5204   0.2580590242560819
43.6811   44.7527   0.26413091451021353
45.1026   44.7647   0.2783791299648762
45.8081   45.9969   0.2825552866254688
47.2296   46.0084   0.29388082618639877
47.9352   47.2405   0.2963158112554943
49.3567   47.2518   0.3056418001517442
50.0625   48.4839   0.3075069104914546
19.6186   32.1747   0.11563965582791887
20.3119   33.414   0.11210463861946111
21.7322   33.4391   0.091384134290367
22.427   34.6775   0.09063492704250374
23.8476   34.7018   0.08105979274584858
24.544   35.9393   0.0816415335475763
25.9648   35.9625   0.08019033607611252
26.6628   37.199   0.08132680984767497
28.0838   37.2211   0.08534898944920302
28.7833   38.4566   0.08726087324798237
30.2045   38.4773   0.09573573000713965
30.9055   39.712   0.09946883934177646
32.3268   39.7312   0.11236787797231144
33.029   40.9651   0.11852518719665153
34.4504   40.983   0.13553781760084804
35.1538   42.2162   0.14416192285066035
36.5752   42.2327   0.16383812132712225
37.2795   43.4653   0.17369196872624826
38.7009   43.4807   0.19409214306611908
39.406   44.7129   0.20353481274710608
40.8275   44.7273   0.22285535667782308
41.5332   45.9592   0.23063553498973152
42.9547   45.9728   0.24739054145217496
43.6608   47.2045   0.25283886172817666
45.0824   47.2175   0.266851344384848
45.7888   48.4491   0.2701164748770452
47.2104   48.4616   0.28182444890392555
21.6963   35.8945   0.10646938527107076
22.3926   37.132   0.10447420734324797
23.8134   37.1564   0.08799727268501227
24.5114   38.3929   0.08879352453867291
25.9325   38.4163   0.07948559617943463
26.6322   39.6518   0.08205315350429958
28.0534   39.6741   0.07884212072236446
28.7546   40.9086   0.08295504806821503
30.176   40.9297   0.08605242588097042
30.8786   42.1634   0.09234137750759457
32.3   42.1831   0.10185838208021503
33.0038   43.4161   0.11068251894494929
34.4253   43.4345   0.12574545717440747
35.1301   44.6669   0.13633242460984982
36.5516   44.6841   0.1547116673040544
37.2572   45.916   0.16547105487063288
38.6788   45.9322   0.18472276524565293
39.385   47.1637   0.19415184778930097
40.8067   47.1789   0.21220570209115305
41.5134   48.4103   0.21937898714325205
42.935   48.4248   0.23493167091731165
23.7813   39.6102   0.1003973605230735
24.4811   40.8457   0.10007577129355498
25.9024   40.8692   0.08728379001853773
26.6038   42.1037   0.08951809872869367
28.0252   42.1262   0.081477420184983
28.728   43.3598   0.08613860922954578
30.1495   43.3812   0.08421312249287435
30.8537   44.614   0.09190005440694748
32.2753   44.6342   0.09748753766507776
32.9805   45.8664   0.1077835794543842
34.4021   45.8854   0.11991567870799444
35.1082   47.117   0.13145189234088148
36.5298   47.1349   0.1474196730426476
37.2366   48.3662   0.1585336241937385
38.6583   48.3831   0.17549122485184265
25.8745   43.3214   0.09822082263960191
26.5776   44.555   0.10077370688825572
27.9991   44.5776   0.0895438440095099
28.7035   45.8103   0.09485420391316068
30.1252   45.832   0.088722657760011
30.8307   47.064   0.09715847878595125
32.2524   47.0847   0.0981878302031382
32.9589   48.316   0.10936585390330877
34.3807   48.3356   0.11743138422074095
27.9753   47.0284   0.10274692209501973
28.681   48.2603   0.10900004587155074
30.1028   48.2822   0.09916637534970875
47.9169   49.6933   0.2837373080861943
49.3384   49.7055   0.29407247406039333
50.045   50.9372   0.2961626073629164
51.4664   50.9494   0.3062263541891841
52.1729   52.1813   0.3096767831142653
43.6421   49.656   0.23972607284148298
45.0637   49.6699   0.2529698203343611
45.771   50.901   0.25597441278377625
47.1926   50.9145   0.2676190763006272
47.9   52.1457   0.2701895630848848
49.3215   52.159   0.2812946675641076
50.0288   53.3904   0.28488513474732297
51.4502   53.4037   0.29656569255394566
52.1573   54.6353   0.3024934214160714
53.5785   54.6487   0.31551966658197345
54.2853   55.8806   0.3248376517585371
39.3656   49.6141   0.18475508112092837
40.7874   49.6301   0.20064934587483702
41.4951   50.8609   0.20766102186014732
42.9168   50.8763   0.22149144453003164
43.6247   52.107   0.22646496417768253
45.0464   52.1219   0.23858979441711062
45.7545   53.3526   0.2427221868721516
47.1761   53.3671   0.2538970657569678
47.8842   54.598   0.2585932133680221
49.3057   54.6123   0.2701009070699308
50.0136   55.8434   0.27662789085700956
51.435   55.8578   0.28954505694278826
52.1426   57.0891   0.29910173854393085
53.5639   57.1037   0.3143259772910893
54.2711   58.3354   0.32773576246726555
55.6922   58.3502   0.34568254222624495
56.3989   59.5824   0.36353236444641274
35.0879   49.5666   0.1296088731530336
36.5097   49.5852   0.14195333740352853
37.2175   50.8158   0.15344054223053236
38.6393   50.8335   0.1670456225107341
39.3476   52.0639   0.1768533007890982
40.7694   52.0808   0.1898496510399738
41.478   53.3112   0.19775770528604292
42.8998   53.3274   0.20937991785269294
43.6085   54.5577   0.216095603842375
45.0303   54.5735   0.2267188787904501
45.739   55.8039   0.2333932732535348
47.1607   55.8194   0.24390243951219387
47.8693   57.05   0.2517577804160213
49.2909   57.0654   0.263379327206976
49.9993   58.2962   0.27368304660683435
51.4207   58.3117   0.2875389538827685
52.1287   59.5429   0.30104586029374214
53.5499   59.5585   0.3181246768171267
54.2575   60.7901   0.33587322012926524
55.6784   60.806   0.3565401940875712
56.3854   62.038   0.37882488038670414
57.8062   62.0542   0.4026128289063817
58.5124   63.2867   0.42917019933820966
30.8096   49.5135   0.10842112340314305
32.2314   49.5345   0.10462356331152364
32.939   50.7652   0.11652729294032456
34.3608   50.7853   0.11932254606736906
35.0691   52.0157   0.13239222031524242
36.491   52.0349   0.13992390789282408
37.1997   53.265   0.1524459248389394
38.6216   53.2834   0.16185410096750624
39.3307   54.5134   0.17321977369803773
40.7526   54.5311   0.1826577674231216
41.4619   55.761   0.19284514512945064
42.8838   55.7781   0.20178907304411065
43.5932   57.0081   0.21144770038948657
45.015   57.0248   0.2201333686654546
45.7243   58.2549   0.23030633946984683
47.146   58.2715   0.23966432775863997
47.8551   59.5018   0.2512094345362053
49.2767   59.5182   0.262642989626602
49.9855   60.7489   0.27649291130154013
51.4068   60.7654   0.29105482301449354
52.1152   61.9964   0.3084369627654894
53.5363   62.0131   0.327202903410098
54.2441   63.2446   0.3487087896798712
55.665   63.2616   0.3720969497321919
56.372   64.4934   0.3978842042604892
57.7927   64.5107   0.4249658574521062
58.499   65.7431   0.45443576003655495
59.9195   65.7608   0.4833210527175473
60.6251   66.9938   0.514903748287001
30.0822   50.732   0.11575292652887928
30.7901   51.9627   0.12582392459306038
32.212   51.9839   0.11758426765516433
32.9205   53.2141   0.13005606483359305
34.3424   53.2345   0.1276420385296325
35.0515   54.4645   0.14160942765225606
36.4735   54.4842   0.143914731699018
37.183   55.7139   0.15804790413036224
38.605   55.7329   0.1628843147758516
39.3147   56.9625   0.17633612789216072
40.7367   56.9809   0.1821104335286678
41.4466   58.2105   0.19503973954042703
42.8685   58.2285   0.20101378062212075
43.5784   59.4582   0.2137913234909224
45.0003   59.4758   0.22053784255769368
45.7101   60.7057   0.23376982268890012
47.1318   60.7232   0.2419488169014276
47.8413   61.9533   0.25652420938383047
49.2628   61.9708   0.2674463123694169
49.9719   63.2013   0.28434106281013866
51.3932   63.2189   0.29958961931281936
52.1018   64.4498   0.31988399459804046
53.5228   64.4675   0.34043802666564366
54.2307   65.6989   0.36473127093793367
55.6515   65.7169   0.3905714915351599
56.3586   66.9487   0.4185863949055182
57.7792   66.967   0.44860646450981967
58.4855   68.1995   0.479089814126745
59.9059   68.2181   0.511190502650434
60.6113   69.4512   0.5425434268332828
62.0316   69.4702   0.5741316922100693
62.7361   70.7041   0.604573643156896
32.1939   54.4329   0.1367276855651382
32.9032   55.6628   0.14941817158565
34.3251   55.6834   0.14278238686897143
35.0349   56.913   0.15732263028566926
36.4569   56.9331   0.15515637273408983
37.167   58.1625   0.17045823535400523
38.5891   58.182   0.17129264432543703
39.2994   59.4113   0.18662239951302892
40.7214   59.4304   0.1889193743373119
41.4318   60.6597   0.20401838152480484
42.8538   60.6785   0.20742702331181365
43.5641   61.908   0.22235294016495755
44.986   61.9265   0.22708240794918047
45.6961   63.1562   0.24241371660861138
47.1178   63.1746   0.2493496741525847
47.8276   64.4046   0.26589849567080565
49.2491   64.4231   0.2765712566410312
49.9584   65.6534   0.2954737721016851
51.3796   65.672   0.31138429632851156
52.0883   66.9028   0.3335734252005101
53.5092   66.9216   0.3556987770572175
54.2171   68.1529   0.3813422871909203
55.6378   68.1719   0.40942293536146485
56.3449   69.4038   0.43780573317397264
57.7653   69.4231   0.4701803377428708
58.4715   70.6557   0.49990379074377755
59.8918   70.6753   0.5344835451162188
60.597   71.9086   0.5638042302076115
62.0172   71.9286   0.597962147631439
62.7214   73.1628   0.6252915719886233
64.1415   73.183   0.656893872706996
34.3088   58.1321   0.1630371123394871
35.019   59.3614   0.17736812002160385
36.4411   59.3817   0.17229062655873115
37.1516   60.6109   0.1879013304902323
38.5738   60.6308   0.18587961157695557
39.2844   61.8599   0.20184749193388404
40.7065   61.8796   0.20160627470393733
41.4172   63.1087   0.21766694742197484
42.8393   63.1282   0.21888768809597364
43.5498   64.3575   0.23479203564005083
44.9718   64.3768   0.23786462536493427
45.6821   65.6064   0.2541432273345101
47.1038   65.6257   0.2599782106254308
47.8137   66.8556   0.27752884534764627
49.2352   66.875   0.2879031955362728
49.9445   68.1053   0.30770441985775493
51.3658   68.1248   0.3243859121478663
52.0743   69.3556   0.34690844613529326
53.4953   69.3753   0.3704687571172536
54.203   70.6067   0.3957593460677867
55.6237   70.6267   0.4254958989226556
56.3305   71.8588   0.45249615467979465
57.7509   71.879   0.48666878880815934
58.4568   73.1118   0.5138291836787783
59.877   73.1323   0.5502014358396397
36.4258   61.8302   0.19246643863281898
37.1366   63.0593   0.2076615997241655
38.5587   63.0795   0.2036949680281738
39.2697   64.3084   0.21978546357754666
40.6918   64.3285   0.21765302662724495
41.4027   65.5575   0.23377102044522427
42.8248   65.5775   0.23323271640145662
43.5355   66.8068   0.24933266933958345
44.9574   66.8268   0.25070143597514555
45.6678   68.0563   0.26725858264983826
47.0896   68.0763   0.2721220681973393
47.7995   69.3062   0.28981047255059555
49.2209   69.3264   0.29970168501361194
49.9302   70.5568   0.31943166718407984
51.3514   70.5772   0.3361451323461311
52.0598   71.8081   0.3580324147336377
53.4807   71.8288   0.3820344879719634
54.1882   73.0603   0.40566977950052285
55.6088   73.0812   0.43614412755418885
38.5439   65.5279   0.22310746289624317
39.2549   66.7569   0.23861487799380404
40.6771   66.7772   0.23521951449656753
41.388   68.0062   0.2510009960139542
42.8101   68.0266   0.24885990034555763
43.5208   69.2558   0.26471747203387386
44.9428   69.2764   0.26465383050316904
45.6531   70.5059   0.280807300474902
47.0748   70.5266   0.2842749901064138
47.7846   71.7566   0.30141713620827626
49.2061   71.7776   0.31042245408474983
49.9151   73.008   0.3290034346325335
51.3362   73.0292   0.3450781505688184
40.6622   69.2257   0.2537946019914506
41.373   70.4548   0.2692076893404012
42.7951   70.4754   0.265517494715504
43.5057   71.7047   0.2809708525808259
44.9276   71.7257   0.2789641195566187
45.6377   72.9553   0.29448213867737516
47.0595   72.9766   0.2961479528884186
42.7796   72.9241   0.28352548386344567
64.8446   74.4181   0.6810866391289754
60.5818   74.366   0.5759735584208706
62.002   74.3868   0.6121918816841663
62.7056   75.6214   0.6352087294740196
64.1257   75.6425   0.669081616845059
64.8281   76.878   0.6883070971594032
66.2482   76.8993   0.7180747175607866
66.9492   78.1358   0.7328772543884815
56.3153   74.3135   0.4603858490440402
57.7357   74.3346   0.49552184613799277
58.4411   75.5678   0.5189451608792558
59.8613   75.5892   0.5564506626826851
60.5655   76.8232   0.5776477300223724
61.9856   76.8449   0.6152387666589283
62.6885   78.0799   0.6332033480644264
64.1085   78.1019   0.6686868699174539
64.8101   79.3379   0.6826670271808999
66.23   79.36   0.7143612041537537
66.93   80.597   0.7237659497379035
68.3499   80.6193   0.7505117853838141
69.0482   81.8574   0.7553582527516314
52.0444   74.2604   0.3650968638594406
53.4652   74.2818   0.38868889873522156
54.1724   75.5137   0.4095960326956325
55.5929   75.5354   0.43976294750694755
56.299   76.768   0.4604474128497178
57.7192   76.79   0.4954084375543075
58.4241   78.0236   0.5145476168441566
59.8442   78.0458   0.5521652107838751
60.5476   79.2803   0.5685578774408145
61.9676   79.3028   0.6066023491546978
62.6697   80.5384   0.6194918643533606
64.0896   80.561   0.65590432991405
64.79   81.7976   0.6646265793661914
66.2098   81.8204   0.6978797102653174
66.9085   83.0581   0.7023139540120245
68.3284   83.081   0.731222107160337
69.0253   84.3198   0.7317307018295747
70.445   84.3429   0.755687223658041
71.14   85.5828   0.7531193132565361
47.7689   74.2067   0.3120706810964531
49.1904   74.2283   0.3192738009921884
49.899   75.459   0.3360509187608328
51.3201   75.4809   0.35030874953388785
52.0278   76.7123   0.36783061319036575
53.4486   76.7346   0.3897507921736643
54.1552   77.9667   0.407342877684144
55.5757   77.9893   0.4360530701646283
56.281   79.2223   0.4526973160954202
57.7013   79.2451   0.48651842719469496
58.4052   80.4791   0.5011275885440738
59.8253   80.5022   0.5379499604981868
60.5277   81.7372   0.5496496520511999
61.9476   81.7604   0.587283662296171
62.6485   82.9966   0.5954680512000606
64.0683   83.0199   0.6320413752279146
64.7673   84.2572   0.6362439626432603
66.1871   84.2806   0.6702228957593132
66.8843   85.519   0.6707244143461606
68.304   85.5426   0.7013077070730103
68.9993   86.7821   0.6987900042215894
70.419   86.8057   0.7255502050168531
71.1124   88.0464   0.7211845949547174
72.532   88.0701   0.7440410606949015
73.2236   89.3118   0.7392999391316128
43.4899   74.1535   0.2985404997651068
44.9118   74.1747   0.2942367244243969
45.6215   75.4046   0.30883500449268597
47.0432   75.4262   0.30771969387739856
47.7522   76.6566   0.32234400878564284
49.1736   76.6787   0.3264797237195594
49.8817   77.9097   0.34122346050645797
51.3028   77.9323   0.35233928251048047
52.0098   79.164   0.3670584967004577
53.4305   79.1869   0.38577997615221565
54.1363   80.4196   0.3999797619880251
55.5568   80.4428   0.42582130054754186
56.2611   81.6764   0.43852345433283013
57.6813   81.6999   0.4698748876030726
58.3842   82.9345   0.480407004528451
59.8042   82.9582   0.5152628164344861
60.5053   84.1939   0.5227624030092412
61.9252   84.2178   0.5590956984273813
62.6245   85.4546   0.5631425396824518
64.0443   85.4786   0.5991645266535778
64.7417   86.7166   0.5998323265713483
66.1614   86.7406   0.634221349372595
66.8569   87.9798   0.6320494047145353
68.2765   88.0038   0.6639562033748927
68.9701   89.2442   0.6600079772245186
70.3897   89.2683   0.6892867690591536
71.0814   90.5097   0.6847500930996664
72.5009   90.5338   0.7111986009547591
73.1911   91.7762   0.7074724800301433
74.6106   91.8003   0.7310372151949616
75.2995   93.0434   0.7288149079155808
44.895   76.6236   0.3113265488197289
45.6041   77.8538   0.32517793590586835
47.0258   77.8756   0.3203512759456318
47.7341   79.1064   0.333542171246753
49.1555   79.1289   0.33337370922134757
49.8628   80.3603   0.34615276974191633
51.2838   80.3833   0.35251134733509026
51.9899   81.6155   0.3646664640462617
53.4106   81.639   0.3786623958092517
54.1153   82.8722   0.3896234207539344
55.5357   82.896   0.4110189290044916
56.2389   84.1303   0.42031146784260004
57.659   84.1543   0.44773542410669176
58.3604   85.3897   0.45452219967785773
59.7804   85.4139   0.48632135466170817
60.48   86.6505   0.4902074356841157
61.8998   86.6748   0.5243293335299842
62.5974   87.9125   0.5251449418969973
64.0171   87.937   0.5599889820344656
64.7128   89.1759   0.5582523622878828
66.1324   89.2003   0.5926700684191877
66.8261   90.4404   0.5890541995436378
68.2456   90.4649   0.6223417549867591
68.9374   91.706   0.6181923487070952
70.3569   91.7306   0.6499862383158583
71.0471   92.9727   0.646504795032486
72.4666   92.9972   0.6764363310763238
73.1554   94.2401   0.6744637573658084
74.5749   94.2645   0.7021635920496004
75.2629   95.508   0.701913171268359
76.6824   95.5321   0.7262362219002836
77.3698   96.7759   0.7267974270730488
47.007   80.3249   0.3358108693893002
47.7144   81.5561   0.34793759497932697
49.1357   81.5788   0.3422072179250456
49.8419   82.8108   0.3531104926223543
51.2629   82.8341   0.35341619940234714
51.9678   84.067   0.3632041023997351
53.3885   84.0909   0.370830702612392
54.0918   85.3248   0.37900539573995284
55.5122   85.349   0.394334718228057
56.2138   86.5841   0.4004238254649694
57.6339   86.6086   0.4225078224127944
58.3337   87.8448   0.42621826568085824
59.7536   87.8696   0.45356096613354807
60.4514   89.1069   0.4545012431226137
61.8711   89.1318   0.48547949493258735
62.567   90.3704   0.4840287388161984
63.9866   90.3952   0.5172139692622388
64.6804   91.635   0.5138174967826659
66.0999   91.6599   0.5480654522956185
66.7918   92.9008   0.5440711442449409
68.2113   92.9257   0.5787613411415733
68.9015   94.1676   0.5752335004152692
70.3209   94.1925   0.6096890600953846
71.0098   95.4353   0.6077658266141648
72.4292   95.4601   0.6411810820665197
73.117   96.7035   0.6410509574129047
74.5364   96.7281   0.6724186196113279
49.1139   84.0286   0.3552751891140203
49.8189   85.2613   0.3648082510031759
51.2398   85.2848   0.35778162334026875
51.9433   86.5185   0.36560615421515846
53.3638   86.5426   0.36536197120116254
54.0656   87.7774   0.37119063835177907
55.4859   87.802   0.3786865854502871
56.1858   89.038   0.38221025627264005
57.6058   89.0629   0.3971858255275514
58.3038   90.3   0.39830081596703204
59.7236   90.3251   0.41983003703879707
60.4195   91.5635   0.4183993666343205
61.8392   91.5887   0.4452951942251333
62.5331   92.8282   0.44194334478527997
63.9526   92.8535   0.4727657665271457
64.6447   94.0941   0.46856863958229295
66.064   94.1194   0.5023294138312013
66.7545   95.3611   0.4984667391110417
68.1738   95.3864   0.5344152879549805
68.8627   96.6289   0.5317873823249303
70.282   96.6542   0.5688914131888433
51.2142   87.7357   0.3680764730324396
51.916   88.9702   0.37422262090899466
53.3365   88.9946   0.36525132443291575
54.0364   90.2303   0.36903097430974774
55.4566   90.2551   0.3674061921089501
56.1547   91.492   0.3688047450887732
57.5746   91.5173   0.37502619908480217
58.2706   92.7554   0.37385079911644054
59.6903   92.7808   0.387909693098797
60.3844   94.0201   0.38457483016963423
61.8039   94.0457   0.40584010398185105
62.4961   95.2861   0.4009916457982619
63.9155   95.3118   0.4285962319013086
64.6061   96.5531   0.4236269821434842
66.0253   96.5789   0.4564199272599735
53.3062   91.4468   0.3726922725252049
54.0043   92.6836   0.3748384718782216
55.4243   92.7086   0.36325583271297773
56.1205   93.9465   0.3628775137701419
57.5402   93.972   0.35893343394005595
58.2344   95.2111   0.3558847285287752
59.654   95.2368   0.360697463256954
60.3464   96.477   0.355620935829147
61.7658   96.5029   0.36940240930453677
55.3892   95.1626   0.3683411869449342
56.0835   96.4015   0.3664127317656987
57.5032   96.4272   0.351806893053563
34.765   18.8836   0.4726881741698224
35.4552   20.1245   0.4501348797860496
36.8754   20.1367   0.4411516405953872
37.5665   21.3769   0.4214107853389618
38.9867   21.3874   0.4129673110550029
39.6789   22.627   0.3967010209212991
41.0993   22.6357   0.3894373633846656
41.7926   23.8746   0.3768851416545907
43.213   23.8819   0.3705314696486665
36.8344   22.595   0.4026799349359257
37.5267   23.8345   0.3844245699743973
38.9472   23.8452   0.38076205168057614
44.276   0.508713   0.5681428395755799
45.6952   0.516839   0.5299887518391302
46.387   1.75739   0.5106452052061184
40.0245   0.472312   0.663494021751514
41.4439   0.48281   0.6320559711362594
42.1345   1.72416   0.61011045360656
43.5538   1.7331   0.5761870495767863
44.2448   2.97403   0.5541528547251212
45.6642   2.98151   0.5198629897386438
46.3557   4.22201   0.4995449278093028
47.7751   4.22811   0.46624038177747
48.4671   5.46819   0.448792424624124
35.7733   0.42918   0.7332109198047986
37.1929   0.442558   0.711089748993755
37.8824   1.68464   0.6908062446156646
39.3019   1.69627   0.6642279954955247
39.9918   2.93795   0.6411827181856969
41.4113   2.94793   0.6116970953012584
42.1016   4.18919   0.5879710965685293
43.521   4.19758   0.5571496420172973
44.2118   5.43843   0.534558328809869
45.6312   5.4453   0.504046953070843
46.3224   6.68576   0.48381247648236864
47.7419   6.6912   0.4546248168545165
48.4337   7.93127   0.43769265472475166
49.8532   7.93538   0.4103970828356376
50.5454   9.17509   0.3966821297966432
31.5218   0.378096   0.7729208511361298
32.9415   0.394823   0.7613509177934972
33.6303   1.63758   0.7460228536043656
35.05   1.65243   0.7287054280709043
35.739   2.8948   0.7086399173063861
37.1586   2.90778   0.6865075572053084
37.8479   4.14976   0.663250797210226
39.2674   4.16096   0.6376796083457609
39.9571   5.40254   0.6130679020304356
41.3766   5.41204   0.5856725641516796
42.0667   6.65323   0.5614856668695999
43.4862   6.66108   0.5337447499507578
44.1768   7.90189   0.511578364378323
45.5963   7.90818   0.48468523032995037
46.2873   9.14859   0.4653628584234028
47.7069   9.15344   0.4400149002022534
48.3983   10.3935   0.4239186832400771
49.818   10.397   0.40042501170631306
50.5099   11.6367   0.38752325091534917
51.9295   11.6391   0.36562311196093733
52.6218   12.8784   0.3550470813849909
27.2697   0.318824   0.7790816803397463
28.6896   0.338805   0.7796301965169123
29.3776   1.58214   0.7707507791757344
30.7974   1.60041   0.7644053241572809
31.4857   2.84341   0.7503051645830505
32.9055   2.85983   0.7376482037529837
33.594   4.10245   0.7186298366335758
35.0138   4.11699   0.7006893954527914
35.7026   5.35922   0.6779114673760847
37.1222   5.37187   0.6558646936678344
37.8114   6.61374   0.631249789623728
39.231   6.62457   0.6068113546234957
39.9204   7.86605   0.5819658117965363
41.34   7.87513   0.5566797431198669
42.0299   9.11624   0.5331968675826961
43.4495   9.12362   0.5082310526719139
44.1399   10.3643   0.487268611753311
45.5595   10.3702   0.46360580237956367
46.2504   11.6105   0.4456628882911389
47.6701   11.6149   0.42378082778719295
48.3614   12.8548   0.4089941197621324
49.7811   12.8579   0.388710586426461
50.473   14.0975   0.3767916267647151
51.8927   14.0995   0.35775540527013755
52.585   15.3387   0.3478813734594041
54.0048   15.3398   0.3294991502265236
54.6975   16.5787   0.32052427365177816
24.4369   0.27501   0.7607954114274097
25.1242   1.51878   0.7579888073711891
26.5441   1.54007   0.7652719613967327
27.2317   2.7836   0.758145190580275
28.6516   2.80337   0.75812464674353
29.3395   4.04657   0.7458232562745691
30.7594   4.0646   0.7386216893647253
31.4475   5.30745   0.7211051202148018
32.8673   5.32362   0.7075464199612629
33.5558   6.5661   0.6859686144423813
34.9755   6.58038   0.6676122033785769
35.6642   7.82249   0.6434596223540384
37.0839   7.83487   0.6219919251083572
37.7729   9.07661   0.5969888294599828
39.1926   9.08714   0.57402983371947
39.882   10.3285   0.5498792049168622
41.3016   10.3372   0.5267158436956321
41.9915   11.5783   0.5046492445253465
43.4111   11.5853   0.4822842626501504
44.1015   12.8259   0.46303720152920974
45.5212   12.8313   0.4423005991404485
46.2121   14.0715   0.42619317216492325
47.6319   14.0755   0.4071551178605048
48.3234   15.3153   0.3940132611981462
49.7432   15.3181   0.37649269581228323
50.4352   16.5575   0.36569736121552676
51.8551   16.5593   0.3490669420039687
52.5477   17.7984   0.33982642628259596
53.9676   17.7994   0.32327874968825226
54.6607   19.0381   0.31441502826678136
56.0806   19.0385   0.2971547408337939
56.7742   20.2768   0.28778168809012294
26.5041   4.00378   0.7408477941520802
27.1916   5.24717   0.7305884685648982
28.6116   5.26673   0.7300633137612101
29.2994   6.50977   0.7145103081131849
30.7194   6.5276   0.706656978738625
31.4074   7.77028   0.6865709647225094
32.8273   7.78627   0.6727268572013465
33.5157   9.02859   0.6495731995703019
34.9355   9.04268   0.6315558293611109
35.6241   10.2847   0.6069151093851605
37.0439   10.2968   0.5865036828528877
37.7329   11.5385   0.5621144812224637
39.1526   11.5487   0.5408368145753372
39.842   12.79   0.518004382220845
41.2617   12.7985   0.49717723198070896
41.9517   14.0393   0.4767735206573472
43.3715   14.046   0.45716108758292295
44.062   15.2864   0.4398368220147114
45.4818   15.2916   0.4218349203183631
46.1731   16.5316   0.4076553691538955
47.593   16.5355   0.391233753656304
48.2848   17.775   0.3798479827509932
49.7048   17.7778   0.3645944322120112
50.3974   19.0168   0.3551882458640768
51.8174   19.0187   0.34029905965194795
52.5107   20.2574   0.33190674895216965
53.9307   20.2585   0.3165447993570559
54.6246   21.4968   0.30801793778934294
56.0446   21.4975   0.29146219308857546
56.739   22.7355   0.2820356892309901
58.159   22.7359   0.2639805106442532
58.8539   23.9737   0.25343064139918287
28.5699   7.72898   0.6957829690356058
29.2577   8.97187   0.677657821396611
30.6777   8.98953   0.6698974446883638
31.3658   10.232   0.6480120446411478
32.7857   10.2479   0.6346355016858112
33.474   11.4901   0.6106472713441015
34.8939   11.504   0.5937145442045376
35.5826   12.7459   0.5692912962622905
37.0024   12.7579   0.550650124852432
37.6915   13.9994   0.5271463269339905
39.1113   14.0095   0.5082751813732396
39.801   15.2505   0.4869375421961213
41.2208   15.2588   0.4686716334492611
41.9111   16.4994   0.4502102730946933
43.3311   16.506   0.4334394882795057
44.0221   17.7461   0.4181752025168391
45.4421   17.7513   0.4029058078509212
46.134   18.9909   0.39072585018142975
47.554   18.9948   0.3767635996218354
48.2467   20.2339   0.367087264829496
49.6668   20.2368   0.3538488236521357
50.3603   21.4754   0.3457137255013178
51.7804   21.4776   0.3323050556341251
52.4747   22.7157   0.32465039658069156
53.8948   22.7173   0.3102173915176222
54.5898   23.9551   0.3021726162311848
56.0099   23.9563   0.285989317982332
30.6347   11.4505   0.6289097630026127
31.3229   12.6929   0.6058953292442522
32.7428   12.7086   0.5939831058203612
33.4313   13.9506   0.5696319250182517
34.8512   13.9645   0.5548264413309795
35.5401   15.2062   0.5308662637614127
36.9601   15.2182   0.5146605580380136
37.6495   16.4594   0.4923957046928815
39.0695   16.4695   0.47623548796787224
39.7596   17.7102   0.4565102408489865
41.1796   17.7185   0.44142656240874323
41.8706   18.9587   0.4249285704680288
43.2907   18.9653   0.41120013375484277
43.9826   20.205   0.3980836846694392
45.4028   20.2103   0.3856555587567727
46.0956   21.4493   0.37541057523729804
47.5159   21.4535   0.3640081729851704
48.2096   22.6921   0.3558830285360653
49.6299   22.6953   0.34452271332961554
50.3245   23.9334   0.3375770430583244
51.7448   23.936   0.32541748570106127
32.6993   15.1687   0.5509584648591965
33.388   16.4104   0.5266163499170907
34.8081   16.4244   0.5146498324103509
35.4974   17.6657   0.4913148074300232
36.9175   17.6778   0.47834687204997905
37.6076   18.9186   0.4572463121775818
39.0277   18.9288   0.4446486365659979
39.7187   20.169   0.42661984248274104
41.1389   20.1774   0.415179262487904
41.8309   21.4171   0.40058598327949346
43.2512   21.424   0.3903772278194533
43.9442   22.663   0.3792471753355596
45.3646   22.6686   0.37001325651927774
46.0587   23.907   0.3616141728417198
47.4791   23.9117   0.3526960305985876
43.9075   25.1202   0.3614763477739586
45.328   25.1263   0.35556470578503707
46.0235   26.364   0.3490178935240994
47.444   26.3691   0.3427498358861789
48.1405   27.6063   0.3378744589340864
49.5611   27.6107   0.33026808807391894
50.2584   28.8474   0.3259731737428745
51.679   28.8512   0.31633129785084374
52.377   30.0875   0.3121392798095115
53.7976   30.0911   0.30018635878400834
54.4962   31.3271   0.29593514492199335
55.9167   31.3305   0.28163355623930886
56.6158   32.5663   0.27779094657673925
58.0362   32.5697   0.26173402530049533
58.7356   33.8055   0.2589484311595627
60.1559   33.809   0.24214933408952466
60.8554   35.0448   0.24078664830094054
62.2757   35.0485   0.22485079497302166
62.9752   36.2844   0.22516815938315937
64.3953   36.2885   0.21137215994544142
65.0947   37.5246   0.21320977932543794
66.5147   37.5292   0.2034533361731849
67.2138   38.7656   0.2060099026746127
39.6407   25.0841   0.3664863708243469
41.0613   25.0932   0.3638704302358209
41.756   26.3313   0.35340551778375023
43.1766   26.3391   0.35137709088669994
43.8726   27.5766   0.34445121570405174
45.2932   27.5833   0.3421996639390509
45.9902   28.8201   0.337641244518499
47.4109   28.8259   0.3341753132713425
48.1088   30.0623   0.33092403962238887
49.5295   30.0675   0.32544514130648927
50.2281   31.3034   0.3227705686706885
51.6489   31.3081   0.31476475342706245
52.3482   32.5438   0.31241141144331
53.7689   32.5481   0.30176225741467577
54.4686   33.7836   0.29970270269051724
55.8893   33.7878   0.28691606786654544
56.5894   35.0231   0.2856970948399739
58.01   35.0274   0.2712354512227348
58.7102   36.2628   0.27112296103429095
60.1308   36.2672   0.2558246469752281
60.8311   37.5026   0.2572404517178427
62.2515   37.5073   0.24181083515839358
62.9517   38.7429   0.24463170276969762
64.372   38.748   0.22998697789223202
65.072   39.9838   0.2336950791095091
66.4922   39.9895   0.2208714331913498
67.1917   41.2256   0.22483796387620544
68.6118   41.2319   0.21511708439824292
69.3108   42.4684   0.21869380421035858
38.9094   26.3023   0.3481394260924796
39.6045   27.5403   0.33619717428913726
41.0252   27.55   0.33852544956029695
41.7215   28.7872   0.3306796788434393
43.1422   28.7956   0.33304194930969383
43.8396   30.0322   0.3284130326281224
45.2605   30.0395   0.32994104018748543
45.9588   31.2756   0.3274001985338423
47.3797   31.2821   0.32687505258125815
48.0789   32.5178   0.32550396310951274
49.4998   32.5236   0.3223933622145472
50.1997   33.759   0.32155231300676307
51.6206   33.7644   0.31556126188111455
52.321   34.9995   0.31506586612960996
53.7419   35.0047   0.30638377894399066
54.4426   36.2396   0.30648833583025725
55.8635   36.2448   0.2956303265904943
56.5645   37.4797   0.2967947101954485
57.9852   37.4849   0.28429500523224005
58.6863   38.7198   0.28669077418012856
60.107   38.7252   0.2732764900242979
60.808   39.9603   0.276988194694289
62.2286   39.966   0.262836565188333
62.9295   41.2013   0.267534109974783
64.3499   41.2075   0.2530750284006716
65.0504   42.4431   0.25832069216382203
66.4707   42.4498   0.243979507336164
67.1708   43.6858   0.24938157510129308
68.591   43.6931   0.23613712118173447
69.2904   44.9296   0.2409553900621532
70.7104   44.9376   0.22968121385955884
71.4092   46.1746   0.23373962009039426
40.9911   30.0059   0.31413166029549006
41.6889   31.2423   0.30926734389521476
43.1098   31.2512   0.31589772078950074
43.8086   32.4871   0.31396211554899495
45.2296   32.4951   0.31894240859440554
45.9293   33.7304   0.31868567586259783
47.3503   33.7376   0.32106644172195653
48.0508   34.9726   0.32161256194371746
49.4719   34.9793   0.32098825523685315
50.1729   36.214   0.32191964835964704
51.5939   36.2203   0.3181354585707142
52.2954   37.4548   0.3194303053875745
53.7164   37.4609   0.31312708282740315
54.4181   38.6954   0.315054598442872
55.8391   38.7014   0.30674994702526304
56.541   39.9359   0.30975571019756964
57.9619   39.9421   0.2998420584240988
58.6637   41.1767   0.30396080339412157
60.0845   41.1831   0.2928716442402716
60.7862   42.4178   0.29805860162055464
62.2069   42.4246   0.2858054233215286
62.9083   43.6597   0.2917420264548794
64.3289   43.667   0.2785386508188738
65.0299   44.9024   0.2849243583830618
66.4504   44.9102   0.2708597238424312
67.1508   46.1461   0.2773002163720786
68.5711   46.1546   0.26257673164239476
69.271   47.3909   0.2689676002792905
70.6911   47.4001   0.25428539085052565
71.3903   48.637   0.2601093231700796
72.8103   48.6469   0.2464598344558405
43.0793   33.7062   0.30059125070434095
43.7795   34.9413   0.301397577959743
45.2006   34.95   0.3095575067737848
45.9016   36.1846   0.3114962279065378
47.3228   36.1926   0.3165596468282081
48.0244   37.4269   0.3188061009453888
49.4456   37.4344   0.3206150027681189
50.1477   38.6686   0.3230024148516562
51.5689   38.6757   0.3217333989501241
52.2713   39.9097   0.32432485257839766
53.6924   39.9168   0.32065932077517817
54.395   41.1508   0.3237808209267503
55.8161   41.1579   0.31831181253607166
56.5188   42.3919   0.32237471985253136
57.9398   42.3991   0.31549076056201925
58.6423   43.6334   0.3204987051455925
60.0632   43.6409   0.3123023374872525
60.7656   44.8754   0.31838450025087556
62.1864   44.8833   0.3088740843774384
62.8883   46.1181   0.31561535133767
64.309   46.1266   0.3045699591226921
65.0105   47.3618   0.31212596816029176
66.4311   47.3708   0.2994000835003208
67.132   48.6065   0.3073930871051009
68.5524   48.6161   0.2930961787536694
45.1734   37.4043   0.3016168430310202
45.8756   38.6383   0.3053311153485645
47.2969   38.6471   0.312729611645588
47.9996   39.8808   0.31619339019024606
49.421   39.8892   0.32035825258607153
50.1241   41.1228   0.3235019783556216
51.5453   41.1309   0.32472205037539376
52.2487   42.3644   0.32781816606161507
53.6699   42.3724   0.32704993502521773
54.3733   43.606   0.33059954627918
55.7945   43.6141   0.3283210623764466
56.4979   44.8478   0.3326469750350981
57.919   44.8561   0.32921871149738674
58.6222   46.09   0.3346409717891683
60.0432   46.0987   0.3299707562800099
60.7461   47.3329   0.3366882979849489
62.167   47.342   0.33054775751773297
62.8695   48.5766   0.3384319724848723
64.2902   48.5862   0.3304435050050127
47.2728   41.1012   0.3086580470358732
47.9766   42.3343   0.3124464114052183
49.3979   42.3436   0.3185995291898613
50.102   43.5767   0.32170864147548034
51.5233   43.5858   0.3254868507328697
52.2275   44.8189   0.32831390467051735
53.6488   44.8279   0.3305673305092322
54.3531   46.0611   0.3339795951850951
55.7743   46.0703   0.33508507874866617
56.4784   47.3036   0.33959972025901447
57.8995   47.3131   0.3398746974989484
58.6033   48.5467   0.3458116539389605
60.0243   48.5565   0.3451185303631172
49.3765   44.7978   0.31399812101348423
50.0815   46.0304   0.31640450376061235
51.5029   46.0405   0.3225654352220628
52.2079   47.2732   0.32493559361818186
53.6292   47.2833   0.3301276116897836
54.3342   48.5161   0.33347932469645414
55.7554   48.5263   0.33810587099309775
51.4839   48.495   0.31571962245004564
56.7054   25.1938   0.27694737767308375
58.1255   25.1948   0.2591115589857038
58.8215   26.432   0.2493402895642855
60.2415   26.433   0.23088711527497896
60.9379   27.6701   0.22149848757948734
52.4403   25.1736   0.3186734378639058
53.8606   25.1757   0.3049481759250231
54.5567   26.4129   0.29763375144630366
55.977   26.4147   0.2818695797705015
56.6737   27.6517   0.27389554578342123
58.0939   27.6534   0.2563467573424681
58.791   28.8901   0.24816393775083162
60.2111   28.8919   0.23002632458047298
60.9086   30.1285   0.22288591252028717
62.3286   30.1305   0.2066905658224426
63.0263   31.367   0.20183451141962866
48.1742   25.1495   0.34619956672416474
49.5946   25.1533   0.33666395708480695
50.2905   26.3907   0.3309740926417068
51.711   26.3939   0.3200492774558317
52.4077   27.6308   0.31437970672421034
53.8281   27.6336   0.3012827409593864
54.5255   28.8702   0.2953049102199305
55.9459   28.8728   0.280092948858054
56.6438   30.1092   0.27386483892606417
58.0642   30.1117   0.25695094862638623
58.7624   31.3479   0.2511614819195009
60.1827   31.3506   0.2335795153689611
60.8812   32.5867   0.22920554094523934
62.3013   32.5896   0.21295689704726295
63.0   33.8258   0.2107234680807987
64.42   33.829   0.19853110587512773
65.1186   35.0653   0.19839138086116195
73.5088   49.8843   0.2514167456634436
69.2526   49.8523   0.30128327202152905
70.6729   49.8627   0.2853942010623201
71.3725   51.0994   0.2935729210945787
72.7925   51.1105   0.2765905638303664
73.4915   52.3477   0.2842887616491409
74.9113   52.3596   0.2669078679994236
75.6097   53.5973   0.27347793329628006
64.9922   49.8213   0.33957115601888255
66.4128   49.8315   0.32928355561734957
67.1142   51.067   0.33945490127555805
68.5347   51.0779   0.3267167121529051
69.2354   52.3139   0.3375233621543851
70.6557   52.3254   0.32204580419561496
71.3557   53.562   0.3330454323361897
72.7758   53.5742   0.31486519337647595
73.4752   54.8112   0.32558516550973415
74.8951   54.8241   0.30497173639536174
75.5938   56.0617   0.3145241167223902
77.0135   56.0754   0.29233752752597336
77.7115   57.3135   0.3000810057301201
60.7278   49.7905   0.3528218814076027
62.1487   49.8007   0.3507956385133643
62.8518   51.0351   0.36053877738739426
64.2726   51.046   0.3563714073828041
64.975   52.2808   0.36794131325524787
66.3957   52.2922   0.3611101078618569
67.0975   53.5276   0.37416634001469934
68.518   53.5396   0.36398732120776056
69.2192   54.7755   0.3781383344756211
70.6395   54.7882   0.3640357949432978
71.34   56.0245   0.37845144999062047
72.7601   56.0378   0.3602375466272197
73.4599   57.2747   0.3740508254235035
74.8798   57.2887   0.35176723838356827
75.5789   58.5262   0.3641096812775026
76.9985   58.5408   0.33832781440491255
77.6968   59.7789   0.3486709336896349
79.1161   59.7942   0.3205297802077087
79.8137   61.033   0.3285320532307337
56.4602   49.7594   0.34313434686723016
57.8813   49.77   0.34741442111691384
58.5857   51.0033   0.3546272550157431
60.0068   51.0143   0.35841552700740903
60.7108   52.2481   0.3682472674711913
62.1317   52.2596   0.37056676861262167
62.8352   53.4937   0.383147556432245
64.256   53.5058   0.3834168097514752
64.9589   54.7404   0.39835283355337414
66.3796   54.753   0.3955134005315074
67.0818   55.9882   0.4121976952871081
68.5023   56.0014   0.4052586334675676
69.2039   57.237   0.42303255193897515
70.6242   57.2508   0.4111837545429029
71.3251   58.487   0.42891949128012874
72.7452   58.5014   0.41159380461809897
73.4453   59.7382   0.4282570373035353
74.8652   59.7532   0.4053315186362933
75.5645   60.9906   0.4201762725333216
76.9841   61.0062   0.39226125222866753
77.6826   62.2443   0.40467441233662954
79.1019   62.2606   0.3729770234210194
79.7995   63.4994   0.3829306986910242
81.2185   63.5164   0.34903204723922693
81.9151   64.7559   0.3569887393181982
52.1897   49.7273   0.31815678524903396
53.611   49.7385   0.3260851115889812
54.3167   50.971   0.33018110182140603
55.7379   50.9824   0.3383635470909994
56.4433   52.2151   0.3449546926771721
57.8644   52.2269   0.35341689263531484
58.5694   53.46   0.3631508088934978
59.9904   53.4722   0.37145559626959673
60.6949   54.7057   0.3845175028525986
62.1157   54.7184   0.3916179515803604
62.8197   55.9524   0.40804813441553744
64.2404   55.9656   0.4129148822699419
64.9437   57.2001   0.43191629976189017
66.3644   57.2138   0.4333739724533598
67.067   58.4488   0.45407803294147153
68.4875   58.4631   0.45068380268210256
69.1893   59.6986   0.47202137663457755
70.6097   59.7134   0.4627128807370759
71.3108   60.9496   0.48348173698703173
72.7309   60.9649   0.46755853109531037
73.4312   62.2017   0.4865659770267528
74.8511   62.2176   0.464004687476326
75.5506   63.4551   0.4807026731775051
76.9702   63.4716   0.45185914840799984
77.6687   64.7098   0.46588190563704673
79.0879   64.727   0.43208930789826155
79.7855   65.9659   0.44379419779893514
81.2044   65.9838   0.4067790923830795
81.9009   67.2235   0.41689497478381643
83.3195   67.2422   0.3788766685875544
84.015   68.4826   0.38827468369699414
53.5942   52.1936   0.32039770598429645
54.3005   53.4258   0.3264538864832197
55.7216   53.4384   0.3380357525469745
56.4276   54.6709   0.34755825411001007
57.8486   54.6838   0.36011578693525814
58.5541   55.9167   0.37350749657804705
59.975   55.9301   0.38628211193375256
60.6799   57.1634   0.40355418471377863
62.1007   57.1773   0.4155879088712769
62.805   58.4111   0.43629268845581254
64.2257   58.4254   0.4459209907595746
64.9293   59.6597   0.46927721018604146
66.3499   59.6746   0.47492686805444395
67.0528   60.9094   0.4994861159231623
68.4732   60.9247   0.49970762451657935
69.1753   62.1602   0.5240980156421096
70.5957   62.176   0.5175786993298642
71.297   63.4121   0.5406155288187711
72.7171   63.4285   0.5265441102129985
73.4175   64.6653   0.547140256241491
74.8373   64.6821   0.5254846334575305
75.5368   65.9197   0.5433710886677723
76.9564   65.9371   0.5148113926478293
77.6548   67.1754   0.5298835343733553
79.074   67.1935   0.49556135846129135
79.7713   68.4326   0.5084797832755992
81.1902   68.4514   0.47037361745744644
81.8864   69.6913   0.4821123209377632
83.305   69.7107   0.442537230072235
84.0001   70.9514   0.4543140433664787
85.4186   70.9713   0.41558245872510063
86.1127   72.2126   0.4287751275435651
55.7065   55.8943   0.33981472893328024
56.4129   57.1266   0.35326542429170577
57.8338   57.1407   0.369646385076329
58.5397   58.3734   0.3875457650394364
59.9605   58.3879   0.40480449602246144
60.6657   59.6211   0.42672630572768805
62.0864   59.6361   0.44333817791839264
62.791   60.8697   0.4685905888939724
64.2116   60.8851   0.4827121398929212
64.9154   62.1194   0.5099274556248212
66.3359   62.1352   0.5197153355443668
67.039   63.37   0.5473018454198769
68.4594   63.3864   0.5509564501845907
69.1616   64.6218   0.5775032900339204
70.5819   64.6386   0.5737600456636955
71.2832   65.8748   0.5980251583336573
72.7034   65.892   0.5863191878149699
73.4037   67.129   0.6075646961435445
74.8236   67.1467   0.5877062956953959
75.5229   68.3844   0.6059250943804847
76.9424   68.4027   0.5785562202586738
77.6406   69.6413   0.5939633742917165
79.0598   69.6601   0.5606481338593737
79.7567   70.8996   0.5739562091309685
81.1756   70.919   0.536658792902906
81.8713   72.1593   0.5491924070851726
83.2899   72.1794   0.5102361218102877
57.8198   59.5975   0.3837878189833556
58.5259   60.8301   0.40620832093889775
59.9466   60.8457   0.42773511663177494
60.652   62.0787   0.4540266732252644
62.0726   62.0948   0.47501234720794244
62.7773   63.3283   0.503987906600939
64.1978   63.3448   0.5223593207745061
64.9018   64.579   0.5523230757446181
66.3222   64.5958   0.5659880034064324
67.0253   65.8307   0.5953303116757978
68.4457   65.848   0.6024140519609428
69.1479   67.0835   0.6297523799081658
70.5682   67.1012   0.6291311866375735
71.2694   68.3376   0.6533589671842018
72.6895   68.3557   0.6443430219999263
73.3896   69.5929   0.6651782994055088
74.8095   69.6114   0.6478711214431448
75.5084   70.8495   0.6652899067323944
76.928   70.8685   0.6403921454858704
77.6257   72.1074   0.6550229766962385
79.0449   72.127   0.624076774123181
59.933   63.3033   0.4545943466432451
60.6386   64.5363   0.48436276694229735
62.0591   64.5533   0.5092952189055002
62.7638   65.7869   0.5406585891299606
64.1842   65.8044   0.5627730181876196
64.8881   67.0386   0.593939475030915
66.3085   67.0565   0.6111907967238973
67.0115   68.2914   0.6406242658532384
68.4319   68.3096   0.6512161929804843
69.1339   69.5454   0.6777877322584119
70.5541   69.564   0.6804228538195947
71.255   70.8006   0.7032869826749225
72.6752   70.8195   0.6976763576329708
73.3749   72.057   0.716737169400331
74.7947   72.0764   0.7027404855279129
62.0455   67.0118   0.5434831460128273
62.7501   68.2455   0.5752951068799399
64.1705   68.2639   0.6009813641037485
64.8742   69.4984   0.6314337732494195
66.2946   69.5171   0.6522140522865211
66.9973   70.7523   0.6799897940410535
68.4176   70.7714   0.6940795487550395
69.1193   72.0075   0.7182355254371631
70.5395   72.0269   0.7246008142418874
64.1564   70.7235   0.633458175414923
64.8598   71.9582   0.6614192618906698
66.2801   71.9778   0.6854828006595061
66.9824   73.2134   0.7100516178419756
68.4027   73.2333   0.7276717735352921
83.9845   73.4204   0.5235138680111542
85.403   73.4408   0.48537238281550493
86.0966   74.6824   0.5006691622219198
87.5152   74.7028   0.4650177738538549
88.2082   75.9447   0.4833981174973754
79.7412   73.3669   0.6368270251803114
81.1602   73.387   0.6020063371759452
81.8552   74.6277   0.6143110042966814
83.274   74.6483   0.578034955690402
83.9678   75.8897   0.591438128632233
85.3865   75.9104   0.5560305836912232
86.0795   77.1523   0.5719658905913867
87.4981   77.1729   0.5389285481397323
88.1906   78.415   0.5580708467569323
89.6094   78.4349   0.5279041863823384
90.3016   79.677   0.5497974354250812
75.4932   73.3148   0.7181582416153155
76.9127   73.3346   0.6967561553370037
77.6097   74.574   0.7093393405134129
79.029   74.5943   0.6821513981514652
79.7246   75.8346   0.6930270485341804
81.1436   75.8553   0.6623198472037545
81.8379   77.0965   0.6732312752687586
83.2567   77.1175   0.6412238454705161
83.9498   78.3593   0.6536561634376248
85.3686   78.3803   0.6226608306293256
86.0609   79.6226   0.6378292012757019
87.4797   79.643   0.6089758205380538
88.1715   80.8855   0.6271149336445435
89.5905   80.905   0.6004368576295114
90.2822   82.1474   0.6206462277336469
91.7013   82.1657   0.5948107766340484
92.3932   83.4077   0.6150180078664366
71.24   73.2639   0.744645385401663
72.66   73.2836   0.7427405805528576
73.3592   74.5215   0.7586690253331796
74.779   74.5416   0.7488137351838549
75.4767   75.7805   0.7609553272038985
76.8963   75.801   0.7440483989633987
77.5925   77.0409   0.7534107710937
79.0118   77.0619   0.7312367468884452
79.7064   78.3027   0.7392250875071831
81.1255   78.324   0.7138794365997676
81.8189   79.5656   0.7223871884246023
83.2378   79.587   0.6960511259957816
83.9301   80.8293   0.7065223917187622
85.349   80.8503   0.6811743242371956
86.0405   82.0929   0.694345807217122
87.4595   82.1133   0.6707243472545199
88.1508   83.356   0.6863751889455245
89.5698   83.3751   0.6638689780370862
90.2611   84.6177   0.6804944231953718
91.6803   84.6354   0.6575170339998833
92.3717   85.8777   0.6728600225901388
93.791   85.8939   0.6470829158616401
94.4827   87.1359   0.658599385058925
69.1038   74.4698   0.7479829209280161
70.524   74.49   0.7582737500401806
71.2238   75.7274   0.7741250415792021
72.6438   75.7479   0.7764417428242749
73.3421   76.9864   0.7879938134274944
74.7619   77.0072   0.7828957401851143
75.4587   78.2467   0.7907759543638109
76.8783   78.2678   0.7791749546796223
77.5734   79.5083   0.7846599390818954
78.9928   79.5298   0.7682785041897293
79.6864   80.7712   0.7730309760934575
81.1056   80.7929   0.7538916235109664
81.7979   82.0351   0.7596539277855414
83.217   82.0567   0.7398251752948138
83.9084   83.2994   0.7478152779931664
85.3275   83.3204   0.7286974818125846
86.0183   84.5634   0.7391968682292925
87.4374   84.5834   0.7209458509486002
88.128   85.8264   0.7330665044864597
89.5473   85.8451   0.7148185923715213
90.2379   87.0878   0.7266237609657401
91.6573   87.105   0.706377937084676
92.3482   88.3474   0.7155451767708292
93.7676   88.363   0.6912317194689485
94.4588   89.6051   0.6955739500585123
95.8782   89.619   0.6656719612541927
96.5697   90.8608   0.6641335784313281
66.2647   74.4386   0.7080976345109498
66.9665   75.6746   0.728217474385229
68.3867   75.6953   0.7492903842970418
69.0871   76.9323   0.7646580019852052
70.5072   76.9533   0.778806638389787
71.2061   78.1912   0.7895483075784547
72.626   78.2125   0.7963015320844276
73.3234   79.4515   0.8029156244587607
74.7432   79.473   0.8028984805067232
75.4388   80.7131   0.8061669181999475
76.8584   80.7349   0.8002920341975195
77.5523   81.9759   0.801939985285681
78.9717   81.9979   0.791932939080073
79.6642   83.2399   0.7935540435282227
81.0835   83.262   0.781207610049981
81.7748   84.5046   0.7843992988268141
83.194   84.5263   0.7713637663255918
83.8845   85.7694   0.7768062435382508
85.3037   85.7904   0.7638381896710879
85.9938   87.0336   0.7713765617388176
87.4131   87.0533   0.7582162884032495
88.1032   88.2964   0.766181042574144
89.5226   88.3147   0.7514953293268004
90.2127   89.5576   0.7577333238019824
91.6322   89.5742   0.7396384589784379
92.3226   90.8168   0.7419835375532257
93.7421   90.8317   0.7188614956999678
94.4328   92.0739   0.7158698764440367
95.8523   92.0872   0.6867659353811937
96.5432   93.329   0.6779174212247392
97.9626   93.3407   0.6430333583881944
98.6539   94.5821   0.629469006385538
68.3692   78.1573   0.7569625221898386
69.0687   79.3948   0.7670470976413385
70.4887   79.4166   0.7848019750229958
71.1865   80.6551   0.7903163480531019
72.6064   80.6771   0.8014449825159542
73.3025   81.9167   0.8033020229029665
74.7222   81.9389   0.8082966287199249
75.4166   83.1796   0.8076848952407162
76.8362   83.2019   0.8077449659391263
77.5289   84.4436   0.8063337460382021
78.9483   84.4661   0.8027526829603264
79.6396   85.7086   0.8020995075425514
81.059   85.7309   0.7965142685476473
81.7493   86.974   0.7977515214651767
83.1686   86.9958   0.791034771675681
83.8583   88.2391   0.7943818791991676
85.2777   88.2599   0.7868608898655483
85.9671   89.5033   0.7912688670736397
87.3866   89.5227   0.782067260534544
88.0761   90.7659   0.785547178723212
89.4957   90.7838   0.773409348275543
90.1853   92.0267   0.7737785018983148
91.6049   92.0428   0.757050572947411
92.2949   93.2854   0.7525921737568064
93.7144   93.2998   0.7301360284221029
94.4047   94.542   0.7202232292838103
95.8242   94.5547   0.691952202106476
96.5147   95.7965   0.6768441548835289
97.9341   95.8076   0.6435172181068671
98.6249   97.049   0.6248735152012787
100.044   97.0585   0.5880893894638792
70.4681   81.8798   0.7764386775528374
71.1646   83.119   0.77738030589924
72.5844   83.1416   0.7926729842753547
73.2791   84.3819   0.7907112810628149
74.6988   84.4047   0.8007338509142765
75.3918   85.646   0.7974149609833026
76.8113   85.6689   0.8031543126946451
77.5027   86.9112   0.8000180372966611
78.9222   86.934   0.8026361878211122
79.6124   88.177   0.8010170222910323
81.0318   88.1995   0.8015415772123143
81.7212   89.4429   0.8017719438842903
83.1407   89.4647   0.8005296871447055
83.8297   90.7082   0.8020716676207926
85.2492   90.7288   0.7986975021871571
85.9381   91.9723   0.7999125014650056
87.3577   91.9914   0.7933597040435041
88.0468   93.2346   0.7921770698524455
89.4664   93.2521   0.7812381071094765
90.1557   94.495   0.7758322047968871
91.5753   94.5107   0.7595359504328929
92.2649   95.7532   0.7487806220783236
93.6845   95.767   0.7266788836893495
94.3744   97.0092   0.7108398764841479
95.7939   97.0213   0.683358573517589
72.5597   85.606   0.772381369531922
73.2529   86.847   0.768183291929729
74.6725   86.8703   0.7829351633436825
75.3641   88.1123   0.7786079372829382
76.7836   88.1356   0.7897813494885833
77.4738   89.3784   0.7864933884019636
78.8933   89.4015   0.7948040072873304
79.5825   90.6449   0.7932752170589991
81.002   90.6675   0.7988559507195243
81.6906   91.9111   0.7986705453439509
83.1102   91.9328   0.8014973300017908
83.7986   93.1764   0.8013501981031769
85.2183   93.1968   0.8005983324988859
85.9068   94.4403   0.798618914126134
87.3265   94.4591   0.7932389992934001
88.0152   95.7023   0.787445369533657
89.4349   95.7194   0.7766255017703202
90.1239   96.9623   0.7657887045393142
91.5435   96.9775   0.7491886344573054
74.6432   89.3355   0.7586843612464902
75.3333   90.5781   0.7548157987217786
76.7529   90.6017   0.7709783978815443
77.4419   91.845   0.768812239756888
78.8614   91.8683   0.7818121833279443
79.5498   93.112   0.7810120997782328
80.9694   93.1346   0.7906502829949537
81.6574   94.3784   0.7901353301808478
83.0771   94.3999   0.7955589355918296
83.7651   95.6436   0.7936037676321877
85.1849   95.6638   0.793951087914112
85.8731   96.9073   0.7885184462014787
87.2929   96.9258   0.7830928042065008
76.7191   93.0673   0.7493864423646859
77.4072   94.3109   0.7487516343888663
78.8268   94.3343   0.7656769161989975
79.5145   95.5781   0.7655782128561358
80.9341   95.6008   0.7778658239053831
81.6218   96.8445   0.7766844983646796
83.0415   96.866   0.7834657490918169
78.7894   96.7994   0.7468085497635903
65.5547   0.631524   0.30440186829912785
66.974   0.634439   0.3458282165237527
67.6721   1.87107   0.3519418395132941
69.0914   1.87349   0.399791987038252
69.7894   3.11002   0.4072558164102764
61.2952   0.611458   0.23499400800020506
62.7145   0.614699   0.25027341094291217
63.4117   1.85195   0.2524017529653883
64.8309   1.85452   0.2802063327264426
65.5282   3.09156   0.2835584110901988
66.9474   3.09357   0.32176315528662136
67.6447   4.33049   0.3264762204204136
69.0638   4.33205   0.3727299472808718
69.7609   5.56895   0.37895119593425347
71.1799   5.57015   0.43149157581579917
71.8766   6.80712   0.4392996859775749
57.0376   0.590063   0.2590663579548697
58.4569   0.593975   0.24122130280926646
59.153   1.83197   0.2393710093139946
60.5722   1.83505   0.23330621959133782
61.2686   3.07274   0.23289735850799223
62.6878   3.07504   0.24036480794825454
63.3843   4.31251   0.24115150507513214
64.8036   4.31417   0.26235171221091863
65.5001   5.55148   0.264411297791914
66.9192   5.55264   0.29774031655118544
67.6156   6.78989   0.30134746074922
69.0346   6.79065   0.34479395644355093
69.7306   8.02794   0.35022632125527065
71.1495   8.02841   0.4016112499669293
71.8451   9.26582   0.4094661202102096
73.2639   9.26615   0.4666724937255248
73.959   10.5037   0.4769393043145034
52.782   0.566442   0.3468398831290866
54.2013   0.571362   0.31211027663952606
54.896   1.81019   0.30517467063961823
56.3152   1.81412   0.2764097321007312
57.0104   3.05258   0.27170532217827026
58.4297   3.05558   0.2504356532125509
59.1252   4.29371   0.24743949179546595
60.5445   4.29588   0.23567750868506918
61.2402   5.53374   0.23395895815292456
62.6595   5.53519   0.234131742615138
63.3552   6.77288   0.23349432541285087
64.7744   6.77371   0.24728969347709737
65.4701   8.01131   0.24812460196441866
66.8891   8.01169   0.2755495055339467
67.5845   9.2493   0.27836415448114415
69.0035   9.24934   0.31807912600483984
69.6985   10.487   0.323581612580192
71.1173   10.4869   0.37314657977797666
71.8119   11.7247   0.3818435543517741
73.2305   11.7245   0.43856085096597885
73.9245   12.9625   0.4505159486633027
75.3431   12.9625   0.5114990322571515
76.0365   14.2008   0.525979647895238
48.5283   0.539668   0.4572758280523902
49.9474   0.545962   0.4174659330113073
50.6407   1.78567   0.4040463598400588
52.0599   1.79082   0.36734661302372174
52.7537   3.03009   0.3568487108005328
54.1731   3.03417   0.3242443444379562
54.8673   4.27306   0.3164473771419198
56.2867   4.27613   0.28826656500538006
56.9813   5.51468   0.2826432196250225
58.4007   5.51682   0.2598678435282048
59.0956   6.75509   0.2557915096323531
60.5149   6.75642   0.24004734616320492
61.2099   7.99449   0.23695905215880145
62.6292   7.99512   0.23102001125443705
63.3242   9.23307   0.2289443532826273
64.7433   9.23316   0.23567840906625886
65.4381   10.4711   0.23514973952781726
66.8572   10.4708   0.25661432150213814
67.5517   11.7087   0.2588688277873484
68.9705   11.7082   0.2944725963481151
69.6647   12.9462   0.30059990019958643
71.0834   12.9456   0.3480481719532485
71.7771   14.1838   0.3584266033653242
73.1956   14.1833   0.414430947203511
73.8888   15.4216   0.42878770971193086
75.3073   15.4214   0.48979107790975246
76.0   16.66   0.5069974457529357
77.4184   16.6602   0.5694138038368933
78.1107   17.8991   0.5879809945908104
47.8063   1.76419   0.4730576498694431
48.4986   3.00431   0.4558338540521105
49.9179   3.00983   0.4201723217919058
50.6108   4.24953   0.4060689370045402
52.0302   4.25388   0.37314644095850963
52.7236   5.49319   0.362214223354081
54.143   5.49643   0.3322705808524143
54.8368   6.73539   0.3240294691845174
56.2562   6.73765   0.29737620348642624
56.9503   7.97631   0.2910088940221595
58.3697   7.97767   0.26805103264117525
59.064   9.2161   0.2628829680675414
60.4834   9.21668   0.24488851014288296
61.1777   10.4549   0.24036014644695178
62.597   10.4549   0.229898977814168
63.2912   11.6931   0.2260347982059411
64.7104   11.6926   0.2270739527114491
65.4045   12.9308   0.22509637935782284
66.8235   12.93   0.2411652752781715
67.5173   14.1682   0.2429375639953672
68.9361   14.1673   0.27500236362619906
69.6296   15.4056   0.2820154960281428
71.0482   15.4047   0.3277463958611819
71.7413   16.6431   0.3401556261477943
73.1598   16.6425   0.39552280591642686
73.8525   17.8811   0.4124809813797489
75.2709   17.8809   0.4732960595652594
75.9632   19.1196   0.49312470025339367
77.3817   19.1201   0.5553288215102825
78.0738   20.359   0.5760264056447405
79.4924   20.3603   0.636263239547912
80.1842   21.5995   0.6557775537482208
49.8865   5.47299   0.4174176325935449
50.5791   6.71269   0.40328267455966643
51.9985   6.71628   0.3742151541559999
52.6915   7.95563   0.36319642412887054
54.111   7.95812   0.33648069617735865
54.8043   9.19716   0.3278562222987407
56.2238   9.19867   0.3032703877730234
56.9173   10.4375   0.2961500633125028
58.3369   10.4381   0.2740116785832327
59.0305   11.6767   0.2675619367548411
60.45   11.6767   0.24865464001301346
61.1437   12.9151   0.24238193001954791
62.5631   12.9145   0.22917962387611815
63.2567   14.1529   0.22335250166496953
64.6759   14.152   0.22014111383383522
65.3695   15.3903   0.21670832932769366
66.7885   15.3893   0.22867594976298003
67.4818   16.6276   0.2300516029068291
68.9007   16.6266   0.2596721394374092
69.5938   17.865   0.2678300393906537
71.0124   17.8642   0.3124543806702027
71.7053   19.1027   0.32702217050223936
73.1237   19.1022   0.38188545403039326
73.8163   20.3408   0.40111606799029653
75.2348   20.3409   0.46148684704983856
75.9272   21.5797   0.482844343448282
77.3457   21.5806   0.5446377419900279
78.038   22.8196   0.5659428416368567
79.4566   22.8213   0.625613155232525
80.1487   24.0606   0.6444907912453078
81.5676   24.0635   0.6992847345681128
51.9649   9.178   0.3714034583845436
52.6575   10.4174   0.3604862965495344
54.0771   10.4192   0.3369401875704357
54.77   11.6583   0.32812214189231437
56.1896   11.6592   0.3058888850546839
56.8827   12.8981   0.2980173317107548
58.3023   12.8982   0.27697118983750296
58.9955   14.1369   0.2692412115557368
60.4151   14.1364   0.2502026978271849
61.1084   15.3749   0.24219244414308658
62.5278   15.3741   0.22720253079576364
63.2212   16.6125   0.21965757441982534
64.6405   16.6115   0.21374290631504286
65.3338   17.8498   0.20887539347659212
66.7529   17.8488   0.2183602985892768
67.4462   19.0871   0.219893019443556
68.865   19.0862   0.2479620938772635
69.5582   20.3246   0.25751308704607856
70.9768   20.324   0.30154843723686736
71.6699   21.5624   0.31786067702690174
73.0884   21.5624   0.37220642122348674
73.7813   22.8009   0.3924760120058314
75.1998   22.8016   0.45212663049194096
75.8926   24.0403   0.47344545620377565
77.3112   24.0417   0.5343259492107809
54.0415   12.8798   0.33437351868830617
54.7342   14.1188   0.3253668083870891
56.1539   14.1193   0.30521385944940166
56.8468   15.3582   0.2967458340061409
58.2665   15.358   0.27686603258615833
58.9596   16.5966   0.26798063362862673
60.3792   16.596   0.24897600285971352
61.0726   17.8345   0.2395058871927827
62.4921   17.8336   0.2236690635738454
63.1856   19.0719   0.21464291276443564
64.6049   19.071   0.20715129736498747
65.2984   20.3092   0.20158774764355208
66.7175   20.3084   0.20982020875026022
67.4111   21.5466   0.21176435016310247
68.83   21.5461   0.23936006350266786
69.5236   22.7843   0.24999701998223833
70.9423   22.7842   0.29353325194942137
71.6359   24.0225   0.3103009023512511
73.0545   24.0231   0.36388616351821196
56.1173   16.5791   0.3020419341747104
56.8104   17.8177   0.2930365676839671
58.2301   17.8175   0.2740418946073746
58.9236   19.056   0.2642327950879667
60.3432   19.0555   0.24532847368375366
61.037   20.2937   0.23477533942047443
62.4565   20.2931   0.21841714676279625
63.1505   21.5312   0.20860282836050387
64.5698   21.5306   0.20047625794592536
65.2639   22.7686   0.19493737455911564
66.6831   22.7683   0.20274291602914032
67.3774   24.0062   0.2055217993303777
68.7964   24.0063   0.2326214951374915
58.1941   20.2769   0.2694157382188352
58.8881   21.515   0.2589342387557132
60.3079   21.5148   0.2402316174028675
61.0023   22.7527   0.2290941509510856
62.4219   22.7525   0.21263473375720968
63.1166   23.9903   0.20287003228667955
64.5361   23.9903   0.1946018756333055
60.2738   23.974   0.2348317908631631
68.6337   38.7708   0.20226017897747509
69.3323   40.0074   0.20456463526230995
70.7521   40.0133   0.20821760252196994
71.4501   41.2505   0.20938658027677176
72.8698   41.2571   0.22092695625478131
73.5672   42.4947   0.2204620148687734
74.9867   42.5023   0.2391720719482163
75.6835   43.7403   0.23668514951301695
77.103   43.7488   0.26122886517381383
77.7991   44.9874   0.25657587571710255
79.2185   44.9968   0.28491544359687443
79.914   46.2358   0.2782340920879394
81.3334   46.2462   0.3085768785894365
82.0284   47.4857   0.3000854711578022
83.4477   47.4971   0.3308711229466815
84.1422   48.737   0.3210973216954616
70.7307   42.4754   0.21353936405262539
71.4292   43.7124   0.21607216387122896
72.8489   43.7202   0.21671375129419249
73.5467   44.9577   0.21771423931382408
74.9663   44.9663   0.22488381444648567
75.6634   46.2043   0.2239421577104126
77.083   46.2138   0.23760237793422498
77.7794   47.4523   0.23446767367805613
79.1989   47.4627   0.2535587900270819
79.8948   48.7017   0.24849428564858686
81.3141   48.713   0.27147769705814917
72.8291   46.1834   0.22581262143644237
73.5272   47.4209   0.2285604077700193
74.9469   47.4306   0.2251466411030787
75.6444   48.6685   0.226250944749414
77.064   48.6791   0.22831364391992612
82.2596   25.3031   0.7139543052604987
78.0039   25.2807   0.5541551948687298
79.4226   25.2832   0.6127186466886748
80.1153   26.5224   0.6290672301113776
81.5342   26.526   0.6827560911482226
82.2267   27.7656   0.6936411247900447
83.6459   27.7705   0.7404664003180695
84.3381   29.0104   0.7447096212618692
73.748   25.2615   0.38334827507111563
75.1666   25.2628   0.4418907783604479
75.86   26.5014   0.46094530044246845
77.2787   26.5036   0.5204322242136824
77.972   27.7425   0.5367762010372632
79.3908   27.7457   0.5940227857582573
80.084   28.985   0.6056011558773636
81.503   28.9893   0.6581536674667997
82.196   30.2289   0.6635918474484158
83.6153   30.2345   0.7093081840779785
84.3079   31.4745   0.7077517149396404
85.7274   31.4814   0.7454879274676417
86.4196   32.7217   0.7366454099497272
69.4906   25.2443   0.24336957492669023
70.9095   25.2448   0.2861004893389682
71.6038   26.4829   0.3016297730662606
73.0225   26.4842   0.35366465755005316
73.7168   27.7225   0.37045391076354384
75.1354   27.7245   0.4270638476855662
75.8296   28.9631   0.4420324535596905
77.2484   28.9661   0.49956662218366793
77.9424   30.2049   0.5107824292201164
79.3612   30.2089   0.5661734186625119
80.055   31.4481   0.5720775471909404
81.4741   31.4532   0.622970705571297
82.1675   32.6928   0.6224704089352366
83.5867   32.6992   0.6670406359435698
84.2797   33.9391   0.6598010381925764
85.6992   33.9467   0.6968299505618287
86.3917   35.187   0.6830634084768412
87.8113   35.196   0.7120975284327309
88.5033   36.4366   0.69280928111566
65.2311   25.2279   0.18990874124168167
66.6504   25.2282   0.19733742675934565
67.3454   26.4659   0.20027610940898644
68.7645   26.4667   0.22619297071305688
69.4597   27.7044   0.23601358011775578
70.8786   27.7058   0.27650075949262737
71.5738   28.9436   0.2893012443803205
72.9926   28.9457   0.3387660106917477
73.6876   30.1838   0.3511907031799112
75.1065   30.1867   0.4050567984863368
75.8013   31.4251   0.41483348466583403
77.2202   31.429   0.46966423112687933
77.9148   32.6677   0.47516420319716596
79.3337   32.6726   0.5282251603246437
80.0279   33.9117   0.5282941036960347
81.447   33.9177   0.5774106164593783
82.1408   35.1572   0.571626468946283
83.5601   35.1643   0.614808848342315
84.2533   36.4043   0.6031333351755629
85.6728   36.4126   0.639424780564532
86.3655   37.6529   0.6226077497108445
87.7851   37.6626   0.6515618236207514
88.4772   38.9032   0.6305604967011503
89.8969   38.9143   0.6526246547595351
90.5886   40.1553   0.628914700098512
60.9692   25.2115   0.2241405362713319
62.3889   25.2119   0.20774157022608494
63.0846   26.4493   0.198993492355907
64.5042   26.45   0.19057211233546417
65.2   27.6873   0.18669552753079063
66.6195   27.6883   0.19297481700989255
67.3155   28.9257   0.195700025549306
68.7347   28.9273   0.2188900408881181
69.4307   30.1647   0.22640397523011627
70.8499   30.1669   0.2633192169212158
71.5458   31.4046   0.2721635721399879
72.9648   31.4075   0.31764722570801573
73.6606   32.6455   0.3252446156356776
75.0795   32.6493   0.3751478241973411
75.775   33.8876   0.3796226284087969
77.1939   33.8923   0.4310144661145383
77.889   35.1309   0.4312773005851354
79.308   35.1366   0.4814537464803856
80.0025   36.3757   0.47691813762950963
81.4217   36.3825   0.523698930684413
82.1157   37.622   0.5142106669449794
83.535   37.63   0.5557467588749355
84.2285   38.8699   0.5417169556142768
85.6479   38.879   0.5772180437235134
86.3408   40.1194   0.5592339492555881
87.7604   40.1297   0.5883382870424101
88.4528   41.3704   0.567615767927564
89.8724   41.3821   0.5905719431195502
90.5643   42.6232   0.5684056298102624
91.984   42.6363   0.5861980296793905
92.6755   43.8779   0.5636306148533813
62.3578   27.6712   0.20529128086696666
63.0545   28.9082   0.19827549016456766
64.4742   28.9097   0.18910859314160913
65.1711   30.1466   0.18640584754776623
66.5906   30.1485   0.1899666023278779
67.2875   31.3856   0.19182265246836747
68.707   31.388   0.2104382569781376
69.4038   32.6252   0.2152465795314806
70.8231   32.6283   0.2463617056281221
71.5198   33.8658   0.25141927133774433
72.9389   33.8696   0.2912093748490955
73.6353   35.1074   0.29444294863352066
75.0544   35.1121   0.339201031838051
75.7502   36.3503   0.3394159247884584
77.1693   36.3559   0.38621500488717625
77.8647   37.5945   0.38286353965871556
79.2839   37.6011   0.4293030864086618
79.9786   38.8402   0.42188227030772374
81.3979   38.8478   0.4657948260768931
82.0921   40.0873   0.4546490294721856
83.5114   40.0961   0.49424360390398514
84.205   41.3361   0.47966385104570536
85.6245   41.346   0.5142450874826145
86.3176   42.5863   0.4970051408184807
87.7371   42.5975   0.5261038775755221
88.4298   43.8382   0.5073510027584445
89.8493   43.8506   0.5312031814663761
90.5415   45.0918   0.5117594063620098
91.9611   45.1056   0.5310455347707952
92.6529   46.3472   0.5117685902827595
94.0724   46.3624   0.5271887043554695
94.7637   47.6045   0.5085607240045192
64.4462   31.3694   0.19141823319631826
65.144   32.606   0.18982067853635357
66.5637   32.6088   0.18929553613331865
67.2615   33.8456   0.19062473606539157
68.6811   33.8488   0.202561842408688
69.3786   35.0859   0.20504367827368067
70.7981   35.0898   0.22847759189908326
71.4953   36.3271   0.2306032523621434
72.9146   36.3319   0.2627090596077703
73.6114   37.5696   0.2630713021216866
75.0306   37.5752   0.3010435350576413
75.7269   38.8133   0.29878276389376723
77.1461   38.8198   0.3398204673059019
77.8417   40.0584   0.3345744162365049
79.261   40.0659   0.37625335878899113
79.956   41.305   0.3679739800583717
81.3753   41.3136   0.4082452449202554
82.0697   42.5531   0.39704897682779655
83.489   42.5627   0.4343550736436733
84.1829   43.8027   0.42073466698146417
85.6023   43.8134   0.4541683938805062
86.2957   45.0538   0.4389114375360931
87.7152   45.0657   0.4681428307685578
88.4081   46.3064   0.4519768799396756
89.8276   46.3196   0.47681171336283074
90.5201   47.5608   0.460504201935228
91.9396   47.5754   0.4812105672156395
66.5385   35.069   0.19316399768072778
67.2369   36.3055   0.19454896555880288
68.6567   36.3098   0.19850201510312052
69.3548   37.5466   0.20028826725496895
70.7745   37.5515   0.21407615467398988
71.4721   38.7887   0.2149153089009746
72.8916   38.7944   0.23746717667921555
73.5888   40.032   0.23665035389790848
75.0082   40.0386   0.26594822804447976
75.7047   41.2767   0.26286205507833
77.124   41.2841   0.2966033715249989
77.8199   42.5227   0.2910778074673532
79.2392   42.5312   0.32688563749421246
79.9344   43.7702   0.31895637632754653
81.3538   43.7797   0.3548578025068624
82.0484   45.0192   0.3447950550689514
83.4678   45.0297   0.3792287172670366
84.162   46.2697   0.3674301294123837
85.5814   46.2812   0.3995745362257253
86.2751   47.5216   0.3866194770054902
87.6945   47.5343   0.4156327946637526
85.5616   48.7495   0.3511247783908172
86.2556   49.9898   0.3405838222816764
87.6749   50.0034   0.3689828857819805
88.3685   51.2443   0.35794939586483626
89.7878   51.259   0.38408092897200713
90.4808   52.5004   0.37278813017584567
91.9001   52.5164   0.3961601948707093
92.5926   53.7583   0.3845321052916157
94.0119   53.7754   0.40490901447115013
94.7041   55.0177   0.3925657651910073
96.1233   55.0359   0.4096941908301823
96.8155   56.2783   0.3964886631418356
98.2347   56.2973   0.4104109282170729
98.927   57.5397   0.39582161386159886
100.346   57.559   0.40700793604056434
101.039   58.8012   0.39126744050585144
82.0095   49.9525   0.2648089311182727
83.4288   49.9648   0.29044858409019375
84.1237   51.2047   0.2825557997989046
85.5429   51.218   0.30948392526914464
86.2373   52.4584   0.3008293370002398
87.6565   52.4728   0.3277564644671348
88.3503   53.7137   0.3185173621641375
89.7695   53.7293   0.3444854859061554
90.4627   54.9707   0.33448893853160533
91.8819   54.9875   0.3585492713700625
92.5747   56.2294   0.34767418655977766
93.9938   56.2471   0.3690250939976837
94.6863   57.4894   0.3566893466309279
96.1055   57.5079   0.3750812711933284
96.798   58.7503   0.3608679536894331
98.2171   58.7693   0.3760859875081771
98.9099   60.0115   0.3598764788090463
100.329   60.0306   0.37250033557031614
101.023   61.2724   0.35458973476399036
102.442   61.2912   0.3655428976194124
103.136   62.5324   0.34639880196097583
77.7609   49.9175   0.2275049450012107
79.1803   49.9289   0.2353092645859995
79.8766   51.1678   0.23243652897080944
81.296   51.1801   0.24592805858625338
81.9917   52.4195   0.24116743146618688
83.411   52.4327   0.25943286222065587
84.1062   53.6726   0.25332565997150597
85.5253   53.6868   0.2751004362046745
86.2199   54.9272   0.26789860022030093
87.6391   54.9425   0.2919408501734552
88.333   56.1835   0.2835590414710788
89.7521   56.1999   0.308189844089644
90.4456   57.4414   0.2987421798139616
91.8646   57.4588   0.32241584948634094
92.5576   58.7007   0.31118746761397653
93.9766   58.7189   0.33287081578294153
94.6694   59.9611   0.3194667275319919
96.0885   59.9799   0.33837093551308145
96.7813   61.2221   0.3223655378603646
98.2004   61.2411   0.33831028657136436
98.8936   62.4831   0.319865862511153
100.313   62.5019   0.3337272089596531
101.007   63.7433   0.31347424136601715
102.426   63.7616   0.3259722380817102
103.121   65.0023   0.30533825505494494
104.541   65.02   0.3183948649083413
105.237   66.2599   0.29878768381578075
74.9286   49.895   0.23970567369172202
75.6265   51.1329   0.24334816621457384
77.0461   51.1444   0.23499721274942895
77.7434   52.3828   0.2367933487241474
79.1629   52.3952   0.2330429574134279
79.8596   53.634   0.23283953702066648
81.2789   53.6472   0.2346592636142845
81.975   54.8866   0.23230176495239954
83.3941   54.9007   0.2402712009376022
84.0896   56.1406   0.2359928176873286
85.5087   56.1558   0.24978380652076002
86.2035   57.3962   0.24387326626755182
87.6225   57.4124   0.2621717185357723
88.3166   58.6534   0.2545432379773601
89.7355   58.6706   0.27548373817704536
90.4291   59.9122   0.26587245062248105
91.848   59.9302   0.28742127617836044
92.5412   61.1721   0.275432913792092
93.9602   61.1908   0.2957643825750449
94.6531   62.4329   0.2807704400395425
96.0722   62.4518   0.2990168724336484
96.7653   63.6939   0.2810032562088899
98.1844   63.7127   0.2968879249818023
98.878   64.9543   0.2765604997102759
100.297   64.9727   0.2908015990327381
100.992   66.2138   0.26955646903756314
102.411   66.2315   0.2831954978455677
103.106   67.4718   0.26192817717840083
104.526   67.4887   0.27690193209871594
105.222   68.7284   0.2578260847936041
106.642   68.7445   0.27470313067017904
107.339   69.9835   0.2588798949319889
77.0293   53.6099   0.25695982176207904
77.727   54.8481   0.26184564155242845
79.1465   54.8615   0.24763862784307014
79.8435   56.1003   0.25025622869371955
81.2628   56.1145   0.24012057387903504
81.9591   57.3538   0.2403550914792599
83.3782   57.3689   0.2360332603681254
84.0739   58.6088   0.23403619378206741
85.4928   58.6249   0.23648570781340023
86.1877   59.8654   0.23211413140953482
87.6066   59.8824   0.24120385569058062
88.3008   61.1235   0.234480361651029
89.7196   61.1414   0.24833841829246298
90.4133   62.3831   0.2390403313250746
91.8321   62.4016   0.2553385987272581
92.5254   63.6436   0.2429292077951945
93.9442   63.6625   0.2593424955536562
94.6374   64.9045   0.2437422819290854
96.0564   64.9234   0.2590474280899138
96.7498   66.1652   0.2406983589474522
98.1689   66.1838   0.25457435063257267
98.8629   67.4252   0.23459260431650308
100.282   67.4431   0.2472582657870047
100.977   68.6838   0.22798986819593473
102.396   68.7008   0.24113375956095212
103.092   69.9409   0.2229123594599408
104.511   69.9571   0.23737129144022495
105.208   71.1965   0.22192424383108747
106.628   71.2118   0.23940221385776858
107.325   72.4506   0.2267651869225105
108.745   72.4652   0.24736436687607413
79.1309   57.3279   0.2776672288909875
79.8283   58.5666   0.2832462179800438
81.2474   58.5818   0.2625029904591582
81.944   59.8211   0.2655700849116833
83.363   59.8371   0.24901736887213477
84.0587   61.0771   0.2495241270899436
85.4775   61.0941   0.23894675139035224
86.1725   62.3347   0.23716570156748562
87.5912   62.3525   0.23356896197911284
88.2855   63.5937   0.22929236794974675
89.7042   63.6123   0.23192250861009542
90.3978   64.854   0.2246469674845459
91.8166   64.873   0.23143398626821202
92.5099   66.1149   0.22128020697749134
93.9287   66.134   0.2297435744476891
94.6221   67.3758   0.2170898661844981
96.041   67.3947   0.225680681494889
96.7347   68.6362   0.21139411060859978
98.1538   68.6544   0.21969806553540494
98.8481   69.8955   0.2053153915321529
100.267   69.9128   0.21287869785395752
100.962   71.1533   0.20030439336170575
102.382   71.1697   0.20889250824288616
103.077   72.4095   0.19750405059137086
104.497   72.4249   0.2076057080140161
81.2327   61.0491   0.2998916804447828
81.9294   62.2885   0.3055341061158368
83.3483   62.3054   0.27883912924838294
84.044   63.5455   0.28232514942881115
85.4627   63.5633   0.25981543449148226
86.1576   64.8041   0.2614127387867727
87.5762   64.8226   0.24470531257003672
88.2704   66.0639   0.24471283170278707
89.689   66.0831   0.23376383381523902
90.3827   67.3248   0.2320752679627888
91.8013   67.3441   0.22575597445029447
92.4947   68.5859   0.22254001887300667
93.9135   68.6051   0.21899045641306628
94.607   69.8468   0.215118711413019
96.0259   69.8654   0.212673670208605
96.7197   71.1067   0.2091555880200172
98.1388   71.1245   0.20701992657713553
98.8332   72.3653   0.20470664376126088
100.252   72.3821   0.2020231917379744
83.3339   64.7738   0.3232375751672495
84.0295   66.014   0.32967427864484444
85.4481   66.0326   0.298385036488093
86.1429   67.2735   0.3041841711858098
87.5614   67.2927   0.2769128021598239
88.2554   68.5342   0.2824905308147426
89.674   68.5537   0.26005193712026575
90.3675   69.7954   0.2659514241360635
91.7862   69.815   0.2476283101747415
92.4795   71.0567   0.25443496222020634
93.8983   71.0758   0.23887195314645626
94.5918   72.3173   0.24719979773455425
96.0107   72.3356   0.2330927068786131
85.4335   68.5019   0.35174244839085633
86.128   69.743   0.3615136788560053
87.5465   69.7628   0.32798611251087423
88.2403   71.0043   0.33925674643255677
89.6588   71.0242   0.309532050036824
90.3522   72.266   0.3228971817777282
91.7708   72.2855   0.2969058268205499
87.5312   72.2328   0.3927511807748047
92.6316   48.8171   0.4651742576712523
94.0511   48.833   0.48233835634334915
94.7427   50.0752   0.46660484352393955
96.1621   50.0924   0.48058470637339273
96.8535   51.335   0.465251136484371
88.3877   48.7752   0.40221086509441595
89.8071   48.7891   0.42788448207431296
90.4999   50.0304   0.41443611087838034
91.9193   50.0457   0.43660239348863406
92.6116   51.2875   0.42316655113559865
94.0309   51.304   0.44198064437258044
94.7228   52.5463   0.42854070985146636
96.1422   52.564   0.4441283035340131
96.8339   53.8065   0.43049026702121446
98.2532   53.8253   0.443096930704786
98.945   55.0679   0.4288167090960879
109.443   73.7035   0.2384749043400527
105.194   73.6642   0.19930504258548762
106.613   73.6788   0.2121675045806995
107.31   74.9175   0.2043341870564016
108.73   74.9313   0.2223432481547442
109.428   76.1696   0.21692491788634496
110.848   76.1827   0.23972703226794587
111.546   77.4206   0.23625812155353415
100.948   73.6223   0.20145612425537057
102.367   73.638   0.19943803548971795
103.063   74.8777   0.1984444002737344
104.482   74.8924   0.1978777652996957
105.179   76.1317   0.19753624983785462
106.598   76.1455   0.19962469787077866
107.295   77.3843   0.19806120266220906
108.715   77.3972   0.2072660367739973
109.412   78.6356   0.20529425223322967
110.832   78.6478   0.22293869112380407
111.53   79.8858   0.22145685810108137
112.95   79.8973   0.24591203711897278
113.648   81.1349   0.24544579849734588
96.7046   73.5767   0.2429552427917567
98.1237   73.594   0.22909637709924457
98.8181   74.8346   0.23977800149305417
100.237   74.8508   0.22507698682894528
100.932   76.0909   0.2346796326910337
102.352   76.106   0.2204099135701471
103.047   77.3456   0.22703321342922647
104.467   77.3596   0.21354339137515205
105.163   78.5989   0.21733110683931023
106.582   78.6119   0.20667302678384833
107.279   79.8508   0.20808551126879637
108.698   79.8629   0.2051309094212658
109.396   81.1015   0.2065692377872343
110.815   81.1128   0.21308019617036641
111.513   82.3509   0.214125990949254
112.932   82.3615   0.2309182755868419
113.63   83.5992   0.23225404194545002
115.05   83.609   0.2585030173905123
115.749   84.8463   0.2604251331956975
92.4641   73.5272   0.3127636327964004
93.8829   73.5461   0.2893772796886445
94.5763   74.7875   0.3073968932829379
95.9952   74.8054   0.2851005612060428
96.6891   76.0464   0.30425183647760945
98.1081   76.0631   0.2814865360900942
98.8025   77.3036   0.29971459757575547
100.222   77.3192   0.2757322977092046
100.917   78.5593   0.29075235166718827
102.336   78.5736   0.2644106654429758
103.031   79.8134   0.27459848870670467
104.45   79.8266   0.2479016942257639
105.146   81.066   0.2538724876783657
106.566   81.0782   0.2310865855042251
107.262   82.3172   0.23301040749288296
108.681   82.3285   0.21701764905186144
109.378   83.5672   0.2175298140485521
110.797   83.5776   0.21345172756387207
111.494   84.8159   0.21326223294339272
112.914   84.8255   0.22324903135288243
113.611   86.0634   0.2242556799726667
115.031   86.0722   0.24430947587026072
115.729   87.3097   0.24672138131908794
117.149   87.3177   0.2745550946531557
117.847   88.5548   0.2777687707428536
88.2246   73.4745   0.4083014327675032
89.6432   73.4945   0.37578569690716007
90.3363   74.7363   0.3945709695352591
91.755   74.7558   0.36521551171876493
92.448   75.9975   0.38682512844952777
93.8668   76.016   0.3595891683574465
94.5601   77.2574   0.3828500489747909
95.9791   77.2748   0.3559537329485426
96.6728   78.5158   0.378800118796172
98.0919   78.5318   0.3502184746697358
98.7861   79.7724   0.37029108819954676
100.205   79.7872   0.33848589335450596
100.9   81.0275   0.3541650039176674
102.319   81.0411   0.3195964486661267
103.014   82.2809   0.3291469124874104
104.433   82.2934   0.29326868226935676
105.129   83.5329   0.2983024136677466
106.548   83.5443   0.2645958616456447
107.244   84.7836   0.26576568627270053
108.663   84.794   0.2389273948294708
109.359   86.0328   0.23816786097203635
110.778   86.0423   0.222773921274462
111.475   87.2808   0.22250602239040473
112.894   87.2894   0.22138349080273223
113.591   88.5274   0.22148200829863662
115.011   88.5352   0.23494043926067135
115.708   89.7728   0.2357081670201463
117.128   89.7798   0.25997578733412585
117.826   91.017   0.2634338816477391
119.246   91.0232   0.29485793189263027
119.944   92.26   0.29964053464109724
89.6268   75.9647   0.45091854031521106
90.3195   77.2067   0.4724543364178208
91.7383   77.2259   0.4428518149449041
92.431   78.4676   0.46673793503421146
93.85   78.4857   0.4383972399548119
94.543   79.7271   0.4627163493977782
95.962   79.7439   0.4332509780716022
96.6554   80.985   0.4555215143107964
98.0745   81.0004   0.4231120300818655
98.7684   82.2411   0.44108771236569455
100.187   82.2552   0.40412548793660125
100.882   83.4955   0.4169762583169484
102.301   83.5084   0.3759661952888906
102.995   84.7484   0.38235095135228875
104.414   84.7601   0.33947496225789964
105.109   85.9998   0.3417064383355994
106.528   86.0104   0.30105954560519144
107.224   87.2497   0.3001867585354196
108.643   87.2593   0.2654828243031936
109.338   88.4983   0.2625707714121951
110.757   88.5068   0.2380829477304066
111.454   89.7454   0.237059591664204
112.873   89.753   0.22616288378070298
113.57   90.9912   0.22586124058810372
114.989   90.998   0.2295762618390705
115.686   92.2357   0.23013798035092217
117.106   92.2417   0.24806821642442506
117.804   93.479   0.25057633567438736
119.223   93.4841   0.27840856667854447
119.921   94.7211   0.2821818562558607
121.341   94.7256   0.31912458382267855
122.039   95.9622   0.3251872076204743
91.7205   79.6958   0.5215939704406126
92.4129   80.9377   0.5448319557441489
93.8319   80.9552   0.5165692693143897
94.5245   82.1968   0.5388579590207425
95.9437   82.2129   0.5082929667032638
96.6367   83.4541   0.5269860908980452
98.0558   83.4688   0.49207593926141646
98.7493   84.7097   0.5053330090148487
100.168   84.723   0.4651529855864678
100.862   85.9635   0.4721979669587715
102.281   85.9756   0.42805952857050283
102.975   87.2158   0.42939438748078673
104.394   87.2266   0.38332963621406085
105.089   88.4665   0.381778495989496
106.507   88.4762   0.33584755470302635
107.202   89.7158   0.3323346807060607
108.621   89.7244   0.2920008904095934
109.317   90.9635   0.28898871950302146
110.736   90.9711   0.2583165499924451
111.431   92.2098   0.25434278051480386
112.851   92.2165   0.23641254196848868
113.547   93.4547   0.2344290937575793
114.966   93.4605   0.22946147824852278
115.663   94.6984   0.22951335473125892
117.082   94.7033   0.23883525702876285
117.78   95.9407   0.24093165005867698
119.199   95.9449   0.26320949830886015
119.897   97.182   0.26642058854376144
121.316   97.1855   0.29943501799221806
93.8123   83.4246   0.5878183562972442
94.5045   84.6664   0.6055790369555404
95.9237   84.6818   0.5745804295309709
96.6163   85.9232   0.5875840195240154
98.0355   85.9371   0.5514389721446943
98.7284   87.1782   0.558399077721298
100.148   87.1907   0.5169355182225315
100.841   88.4315   0.5176713339562049
102.26   88.4427   0.47183412339507547
102.953   89.6831   0.46751509066553765
104.372   89.6931   0.4199910594286539
105.066   90.9331   0.41332995294316965
106.485   90.9419   0.36718523935474306
107.179   92.1815   0.3594910569124077
108.598   92.1893   0.31787074417127015
109.293   93.4285   0.31222954696825644
110.712   93.4352   0.2771080655628861
111.408   94.6739   0.2737339949659118
112.827   94.6797   0.24835661859511687
113.523   95.918   0.24650048681493295
114.942   95.9228   0.23407904647788863
115.639   97.1607   0.2334857597370704
117.058   97.1647   0.23475444617728194
95.902   87.1505   0.6280140205441309
96.594   88.3921   0.6339825707383396
98.0133   88.4053   0.5974537471637459
98.7056   89.6465   0.5973029047309233
100.125   89.6583   0.5553434702956369
100.817   90.8992   0.5496314856337784
102.236   90.9096   0.503815095049763
102.929   92.1501   0.49447792670653956
104.348   92.1592   0.44743759341387707
105.042   93.3993   0.437109642995898
106.461   93.4073   0.3915904110164087
107.155   94.647   0.3815461702074855
108.574   94.6538   0.3400758297791787
109.268   95.8931   0.3314397984551598
110.687   95.8989   0.29589643458481024
111.382   97.1377   0.28975101380323853
112.802   97.1425   0.26294421461595974
97.989   90.8732   0.6281065116682063
98.6808   92.1146   0.6208816714962728
100.1   92.1255   0.5797270909660805
100.792   93.3665   0.568271589999007
102.211   93.3761   0.5239833012606394
102.904   94.6167   0.5103892828028376
104.323   94.625   0.46548011772792103
105.016   95.8652   0.45163325829704354
106.435   95.8723   0.4084176906060772
107.128   97.112   0.39584504544076304
108.547   97.118   0.35619713642868883
100.073   94.5923   0.5900599037385947
100.765   95.8334   0.5739769159121291
102.184   95.8422   0.5319239889307454
102.876   97.0828   0.5150010291251865
104.295   97.0903   0.4728730590761151
91.1603   0.775783   0.8657216275506827
86.8877   0.742805   0.8739530671431929
88.309   0.750104   0.8806352020308963
89.0078   1.98591   0.8922531331410368
90.429   1.99419   0.8903858415877921
91.1269   3.23064   0.897505033746333
92.5479   3.2402   0.8876724973209427
93.2445   4.47738   0.8910844390965441
82.616   0.715513   0.8217978652101755
84.037   0.720738   0.8487696998856653
84.7361   1.95635   0.8644430450295718
86.1572   1.96214   0.883760229304306
86.8556   3.19821   0.8955991790974343
88.2767   3.2048   0.9062106143717362
88.9741   4.44142   0.9138227609334338
90.3951   4.4491   0.9156332324681085
91.0914   5.68641   0.9192354240889529
92.5122   5.69546   0.9129086879310538
93.2072   6.93353   0.913634945478772
94.6279   6.94424   0.9008194269663596
95.3214   8.18315   0.9001610425362775
78.3466   0.692143   0.717109902664855
79.767   0.696051   0.7599074469756171
80.4662   1.93165   0.7767667825029587
81.8867   1.93573   0.8150168052868619
82.5853   3.17163   0.8300069282240958
84.006   3.17612   0.8618815638473768
84.7039   4.41243   0.8739072431328159
86.1247   4.41754   0.8976760319848154
86.8217   5.65436   0.905992519229602
88.2425   5.66034   0.9207149035396383
88.9385   6.89777   0.9252597225103872
90.3593   6.90494   0.9308689210087544
91.054   8.14309   0.9320966902634075
92.4747   8.15172   0.9298095308180059
93.1681   9.39064   0.9291084361364911
94.5886   9.40102   0.9205982719949019
95.2807   10.6407   0.9195569259159516
96.7011   10.6531   0.9067018197842092
97.3919   11.8935   0.906627464838786
74.0801   0.671048   0.5794259361549134
75.4999   0.674242   0.6307488507171453
76.199   1.91004   0.6454178064633762
77.6189   1.91313   0.6959227704997146
78.3175   3.14908   0.7106792517725526
79.7375   3.1522   0.7584361280951736
80.4355   4.38842   0.7723810922077284
81.8557   4.39176   0.8154114716509677
82.5531   5.62833   0.827492321656221
83.9734   5.63214   0.8638675220194338
84.6699   6.86917   0.8731192475257892
86.0905   6.87368   0.9011324950305594
86.786   8.11125   0.9069306593670772
88.2066   8.11674   0.9257044777357373
88.901   9.35495   0.9281816102466137
90.3216   9.36172   0.9380069485883351
91.0148   10.6006   0.9380552542361239
92.4353   10.609   0.9400735822264111
93.1273   11.8486   0.9391172716972062
94.5477   11.8588   0.9352554517349797
95.2386   13.0992   0.9344757460737019
96.6589   13.1113   0.9266517900484503
97.3487   14.3524   0.9271449832685266
98.7689   14.3667   0.9164740530969784
99.4579   15.6084   0.9184847249682481
69.8163   0.65114   0.43264124535693826
71.2357   0.654026   0.4841866243185531
71.9344   1.89017   0.4946812214952183
73.3539   1.89272   0.5486988723334469
74.0523   3.1289   0.5603888069010683
75.4718   3.13125   0.6154702946527951
76.1697   4.36756   0.6278244245806338
77.5893   4.36987   0.6824804135651037
78.2867   5.60638   0.6950335304141797
79.7065   5.6088   0.7471099938429402
80.4032   6.84563   0.7590273842227295
81.8231   6.84834   0.8063384646660491
82.5191   8.08557   0.8165707868886786
83.9391   8.08882   0.8568976545655843
84.6343   9.32653   0.8645324579794534
86.0545   9.33057   0.8962866394184413
86.7486   10.5688   0.9010279629401059
88.169   10.574   0.923557864998182
88.862   11.8129   0.9254804644075395
90.2823   11.8194   0.9392467088044559
90.9743   13.059   0.9393820096212183
92.3946   13.0671   0.9457836116152575
93.0855   14.3074   0.9451926946395619
94.5057   14.3174   0.945938962090051
95.1956   15.5583   0.9458130312064842
96.6158   15.5705   0.9424730712333361
97.305   16.812   0.9431339353453466
98.7251   16.8263   0.9368961521961757
99.4136   18.0682   0.9381127064484294
100.834   18.0847   0.9293639222608109
101.522   19.327   0.930146789490776
71.2086   3.11205   0.45988873176019945
71.9063   4.34857   0.46867537816702187
73.3256   4.3503   0.5247746305796418
74.0229   5.58694   0.5348299192266667
75.4421   5.58855   0.5927762496085681
76.1389   6.82537   0.603898486916469
77.5582   6.827   0.6617867436720085
78.2544   8.06408   0.6733943305374644
79.6738   8.06587   0.7288547342234942
80.3692   9.30331   0.7399340297621131
81.7888   9.30549   0.7905744714446566
82.4834   10.5434   0.8002466494775208
83.9032   10.5462   0.8438931508194608
84.597   11.7845   0.8513313397261927
86.017   11.7882   0.8862883334445947
86.7098   13.0272   0.8911416385738036
88.1299   13.032   0.9170705643515119
88.8217   14.2716   0.9196093681558517
90.2419   14.2779   0.9369700262014778
90.9328   15.5181   0.9379213719710203
92.353   15.5262   0.9480533476550748
93.043   16.7669   0.9482714432060078
94.4632   16.777   0.9529365876069595
95.1525   18.0182   0.9529218068656018
96.5726   18.0305   0.9534394264975597
97.2614   19.2722   0.9531823015562114
98.6815   19.2866   0.9505809276437208
99.3699   20.5287   0.9493920265095972
100.79   20.5453   0.9437929910737837
101.478   21.7877   0.9408326578090271
102.898   21.8063   0.9318904549355579
103.586   23.049   0.9263815682535996
73.2956   6.8081   0.4964010560020968
73.9918   8.04523   0.5059612891318818
75.4108   8.04615   0.5657142561399675
76.1064   9.2835   0.5768520975085377
77.5254   9.28451   0.6369264161580996
78.2203   10.5222   0.648871928811841
79.6394   10.5235   0.7067163150798177
80.3336   11.7615   0.7184505341357912
81.7529   11.7633   0.771575744823538
82.4463   13.0017   0.7821208730113256
83.8659   13.0042   0.8281990823467485
84.5585   14.2431   0.8366226927354992
85.9782   14.2467   0.8741038039043176
86.67   15.4861   0.8802514811120734
88.0899   15.491   0.9087462186991484
88.7809   16.731   0.9126185018944105
90.2009   16.7374   0.9327856613391962
90.8911   17.9779   0.9347483083696896
92.3112   17.9861   0.9478311822260327
93.0008   19.2272   0.9482487279189977
94.4209   19.2374   0.9557277541224812
95.11   20.4789   0.9547190476784237
96.53   20.4913   0.9579999739039665
97.2187   21.7332   0.9551807106511286
98.6388   21.7478   0.9550042355927021
99.3273   22.99   0.9498343697719065
100.747   23.0067   0.946576024416422
75.3777   10.5041   0.5376019531214515
76.0722   11.742   0.5498571087109785
77.4909   11.7425   0.6114063542358721
78.1847   12.9807   0.6248667457946544
79.6036   12.9816   0.684378732866533
80.2967   14.2201   0.6978703747831675
81.7158   14.2217   0.752566900680598
82.4082   15.4606   0.7649461745770068
83.8275   15.4631   0.812591588684008
84.5193   16.7024   0.822833604078005
85.9388   16.706   0.8620536874232382
86.6299   17.9458   0.8697386561490766
88.0497   17.9508   0.9001705227344421
88.7402   19.1911   0.9051574945831243
90.1601   19.1978   0.9272156491345476
90.85   20.4385   0.9294570189094266
92.27   20.447   0.9443600213901471
92.9595   21.6882   0.9438241096729858
94.3795   21.6987   0.9530395742045535
95.0686   22.9404   0.9494027280348427
96.4887   22.953   0.9542111349172139
97.1775   24.1949   0.9474131675251299
98.5976   24.2098   0.9484771847545925
77.4551   14.2011   0.588278624462933
78.1479   15.4396   0.6041258478164963
79.5667   15.4404   0.6644748377478243
80.2589   16.6793   0.6803649829319564
81.6779   16.6809   0.7358879466331792
82.3697   17.9202   0.7504111273162185
83.7889   17.9227   0.799015356548294
84.4801   19.1624   0.8110345553674001
85.8996   19.1662   0.851197186320537
86.5904   20.4063   0.859960824689125
88.0101   20.4116   0.8914016154349261
88.7004   21.6521   0.8964156457804608
90.1203   21.6591   0.9195032898255446
90.8102   22.9001   0.9204999402498613
92.2301   22.9089   0.9362289036341458
92.9197   24.1502   0.9330786622788035
94.3397   24.161   0.942812908269716
79.5293   17.9   0.6485563506743268
80.2212   19.1391   0.6667527652736044
81.6401   19.1409   0.7224828994516064
82.3316   20.3804   0.7386996006496805
83.7507   20.3833   0.7874140842022074
84.4419   21.6231   0.8003642045968818
85.8613   21.6274   0.8406484342458499
86.5521   22.8676   0.8492802658722254
87.9717   22.8734   0.8808659716438131
88.6622   24.114   0.884326873955552
90.0821   24.1215   0.9075265395568324
81.6031   21.6018   0.7111391635959858
82.2947   22.8414   0.7276503830824251
83.7138   22.8448   0.7760745969299623
84.4052   24.0847   0.7880505123404187
85.8246   24.0895   0.8282206771145002
101.436   24.2492   0.9384945391423443
102.856   24.2679   0.9320505243815919
103.544   25.5106   0.9205247036337463
104.964   25.5312   0.9104383175152502
105.652   26.7742   0.8953153020025967
99.2862   25.452   0.9381874972520138
100.706   25.4689   0.9362678302708038
101.395   26.7114   0.922303773168036
102.815   26.7304   0.9175255255304878
103.503   27.9731   0.8998867317612816
104.923   27.9939   0.8921646372727399
105.611   29.2368   0.8713467564638089
107.031   29.2593   0.8602793557908962
107.719   30.5023   0.8366846120253417
95.029   25.4027   0.9353019298600842
96.4491   25.4156   0.9404289446842874
97.1381   26.6576   0.9284213321547485
98.5582   26.6727   0.9300381712596533
99.2469   27.9149   0.9139563665733706
100.667   27.9321   0.9127974857546439
101.356   29.1746   0.8931513309624511
102.776   29.1937   0.8895818905530831
103.464   30.4364   0.8666883407546228
104.884   30.4574   0.8607438933852517
105.572   31.7003   0.835527527972599
106.992   31.7229   0.8268105284767487
107.68   32.966   0.7994796182517725
109.1   32.9898   0.7875140443192087
109.788   34.2329   0.7582539482257901
90.7722   25.3625   0.9055992767223245
92.1921   25.3717   0.9212329998431434
92.882   26.6131   0.9138888389733181
94.302   26.6243   0.9234453367687776
94.9915   27.866   0.9107261772893088
96.4115   27.8793   0.9155565848160337
97.1008   29.1212   0.8982253447771338
98.5208   29.1366   0.8995379980856819
99.2098   30.3788   0.8782882556427597
100.63   30.3962   0.8773968600354108
101.319   31.6387   0.8530576533857478
102.739   31.658   0.8502813945982828
103.427   32.9007   0.823801092497457
104.847   32.9218   0.8193113266640464
105.535   34.1648   0.7911527286181841
106.956   34.1874   0.78462825592761
107.644   35.4305   0.7551894331887864
109.064   35.4543   0.7455883716904352
109.752   36.6974   0.7148478229665378
111.172   36.7219   0.7015145044829793
111.861   37.9648   0.6695897624665427
86.5157   25.3298   0.8345730045957642
87.9353   25.3362   0.8657490918274175
88.6261   26.5769   0.8658818048671533
90.0459   26.5848   0.8885202867689622
90.7364   27.8259   0.8821577523323149
92.1563   27.8356   0.8972342837854559
92.8465   29.077   0.8847062958971191
94.2664   29.0886   0.8935617773830746
94.9562   30.3303   0.8755780433519322
96.3762   30.3439   0.8798617277731742
97.0656   31.5859   0.8574432984168705
98.4856   31.6014   0.8586592339222822
99.1748   32.8437   0.8332219752262908
100.595   32.8613   0.8325156334868427
101.284   34.1038   0.8051971249327714
102.704   34.1232   0.8031982382948825
103.392   35.3661   0.7746868593180075
104.812   35.3872   0.7714275857136554
105.501   36.6303   0.7421403708194303
106.921   36.6529   0.7370571280436823
107.609   37.896   0.7070995686605934
109.029   37.9197   0.6993946310917738
109.718   39.1627   0.6687952152938896
111.138   39.187   0.6575082737122026
111.827   40.4297   0.6262467884149205
113.247   40.4543   0.6109295867773961
113.937   41.6963   0.5794551319990169
83.6787   25.3072   0.7617093277622369
84.3705   26.5472   0.7706915725502665
85.7899   26.5526   0.8101601631776258
86.4814   27.793   0.8124090779896523
87.9011   27.7999   0.8430522759592092
88.5923   29.0406   0.8381928954602251
90.0121   29.0492   0.8600974944737385
90.7029   30.2902   0.8484026874073414
92.1228   30.3005   0.8627395609336572
92.8132   31.5418   0.8449269613404464
94.2331   31.5539   0.8533067619560973
94.9231   32.7955   0.8305864253646339
96.343   32.8095   0.8345652820480843
97.0326   34.0515   0.8084909028554368
98.4526   34.0673   0.8098829915487797
99.1419   35.3096   0.7818992390327522
100.562   35.3274   0.7817316931019236
101.251   36.57   0.7529164960339216
102.671   36.5896   0.751815974823627
103.36   37.8325   0.7229927938783328
104.779   37.8537   0.7205409148688212
105.468   39.0968   0.6917763655980157
106.888   39.1194   0.6877972084851758
107.577   40.3625   0.6589215203649077
108.997   40.386   0.6525609703315088
109.686   41.6289   0.6234727740647539
111.106   41.6528   0.6139466426327281
111.796   42.8952   0.5849036245399762
113.216   42.9194   0.5717905210826765
113.907   44.161   0.5434990800360181
115.327   44.1851   0.5268531863811787
116.02   45.4258   0.5004328126731876
85.7576   29.0166   0.7832571033830462
86.4495   30.2569   0.7801865482049767
87.8691   30.2646   0.8100043456673549
88.5606   31.5053   0.7995988244113401
89.9804   31.5144   0.8209914250465713
90.6715   32.7554   0.8039793032161937
92.0913   32.7662   0.8180069559606451
92.7819   34.0075   0.7957507838513266
94.2018   34.02   0.8040008955218889
94.892   35.2617   0.7779879240708045
96.3119   35.276   0.782360639347352
97.0017   36.518   0.7543049383372753
98.4216   36.5342   0.7563497735836228
99.111   37.7765   0.7275415726953361
100.531   37.7945   0.7283239183220621
101.22   39.0372   0.6997113547742377
102.64   39.057   0.6995625204368784
103.329   40.3   0.6715252489668584
104.749   40.3213   0.6703151795983715
105.438   41.5644   0.6429648901767501
106.857   41.5869   0.6399860154722131
107.547   42.8299   0.6131965182549537
108.967   42.8531   0.6081015457964234
109.657   44.0958   0.5816559206266201
111.077   44.1193   0.573751697165245
111.768   45.3613   0.5481912531224852
113.188   45.3849   0.5372983994020456
113.88   46.626   0.5132055436177588
115.3   46.6496   0.4996616855433275
115.995   47.8896   0.47812564248322803
117.415   47.913   0.4623337539051195
87.8392   32.73   0.7659075792809482
88.531   33.9706   0.7503502715398993
89.9508   33.9804   0.7715963970885271
90.6421   35.2214   0.7504681272379251
92.0619   35.2327   0.7647252447774929
92.7527   36.474   0.7395449479240598
94.1725   36.487   0.7485131528570494
94.8629   37.7287   0.7210347079024676
96.2827   37.7434   0.7262817359675263
96.9727   38.9855   0.6981806786212287
98.3925   39.002   0.7012385471435532
99.0822   40.2445   0.6733482457094537
100.502   40.2627   0.675298933806353
101.191   41.5056   0.6482387291731339
102.611   41.5254   0.6491578236453757
103.3   42.7685   0.6231049751045157
104.72   42.7898   0.622897070148834
105.41   44.0329   0.5979137897724065
106.829   44.0552   0.5960213502887282
107.519   45.2981   0.5717129524507926
108.939   45.3209   0.5680242424404066
109.63   46.5632   0.5447664178342854
111.05   46.5862   0.538805493661674
111.742   47.8277   0.5170981531585666
113.162   47.8508   0.5087434520463138
89.923   36.447   0.7143025549443317
90.6145   37.688   0.6908448523366153
92.0343   37.6999   0.7059270288068026
92.7253   38.9413   0.6798692080098937
94.1451   38.9547   0.6900745539432673
94.8356   40.1965   0.6630852961723676
96.2554   40.2117   0.6697839427755784
96.9456   41.4539   0.6430867437601266
98.3653   41.4707   0.6476034203121533
99.0552   42.7134   0.621882649701694
100.475   42.7319   0.625120188443788
101.165   43.9748   0.6006372699058884
102.584   43.9948   0.6025674236133257
103.274   45.238   0.5792129919123031
104.694   45.2592   0.5799510755227546
105.384   46.5022   0.5576472451290334
106.803   46.5242   0.5568265888048081
107.494   47.7667   0.5356718491763389
108.914   47.7891   0.5334458922889922
92.0083   40.1678   0.6452059593649158
92.6996   41.4092   0.620254117277752
94.1193   41.4232   0.6319977294262984
94.8101   42.6651   0.6071223682257152
96.2298   42.6808   0.61552360637103
96.9203   43.9231   0.5915063059680762
98.3399   43.9404   0.5975749241726938
99.0301   45.1831   0.5747613765729214
100.45   45.2019   0.579184685571017
101.14   46.4449   0.5577158057649089
102.559   46.465   0.5606027648879367
103.25   47.7081   0.5403124096298335
104.669   47.7291   0.5419747318833229
94.0951   43.8925   0.5771725998347489
94.7862   45.1345   0.5552834771537818
96.2058   45.1507   0.5655753000264421
96.8965   46.3931   0.5445889734469483
98.3161   46.4108   0.5524101193859521
99.0066   47.6536   0.5325968644293738
100.426   47.6727   0.5384046898012692
96.1833   47.6213   0.5206021993806791
102.458   58.8204   0.40033361087972624
103.152   60.062   0.38362406076783
104.572   60.081   0.3925368517731829
105.267   61.3217   0.37532126238730346
106.686   61.3403   0.3841196167862321
107.382   62.5801   0.36758156917887064
108.802   62.5981   0.37798526426304185
109.5   63.8371   0.3634921319643645
110.92   63.8546   0.3756626412088365
111.618   65.0928   0.36356244305483376
113.038   65.1099   0.3776235691796797
113.738   66.3473   0.36898516230330836
115.158   66.364   0.3846297440396409
115.859   67.6008   0.37904018256643673
117.28   67.6171   0.39546054164733135
117.981   68.8533   0.39211897429224024
119.402   68.8693   0.407808239249775
120.104   70.1048   0.4065562322729808
121.525   70.1205   0.4194755058403293
122.228   71.3555   0.41918635473974947
123.649   71.3707   0.42857204761860024
124.353   72.6052   0.42864797911572705
125.774   72.62   0.4342480627475462
104.556   62.5507   0.35733354166660614
105.251   63.791   0.33874245379049184
106.671   63.8088   0.34997779929590106
107.368   65.0483   0.333239748529493
108.788   65.0654   0.34666251600078946
109.485   66.3041   0.3317732508807738
110.905   66.3207   0.3474052676629954
111.604   67.5586   0.3363291542522021
113.024   67.5747   0.3542454092857091
113.724   68.8121   0.3467590662116883
115.145   68.8278   0.3665788046245962
115.845   70.0645   0.3620582273612888
117.266   70.0798   0.3822228276803963
117.967   71.316   0.380237005037649
119.388   71.331   0.39923583256015793
120.09   72.5666   0.3989857641570724
121.511   72.5812   0.4153904909840864
106.656   66.2769   0.31270997745515394
107.353   67.516   0.2955151434359968
108.773   67.5323   0.3122353119043325
109.471   68.7708   0.2990121235000355
110.891   68.7865   0.3178527489262942
111.59   70.0243   0.30866280955114056
113.01   70.0395   0.33023794451880184
113.71   71.2767   0.32449229574829486
115.131   71.2915   0.34794271080164757
115.831   72.5282   0.34500794193757406
117.251   72.5425   0.36826111660070643
108.759   69.9989   0.27844529085620773
109.457   71.2372   0.2665932669817366
110.877   71.252   0.2890320570455831
111.576   72.4898   0.2813594320437819
112.996   72.5041   0.30620981368989614
118.111   49.152   0.444247633645921
113.856   49.0913   0.48915181692394977
115.276   49.1141   0.47885911289229816
115.972   50.3536   0.462224588268515
117.392   50.3762   0.45050416202295007
118.09   51.6146   0.4373152181207505
119.51   51.637   0.4245142282656727
120.21   52.8743   0.415260616962408
109.606   49.031   0.5135123854397275
111.026   49.0534   0.5096281781848414
111.72   50.2944   0.49163085745302815
113.14   50.3167   0.4862657812349137
113.835   51.5566   0.4704773427063183
115.255   51.5787   0.46397896504044217
115.952   52.8176   0.4511831335500021
117.372   52.8394   0.4435080608061159
118.071   54.0772   0.4340656747544081
119.492   54.0989   0.425786671937955
120.192   55.3357   0.4194637290636699
121.612   55.3571   0.4108300013387522
122.314   56.593   0.4073253859017353
105.36   48.9719   0.5224498444827033
106.779   48.9935   0.5228906673483461
107.471   50.2357   0.5045789135506956
108.891   50.2576   0.5039009624916396
109.584   51.499   0.48699490757090874
111.004   51.5207   0.48541495650628624
111.699   52.7611   0.4704469789466189
113.119   52.7826   0.4681133302951318
113.816   54.022   0.45541596370790577
115.236   54.0432   0.45260292752036
115.934   55.2816   0.4424008137424687
117.354   55.3026   0.4390246576218684
118.054   56.5399   0.4315859705782844
119.474   56.5607   0.42790393781782615
120.176   57.7971   0.42336334276836124
121.596   57.8176   0.41880793927527166
122.299   59.0531   0.41638651515148833
123.719   59.0734   0.41094545866817656
124.423   60.3081   0.40988663066755227
101.117   48.9156   0.5196086027001484
102.536   48.9358   0.523745167042141
103.227   50.1786   0.5059260815573742
104.646   50.1995   0.5085576860101523
105.338   51.4419   0.4916334508554106
106.758   51.4631   0.49340945471281716
107.451   52.7049   0.47736092215429443
108.87   52.726   0.4784901670881021
109.565   53.9669   0.4637892301466229
110.984   53.9879   0.46454084858061545
111.68   55.2278   0.4515098337799535
113.1   55.2484   0.4523886161255621
113.798   56.4873   0.4414304928298468
115.218   56.5077   0.4422110921268249
115.917   57.7455   0.43350678195386877
117.338   57.7656   0.43456903939420133
118.038   59.0026   0.42819037821978173
119.459   59.0225   0.4288551853481559
120.16   60.2585   0.424537442400549
121.581   60.2781   0.42443591978059436
122.284   61.5134   0.42171987147868717
123.705   61.5327   0.42018420960335884
124.409   62.7672   0.41846352290253425
125.83   62.7862   0.4144065877854744
126.534   64.02   0.4122827306594348
96.8743   48.8638   0.5027823684259445
98.2938   48.8819   0.5122082096179249
98.9847   50.1247   0.4950809731750976
100.404   50.1439   0.5023022596007286
101.095   51.3868   0.48571370168031947
102.515   51.4069   0.49123421094219294
103.206   52.6495   0.4749476181643615
104.626   52.67   0.4791745402251685
105.318   53.9121   0.46340678674356894
106.738   53.9327   0.46685407784445937
107.432   55.174   0.4520964609461137
108.851   55.1944   0.4549870877288698
109.547   56.4348   0.44149433744952704
110.966   56.4549   0.44464635385888335
111.663   57.6943   0.4326964409375252
113.083   57.7141   0.43663669108310155
113.782   58.9525   0.42657928923003163
115.202   58.9719   0.4311014961699856
115.902   60.2094   0.4232803444527038
117.322   60.2286   0.427990140073343
118.023   61.4652   0.4223028415722497
119.444   61.4842   0.4270040866315007
120.146   62.72   0.4231266595240726
121.567   62.7387   0.4267443848488209
122.27   63.9738   0.4240078419086115
123.691   63.9921   0.4255598312811015
124.395   65.2265   0.42315842187057684
125.816   65.2445   0.42167732924595486
126.521   66.4782   0.419010560726101
127.942   66.4958   0.41389795843903215
128.647   67.7289   0.41053813464767763
98.2729   51.3534   0.4762386481586762
98.9642   52.5962   0.46111190615727854
100.384   52.6155   0.46996877555854716
101.075   53.8582   0.4545421102604261
102.495   53.8781   0.4613431694519795
103.187   55.1204   0.44594830417886094
104.606   55.1405   0.45124943213260654
105.3   56.3822   0.4361999197615697
106.719   56.4022   0.4410916571416866
107.414   57.643   0.4263734982383401
108.834   57.6626   0.4317567949667957
109.53   58.9025   0.4180674825910266
110.95   58.9218   0.42412131519177687
111.648   60.1607   0.41238720882199714
113.068   60.1795   0.4194280033569526
113.767   61.4175   0.4097300818831837
115.187   61.4361   0.41768798163221926
115.887   62.6732   0.4104566359556145
117.308   62.6915   0.4193290116364495
118.009   63.9279   0.41409182556529467
119.429   63.9459   0.4223360983861111
120.132   65.1815   0.4191282977800472
121.553   65.1993   0.42606304697779107
122.256   66.4342   0.42368536675226215
123.677   66.4516   0.42794938953105266
124.381   67.6859   0.4257421402680244
125.802   67.7029   0.4263725718195306
126.507   68.9366   0.42396245116755793
127.928   68.9531   0.4205681395445901
128.633   70.1863   0.4175211252140443
130.055   70.2024   0.41081465407164597
130.761   71.435   0.40856403414887354
100.364   55.0873   0.43886638057614114
101.057   56.3297   0.42402792360881025
102.476   56.3494   0.43192963547318364
103.169   57.5913   0.41622163567022646
104.588   57.6109   0.4231043015616828
105.283   58.8521   0.40742729412743184
106.702   58.8714   0.4141032359207061
107.398   60.1117   0.39883777403851683
108.818   60.1305   0.40649216474613536
109.514   61.37   0.39216006935943637
110.934   61.3883   0.4011241329065108
111.633   62.6268   0.3892065389995383
113.053   62.6448   0.3997570887426513
113.752   63.8825   0.3901129067334201
115.172   63.9001   0.4019689042699663
115.873   65.137   0.39559713092994064
117.293   65.1543   0.40772765420069196
117.995   66.3906   0.4038354863059951
119.416   66.4076   0.415651115720863
120.118   67.6432   0.41328853117404685
121.539   67.6599   0.42346377649097894
122.242   68.8948   0.4217897699091343
123.663   68.9111   0.42879292204979164
124.367   70.1455   0.427264379512266
125.788   70.1614   0.4301754990698511
126.493   71.3952   0.4287790223413438
127.914   71.4106   0.42748980104793205
128.619   72.6439   0.4263171706605259
130.04   72.6588   0.42145098172859724
126.478   73.8539   0.43424016396459836
127.899   73.8682   0.43578035751970495
128.604   75.1016   0.43729583807761646
130.026   75.1154   0.43614228183014003
130.731   76.3483   0.44016261767669657
132.152   76.3616   0.4367407583452618
132.858   77.5942   0.4450286507630703
134.28   77.6071   0.4415695868150366
134.986   78.8393   0.45505688655375737
122.214   73.8162   0.4159811293796852
123.634   73.8304   0.4284623203970203
124.338   75.0649   0.43024189707651467
125.759   75.0786   0.43870543648330046
126.463   76.3126   0.4414163567426964
127.884   76.3257   0.446329261868412
128.589   77.5593   0.45150859349518196
130.01   77.5719   0.4542684778850457
130.715   78.805   0.46248178342503243
132.136   78.8172   0.4638761149272533
132.842   80.0499   0.4772683626640375
134.263   80.0617   0.47837020183117557
134.969   81.2941   0.49698329951819836
136.39   81.3056   0.49828481815121933
137.096   82.5377   0.5220037356188165
117.953   73.7787   0.36811776648241057
119.373   73.7927   0.390040382524687
120.075   75.0284   0.3909671085909936
121.496   75.0418   0.41068022840161017
122.198   76.277   0.412319293751817
123.619   76.29   0.42856341421077576
124.322   77.5247   0.4315067670384785
125.743   77.5372   0.44430837264224615
126.447   78.7714   0.4493701369695186
127.868   78.7833   0.4593579541055073
128.572   80.017   0.4677542624070924
129.993   80.0284   0.47539092334625094
130.698   81.2618   0.4883618125938989
132.119   81.2727   0.4951821584023382
132.824   82.5057   0.5130827808453551
134.245   82.5163   0.5200545356018023
134.95   83.7489   0.5426895337114898
136.372   83.7592   0.5498749312343658
137.077   84.9916   0.5767964719032104
138.498   85.0018   0.5826827352856736
139.204   86.234   0.6127795688500107
113.696   73.7413   0.3029069989287151
115.116   73.7551   0.32871242751073326
115.816   74.9919   0.32774784514928584
117.237   75.0052   0.3545973209148617
117.938   76.2415   0.3553196448270203
119.358   76.2544   0.3802628170095048
120.059   77.4902   0.38201844196321116
121.48   77.5025   0.40512552375776323
122.182   78.7379   0.40810421463150975
123.603   78.7497   0.4283727932537225
124.306   79.9845   0.43338141399926094
125.726   79.9957   0.45058790485320177
126.43   81.2302   0.45834708464219953
127.851   81.2408   0.4739634163097414
128.554   82.4748   0.4849207461018705
129.975   82.485   0.49935467355377566
130.679   83.7186   0.5152533454525082
132.1   83.7283   0.5290348759770019
132.805   84.9615   0.5506119141464398
134.226   84.9709   0.5637007184668071
134.93   86.2039   0.5891898590437525
136.352   86.213   0.6019963205867649
137.056   87.4458   0.6307096637915146
138.477   87.4547   0.641795676208555
139.181   88.6875   0.6716095889726486
140.603   88.6966   0.6799203262147696
141.307   89.9294   0.7094631209583685
110.863   73.7174   0.262519961145817
111.562   74.9552   0.25728981713235255
112.981   74.9686   0.2835524290144574
113.681   76.2059   0.28161301461402455
115.101   76.2187   0.31027073661561977
115.801   77.4556   0.31020556087858775
117.221   77.4679   0.3392115121867144
117.922   78.7043   0.3414955636607822
119.342   78.716   0.3689762187458711
120.043   79.952   0.372182885151916
121.463   79.9632   0.39833529846098015
122.165   81.1987   0.4028427608881691
123.586   81.2093   0.4274756718223849
124.288   82.4443   0.43401825998452975
125.709   82.4543   0.4570142776763078
126.411   83.689   0.4665393123842869
127.832   83.6984   0.4884415318131711
128.535   84.9326   0.5023828520162695
129.956   84.9415   0.5235519076462134
130.659   86.1754   0.5419152332237982
132.08   86.1839   0.5628074271009612
132.784   87.4175   0.585830871497901
134.205   87.4256   0.6061308769564596
134.908   88.659   0.6321313945691938
136.33   88.6669   0.6514819107235451
137.033   89.9002   0.6799024415311296
138.454   89.9081   0.6960175644335403
139.158   91.1414   0.7250656659917014
140.579   91.1494   0.7371207499453576
141.282   92.3829   0.7645439163318264
142.703   92.3913   0.7712853427882556
143.406   93.625   0.7955908998976796
112.966   77.433   0.2632779139996326
113.665   78.6704   0.26233787374300793
115.085   78.6822   0.29213021069379
115.784   79.9193   0.2925303403067803
117.205   79.9305   0.3239296528569085
117.905   81.1671   0.3260532011804232
119.325   81.1777   0.3566020751481989
120.025   82.4138   0.3598473565277412
121.446   82.4238   0.39012512095480234
122.147   83.6595   0.3960419169734491
123.567   83.6689   0.4244007657862974
124.269   84.9041   0.433225945668078
125.69   84.9129   0.4618904199049794
126.392   86.1478   0.4735852615949892
127.812   86.156   0.5014763902717653
128.515   87.3905   0.5174497560150068
129.936   87.3981   0.5457651234734602
130.638   88.6324   0.5652631334166414
132.059   88.6396   0.5932946401241146
132.762   89.8736   0.6166295889754272
134.183   89.8806   0.6437684754630292
134.885   91.1144   0.6691008369446195
136.306   91.1212   0.6943697286028584
137.009   92.3551   0.7209307386982423
138.43   92.3618   0.7429282939826735
139.132   93.5958   0.7686287595452103
140.553   93.6028   0.7856967926624085
141.255   94.837   0.8097340365823796
142.676   94.8444   0.81999451827436
143.377   96.079   0.8404252078561234
144.799   96.087   0.843499436869999
145.499   97.322   0.8594650661894219
115.068   81.1457   0.2745571889424841
115.767   82.3829   0.2758077228795379
117.187   82.393   0.30747614541618784
117.887   83.6298   0.310224193124912
119.307   83.6392   0.3429640360154434
120.007   84.8756   0.3470240049333808
121.427   84.8844   0.38014405164359
122.128   86.1203   0.3866694324613704
123.548   86.1284   0.4201896476592428
124.249   87.3639   0.42944582894702205
125.669   87.3715   0.46336004359461297
126.371   88.6066   0.47684631696176144
127.791   88.6136   0.5107482060663535
128.493   89.8484   0.5277352082247293
129.914   89.8549   0.5628739468122389
130.615   91.0895   0.5821778508325527
132.036   91.0956   0.6171121129908231
132.738   92.33   0.6393014156092556
134.159   92.3359   0.6731182659830313
134.86   93.5702   0.6964323369861615
136.281   93.576   0.7278820302768845
136.983   94.8104   0.7516444505216501
138.404   94.8162   0.7791948472622234
139.105   96.0508   0.8014596059690073
140.526   96.0568   0.8234967516633024
141.226   97.2917   0.8429181988781579
142.647   97.2983   0.8578608978150191
117.168   84.8554   0.2907065530737154
117.868   86.0923   0.29420445271952705
119.288   86.1007   0.32805831798630075
119.987   87.3372   0.33226642924014865
121.407   87.3449   0.3681503225585972
122.107   88.581   0.3750279989547421
123.527   88.5879   0.4126860428945939
124.228   89.8237   0.4227117812410671
125.648   89.83   0.46182720794686377
126.349   91.0654   0.47483165437869107
127.769   91.0713   0.5151878686459954
128.47   92.3064   0.5311453755799755
129.89   92.3118   0.5721579939142608
130.591   93.5467   0.5909156454181971
132.012   93.5518   0.6318476082094512
132.713   94.7867   0.6522198709024467
134.133   94.7915   0.6920466313768172
134.834   96.0264   0.7127651506632444
136.255   96.0312   0.7502136029158617
136.955   97.2662   0.7702166448474147
138.376   97.2711   0.8033925130345737
119.267   88.562   0.31164205428663616
119.966   89.7987   0.3163012013888022
121.386   89.8052   0.354070967462738
122.086   91.0415   0.3613236776077637
123.506   91.0474   0.4022144204277129
124.206   92.2833   0.4118502761926967
125.625   92.2886   0.454809212747494
126.326   93.5242   0.46746319641229533
127.746   93.5291   0.5127165396200889
128.446   94.7645   0.527107958581541
129.866   94.7689   0.5735997297767944
130.566   96.0042   0.5897501165748151
131.986   96.0083   0.6364060967652565
132.686   97.2436   0.6537038243730862
134.107   97.2475   0.6995755070040693
121.364   92.2655   0.33717846906349386
122.063   93.5019   0.3444152871171677
123.483   93.5067   0.38729111789454046
124.182   94.7429   0.3958825078227088
125.602   94.7472   0.44239846292680246
126.301   95.9831   0.4529655284897576
127.721   95.9869   0.5021988152116671
128.421   97.2227   0.5149333549110898
129.84   97.2261   0.5654397050084139
123.459   95.966   0.3679459878840908
124.158   97.2024   0.3761150488879692
125.577   97.2057   0.423274308221043
130.746   73.8916   0.4220198692004961
132.168   73.9061   0.4153404025615706
132.874   75.1384   0.41894778910981156
112.504   1.0663   0.3803548108017092
1.00423   1.09204   112.61191116452689
1.69547   2.33273   112.61666968703612
108.239   0.992649   0.48223978803184714
109.659   1.01692   0.4452101850811602
110.352   2.25667   0.44441829125273213
111.771   2.28178   0.40789067162660647
112.463   3.52237   0.40537502685784416
113.882   3.54812   0.3711513976802503
114.572   4.78939   0.3658085347555476
3.07241   4.81566   112.63373031680251
3.76164   6.05751   112.64149774967306
103.972   0.92498   0.5987403711960568
105.393   0.946542   0.5604870978033315
106.087   2.18533   0.5627390326785618
107.507   2.20831   0.5229362538589202
108.199   3.44804   0.5238307151170103
109.619   3.47216   0.483813273484717
110.31   4.7127   0.48297003519886983
111.73   4.73768   0.442443661498281
112.42   5.97888   0.44015856279300386
113.839   6.00452   0.39910777053322377
114.529   7.24625   0.3955253827505864
115.948   7.2725   0.35591268592169484
116.636   8.51474   0.3492839173222773
5.13623   8.5416   112.6599087014742
5.82384   9.78438   112.66929566386753
99.7034   0.865888   0.7103164870985358
101.124   0.883681   0.6757224452399034
101.82   2.12148   0.678806822372899
103.24   2.14109   0.6422155953416274
103.934   3.3799   0.6442475164096491
105.354   3.40121   0.6061631384371704
106.047   4.64095   0.6079360245946914
107.467   4.6637   0.5682952880325489
108.158   5.90424   0.5698434894775934
109.577   5.92812   0.5273906574826623
110.268   7.16931   0.5288596090646339
111.687   7.19403   0.48445887709897545
112.376   8.43574   0.4841865034261132
113.796   8.46116   0.43913319573906556
114.484   9.70332   0.4365182984709773
115.903   9.72944   0.38977337825972985
116.591   10.9721   0.3854031266090038
118.01   10.9989   0.33920365564067784
118.697   12.2421   0.331883669378299
7.19617   12.2697   112.68996643019688
7.88228   13.5133   112.70085221291984
95.4325   0.81631   0.8050357649819057
96.8535   0.83012   0.7782834587089682
97.5505   2.06706   0.7824208039156427
98.9712   2.08263   0.7518036780968826
99.6667   3.32049   0.7542895746329797
101.087   3.33794   0.7211648324759042
101.781   4.57677   0.7228741099942642
103.201   4.5961   0.6878066269671967
103.894   5.83586   0.6899584468647412
105.314   5.85691   0.6531133206419827
106.005   7.09748   0.6552744943151673
107.425   7.11994   0.6164079392739824
108.115   8.36118   0.6188066867770537
109.534   8.38471   0.5768766765956125
110.224   9.62646   0.5792728891463886
111.643   9.65083   0.5342557668383204
112.331   10.893   0.5354884872712048
113.751   10.9181   0.4873489509581419
114.438   12.1607   0.4866284516959547
115.857   12.1867   0.43498678140835134
116.544   13.4297   0.4322694530035595
117.963   13.4565   0.37901926072430014
118.649   14.7001   0.3726424828169792
120.068   14.7277   0.319309708590267
120.754   15.9715   0.31018400990380407
122.172   15.9996   0.25988651369395716
122.858   17.2436   0.24858449267804464
92.5816   0.785936   0.8529375844081435
93.2797   2.0222   0.8598588277153415
94.7007   2.03383   0.8404419194685614
95.3976   3.2709   0.8441180604631059
96.8183   3.28421   0.8195261896974353
97.5137   4.52215   0.821093943711678
98.9342   4.53734   0.7929575370724475
99.6281   5.7762   0.7939935966996188
101.048   5.79334   0.7634477743107251
101.741   7.03313   0.7651756457833705
103.161   7.05218   0.7326821876502779
103.852   8.29278   0.7351719407730435
105.272   8.31352   0.7007020296816654
105.962   9.5548   0.7042428257355565
107.382   9.57692   0.6671727378273206
108.071   10.8187   0.6710139268301348
109.49   10.8419   0.6301980641036551
110.179   12.0841   0.6338184992566912
111.598   12.1081   0.5889771217967649
112.286   13.3507   0.5911317365866952
113.705   13.3756   0.5419799811801154
114.392   14.6186   0.5416954864127964
115.811   14.6444   0.4883446528835971
116.497   15.8878   0.4854747161284494
117.916   15.9146   0.4280219270084196
118.602   17.1584   0.42230455834622344
120.021   17.186   0.3625412804081771
120.706   18.4299   0.35354582446975885
122.125   18.458   0.29459309224759644
122.811   19.7017   0.28362413508021833
124.229   19.7298   0.22891860999053584
124.916   20.973   0.2177120575438975
94.6653   4.48851   0.8745479840466156
95.3605   5.72652   0.8754752611581911
96.7811   5.73943   0.85404272381421
97.4748   6.97832   0.8541663208064354
98.8952   6.99319   0.8294272093438929
99.5875   8.23296   0.8301223064103286
101.008   8.24984   0.803089056394117
101.699   9.49043   0.8054163261320175
103.119   9.50923   0.7761575948865039
103.809   10.7505   0.7801386607520499
105.229   10.771   0.7489337086818847
105.917   12.0128   0.7532422054027522
107.337   12.0346   0.7188516189033731
108.026   13.2768   0.7238271064280452
109.445   13.2997   0.6850157662419125
110.133   14.5423   0.6888686812448326
111.552   14.566   0.6452364915284982
112.239   15.809   0.6467937074523865
113.659   15.8337   0.5984080296921177
114.345   17.0771   0.5969983668319363
115.764   17.1028   0.5432194492099832
116.45   18.3465   0.5387290320745659
117.869   18.3733   0.4804261129455832
118.555   19.6172   0.4728522496509912
119.974   19.6448   0.4112860440131681
120.66   20.8886   0.4015040223957914
122.078   20.9166   0.33782915800741636
122.765   22.16   0.3271165694366467
124.184   22.188   0.26554159749462536
124.871   23.4307   0.25459913589797817
126.29   23.4583   0.20002072392629713
96.742   8.19574   0.8828384651792216
97.4341   9.43548   0.8823831920430028
98.8545   9.4501   0.8620242294158575
99.5453   10.6907   0.8629926245339516
100.966   10.7073   0.8404699042797398
101.655   11.9486   0.8431529280029785
103.075   11.9671   0.8185655135662648
103.764   13.2089   0.8233283245461638
105.184   13.2292   0.7955544293132925
105.872   14.4714   0.8008458028859256
107.292   14.493   0.7693358694354502
107.98   15.7356   0.7741196935874971
109.4   15.7582   0.7381802828577858
110.087   17.0012   0.7405705435675912
111.506   17.0248   0.698883609766317
112.193   18.2681   0.6985625312024686
113.612   18.2928   0.6512870718815166
114.299   19.5364   0.6477201324646331
115.718   19.5622   0.5949746213074976
116.404   20.806   0.5877473606916456
117.823   20.8328   0.5302699784072219
118.509   22.0765   0.5201096999672306
119.928   22.1042   0.4588166627314233
120.614   23.3476   0.4464352360645396
122.033   23.3755   0.3833000652230575
98.8122   11.908   0.8910950398245973
99.502   13.1492   0.8927772006497469
100.922   13.1657   0.8749521186899306
101.611   14.4074   0.8784399865670958
103.031   14.4258   0.8582429784157899
103.719   15.668   0.8626446603323978
105.139   15.6881   0.8391870887948634
105.827   16.9306   0.8432041567734356
107.247   16.9521   0.8155085284655202
107.934   18.195   0.8179374548215763
109.354   18.2176   0.784693902104507
110.041   19.4608   0.7843903492522059
111.461   19.4845   0.7454158705045127
112.147   20.728   0.7414361469472619
113.567   20.7528   0.6969504501756199
114.253   21.9965   0.6892330012412339
115.672   22.0224   0.6388655022772773
116.359   23.2661   0.628060888767957
117.778   23.293   0.5729305368018001
100.878   15.6248   0.9054638479806904
101.566   16.8669   0.9082873388966713
102.986   16.8852   0.8924949579689502
103.674   18.1277   0.8951989722961045
105.094   18.1478   0.8757156159393296
105.782   19.3905   0.8769804786880946
107.202   19.412   0.8528424590743595
107.889   20.6551   0.8511452813709288
109.309   20.6779   0.8215653656283204
109.996   21.9212   0.8163525341419609
111.416   21.9451   0.7809750636223931
112.102   23.1887   0.772236006671537
113.522   23.2137   0.7308458113720039
102.942   19.3454   0.9182020529273469
103.63   20.588   0.9174903432734317
105.05   20.6082   0.9016925529247762
105.737   21.851   0.8980562231842718
107.157   21.8727   0.877594080426708
107.845   23.1159   0.870708102638305
109.265   23.1389   0.8448449561901861
105.006   23.0693   0.9137371832206471
126.979   24.7004   0.1905247490485192
122.721   24.6184   0.37053508605798696
124.14   24.6462   0.30819198561935096
124.828   25.8885   0.2959783944817595
126.247   25.916   0.23694862312324408
126.936   27.1576   0.22653533940646645
128.356   27.1845   0.17558465194884124
129.046   28.4256   0.16788031451005736
118.465   24.5364   0.5593800139440113
119.883   24.5639   0.5002291075097485
120.571   25.807   0.4850560792320825
121.99   25.8346   0.4242317880593096
122.678   27.0771   0.40832027870287996
124.097   27.1047   0.3477345826920262
124.786   28.3466   0.3324507331921504
126.205   28.3738   0.2746679813884417
126.895   29.6151   0.2611802059881249
128.315   29.6419   0.2093794163713327
129.006   30.8826   0.1991972389366899
130.426   30.9089   0.1553830750114042
131.118   32.1489   0.14870887666848123
114.209   24.4573   0.7187003408931995
115.628   24.4833   0.6716666807278727
116.315   25.7268   0.6564686207276014
117.734   25.7536   0.6049030996779541
118.421   26.9968   0.5869857323649351
119.841   27.024   0.5321510405890407
120.529   28.2667   0.5127707967503611
121.948   28.2941   0.45565935741516245
122.637   29.5362   0.43577528612806754
124.056   29.5634   0.3787673692386903
124.745   30.805   0.35930640127890795
126.165   30.8319   0.3050020983534399
126.855   32.0728   0.2873629064441006
128.275   32.0993   0.23801050396988552
128.967   33.3396   0.22364196833332467
130.387   33.3657   0.18138241370099786
131.08   34.6052   0.17084700758281063
132.5   34.6308   0.1369315522441818
133.195   35.8694   0.131623250225788
109.952   24.3823   0.8340610888897751
111.372   24.4065   0.8025724702480149
112.059   25.65   0.7882375149661429
113.478   25.6752   0.7510692378203214
114.165   26.9186   0.7334459625630232
115.585   26.9447   0.6911346974360326
116.272   28.188   0.6709110298690896
117.692   28.2146   0.6239382180953493
118.379   29.4575   0.6013582626022531
119.799   29.4844   0.5507916575257843
120.487   30.7268   0.5268448917850487
121.907   30.7537   0.4745013066367683
122.596   31.9956   0.44984096078503066
124.015   32.0224   0.3973832029666076
124.706   33.2636   0.37368315455744056
126.125   33.2901   0.3234281527634811
126.817   34.5305   0.3019339000509864
128.237   34.5568   0.25661280170716166
128.929   35.7964   0.2383134910155107
130.35   35.8224   0.19964521031069232
131.044   37.0611   0.18608922591059004
132.464   37.0866   0.154459315031498
133.161   38.3243   0.14639853141339607
134.581   38.3493   0.12186734591349367
135.279   39.5859   0.11785775324517088
105.694   24.3122   0.9045375835198896
107.114   24.3342   0.8874943661793028
107.801   25.5774   0.874459587402414
109.221   25.6007   0.8524124001913623
109.909   26.844   0.8359258699190967
111.329   26.8685   0.8086856311323948
112.016   28.1118   0.7888029221548313
113.436   28.1372   0.7562792936475261
114.123   29.3804   0.7334276651449688
115.543   29.4065   0.6959290840308373
116.231   30.6495   0.6706825776773971
117.65   30.6759   0.6286115811850744
118.338   31.9185   0.6012191780041607
119.758   31.945   0.5557293315994748
120.447   33.1871   0.5271461751734529
121.866   33.2136   0.47926356005855436
122.556   34.4551   0.4504793003013562
123.976   34.4815   0.4027239749505845
124.667   35.7221   0.3752469187082016
126.087   35.7483   0.32999412115975557
126.779   36.9881   0.30516913343259305
128.2   37.0141   0.26453563087039345
128.894   38.253   0.24430974192610252
130.314   38.2787   0.20931631565647063
131.01   39.5165   0.19460660317676423
132.431   39.5419   0.16643473195220554
133.129   40.7786   0.15733368997134664
134.55   40.8035   0.13504506655187334
135.249   42.0391   0.13037212125296535
136.671   42.0633   0.11314031111853584
137.372   43.2979   0.11227239197595083
107.072   26.7964   0.8812184575915327
107.76   28.0395   0.8626698847183669
109.18   28.0631   0.844344917672868
109.867   29.3063   0.822344307452784
111.287   29.331   0.7992715933898819
111.975   30.5742   0.7746118253680359
113.395   30.5996   0.746662105640832
114.082   31.8427   0.7192211759952563
115.502   31.8685   0.6864238777898084
116.19   33.1113   0.6567616919400808
117.61   33.1374   0.6194679007018843
118.299   34.3798   0.587952923285531
119.718   34.4059   0.5469480505495931
120.408   35.6476   0.5146508719510738
121.828   35.6737   0.4717402357230097
122.518   36.9146   0.4397891085509057
123.938   36.9406   0.39686017688853503
124.631   38.1807   0.36757358446982963
126.051   38.2064   0.3267857555035116
126.744   39.4455   0.30135734601963804
128.165   39.4712   0.2648001510573556
128.861   40.7092   0.24509086070271752
130.281   40.7346   0.214062420802902
130.979   41.9715   0.2003650917700058
132.4   41.9966   0.17520276824297124
133.099   43.2324   0.1671664140908637
134.521   43.2571   0.1470200666575794
135.222   44.4917   0.1440372521259745
136.643   44.5159   0.12664777929359097
137.347   45.7495   0.1278352846439628
138.768   45.773   0.11240702825001471
139.473   47.0057   0.11619354543175399
109.139   30.5261   0.8216425987009183
109.827   31.7692   0.7954631606806172
111.247   31.7939   0.7761623154985045
111.935   33.0371   0.7476554888449622
113.355   33.0624   0.7238364248917037
114.043   34.3053   0.6929371544375441
115.463   34.331   0.6643880041060319
116.151   35.5735   0.6314685265316058
117.571   35.5993   0.5983153432764364
118.26   36.8413   0.5642568564049544
119.68   36.867   0.5276481119079277
120.371   38.1082   0.4935726592914155
121.791   38.1339   0.45493912779623535
122.483   39.3742   0.4225573688861668
123.903   39.3997   0.3840717771458873
124.596   40.6391   0.35503843453913364
126.017   40.6645   0.31892439542938755
126.712   41.9028   0.2951857042608945
128.133   41.9281   0.2629912546074468
128.83   43.1652   0.24586640681475805
130.251   43.1903   0.21831596368566317
130.951   44.4263   0.207988196780488
132.372   44.451   0.18513443763925178
133.073   45.6859   0.18054223882516202
134.494   45.7102   0.16146460912534055
135.197   46.9441   0.16125067441719068
136.619   46.9679   0.14456673199598907
137.323   48.2007   0.14729086869185495
138.745   48.224   0.13147079523606217
111.208   34.2575   0.7423598925049761
111.897   35.5006   0.7114002038234192
113.317   35.5257   0.6909515540180795
114.005   36.7684   0.6581599881487771
115.425   36.7939   0.6328847446415489
116.114   38.036   0.5987602608724124
117.534   38.0615   0.5693209990857528
118.225   39.3029   0.5347675850311031
119.645   39.3283   0.5020504456725454
120.336   40.5689   0.4685699520882659
121.756   40.5942   0.4340288008876829
122.45   41.8338   0.40370688624297796
123.87   41.8589   0.3695260748580541
124.566   43.0975   0.3439791418094988
125.986   43.1225   0.31181027885559043
126.683   44.3599   0.2922958774940218
128.104   44.3848   0.2639594665853105
128.803   45.6211   0.25111162856387137
130.224   45.6457   0.2268656871366851
130.925   46.8809   0.22045344179668064
132.346   46.9051   0.19990732852999565
133.049   48.1392   0.19919349888989704
134.471   48.1631   0.18112771737092254
113.28   37.9897   0.6518521688235765
113.97   39.2321   0.6187747247585326
115.39   39.2572   0.5966472659788179
116.08   40.499   0.5632401796747089
117.5   40.524   0.536945974936027
118.192   41.7649   0.504514865985134
119.612   41.7898   0.47525595209318505
120.305   43.0298   0.4451495254406099
121.725   43.0546   0.41465904065870834
122.42   44.2934   0.38866223124970617
123.841   44.3181   0.3585978806406959
124.538   45.5559   0.338151460147667
125.958   45.5804   0.3100229185076478
126.657   46.8171   0.29606156454359184
128.078   46.8414   0.27111106580145156
128.779   48.0769   0.26363104900598755
130.2   48.101   0.24203770367444483
115.357   41.721   0.5599897677636627
116.049   42.9622   0.52934768347467
117.469   42.9868   0.5063276409598807
118.162   44.2271   0.477654352016184
119.582   44.2515   0.4522364978636734
120.277   45.4907   0.4272156130105735
121.697   45.515   0.40059102586053996
122.394   46.7532   0.3804784487983529
123.814   46.7773   0.35439657165384436
124.513   48.0144   0.34010064686795244
125.934   48.0383   0.31589852801176466
117.44   45.4498   0.4807990432602766
118.135   46.6895   0.4574098490413181
119.555   46.7133   0.4359226766296988
120.252   47.9519   0.4165569588903764
121.672   47.9755   0.3943623333940515
139.451   49.4561   0.13666751625752416
140.873   49.4787   0.12170082168990182
141.58   50.71   0.12900562003261973
135.175   49.3962   0.18403401859439475
136.596   49.4196   0.16657268683671256
137.302   50.6518   0.17206234335262383
138.724   50.6748   0.15544954165258298
139.431   51.9063   0.16193162137149503
140.853   51.9287   0.14553161168626993
141.561   53.1595   0.15352748939523067
142.982   53.1814   0.13785952995711923
143.691   54.4117   0.1480814640662264
130.903   49.3354   0.24026626896008318
132.324   49.3591   0.22142429857629103
133.028   50.5925   0.22368746053366392
134.449   50.6158   0.2062206585189763
135.155   51.8483   0.21131918985269088
136.576   51.8712   0.19406939480505014
137.283   53.103   0.2006786485902226
138.705   53.1255   0.18289168925898075
139.413   54.3565   0.19024691850330894
140.834   54.3786   0.17161867613986284
141.543   55.609   0.180210016369788
142.965   55.6307   0.16397149142458256
143.674   56.8606   0.17332893584166165
145.096   56.8818   0.16013597347253813
145.806   58.1114   0.17222813359032332
126.634   49.2742   0.3076096877538156
128.055   49.2979   0.28589543543051094
128.757   50.5328   0.283115965639525
130.178   50.5561   0.2638571204269406
130.882   51.79   0.2655335195413225
132.303   51.813   0.24796671147555008
133.009   53.0459   0.25256470458081776
134.43   53.0685   0.23562521087524027
135.136   54.3006   0.2410861464290294
136.558   54.3229   0.2240158476536802
137.265   55.5542   0.2295920948116448
138.687   55.5762   0.21176435016310283
139.395   56.8069   0.21740158693073386
140.817   56.8285   0.19946170058435578
141.526   58.0587   0.2064963922203103
142.948   58.0799   0.18925776073915312
143.658   59.3097   0.19845775369078814
145.08   59.3306   0.18395689712539479
145.79   60.5601   0.19548700724088483
147.212   60.5807   0.18552016062951232
147.923   61.8099   0.19923664321606063
122.371   49.213   0.38017965490015215
123.791   49.2365   0.3584056082150488
124.491   50.4729   0.3496476083144281
125.912   50.4961   0.3291826544640537
126.614   51.7315   0.32570922615117803
128.035   51.7544   0.30693924480261575
128.738   52.9888   0.30766696280231043
130.159   53.0113   0.2905395325941004
130.864   54.2447   0.2940110372077891
132.285   54.267   0.2775361598062495
132.991   55.4995   0.28221341215470797
134.412   55.5213   0.26566610623111186
135.12   56.7531   0.27061443050953055
136.541   56.7746   0.25318027174327706
137.249   58.0058   0.2572284782056587
138.671   58.027   0.23942541636175668
139.379   59.2576   0.24286267724786406
140.801   59.2786   0.2250356638401921
141.511   60.5086   0.2302026281344234
142.933   60.5294   0.21396308092752292
143.642   61.759   0.22030329094227968
145.064   61.7796   0.20694455779266557
145.775   63.0089   0.21795790878056576
147.197   63.0293   0.20725735210119597
147.908   64.2584   0.22084603233926403
149.33   64.2787   0.21297647757441712
150.041   65.5076   0.2283244621147784
119.531   49.1752   0.42704909553820747
120.23   50.4131   0.41333387231147556
121.65   50.4361   0.39556053898234117
122.35   51.6729   0.38650249675778114
123.77   51.6957   0.36900825194025016
124.472   52.9315   0.3645284213885086
125.893   52.954   0.3479766227780263
126.595   54.1888   0.3471335909992003
128.016   54.211   0.3314429664361567
128.721   55.4449   0.33378245909574267
130.142   55.4666   0.31842182714129613
130.847   56.6997   0.32178416679507915
132.268   56.7211   0.3061346272475536
132.975   57.9534   0.30973740490938134
134.396   57.9744   0.2935403890438211
135.104   59.206   0.2960614125481447
136.525   59.2267   0.2786461555449827
137.234   60.4577   0.28055568074804327
138.655   60.4781   0.2625004571424591
139.364   61.7086   0.26412190367328636
140.786   61.7289   0.24707258042931818
141.495   62.9589   0.2499285697954572
142.917   62.979   0.23477457272881522
143.627   64.2086   0.2407521754834168
145.049   64.2286   0.2283874996579306
145.76   65.458   0.23806961166851173
147.182   65.478   0.22870647126830598
147.893   66.7071   0.2410860634711268
149.315   66.7271   0.2340714420855212
150.026   67.9561   0.24910152548709827
151.448   67.9763   0.24267189783739615
152.159   69.2053   0.25860286154642376
121.63   52.8966   0.4020129351152762
122.331   54.1329   0.39656252974783196
123.752   54.1549   0.3835087091579535
124.454   55.3902   0.38140665961673825
125.875   55.4119   0.36849591585253416
126.579   56.6463   0.3690528011003309
128.0   56.6676   0.3560208561306482
128.705   57.9012   0.35777688578218464
130.126   57.9221   0.3443174407432776
130.832   59.1549   0.3459597230892606
132.253   59.1754   0.33145215340980744
132.96   60.4076   0.33248418007478675
134.381   60.4277   0.3162532055173464
135.089   61.6592   0.31630531136861606
136.51   61.679   0.2988681314559939
137.219   62.9099   0.29858817793073816
138.64   62.9296   0.28119489682425
139.349   64.16   0.28120300496261086
140.771   64.1794   0.2652499387370244
141.481   65.4095   0.2680045708565364
142.903   65.4288   0.25431476559570737
143.613   66.6585   0.2603286768682994
145.035   66.6779   0.24928168805589246
145.745   67.9073   0.25870832997799975
147.167   67.9268   0.2500787875850333
147.878   69.1559   0.26301454332410995
149.3   69.1756   0.2559866598086825
150.011   70.4047   0.2705096301428064
151.433   70.4247   0.2642445836720044
152.144   71.6537   0.27957798554251206
153.566   71.6741   0.2735541079932851
154.277   72.9033   0.28988972041104055
123.735   56.6141   0.39849082799984265
124.438   57.8491   0.39723338228300975
125.859   57.8699   0.38774116366462513
126.563   59.104   0.3878144917354195
127.984   59.1244   0.3772708443545542
128.69   60.3578   0.3776284682065166
130.111   60.3778   0.36559213612986896
130.817   61.6105   0.3649332130678202
132.238   61.63   0.35111095112513574
132.945   62.8621   0.34923851448543997
134.367   62.8813   0.3339693548815479
135.074   64.1127   0.3310271287976293
136.496   64.1316   0.3147191922968758
137.204   65.3626   0.31265460175727416
138.626   65.3813   0.29619319708595787
139.335   66.6118   0.2964727306178422
140.757   66.6303   0.2814408108288523
141.466   67.8604   0.28493118467448436
142.888   67.879   0.2727607009816443
143.598   69.1088   0.2801893288474795
145.02   69.1274   0.2703802877430342
145.73   70.3569   0.2813540296494694
147.152   70.3757   0.27335239161199826
147.863   71.605   0.28756401026554324
149.285   71.6242   0.2803899605905941
149.995   72.8534   0.2953380097447663
151.418   72.873   0.28886254516638815
125.844   60.328   0.40335542639215516
126.549   61.5619   0.4024433376265552
127.97   61.5814   0.393959261853303
128.675   62.8146   0.3922661341487443
130.096   62.8337   0.3814595129237177
130.803   64.0663   0.3789294921222155
132.224   64.0849   0.3656648328729447
132.931   65.3169   0.3619764633232436
134.352   65.3351   0.3468672512648021
135.06   66.5666   0.3433012671109716
136.482   66.5846   0.32778592099112747
137.19   67.8156   0.3255391988685836
138.612   67.8333   0.310833090259068
139.321   69.0639   0.3120841072531588
140.742   69.0815   0.2985861349761451
141.452   70.3118   0.3050086556148803
142.873   70.3294   0.2931100475930445
143.583   71.5593   0.3037949966671669
145.005   71.5771   0.2943642981069566
145.715   72.8068   0.3085150563586935
147.137   72.8249   0.3007637777392727
127.956   64.0385   0.4056148665914513
128.661   65.2717   0.4027375448105154
130.082   65.2898   0.3929166578296141
130.789   66.5223   0.3892991394801669
132.21   66.54   0.37677253084586787
132.917   67.772   0.3725491913828262
134.338   67.7892   0.3582967485199971
135.046   69.0208   0.3554644989306255
136.468   69.0377   0.341219357598589
137.176   70.2688   0.34110068894682594
138.597   70.2856   0.32740948367449674
139.306   71.5163   0.3318608895305411
140.728   71.533   0.32052812669094427
141.437   72.7634   0.32944856958257696
142.859   72.7801   0.32018502463419457
130.069   67.746   0.4018897858866248
130.775   68.9786   0.39840406624431085
132.196   68.9952   0.3865687261018438
132.903   70.2273   0.38406953797457255
134.324   70.2435   0.3710431915559204
135.032   71.4752   0.3708687234049244
136.453   71.4911   0.35789900810144903
137.161   72.7224   0.36145782603230747
138.583   72.7381   0.35023163763430015
132.182   71.4506   0.3988196083444201
132.889   72.6828   0.39911587289909
134.31   72.698   0.38781826929633173
136.408   78.8519   0.4519493445066498
137.114   80.0838   0.4707672885832299
138.536   80.0962   0.46833544602133176
139.243   81.3278   0.4923075156850593
140.664   81.3402   0.48938162000630864
141.371   82.5715   0.5172761834842282
142.793   82.5841   0.5131164780047476
143.499   83.8153   0.5420775313550568
144.921   83.8282   0.5352060724618086
145.628   85.0596   0.5642625364136717
147.05   85.0731   0.553662866733912
147.756   86.3046   0.5798301216735893
149.177   86.3189   0.5638277041792058
149.883   87.5508   0.5868451584532369
151.305   87.566   0.5663016245782835
152.01   88.7984   0.5853251147866403
153.431   88.8148   0.5596744142803133
154.135   90.0478   0.5750249820660001
155.556   90.0656   0.5455768140234736
156.259   91.2992   0.557669830634569
157.68   91.3184   0.5256505778556757
158.381   92.553   0.53438070698707
159.802   92.5736   0.5009216006522238
160.502   93.8092   0.5074266252375933
161.922   93.8312   0.4728766646811802
162.62   95.0678   0.4776359282968588
164.041   95.0912   0.4437193933106812
164.737   96.3289   0.44611304621138154
166.157   96.3533   0.41313926223489883
166.851   97.5921   0.413094226539167
168.271   97.6173   0.3838784833772179
138.518   82.549   0.5237196673794134
139.224   83.7808   0.5513479210081424
140.646   83.7921   0.5520400347800793
141.351   85.0239   0.5815603150147005
142.773   85.0353   0.5798080544456029
143.479   86.2671   0.6100062376730304
144.901   86.279   0.6043326732851795
145.606   87.5109   0.6328670160468065
147.028   87.5234   0.6216655129569248
147.733   88.7557   0.647182238631438
149.154   88.769   0.629882536668541
149.859   90.0017   0.6516584765043771
151.28   90.0161   0.6292182530728077
151.984   91.2493   0.6464949033055063
153.405   91.265   0.6191628057304488
154.107   92.4989   0.6320735795775654
155.528   92.516   0.6009121400005129
156.229   93.7507   0.6105988290195223
157.65   93.7694   0.5766740934011129
158.35   95.005   0.5839522240731612
159.77   95.0253   0.547840533367154
160.468   96.2619   0.5526498077444663
161.888   96.2838   0.5155598898285361
162.584   97.5215   0.5182163351342781
164.005   97.5447   0.481521172950877
140.625   86.2442   0.6166498276980253
141.33   87.4764   0.6472847982148269
142.752   87.4868   0.6480226539249984
143.456   88.7192   0.6771643079784904
144.878   88.7301   0.672855772064114
145.582   89.9627   0.6994242918286416
147.004   89.9743   0.689065432306688
147.708   91.2073   0.7119905687577608
149.129   91.2197   0.6948860769939109
149.832   92.4532   0.7136966722635002
151.254   92.4668   0.6906830314985261
151.955   93.701   0.7047838321074139
153.377   93.716   0.6766427787245018
154.077   94.9509   0.6870352028826493
155.498   94.9674   0.6551147991001206
156.197   96.2032   0.6621272460788775
157.618   96.2214   0.6274553768994257
158.316   97.4581   0.6324706317292559
159.736   97.478   0.5955388652304657
142.729   89.9388   0.7131214833392757
143.432   91.1718   0.7403070241460599
144.854   91.1817   0.737891550297195
145.557   92.4151   0.7617203948956587
146.978   92.4257   0.7521081172278349
147.681   93.6596   0.7718065301615437
149.102   93.6712   0.7553330457486986
149.803   94.9056   0.7700682632078784
151.225   94.9185   0.7476496840098265
151.925   96.1536   0.7581601743695182
153.346   96.1679   0.7302900588122483
154.045   97.4039   0.737776917502841
155.466   97.4199   0.7056800974946141
144.827   93.634   0.7953978249907385
145.529   94.8682   0.8155682558805202
146.951   94.8779   0.8082989855245417
147.651   96.1126   0.8234123754231596
149.073   96.1235   0.8087491885621876
149.772   97.3588   0.8193642657572952
151.194   97.371   0.7982462339403769
146.921   97.331   0.854774882644545
152.128   74.1023   0.30419797829702044
153.55   74.1224   0.2964550724814993
154.26   75.3518   0.3115819314401912
155.682   75.3726   0.30349683688629847
156.392   76.6023   0.3181780162110412
147.847   74.0544   0.31655187568549004
149.269   74.0729   0.30879935233093725
149.979   75.3024   0.32563147882231613
151.402   75.3214   0.3177093797796777
152.112   76.551   0.33456171329067075
153.534   76.5707   0.324463495635478
154.243   77.8005   0.3398096231715567
155.665   77.821   0.32864225230484584
156.374   79.0511   0.3430053643895386
157.796   79.0723   0.3319454322625815
158.504   80.3029   0.3447288789759102
143.568   74.0102   0.33327712192708153
144.99   74.0271   0.3252314406695654
145.7   75.257   0.3427671221106158
147.122   75.2742   0.3343219556056886
147.831   76.504   0.35309018677952375
149.253   76.5217   0.34364838134347564
149.963   77.7515   0.36364847036663506
151.385   77.7699   0.35292839217041466
152.094   78.9998   0.3709241566681786
153.516   79.0191   0.35796544525971946
154.225   80.2493   0.374616403805282
155.647   80.2694   0.35980590601043905
156.355   81.5   0.3742350598220164
157.777   81.521   0.35871025912286575
158.484   82.7521   0.3710877658991288
159.906   82.774   0.35665721638569914
160.612   84.0059   0.3672708809584635
139.291   73.969   0.3585822081475945
140.713   73.9847   0.34908007677321706
141.422   75.2152   0.3627564610037905
142.844   75.231   0.35468521254768975
143.552   76.4613   0.37167660674300973
144.974   76.4772   0.36409445203134067
145.683   77.7073   0.3845297127661285
147.105   77.7237   0.37614136970027046
147.814   78.9538   0.3976590247938426
149.236   78.9707   0.387351842644382
149.945   80.2009   0.40916858383800386
151.367   80.2186   0.39536364273917396
152.075   81.4489   0.41522001396848607
153.497   81.4676   0.3982552573413252
154.205   82.6983   0.4162133227084488
155.627   82.7179   0.3974782635566506
156.334   83.9491   0.4119947693842785
157.756   83.9697   0.3918751331738134
158.462   85.2016   0.4039701102804358
159.883   85.2233   0.38320242692343404
160.588   86.4559   0.3932987287037644
162.009   86.4786   0.3746950760284912
162.713   87.7121   0.38307447056675303
135.017   73.9298   0.39166940140889256
136.439   73.9447   0.3810065878695566
137.146   75.1761   0.38953214244782
138.568   75.1908   0.380677028463771
139.276   76.4219   0.3942917828208018
140.698   76.4365   0.38683846758047047
141.406   77.6673   0.40519079456474016
142.828   77.6819   0.3983941515634945
143.536   78.9125   0.42028553389332446
144.958   78.9274   0.4130404822774635
145.666   80.1579   0.4368659405355371
147.088   80.1733   0.42778294729921246
147.796   81.4038   0.45180996004957436
149.218   81.4198   0.43972064995857446
149.926   82.6505   0.4624212365365483
151.348   82.6674   0.44664228416038765
152.055   83.8983   0.4665329248831244
153.477   83.9162   0.44702694549658306
154.184   85.1476   0.465090238555924
155.605   85.1667   0.44108499180995325
156.311   86.3986   0.45617542678228606
157.733   86.4188   0.43091452748776476
158.437   87.6514   0.44265238054258
159.858   87.6728   0.4168178619013342
160.562   88.9063   0.4263839701489686
161.983   88.9288   0.401653046795368
162.684   90.1633   0.4077818044003349
164.105   90.1869   0.3859860878321932
164.805   91.4224   0.3903879736877285
134.295   75.1525   0.4109587327214132
135.002   76.3845   0.4194691168608221
136.424   76.3983   0.41238477178480043
137.131   77.6299   0.4264805740007392
138.552   77.6435   0.4195514509568541
139.26   78.8748   0.4393776166351701
140.682   78.8883   0.4336370832850786
141.389   80.1194   0.45719365699887216
142.811   80.133   0.45179559537473113
143.518   81.3638   0.4775469086906572
144.94   81.3778   0.4706400429202736
145.648   82.6086   0.497773944677706
147.07   82.6231   0.48782149399139413
147.777   83.854   0.5135621968174737
149.199   83.8692   0.4996350868383931
149.905   85.1004   0.5225219708299415
151.327   85.1165   0.5041023407999545
152.033   86.3481   0.5240957546097669
153.455   86.3653   0.5014491798776844
154.16   87.5974   0.5179195690452307
155.582   87.6158   0.4918011996732053
156.286   88.8486   0.5049341442208108
157.707   88.8683   0.47585107964571116
158.41   90.1018   0.4870014887040807
159.832   90.1229   0.4567427722471286
160.533   91.3573   0.46495847126382545
161.954   91.3796   0.4343460141408143
162.654   92.6152   0.44049006799246254
164.074   92.6386   0.41160594019038094
164.772   93.8753   0.41456580900984696
166.192   93.8997   0.3887504598068111
166.888   95.1375   0.3891191205787794
