0.673516   1.23327   0.16453851313294346
1.35977   2.47643   0.18735041740012243
-0.793287   3.66512   0.18606887199367772
0.626483   3.69255   0.19540906404002817
1.31337   4.93542   0.2179148420828655
2.73321   4.96266   0.2280967461407554
3.42102   6.20494   0.25178122348578647
-1.52586   4.88166   0.19180247339385348
-0.839058   6.1247   0.2120855300321072
0.580704   6.1519   0.22387237458203657
1.26838   7.39439   0.24615931528178978
2.68823   7.42136   0.25927527012810153
3.37688   8.66321   0.2835480779338843
4.79685   8.68962   0.2966035679151547
5.48645   9.93083   0.32261728735453754
-2.99052   7.31491   0.2024780284376556
-1.57085   7.34168   0.21433321394501526
-0.883343   8.58439   0.23393789457033198
0.536401   8.61127   0.24905807214382675
1.22482   9.85339   0.2714060887305223
2.64468   9.87999   0.2883250412295122
3.33405   11.1215   0.31309028793624377
4.75404   11.1475   0.33029116321815116
5.44435   12.3884   0.35714941145128654
6.86449   12.4138   0.37332845605444986
7.55575   13.654   0.40181903887197695
-3.72141   8.53242   0.20136753089810736
-3.03404   9.77535   0.21701483774156938
-1.61439   9.8018   0.23242838466934315
-0.926224   11.0442   0.25155259693551174
0.493494   11.0706   0.27074510895859155
1.18257   12.3124   0.29305567320903375
2.60241   12.3386   0.3143381015721767
3.29243   13.5797   0.33944970702594546
4.71241   13.6054   0.36126663283508414
5.40346   14.8458   0.38850396188455927
6.82362   14.871   0.4094540003468027
7.5158   16.1107   0.4380987715116308
8.93617   16.1353   0.45627299733821686
9.62966   17.3742   0.48533437143890795
-5.18372   10.9674   0.1981530875358746
-3.76415   10.9933   0.21185282367719357
-3.07621   12.236   0.22692866632490385
-1.65661   12.262   0.2461628737238818
-0.967854   13.5041   0.26504790934659306
0.451827   13.5301   0.28844261630348506
1.14151   14.7715   0.3108206397586883
2.56131   14.7972   0.33663060600604977
3.25205   16.0379   0.36181916146052817
4.67202   16.0631   0.3885488361840753
5.36398   17.3031   0.4157191075714466
6.78415   17.3279   0.4414073986693016
7.47751   18.567   0.4696451478510137
8.89794   18.5914   0.492470222043932
9.59286   19.8296   0.520512879859854
11.0136   19.8536   0.5387740435470132
11.7102   21.0908   0.5653744776694466
-5.91296   12.1858   0.1908667660961434
-5.22513   13.4287   0.20138007870690677
-3.80562   13.4542   0.21806405114094313
-3.11713   14.6967   0.2329713287080627
-1.69759   14.7223   0.2558070217957277
-1.00824   15.9641   0.27474272622946766
0.411377   15.9895   0.3022557949965557
1.10182   17.2306   0.324630230262063
2.52156   17.2558   0.3550103378776451
3.21326   18.4961   0.3801227550410517
4.63319   18.5208   0.41135718250688086
5.32636   19.7602   0.43820890280778063
6.74655   19.7847   0.46827215206544137
7.44135   21.0231   0.4956172136841081
8.86182   21.0473   0.5227340719715897
9.5584   22.2846   0.5493010996712085
10.9792   22.3085   0.5716455982512236
11.6777   23.5448   0.5961873866495327
-7.37298   14.6225   0.1801707245919822
-5.95353   14.6475   0.19158283221625005
-5.26518   15.8902   0.20208487424842037
-3.84576   15.9154   0.22119483357438519
-3.15664   17.1575   0.23608666396050382
-1.73719   17.1826   0.26208945037906334
-1.04703   18.4241   0.2810424139093598
0.372498   18.4491   0.3122962920625213
1.06396   19.6897   0.33470180758400414
2.48362   19.7144   0.3691701011728869
3.17659   20.954   0.394094625185373
4.59649   20.9784   0.4294257524881339
5.29114   22.2171   0.4555570393485319
6.71132   22.2413   0.48972529330227466
7.40781   23.4788   0.5157933055982789
8.82832   23.5028   0.5467534969252603
9.52672   24.7393   0.5714337235410596
10.9476   24.7629   0.5971971031409985
-8.10024   15.8418   0.17287754076223966
-7.41194   17.0847   0.1797454781072392
-5.99259   17.1095   0.19120480537894427
-5.3036   18.3519   0.2019371397242223
-3.88428   18.3767   0.22224406493762697
-3.19432   19.6185   0.23726726891840783
-1.77497   19.6432   0.2656929997196014
-1.08372   20.8842   0.2847195232926608
0.335711   20.9087   0.31922580879527923
1.02849   22.1487   0.34148656796424676
2.4481   22.1729   0.3795011067177534
3.14261   23.4119   0.4039773044367718
4.56246   23.4359   0.4428664746850907
5.25882   24.6738   0.4680758089241529
6.67899   24.6976   0.5056243748080195
7.37729   25.9343   0.5301116509755276
8.79783   25.958   0.5640936574718776
9.49802   27.1936   0.5867243816307612
-9.55725   18.2804   0.17287419819047573
-8.13794   18.3047   0.17407177944744467
-7.44899   19.5474   0.18135252851835273
-6.02975   19.5719   0.1911792990885771
-5.3399   20.8139   0.2019309476033817
-3.92069   20.8384   0.22227623017317893
-3.2296   22.0796   0.23728075016739172
-1.81036   22.1039   0.2673276267055089
-1.11775   23.3442   0.28636780315007465
0.3016   23.3684   0.3233841671820069
0.995967   24.6076   0.34551764569845006
2.4155   24.6315   0.3863039633501049
3.11174   25.8696   0.41013788608222995
4.53155   25.8933   0.4518905647388527
5.22971   27.1303   0.47587538662973505
6.64986   27.1539   0.5160307518937206
-10.2817   19.5013   0.17561944653141376
-9.59268   20.7441   0.18129260768161445
-8.17348   20.7682   0.17846521902040144
-7.48368   22.0105   0.18534897490949293
-6.06456   22.0347   0.19225421321781222
-5.37358   23.2762   0.20243472923389405
-3.95448   23.3003   0.22189946484838555
-3.262   24.5409   0.23657268988621583
-1.84286   24.5648   0.2674722647303829
-1.14866   25.8044   0.2863548385639742
0.270607   25.8281   0.3251893009371615
0.966679   27.0665   0.34699795354007446
2.38617   27.09   0.3898465923924429
-11.7346   21.9425   0.19964631226246124
-10.3154   21.966   0.1878804407063169
-9.62561   23.2085   0.19256770263987663
-8.20653   23.2323   0.18524111989512673
-7.51562   24.4741   0.19063717921748638
-6.09661   24.4979   0.19408198370791663
-5.40428   25.7388   0.20306910769489253
-3.98527   25.7625   0.2211085651891394
-3.29125   27.0024   0.23520245343108123
-1.87217   27.0258   0.266446303220742
-12.4555   23.1654   0.21298774612639168
-11.7657   24.4081   0.21749066646640233
-10.3466   24.4313   0.20177844285255056
-9.65577   25.6734   0.20404811221866268
-8.23679   25.6968   0.19255569817587787
-7.5446   26.9381   0.19557599545956575
-6.12567   26.9614   0.19573307359769293
-13.904   25.6095   0.2492204847118321
-12.4849   25.632   0.2317704252056334
-11.7941   26.8744   0.23322287623644372
-10.3751   26.8972   0.21415765220976807
-14.6215   26.8344   0.26450998090809424
1.40711   0.0173337   0.15550249724862902
2.82692   0.0448208   0.16335164276566014
3.51323   1.2879   0.1858981479197674
4.93309   1.31472   0.1922446456991717
5.62008   2.55736   0.21428404070298887
7.03999   2.58327   0.21807959854145012
7.72785   3.82536   0.23995214731274964
9.14782   3.8503   0.24050390225524465
9.83654   5.09185   0.2626423172301067
11.2565   5.11593   0.25937806788547035
11.946   6.35698   0.28191048224569504
13.3661   6.38026   0.27431171247323627
14.0563   7.62086   0.2969816204750716
15.4764   7.64331   0.2846285445980425
16.1675   8.88342   0.30708601140397135
17.5875   8.90488   0.28992515861856416
18.2796   10.1444   0.311753075365745
19.6996   10.1646   0.290186250535755
2.77959   2.50382   0.1956965663980848
3.46654   3.74655   0.2188307987921259
4.88644   3.77332   0.22609288710616163
5.5743   5.01547   0.24967213801303462
6.99429   5.04138   0.25496278100930714
7.68307   6.28294   0.2791784640691327
9.10313   6.30798   0.28162872864819616
9.79277   7.54898   0.30663397805853115
11.2129   7.57324   0.30532371493220106
11.9033   8.81376   0.330887159164571
13.3235   8.83724   0.3250579254532945
14.0147   10.0773   0.3506403177046249
15.4349   10.0999   0.33977061438564643
16.1271   11.3394   0.3648395400720696
17.5474   11.361   0.34852920967976314
18.2408   12.5997   0.37245801105628035
4.84096   6.23159   0.26141918904319056
5.52973   7.47323   0.2862856861598214
6.94978   7.49911   0.2943598214770493
7.63946   8.74015   0.32052131364388126
9.05961   8.76524   0.3259881207958352
9.75012   10.0057   0.35318891672871017
11.1703   10.0301   0.3548441629786234
11.8617   11.2701   0.3825743065078989
13.282   11.2937   0.37941084591771956
13.9743   12.5331   0.4069531299793634
15.3947   12.5559   0.39830960319831565
16.0883   13.7946   0.4247583901466811
17.5087   13.8164   0.41026456098473785
6.90654   9.95655   0.33445942175397003
7.59702   11.1972   0.362046679448935
9.01724   11.2222   0.3713436119014294
9.7086   12.4622   0.39996694913455044
11.129   12.4866   0.405292301925412
11.8213   13.726   0.43415254231663636
13.2418   13.7497   0.43454707455004205
13.9354   14.9884   0.46267446439154125
15.356   15.0112   0.45710149857553556
16.051   16.2491   0.48368741972476387
8.97604   13.6789   0.4153998584496628
9.66838   14.9184   0.44461074267273404
11.0889   14.9427   0.45423522540639644
11.7824   16.1814   0.48315730357720993
13.2031   16.2051   0.48740128231263363
13.8981   17.443   0.5150392315154253
15.319   17.466   0.5129057028343512
11.0503   17.3984   0.4992076221373225
11.7453   18.6364   0.5273544348917513
13.1661   18.66   0.5357032574102942
13.8628   19.8971   0.5619592600891988
13.1312   21.1144   0.577730213854183
22.7077   0.377175   0.16407029776592735
24.127   0.393443   0.1755599756237168
24.8168   1.6342   0.18181562199107118
18.4474   0.315563   0.1602391883685137
19.8669   0.335208   0.15434419457822168
20.556   1.57647   0.16000426369318999
21.9755   1.59455   0.15867558885978633
22.6652   2.83539   0.16451998328470602
24.0847   2.8517   0.1696366410891229
14.187   0.24795   0.1815068618537606
15.6067   0.269931   0.17231277016228344
16.2952   1.51161   0.1812807391864891
17.7149   1.53255   0.17005462769357385
18.404   2.77384   0.17914519251154828
19.8236   2.79351   0.16776616136754158
20.5135   4.03436   0.17665501521326799
21.933   4.05253   0.16746356499250828
22.6237   5.29285   0.17549153825754646
9.92666   0.175766   0.19215694058565716
11.3465   0.199624   0.18887265483388468
12.0344   1.44171   0.20320137819414447
13.4542   1.46462   0.1955651308388077
14.1427   2.70628   0.20972525098328096
15.5625   2.72832   0.19828337020537082
16.2517   3.96956   0.21226839048713805
17.6715   3.99061   0.1977752828338255
18.3614   5.23141   0.21157276384260837
19.7811   5.25123   0.19497845419430307
20.4719   6.49153   0.20828698951206634
21.8916   6.50982   0.19114726678663224
5.66666   0.098706   0.18181501301160405
7.0865   0.124631   0.1856093380534507
7.77356   1.36721   0.20487630146017322
9.19344   1.3921   0.20495571228926499
9.8813   2.63417   0.22375513334893632
11.3012   2.65808   0.21977170541268495
11.9898   3.89968   0.23843814313150485
13.4097   3.92274   0.23020978280689924
14.0991   5.1639   0.24893529279714338
15.519   5.18611   0.23645917385460014
16.2091   6.42683   0.2550650709132872
17.6289   6.44806   0.23851990713565088
18.3198   7.68829   0.25683258535474024
19.7397   7.70828   0.23669741527950758
20.4316   8.94788   0.2542496993115226
7.34994   28.3897   0.5387759553840543
8.77048   28.4131   0.5750856771821051
3.08417   28.3273   0.4128564967394849
4.50395   28.3507   0.45664577617667784
5.20386   29.5868   0.47918546972962317
6.624   29.61   0.5211570396723049
7.32572   30.8451   0.5418903417666716
-1.17631   28.2646   0.28499401226166077
0.242914   28.2879   0.3250075592982408
0.940692   29.5254   0.34619339832527063
2.36016   29.5485   0.39045645352586966
3.05984   30.785   0.41237917309194905
4.47961   30.8079   0.4573839354415495
5.1811   32.0433   0.4782434212825088
6.60124   32.0661   0.5210754766826008
-5.43184   28.2016   0.20303149731014733
-4.0129   28.2248   0.21963374535803878
-3.31727   29.4639   0.2328367507503925
-1.89823   29.4869   0.2641647864496702
-1.20073   30.7248   0.28215291616426663
0.218481   30.7476   0.3228118492248997
0.917874   31.9844   0.34325657309948177
2.33733   32.0071   0.3881604225059529
3.03853   33.2428   0.40878676593060026
4.45831   33.2653   0.45412090856951337
5.16118   34.5   0.47288023600061807
-9.68308   28.1388   0.21328226930525737
-8.26416   28.1617   0.19841651670160904
-7.57057   29.4023   0.198708575808896
-6.15168   29.4251   0.19620044954076918
-5.45633   30.6646   0.20164030251911427
-4.0374   30.6872   0.21705895259122543
-3.34023   31.9255   0.22931283086648252
-1.92119   31.9479   0.2605954143878966
-1.22215   33.1851   0.27779021383050906
0.197083   33.2074   0.31874645288222453
0.89791   34.4435   0.3380130317014423
2.3174   34.4656   0.3829976193137498
3.01989   35.7007   0.40173267678893104
4.4397   35.7226   0.44673173258679477
-13.9307   28.077   0.2665427920616125
-12.5117   28.0992   0.24669112266151544
-11.8198   29.3411   0.24451163571495022
-10.4009   29.3635   0.22299948430433714
-9.70755   30.6045   0.21867736508381524
-8.28866   30.6268   0.20147159824650238
-7.59364   31.8667   0.19900970931087708
-6.17475   31.8889   0.19474094099598163
-5.47794   33.1276   0.19848880799682303
-4.05899   33.1496   0.2131898377033951
-3.36037   34.3872   0.22452563417124594
-1.94128   34.409   0.2556389487147831
-1.2409   35.6455   0.2719469985125777
0.17838   35.6672   0.3126135097784479
0.880431   36.9027   0.3304296769374688
2.29998   36.9242   0.37467176087877274
3.00356   38.1588   0.3912177809098144
-16.0658   29.2814   0.29613577966871735
-14.6468   29.3029   0.2796160939574127
-13.955   30.545   0.2775768542223947
-12.536   30.5668   0.25608555211100775
-11.8429   31.8081   0.2500364373446401
-10.424   31.8299   0.22702413968562918
-9.72935   33.0703   0.2194451056642626
-8.31045   33.0919   0.20095296365069987
-7.61405   34.3311   0.1961010966313044
-6.19513   34.3526   0.19108918362900554
-5.49696   35.5907   0.1934854258077334
-4.07795   35.612   0.20801845134506664
-3.37806   36.8489   0.21852256656922142
-1.95891   36.87   0.24939797833984176
-1.25738   38.106   0.26470664895313856
0.161992   38.127   0.3044266357663208
0.865057   39.362   0.32059233529359293
2.28469   39.3828   0.36321272403372584
-16.7804   30.5082   0.3064807661175509
-16.0887   31.7506   0.30497562197657696
-14.6697   31.7716   0.2875222947877284
-13.9769   33.0133   0.28113717292453533
-12.5579   33.0345   0.25896001621872056
-11.8636   34.2753   0.24924271303290016
-10.4447   34.2964   0.22570673450298231
-9.74872   35.5361   0.21528071000440457
-8.32976   35.557   0.19661841444788347
-7.63211   36.7956   0.1899702453017318
-6.21311   36.8163   0.18524551276616752
-5.51376   38.0537   0.18689257449133773
-4.09466   38.0743   0.20170348931042323
-3.39369   39.3107   0.21171756563875388
-1.97443   39.3311   0.24203113436085036
-1.27194   40.5666   0.2562120974895597
0.14753   40.5868   0.294373946000661
0.851424   41.8215   0.3085574760332346
-18.2211   32.9577   0.3228941157717195
-16.8021   32.978   0.3112175123607269
-16.1095   34.2199   0.3051265147442936
-14.6905   34.2406   0.2874118473549751
-13.9965   35.4817   0.2768975261716863
-12.5776   35.5023   0.25490751263939027
-11.8821   36.7424   0.2418284102416403
-10.4631   36.7628   0.21879312146409036
-9.76598   38.0018   0.20623732955020577
-8.34694   38.022   0.18860836911441767
-7.64817   39.2599   0.1809864459013434
-6.22907   39.2799   0.17762722876856443
-5.5287   40.5168   0.17914571834124232
-4.10948   40.5365   0.19467433934650982
-3.40761   41.7725   0.20434011940879393
-1.98821   41.7921   0.23376465964726176
-1.28496   43.0272   0.24673921070636512
0.134641   43.0467   0.2826992373247581
-18.9335   34.1858   0.32423255542897034
-18.2409   35.4279   0.3183985081623333
-16.8219   35.4479   0.30676528486776383
-16.1283   36.6893   0.2962896218229732
-14.7093   36.7094   0.2790249272018541
-14.0143   37.9499   0.2650216028930464
-12.5952   37.9699   0.24378833031956168
-11.8987   39.2094   0.22821237915590914
-10.4796   39.229   0.20674878476063638
-9.78144   40.4674   0.19283326191298072
-8.36228   40.4868   0.1773680534932928
-7.66256   41.7242   0.16979472577203347
-6.24332   41.7433   0.16880853799497256
-5.54211   42.9798   0.17092948282844633
-4.12274   42.9988   0.18735310939506683
-3.42016   44.2343   0.19683419316775183
-2.00062   44.2532   0.2250474447755404
-1.29678   45.488   0.23664507706690208
-20.3714   36.6372   0.31948873219567664
-18.9524   36.6566   0.31442961056490915
-18.259   37.8982   0.30395678969221795
-16.84   37.9178   0.29304030439514667
-16.1454   39.1586   0.27871657647151243
-14.7263   39.1781   0.26252506546994697
-14.0303   40.418   0.24563246935207986
-12.6112   40.4373   0.22624511044440374
-11.9137   41.6761   0.20899507171223053
-10.4945   41.695   0.190054413261044
-9.7954   42.9329   0.17587680802198138
-8.37612   42.9515   0.16382771560392248
-7.6756   44.1883   0.1574561046768274
-6.25621   44.2067   0.15962358096471943
-5.55433   45.4427   0.16301839037360177
-4.1348   45.4609   0.18031824893781603
-3.43166   46.6962   0.18972935882461625
-2.01196   46.7143   0.21608346628097166
-21.082   37.8663   0.30942425567495446
-20.3888   39.1081   0.29888114694640633
-18.9697   39.1272   0.2945202539724577
-18.2755   40.3683   0.2801784788309073
-16.8565   40.3874   0.27040103550097533
-16.161   41.6277   0.2529544623049788
-14.7418   41.6466   0.23856181588846082
-14.0449   42.8859   0.21981094149291097
-12.6257   42.9044   0.20298662517515773
-11.9273   44.1427   0.18523795507400823
-10.508   44.1608   0.16986409273298436
-9.80815   45.3981   0.15691902402194502
-8.38872   45.4159   0.1493392446746654
-7.68757   46.6524   0.14543161416968417
-6.26802   46.67   0.1511597446412237
-5.5656   47.9057   0.1562597161779063
-4.14592   47.9231   0.17403877987391173
-3.44239   49.1582   0.18324013234005299
-22.5177   40.3189   0.2810131847440616
-21.0987   40.3375   0.28319902895313803
-20.4048   41.5789   0.26858276191893143
-18.9857   41.5976   0.2654511254449676
-18.2907   42.8382   0.24783006274461658
-16.8716   42.8567   0.23989068343727177
-16.1752   44.0965   0.22036558261216782
-14.756   44.1146   0.20843716079432623
-14.0583   45.3534   0.18901021136435828
-12.6389   45.3711   0.17548700806612522
-11.9398   46.609   0.15887255898990252
-10.5204   46.6263   0.14812677003161825
-9.81994   47.8633   0.13823787614109195
-8.40037   47.8803   0.13585775244718362
-7.69869   49.1164   0.13549071001363905
-6.279   49.1332   0.14454698336527072
-5.5762   50.3687   0.15133599208383916
-4.15637   50.3853   0.16882766834852628
-23.2269   41.5487   0.25915532022322146
-22.5332   42.7901   0.24450742320019603
-21.1142   42.8085   0.2475887921534426
-20.4196   44.0494   0.23012626968688382
-19.0005   44.0676   0.22839890542644617
-18.3047   45.3078   0.20896533205295134
-16.8855   45.3257   0.20296980070936596
-16.1884   46.5649   0.1829295492805908
-14.7691   46.5823   0.1741454564437434
-14.0707   47.8206   0.15576674869817503
-12.6512   47.8376   0.1464476015508609
-11.9515   49.075   0.13316358361053335
-10.5319   49.0916   0.1277166394797495
-9.83097   50.3282   0.12289342089794747
-8.41127   50.3445   0.1257040508496054
-7.70922   51.5804   0.12938755736159469
-6.28939   51.5964   0.14057122073881198
-5.58634   52.8317   0.14855123728868805
-24.6609   44.002   0.20931686506347438
-23.242   44.0201   0.2177048690314496
-22.5476   45.2612   0.20035630761221254
-21.1286   45.2792   0.2045313178953279
-20.4333   46.5196   0.18545419919753903
-19.0142   46.5373   0.185543040828805
-18.3177   47.777   0.16584947995094604
-16.8984   47.7942   0.1623749672825218
-16.2007   49.033   0.14404343095053024
-14.7812   49.0497   0.13854172656640354
-14.0822   50.2876   0.12408722738461044
-12.6627   50.3038   0.11974393512825561
-11.9625   51.5409   0.11258765474065116
-10.5428   51.5567   0.11273557557399475
-9.84148   52.7931   0.1142415865611127
-8.42166   52.8086   0.12087941139830242
-7.71936   54.0443   0.12788812923801798
-6.2994   54.0595   0.13936438712956772
-25.3692   45.2322   0.17746746180638148
-24.675   46.4734   0.16058844914874962
-23.2561   46.4912   0.16951283137273085
-22.5612   47.7319   0.1514052839236457
-21.1421   47.7495   0.1565594455789882
-20.4462   48.9895   0.13829772232397763
-19.027   49.0066   0.13999324983727032
-18.3299   50.2459   0.12310487398961834
-16.9105   50.2624   0.12209983619972696
-16.2122   51.5008   0.10909656273228707
-14.7927   51.5168   0.10736675463103029
-14.0932   52.7544   0.10100717796275706
-12.6736   52.7698   0.10129244789222996
-11.973   54.0067   0.10272161408389155
-10.5532   54.0217   0.10692193413888519
-9.85165   55.2579   0.11397624489339891
-8.43172   55.2726   0.12174600157705348
-26.8019   47.686   0.11399776313594814
-25.383   47.7036   0.12565428763078398
-24.6884   48.9445   0.10979275932410185
-23.2694   48.962   0.11839269403134697
-22.5739   50.2024   0.10311881496603717
-21.1548   50.2194   0.10859060732862823
-20.4583   51.4591   0.09564444573523477
-19.039   51.4756   0.09812486942666708
-18.3414   52.7144   0.08993297504252915
-16.922   52.7303   0.0907441458166851
-16.2232   53.9683   0.0890083142183916
-14.8036   53.9836   0.0898765820444902
-14.1038   55.2209   0.09484186839154919
-12.6841   55.2356   0.09743028276670403
-27.5095   48.9163   0.07839808671134696
-26.815   50.1573   0.06995662942137831
-25.3961   50.1748   0.0764297062666109
-24.701   51.4154   0.07053431788852979
-23.282   51.4325   0.07437613864674757
-22.5861   52.6725   0.07255597838910169
-21.1669   52.689   0.0737507288099583
-20.4699   53.9283   0.07681965894222673
-19.0506   53.9441   0.07640713317485263
-18.3525   55.1827   0.08432443299542611
-16.933   55.1978   0.08339262557324768
-28.9414   51.3703   0.06616728799036727
-27.5225   51.3877   0.05555321772858907
-26.8277   52.6285   0.0714895097199584
-25.4087   52.6456   0.061608603295319975
-24.7132   53.886   0.07920896413916811
-23.2941   53.9026   0.0701142638840335
-22.5978   55.1423   0.08870208565755434
-21.1785   55.1582   0.08053881052014546
-29.6486   52.6007   0.09127831067674166
-28.9539   53.8417   0.11645728830777374
-27.535   53.8588   0.09670305062406165
-26.8399   55.0995   0.12196204327576693
-25.4209   55.1162   0.10425205033954862
-31.08   55.0548   0.17833939553559067
-29.6611   55.0721   0.1555797544669616
-31.7871   56.2853   0.22133377509996027
-31.0924   57.5263   0.24705396171686744
-29.6734   57.5434   0.22381251082099987
-28.9784   58.7841   0.24786500358057817
-27.5593   58.8007   0.22487974564197627
-26.8638   60.041   0.2465870231784304
-25.4446   60.0568   0.2242004906328265
-24.7483   61.2966   0.2428594243590305
-23.329   61.3115   0.22140907840465765
-22.6319   62.5507   0.23647758879014216
-21.2124   62.5646   0.21615360279208745
-20.5146   63.8033   0.22725186467881897
-19.095   63.8163   0.20823337868843075
-18.3964   65.0544   0.2152006970248938
-16.9767   65.0666   0.1977702202051655
-16.2774   66.3041   0.20063053107640555
-14.8576   66.3156   0.18485467264854316
-14.1578   67.5527   0.18386628293409338
-33.2185   58.7396   0.3126528586147905
-31.7995   58.7568   0.29012745475049395
-31.1048   59.9978   0.3133075645432133
-29.6857   60.0146   0.28970759396329276
-28.9906   61.2554   0.3101061914893022
-27.5715   61.2715   0.2859956992683635
-26.8757   62.5117   0.30293108127097185
-25.4565   62.5269   0.2788391292483897
-24.7601   63.7666   0.2919960616172746
-23.3407   63.7809   0.26828732731905197
-22.6436   65.02   0.2772117782490475
-21.2241   65.0332   0.25421890173627754
-20.5262   66.2718   0.25880937000039045
-19.1066   66.2841   0.23700440924168317
-18.4082   67.5221   0.23735983232215055
-16.9884   67.5336   0.21701854759444042
-16.2894   68.7712   0.21353655424774295
-14.8696   68.7819   0.19505068572040202
-33.9258   59.9702   0.3541484716894874
-33.2312   61.2113   0.3766515763938875
-31.8121   61.2284   0.3542330588750855
-31.1173   62.4694   0.3733714772180649
-29.6982   62.4859   0.349331847961219
-29.003   63.7266   0.3645792506438061
-27.5838   63.7422   0.339373466847365
-26.888   64.9824   0.35038658650125243
-25.4687   64.997   0.3246686002680267
-24.7722   66.2366   0.33121127698192765
-23.3528   66.2501   0.30541227873155286
-22.6557   67.4892   0.30740040663603635
-21.2362   67.5017   0.2821086492825051
-20.5385   68.7403   0.2796244803303177
-19.1189   68.7518   0.2554959099476937
-18.4207   69.9899   0.24913652883509607
-17.0009   70.0005   0.22663680195414088
-16.3023   71.2382   0.21702596618838046
-35.3578   62.4246   0.43464424533174334
-33.9386   62.442   0.4149407427573238
-33.2441   63.6832   0.4329355841230882
-31.8249   63.7001   0.4106053214462759
-31.1301   64.9411   0.42423791674012434
-29.7109   64.9572   0.399551873978836
-29.0157   66.1978   0.40859085892858515
-27.5964   66.2128   0.3823981694516853
-26.9006   67.453   0.38643637251169677
-25.4813   67.4669   0.35929642358364666
-24.7849   68.7065   0.35840249720112366
-23.3654   68.7193   0.3309862383846192
-22.6685   69.9584   0.32546982963094934
-21.249   69.9701   0.2984118965456968
-20.5516   71.2087   0.2887998095567212
-19.1319   71.2194   0.26299060819732545
-18.434   72.4575   0.2499784190685234
-17.0143   72.4674   0.22609882794919456
-36.0654   63.6553   0.4688581448583345
-35.371   64.8967   0.4861221451446119
-33.9518   64.9139   0.46670802435784103
-33.2573   66.1553   0.4791342296267298
-31.8381   66.1718   0.4564774145562946
-31.1433   67.4128   0.4637416198703762
-29.7241   67.4284   0.43839972627728724
-29.0289   68.669   0.44029377692627053
-27.6096   68.6834   0.4130191520983017
-26.9139   69.9235   0.40953478484739264
-25.4945   69.9367   0.3810019816221424
-24.7983   71.1763   0.37253838728378036
-23.3788   71.1884   0.34372148609011777
-22.6822   72.4274   0.33077787108571893
-21.2626   72.4384   0.3024377125955041
-20.5655   73.6769   0.28605917220043775
-19.1459   73.6869   0.2592535631384824
-18.4484   74.925   0.24049700621837208
-37.4983   66.1097   0.5304549745265857
-36.079   66.1274   0.515359156317221
-35.3847   67.3689   0.5267805425411975
-33.9654   67.386   0.5074623237246263
-33.2711   68.6273   0.5132339525011963
-31.8518   68.6435   0.49015314953593897
-31.1572   69.8845   0.4901793243293737
-29.7378   69.8995   0.4641018961391998
-29.0428   71.14   0.4583801151882577
-27.6234   71.1538   0.4300608445324918
-26.9279   72.3938   0.41892001623221553
-25.5085   72.4064   0.3892258727268775
-24.8126   73.6459   0.3732782608189208
-23.3931   73.6572   0.34337480979245044
-22.6968   74.8962   0.3235548021587679
-21.2772   74.9064   0.29452841968136256
-20.5806   76.145   0.2722227213147346
-19.1609   76.1542   0.24504256773058777
-38.2066   67.3403   0.5541952453783765
-37.5125   68.5819   0.5650152387325496
-36.0931   68.5996   0.5501330929875055
-35.3991   69.8412   0.5549213728087972
-33.9797   69.858   0.5352969643104655
-33.2855   71.0994   0.533786979983588
-31.8661   71.1151   0.5102795410360863
-31.1717   72.356   0.5025416798634712
-29.7523   72.3705   0.47572233498123717
-29.0575   73.6109   0.46217621098451034
-27.6381   73.624   0.4331043523216991
-26.9429   74.8639   0.41430241370284
-25.5234   74.8758   0.3838891767164059
-24.8279   76.1152   0.3608925186257003
-23.4083   76.1258   0.3305667103626727
-22.7125   77.3647   0.3045631954127087
-21.2929   77.3743   0.27557117048051377
-20.5967   78.6128   0.2480593074246529
-39.6406   69.7942   0.5921545575270016
-38.2212   69.8125   0.5827837163133494
-37.5274   71.0543   0.5868882431945623
-36.1079   71.0718   0.5719004546247525
-35.4141   72.3135   0.5693336719358887
-33.9947   72.3299   0.549391062905103
-33.3008   73.5712   0.5401212734192209
-31.8813   73.5864   0.5160069476276435
-31.1871   74.8273   0.5004961338511996
-29.7677   74.8411   0.47303955437151446
-29.0732   76.0814   0.4518003320051904
-27.6537   76.0939   0.42212602383648584
-26.9589   77.3337   0.39613076123926444
-25.5394   77.3449   0.3655349641279183
-24.8443   78.5842   0.33613509189014856
-23.4248   78.5941   0.30597364265570054
-22.7294   79.833   0.27483556902264145
-21.3098   79.8418   0.246545938924173
-40.3498   71.0245   0.6036284453204622
-39.6561   72.2664   0.6075250365211284
-38.2366   72.2847   0.5980848434795849
-37.5431   73.5266   0.5949129011880647
-36.1236   73.5438   0.5796501789872919
-35.4301   74.7855   0.5693497694739137
-34.0106   74.8015   0.5489099106410807
-33.317   76.0428   0.5319014570388005
-31.8975   76.0574   0.5071694588596607
-31.2036   77.2982   0.48400592971573925
-29.7841   77.3114   0.4560862747331918
-29.09   78.5516   0.4277110239402303
-27.6705   78.5634   0.39778761921407146
-26.9761   79.8031   0.36551170979874237
-25.5566   79.8136   0.335113741884747
-24.862   81.0528   0.30060745167077985
-23.4424   81.0621   0.27131162894354804
-22.7475   82.3009   0.236625569201642
-41.7855   73.4775   0.6154800890361934
-40.3659   73.4965   0.6125260974032039
-39.6726   74.7385   0.6092591813013567
-38.253   74.7567   0.5995615898304355
-37.5599   75.9986   0.5886752160572063
-36.1403   76.0156   0.5728724639917682
-35.4472   77.2571   0.5547886264155008
-34.0276   77.2727   0.5338375314643969
-33.3343   78.5138   0.5091514018442823
-31.9148   78.5279   0.48401739638157687
-31.2213   79.7685   0.45373308232925
-29.8018   79.7811   0.4255978970812674
-29.1081   81.0212   0.3909212324752879
-27.6886   81.0324   0.3613890009394273
-26.9947   82.272   0.3240233633551759
-25.5752   82.2818   0.29446680627874083
-24.8809   83.521   0.2567634319758155
-23.4614   83.5296   0.2291362258570224
-42.4959   74.7071   0.6138750442883306
-41.8027   75.9492   0.6110264806045641
-40.383   75.9683   0.6077401007009493
-39.6902   77.2104   0.596972637563901
-38.2706   77.2284   0.586627292239287
-37.5778   78.4702   0.5682267593135677
-36.1582   78.4868   0.5517812066390102
-35.4654   79.7283   0.5262261871096892
-34.0459   79.7434   0.5047460549622923
-33.3529   80.9843   0.47312605085748805
-31.9334   80.9979   0.4477515717448685
-31.2403   82.2383   0.41128760010483884
-29.8208   82.2503   0.38334841854375545
-29.1276   83.4902   0.34384420890862755
-27.7081   83.5008   0.31505766138915
-43.9335   77.1584   0.5997521321346
-42.5138   77.1784   0.6033910920787597
-41.8211   78.4206   0.5933535708159152
-40.4015   78.4396   0.5891981839754753
-39.709   79.6817   0.5711750519761866
-38.2894   79.6995   0.5600324544167069
-37.5971   80.9412   0.5344371805928185
-36.1774   80.9575   0.5172611042790674
-35.485   82.1987   0.4850789832594275
-34.0655   82.2134   0.46311544996900866
-33.373   83.4541   0.4255869006442735
-31.9534   83.4671   0.4002334443796511
-44.6455   78.3869   0.5860387871122513
-43.9529   79.6291   0.5776441292006691
-42.5332   79.6493   0.5801944329274458
-41.841   80.8915   0.5634511513875873
-40.4213   80.9105   0.558068902555947
-39.7293   82.1524   0.5334467827253255
-38.3097   82.1699   0.521061272788526
-37.6177   83.4115   0.4893557090706122
-36.1981   83.4273   0.4711766759931988
-46.0856   80.8358   0.5496888301575727
-44.6659   80.8571   0.5593143659875007
-43.9739   82.0994   0.5448058277955548
-42.5542   82.1196   0.5457151637988464
-41.8625   83.3617   0.5228972078716827
-40.4428   83.3805   0.5159295106892002
-46.7997   82.063   0.5269841174077264
-46.1078   83.3052   0.5154215847245812
-44.6881   83.3266   0.5230211276803246
-7.72929   56.5083   0.13034455914996929
-11.9833   56.4723   0.10642001691411246
-10.5634   56.4866   0.11105534656197233
-9.8617   57.7227   0.120664711079918
-8.4417   57.7366   0.12688391111563335
-16.2339   56.4357   0.094778162041683
-14.8143   56.4502   0.09463302806103095
-14.1142   57.6873   0.10711661869196701
-12.6944   57.7013   0.10807298459837274
-11.9935   58.9379   0.11960756665027439
-10.5735   58.9514   0.12171055829302536
-9.87183   60.1875   0.1306895940769561
-20.4812   56.3973   0.09915770267609027
-19.0617   56.4124   0.0921024429643411
-18.3634   57.6508   0.10976178752188498
-16.9438   57.6652   0.10425372895009455
-16.2445   58.9029   0.12003191242332036
-14.8248   58.9166   0.11591276892560126
-14.1246   60.1537   0.12909883810476272
-12.7047   60.1669   0.1262781849727025
-12.0038   61.4035   0.13611906552720685
-10.5838   61.4162   0.13443693688864022
-24.725   56.3563   0.12855714682583722
-23.3059   56.3724   0.11289131941827948
-22.6092   57.6119   0.13550339479142195
-21.1899   57.6272   0.12173861343057953
-20.4922   58.866   0.1419188500517093
-19.0727   58.8805   0.1301019215845792
-18.3742   60.1187   0.14722248469578125
-16.9545   60.1324   0.1371163739310509
-16.2551   61.37   0.15074803481305996
-14.8353   61.383   0.14233390319948364
-14.1352   62.62   0.15211301719445275
-12.7153   62.6324   0.14517348242705916
-12.0145   63.869   0.15104810492025264
-28.9662   56.3129   0.18156635150820086
-27.5472   56.3298   0.1597901436259441
-26.8519   57.5703   0.18454162132158652
-25.4328   57.5866   0.16407638465056357
-24.7367   58.8265   0.18681212487416382
-23.3174   58.842   0.16789609882305212
-22.6205   60.0814   0.18789771153476043
-21.2011   60.096   0.17045929132787066
-20.5033   61.3347   0.18713781018276304
-19.0837   61.3484   0.17137170128116236
-18.3851   62.5865   0.18419277944588394
-16.9654   62.5995   0.17017582084420646
-16.266   63.8371   0.17897064005025975
-14.8462   63.8493   0.16655716736304013
-14.1462   65.0864   0.1713575793479814
-12.7263   65.098   0.1605867366876847
-27.0146   84.7403   0.27470873666485324
-25.5951   84.7495   0.24694940777414157
-24.9013   85.9886   0.20916209025538665
-31.2608   84.7074   0.35922428926786154
-29.8413   84.7188   0.33194043140298785
-29.1485   85.9586   0.28981102463502484
-27.729   85.9686   0.26276295400988203
-27.0359   87.208   0.22301544789543126
-25.6164   87.2166   0.19856419616838916
-35.5062   84.6684   0.43367943229994155
-34.0866   84.6826   0.41133049972011626
-33.3945   85.9232   0.3698637722189032
-31.975   85.9356   0.3446496481936391
-31.2828   87.1757   0.3016537087456454
-29.8633   87.1866   0.27576096533048183
-29.1709   88.4263   0.2349584218537394
-27.7514   88.4357   0.21103663189123834
-27.0587   89.675   0.17866969524795803
-39.7512   84.6224   0.48560865931323915
-38.3316   84.6395   0.4719086987967028
-37.6401   85.8809   0.4353539249851756
-36.2204   85.8963   0.4163974183397409
-35.5289   87.1373   0.37543241735364297
-34.1094   87.1509   0.3527879533090643
-33.4177   88.3914   0.3100046128689083
-31.9982   88.4033   0.2858256286619515
-31.3064   89.6433   0.24475150663478817
-29.887   89.6537   0.2218573190138186
-29.1949   90.8933   0.1891847245419083
-27.7754   90.9022   0.1720968913141664
-27.083   92.1414   0.15845169610956955
-43.9967   84.5689   0.5029263266125579
-42.5769   84.5891   0.5019277238806392
-41.8857   85.8311   0.47395469192740414
-40.466   85.8497   0.46516402483424923
-39.7749   87.0914   0.43052772268461
-38.3552   87.1082   0.41551282772015435
-37.6642   88.3494   0.3759824596972571
-36.2445   88.3644   0.35639911616052167
-35.5534   89.6052   0.3146072790003427
-34.1339   89.6184   0.2925626941357994
-33.4427   90.8587   0.252233344346061
-32.0232   90.8702   0.23064581071417042
-31.3317   92.1102   0.19837386420594905
-29.9123   92.12   0.18191432049182749
-29.2206   93.3595   0.16799032710248835
-27.8011   93.3678   0.1627035340734833
-48.2431   84.509   0.47588062578760326
-46.8233   84.5315   0.4901654822608359
-46.1321   85.7739   0.4738800375622497
-44.7123   85.7953   0.4788893295950521
-44.0214   87.0376   0.45433219124336593
-42.6016   87.0576   0.45096848005154067
-41.9109   88.2995   0.4192358047686281
-40.4911   88.3179   0.4086192971458873
-39.8005   89.5594   0.3715338342600804
-38.3808   89.5759   0.3554318640752407
-37.6901   90.8169   0.3155238342819807
-36.2706   90.8316   0.2960619360877001
-35.5798   92.0722   0.25723454278148283
-34.1603   92.085   0.23742160811517476
-33.4694   93.3253   0.20588217504193732
-32.05   93.3363   0.19032690298536323
-31.3589   94.5761   0.17606069976005675
-29.9394   94.5855   0.17119082919361986
-29.2479   95.825   0.18189873556460265
-48.96   85.7343   0.447820019650753
-48.2689   86.9766   0.43584704886003217
-46.8491   86.9993   0.44725682778466375
-46.1584   88.2416   0.426989906203883
-44.7386   88.2631   0.4293198923879453
-44.0482   89.5052   0.4014386254460312
-42.6284   89.5251   0.395660940705549
-41.9381   90.7669   0.36196787150243637
-40.5183   90.785   0.3498232839591988
-39.8281   92.0263   0.3127411389632037
-38.4084   92.0425   0.2962831416061319
-37.7181   93.2835   0.2595807581466719
-36.2986   93.2977   0.24175446221322122
-35.6082   94.5383   0.21141700499250557
-34.1887   94.5507   0.19708721419717704
-33.4981   95.7909   0.18247701225085897
-32.0787   95.8014   0.17765677583475487
-31.3879   97.0413   0.18647428777180983
-29.9685   97.0501   0.1935328654260017
-50.4072   88.1772   0.38995943378766873
-48.9875   88.201   0.40743816708796265
-48.297   89.4433   0.39201812458099344
-46.8772   89.4661   0.40031878546977645
-46.187   90.7083   0.37714369940381787
-44.7671   90.7298   0.3767566455950037
-44.0771   91.9717   0.3472480525503355
-42.6573   91.9915   0.33954899499188806
-41.9674   93.2331   0.30598630688316547
-40.5477   93.251   0.2930360558020125
-39.8578   94.4922   0.25903437995756146
-38.4382   94.5081   0.24374457942690161
-37.7482   95.749   0.2148942297968872
-36.3287   95.7629   0.20181895352023135
-35.6386   97.0034   0.18665952962547247
-34.2192   97.0154   0.18205900142536066
-33.5288   98.2556   0.18833409144390617
-32.1095   98.2657   0.19532129940177295
-31.4188   99.5055   0.22006374076616686
-51.1275   89.4005   0.3603244371396386
-50.4372   90.6428   0.3502215727221817
-49.0174   90.6667   0.3642272642183732
-48.3274   91.909   0.34646806490642684
-46.9075   91.9318   0.35155030934419595
-46.2178   93.174   0.3271029654405512
-44.7979   93.1953   0.3242119060121021
-44.1083   94.4372   0.29508924073913917
-42.6885   94.4568   0.2859559581474038
-41.9989   95.6982   0.25534762579667475
-40.5793   95.7159   0.24292939303427902
-39.8897   96.957   0.21585620213465295
-38.4701   96.9727   0.20447657567555624
-37.7804   98.2135   0.1888012976650322
-36.361   98.2271   0.18429392285151028
-35.6711   99.4676   0.18749413324155484
-34.2517   99.4792   0.1940144839953965
-33.5616   100.719   0.215095815858877
-32.1422   100.729   0.23041371486957582
-52.579   91.8404   0.3030113034195252
-51.1592   91.8651   0.3219833536069839
-50.4695   93.1075   0.3099024039919653
-49.0496   93.1314   0.3203071962975552
-48.3601   94.3737   0.3014717233838026
-46.9403   94.3965   0.30364031352901666
-46.2509   95.6385   0.27953364734857367
-44.831   95.6597   0.27479979985436404
-44.1417   96.9014   0.24821953992382811
-42.722   96.9209   0.2389884725253541
-42.0327   98.1623   0.21443066478468856
-40.6131   98.1797   0.20462832159796288
-39.9238   99.4208   0.18867638961990135
-38.5043   99.4362   0.18426247583270716
-37.8148   100.677   0.18416883558301256
-36.3954   100.69   0.18996591799582685
-35.7058   101.931   0.20679371363752547
-34.2864   101.942   0.22131879721342834
-33.5965   103.182   0.2487151181573024
-53.3026   93.0617   0.2753410430720443
-52.6132   94.304   0.268715946679758
-51.1933   94.3289   0.28387493725230706
-50.5041   95.5712   0.2707546675497977
-49.0842   95.5951   0.2778788405042723
-48.3951   96.8373   0.25948722511907985
-46.9752   96.86   0.25914571190740976
-46.2862   98.1019   0.23739347084534496
-44.8664   98.123   0.23159158015783513
-44.1774   99.3647   0.21009821512807073
-42.7577   99.3839   0.2023631883520295
-42.0687   100.625   0.18612146571527458
-40.6491   100.642   0.18187743125522604
-39.96   101.884   0.17915189086359593
-38.5406   101.899   0.18368247058443132
-37.8513   103.139   0.19440866750225033
-36.432   103.152   0.20882217315218332
-35.7425   104.393   0.2313225669925061
-34.3232   104.404   0.2523952654072569
-54.7583   95.4991   0.22529678204537465
-53.3385   95.5245   0.2438059884416289
-52.6495   96.767   0.23644961408299703
-51.2296   96.7917   0.24786183651381416
-50.5409   98.0341   0.23516847152626233
-49.121   98.0579   0.23930478474113615
-48.4322   99.3001   0.2228291946761004
-47.0124   99.3225   0.22070480284760943
-46.3237   100.564   0.20295295021260176
-44.9039   100.585   0.1971370335578777
-44.2152   101.827   0.1833474570317233
-42.7956   101.846   0.17850165265342302
-42.1068   103.087   0.1720123542074829
-40.6873   103.104   0.17478598341972962
-39.9983   104.345   0.18094883254665844
-38.5789   104.36   0.1933913389994568
-37.8898   105.601   0.2101955280209334
-36.4705   105.614   0.2304941864776719
-35.7811   106.854   0.25205150267355836
-55.4848   96.7189   0.20261451083276488
-54.7961   97.9614   0.20035483522989653
-53.3763   97.9867   0.2149823713703022
-52.6878   99.2292   0.2080583091347242
-51.268   99.2538   0.216067535738246
-50.5796   100.496   0.20487793927116102
-49.1597   100.52   0.20708882152351757
-48.4714   101.762   0.19347097973597602
-47.0516   101.784   0.19003236566438178
-46.3631   103.026   0.17809000533437208
-44.9434   103.047   0.173992643522649
-44.2549   104.288   0.166666373333068
-42.8354   104.307   0.166480899805354
-42.1467   105.548   0.1685621547085784
-40.7272   105.565   0.1767352822726659
-40.0384   106.806   0.1874917598189335
-38.619   106.821   0.20539973222961871
-37.9299   108.062   0.22218652074327222
-36.5106   108.074   0.24543530715852488
-56.9437   99.1547   0.16483852704996024
-55.5239   99.1806   0.1812395376290698
-54.8358   100.423   0.17927414760639704
-53.4159   100.448   0.1904378638821541
-52.7279   101.691   0.1850612060913937
-51.3081   101.715   0.19011462331972037
-50.6201   102.958   0.18193144313174503
-49.2003   102.981   0.18184171688586206
-48.5122   104.223   0.17224230026332102
-47.0925   104.245   0.16951407021247503
-46.4042   105.487   0.16226281151267588
-44.9846   105.507   0.1594338107178124
-44.2962   106.749   0.15877745431892695
-42.8767   106.767   0.16164931178325606
-42.1881   108.009   0.1685200581533271
-40.7687   108.025   0.1799645520651323
-40.0798   109.266   0.19184759576289276
-38.6604   109.281   0.21193595730787132
-37.9711   110.522   0.22565178926833385
-57.6723   100.373   0.14852504839252176
-56.9844   101.616   0.15139171047319316
-55.5646   101.642   0.16440684292327742
-54.877   102.885   0.16424159034787625
-53.4572   102.91   0.17239968097418237
-52.7696   104.152   0.16892829839905268
-51.3498   104.176   0.17148411005105152
-50.6621   105.419   0.1669001198321838
-49.2424   105.442   0.1653216561736505
-48.5545   106.684   0.1601635414193805
-47.1348   106.705   0.156578574524103
-46.4467   107.947   0.1538807980223622
-45.0271   107.967   0.15326242200879014
-44.3386   109.209   0.1551404847227146
-42.9192   109.227   0.15982771974848564
-42.2304   110.468   0.16652678463237974
-40.8111   110.485   0.18025351591577599
-40.1219   111.726   0.1899324090301529
-38.7025   111.74   0.20978429397835616
-59.1337   102.808   0.12503427530082123
-57.7139   102.834   0.1387735565588745
-57.0266   104.077   0.14388081873550618
-55.6068   104.103   0.15382577807376346
-54.9197   105.346   0.156906755750036
-53.4999   105.37   0.16101319821679236
-52.8127   106.613   0.16148919468497003
-51.3929   106.637   0.1617229730124922
-50.7054   107.879   0.16058300034561937
-49.2857   107.902   0.15735977885088254
-48.5978   109.144   0.1566544286000281
-47.1782   109.165   0.15198624937802838
-46.4899   110.407   0.1530883405096512
-45.0704   110.426   0.15062569501913953
-44.3817   111.668   0.1544857598615543
-42.9623   111.686   0.1587259903103469
-59.8639   104.026   0.11599900861645224
-59.1769   105.269   0.12510175858076375
-57.7571   105.295   0.1361472732007503
-57.0703   106.538   0.14470252243827295
-55.6505   106.564   0.15151782073406045
-54.9637   107.807   0.15835052889081117
-53.5439   107.831   0.1595115042873102
-52.8568   109.073   0.16438628288272017
-51.437   109.097   0.16151544817756297
-50.7494   110.339   0.16511601981637253
-49.3297   110.361   0.15886572946989286
-48.6416   111.603   0.16275490776010437
-47.222   111.624   0.1555552956346999
-61.3279   106.459   0.10935913313482445
-59.9081   106.486   0.12110611049819159
-59.2216   107.729   0.13468723027815166
-57.8018   107.756   0.14340258017204427
-57.1153   108.999   0.15556786300518352
-55.6955   109.024   0.15894618586175913
-55.0087   110.267   0.1701034391186711
-53.5889   110.291   0.16863232193147437
-52.9015   111.533   0.17835787058607877
-51.4818   111.556   0.17232449042431794
-62.0599   107.676   0.10961961503307797
-61.3735   108.919   0.12778028016873172
-59.9537   108.946   0.13692775467377005
-59.2675   110.189   0.1542890145149641
-57.8477   110.215   0.15984799029077817
-57.1611   111.458   0.175886469064562
-55.7413   111.483   0.17725961186914851
-63.5263   110.108   0.12465075210362823
-62.1065   110.136   0.133485017885903
-61.4204   111.379   0.1545460772714735
-60.0005   111.406   0.16168803295235
-64.2597   111.324   0.13283572561626592
13.0988   23.5682   0.6122523172679702
13.799   24.8035   0.6339777283154358
11.6479   25.9983   0.6194524840534577
13.0691   26.0216   0.6387145684889298
13.7711   27.2561   0.657543838842703
15.1927   27.2789   0.6693486087234367
10.919   27.2171   0.6153778026545961
20.3929   11.4034   0.3109126726268949
21.8129   11.422   0.285239443275294
22.5075   12.66   0.3046193854632366
23.9276   12.677   0.2759658131000999
24.6236   13.9141   0.2937597317536893
26.0438   13.9293   0.26309034569896206
26.7412   15.1657   0.2792350980804531
28.1614   15.1792   0.2478461821372278
28.8601   16.4148   0.26221067865363545
30.2805   16.4268   0.23115860356041223
30.9803   17.6617   0.24367835357290188
32.4008   17.6724   0.21392522057952973
33.1017   18.9067   0.22450890850921573
34.5222   18.9163   0.19680226116587105
35.224   20.1501   0.20529259606717565
36.6447   20.1588   0.18009058831599237
37.3472   21.3922   0.18637086682204257
38.768   21.4002   0.16393443811475428
19.661   12.6201   0.35091437702094747
20.3558   13.858   0.3734292302431614
21.7761   13.8769   0.3469921180661015
22.4723   15.114   0.36780791182355027
23.8926   15.1311   0.337341903711946
24.5903   16.3674   0.3564745993756079
26.0107   16.3829   0.3230312987931656
26.7097   17.6184   0.34041442390122084
28.1302   17.6323   0.3051804220457141
28.8304   18.867   0.3209291822193812
30.251   18.8796   0.28500031578929785
30.9523   20.1137   0.29912361992995473
32.373   20.125   0.2632916443793847
33.0752   21.3586   0.2756722873268153
34.4959   21.3689   0.2408163408076803
35.199   22.602   0.25125528850155654
36.6198   22.6115   0.21796029454925941
37.3234   23.8443   0.22642086917949877
18.2036   15.0543   0.4351654053345688
19.6241   15.0748   0.41477640964741597
20.3205   16.3119   0.4376086607918081
21.7411   16.3309   0.41180318114361303
22.4389   17.5671   0.4326499277707092
23.8596   17.5845   0.4021919193618872
24.5589   18.8199   0.4208994535515574
25.9796   18.8358   0.38693366356521425
26.6801   20.0704   0.4037671358592713
28.1009   20.0848   0.3673065341101358
28.8026   21.3187   0.3823233840611885
30.2234   21.3319   0.3444052264411794
30.9261   22.5653   0.35753092173964374
32.347   22.5772   0.31897631573519675
33.0505   23.8102   0.3300878822374429
34.4714   23.8212   0.2918209382480964
35.1756   25.0538   0.30061347275196887
36.5965   25.064   0.26323573085734336
17.4717   16.2711   0.4716921983666904
18.1682   17.5081   0.49610880862971984
19.5891   17.5288   0.47774111190057716
20.2871   18.7649   0.49976078277511915
21.708   18.7842   0.4755481258505804
22.4075   20.0194   0.49508619451566194
23.8285   20.0372   0.4657659605424169
24.5294   21.2717   0.48291396749317494
25.9504   21.2881   0.4495963745405439
26.6525   22.5218   0.4644301131494365
28.0735   22.5368   0.42813400939425406
28.7767   23.77   0.4406606517491644
30.1977   23.7838   0.402339309538603
30.9018   25.0165   0.412449439325597
32.3228   25.0292   0.3729969570921454
33.0275   26.2615   0.3804877001954184
34.4486   26.2733   0.3405990898402385
35.1539   27.5053   0.3453699610562541
16.0156   18.703   0.5385034540279207
17.4366   18.725   0.5295701369979237
18.1348   19.9611   0.5524786783216156
19.5559   19.982   0.5368760937125061
20.2557   21.2172   0.5569939317443215
21.6769   21.2367   0.5350236349919494
22.3781   22.4711   0.5522027978922233
23.7994   22.4893   0.5247528656424859
24.5019   23.723   0.5391514536751243
25.9232   23.7398   0.5073262559734115
26.6268   24.9728   0.5188936885335954
28.0481   24.9884   0.48346521074426757
28.7526   26.2209   0.4922194327736361
30.1739   26.2354   0.4541854797326745
30.8792   27.4675   0.4598583042633896
32.3004   27.4809   0.42016743091296244
15.2838   19.92   0.5635968860808223
15.9822   21.1561   0.5872156843954348
17.4034   21.1782   0.5816261084236161
18.1034   22.4134   0.6023165363826558
19.5248   22.4345   0.5896381432709384
20.2264   23.6688   0.6070316136742797
21.6479   23.6887   0.5876888122127222
22.3508   24.9222   0.6017759466778303
23.7723   24.9409   0.5765381253655302
24.4764   26.1737   0.5872572860339825
25.8979   26.1912   0.5571634140896172
26.603   27.4235   0.5644747469993681
28.0245   27.4397   0.5302864697500765
13.8296   22.3506   0.601954591310673
15.2509   22.3735   0.6072503602304404
15.9511   23.6087   0.6283674402767853
17.3726   23.6309   0.6261224401025739
18.0744   24.8652   0.6438368737498661
19.496   24.8864   0.6342948604552928
20.1993   26.1199   0.6482153423053176
21.621   26.1401   0.6317381340397297
22.3255   27.3728   0.6418445528319143
23.7473   27.392   0.6189716229359794
15.2205   24.8264   0.6426764193589185
15.9225   26.0607   0.6608460864679461
17.3441   26.083   0.6618972805503868
18.0477   27.3164   0.6761116919562925
19.4695   27.3379   0.6695438223148645
48.2762   0.574983   0.47133536480514665
49.6959   0.573984   0.45995198789547453
50.39   1.8117   0.4478739148465783
44.0138   0.558072   0.47968889309739043
45.4336   0.558467   0.4817963632947016
46.1272   1.79651   0.47587769437114963
47.5471   1.79619   0.471747446839937
48.2413   3.03388   0.4599055572614883
49.6611   3.03301   0.4495905609551867
39.7516   0.536682   0.44857288485261726
41.1714   0.539003   0.4631383333907918
41.8643   1.77747   0.4632758142834585
43.2841   1.77879   0.4722602244525776
43.9778   3.01681   0.4663240701486475
45.3977   3.01735   0.46944391826926646
46.0921   4.25496   0.45767185580937764
47.5121   4.25488   0.4547574711865677
48.2071   5.49208   0.4378904804857042
35.4899   0.509378   0.3852470621938603
36.9094   0.514273   0.40901606129833146
37.6016   1.75323   0.413704574424793
39.0213   1.75679   0.43393172976863453
39.7143   2.99526   0.43314394847440696
41.1341   2.99771   0.4486980833478129
41.828   4.23568   0.4423129278011222
43.2479   4.23723   0.45249529069372824
43.9426   5.47473   0.4406423861818117
45.3626   5.4756   0.4451847508619327
46.058   6.71264   0.4282210322952403
47.4781   6.71299   0.4271521644566477
31.2287   0.47447   0.3025728053146871
32.6481   0.482714   0.33070405381398077
33.3394   1.72225   0.3379181356482668
34.7589   1.72875   0.36498739759065724
35.4511   2.96775   0.3677874061193512
36.8708   2.97277   0.3924334492624205
37.5639   4.21122   0.390401548280741
38.9838   4.21499   0.41163093907042353
39.6778   5.45288   0.4044382504165513
41.0978   5.45565   0.42126596408919587
41.7928   6.693   0.408943501721203
43.2128   6.69497   0.42065795796585104
43.9087   7.93181   0.40357359130646764
45.3289   7.93319   0.4099876393258705
46.0255   9.16958   0.38853781025789474
26.968   0.430557   0.2193191402522819
28.3874   0.442771   0.24457351197748356
29.0778   1.68293   0.252208458224541
30.4972   1.69311   0.27982779633195787
31.1886   2.93273   0.28442558675337215
32.6081   2.94105   0.3127147583661525
33.3004   4.18007   0.31350950942515426
34.72   4.18675   0.340900833234536
35.4134   5.42515   0.33734070670466215
36.8331   5.43044   0.36265455863672974
37.5275   6.66822   0.3545282053659485
38.9475   6.67238   0.3766687404072715
39.6428   7.90957   0.3640207829231728
41.0629   7.91281   0.3819863641545338
41.7592   9.14944   0.364868913584045
43.1794   9.15197   0.37814745391183024
43.8766   10.3881   0.35686570303126625
45.2969   10.3901   0.365242084103134
26.2361   1.6485   0.20004048190303853
26.9266   2.88875   0.20513620255820292
28.3461   2.90101   0.22820089482734282
29.0375   4.14066   0.23074851592155413
30.457   4.15099   0.25673882156775535
31.1494   5.38999   0.2558919500492349
32.5691   5.39855   0.2830012897497122
33.2626   6.63687   0.2784237195355306
34.6824   6.64387   0.30513690763327767
35.3771   7.88152   0.2964617681927977
36.797   7.88724   0.32157917594272234
37.4927   9.12426   0.308796801958829
38.9128   9.12892   0.3312446414660929
39.6096   10.3653   0.31442393356740495
41.0298   10.3692   0.33325851827072767
41.7275   11.605   0.3126554013606668
43.1478   11.6082   0.32718451980495633
43.8463   12.8436   0.3032986152292814
24.7752   4.092   0.17442925471376577
26.1947   4.10637   0.1861110947794355
26.8862   5.34604   0.18866051415174376
28.3057   5.35846   0.20590494311696358
28.9984   6.59744   0.20529618238048153
30.418   6.608   0.22646090810557207
31.1118   7.84625   0.2223019109229614
32.5316   7.85512   0.24560667417641743
33.2266   9.09263   0.2375845889362353
34.6465   9.10006   0.26162846634110565
35.3426   10.3369   0.24976394855943665
36.7627   10.3431   0.27296983349813575
37.4599   11.5793   0.2575324833880187
38.8801   11.5846   0.2788741293128517
39.5783   12.8202   0.2599332991365283
40.9986   12.8247   0.2783399001221335
41.6976   14.0598   0.2563358929217663
43.1181   14.0637   0.27111787104505186
24.0432   5.30926   0.1704158176343973
24.7349   6.54894   0.1766463710354672
26.1545   6.56345   0.176904020587437
26.8473   7.8024   0.18032606273082086
28.2669   7.81504   0.18628741476546323
28.961   9.05321   0.18614534885406175
30.3807   9.06406   0.19714878543881495
31.076   10.3015   0.1931237168242168
32.4959   10.3107   0.2078789070588943
33.1924   11.5474   0.19987318479476002
34.6125   11.5553   0.21697562075035437
35.3101   12.7913   0.20512583942546195
36.7303   12.7981   0.22313325614977372
37.429   14.0335   0.2077799557223928
38.8493   14.0394   0.22529849089596826
39.5488   15.2743   0.20691660155724478
40.9693   15.2795   0.22268277885817908
41.6696   16.514   0.20191022757651378
22.5834   7.74948   0.2032905988972434
24.0031   7.76604   0.1872404325993718
24.696   9.00494   0.19753353664631235
26.1158   9.01966   0.18408057176138862
26.81   10.2578   0.1917963503302385
28.2298   10.2707   0.18234442684107402
28.9254   11.508   0.18669209945790238
30.3453   11.5192   0.18186736925572933
31.0422   12.7557   0.18245191147258322
32.4623   12.7654   0.1821624000720249
33.1603   14.0012   0.1788863885263519
34.5805   14.0097   0.18258773233708606
35.2796   15.2449   0.17553090895907644
36.6999   15.2523   0.18206139074499061
37.3999   16.4869   0.17143646053275569
38.8204   16.4935   0.17957196329048838
39.5212   17.7277   0.1661083381411029
40.9418   17.7337   0.1745661479210652
21.8515   8.96634   0.23158535553872894
22.5446   10.2052   0.24794614334568651
23.9645   10.2219   0.22367150019615709
24.6589   11.46   0.2384401602079653
26.0788   11.4749   0.21408526338821166
26.7746   12.7122   0.22688953259240402
28.1947   12.7254   0.20363361706751618
28.8918   13.9618   0.21393400851664532
30.3119   13.9734   0.19319091593550572
31.0103   15.209   0.20073250857795744
32.4306   15.2193   0.18318769063449816
33.13   16.4543   0.18789999999999793
34.5504   16.4633   0.17379672033729263
35.2509   17.6977   0.17535016395772363
36.6714   17.7058   0.16479411397255903
37.3727   18.9398   0.16344286463470983
38.7933   18.9471   0.1559016035837969
39.4953   20.1807   0.1517512767656355
15.8964   28.5124   0.6840626652580889
11.621   28.4516   0.6349201288351155
13.0423   28.4748   0.6569222252291352
13.746   29.7084   0.6724204711339477
15.1676   29.7312   0.6866409105201936
15.8728   30.9639   0.6974382983461686
17.2947   30.9862   0.7036569903013827
18.0012   32.2182   0.70930406032956
9.47239   29.6479   0.5953413411648818
10.8933   29.671   0.6261221047048251
11.597   30.9049   0.642581457871296
13.0183   30.9277   0.666398296816551
13.7235   32.1607   0.678175146993754
15.1451   32.1832   0.6942201740082172
15.8516   33.4154   0.7006090921476821
17.2736   33.4375   0.7084403503471551
17.9812   34.6689   0.7089551043613402
19.4033   34.6905   0.708551578927037
20.1119   35.9213   0.702894764527379
8.74627   30.8681   0.5797111991328088
9.44971   32.1022   0.597119194549966
10.8707   32.125   0.6292285594281305
11.5757   33.3582   0.6421887650839125
12.997   33.3807   0.6671111226774732
13.7034   34.6131   0.6746456032614462
15.1251   34.6353   0.6917392933757632
15.8327   35.8669   0.6932725365972595
17.2546   35.8887   0.7019982193709611
17.9632   37.1197   0.6970170155742262
19.3853   37.1411   0.6973851518350526
20.0947   38.3715   0.6858824170366221
21.517   38.3925   0.6781308649515951
22.2269   39.6223   0.6600263403834724
7.30443   33.3005   0.539426938148254
8.72498   33.3231   0.5779490781202083
9.42974   34.5566   0.5921280933210312
10.8507   34.5789   0.6246622367327793
11.5569   35.8116   0.6336274378528751
12.9782   35.8337   0.6588407546592722
13.6856   37.0656   0.6617382337450362
15.1073   37.0874   0.6789702939009922
15.8157   38.3186   0.6752150027954053
17.2376   38.34   0.684160938668672
17.9469   39.5706   0.6735178691022234
19.369   39.5917   0.6740775845553678
20.079   40.8217   0.6564596331839441
21.5012   40.8425   0.6491102294680007
22.2118   42.072   0.6248696584088558
23.634   42.0923   0.6101696403460272
24.3449   43.3214   0.5800223271564631
6.58133   34.5223   0.5158785865879688
7.28577   35.7561   0.5312110650202976
8.70632   35.7782   0.5695167249519544
9.41216   37.0112   0.5800010835334708
10.8331   37.033   0.6121077764577084
11.5402   38.2652   0.6166606360065481
12.9615   38.2868   0.6413267653856334
13.6697   39.5183   0.6392760905899731
15.0913   39.5395   0.6559396923498376
15.8004   40.7704   0.646766387500154
17.2223   40.7914   0.6551156310148607
17.9321   42.0217   0.6388692276201756
19.3542   42.0423   0.6390521183753315
20.0646   43.272   0.6157233226052103
21.4868   43.2924   0.6080656625727193
22.1977   44.5216   0.5782446713978423
23.6198   44.5417   0.5636482679827899
24.3311   45.7704   0.5280874264740639
5.14374   36.9568   0.4629709602124088
6.56392   36.9785   0.5051411125616284
7.26936   38.2119   0.5170012104434568
8.68994   38.2334   0.5542484460961529
9.39664   39.466   0.5606317837047762
10.8176   39.4872   0.5914455849864803
11.5254   40.7191   0.5913533123269037
12.9467   40.74   0.6147992273905368
13.6554   41.9712   0.6075606389489041
15.077   41.9919   0.6229836354191018
15.7866   43.2225   0.6085023664703368
17.2084   43.2428   0.6158039785516172
17.9186   44.4729   0.5940902372535665
19.3405   44.493   0.5933149079536085
20.0512   45.7224   0.5647004338585195
21.4733   45.7423   0.5564794335822307
22.1844   46.9713   0.5216675857286892
23.6065   46.991   0.5067544178396467
4.42343   38.1801   0.4350165187668157
5.12841   39.4139   0.44821408110410743
6.54864   39.4349   0.4887264520158491
7.25488   40.6679   0.49691238221642164
8.67547   40.6887   0.5323505462568814
9.38281   41.921   0.5343199475969426
10.8038   41.9415   0.5631650379773224
11.5121   43.1732   0.5582858586781498
12.9333   43.1934   0.5796705443611918
13.6425   44.4244   0.5675230832309813
15.064   44.4444   0.5811453776810073
15.7738   45.6748   0.5616192482456414
17.1956   45.6944   0.5671704153074277
17.906   46.9243   0.540592314040812
19.3279   46.9437   0.5385399613770543
20.0387   48.173   0.5053002077973046
21.4607   48.1923   0.4959864312660172
22.1719   49.4211   0.4567256287969826
2.98916   40.617   0.37725656110928024
4.40909   40.6376   0.41897417629252554
5.11482   41.8711   0.4288434009052716
6.53511   41.8914   0.4669576880189457
7.24193   43.1242   0.47116880085591323
8.66256   43.1442   0.503933672619721
9.37035   44.3763   0.5016333820630356
10.7913   44.3961   0.5277901666382199
11.5   45.6275   0.518303955223187
12.9212   45.647   0.5372131327508655
13.6306   46.8778   0.5204226167260599
15.0521   46.897   0.5315387944449591
15.762   48.1273   0.5076722072361256
17.1837   48.1462   0.5111120229460457
17.8942   49.3759   0.48028675809353605
19.316   49.3946   0.4762982364023611
20.0268   50.6238   0.43923345728666807
21.4487   50.6423   0.42825908046415134
2.27116   41.8415   0.3489052169286092
2.97631   43.0754   0.360120452071247
4.39635   43.0953   0.39892394124694947
5.10261   44.3285   0.4052831755698724
6.52296   44.3481   0.4402448892377958
7.23019   45.5806   0.4405310251276289
8.65086   45.5999   0.4699514289796337
9.35897   46.8318   0.46350891695845414
10.7799   46.8508   0.48636634340792906
11.4888   48.0821   0.4728371918536026
12.91   48.1008   0.48852288585080555
13.6195   49.3315   0.4677690669550515
15.0409   49.3498   0.4760425506191652
15.7509   50.58   0.448404939758696
17.1725   50.5981   0.4492493628264828
17.8829   51.8277   0.4149290662269878
19.3046   51.8456   0.40871968389105007
20.0154   53.0747   0.3683648870345811
0.839168   44.281   0.2947222061263796
2.25903   44.3004   0.3318488193439887
2.96467   45.534   0.34014120964681716
4.38481   45.5531   0.3753116743454695
5.09143   46.7861   0.3783069341156724
6.51187   46.8049   0.4093510835456523
7.21936   48.0373   0.40594501548855116
8.64008   48.0558   0.4314404812949281
9.34832   49.2876   0.42129834274537625
10.7693   49.3057   0.44035132564805557
11.4782   50.5369   0.42315624773835075
12.8994   50.5547   0.4353730469379107
13.6089   51.7854   0.4113260142514694
15.0303   51.8029   0.41630264231686026
15.7402   53.033   0.3855760495673968
17.1617   53.0502   0.38347263266105447
17.872   54.2798   0.3464650776052323
19.2936   54.2968   0.33756938546023346
0.122974   45.5067   0.26972798625467076
0.827941   46.7408   0.279364828487768
2.24794   46.7593   0.31274551459613326
2.95391   47.9928   0.31819097551627695
4.37416   48.0111   0.34898631778337685
5.081   49.244   0.3487559216701556
6.50152   49.2619   0.3753228142546092
7.20913   50.4942   0.368641476776556
8.62991   50.5119   0.38973992405192337
9.33819   51.7436   0.3763076508656177
10.7592   51.7609   0.39127843027695725
11.4681   52.992   0.3710767306097213
12.8892   53.0089   0.37940788078267385
13.5986   54.2395   0.35267884824582174
15.0199   54.2561   0.3541325599263643
15.7297   55.4862   0.32107701568315417
17.1512   55.5025   0.3156877888040652
-1.30771   47.9488   0.226246790032478
0.112205   47.9667   0.25585069865059923
0.81747   49.2007   0.26317834753071856
2.2376   49.2184   0.2921869197962147
2.94375   50.4518   0.2947477736981229
4.36412   50.4692   0.32088366988676725
5.07106   51.702   0.31756019020021997
6.49165   51.7191   0.3393702109791016
7.19929   52.9513   0.3297373585143178
8.62011   52.9681   0.3461637872452862
9.32835   54.1998   0.3300493158605241
10.7494   54.2162   0.3405647955969617
11.4581   55.4473   0.31801627316852865
12.8793   55.4633   0.3222344953601334
-2.02253   49.1754   0.20729459447848567
-1.31799   50.4098   0.21577105482432096
0.102059   50.4269   0.24142250039298305
0.807493   51.6608   0.24631955830587218
2.22775   51.6777   0.2706520046110864
2.93398   52.9109   0.27045683574278506
4.35445   52.9275   0.29164592848178045
5.0614   54.1602   0.2856364255482833
6.48206   54.1765   0.30241567816500525
7.18963   55.4087   0.2902447904786574
8.61049   55.4245   0.30192246753098734
-3.45258   51.6202   0.1774846990588207
-2.03257   51.6366   0.19859359606996416
-1.32788   52.8709   0.20524882460077465
0.0923018   52.8872   0.22661658266605245
0.797796   54.121   0.22910051275368165
2.21816   54.137   0.24852956544443527
2.92439   55.3702   0.24576887516526638
4.34494   55.386   0.26191802324391417
-4.16637   52.8475   0.1646507746717271
-3.46243   54.0823   0.17227436953882622
-2.0423   54.0979   0.18992866266048397
-1.33756   55.3322   0.19442584704714475
0.0827321   55.3476   0.21140201505853615
-5.59621   55.2948   0.14744470149856198
-4.17613   55.3098   0.16121663344704829
33.0063   28.7127   0.422662548612955
34.4274   28.7252   0.38207105360129145
28.7303   28.6716   0.5341013574219782
30.1517   28.6867   0.4966996376080802
30.8582   29.9182   0.49683748852114623
32.2796   29.9324   0.45723128720593786
32.9865   31.1636   0.4536494351368678
24.4528   28.6241   0.6251361051803024
25.8746   28.6421   0.596806283478985
26.5809   29.8738   0.5989971201934097
28.0026   29.8907   0.566110413258755
28.7096   31.1219   0.5640083510020039
30.1312   31.1378   0.5275676733841821
30.8388   32.3687   0.5212357048399512
32.2602   32.3837   0.48221402924427526
20.1743   28.5706   0.6794520586472591
21.5963   28.5911   0.6655113672958566
22.3022   29.8231   0.6709844931144081
23.7242   29.8427   0.6502930877688912
24.4311   31.0742   0.6511825166571962
25.853   31.0927   0.6245740308402188
26.5605   32.3237   0.6207511014891554
27.9824   32.3413   0.5891962236810419
28.6905   33.572   0.5805750511346494
30.1122   33.5886   0.5450719310329585
30.8207   34.819   0.5320438421784437
17.3182   28.5347   0.6879876888433398
18.0233   29.7674   0.6981463027188493
19.4453   29.789   0.6941207459801212
20.1515   31.021   0.6994173074781603
21.5736   31.0418   0.6877657231935888
22.2809   32.2731   0.6878849467752572
23.703   32.2931   0.6692537934147269
24.411   33.524   0.6641173842025212
25.833   33.543   0.639089023532716
26.5417   34.7735   0.6287365903142592
27.9636   34.7916   0.598397000326706
28.6727   36.0217   0.5831699409263141
30.0945   36.039   0.5485933010892498
19.4233   32.2399   0.7073511574882733
20.1308   33.4712   0.7074072448031615
21.553   33.4922   0.6976383733711892
22.2613   34.723   0.6919073131568994
23.6835   34.7432   0.6748040752692593
24.3925   35.9735   0.6632963967940736
25.8147   35.993   0.6395893917194072
26.5242   37.2229   0.6226400003212131
27.9462   37.2416   0.5934412607832379
28.656   38.4712   0.5716289793213768
21.5341   35.9424   0.6943844828335365
22.2434   37.1727   0.6825006520143401
23.6656   37.1931   0.666541829145027
24.3755   38.4229   0.6485854839572028
25.7977   38.4427   0.6260638785299777
26.5079   39.6721   0.6026778409731023
27.93   39.6912   0.5746335005897238
23.6492   39.6428   0.6448274885579859
24.3597   40.8722   0.6205794711396764
25.7819   40.8921   0.5990080133019914
26.4926   42.1211   0.5694214080977288
25.7671   43.3412   0.5591270517512087
-12.7378   67.5635   0.16980615418764922
-12.0376   68.8003   0.16549154056929696
-10.6175   68.8105   0.15326297661209762
-9.91682   70.0468   0.14595218258046247
-8.49663   70.0566   0.13530270544227865
-7.79554   71.2925   0.12561591300468383
-6.37525   71.3018   0.11644134188508691
-5.67373   72.5374   0.10487230139555531
-4.25335   72.5461   0.09671923490185273
-3.55141   73.7813   0.0838400864741923
-2.13094   73.7896   0.07635288141255578
-1.42854   75.0244   0.06271740109411311
-0.00799344   75.0322   0.055887619993952774
0.694861   76.2667   0.04238290279110125
2.11548   76.2739   0.036722664663666194
2.81876   77.508   0.02568583461754825
4.23946   77.5149   0.02437843514256697
4.94313   78.7487   0.023069549193691127
6.36389   78.7551   0.02984675694275412
-14.1701   70.019   0.18832562226101932
-12.7501   70.0291   0.1719624959111721
-12.0503   71.2659   0.162542179141294
-10.6302   71.2753   0.14816281584797267
-9.92996   72.5117   0.1367859948971404
-8.50978   72.5205   0.12439390057394131
-7.80912   73.7566   0.11166115528687685
-6.38884   73.7649   0.10098445424915521
-5.68777   75.0006   0.087440093778541
-4.26739   75.0084   0.07812987648780687
-3.56589   76.2438   0.06417748826496697
-2.14544   76.251   0.056067913283802215
-1.44346   77.486   0.042356246292608236
-0.0229415   77.4927   0.03560668583974144
0.679475   78.7274   0.02343193378703486
2.10007   78.7336   0.020254848802199025
2.8029   79.9679   0.016246565790963202
4.22356   79.9737   0.021953835655760635
4.92675   81.2077   0.027784997750577176
-14.8824   71.2481   0.19664925629149935
-14.1834   72.4853   0.18453360127629792
-12.7634   72.4945   0.16655119333105944
-12.064   73.7314   0.15279240818836248
-10.6439   73.7399   0.1371280788168496
-9.94409   74.9765   0.12251238141510369
-8.52391   74.9844   0.1091375737315067
-7.8237   76.2206   0.09412555232241528
-6.40343   76.228   0.08283058674185377
-5.7028   77.4638   0.06800413590363794
-4.28245   77.4706   0.058368399841011456
-3.58136   78.7061   0.04429392847784172
-2.16093   78.7124   0.03611346563264095
-1.45938   79.9475   0.023681427321848633
-0.0388898   79.9532   0.017835947412178327
0.663097   81.188   0.012235425452349858
2.08366   81.1933   0.015216491054117518
2.78603   82.4277   0.021357050358132942
4.20666   82.4326   0.02848776052974973
-16.3161   73.7051   0.21090986226348077
-14.8962   73.7142   0.18940269269469326
-14.1976   74.9515   0.1727662293389536
-12.7776   74.9599   0.1539758747336735
-12.0787   76.1968   0.13681187813928847
-10.6586   76.2045   0.12073814641611812
-9.95922   77.4412   0.10374650885692514
-8.53906   77.4482   0.0902982884666148
-7.83929   78.6845   0.07423401444082195
-6.41904   78.6909   0.06289626062016616
-5.71881   79.9269   0.048575064590797336
-4.29849   79.9327   0.03901259924690547
-3.5978   81.1683   0.027796267735074036
-2.17741   81.1736   0.019922459687497805
-1.47627   82.4089   0.016634124563677112
-0.0558239   82.4136   0.014352857868731495
0.645758   83.6486   0.02147782039686505
2.06627   83.6529   0.02457325578754203
-17.0287   74.9341   0.21595872290787385
-16.3309   76.1719   0.19594254259858823
-14.911   76.1802   0.1742436512473244
-14.2129   77.4176   0.15402415394995334
-12.7929   77.4251   0.1353334031198514
-12.0944   78.6622   0.11584066643454387
-10.6743   78.669   0.10024599742632971
-9.97541   79.9057   0.08256683595730288
-8.55526   79.9119   0.0697035300397325
-7.85589   81.1482   0.055164119679372355
-6.43566   81.1538   0.044693410028771294
-5.73582   82.3898   0.03580809964239023
-4.31553   82.3947   0.027440679656310408
-3.61521   83.6304   0.028156746971197483
-2.19486   83.6348   0.023181727718184195
-18.4639   77.3924   0.2213827003177961
-17.0441   77.4007   0.1970894213295046
-16.3468   78.6385   0.17335991462849276
-14.9269   78.646   0.15216721065985409
-14.2293   79.8834   0.1297655193030808
-12.8093   79.8902   0.11210994603512676
-12.1112   81.1273   0.09263881475926343
-10.6911   81.1333   0.07837690986508805
-9.99259   82.37   0.06393180820218172
-8.57247   82.3753   0.05282022434635312
-7.87345   83.6118   0.047079269323131744
-6.45326   83.6164   0.03899338533649252
-19.177   78.6213   0.2215182385267626
-18.4805   79.8595   0.194135056082096
-17.0607   79.8671   0.17077089916024785
-16.3639   81.1049   0.14517386128363766
-14.944   81.1116   0.12562463930296214
-14.2467   82.3491   0.10396513838783272
-12.8268   82.355   0.08848960390915954
-12.129   83.5921   0.07422971103271356
-10.709   83.5973   0.06316098479283812
-20.614   81.0803   0.21549619486199223
-19.1943   81.0881   0.1902462877430211
-18.4983   82.3263   0.16135674761224272
-17.0785   82.3332   0.14012740631297346
-16.382   83.571   0.11626198862912998
-14.9622   83.5769   0.09989699695185479
-21.3279   82.309   0.20994496897996803
-20.6326   83.5475   0.1777126894737699
-19.2129   83.5546   0.15509825917784636
17.8613   56.7321   0.27693185082254435
13.5885   56.6939   0.29348344075944005
15.0098   56.7096   0.2911339725968099
15.7193   57.9397   0.25666222939887323
17.1407   57.9551   0.24790857185664303
9.31859   56.6562   0.28355846592898526
10.7396   56.6717   0.28960279694781954
11.4482   57.9028   0.2651786190476144
12.8693   57.9179   0.2651870283403773
13.5783   59.1485   0.23509783070032783
14.9995   59.1633   0.2291410700856569
15.7088   60.3935   0.19413320169409418
5.0518   56.6187   0.2533485275268039
6.47253   56.634   0.2652918296894939
7.17994   57.8662   0.2508136896184094
8.60082   57.8811   0.2578647350841116
9.30872   59.1128   0.2375003387366005
10.7297   59.1274   0.23927714057134708
11.4381   60.3586   0.21350093676609466
12.8592   60.3727   0.2096777289079603
13.5679   61.6034   0.1791276918848684
14.9891   61.6172   0.16982373214601063
0.788202   56.5813   0.21119375600618476
2.20865   56.5965   0.22589874745115376
2.91479   57.8297   0.22050794634207546
4.33539   57.8445   0.23187914438344828
5.04209   59.0772   0.22087093538987784
6.46286   59.0917   0.22817219725461688
7.17006   60.3239   0.21171218292767197
8.59096   60.3379   0.2144570856838261
9.2986   61.5696   0.19266109337383006
10.7196   61.5832   0.1905224921105109
11.4277   62.8145   0.16419217399133212
12.8488   62.8277   0.15704219178297246
13.5571   64.0585   0.12726896715224825
-3.47214   56.5445   0.16702854277039025
-2.05192   56.5593   0.18096600260822465
-1.34721   57.7935   0.1828317283733861
0.0731602   57.8081   0.19546132080194184
0.778509   59.0418   0.1926036713694735
2.19903   59.056   0.20268933593062968
2.90497   60.2893   0.19476158656162118
4.32563   60.3032   0.2016811552922085
5.0321   61.5359   0.18845404851050532
6.45289   61.5494   0.19151845759612862
7.15982   62.7817   0.17342751338815854
8.58074   62.7947   0.17231567079055826
9.28808   64.0266   0.1498791916845009
10.7091   64.0392   0.14437291989843695
11.4168   65.2706   0.11865795379998688
12.8379   65.2828   0.10915168345014536
-6.30924   56.5227   0.14018806796585828
-5.60602   57.7579   0.14713335583748421
-4.18584   57.7721   0.15766282250422786
-3.48192   59.0068   0.16118785345056186
-2.06161   59.0207   0.17110331498834175
-1.35705   60.2549   0.17027428138153963
0.0633877   60.2686   0.1785203109444123
0.768537   61.5023   0.1729560945008871
2.18911   61.5157   0.1788714144294718
2.8948   62.7489   0.16849407259604166
4.31549   62.7619   0.17132351385609634
5.02166   63.9947   0.1563688808554948
6.44248   64.0072   0.15579237112259423
7.14909   65.2396   0.13674782228613344
8.57001   65.2517   0.13247322333211414
9.27701   66.4837   0.11027207262040556
10.698   66.4953   0.10246653112114347
11.4053   67.7269   0.07931223108701467
12.8264   67.7381   0.06954336776429171
-7.73924   58.9722   0.13477686893528865
-6.31911   58.9859   0.14178131611746306
-5.61597   60.221   0.14644058214852854
-4.19572   60.2344   0.15327096137233454
-3.49196   61.4691   0.15396925309944165
-2.0716   61.4821   0.1599198202225101
-1.36726   62.7164   0.15613286809637478
0.0532358   62.7291   0.16043972667341388
0.758118   63.963   0.15227862988942306
2.17872   63.9753   0.15433066577968227
2.8841   65.2087   0.14194199836552984
4.30482   65.2207   0.14133029257735266
5.01064   66.4536   0.12517776200268138
6.43147   66.4651   0.12153044885953407
7.13771   67.6977   0.10245624871133996
8.55862   67.7087   0.09598839304832878
9.26524   68.9409   0.07575225673206128
10.6862   68.9515   0.06746235987571247
11.3932   70.1833   0.0508635429359805
-8.45176   60.2006   0.13370797470607368
-7.7494   61.4362   0.13922928032565457
-6.32921   61.449   0.14256401509497327
-5.62625   62.6842   0.14417646860705097
-4.20595   62.6967   0.14719610762516722
-3.50242   63.9315   0.1447511744339233
-2.08201   63.9436   0.14688081052336288
-1.37798   65.178   0.14037162141971485
0.0425477   65.1897   0.14104551715559643
0.74708   66.4237   0.13060920062920545
2.16772   66.435   0.12937089355801737
2.87272   67.6685   0.11545307964710148
4.29345   67.6795   0.1120981378079036
4.9989   68.9126   0.09548431756052929
6.41972   68.9231   0.08990423182475912
7.12557   70.1557   0.0721162006764117
8.54647   70.1658   0.06499138404434385
9.25268   71.3981   0.049385479647358295
10.6737   71.4078   0.044428594395954396
-9.88223   62.6523   0.1404460469361798
-8.46211   62.6646   0.13956688038356288
-7.75995   63.9003   0.14170811691642712
-6.33971   63.9122   0.1411303652655944
-5.63702   65.1475   0.13932256960018907
-4.21668   65.1591   0.13872001477796922
-3.51347   66.3939   0.13308586739394893
-2.09303   66.4051   0.1318356784030789
-1.38936   67.6396   0.12266323858434416
0.0311825   67.6504   0.12042349477776229
0.735328   68.8844   0.10812946947525474
2.15596   68.8948   0.10441860418526865
2.86057   70.1284   0.08973831344526134
4.28131   70.1383   0.08449791772582085
4.98634   71.3715   0.06852475829946593
6.40716   71.381   0.06222762730491879
7.11257   72.6139   0.047578671692258004
8.53346   72.6229   0.042672320068164335
9.23923   73.8555   0.036704889320081834
-10.5944   63.8809   0.14535164257757638
-9.89308   65.1171   0.14722670409949234
-8.47293   65.1286   0.14259404791224603
-7.77105   66.3643   0.14069447608204005
-6.3508   66.3754   0.13665656259397116
-5.64844   67.6108   0.13121893194200152
-4.22808   67.6214   0.12743473976902736
-3.52527   68.8564   0.11883326512386906
-2.1048   68.8666   0.11479369494880762
-1.40154   70.1012   0.10353333810903657
0.0190171   70.111   0.09894755806365202
0.722744   71.3452   0.0855073970133574
2.14339   71.3545   0.08009213194814929
2.84757   72.5883   0.06548681164936795
4.2683   72.5972   0.05954132682431484
4.9729   73.8306   0.04558804667892299
6.3937   73.839   0.04067414903842556
7.09867   75.0721   0.032628153487435085
8.51954   75.0801   0.03431243069210013
-12.0257   66.3346   0.16132346388544938
-10.6056   66.3457   0.15207004964817766
-9.90455   67.582   0.14929637269538645
-8.48438   67.5926   0.14138987375339188
-7.78287   68.8284   0.13536984302273394
-6.3626   68.8386   0.12847366422734188
-5.66065   70.0741   0.11961574143899376
-4.24027   70.0838   0.11326840865837169
-3.53789   71.3189   0.1022610038088804
-2.11743   71.3281   0.09617515739524304
-1.41458   72.5628   0.08333648420709874
0.0059687   72.5716   0.07719074261179117
0.709273   73.8059   0.06338229665292999
2.12991   73.8142   0.05727864872707722
2.83365   75.0481   0.043663189301741366
4.25436   75.056   0.038581654967097354
4.9585   76.2896   0.029001110323577488
6.37929   76.297   0.02912391628885893
7.08379   77.5303   0.03080601240018679
2.76819   84.8876   0.031509592190313455
-1.49409   84.8701   0.031101569092249044
-0.0736916   84.874   0.029078968452303077
0.627464   86.1091   0.036718600531611544
2.04791   86.1125   0.036368427241223245
-5.75375   84.8525   0.04349071740039233
-4.3335   84.8566   0.03790406838322344
-3.63352   86.0923   0.04751210372105095
-2.21323   86.0958   0.042495963337709046
-1.51284   87.3313   0.0514156989644211
-0.0925107   87.3343   0.04627779532443162
0.608211   88.5695   0.05170291786737062
-10.0108   84.8341   0.0604676773160698
-8.59067   84.8386   0.05332225520362237
-7.89195   86.075   0.061518943423964065
-6.4718   86.0789   0.0560793411159605
-5.7726   87.315   0.06827409757733985
-4.3524   87.3182   0.06212816511052006
-3.65277   88.5541   0.07305579306256561
-2.23255   88.5568   0.06514935840052474
-1.53256   89.7924   0.07236105651522651
-0.112314   89.7946   0.06290337351843678
-14.2652   84.8144   0.08578175796753382
-12.8453   84.8195   0.07510026631111129
-12.1479   86.0567   0.07546780770633389
-10.7279   86.0611   0.06962722168807321
-10.0299   87.2979   0.08149165601459195
-8.60985   87.3016   0.07674625007125227
-7.9114   88.538   0.09209534461632715
-6.49129   88.5411   0.08578250171217726
-5.7924   89.7773   0.09962107658522744
-4.37227   89.7797   0.09051152633781284
-3.673   91.0157   0.1002386372612853
-2.25286   91.0176   0.08821252745500627
-1.55332   92.2533   0.0925138740946474
-18.5172   84.7927   0.12895495337519772
-17.0974   84.7989   0.11195476765193968
-16.4013   86.0366   0.0979982142694484
-14.9814   86.0419   0.08810663993139614
-14.2848   87.2793   0.09136596740581224
-12.8649   87.2837   0.08702585822616128
-12.1677   88.5208   0.10254350296337579
-10.7477   88.5245   0.09928126711520369
-10.05   89.7613   0.11810478398439632
-8.63   89.7642   0.11248968841631553
-7.93183   91.0008   0.1294880303348518
-6.51179   91.003   0.12032340129833571
-5.81323   92.2393   0.13306702972562293
-4.39319   92.241   0.12002722024607679
-3.69434   93.4771   0.12706341881123823
-2.27431   93.4782   0.11022670683641154
-22.7669   84.7683   0.19383505874841184
-21.3473   84.7758   0.17016480247101706
-20.6524   86.0142   0.14191000669438456
-19.2327   86.0206   0.12436092633942196
-18.5373   87.2587   0.11067276087637887
-17.1176   87.2642   0.10153723454970297
-16.4217   88.5019   0.10768523575682179
-15.0018   88.5064   0.10504879818446441
-14.3054   89.7438   0.124226647704908
-12.8855   89.7475   0.12259922511990047
-12.1886   90.9846   0.14507187873602626
-10.7686   90.9875   0.14081171826236305
-10.0712   92.2244   0.1613813805864846
-8.6512   92.2266   0.15308555255151107
-7.95336   93.4632   0.16917757416395035
-6.5334   93.4647   0.15623818355318866
-5.83526   94.7011   0.16638132978192036
-4.41531   94.702   0.14868570879543164
-3.71696   95.9383   0.15224073173760092
-23.4817   85.9965   0.18477375354740858
-22.7876   87.2352   0.15477322119798856
-21.368   87.2421   0.13690018261491455
-20.6734   88.4804   0.12343358538096488
-19.2537   88.4862   0.11513357459924595
-18.5586   89.7242   0.12374352508313426
-17.1388   89.7289   0.12296137604955254
-16.4432   90.9666   0.14564031035396754
-15.0233   90.9704   0.146092402266508
-14.3271   92.2078   0.172256146479599
-12.9072   92.2108   0.16989461439374748
-12.2105   93.448   0.1941158932184531
-10.7906   93.4502   0.18727279567518815
-10.0935   94.6871   0.20678534764339976
-8.67361   94.6885   0.19485138336691657
-7.97618   95.9252   0.20828803710247126
-6.55629   95.9261   0.19106215768697082
-5.85864   97.1626   0.19759891927842
-4.43882   97.1628   0.1752052422160942
-24.923   88.4556   0.1671611797039046
-23.5034   88.4629   0.14917352311989734
-22.8096   89.7016   0.13586467532069824
-21.39   89.7077   0.1283489384451673
-20.6956   90.946   0.1390879577821217
-19.276   90.9511   0.14018794527347656
-18.5811   92.1891   0.165957434301692
-17.1613   92.1931   0.168760599667101
-16.4659   93.4308   0.19830665646921963
-15.046   93.434   0.19845921495360577
-14.3501   94.6714   0.22604661023779954
-12.9302   94.6737   0.22146162195739458
-12.2338   95.9109   0.24435568337978403
-10.8139   95.9124   0.23430802376359328
-10.1172   97.1494   0.2509806964688727
-8.6974   97.1502   0.23516216213498073
-8.00043   98.387   0.2446792236786768
-6.58066   98.3871   0.22303262093245327
-5.8836   99.6239   0.22518618541109553
-25.6392   89.683   0.16102114767942932
-24.9461   90.922   0.14764030614976886
-23.5265   90.9287   0.14097290519813463
-22.833   92.1673   0.15299323514456833
-21.4133   92.1728   0.15596438696060927
-20.7192   93.411   0.1840415170552591
-19.2995   93.4155   0.1894919787220497
-18.6049   94.6534   0.22196794813666332
-17.1851   94.6568   0.22500719988480955
-16.4899   95.8945   0.255684532187613
-15.0701   95.897   0.2540553286195788
-14.3744   97.1345   0.28004801374050386
-12.9546   97.1361   0.27263152789066813
-12.2586   98.3734   0.29234517269830457
-10.8388   98.3742   0.2788015243860769
-10.1425   99.6114   0.29124815879246263
-8.72277   99.6114   0.271626765249673
-8.02638   100.848   0.2762877637536624
-6.60672   100.848   0.25054056138677294
-25.6635   92.1488   0.15258650005816224
-24.9707   93.3877   0.16496851214701555
-23.5511   93.3938   0.16967787127377432
-22.8578   94.6323   0.19901221068065325
-21.4382   94.6372   0.2072309098566169
-20.7442   95.8754   0.24182237282766017
-19.3245   95.8792   0.24821728384623246
-18.6301   97.1172   0.2814158666457836
-17.2103   97.1199   0.2833024708681528
-16.5154   98.3577   0.31196033401700146
-15.0956   98.3595   0.30807393593097127
-14.4003   99.5971   0.33029712381430176
-12.9806   99.598   0.32007025791222454
-12.285   100.835   0.3349153624425115
-10.8653   100.836   0.3184927628691137
-10.1696   102.073   0.3255953930878004
-8.74992   102.072   0.30239495713387976
-8.05417   103.31   0.30207152861532693
-27.109   94.607   0.17465411532512098
-25.6895   94.6138   0.18058222503889745
-24.9968   95.8527   0.21045545847043148
-23.5773   95.8581   0.22099407231868537
-22.8841   97.0967   0.25700128404348366
-21.4645   97.1009   0.26670624289656314
-20.7708   98.3392   0.3018070410046771
-19.3511   98.3423   0.3076032184487025
-18.6569   99.5804   0.33831005010197507
-17.2372   99.5825   0.3384830571830724
-16.5426   100.82   0.3626480387372856
-15.1229   100.821   0.3565916011349666
-14.4281   102.059   0.3736780566209375
-13.0083   102.06   0.36111041247795544
-12.3133   103.297   0.3703173503901764
-10.8936   103.297   0.35090198061566996
-10.1985   104.534   0.3524220764935162
-8.77895   104.533   0.3263819120294494
-27.8285   95.8327   0.1886819811216753
-27.1366   97.0718   0.2177518312207693
-25.7171   97.0781   0.2304767667249797
-25.0247   98.317   0.26663868811557695
-23.6051   98.3218   0.27960506075534436
-22.9122   99.5604   0.3156325236727081
-21.4926   99.564   0.325495775702233
-20.7992   100.802   0.35759581932679346
-19.3795   100.805   0.3622972536467862
-18.6856   102.043   0.38851111953199263
-17.2659   102.044   0.386639017689627
-16.5718   103.283   0.4057817886500066
-15.1521   103.283   0.3974267479674729
-14.4577   104.521   0.4086175473471501
-13.038   104.521   0.39363579613648214
-12.3435   105.758   0.39692514407630897
-10.9239   105.757   0.3751600325194579
-10.2293   106.995   0.3713758338933763
-29.2772   98.2896   0.2209804063712367
-27.8578   98.2967   0.23508828129024734
-27.166   99.536   0.27062930366092663
-25.7466   99.5416   0.2863531211633683
-25.0544   100.781   0.3227309250753674
-23.6348   100.785   0.3364522848785543
-22.9421   102.024   0.36929952613021433
-21.5225   102.026   0.37796536878396403
-20.8294   103.265   0.4056011094659406
-19.4097   103.267   0.40893256167734776
-18.7163   104.505   0.42924820325774315
-17.2966   104.506   0.42600295773620933
-16.6028   105.744   0.4387929466160575
-15.1831   105.744   0.4286495071733998
-14.4891   106.982   0.43365208404895433
-13.0695   106.981   0.4168127877116982
-12.3754   108.219   0.41455534009345446
-10.9558   108.217   0.39108855774619483
-29.9994   99.5138   0.23512762491890146
-29.3084   100.753   0.268343697522411
-27.889   100.76   0.2869015510589009
-27.1974   101.999   0.32185537124615166
-25.778   102.004   0.33911744278347566
-25.086   103.243   0.37170365884666584
-23.6665   103.247   0.3857123928524995
-22.9741   104.486   0.4131790531960706
-21.5544   104.488   0.4218182665556346
-20.8616   105.727   0.4428216458123983
-19.4419   105.728   0.44507685853119666
-18.7488   106.967   0.45910662160330296
-17.3291   106.967   0.45454931525633296
-16.6356   108.205   0.4609019418488056
-15.2159   108.205   0.4497213025863925
-14.5222   109.443   0.44883629532380753
-13.1026   109.441   0.4306428915006045
-12.4086   110.679   0.42300502361083486
-31.4518   101.969   0.2617553246831774
-30.0324   101.977   0.2811812404837874
-29.3416   103.216   0.3140762964631347
-27.9222   103.222   0.3342098143382364
-27.2309   104.462   0.3660297392289358
-25.8114   104.466   0.383698345057675
-25.1196   105.706   0.4110368353323131
-23.7001   105.709   0.4247472778017541
-23.0079   106.948   0.445754293305177
-21.5882   106.949   0.453776211364148
-20.8956   108.188   0.46800408117878733
-19.4759   108.189   0.46999382974672976
-18.7829   109.427   0.47670616736098703
-17.3631   109.427   0.4716213099511077
-16.6698   110.665   0.47160115563895944
-15.2501   110.665   0.4601079003885951
-14.5563   111.902   0.453256902870769
-13.1366   111.901   0.43524108261973454
-32.1771   103.191   0.26878550928203315
-31.4869   104.431   0.2998410412201748
-30.0675   104.439   0.3221311689358845
-29.3768   105.679   0.3521673607817752
-27.9574   105.684   0.37277790975324654
-27.2662   106.924   0.3987425359803007
-25.8467   106.928   0.4170974226724487
-25.155   108.167   0.43733036711392204
-23.7354   108.169   0.45091286297909233
-23.0432   109.408   0.46494680340873307
-21.6236   109.41   0.4732180892569515
-20.9309   110.649   0.48046332846534723
-19.5112   110.649   0.4820806364084753
-18.818   111.887   0.48228847176767387
-17.3983   111.887   0.4775970686677215
-33.6334   105.644   0.27883014542908513
-32.214   105.653   0.3023465230493001
-31.5238   106.893   0.32940693678185057
-30.1045   106.9   0.35305700672837603
-29.4138   108.14   0.3772590091700961
-27.9943   108.145   0.39899685462419177
-27.3031   109.384   0.4181014709373828
-25.8835   109.388   0.43663939355033216
-25.1917   110.627   0.4498180187586954
-23.7721   110.63   0.464109308245373
-23.0797   111.868   0.4707309635025075
-21.66   111.87   0.4793608348624233
-34.3618   106.865   0.2768458415797521
-33.6719   108.105   0.29951210326128946
-32.2526   108.114   0.3257929557249588
-31.5623   109.354   0.3465290752592055
-30.1429   109.36   0.37111426811697895
-29.452   110.6   0.3884498680653612
-28.0325   110.605   0.41116061338606263
-27.341   111.844   0.4231532228401395
-25.9214   111.848   0.44236054299632316
-35.8211   109.315   0.26416489168699364
-34.4018   109.325   0.2906399318744768
-33.7118   110.565   0.30763915550527926
-32.2924   110.574   0.3354630382024203
-31.6018   111.813   0.3490133665062169
-30.1823   111.82   0.3756815273606059
-36.5518   110.534   0.2508366998666732
-35.862   111.774   0.26368285875270503
-34.4426   111.784   0.291432702351681
39.4711   22.6333   0.1679772305998653
40.8919   22.6407   0.148404952747539
41.5956   23.8735   0.15015119047147263
43.0165   23.8806   0.13344995316597272
43.7206   25.1133   0.1331036813916142
45.1416   25.1201   0.11899773107080805
45.846   26.3526   0.11680607860894948
47.267   26.3592   0.1047971850766983
47.9716   27.5918   0.10149428555342382
49.3926   27.5983   0.0912809947360348
38.7443   23.8531   0.1952500704225215
39.4485   25.0857   0.2015858129928754
40.8694   25.0939   0.17301390117559834
41.5741   26.3263   0.17706956260181958
42.9951   26.3342   0.15154725335683228
43.7001   27.5665   0.1535835928737179
45.1211   27.5741   0.13120506849965832
37.3013   26.2963   0.26967276466117357
38.7223   26.3059   0.2340893205594843
39.4275   27.538   0.23811127650743388
40.8485   27.547   0.2049132987387591
36.5749   27.5163   0.3060067482916026
73.8417   0.638292   0.1882132042365774
75.2611   0.635639   0.22835430134770904
75.9554   1.87353   0.24699506796695378
69.5812   0.628595   0.05877290273587002
71.0004   0.625607   0.10370319202416194
71.6949   1.86319   0.12491975984606998
73.1142   1.86043   0.16784522155843495
73.8087   3.09817   0.18671127443194208
75.2281   3.09579   0.2262001125110244
65.321   0.619416   0.08796830616193578
66.7401   0.616335   0.04725096401133166
67.4347   1.85372   0.027341697094362735
68.8539   1.85075   0.0427681762529105
69.5485   3.0882   0.060496053590296854
70.9678   3.08545   0.10367382311847215
71.6625   4.323   0.12277640489931263
73.0818   4.32059   0.16414557593794646
73.7767   5.55827   0.18047697941842797
61.0606   0.610116   0.22171393253695076
62.4798   0.607176   0.17965819916998071
63.1744   1.84449   0.15507725300636363
64.5936   1.84152   0.1121674266442811
65.2884   3.0788   0.0877317867138275
66.7075   3.07592   0.049683071563665075
67.4025   4.31322   0.03320259176630193
68.8217   4.31056   0.04574881528520005
69.5168   5.54789   0.06115351584332436
70.9361   5.54556   0.10099417012877494
71.6313   6.78298   0.11783409905456199
73.0507   6.78108   0.15668378378121706
56.7998   0.600089   0.33704773914684666
58.2191   0.597512   0.302439530023774
58.9137   1.83486   0.28031995094891277
60.333   1.83212   0.2419247860389685
61.0278   3.06935   0.21766293322474478
62.447   3.06659   0.17701735084448755
63.1421   4.30373   0.15222618992801573
64.5613   4.30105   0.11154752350455642
65.2566   5.53816   0.08810688111606184
66.6759   5.53566   0.053773340048763885
67.3714   6.77277   0.0397414456204092
68.7907   6.77058   0.04856898598900404
69.4865   8.00773   0.06113051611101569
70.9058   8.00595   0.09662464695925273
71.6018   9.24318   0.11127047047622306
52.5382   0.58864   0.4225958012391978
53.9578   0.586688   0.3986315766230764
54.6522   1.82417   0.38089030454974815
56.0718   1.82193   0.35166987488268214
56.7665   3.05921   0.3300581609353122
58.1859   3.05679   0.2966236814551385
58.881   4.2939   0.2725429478082305
60.3004   4.29142   0.23597699040372452
60.9957   5.5284   0.21070422895613589
62.4151   5.526   0.17261127686220254
63.1108   6.76289   0.1478036873694305
64.5302   6.76068   0.11039169171636332
65.2262   7.99752   0.08784776832680137
66.6456   7.99557   0.05769867329497581
67.3419   9.23242   0.04520692535442415
68.7613   9.23084   0.05114004399684429
69.4578   10.4677   0.06109255273762911
70.8773   10.4666   0.09154354155263779
51.8097   1.81021   0.43046206209142485
52.5043   3.04765   0.4133304466162645
53.924   3.04584   0.39037773053800295
54.6189   4.28302   0.369078946703819
56.0385   4.28103   0.34140285236066664
56.7339   5.51797   0.31731118811034714
58.1535   5.51591   0.28594740792670326
58.8493   6.75267   0.260279887813099
60.2688   6.75067   0.22658397030681468
60.965   7.9873   0.20062092213924265
62.3845   7.98545   0.16591153938168487
63.0811   9.22201   0.14111010913467656
64.5006   9.22039   0.10765772429323944
65.1975   10.4569   0.08605585395544116
66.617   10.4556   0.06036381366348278
67.3141   11.6922   0.048951506616241626
68.7337   11.6913   0.05310395465500037
69.431   12.928   0.06076956475078675
50.3559   4.27035   0.43267900619281446
51.7757   4.26911   0.416654268668881
52.471   5.50613   0.39545424514095384
53.8908   5.50469   0.3744109935618867
54.5866   6.74143   0.3501047930263172
56.0064   6.7399   0.3248580742416606
56.7027   7.97642   0.29864687324664885
58.1224   7.9749   0.27045715390797204
58.8191   9.21125   0.24358174007917854
60.2388   9.20985   0.2134008962024302
60.9359   10.4461   0.18703074613549592
62.3556   10.4449   0.1562883872845326
63.0531   11.6811   0.1317286605109162
64.4727   11.6802   0.1027098339984991
65.1705   12.9164   0.0818763091498376
66.5902   12.9158   0.060879224699398146
67.2881   14.1521   0.05048999900970799
68.7078   14.152   0.05432006995576616
49.6271   5.49156   0.42921580364660306
50.3228   6.7284   0.4079321517115325
51.7428   6.72761   0.39406574641803305
52.439   7.96412   0.36945995723488234
53.859   7.96321   0.3510853280899094
54.5558   9.19946   0.3242536027556208
55.9757   9.19853   0.302310703746988
56.673   10.4346   0.2745678968852715
58.0929   10.4337   0.2499913198493118
58.7906   11.6696   0.22247467271579557
60.2105   11.6689   0.19627085876410755
60.9086   12.9048   0.16989273086274403
62.3284   12.9043   0.14353079808877087
63.0268   14.1402   0.11938500743393117
64.4466   14.14   0.09508969449945595
65.1452   15.3759   0.07540165780670292
66.565   15.3761   0.05923217031310562
67.2637   16.6122   0.05008602599527871
48.1743   7.94961   0.40573987738451417
49.5944   7.94961   0.39932985225249684
50.2912   9.18587   0.3744673331547104
51.7113   9.18568   0.36329239587417644
52.4087   10.4216   0.33604782397748184
53.8288   10.4214   0.320911529864542
54.5267   11.6571   0.2925228709007205
55.9468   11.6569   0.27421086776420817
56.6451   12.8925   0.2457256396878464
58.0652   12.8924   0.22513049549094766
58.7639   14.1279   0.1975630279176769
60.1839   14.1279   0.1756875920490686
60.8829   15.3634   0.14971803498576927
62.303   15.3637   0.1278172914749802
63.0022   16.5993   0.1046896365453612
64.4222   16.5999   0.08499058771416597
65.1215   17.8355   0.06696842539585816
66.5415   17.8366   0.055428241898873215
47.4457   9.17051   0.38960004889629973
48.1431   10.4065   0.36474025004103905
49.5634   10.4072   0.3609120252914823
50.2613   11.6428   0.3335553027610261
51.6816   11.6433   0.32547343977657994
52.3801   12.8787   0.2967329102071444
53.8004   12.8792   0.2851113642070414
54.4994   14.1144   0.25605848941208653
55.9196   14.115   0.24173574415050628
56.619   15.3501   0.21335383755629883
58.0392   15.3508   0.19696327068771022
58.7389   16.5859   0.16994849219689956
60.1591   16.5868   0.1523269181727244
60.8589   17.822   0.1275059998588301
62.2791   17.8231   0.10996622208660212
62.9791   19.0584   0.08834234545222328
64.3992   19.0598   0.07331582366720672
65.0992   20.2952   0.05729973821929917
45.9948   11.6258   0.3405441234260254
47.4151   11.6274   0.3439463330230466
48.1137   12.8628   0.31681759736479337
49.5341   12.8642   0.3158621534783814
50.2333   14.0992   0.2872485335036547
51.6537   14.1005   0.2825078759964034
52.3533   15.3354   0.2535090925391032
53.7737   15.3367   0.24556787249149678
54.4738   16.5715   0.21704151676580338
55.8942   16.5729   0.20652639056546873
56.5945   17.8076   0.17913104141940325
58.0148   17.8091   0.16674633429254423
58.7154   19.0439   0.1412177396788376
60.1357   19.0456   0.12767948151523795
60.8363   20.2805   0.10453731391230499
62.2566   20.2825   0.09109220603322885
62.9573   21.5175   0.07149363608042666
64.3775   21.5198   0.060854827253062044
45.2667   12.8463   0.31334930987637477
45.9659   14.0814   0.2869785009369184
47.3864   14.0837   0.29263432812983486
48.0862   15.3185   0.26483751622457286
49.5067   15.3207   0.2666568206515637
50.207   16.5552   0.23834357553749802
51.6275   16.5573   0.23675559127505336
52.3282   17.7917   0.20877095104444035
53.7487   17.7939   0.20428932913884673
54.4497   19.0282   0.17734810402144144
55.8702   19.0305   0.17046492307803354
56.5714   20.2649   0.1450118271038639
57.9919   20.2673   0.1362859493858421
58.6932   21.5017   0.11270430337835659
60.1137   21.5043   0.10284794601741036
60.815   22.7389   0.082004024291497
62.2354   22.7418   0.07238383797506114
62.9366   23.9766   0.05560530550226294
43.8178   15.2985   0.24677120982805237
45.2384   15.302   0.2577235340437502
45.9388   16.5364   0.23175707108953558
47.3594   16.5395   0.239040707830278
48.0603   17.7737   0.21237189079537006
49.481   17.7768   0.21642056279383612
50.1823   19.0108   0.18991895639982895
51.6029   19.0138   0.19091424776584892
52.3046   20.2478   0.1653613316346975
53.7252   20.2508   0.16366997281114085
54.4271   21.4848   0.13934790992332713
55.8477   21.4879   0.13538245824330275
56.5497   22.7219   0.11270159714928774
57.9703   22.7252   0.10687403800736482
58.6723   23.9594   0.086363244496718
60.0928   23.9629   0.07945325669851656
60.7948   25.1973   0.06167373833326065
62.2153   25.2011   0.05516321237926582
43.0902   16.5186   0.21512496368390052
43.7912   17.7527   0.1926421812584136
45.2118   17.757   0.20318181513117867
45.9134   18.9909   0.17984023465287197
47.3341   18.9949   0.18741163250983384
48.036   20.2286   0.16407537901830338
49.4568   20.2325   0.1688857898107489
50.159   21.4661   0.14602016983965038
51.5798   21.4699   0.148313654125302
52.2823   22.7036   0.12645837259747178
53.7031   22.7075   0.12635640070847148
54.4057   23.9411   0.10582329611195934
55.8264   23.9451   0.10365157982394893
56.5291   25.1789   0.08475311203725495
57.9498   25.1831   0.08076255320381828
58.6525   26.417   0.0639473220705905
60.0731   26.4215   0.05903947831748364
60.7756   27.6556   0.04569485747871431
41.6434   18.9675   0.15884848126438134
43.0641   18.973   0.16661662582107323
43.7661   20.2065   0.14957653559298373
45.1869   20.2116   0.15606838244820712
45.8894   21.445   0.13840191472664018
47.3103   21.4499   0.1432971039484035
48.0132   22.6832   0.12553457691010952
49.434   22.6879   0.12868461446497848
50.1372   23.9212   0.11133108281158298
51.558   23.9259   0.11268225237365331
52.2613   25.1592   0.09598890560892862
53.6822   25.164   0.09555218469506699
54.3856   26.3973   0.07984553838506366
55.8064   26.4023   0.0776864209498714
56.5097   27.6358   0.06364385280606231
57.9305   27.6409   0.05997582846447127
40.9161   20.1874   0.14656878931068776
41.6187   21.4207   0.1401088505412893
43.0395   21.4269   0.13654226451908844
43.7426   22.66   0.1283015588369806
45.1635   22.6659   0.1255417858722773
45.867   23.8989   0.11621953364215444
47.2879   23.9046   0.11388862981000228
47.9917   25.1375   0.10378448824366578
49.4126   25.1431   0.10142233481832454
50.1166   26.3761   0.09109280981504482
51.5375   26.3817   0.08828618238433104
52.2416   27.6147   0.07807124950966376
53.6625   27.6204   0.07454515410139052
25.7532   45.7902   0.507493704394449
26.4646   47.0185   0.46691639508588634
24.3179   48.2195   0.46634108761720705
25.74   48.2389   0.44561261202977587
26.4516   49.4671   0.40047219628833214
27.8736   49.4863   0.375216071084382
28.5853   50.7141   0.32633456758363727
23.5939   49.4402   0.4410353047092719
24.3053   50.6686   0.3964855608972403
25.7273   50.6876   0.3753418308688769
26.4389   51.9155   0.32659813226655166
27.8609   51.9345   0.3010817995163437
28.5727   53.1621   0.24903415428410577
29.9946   53.181   0.22070799713648828
30.7064   54.4084   0.16684286020084915
22.1599   51.871   0.3855107910292522
23.5818   51.8895   0.3685177471981508
24.2932   53.1177   0.32090197880349647
25.7151   53.1362   0.2988614729268383
26.4266   54.3641   0.24754300636455068
27.8485   54.3825   0.22158686784193649
28.5602   55.6101   0.16778977918812596
29.9821   55.6287   0.13931166498179434
21.4372   53.0925   0.3555479855096917
22.1482   54.3211   0.3101054981776366
23.57   54.3389   0.29155119619030895
24.2813   55.5671   0.24197196118558714
25.7031   55.5849   0.21873040483663966
20.0042   55.5259   0.29514237242388563
21.4259   55.5428   0.2800327302298783
50.0973   28.8309   0.08708099677886258
51.5183   28.8374   0.07816297077260806
52.223   30.0701   0.07369843960356653
53.644   30.0767   0.0655637857357236
54.3488   31.3095   0.06142898338732315
55.7697   31.3163   0.053791727988604585
56.4743   32.5494   0.05127153206215246
57.8952   32.5564   0.04411110971172195
45.8263   28.8063   0.13148285059276504
47.2474   28.8138   0.11234909879478581
47.9527   30.046   0.11133674146480231
49.3738   30.0534   0.09511829477024526
50.0792   31.2856   0.09335941302300353
51.5003   31.293   0.07964960765753785
52.2057   32.5254   0.07784824981975613
53.6268   32.533   0.06622756223808487
54.3321   33.7656   0.06499476902028527
55.7531   33.7733   0.05508148509254159
56.4582   35.0061   0.05529484605277374
41.5541   28.779   0.20681104902785086
42.9751   28.7877   0.17668163458605732
43.6809   30.0196   0.17678274802706115
45.102   30.0281   0.1499821989437426
45.808   31.2599   0.14870433752920606
47.2291   31.2682   0.12563108691721006
47.9352   32.5001   0.12352934873947889
49.3563   32.5084   0.10412559723718631
50.0624   33.7403   0.1017959232975485
51.4835   33.7487   0.08574065546752002
52.1896   34.9808   0.08366606241481699
53.6107   34.9893   0.07043095910180273
54.3166   36.2216   0.06942254676976602
55.7376   36.2303   0.05886306142225572
37.2807   28.7481   0.30804183157486886
38.7018   28.7585   0.27011573445469705
39.4079   29.9902   0.2697359634902251
40.829   30.0001   0.23413624238891226
41.5354   31.2316   0.23172365006619508
42.9565   31.2412   0.1992167914609604
43.6632   32.4727   0.1954303200631877
45.0843   32.482   0.1665589685366712
45.791   33.7135   0.16203274360449466
47.2122   33.7226   0.13709529532408965
47.9189   34.9542   0.13242767837578395
49.3401   34.9634   0.11163520949951111
50.0468   36.195   0.10718236795294346
51.468   36.2042   0.09026632816283019
52.1746   37.4361   0.08670432515163426
53.5957   37.4455   0.07332912109114631
54.3021   38.6776   0.07127418887647721
35.1338   29.9567   0.38128027748626037
36.5549   29.9686   0.34090381341369275
37.2617   31.1999   0.3373328623185111
38.6828   31.2111   0.2982823662236833
39.3898   32.4423   0.29244548209880095
40.811   32.4531   0.25574477511769306
41.5182   33.6842   0.24827861365812187
42.9393   33.6946   0.21486007074372793
43.6467   34.9257   0.2064994430985198
45.0678   34.9358   0.17694383289620558
45.7752   36.167   0.1684919582650758
47.1964   36.177   0.14309671554581746
47.9038   37.4083   0.13504862087411124
49.325   37.4183   0.11416260333401643
50.0323   38.6497   0.10701070039954128
51.4535   38.6598   0.09049646401931988
52.1606   39.8914   0.08480448101368028
53.5817   39.9017   0.07236781052373854
34.4078   31.177   0.41293105962133575
35.1151   32.408   0.4059481370815746
36.5364   32.4207   0.3652130474120531
37.244   33.6515   0.35557909106132735
38.6652   33.6636   0.31621748844742875
39.373   34.8943   0.3046371284003311
40.7942   34.9059   0.26778715428489286
41.5021   36.1366   0.25504389818225326
42.9233   36.1479   0.2216129508850963
43.6313   37.3786   0.20854958642970087
45.0525   37.3896   0.17921367135350066
45.7605   38.6204   0.16652486300850078
47.1818   38.6313   0.1417866354773951
47.8897   39.8622   0.13018483014545282
49.3109   39.8731   0.11009922797186267
50.0187   41.1043   0.10017200207642932
51.4399   41.1153   0.08491536963353433
52.1475   42.3466   0.07720427449306139
32.9682   33.6144   0.4720071609626268
34.3896   33.6286   0.43148330211029007
35.0978   34.8591   0.4180831137465351
36.5191   34.8725   0.377610142872249
37.2275   36.1029   0.36182121275569235
38.6488   36.1158   0.32272373634426
39.3573   37.3462   0.30552481077647325
40.7785   37.3586   0.26916487512303616
41.4871   38.5889   0.25130194985316073
42.9084   38.601   0.2184318886975983
43.617   39.8313   0.2008073952821458
45.0383   39.8432   0.17240023201840537
45.7468   41.0737   0.1558248696453819
47.1681   41.0854   0.1321575196498486
47.8765   42.3161   0.11721032377738767
49.2978   42.3278   0.09879676108051207
50.006   43.5587   0.08624621730835491
51.4273   43.5706   0.07310499298953504
32.2423   34.8347   0.49368318788470067
32.9511   36.0649   0.47696722109595857
34.3726   36.0798   0.43709845572822614
35.0815   37.3099   0.4173407480704454
36.5029   37.3241   0.37756813954569884
37.212   38.5541   0.3558868640453024
38.6334   38.5678   0.3176894552861307
39.3425   39.7977   0.29489840623509594
40.7639   39.811   0.259531616571084
41.4731   41.0409   0.23673326762413494
42.8944   41.0538   0.20518628121782514
43.6035   42.2838   0.18313312098033963
45.0249   42.2965   0.1562645833194461
45.7339   43.5267   0.1358477824625765
47.1552   43.5393   0.11419395780863266
47.8641   44.7697   0.09626951750164647
49.2854   44.7824   0.08027913801231353
49.994   46.013   0.06577598345900867
51.4153   46.0258   0.05576244255768958
30.8038   37.2689   0.5290232887123214
32.2255   37.2853   0.4915694660981288
32.935   38.515   0.46840550808033726
34.3566   38.5307   0.4295942620659645
35.0663   39.7603   0.403738591170079
36.4878   39.7754   0.3651414657362254
37.1975   41.0049   0.3376979419540489
38.619   41.0194   0.3007499958437234
39.3287   42.2489   0.27283462023724164
40.7501   42.263   0.2389752497644872
41.4598   43.4925   0.21137996593811662
42.8812   43.5063   0.18156838931928715
43.5908   44.736   0.1554429477332432
45.0122   44.7496   0.130632538060011
45.7216   45.9795   0.1068079585049723
47.143   45.993   0.08791780252030919
47.8522   47.2231   0.06775758260150855
49.2736   47.2366   0.05535106141710551
49.9826   48.4671   0.04221350494805987
30.078   38.4891   0.53828237942552
30.788   39.7184   0.512206071810945
32.2098   39.7356   0.4760262282689874
32.9199   40.9648   0.4465944357020135
34.3416   40.9812   0.40912768178161724
35.0518   42.2103   0.377509019759792
36.4734   42.2262   0.3402798407193691
37.1837   43.4552   0.30744101873367347
38.6052   43.4706   0.2722392697609944
39.3154   44.6997   0.23935968749979514
40.737   44.7146   0.2073218994703642
41.4471   45.9438   0.17527832153463943
42.8686   45.9584   0.1478132267423976
43.5786   47.1878   0.11782313015702821
45.0   47.2023   0.09592210381345788
45.7098   48.4319   0.06958749887731222
47.1313   48.4462   0.05469634357066303
47.8408   49.6761   0.037163557418521856
49.2623   49.6906   0.032682411171764514
28.6404   40.9203   0.5464261798266982
30.0624   40.9387   0.5142492294598018
30.773   42.1676   0.48216522064537226
32.1949   42.1853   0.44724526828128564
32.9056   43.4141   0.4120981800493658
34.3273   43.4312   0.3760354238632312
35.0381   44.6599   0.33890089996929745
36.4597   44.6764   0.3034608047178421
37.1704   45.9051   0.2655727960465828
38.5921   45.9212   0.2322578093412572
39.3027   47.1499   0.19473687375533105
40.7243   47.1657   0.16495023491950625
41.4348   48.3946   0.1289178420545407
42.8564   48.4101   0.10413054306974365
43.5667   49.6391   0.07149916083423612
44.9883   49.6545   0.05385396921305073
45.6984   50.8838   0.031896081264003305
47.1199   50.8991   0.029168990383622563
47.8297   52.1288   0.04064308059190808
27.9148   42.1405   0.542456680298067
28.6257   43.3692   0.5082216150460344
30.0477   43.3879   0.477316771127938
30.7588   44.6164   0.4393282485795785
32.1807   44.6346   0.405787000777501
32.8919   45.863   0.36522510866587443
34.3137   45.8807   0.3307349089527752
35.0248   47.109   0.28860197504521645
36.4465   47.1262   0.25497091991048604
37.1576   48.3545   0.2124829640230011
38.5793   48.3713   0.18123269572568637
39.2903   49.5997   0.1396277193110297
40.712   49.6163   0.11237557563812502
41.4228   50.8448   0.07351319609430558
42.8444   50.8611   0.05265140074110133
43.5551   52.09   0.02620400732713242
44.9767   52.1062   0.026755933921281408
45.6871   53.3353   0.049063632152541094
47.1087   53.3515   0.05910837504110502
26.4783   44.5699   0.5237342169459619
27.9004   44.5894   0.4976409448588405
28.6117   45.8177   0.4578913080633873
30.0338   45.8367   0.42796754549848703
30.7452   47.0649   0.38476508417474575
32.1671   47.0834   0.35260847976190246
32.8786   48.3114   0.3070201622043735
34.3004   48.3296   0.2742101566317328
35.0118   49.5575   0.22757603125109485
36.4337   49.5753   0.19580523486362653
37.145   50.8033   0.14936863793982857
38.5668   50.8208   0.12029933499400441
39.278   52.0489   0.07566584434208036
40.6998   52.0662   0.05175606244682901
41.4109   53.2945   0.019719279905717542
42.8327   53.3117   0.025467822835887208
43.5435   54.5403   0.05819802402144124
44.9653   54.5573   0.07216993834000267
45.6758   55.7863   0.10623398702863472
27.8867   47.038   0.4413980289942392
28.5983   48.266   0.39665956436218675
30.0203   48.2851   0.3675944096419309
30.732   49.513   0.3198039712073629
32.1539   49.5318   0.28868891561679166
32.8656   50.7595   0.2390132632303065
34.2875   50.778   0.2075350813718007
34.9991   52.0056   0.157417819829903
36.421   52.0239   0.12728087051870743
37.1326   53.2516   0.07813379550489065
38.5544   53.2698   0.05135455189172455
39.2659   54.4976   0.013245754036671218
40.6878   54.5156   0.02504835323928669
41.3991   55.7437   0.0668757803692789
42.8209   55.7616   0.08432544100092257
30.0073   50.7332   0.2977100267038371
30.7191   51.9608   0.24627740456647584
32.141   51.9797   0.21605483100361308
32.8528   53.2072   0.1633039191201479
34.2748   53.2259   0.1329150856750286
34.9866   54.4534   0.08057102456838862
36.4085   54.472   0.051775476820594926
37.1202   55.6996   0.009450396817064322
38.5421   55.7182   0.025927012940175433
32.1284   54.4273   0.1369918245735857
32.8402   55.6546   0.0830174078130599
34.2622   55.6735   0.053229127364629855
58.6338   28.8746   0.04828933629695327
60.0545   28.88   0.0439932949436666
54.3666   28.8535   0.06483463580525738
55.7875   28.8593   0.06051421320648447
56.4915   30.0926   0.05234424514691038
57.9123   30.0987   0.047390505378183324
58.6161   31.3322   0.04219134982434235
7.06789   79.9886   0.036790890176773054
8.48872   79.9946   0.04657134741447329
9.19298   81.2279   0.054473598192146595
10.6139   81.2336   0.06538577827020706
11.3183   82.4667   0.07201534558689465
12.7393   82.4721   0.08397315047085706
13.4438   83.705   0.08876311170751512
14.8649   83.7103   0.10157785191663972
6.34748   81.2131   0.03652437542245216
7.05097   82.4469   0.04329576076245616
8.47177   82.4519   0.052723297506896645
9.17548   83.6855   0.058260213696824395
10.5963   83.6902   0.06817917570636012
4.90936   83.6668   0.035029364824388724
6.33005   83.6712   0.04292276319157984
30.6939   56.856   0.08528428929175592
32.1158   56.8747   0.05592593316163823
32.8277   58.102   0.021317129262641277
26.4145   56.8127   0.16640985547737247
27.8364   56.8306   0.1397416902717294
28.5479   58.0582   0.08727748850648745
29.9698   58.0763   0.05932335122023989
30.6815   59.3038   0.029663951186582643
32.1034   59.3221   0.03877112327493325
32.8151   60.5495   0.08999827776129903
34.237   60.5681   0.11465958311454047
34.9488   61.7956   0.16690958630348385
22.1368   56.7715   0.23306522692156265
23.5585   56.7884   0.2127370677620608
24.2695   58.0167   0.1629321944859263
25.6913   58.0337   0.138539236319535
26.4025   59.2617   0.08883479048210864
27.8243   59.2789   0.0629741216691414
28.5356   60.5066   0.0372840448449512
29.9575   60.5242   0.04399022618718926
30.6689   61.7518   0.0917102502449952
32.0908   61.7697   0.11660141508575197
32.8023   62.9972   0.16852376686984094
34.2243   63.0156   0.19363499167247739
34.9359   64.2432   0.2430095677128779
36.3579   64.262   0.26568319480163005
37.0694   65.4898   0.31113967924390595
19.2828   56.7483   0.265226997117562
19.9932   57.9774   0.2217229352141971
21.4148   57.9934   0.2043427757470279
22.1254   59.2221   0.15771071618631402
23.547   59.2383   0.13584704634256825
24.2578   60.4666   0.08960005580355296
25.6795   60.4829   0.0663419927346155
26.3905   61.711   0.04320370354495364
27.8122   61.7275   0.04817644652732491
28.5233   62.9554   0.0913072286295038
29.945   62.9723   0.11590966310019285
30.6563   64.2002   0.1661758706912644
32.0781   64.2175   0.1924995844151356
32.7894   65.4454   0.2411801401442494
34.2113   65.4632   0.2663491317800748
34.9226   66.6912   0.31166207661504447
36.3446   66.7097   0.3340246847165631
37.0558   67.9378   0.37500365331554114
38.4779   67.957   0.39334900533749834
17.8506   59.1847   0.20854999400623334
19.272   59.2   0.1940297657577312
19.9821   60.4292   0.15133195300398403
21.4036   60.4443   0.13208607042379705
22.114   61.6732   0.08966816603455023
23.5355   61.6884   0.06905389199748144
24.2461   62.917   0.04766130505976679
25.6676   62.9324   0.05100098038273518
26.3783   64.1608   0.08847813289169862
27.8   64.1765   0.1123924374680063
28.5108   65.4047   0.15984949171016766
29.9324   65.4209   0.18694151491843544
30.6434   66.6491   0.23386397755960445
32.0651   66.6658   0.26091510113445004
32.7761   67.894   0.3050526839744252
34.1979   67.9113   0.3303968068852957
34.9089   69.1396   0.37068791455886363
36.3309   69.1577   0.3929877733467035
37.0417   70.3862   0.4286218263224564
17.1302   60.4079   0.1823620848751188
17.8397   61.6377   0.14392588370407705
19.2611   61.652   0.12731853753479805
19.9709   62.8813   0.08904515708335783
21.3924   62.8956   0.07078269562541198
22.1024   64.1247   0.050557195333601104
23.5239   64.139   0.05215716633406908
24.234   65.3678   0.08380363953910709
25.6556   65.3824   0.10629873000181964
26.3659   66.6111   0.1500846760998612
27.7875   66.626   0.17724618472621717
28.4979   67.8546   0.2214056458178055
29.9195   67.8699   0.24971878183268745
30.63   69.0985   0.2917178602691308
32.0518   69.1145   0.3192490250572402
32.7623   70.3431   0.3579647189319088
34.1841   70.3598   0.38363985715772525
34.8945   71.5886   0.4180520182943749
36.3165   71.6061   0.44051974984102493
15.6981   62.8475   0.1357681479582016
17.1194   62.861   0.12172021196169645
17.8286   64.0909   0.0875868140760908
19.25   64.1043   0.07170704288980861
19.9594   65.3339   0.052253325253044734
21.3808   65.3472   0.05215707046987405
22.0905   66.5765   0.07742357522098757
23.5119   66.59   0.09807716349894832
24.2217   67.8191   0.13750210907472996
25.6431   67.8328   0.16398710315143628
26.353   69.0619   0.20462111328013355
27.7746   69.0759   0.2332217399815011
28.4845   70.305   0.27220793522599424
29.9061   70.3195   0.30135414382416936
30.6161   71.5485   0.3375429009770439
32.0378   71.5637   0.36563135806437647
32.7478   72.7929   0.39803087819916577
34.1696   72.8088   0.4242014379985064
34.8794   74.0381   0.4519811057997897
14.9783   64.0714   0.11561729974359533
15.687   65.3018   0.08538307794873858
17.1082   65.3144   0.07174977351879801
17.8171   66.5445   0.052871447871234
19.2384   66.5569   0.051177534133639326
19.9475   67.7868   0.06985649576094943
21.3688   67.7992   0.088182254450655
22.0781   69.0289   0.12258821313650364
23.4994   69.0414   0.14779296329663721
24.2088   70.2709   0.18422513400728002
25.6302   70.2837   0.2124719510900237
26.3396   71.5132   0.2478301232699543
27.7611   71.5264   0.2773688158391292
28.4706   72.7559   0.3103851800585838
29.8921   72.7696   0.34008834146439076
30.6016   73.9991   0.36976374889921154
32.0232   74.0135   0.3984321899646194
32.7325   75.2431   0.4239813321362159
34.1542   75.2583   0.45046951062197327
13.5459   66.5138   0.08265766752092495
14.9671   66.5257   0.07104885642992041
15.6754   67.7564   0.05271593686921888
17.0966   67.768   0.04964574503418984
17.8051   68.9984   0.061881661257591605
19.2263   69.0099   0.07743958935841505
19.935   70.2401   0.10655017597357729
21.3562   70.2516   0.12982649960620893
22.0651   71.4816   0.16165855993420386
23.4864   71.4932   0.18864352626050687
24.1953   72.7232   0.21977390654943627
25.6166   72.7351   0.24894756476013016
26.3255   73.965   0.27810728145807206
27.747   73.9773   0.30835565504787044
28.4558   75.2073   0.3346792643711267
29.8773   75.2201   0.36488461189806376
30.5861   76.4502   0.38755421556215935
32.0077   76.4637   0.4166691853257187
32.7162   77.6939   0.4347986430521609
13.5341   68.9693   0.05203508431817995
14.9552   68.9802   0.047983955651865653
15.6631   70.2112   0.05414065016232256
17.0842   70.2219   0.06664840583239626
17.7923   71.4526   0.09045247370857121
19.2135   71.4632   0.11122000719295347
19.9217   72.6937   0.13843886737473596
21.343   72.7043   0.16326677555460845
22.0513   73.9347   0.1900447052669398
23.4726   73.9454   0.21771377999565952
24.1809   75.1758   0.24284367399625909
25.6023   75.1868   0.272358036415304
26.3106   76.4172   0.2949411636242073
27.7319   76.4286   0.32536997402956663
28.4401   77.6591   0.3446838551484569
29.8616   77.6711   0.37510330577055784
30.5696   78.9017   0.3904263054662184
31.9911   78.9144   0.419599261200493
12.8142   70.1935   0.04626218758338163
13.5214   71.425   0.047326102734113695
14.9425   71.435   0.05661333765112365
15.65   72.6662   0.07506756956235909
17.0711   72.6759   0.09316785926488355
17.7787   73.907   0.11574048557009316
19.1999   73.9166   0.13805788641000943
19.9076   75.1475   0.1605002803735924
21.3289   75.1572   0.18582367986884654
22.0366   76.3881   0.20670899835275727
23.4579   76.3979   0.23440522605095368
24.1656   77.6287   0.25303252755328004
25.5869   77.6389   0.28239571526494484
26.2945   78.8697   0.2981931588752544
27.7159   78.8803   0.32842740445948976
28.4233   80.1112   0.3405598038524199
29.8447   80.1224   0.3707003911516687
30.5519   81.3535   0.378647170859627
11.3802   72.6398   0.04149325246350638
12.8012   72.6491   0.047701677119361026
13.508   73.8808   0.06125904014919565
14.9291   73.8898   0.07641387308597904
15.636   75.1213   0.09479351243624166
17.0572   75.1302   0.11419728543183237
17.7643   76.3615   0.13265911201270023
19.1854   76.3703   0.15502741693003957
19.8926   77.6016   0.1719173347862243
21.3138   77.6104   0.19689553067553578
22.0209   78.8417   0.21164453690090687
23.4422   78.8506   0.23871661023062332
24.1492   80.0819   0.25087863599756954
25.5705   80.0911   0.2794652393411384
26.2773   81.3225   0.28839700067788154
27.6987   81.3322   0.31785602086479314
28.4052   82.5636   0.3230699924165058
29.8266   82.5739   0.35238044781173833
10.6602   73.8641   0.04038947882804096
11.3662   75.0964   0.049326868945838265
12.7873   75.1047   0.06163351361070766
13.4935   76.3367   0.07624768848956195
14.9146   76.3448   0.09269476792138183
15.6211   77.5766   0.10762499709639635
17.0422   77.5846   0.12678584305828963
17.7487   78.8163   0.14018623327559604
19.1699   78.8242   0.1618170262982243
19.8764   80.0558   0.17307879708387047
21.2976   80.0637   0.1969012696759464
22.004   81.2954   0.20556616939564798
23.4253   81.3035   0.23137757021803085
24.1315   82.5352   0.23713593148234105
25.5528   82.5436   0.26440858533716505
26.2588   83.7754   0.26690108654705624
27.6801   83.7843   0.29492741479896345
9.22483   76.3129   0.03930130404961581
10.6458   76.3205   0.04917926392291584
11.3513   77.5531   0.06047429205869726
12.7723   77.5604   0.07422863328931478
13.4781   78.7927   0.08618723803440939
14.8991   78.7999   0.1021013711954979
15.605   80.032   0.1127088284031051
17.0261   80.0391   0.13067647072063143
17.732   81.2711   0.13907195979060483
19.1532   81.2781   0.15913173787777274
19.859   82.5101   0.16498163534164137
21.2802   82.5172   0.1869565190090999
21.9859   83.7493   0.19005525512334193
23.4071   83.7565   0.21384548159827924
8.50464   77.5373   0.038784688989335764
9.20942   78.7703   0.04756222135265584
10.6303   78.777   0.05896074965601871
11.3354   80.0098   0.0685294827063492
12.7564   80.0162   0.08171352397247644
13.4615   81.2488   0.08999205520488894
14.8826   81.255   0.10468586342004937
15.5878   82.4875   0.11089044142756849
17.0089   82.4936   0.12701629816680646
17.7141   83.7261   0.13088326860221958
19.1352   83.7322   0.14857499789668044
43.532   56.9901   0.12432240345166877
44.9538   57.008   0.13575879345368486
39.2537   56.9459   0.07451295189428563
40.6757   56.9645   0.09486885684986461
41.3871   58.1925   0.1397994992837949
42.809   58.2111   0.15475848926633917
43.5202   59.4394   0.19508892844034126
34.974   56.9008   0.013316531079828652
36.396   56.9197   0.028753608469199988
37.1078   58.1472   0.08093954534095242
38.5298   58.1662   0.1035193701680999
39.2415   59.3938   0.15223222392121993
40.6635   59.413   0.1705486734044003
41.375   60.6409   0.21472365961859027
42.797   60.6601   0.2274147752455861
34.2496   58.1208   0.033277770358002064
34.9615   59.3482   0.08620493025343799
36.3835   59.3672   0.11013686939440506
37.0953   60.5947   0.16133276170697744
38.5173   60.6139   0.1823680618968124
39.229   61.8416   0.22954049751623554
40.651   61.8611   0.24597743798974717
41.3626   63.0891   0.2882242356221968
36.3708   61.8146   0.19021172413918067
37.0825   63.0422   0.23906819110873082
38.5046   63.0615   0.2588315861713972
39.2162   64.2894   0.30318477864167276
40.6383   64.3091   0.31820463541563715
38.4915   65.5092   0.32998452994042055
39.2029   66.7372   0.3705722061892935
15.5694   84.9432   0.1043013422732349
16.9905   84.9484   0.11813826645079334
17.6949   86.1812   0.11901453692721269
19.116   86.1864   0.13387341035470415
19.8202   87.4192   0.13298529993950267
21.2414   87.4245   0.14884471774302943
21.9453   88.6574   0.14623877734719315
23.3664   88.663   0.16284087324747284
24.0699   89.8961   0.15858139865695825
25.491   89.9019   0.17582744381921966
11.3002   84.9236   0.0721776281128824
12.7211   84.9281   0.08251872514768663
13.425   86.1614   0.08512796250351208
14.8459   86.1657   0.09598676992169253
15.5497   87.3989   0.09759656756259494
16.9707   87.4032   0.1088258241411518
17.6744   88.6364   0.10995003410641212
19.0954   88.6407   0.12139629318888892
19.7988   89.874   0.12228953348509447
21.2198   89.8784   0.13366278464852968
21.9228   91.1118   0.1346938751391398
23.3438   91.1165   0.14554707142364473
24.0463   92.3501   0.14679577650600184
7.03301   84.9052   0.04786149287266913
8.45376   84.9093   0.05616997774611873
9.15688   86.1431   0.0596374286836715
10.5777   86.147   0.06843515178619156
11.2809   87.3806   0.07130399708290643
12.7017   87.3842   0.08060434231478657
13.4049   88.6178   0.08376073065583625
14.8258   88.6213   0.09320879786801134
15.5288   89.8549   0.09738269866870891
16.9497   89.8583   0.10655111449440073
17.6524   91.0919   0.1124635496505515
19.0734   91.0953   0.12082267999014289
19.7758   92.329   0.12872039465446308
21.1968   92.3326   0.13561305246914887
21.8987   93.5666   0.14522599629543437
23.3196   93.5704   0.15035444788897748
4.18876   84.8915   0.036298938000999724
4.89097   86.1259   0.04103657393106868
6.31159   86.1294   0.047164652018216464
7.014   87.3636   0.05008614978215105
8.43467   87.3668   0.05764670762498218
9.13717   88.6009   0.06032782193979702
10.5579   88.6038   0.06925380855952606
11.2604   89.8378   0.0734080377070501
12.6811   89.8405   0.08312592856624222
13.3835   91.0744   0.09017144780916292
14.8043   91.0771   0.09971975732019653
15.5064   92.311   0.1101711849804542
16.9273   92.3136   0.11881169976059051
17.629   93.5476   0.13244855605101538
19.0499   93.5502   0.13944393138462313
19.7512   94.7844   0.15582663443711764
21.1721   94.7872   0.1604659153839261
21.8729   96.0217   0.17887330711987826
2.74938   87.3473   0.04112054960722153
4.16987   87.3503   0.04268368423648088
4.87155   88.585   0.04476321704257466
6.2921   88.5876   0.04931063678355951
6.99389   89.8221   0.05097970282376365
8.41447   89.8244   0.059140422724229987
9.11628   91.0587   0.06328143487627069
10.5369   91.0608   0.07409379191268865
11.2386   92.2951   0.08246993391533448
12.6593   92.297   0.09444834567105875
13.3607   93.5313   0.10746576198957769
14.7815   93.5331   0.1190986565835185
15.4826   94.7675   0.1362106089847612
16.9033   94.7692   0.1464239734469767
17.6041   96.0037   0.1668350682560489
19.0248   96.0056   0.1746916712382154
19.725   97.2403   0.1973312696964175
21.1458   97.2424   0.20227016586733157
2.02858   88.5721   0.04706491368312191
2.72954   89.8071   0.04860144030787313
4.14995   89.8093   0.046696039446619556
4.85105   91.0441   0.04620383533863709
6.27149   91.0459   0.05018591037332996
6.97261   92.2806   0.052221164291880263
8.39308   92.2821   0.0629696950921669
9.09412   93.5168   0.07092497726471234
10.5146   93.518   0.08554589411537578
11.2155   94.7527   0.09955671750313194
12.636   94.7537   0.1151646213035963
13.3365   95.9884   0.13405383247039082
14.7571   95.9894   0.14881508660078785
15.4572   97.2243   0.1712610288419409
16.8778   97.2252   0.18413568366831598
17.5774   98.4603   0.20893388906541646
18.9981   98.4614   0.2189995662096154
19.697   99.6968   0.2449196602970083
0.587943   91.0299   0.06519179826481325
2.00821   91.0317   0.05578044818751498
2.70861   92.2669   0.05378738234939302
4.12889   92.2682   0.04832094887313865
4.82935   93.5033   0.045714002231267675
6.24966   93.5043   0.0510644690562869
6.95003   94.7393   0.05556338722576579
8.37036   94.74   0.07121303321724143
9.07053   95.975   0.08430937136522805
10.4909   95.9754   0.10370867851824454
11.1908   97.2105   0.12290142391363952
12.6112   97.2108   0.14256174101069136
13.3106   98.4459   0.16591461659540757
14.7311   98.4462   0.1842796244840913
15.4301   99.6815   0.20996909296370428
16.8506   99.6818   0.2260635308934205
17.5489   100.917   0.2530072133359044
18.9694   100.918   0.2658553366024412
-0.133178   92.2547   0.07813559242752348
0.56654   93.4903   0.0767659970559882
1.98668   93.4912   0.062198721047943786
2.68644   94.7267   0.05625377853975872
4.10659   94.7272   0.04777076616509161
4.80629   95.9626   0.04403617717287283
6.22644   95.9627   0.0535333503528397
6.92596   97.1981   0.06233769405423933
8.34613   97.198   0.0840705632192434
9.04534   98.4334   0.10201936090761907
10.4656   98.4331   0.12646145657867827
11.1644   99.6686   0.14943874999477452
12.5846   99.6681   0.17335656895543838
13.283   100.904   0.19914911498673465
14.7033   100.903   0.22121270307104532
15.4011   102.139   0.24844019401054956
16.8214   102.139   0.26726513053520684
17.5186   103.375   0.2946567494560385
-1.57529   94.7141   0.11104537856210102
-0.155272   94.7148   0.09134676894121681
0.543817   95.9505   0.08584289399245632
1.96381   95.9507   0.0659738918057744
2.66284   97.1864   0.05611651806731836
4.08282   97.1862   0.0453592779924893
4.78167   98.4219   0.042264265047439305
6.20166   98.4213   0.05855766047239154
6.90021   99.657   0.07250450744609091
8.32023   99.6562   0.10029595006779049
9.0184   100.892   0.1221513098579005
10.4385   100.891   0.1510122180487335
11.1362   102.127   0.17636076661208186
12.5563   102.126   0.20391363367856916
13.2535   103.362   0.2309304873766154
14.6737   103.361   0.25610983971725493
15.3703   104.598   0.28294087721642563
16.7905   104.597   0.30485676964764913
-2.29706   95.9387   0.1303486820033092
-1.59865   97.1748   0.1269040665227086
-0.178785   97.1747   0.10188017483789588
0.519577   98.4107   0.0920678619334675
1.93941   98.4101   0.0669327094924453
2.6376   99.6462   0.053195959433024784
4.05741   99.6452   0.04187393461331311
4.75532   100.881   0.0415956776600684
6.17513   100.88   0.06650670718055869
6.87268   102.116   0.0845282562224045
8.29252   102.115   0.11769482741395482
8.98965   103.351   0.14156698202617995
10.4095   103.349   0.17499602852636248
11.1062   104.586   0.2011285409880941
12.5261   104.584   0.23213112673659111
13.2223   105.821   0.25853806296172244
14.6423   105.819   0.28665779249830187
15.3378   107.056   0.312095017582786
-3.74108   98.3993   0.17446140690708387
-2.32132   98.3989   0.14739476279705466
-1.62361   99.6353   0.13963747670306983
-0.203906   99.6345   0.10941335790935322
0.493631   100.871   0.09522718202278264
1.91328   100.87   0.06508991012438138
2.61056   102.106   0.04781059401429969
4.0302   102.104   0.03806852374338037
4.72714   103.341   0.04275540199787981
6.14678   103.339   0.07590765178820713
6.84335   104.575   0.09735261937924236
8.26302   104.573   0.13501859131245633
8.95917   105.81   0.15978416191850667
10.3789   105.808   0.19613255721577164
11.0746   107.045   0.22159679600571727
12.4944   107.043   0.25536299653629957
13.1896   108.28   0.2803039065014983
14.6095   108.278   0.31032964731072343
-4.4639   99.6234   0.19807098828450398
-3.76686   100.86   0.1926069118697473
-2.34725   100.859   0.16098677461207775
-1.65035   102.096   0.14867616116916818
-0.230804   102.094   0.11376708927014077
0.465866   103.331   0.09565396494134555
1.88535   103.329   0.06129137704441144
2.58172   104.566   0.040650939718533036
4.00119   104.563   0.035742081640550795
4.69722   105.8   0.04673050502615765
6.11669   105.798   0.08527272483039153
6.81238   107.035   0.10878019856573
8.2319   107.032   0.14973322143065165
8.92721   108.269   0.17436045996727118
10.3468   108.267   0.21285725263659855
11.0417   109.504   0.23695970121520338
12.4614   109.502   0.2723118065747442
13.1559   110.739   0.29430256539826055
-5.91033   102.085   0.24786051016650354
-4.49077   102.084   0.21646184444377234
-3.79447   103.321   0.20654937036940973
-2.37501   103.319   0.17062240063954104
-1.67891   104.556   0.15424363844256175
-0.259527   104.554   0.1154387699172159
0.436309   105.791   0.09411192264532796
1.85564   105.788   0.056091314835723785
2.5512   107.025   0.03332828978510488
3.97052   107.023   0.03480533867096548
4.66579   108.26   0.05116097731669909
6.08514   108.257   0.09409346895507785
6.78012   109.494   0.11802881173679648
8.19953   109.491   0.1604097219622319
8.89424   110.729   0.18396028484431137
10.3137   110.726   0.22404742801469443
11.0082   111.964   0.24538225282200019
12.4277   111.961   0.28197739271083266
-6.63461   103.308   0.27239775035781916
-5.93893   104.546   0.2649585984639872
-4.51948   104.544   0.23006591142539834
-3.82392   105.781   0.21586866956554887
-2.40458   105.779   0.17672175417870714
-1.70921   107.016   0.1571349496452033
-0.28995   107.013   0.11520860628008621
0.405195   108.25   0.09158882906228338
1.8244   108.248   0.05079207024723313
2.51934   109.485   0.026858510755437166
3.93856   109.482   0.036765603490219456
4.63332   110.719   0.05584292703646634
6.05257   110.716   0.10054368403833482
6.74716   111.954   0.12330117598790351
8.16648   111.951   0.1664790920806598
-8.08382   105.77   0.3206894730108875
-6.66436   105.769   0.2887648913909035
-5.96928   107.006   0.2763739995006776
-4.54994   107.004   0.23902986089608402
-3.85499   108.241   0.22119825247953553
-2.43575   108.238   0.1798339292236044
-1.74093   109.476   0.15781745023919153
-0.321765   109.473   0.11408124722757981
0.372941   110.71   0.08922343091923765
1.79207   110.707   0.04762851666806483
2.48669   111.944   0.024933914654543456
3.90584   111.941   0.03990471651320774
-8.80977   106.993   0.34314685500525927
-8.11513   108.231   0.3327826684188933
-6.69574   108.228   0.2986758150570614
-6.00113   109.466   0.28256492369011155
-4.58185   109.463   0.24375647191408026
-3.88728   110.701   0.22305627003067816
-2.4681   110.698   0.18061019461813427
-1.77354   111.935   0.156976839374476
-0.354409   111.932   0.11291864604661181
-10.2615   109.455   0.3821851514645743
-8.84207   109.453   0.3528288906821533
-8.14773   110.691   0.3381227049460028
-6.72837   110.688   0.30316544987844474
-6.03396   111.926   0.2838149264926005
-4.61469   111.923   0.2446493204568541
-10.989   110.677   0.3989067560220058
-10.2949   111.915   0.38529477027336034
-8.8754   111.913   0.35558069351414356
28.3857   85.0162   0.2936812047101451
24.1125   84.9886   0.21400105139928394
25.5337   84.9962   0.23910445416177523
26.2388   86.2285   0.2360467326611448
27.66   86.2365   0.2619444788499979
19.8403   84.9646   0.15007764657002912
21.2615   84.9708   0.1694641259972192
21.9663   86.2033   0.16826155235228402
23.3875   86.2096   0.18919022173464192
24.092   87.4422   0.18533175658801868
25.5132   87.449   0.20730012059813155
26.2172   88.6818   0.2007666306934554
99.4067   0.756644   0.40443461054786073
100.826   0.765419   0.38734015192850774
101.516   2.00704   0.37922406318692337
95.1472   0.723684   0.44394791221606156
96.5671   0.728963   0.43347974443565385
97.2572   1.96988   0.4278329996622513
98.677   1.97692   0.4136750687435722
99.3664   3.21828   0.40267091091858
100.786   3.22724   0.38542472793011096
90.8867   0.697958   0.45790201305628586
92.3067   0.700477   0.4567049906843579
92.998   1.94065   0.4551885680682241
94.4179   1.94459   0.44900503616329335
95.1085   3.18524   0.44142911424146014
96.5282   3.19079   0.4307750173814626
97.2182   4.43186   0.4175389832099511
98.6378   4.43919   0.4031537137370802
99.3272   5.68061   0.3848839073019292
86.6255   0.677885   0.4393785248325178
88.0455   0.678336   0.44956646311863513
88.7379   1.9178   0.4531804529103157
90.1578   1.91934   0.45760546205219194
90.8495   3.15927   0.4550290958828899
92.2694   3.16211   0.4537159685309729
92.9605   4.40246   0.44488551212643485
94.3803   4.40678   0.4382805066392966
95.0708   5.6475   0.4234056447427223
96.4905   5.65346   0.41237482270381215
97.1804   6.89452   0.3922612654851343
98.6   6.90224   0.3777181146040002
82.364   0.662044   0.385855975266679
83.7839   0.661011   0.4075944143680091
84.4771   1.89984   0.4168163721592515
85.897   1.89962   0.43286385261419025
86.5897   3.13886   0.4363072656970087
88.0096   3.13964   0.44619986060060524
88.7018   4.37928   0.4434529427120762
90.1217   4.38124   0.44722311612884985
90.8134   5.62125   0.43793228060968364
92.2332   5.62457   0.43584879671739385
92.9244   6.86494   0.4203922425544969
94.3441   6.86975   0.41297028573494277
95.0347   8.11043   0.3920702392429196
96.4543   8.11688   0.3804410762522881
97.1444   9.35785   0.35518177261790945
78.1027   0.649175   0.3002976498342924
79.5223   0.647144   0.3321901727640359
80.2162   1.88544   0.34658358356967733
81.6359   1.884   0.37353331792492006
82.3294   3.12263   0.3829287401070843
83.7493   3.12192   0.4042694676821385
84.4424   4.3609   0.408089283000669
85.8623   4.36112   0.4233587622808811
86.555   5.60043   0.42098475756254927
87.9749   5.60172   0.42994389354891377
88.6672   6.84138   0.42109787567737667
90.087   6.8439   0.42363131624090256
90.7789   8.08388   0.4085083186423514
92.1986   8.08778   0.4052252144178575
92.89   9.32807   0.3843333058687475
94.3096   9.33344   0.3759472900554007
95.0005   10.574   0.3504992011403153
96.42   10.581   0.3384344840585845
77.3749   1.87126   0.2831534714602662
78.069   3.10939   0.29784696758570384
79.4886   3.10765   0.3292490700062781
80.1825   4.34605   0.3392572439904568
81.6022   4.34502   0.36541827116333336
82.2959   5.5837   0.3699637393042717
83.7157   5.5835   0.390144344570058
84.4091   6.82248   0.3887803256338992
85.8289   6.82327   0.4026414161508962
86.5219   8.06256   0.3948958658937832
87.9417   8.06448   0.4023123638418284
88.6343   9.30406   0.38825557613510336
90.0541   9.30724   0.3892836158894935
90.7462   10.5471   0.3693097480435613
92.1659   10.5516   0.36468580997894795
92.8576   11.7918   0.3399839702103594
94.2771   11.7978   0.33068203761317005
94.9682   13.0383   0.30289095397519106
75.9225   4.33371   0.24160319306664782
77.342   4.33183   0.27674471648073024
78.0364   5.56996   0.2876962928158789
79.456   5.56871   0.31789267434151386
80.1502   6.80708   0.32370633975873814
81.5699   6.80662   0.34820432277615265
82.2639   8.04525   0.34831183385007203
83.6837   8.04569   0.36667100185315915
84.3775   9.28459   0.3606608966882873
85.7972   9.28606   0.3725911700510357
86.4906   10.5253   0.3603224805642855
87.9104   10.5279   0.3656659951376398
88.6034   11.7674   0.34760952230915804
90.0231   11.7712   0.3468061418141252
90.7155   13.011   0.32373496876302965
92.1351   13.0162   0.3177125902447067
92.827   14.2563   0.29113079534806885
94.2465   14.2629   0.2814860920187711
75.1961   5.55634   0.21826183106535083
75.8909   6.79417   0.23049123627591622
77.3105   6.79285   0.26376531538471687
78.0053   8.03089   0.2712550425337749
79.4249   8.03028   0.299279584335452
80.1196   9.26854   0.30137178451208624
81.5393   9.26876   0.3235467553538431
82.2338   10.5073   0.31982074666912846
83.6535   10.5084   0.3357563551148385
84.3477   11.7472   0.326070958535102
85.7675   11.7494   0.3354588797453416
86.4612   12.9885   0.31996384170715336
87.881   12.9918   0.32301459719337755
88.5742   14.2312   0.30238401082067623
89.9939   14.2358   0.2997718132179894
90.6866   15.4755   0.27530575729541096
92.1062   15.4813   0.2684408500955086
92.7983   16.7214   0.2425207001474335
73.7461   8.01863   0.17039897417531494
75.1656   8.01728   0.20562794654423944
75.861   9.25499   0.21508578032961573
77.2806   9.25432   0.24563742467303246
77.9759   10.4922   0.25017669755594757
79.3956   10.4923   0.27531816140603377
80.0908   11.7305   0.27429187009461325
81.5106   11.7314   0.29352785217079486
82.2055   12.9698   0.2868328258759802
83.6253   12.9717   0.2997404377123649
84.3198   14.2104   0.2873727370506796
85.7396   14.2133   0.2940509819742164
86.4336   15.4524   0.2764830012857927
87.8533   15.4564   0.27730917763391666
88.5468   16.6958   0.25582185207679253
89.9665   16.701   0.25175275569494854
90.6594   17.9407   0.22835840251674142
92.0789   17.9471   0.22152683810319698
73.0212   9.24192   0.1465846567687117
73.7173   10.4793   0.15812049203060569
75.1368   10.4786   0.18996357545592774
75.8329   11.7162   0.19708033894836058
77.2525   11.7162   0.224261588329343
77.9484   12.954   0.22636061936652918
79.3682   12.9548   0.247954673277193
80.0638   14.1929   0.24466045859517263
81.4836   14.1946   0.2604393595445977
82.1789   15.4329   0.2516642803418884
83.5987   15.4355   0.2613448870745333
84.2936   16.6742   0.24749943434279006
85.7133   16.6778   0.2513326282041376
86.4076   17.9168   0.23341595918017125
87.8273   17.9216   0.23212076598185044
88.521   19.1609   0.2118683553530336
89.9406   19.1668   0.20722724241759596
90.6337   20.4065   0.18760183901017471
71.574   11.7036   0.10409096982928294
72.9936   11.7031   0.13529563924975546
73.6902   12.9403   0.14499555165590136
75.1099   12.9404   0.172817186645313
75.8065   14.1777   0.17811035904741723
77.2262   14.1786   0.20128320844024478
77.9226   15.4162   0.20168336569980125
79.3424   15.4178   0.21943424983352028
80.0385   16.6558   0.21447901995300014
81.4583   16.6582   0.2265569464836619
82.1539   17.8965   0.21666139480765848
83.5737   17.8999   0.2230665595735963
84.2688   19.1385   0.20908909584193955
85.6885   19.1429   0.21047211216690564
86.383   20.3819   0.19369029402631444
87.8027   20.3873   0.19129181895731928
88.4966   21.6267   0.17438655338070194
89.9161   21.6332   0.17068476792028128
90.6095   22.8729   0.1577030754297454
70.8506   12.9276   0.08632044948909474
71.5479   14.1644   0.09717643747329043
72.9676   14.1646   0.12401536195165191
73.6649   15.4016   0.13202223297611682
75.0847   15.4025   0.15561985734475006
75.7818   16.6397   0.15938977382504402
77.2016   16.6413   0.17843715980703267
77.8983   17.8789   0.17738852837768013
79.3182   17.8813   0.1911953189803565
80.0146   19.1192   0.18532007446577434
81.4344   19.1224   0.19392934280299107
82.1302   20.3606   0.18392030882966687
83.55   20.3648   0.18750661321670903
84.2453   21.6034   0.17451802199199665
85.665   21.6085   0.17420051664676567
86.3597   22.8475   0.1603705085107582
87.7794   22.8536   0.15809557236051788
88.4735   24.093   0.14662284951534588
89.893   24.1002   0.14591072613073855
69.4058   15.3884   0.060355695671571494
70.8256   15.3888   0.08148545882549069
71.5235   16.6254   0.09081839020815063
72.9433   16.6264   0.11318749930977781
73.6411   17.8633   0.11988139972489709
75.061   17.8649   0.13922733208676646
75.7584   19.1021   0.14172032317208533
77.1783   19.1045   0.15670395655502867
77.8754   20.342   0.15465167312383138
79.2953   20.3451   0.16480621954283312
79.9919   21.583   0.15865342731879417
81.4118   21.587   0.16413969660018302
82.1078   22.8253   0.15483290993842627
83.5276   22.8301   0.15649130966286195
84.2231   24.0688   0.1456877826037605
85.6428   24.0746   0.1449000000000029
86.3377   25.3136   0.13524917744666481
87.7573   25.3204   0.1348987027365371
88.4518   26.5598   0.12969518109783099
68.6836   16.6129   0.05446778864614164
69.3822   17.8491   0.05958137292812539
70.8021   17.8503   0.07713753949926062
71.5005   19.0867   0.08505733360504733
72.9204   19.0885   0.1033367795124267
73.6186   20.3253   0.10873132023478657
75.0386   20.3278   0.1239307467902946
75.7364   21.5649   0.12546079068776614
77.1563   21.5681   0.13665756473755447
77.8536   22.8055   0.13429050599353734
79.2736   22.8095   0.14112781440949057
79.9704   24.0473   0.13544190636579423
81.3902   24.0521   0.13858127579150403
82.0865   25.2903   0.13089163456844513
83.5063   25.296   0.13135802221410248
84.202   26.5346   0.12364732103850673
85.6217   26.5412   0.12364230667534484
86.317   27.7801   0.11854184915041824
87.7366   27.7877   0.12113896978264113
67.2407   19.0724   0.04831956125628911
68.6607   19.0739   0.05391122332130665
69.3599   20.3099   0.0585616768885598
70.7799   20.312   0.07308200872992182
71.4788   21.5483   0.07982192681211955
72.8988   21.551   0.09430153763327496
73.5973   22.7877   0.09860618641850019
75.0173   22.7909   0.11017526945734792
75.7154   24.028   0.11107321909443033
77.1354   24.032   0.11884590863803338
77.8329   25.2695   0.11663528625591939
79.2529   25.2742   0.12089909015373446
79.9499   26.512   0.1163096728565601
81.3698   26.5176   0.11783365393638386
82.0663   27.7558   0.11216242686390189
83.4862   27.7622   0.11255047756451457
66.5193   20.2971   0.05049287078389643
67.2191   21.5328   0.045872540806024674
68.6392   21.5351   0.05250019047584033
69.3388   22.771   0.05722779045183931
70.7589   22.7739   0.06932625765177483
71.4581   24.0102   0.07511764107051713
72.8782   24.0137   0.08624065166729405
73.577   25.2503   0.08983996883347575
74.9971   25.2544   0.09807859093604455
75.6954   26.4915   0.0987717064750809
77.1155   26.4963   0.10383766176103726
77.8133   27.7337   0.10209975514172799
79.2333   27.7393   0.10434883803857001
65.078   22.755   0.047911793955145915
66.4983   22.7577   0.04532118709831078
67.1986   23.9933   0.04356122128682556
68.6188   23.9965   0.05078001575424105
69.3188   25.2323   0.05594550920315565
70.739   25.2361   0.06562827134702935
71.4385   26.4723   0.07085478106662706
72.8587   26.4766   0.0791334316202702
73.5578   27.7132   0.08231136009081756
74.9779   27.7182   0.0879056312189371
64.357   23.9798   0.0489376133459788
65.058   25.2149   0.040034610026819385
66.4784   25.2185   0.04088765094744519
67.1791   26.4539   0.04238207168131318
68.5994   26.458   0.049327173038799896
69.2997   27.6937   0.05500718134934353
70.72   27.6984   0.06244557630449266
62.9171   26.4357   0.042305318814541575
64.3375   26.4398   0.03924958598507444
65.039   27.6747   0.03552759490873985
66.4594   27.6793   0.038478825345896736
62.1962   27.6603   0.04134476992317264
58.5996   33.7897   0.0443002257330596
60.0204   33.7971   0.03866445395967649
60.7245   35.0306   0.04295148425840535
62.1453   35.0384   0.039536565354114185
62.849   36.2723   0.04749936841685391
64.2697   36.2805   0.04644459064304534
64.973   37.5149   0.05647025765834606
66.3936   37.5235   0.05677261663865571
67.0964   38.7582   0.06801713019526728
68.517   38.7674   0.06875594519748712
69.2192   40.0025   0.08099660486711716
70.6397   40.0121   0.08146956486934222
71.3415   41.2476   0.09491764851701828
72.7619   41.2577   0.09478364837882039
73.4633   42.4936   0.10963270497438223
74.8836   42.5041   0.10857297085370772
75.5844   43.7404   0.12503267572918586
77.0047   43.7513   0.12271976205974439
77.705   44.9879   0.14103024498312303
57.8792   35.0142   0.047269017336941416
58.5841   36.2472   0.049993699603051084
60.005   36.2556   0.04436338580406264
60.7095   37.489   0.05036744980639757
62.1304   37.4978   0.047460404549475727
62.8345   38.7316   0.05629662512087137
64.2552   38.7408   0.0557369715718391
64.9589   39.975   0.0665339762827981
66.3796   39.9847   0.06743545061760904
67.0828   41.2193   0.07991751998154177
68.5033   41.2295   0.08158633464006104
69.206   42.4644   0.0955603474250686
70.6265   42.475   0.09737171047075112
71.3287   43.7104   0.11313297485702363
72.7491   43.7214   0.11470706168322711
73.4507   44.9572   0.13229077821223933
74.8711   44.9686   0.13321865484983453
75.5722   46.2047   0.15275997512437475
76.9924   46.2165   0.1527112962422893
56.4433   37.4629   0.05963673364629984
57.8643   37.4719   0.05180472951381852
58.5696   38.7048   0.05527513003150511
59.9906   38.7142   0.05049049415483951
60.6956   39.9474   0.05702578364213846
62.1164   39.9572   0.055315278178818074
62.8209   41.1909   0.0645836666658062
64.2417   41.2011   0.06537973692207587
64.9458   42.4351   0.07689291254725705
66.3664   42.4459   0.07941385269586178
67.07   43.6803   0.092904843791913
68.4905   43.6915   0.0964637755844126
69.1935   44.9263   0.111956509413254
70.614   44.9379   0.11609724372266401
71.3165   46.1731   0.1337097229074988
72.7369   46.1851   0.137895685211686
73.4389   47.4207   0.15771001870521734
74.8592   47.433   0.16155534655343354
75.5605   48.669   0.18365151782656378
55.7232   38.6873   0.06124132591640956
56.4293   39.9196   0.06156508750907667
57.8503   39.9296   0.05491575365958349
58.5561   41.1623   0.05833635230283031
59.9771   41.1728   0.05535864882744113
60.6825   42.4058   0.06211111011727172
62.1033   42.4167   0.06233859157857089
62.8082   43.6501   0.07198631814449245
64.229   43.6614   0.07476329313238962
64.9334   44.8953   0.08696694774453276
66.3541   44.907   0.09165118657169806
67.0579   46.1414   0.10616845105774181
68.4785   46.1535   0.1122919409396763
69.1818   47.3882   0.1291052671272525
70.6023   47.4007   0.13609254204400636
71.305   48.6359   0.15540505139795424
72.7254   48.6487   0.16285456702223342
73.4275   49.8843   0.1845317858798297
74.8478   49.8974   0.1918689396437087
54.2886   41.1336   0.06894642847892836
55.7097   41.1442   0.060374994824014795
56.4163   42.3764   0.06014050215952452
57.8373   42.3874   0.05562948858294522
58.5435   43.6199   0.05893733960741771
59.9644   43.6313   0.05833403809098134
60.6702   44.8642   0.06525189652416205
62.091   44.8761   0.06790559623477145
62.7963   46.1094   0.07782043433443493
64.217   46.1217   0.08320943456123221
64.9217   47.3555   0.09583657965516212
66.3424   47.3682   0.10343476204835407
67.0465   48.6024   0.11864982090167443
68.467   48.6155   0.12792318007304374
69.1705   49.8501   0.14573297499193566
70.591   49.8635   0.15626880686816463
71.2939   51.0986   0.17695844144882936
72.7142   51.1123   0.18820951091802157
73.4165   52.3479   0.21162138360761265
53.5687   42.3579   0.06647954572648732
54.276   43.5895   0.06191784879983944
55.6971   43.6011   0.05580349451423344
56.404   44.8331   0.05532061098722684
57.8251   44.845   0.05343725292340621
58.5316   46.0774   0.05716869772873841
59.9525   46.0898   0.05922811832229558
60.6585   47.3226   0.06651601310962332
62.0794   47.3354   0.07189464514134701
62.7849   48.5687   0.08211175311732123
64.2056   48.5819   0.09023774154975693
64.9106   49.8156   0.10330755054689768
66.3312   49.8292   0.11396367842431045
67.0355   51.0634   0.12978170132958158
68.456   51.0774   0.14252136681915564
69.1597   52.312   0.16140402721121958
70.5801   52.3263   0.17581430544753496
71.2831   53.5614   0.1978662679690521
72.7034   53.5759   0.21326446023658183
52.1352   44.8018   0.06393598360860754
53.5564   44.8139   0.055788350038333115
54.2641   46.0454   0.05117235581835085
55.6852   46.0579   0.048132940903292384
56.3924   47.2897   0.048470300184755385
57.8135   47.3026   0.049687221697331925
58.5203   48.5349   0.05443243518344515
59.9412   48.5482   0.05897821631755576
60.6475   49.7809   0.06681683919492044
62.0683   49.7947   0.07452362041661832
62.774   51.0278   0.08498482217431486
64.1947   51.042   0.09575625305952332
64.8998   52.2757   0.10913193849648371
66.3204   52.2902   0.12293957865553279
67.0248   53.5244   0.13939433273989227
68.4453   53.5392   0.15584126539527546
69.1491   54.7739   0.17581424856933447
70.5694   54.789   0.1943192733621655
71.2724   56.0241   0.21780550957218991
52.1236   47.2568   0.04678578844050792
53.5448   47.2698   0.04251246875917568
54.2528   48.5011   0.04060061575887674
55.6739   48.5145   0.040999756096837744
56.3814   49.7463   0.04458183486578201
57.8024   49.7601   0.04758508169584072
58.5094   50.9922   0.053985924091379804
59.9303   51.0065   0.059427098196028504
60.6368   52.2391   0.06786958081497448
62.0576   52.2538   0.07655520883649838
62.7635   53.4869   0.08734740980704468
64.1841   53.502   0.10000184998288915
64.8893   54.7356   0.11369652589239504
66.3099   54.7511   0.13042216069364904
67.0144   55.9853   0.14762811385369556
68.4347   56.001   0.16783387619905726
51.4039   48.4808   0.037290615441422134
52.1125   49.7116   0.03551703816479839
53.5337   49.7255   0.036061475288736045
54.2419   50.9567   0.04242511048895734
55.663   50.971   0.043485514829651045
56.3707   52.2026   0.051586238475002495
57.7918   52.2173   0.05266051651854628
58.4989   53.4494   0.060615674540502436
59.9198   53.4646   0.06359709112845001
60.6264   54.6972   0.07216203988247105
62.0472   54.7128   0.07970802970842439
62.7531   55.9459   0.0901744975034556
64.1737   55.9619   0.10361254750269583
49.9715   50.9208   0.03540480193420074
51.3928   50.9354   0.03801118256513603
52.1017   52.1661   0.051177924928624954
53.5229   52.1809   0.05163351624671867
54.2313   53.412   0.06457638887395331
55.6524   53.4272   0.06196676528591852
56.3603   54.6588   0.07256755473350379
57.7813   54.6744   0.0683852323239443
58.4886   55.9064   0.07689583863903113
59.9095   55.9225   0.07436060785120188
49.2512   52.1441   0.046809721212585684
49.9606   53.3742   0.06724708172106651
51.382   53.3897   0.06929906204271086
52.0911   54.6202   0.08782220675888336
53.5123   54.636   0.08483990806218825
54.2209   55.867   0.09989054009264452
55.642   55.8831   0.09250167566049756
47.8187   54.581   0.08659312905768135
49.2403   54.5972   0.09124615060373774
49.9499   55.8272   0.11551298628292782
51.3713   55.8436   0.11411818435288752
47.0975   55.8033   0.11407129349665386
84.1822   29.0008   0.10780788468382492
85.6019   29.0081   0.1094792674436591
86.2975   30.2471   0.10757183646289382
79.9306   28.9771   0.10108140283949271
81.3505   28.9834   0.10170294980972955
82.0474   30.2216   0.09809108012454885
83.4672   30.2288   0.09880126517408153
84.1636   31.4673   0.09620841958996948
85.5833   31.4754   0.09937378930080346
75.6765   28.9552   0.08872818041636582
77.0966   28.9609   0.09156254692832032
77.7947   30.1982   0.09070468565625109
79.2147   30.2046   0.09150961698094946
79.9124   31.4424   0.08955411771660611
81.3323   31.4495   0.08949553061465913
82.0295   32.6876   0.08749297114625482
83.4494   32.6956   0.08801641892283757
84.1462   33.934   0.08665442862312629
71.4199   28.9346   0.0675041480206957
72.8401   28.9398   0.07316529231814761
73.5395   30.1763   0.07648829975885146
74.9597   30.1822   0.0797036385618621
75.6586   31.4191   0.08123576798430443
77.0787   31.4257   0.08227599893043129
77.7772   32.663   0.0825298733792823
79.1972   32.6702   0.08192984804086963
79.8953   33.9079   0.0815638400273066
81.3152   33.9159   0.08022156817215695
82.0129   35.1538   0.07970426588332853
83.4327   35.1626   0.0789312358955552
67.1606   28.9146   0.042813666042511585
68.581   28.9197   0.04856181627574626
69.2816   30.1553   0.0549040071397363
70.702   30.1609   0.060110398434877574
71.4022   31.397   0.06555913361234095
72.8225   31.4032   0.06891255328312666
73.5222   32.6396   0.07306503951959276
74.9425   32.6464   0.07420060646652837
75.6418   33.8832   0.07723276506768262
77.0619   33.8907   0.07636975841260459
77.7608   35.1279   0.07870330361553995
79.1808   35.136   0.07630530781013549
79.8793   36.3735   0.07832375118698263
81.2993   36.3823   0.07480374322184381
81.9973   37.6201   0.07681054615089955
62.8985   28.8948   0.0344608473488426
64.3191   28.8999   0.033524021238499485
65.021   30.1347   0.03557541285776105
66.4415   30.1403   0.038636899461521886
67.143   31.3754   0.04539372203290172
68.5635   31.3815   0.04931632589721052
69.2645   32.617   0.056714548398096094
70.6849   32.6236   0.05968366610723727
71.3856   33.8595   0.0662400181159437
72.8059   33.8667   0.06755123981097334
73.506   35.103   0.07342567670781108
74.9263   35.1108   0.07271004057212563
75.626   36.3475   0.07824135735018824
77.0462   36.3558   0.0756509087850256
77.7454   37.5928   0.08137647080084207
79.1655   37.6018   0.0769265883813956
79.8644   38.8392   0.08292140857462467
81.2844   38.8488   0.07665044031184919
60.7575   30.114   0.03693968056169418
62.1782   30.1197   0.03360238086803197
62.881   31.354   0.03381020555986146
64.3016   31.3601   0.03349119287216519
65.004   32.5947   0.04002699089364194
66.4245   32.6013   0.04183658685887217
67.1265   33.8363   0.05037638335569809
68.547   33.8434   0.052559870623889525
69.2485   35.0788   0.06119264661705422
70.6689   35.0864   0.062473514388100435
71.3699   36.3222   0.0709383535190921
72.7903   36.3303   0.07076227808656274
73.4908   37.5665   0.07930428739986353
74.9111   37.5752   0.07739276451968698
75.6112   38.8117   0.08640752282064265
77.0314   38.821   0.08270072551072347
77.7311   40.0578   0.09265818906065329
79.1512   40.0676   0.086981722217945
79.8504   41.3049   0.09807695957767004
60.0369   31.3385   0.03713408138085036
60.7405   32.5723   0.03700999864901342
62.1612   32.579   0.033726843908080464
62.8645   33.8131   0.03924958598507648
64.2851   33.8203   0.03851038820889714
64.988   35.0548   0.047365177081900266
66.4086   35.0624   0.048014789388268704
67.1109   36.2972   0.058066341369160515
68.5315   36.3054   0.05888887840671081
69.2334   37.5406   0.06935546121251146
70.6538   37.5493   0.06955041337044428
71.3552   38.7849   0.08047788516107947
72.7756   38.794   0.07981610113254087
73.4766   40.03   0.09146567662243511
74.8969   40.0396   0.08940950732444589
75.5974   41.276   0.10230571831525222
77.0176   41.2861   0.09870086119178487
77.7176   42.5229   0.11309951370364059
79.1378   42.5335   0.10761751716147452
39.189   69.1853   0.4291753138287428
38.4638   70.405   0.4467605398868617
39.1744   71.6338   0.4769281392411239
40.5965   71.6534   0.48988737481180206
41.3067   72.8825   0.5139652614720183
37.0268   72.8351   0.4698981272573891
38.4488   72.8534   0.48813985700821744
39.1588   74.0827   0.511868977376049
40.5809   74.1019   0.5248793385150526
41.2905   75.3315   0.5423624433900266
42.7126   75.3517   0.5495648005467622
43.4216   76.5818   0.5604534414204257
36.3013   74.0549   0.47479100665450313
37.0109   75.2844   0.49735429021975774
38.4329   75.3022   0.5158719802431586
39.1421   76.532   0.5323800710019091
40.5642   76.5508   0.5457504191478022
41.2729   77.781   0.5561139002039062
42.695   77.8009   0.5638073607181822
43.403   79.0315   0.5679064535643172
44.8251   79.0524   0.5696187233580012
45.5323   80.2836   0.5676149222844667
34.8633   76.4881   0.47118219406085277
36.2852   76.5043   0.49437489823007724
36.994   77.7343   0.5094660047539967
38.4159   77.7515   0.5284479444562185
39.1242   78.9818   0.5376080914569645
40.5462   79.0001   0.5515826773929734
41.2539   80.2309   0.554664249794414
42.6759   80.2503   0.5631648604094521
43.3829   81.4816   0.5604975468278188
44.8048   81.5022   0.5632945055652495
45.5107   82.7341   0.5549847024918809
46.9325   82.7559   0.5520688544013317
47.6372   83.9885   0.5385703296692094
34.1379   77.7083   0.46167609857994857
34.8462   78.9387   0.47479520848467055
36.2679   78.954   0.49845574527735365
36.9758   80.1847   0.5059259431972212
38.3976   80.2012   0.5254285298687175
39.1049   81.4321   0.5271796467998366
40.5268   81.4498   0.541854971371491
41.2334   82.6812   0.5380250737651562
42.6552   82.7002   0.5475369393931343
43.3609   83.9321   0.5383342734769913
44.7826   83.9525   0.54256617107962
32.6988   80.1451   0.43032821194990173
34.1204   80.1587   0.45733372934871325
34.8278   81.3896   0.46289883343987803
36.2494   81.4042   0.4868225344003686
36.9562   82.6355   0.48690224891655964
38.378   82.6513   0.5068830733019181
39.0841   83.8829   0.5016156397083325
40.5058   83.8999   0.5171928653800226
31.9733   81.3653   0.4077249072597833
32.6801   82.5966   0.4109834181569884
34.1016   82.6094   0.43783897725077375
34.8079   83.841   0.4361911622213369
36.2295   83.8548   0.46015047538821474
30.5328   83.8056   0.35332868550402535
31.9542   83.8166   0.3816910923770724
69.1385   57.2357   0.188773435631179
70.5587   57.2517   0.21159761340809413
64.879   57.1955   0.11746871924048939
66.2994   57.2119   0.13658803022227547
67.0039   58.4461   0.15443940559326066
68.4241   58.4627   0.17824031530492626
69.1278   59.6975   0.2000860314964536
60.6162   57.1551   0.08230971996064274
62.0368   57.1716   0.08551689891477825
62.7428   58.4047   0.09525339888949116
64.1633   58.4216   0.10741438451157781
64.8685   59.6553   0.12096280420029973
66.2888   59.6725   0.14158633408630256
66.9932   60.9068   0.15986209682098151
68.4134   60.9243   0.1868655666515373
56.35   57.1146   0.10371393349015322
57.771   57.1312   0.09378315413762009
58.4784   58.3632   0.10178221848633622
59.8991   58.3802   0.09233666660649706
60.6058   59.6127   0.09882960082890706
62.0264   59.6301   0.09562060447414499
62.7323   60.8633   0.10367449059436118
64.1527   60.8811   0.11224923162320645
64.8578   62.1149   0.12498247877201968
66.278   62.133   0.14590421515501734
66.9821   63.3674   0.16398871912421895
52.0805   57.074   0.13415491045802352
53.5018   57.0908   0.12709106970987533
54.2105   58.3217   0.14256623022300985
55.6316   58.3387   0.13048026670726962
56.3396   59.5702   0.14132211433459407
57.7605   59.5876   0.12567282920345174
58.4679   60.8196   0.13259724733191056
59.8886   60.8376   0.11641778214688571
60.5953   62.0702   0.12103458183511435
62.0157   62.0885   0.11027678812878433
62.7215   63.3218   0.11596249393661456
64.1418   63.3405   0.11895482335744172
64.8466   64.5744   0.13001484530621543
66.2667   64.5934   0.14951605264986845
47.8078   57.0327   0.14409680773702113
49.2293   57.0499   0.14543565587571874
49.9391   58.2797   0.17072184980253696
51.3606   58.2971   0.16571946174182442
52.0699   59.5275   0.18584264849597676
53.4912   59.5451   0.17471078959240013
54.1999   60.776   0.189682735113136
55.621   60.794   0.173050079456789
56.329   62.0254   0.18280311813533245
57.7499   62.0438   0.16203444078343
58.4572   63.2759   0.1670583431020454
59.8778   63.2947   0.14476615626589084
60.5843   64.5274   0.14686929563390724
62.0047   64.5466   0.12890368497447716
62.7102   65.78   0.1316836740070671
64.1303   65.7996   0.12780289511588613
64.8349   67.0336   0.13658305165722223
45.6645   58.2368   0.17108623556557662
47.0863   58.2547   0.1760069600896515
47.7966   59.484   0.20630659223592326
49.2183   59.5021   0.20442526751847692
49.9282   60.7319   0.22950148147669922
51.3496   60.7502   0.22087034658369328
52.059   61.9805   0.24027696518809294
53.4803   61.9991   0.22528708351789742
54.189   63.23   0.23887641156045597
55.6101   63.2489   0.21807835747730964
56.318   64.4804   0.2258657344530133
57.7388   64.4997   0.20035640743434902
58.446   65.7319   0.20309694729365138
59.8665   65.7516   0.17535347159380782
60.5727   66.9844   0.17459432980483364
61.9929   67.0045   0.15008617524609166
62.6981   68.2381   0.1497795046059372
64.1181   68.2585   0.13870547934382124
44.9421   59.4581   0.20378238392952477
45.653   60.6869   0.23883973706232467
47.0748   60.7057   0.24087478074717641
47.7852   61.9349   0.27037411118670746
49.2069   61.9539   0.26552945222705476
49.9169   63.1836   0.2892173231326242
51.3383   63.2028   0.27734680456064026
52.0477   64.4332   0.29504016675700195
53.469   64.4527   0.2765181006733561
54.1776   65.6836   0.28792742141032746
55.5986   65.7034   0.2631886205746739
56.3064   66.9351   0.2684754364927965
57.7271   66.9553   0.23875864382258738
58.434   68.1876   0.23864553211824313
59.8544   68.2082   0.20628441531050928
60.5602   69.4412   0.20262581276826866
61.9804   69.4622   0.1726578408297793
62.685   70.696   0.16904002484619002
43.5083   61.8885   0.2665480819664643
44.9302   61.9078   0.27295190052461654
45.6411   63.1366   0.3063944353280582
47.063   63.1562   0.30595120525992453
47.7734   64.3855   0.3335260559536549
49.1951   64.4052   0.3260871662608014
49.905   65.6351   0.34738493058853287
51.3265   65.6551   0.3327762761976899
52.0357   66.8856   0.34760152473773787
53.457   66.9059   0.32611524036757467
54.1654   68.1371   0.3343950508006967
55.5864   68.1577   0.30644629219489705
56.2938   69.3896   0.3085191890304386
57.7145   69.4106   0.2753278409460281
58.4209   70.6432   0.27202687367243944
59.8413   70.6646   0.23596747657251127
60.5465   71.8979   0.22938916713742513
61.9666   71.9196   0.19506773182666615
42.7846   63.1089   0.29898643781951195
43.4958   64.3373   0.33578679247403553
44.9178   64.3573   0.34010652742927466
45.6287   65.5861   0.3709259225236241
47.0506   65.6064   0.36848324249550557
47.7609   66.8358   0.39293453653248533
49.1827   66.8563   0.3834109675009307
49.8924   68.0863   0.40136979208704965
51.3139   68.1072   0.3844445863840452
52.0228   69.3378   0.3955866655993334
53.4441   69.359   0.37170605321947614
54.1521   70.5903   0.3761763017522492
55.5731   70.6118   0.3457062481356099
56.28   71.8439   0.34414621892445796
57.7007   71.8657   0.30835124452480966
58.4065   73.0986   0.30191344786213115
59.8268   73.1207   0.2632392447945385
60.5314   74.3544   0.2538340008745877
41.3497   65.5373   0.35733600434325025
42.7718   65.5574   0.36665759231195505
43.4828   66.7859   0.3999066641105138
44.9049   66.8064   0.40272115663322205
45.6155   68.0355   0.4297846321124085
47.0375   68.0563   0.4257677066194698
47.7476   69.2859   0.44628343012036575
49.1694   69.3072   0.43504911217011016
49.8787   70.5374   0.44875282728914623
51.3003   70.5589   0.4301523218581996
52.0088   71.7898   0.43704595868169427
53.4301   71.8118   0.41134058880689145
54.1375   73.0434   0.41160528422264214
55.5585   73.0656   0.3794779967270836
56.2648   74.298   0.3741398802587078
57.6855   74.3206   0.3369113384853628
58.3905   75.5539   0.3273223487634172
59.8108   75.5768   0.2869672629412639
40.625   66.7571   0.384511989409955
41.3362   67.9855   0.41950362334549507
42.7583   68.0058   0.42765010230327444
43.4691   69.2346   0.45653749024587226
44.8912   69.2555   0.45827042234907805
45.6015   70.4848   0.4807070833678229
47.0235   70.5061   0.47555579062818454
47.7332   71.736   0.4912561449997348
49.155   71.7578   0.47891241370421883
49.8638   72.9883   0.48766441330078536
51.2854   73.0105   0.46794630033797874
51.9933   74.2417   0.47006938849493135
53.4146   74.2644   0.4434301072322468
54.1213   75.4964   0.4394752325216982
55.5423   75.5193   0.40656695635528245
56.2478   76.7521   0.3976215788912876
57.6684   76.7754   0.3597620463584244
58.3725   78.0091   0.34697718945198786
40.6111   69.2051   0.44247419133775673
41.3219   70.4338   0.4724096209858568
42.7441   70.4543   0.4798710764361619
43.4544   71.6834   0.5035158984580342
44.8765   71.7045   0.5045433678089553
45.5864   72.9342   0.5214484921830724
47.0084   72.9559   0.5157021814962569
47.7174   74.1861   0.5258432941475991
49.1393   74.2084   0.5129685565412381
49.8474   75.4393   0.5163861926891542
51.2691   75.462   0.49645651370487826
51.9761   76.6937   0.4936459561264537
53.3974   76.7169   0.46694974033615394
54.1032   77.9493   0.4587305745206029
55.5242   77.9729   0.4261009270114293
56.2286   79.2062   0.41336667741848854
57.6493   79.2301   0.3760196404444865
42.7289   72.9029   0.5211592271081843
43.4387   74.1325   0.5386779835857398
44.8608   74.1537   0.5394081478806174
45.5699   75.3837   0.5503659691514358
46.9919   75.4057   0.5443799592196629
47.7002   76.6363   0.5486868232425495
49.1221   76.6589   0.535903088253838
49.8293   77.8903   0.5339349398569093
51.2509   77.9135   0.5143757187115268
51.957   79.1456   0.506804932888386
53.3783   79.1693   0.48087550363893616
54.0829   80.4023   0.4683515346403807
55.5039   80.4264   0.43686525382548014
56.207   81.6603   0.420285212683006
44.8437   76.6029   0.5614823683785606
45.5519   77.8335   0.5659898055619028
46.9739   77.8555   0.5605767833223203
47.6812   79.0867   0.5588167588753945
49.103   79.1095   0.5468297358410582
49.8092   80.3415   0.5393704014867718
51.2308   80.365   0.521043059640951
51.9355   81.5977   0.5085254172605311
53.3568   81.6218   0.48418484073750256
54.0601   82.8555   0.46731936617264114
55.4811   82.88   0.4377017363456543
46.9542   80.3056   0.5632125886377204
47.6603   81.5374   0.555492034146302
49.082   81.5603   0.5449761279175448
49.7868   82.7929   0.5320870699425032
51.2084   82.8166   0.5156986910978167
51.9117   84.0501   0.4982120933899534
53.3329   84.0745   0.47624069544716735
49.0589   84.0114   0.5300042075304733
26.194   91.1353   0.1699397834528427
27.6151   91.1417   0.1871933225304832
28.3175   92.3753   0.18006029545683136
29.7385   92.3825   0.1966841630635261
30.44   93.6165   0.18831946261605734
31.8611   93.6245   0.2040109065711923
32.5616   94.8591   0.19453889071340627
33.9826   94.8682   0.20868507373551928
34.682   96.1034   0.19854966633062401
36.1029   96.1139   0.21037818327954277
36.8011   97.3498   0.19978130543171535
38.2219   97.3619   0.2090817304309499
38.9187   98.5986   0.1982111500395481
40.3393   98.6125   0.20456065115265806
41.0346   99.8502   0.19354960604455262
42.4551   99.866   0.19738267401167955
43.1488   101.105   0.1856883679717186
44.5692   101.122   0.1870915284025451
25.4673   92.3552   0.15692577863436546
26.1691   93.5891   0.15829826278263423
27.5901   93.5948   0.16740937847085016
28.2912   94.8291   0.1688807271419754
29.7121   94.8355   0.17664421869962338
30.4123   96.0703   0.17819500554167236
31.8332   96.0777   0.18428534939056546
32.5323   97.3131   0.18583780562629565
33.953   97.3217   0.1899184561858044
34.6509   98.5578   0.19145696644416033
36.0716   98.5677   0.1934715482958584
36.7682   99.8046   0.1950538387215308
38.1888   99.8163   0.19437577009493542
38.8838   101.054   0.19584506631518403
40.3043   101.068   0.19181399844641708
40.9979   102.306   0.1937053948655043
42.4182   102.322   0.18703956800634564
43.1103   103.562   0.1872986118474998
24.0209   94.8046   0.1615748123935242
25.4419   94.809   0.1645267455461351
26.1424   96.0435   0.17681951249792247
27.5633   96.0484   0.17773176418411693
28.263   97.2835   0.19059585514904911
29.6839   97.2892   0.18952495877852896
30.3826   98.5249   0.20244273264308213
31.8033   98.5316   0.19924981806767852
32.5008   99.7679   0.21201108461587787
33.9215   99.776   0.2067362087298674
34.6178   101.013   0.21935336787931034
36.0383   101.023   0.21129488872190164
36.7332   102.261   0.22275592023557547
38.1535   102.272   0.21323154081889004
38.847   103.511   0.2232164420467256
40.2672   103.524   0.2115725407513913
40.9592   104.764   0.21965666390983718
42.3793   104.779   0.20603730244788454
23.2937   96.0248   0.18082203958588222
23.9938   97.2597   0.20045508225036124
25.4146   97.2633   0.19964430870926186
26.1139   98.4986   0.21988735752653005
27.5346   98.5028   0.2163257035120938
28.2329   99.7387   0.2365080971129778
29.6536   99.7438   0.23035835127037144
30.3508   100.98   0.2499259290269762
31.7714   100.987   0.24132179760644074
32.4674   102.224   0.2592745456075403
33.8879   102.231   0.2494279054155827
34.5825   103.469   0.2655393944408268
36.0029   103.479   0.25267295066944134
36.6961   104.718   0.267170133061312
38.1163   104.729   0.25227968606291545
38.8082   105.969   0.2639209730203389
40.2283   105.982   0.24713310178930278
40.9189   107.222   0.2562113385469169
21.8453   98.4775   0.22609044650315646
23.2661   98.4799   0.22781863400520916
23.9648   99.7154   0.25196890681192796
25.3855   99.7183   0.25044172974965834
26.0834   100.954   0.274462019230355
27.504   100.958   0.2692167342495619
28.2008   102.195   0.2918251017304777
29.6214   102.199   0.2841296535034646
30.317   103.437   0.30480985876444777
31.7375   103.443   0.29449972835301624
32.4319   104.681   0.31272342413065685
33.8522   104.688   0.3001899398714081
34.5453   105.927   0.31542893018871776
35.9655   105.936   0.3004263803330136
36.6573   107.176   0.312093719898367
38.0774   107.187   0.29496394694945505
38.7679   108.428   0.30331259452913995
40.1878   108.441   0.28379052133571825
21.1177   99.6981   0.2517190695994263
21.8159   100.934   0.27792416231770856
23.2365   100.936   0.280736887494321
23.9339   102.172   0.3064023172236145
25.3545   102.174   0.3057295863994828
26.0509   103.411   0.3295243845301868
27.4714   103.414   0.32505933304552376
28.1667   104.652   0.34649682538228077
29.5872   104.656   0.33854986338794923
30.2813   105.894   0.35747957983638295
31.7016   105.9   0.3460139448056951
32.3946   107.139   0.36144107403558906
33.8148   107.146   0.3478964357391395
34.5065   108.386   0.3586553917063024
35.9265   108.395   0.3423825053941843
36.6171   109.635   0.34926031838729865
38.037   109.646   0.3306751427005015
38.7265   110.888   0.3323400367093882
19.6671   102.154   0.29250786314217453
21.0877   102.155   0.3017073747855672
21.7845   103.391   0.32761108039869336
23.205   103.392   0.33300525521378754
23.901   104.629   0.3571499685006286
25.3215   104.631   0.35783649897683545
26.0165   105.869   0.37909821946297945
27.4369   105.872   0.37551311561648487
28.1308   107.11   0.39376396483172815
29.5511   107.114   0.38634311175430275
30.244   108.353   0.400505880106651
31.6641   108.358   0.38957733506968467
32.3558   109.598   0.39911950591270623
33.7758   109.605   0.3848172163508239
34.4665   110.846   0.389457571501698
35.8863   110.855   0.3725923375486923
36.576   112.096   0.3720551034457131
37.9957   112.107   0.35294006573354775
18.939   103.375   0.3104054284319162
19.6354   104.612   0.3360531208008631
21.0558   104.612   0.34781377201025604
21.7514   105.849   0.3715215336962274
23.1718   105.85   0.3786644028688238
23.8665   107.088   0.39915597202096337
25.2868   107.089   0.40191866092531864
25.9805   108.328   0.41878476572100654
27.4008   108.33   0.41664950497990805
28.0935   109.569   0.42934790089157227
29.5137   109.573   0.4224393092504575
30.2054   110.813   0.43005447329378904
31.6254   110.818   0.4193891391059174
32.3162   112.059   0.4216067480484638
33.7361   112.066   0.4071970653135912
17.4864   105.834   0.3306989265177616
18.9067   105.833   0.34869155424242565
19.6019   107.07   0.3724846439787852
21.0222   107.07   0.3862018254747138
21.7166   108.308   0.40613576547750363
23.1369   108.308   0.4151291967568617
23.8305   109.547   0.4306925237335818
25.2507   109.548   0.43464875474341264
25.9434   110.787   0.44563896822427773
27.3635   110.79   0.4441578548219059
28.0554   112.03   0.4499594759531099
29.4754   112.033   0.44397091120928095
16.7579   107.055   0.3362030487666619
17.4528   108.292   0.3594273222780911
18.8729   108.291   0.379297482195705
19.5672   109.529   0.39905043540885854
20.9873   109.529   0.41379323339078644
21.6809   110.768   0.4290140440591645
23.101   110.768   0.43907762411673995
23.7938   112.007   0.44906829102041657
25.2139   112.008   0.45366229730935737
15.3042   109.516   0.33276544291737864
16.7241   109.514   0.3587900779007134
17.4182   110.752   0.3780032010446499
18.8382   110.751   0.39907317624716077
19.5318   111.989   0.41407347174142844
20.9518   111.989   0.4296555364475097
14.5757   110.737   0.32592060382860344
15.2698   111.975   0.3447943154983866
16.6896   111.974   0.3713062482641511
45.4871   85.185   0.528227025056462
46.9088   85.2067   0.5271673548314635
47.6119   86.44   0.5082783194274608
49.0334   86.4628   0.5020031474004895
49.735   87.6971   0.47910033395938745
41.211   85.1321   0.5066095241899807
42.6328   85.1505   0.5175042125432433
43.3369   86.3832   0.5020964548769481
44.7585   86.4031   0.5079536297734293
45.4614   87.6365   0.48818018190008805
46.8829   87.6579   0.4892212893977541
47.5843   88.8921   0.4655485366747477
49.0056   88.9148   0.46169074064789417
49.7054   90.15   0.4347551609814401
51.1265   90.1738   0.426191001782065
36.9351   85.0867   0.4534240178905374
38.3567   85.1017   0.4737448047208561
39.0615   86.3341   0.46203775819731374
40.483   86.3505   0.47837204140710704
41.1868   87.5834   0.4620576695608465
42.6084   87.6013   0.474037308658295
43.3109   88.8349   0.45342101848061445
44.7323   88.8543   0.4609887959592958
45.4335   90.0887   0.43672102079016223
46.8548   90.1097   0.43981257371748583
47.5544   91.3449   0.4125123270885391
48.9755   91.3674   0.41105480169923514
49.6733   92.6036   0.3811365896893154
32.6599   85.0485   0.3780201185122295
34.0813   85.0605   0.40447512902525673
34.7864   86.2927   0.3962534290072454
36.2079   86.3057   0.42006716129685945
36.9122   87.5383   0.4072672955197812
38.3336   87.5527   0.42778038758222564
39.037   88.7858   0.4107855644980747
40.4584   88.8015   0.42769058909449753
41.1606   90.0353   0.4067166089551804
42.5819   90.0527   0.4196882056956075
43.2828   91.2871   0.39524642945888794
44.704   91.3062   0.40417607549185686
45.4034   92.5415   0.3769695611054016
46.8244   92.5622   0.38179959402806923
47.5221   93.7985   0.35219491762374744
48.9431   93.8208   0.35294493904856883
29.807   85.0257   0.321687379298594
30.5122   86.2579   0.31635350480119695
31.9335   86.2681   0.3434419310451162
32.6381   87.5006   0.3341269968140811
34.0594   87.5118   0.35952041666642526
34.7632   88.7447   0.346102845986567
36.1845   88.757   0.3691987134322112
36.8874   89.9903   0.3519891759699425
38.3087   90.004   0.3721085997393776
39.0105   91.2379   0.3513968696502635
40.4318   91.2531   0.3683900242949019
41.1323   92.4878   0.3445666263583898
42.5534   92.5047   0.35790409329875
43.2525   93.7401   0.33169205597963836
44.6735   93.7588   0.3413460414301051
45.371   94.9952   0.31313533815269473
46.7919   95.0156   0.3190768872858024
47.4877   96.253   0.2894436387278213
28.3647   87.469   0.2555129937987506
29.7859   87.4777   0.28135113292823155
30.4899   88.7104   0.271431925167244
31.9112   88.7199   0.2965635513680035
32.6145   89.953   0.2832212739184655
34.0357   89.9635   0.3068880577670001
34.7381   91.197   0.290375704906593
36.1593   91.2087   0.31193694875727773
36.8607   92.4428   0.2925072648670385
38.2818   92.4559   0.3114572522835199
38.982   93.6907   0.28950621754980876
40.4031   93.7054   0.30549392792656616
41.1019   94.941   0.2815516648858571
42.5228   94.9575   0.2942181163694765
43.2201   96.1939   0.2688612095487227
44.6408   96.2123   0.2779797294768046
45.3365   97.4498   0.2516834122464245
46.7571   97.47   0.25737171561770417
27.6384   88.689   0.22329552167475847
28.3419   89.922   0.21410394671747504
29.7631   89.9299   0.23664591693076034
30.4659   91.1633   0.22484525789973372
31.887   91.172   0.24666864413622375
32.589   92.4058   0.23260696464207914
34.0101   92.4156   0.25287577978129894
34.7111   93.6499   0.23682060721144554
36.1321   93.661   0.25515228785962224
36.832   94.8959   0.23727532530796255
38.2529   94.9085   0.253081291287995
38.9514   96.1442   0.2339178274522932
40.3722   96.1585   0.24681484963429692
41.0693   97.3951   0.22674104171940762
42.49   97.4112   0.23654623226760751
43.1855   98.6488   0.21598134178673672
44.606   98.6669   0.2224300789012131
45.2999   99.9054   0.20161284681289454
54.0346   85.3089   0.45486235280577136
49.7621   85.2447   0.5118822716211244
51.1836   85.2686   0.4978480591505809
51.8852   86.5029   0.4756412618770596
53.3064   86.5274   0.4564208693738705
51.1563   87.7209   0.4677500828433932
51.8561   88.9561   0.44134537496160287
129.215   1.2057   0.15670239436588046
124.957   1.12491   0.13677152517976932
126.376   1.15131   0.13930090057138783
127.062   2.3947   0.1582850153994375
128.482   2.42185   0.16496657237149664
120.698   1.04844   0.14345695138263576
122.118   1.07284   0.1369055838890439
122.804   2.31613   0.1470997705640634
124.224   2.34153   0.1459923220583876
124.91   3.58495   0.16052325563606237
126.33   3.61128   0.16495488019455637
127.016   4.85466   0.18294946734002632
116.44   0.97659   0.17447786564490067
117.86   0.999038   0.16120710004215083
118.546   2.24212   0.16356617284756464
119.966   2.26552   0.154227359440536
120.653   3.5088   0.15913125274438947
122.072   3.53322   0.154956195100419
122.759   4.77666   0.1639438260502634
124.178   4.80205   0.16567353922699724
124.865   6.04548   0.17857729418938317
126.284   6.07172   0.18606815955449846
112.182   0.909655   0.2232675306106999
113.601   0.92982   0.20501254010425818
114.289   2.1727   0.20168475128278812
115.708   2.1941   0.1863725218480452
116.395   3.43714   0.1843780084500333
117.815   3.45961   0.17251878419465058
118.502   4.70283   0.17255271107693554
119.921   4.72633   0.16580802031264774
120.608   5.96971   0.1690543687693369
122.028   5.99423   0.16705997007062792
122.714   7.23765   0.17507834274975134
124.134   7.26305   0.17919244543227653
124.821   8.50633   0.19064938394865366
107.924   0.849591   0.28414485038620635
109.343   0.866454   0.26294282533661156
110.031   2.10908   0.2558837126508834
111.45   2.12769   0.23606421266257072
112.138   3.3705   0.2285026829164151
113.558   3.39064   0.21123006911895592
114.245   4.63361   0.20472241230505325
115.664   4.65505   0.19109292530075334
116.351   5.89818   0.1864523062340615
117.771   5.92078   0.17705051849683834
118.458   7.16405   0.1752671572200572
119.878   7.18771   0.17020921508543624
120.564   8.43106   0.1730976672286517
121.984   8.45568   0.17360083525145004
122.671   9.69899   0.17983306036432226
124.091   9.72434   0.18724185563063
103.665   0.798354   0.3480450278282965
105.085   0.81119   0.32722883943961917
105.773   2.05341   0.3185658658739192
107.193   2.06831   0.29712586575389227
107.881   3.3108   0.2858847187241735
109.3   3.32766   0.2655311900700191
109.988   4.57034   0.253281765036489
111.407   4.58896   0.23497847752507078
112.095   5.8318   0.22368661113262808
113.515   5.852   0.20837838083639906
114.202   7.09497   0.199186032642856
115.621   7.11656   0.18836962626708284
116.309   8.35967   0.18196346473949485
117.728   8.38245   0.17498307946770644
118.415   9.62568   0.17306936644016435
119.835   9.6495   0.17021730493696022
120.522   10.8928   0.1717665275890477
121.942   10.9174   0.17512018730004464
122.629   12.1606   0.1811065984441179
102.935   2.01786   0.35986409504144706
103.624   3.25986   0.347470416006889
105.043   3.27278   0.3269748039222577
105.731   4.51506   0.3116330760686363
107.151   4.53003   0.2912360939169455
107.839   5.77251   0.2746360311393977
109.258   5.78942   0.25581784535094665
109.946   7.03206   0.2400861228809361
111.365   7.05078   0.22419908474389666
112.053   8.29356   0.21069656119642716
113.473   8.31389   0.19843200245928155
114.16   9.55682   0.18896818356538214
115.58   9.57856   0.18001537823197153
116.267   10.8216   0.17519785957596612
117.687   10.8446   0.16963269142473592
118.374   12.0878   0.1681754143744029
119.794   12.1117   0.1672907050615765
120.481   13.3548   0.1697228328776136
121.901   13.3795   0.1735489844395589
101.475   4.46898   0.36987219630569734
102.895   4.47996   0.3506878190071615
103.583   5.72198   0.33178655020961884
105.002   5.73503   0.31226733995088213
105.691   6.97727   0.29157457382289087
107.11   6.99234   0.27292941871480364
107.798   8.23474   0.25325544495627367
109.218   8.25176   0.23676357933601125
109.905   9.49433   0.2200146622386788
111.325   9.51316   0.2072881147099383
112.013   10.7559   0.1948876599479785
113.432   10.7764   0.18561384646625734
114.12   12.0192   0.17897631128168615
115.54   12.0411   0.1720007267426467
116.227   13.2842   0.169732996202853
117.647   13.3072   0.16570522019537898
118.335   14.5503   0.16618200865316302
119.754   14.5743   0.16498199901806831
120.442   15.8174   0.1691238008087571
100.747   5.68985   0.3677967184464812
101.436   6.93156   0.3458242659212891
102.855   6.94277   0.3275782349302219
103.544   8.18471   0.3037453915699776
104.963   8.19795   0.28562196151556757
105.651   9.44008   0.26275351872049085
107.071   9.45531   0.24637264945606155
107.759   10.6976   0.22649017638741098
109.178   10.7148   0.21409577296154017
109.867   11.9573   0.1995339820682173
111.286   11.9762   0.19051262425361942
111.974   13.2189   0.18369651602575318
113.394   13.2395   0.17667577649468552
114.082   14.4824   0.17568827507833873
115.501   14.5044   0.17034124573925102
116.189   15.7474   0.1723032210958371
117.609   15.7705   0.16650087086859694
118.297   17.0136   0.17098295236660263
119.716   17.0374   0.16753978631955202
99.2894   8.1436   0.3537368373522894
100.709   8.15318   0.3371003513792282
101.398   9.39478   0.3108321791578215
102.817   9.40629   0.2937732746524115
103.506   10.6481   0.26812739509419714
104.926   10.6616   0.2522100315213493
105.614   11.9036   0.23017882178862095
107.033   11.919   0.21822321141436776
107.722   13.1612   0.20265497773309193
109.141   13.1785   0.1943840528438433
109.83   14.421   0.1878197273983721
111.249   14.4401   0.18253440771536766
111.937   15.6828   0.1841166478078569
113.357   15.7035   0.1788677723906651
114.045   16.9464   0.1840875878488284
115.464   16.9684   0.17815793555158277
116.153   18.2115   0.18458128290809647
117.572   18.2346   0.17689853023697052
118.261   19.4776   0.18306381401031183
98.5639   9.36602   0.3406155106568096
99.2536   10.6073   0.3129580483067977
100.673   10.6172   0.29705529788239854
101.362   11.8587   0.269901574652688
102.782   11.8705   0.25476493086765495
103.471   13.1122   0.23130166449898218
104.89   13.1259   0.21958790950323412
105.579   14.3679   0.20341683804444577
106.998   14.3835   0.19623682121355
107.687   15.6258   0.19081931243980563
109.106   15.6432   0.1875758246683211
109.795   16.8858   0.19137408392987443
111.214   16.905   0.1891577648419422
111.903   18.1478   0.1975497152617529
113.322   18.1685   0.19337954907382784
114.011   19.4115   0.20360483786001535
115.43   19.4335   0.1957930795508266
116.119   20.6766   0.20454762281679514
117.538   20.6995   0.19351829370888599
97.1104   11.8219   0.3102121854473158
98.5298   11.8305   0.296139764300574
99.2197   13.0716   0.26785326206712423
100.639   13.082   0.25392172022101545
101.329   14.3234   0.22943314930498324
102.748   14.3356   0.21836231359829034
103.437   15.5772   0.20222821267073765
104.857   15.5912   0.19568852802349024
105.546   16.8332   0.19164274053560826
106.965   16.849   0.1905883784494745
107.654   18.0913   0.1972861120302212
109.073   18.1089   0.1981493376219134
109.762   19.3516   0.21021400999933046
111.181   19.3709   0.20995773384184244
111.87   20.6138   0.22325680280788107
113.289   20.6346   0.21813218469542545
113.978   21.8776   0.23013982706172342
115.398   21.8996   0.21920994502987423
116.087   23.1426   0.227187983837174
96.3877   13.0458   0.2907920562876501
97.0783   14.2866   0.2625433488016777
98.4977   14.2957   0.2499681179670732
99.1879   15.5368   0.2251217226302247
100.607   15.5476   0.21509044609187034
101.297   16.7889   0.1986143499347427
102.716   16.8014   0.1937676959660696
103.406   18.0431   0.19032564199287674
104.825   18.0574   0.1913261351723809
105.514   19.2994   0.20043123509074923
106.934   19.3155   0.20385372206560695
107.623   20.5579   0.21911795909965773
109.042   20.5757   0.2227240669528136
109.731   21.8185   0.2392791257088711
111.151   21.8379   0.23766196582541643
111.84   23.0809   0.2526396841353288
113.259   23.1017   0.24590709627824872
113.949   24.3447   0.25572494989734385
115.368   24.3666   0.24363427509281668
94.9379   15.5033   0.25401602311665283
96.3573   15.5113   0.24309300689242677
97.0482   16.7521   0.21853468832201775
98.4675   16.7617   0.20939947468892708
99.1579   18.0027   0.19333354597689703
100.577   18.0139   0.18985533966681317
101.267   19.2553   0.18669817888774434
102.687   19.2682   0.18899698410292107
103.376   20.5099   0.19967786557352313
104.796   20.5245   0.2061007763207061
105.485   21.7667   0.22348299711611355
106.905   21.783   0.23050216918718705
107.594   23.0256   0.24957515902028798
109.013   23.0436   0.2530423087153592
109.703   24.2864   0.2700319425549505
111.122   24.306   0.26803083777804604
111.812   25.549   0.28016718223232273
113.231   25.5698   0.2721731250509557
113.921   26.8127   0.27927456024492747
94.2178   16.7286   0.2334924624051058
94.9093   17.9689   0.2099725220118111
96.3287   17.9775   0.20208691199580608
97.0198   19.2183   0.18623678476605773
98.4391   19.2284   0.18325678705030712
99.1298   20.4694   0.1804805252651914
100.549   20.4811   0.18458756729530534
101.239   21.7225   0.19544487713930733
102.659   21.7358   0.20433795535827168
103.349   22.9777   0.22237221049402328
104.768   22.9927   0.2334330739205579
105.458   24.2349   0.25360311512282174
106.877   24.2516   0.2616425806324363
107.567   25.4942   0.2803017124457153
108.986   25.5125   0.2833874556150957
109.676   26.7554   0.2974179718846865
111.096   26.775   0.29415657395339395
111.786   28.018   0.3028879330709619
113.205   28.0387   0.29281538552474135
92.7712   19.1872   0.19962377112959379
94.1907   19.1949   0.1929815794318194
94.8825   20.4353   0.17778014512312906
96.3018   20.4445   0.17556315103118547
96.9932   21.6852   0.17239245923183666
98.4124   21.6958   0.17766020938859492
99.1035   22.937   0.18735864004629899
100.523   22.9491   0.19855440060598256
101.213   24.1906   0.21687208211293912
102.633   24.2044   0.23029105497175067
103.323   25.4463   0.25111610860317557
104.742   25.4617   0.26315208530429374
105.433   26.7041   0.28231161860610327
106.852   26.7211   0.2903105234055409
107.542   27.9638   0.3054558069508611
108.962   27.9823   0.30782178285494877
92.0532   20.4136   0.18236211229309515
92.7458   21.6536   0.16817529545090856
94.1651   21.662   0.16655707730385227
94.8572   22.9024   0.1629425051973804
96.2765   22.9121   0.16846803851176534
96.9683   24.1529   0.1770955956538742
98.3875   24.1641   0.18934650775759793
99.0789   25.4052   0.20642715422152932
100.498   25.4179   0.22228072341073152
101.189   26.6595   0.24211239125662506
102.609   26.6737   0.25712833371684574
103.3   27.9157   0.27640884573399704
104.719   27.9316   0.28882079218782464
92.0289   22.8807   0.15645910008689579
92.7218   24.1207   0.15231684082858446
94.1411   24.1297   0.15758632554888688
94.8336   25.3701   0.16448005958170187
96.2529   25.3804   0.17699720336773792
96.945   26.6213   0.1919884892382883
98.3642   26.633   0.20895516265457928
99.0561   27.8742   0.22736022079510806
100.475   27.8874   0.2452901343307569
90.5867   25.3399   0.14107590155657862
92.0061   25.3483   0.14576014544449456
92.6993   26.5884   0.15028978674547347
94.1186   26.598   0.16212606206282967
94.8115   27.8384   0.17446056861079026
96.2308   27.8493   0.19161028156130067
89.8713   26.5677   0.13340955737877544
90.5653   27.8074   0.13554574873451777
91.9847   27.8165   0.1458224948353267
79.1252   44.9994   0.13709405530510718
79.825   46.2364   0.1571712760016913
81.245   46.2484   0.15132194156830087
81.9443   47.4858   0.17310415939543342
83.3642   47.4984   0.16483764739888765
84.0628   48.7364   0.1881359348981463
85.4826   48.7497   0.17721944024288175
86.1805   49.9883   0.20187763620569651
87.6001   50.0024   0.18831561273563915
88.2972   51.2416   0.214002126157662
89.7166   51.2566   0.19790224859763478
90.4129   52.4963   0.22449095750163306
91.8322   52.5122   0.20601611587446264
92.5277   53.7526   0.23295066001194303
93.9469   53.7692   0.21247752822357444
94.6418   55.0099   0.23954458875123832
96.0609   55.0271   0.21755318889871442
96.7555   56.268   0.24426438545150145
77.693   47.453   0.1742819554629784
79.1132   47.4652   0.17289930595580763
79.8132   48.7022   0.19631003540318379
81.2332   48.715   0.19303320957804046
81.9326   49.9525   0.21804444501064413
83.3525   49.9658   0.21241106374198207
84.051   51.2039   0.2389184170381179
85.4708   51.2179   0.23061489544259683
86.1686   52.4566   0.2580965904462895
87.5882   52.4714   0.24702036353304885
88.2851   53.7108   0.27510850586632224
89.7046   53.7264   0.2611910029078335
90.4007   54.9664   0.28935358992070526
91.82   54.9828   0.27272742803025835
92.5153   56.2233   0.3005064225603177
93.9345   56.2403   0.2815454847799912
76.9808   48.6816   0.18668607339595508
77.6815   49.9182   0.21091860989490832
79.1017   49.9312   0.21270568868744433
79.8017   51.1682   0.2388031197451138
81.2217   51.1817   0.23865868934526474
81.921   52.4193   0.2663398205300889
83.341   52.4334   0.2639008525943023
84.0394   53.6716   0.2925793567564195
85.4592   53.6864   0.28730988496743204
86.1568   54.9252   0.3166593437749784
87.5764   54.9407   0.3082779752106844
88.2731   56.1803   0.3375260286259404
89.6925   56.1966   0.32595550309819804
75.5493   51.1334   0.2161463855816238
76.9695   51.1468   0.2227893624031454
77.6703   52.3834   0.24928730412919084
79.0904   52.3972   0.25474035801183953
79.7904   53.6343   0.2829983215497935
81.2104   53.6486   0.2864691606438639
81.9096   54.8863   0.3159447103529345
83.3295   54.9011   0.31692680542989615
84.0278   56.1395   0.347121722166735
85.4476   56.155   0.34504650411212623
74.8368   52.3618   0.22304477129042696
75.5383   53.5979   0.2491191281294976
76.9585   53.6121   0.2599019238097305
77.6592   54.8488   0.2882040596521843
79.0793   54.8633   0.2975529196630414
79.7792   56.1006   0.3274390630331078
81.1992   56.1156   0.33464921933272274
73.4057   54.8115   0.23844659779497573
74.8259   54.8263   0.2541107829274494
75.5273   56.0624   0.28174055441132106
76.9475   56.0775   0.29676465422957665
72.6926   56.0395   0.23761374118514172
109.652   29.2251   0.31771622558503654
111.071   29.2449   0.31339656985997705
111.762   30.4876   0.3177254947277645
105.41   29.174   0.30395137769057856
106.829   29.1914   0.31200815694465633
107.52   30.4341   0.3222018001191183
108.939   30.4528   0.32372028048919277
109.63   31.6955   0.32879662407026294
111.049   31.7152   0.3236577204393529
101.167   29.1291   0.26314089381926464
102.586   29.1439   0.27938740129075146
103.277   30.3859   0.2945113919698196
104.697   30.4022   0.3065127729801787
105.388   31.6447   0.3167021471351261
106.807   31.6624   0.3238722742069776
107.498   32.9049   0.3291621636822788
108.917   32.9237   0.3302240148747529
109.609   34.1662   0.3297712237294231
96.9234   29.0902   0.20756081036650487
98.3425   29.1025   0.22711783285334214
99.0348   30.3438   0.2430022427880034
100.454   30.3576   0.26200354959427724
101.146   31.5993   0.27552939952026806
102.565   31.6146   0.29197474205828094
103.257   32.8567   0.3009950497931843
104.676   32.8734   0.3132785022946883
105.368   34.1158   0.3177417347469505
106.787   34.1337   0.3247569706719162
107.479   35.3761   0.3241592355617856
108.898   35.395   0.32521022431652086
92.6784   29.0565   0.15477771157373074
94.0977   29.0668   0.17114339017326854
94.791   30.3072   0.18389412714929526
96.2102   30.3188   0.20376226343462273
96.9032   31.5597   0.21700465432796542
98.3224   31.5726   0.23777935150050433
99.0151   32.8139   0.24905655984133399
100.434   32.8283   0.26870305171322584
101.127   34.07   0.2760369721613399
102.546   34.0859   0.29248735015381144
103.238   35.3279   0.29612519311939467
104.657   35.345   0.30825744111051223
105.349   36.5872   0.30714641459733466
106.768   36.6054   0.3141051575507786
107.461   37.8475   0.30768035361394563
88.4314   29.027   0.12104552862456901
89.8509   29.0357   0.12919148578757278
90.5453   30.2753   0.13467301140169036
91.9647   30.2851   0.14900771792092277
92.6588   31.5251   0.15804458231777743
94.0781   31.536   0.17700725973811787
94.7719   32.7765   0.18689596036297704
96.1911   32.7887   0.20814809631605843
96.8845   34.0296   0.2167295780460054
98.3036   34.0432   0.2379683382301072
98.9967   35.2845   0.2436393441133799
100.416   35.2995   0.26324349944490905
101.109   36.5412   0.2648216947306251
102.528   36.5574   0.28109217349474386
103.22   37.7994   0.2791165348022225
104.639   37.8168   0.2912489313285129
105.332   39.0589   0.2842228702972359
106.751   39.077   0.29190313461831646
87.7171   30.2553   0.11342720132314212
88.4124   31.4946   0.1154116545241404
89.8319   31.5039   0.1269133168741502
90.5268   32.7436   0.1320167792365864
91.9461   32.754   0.14864097685362576
92.6407   33.994   0.15488101884995292
94.0599   34.0056   0.17498462789628405
94.7541   35.246   0.18053537049564727
96.1733   35.2589   0.20203368531015248
96.867   36.4998   0.20525450055966868
98.2861   36.5141   0.2263258491644267
98.9795   37.7554   0.22634491379308677
100.399   37.7709   0.24532576301725967
101.092   39.0126   0.2417384743891641
102.511   39.0292   0.25789711126726933
103.204   40.2711   0.25005639363951654
104.623   40.2887   0.2626501094612374
105.316   41.5305   0.2511669166112418
86.2794   32.7142   0.09890005055610794
87.699   32.7233   0.1064919715283705
88.3947   33.9625   0.10812201440964547
89.8141   33.9725   0.12108430947072198
90.5095   35.2121   0.12360343846349513
91.9288   35.2232   0.14085425091207215
92.6238   36.4632   0.14303632405791372
94.043   36.4755   0.16301760641108543
94.7375   37.7159   0.16345919980227963
96.1566   37.7295   0.18458995097241832
96.8507   38.9704   0.18234333001236863
98.2697   38.9852   0.20296130173016083
98.9634   40.2265   0.19756080076776353
100.382   40.2425   0.21655080235362498
101.076   41.4841   0.20740732870369338
102.495   41.5011   0.22364060454219548
103.188   42.7428   0.21172616748999018
104.607   42.7605   0.22403859042584895
85.5659   33.9429   0.08997427410099024
86.2624   35.1816   0.08931214922954024
87.682   35.1914   0.09695674293209051
88.3781   36.4305   0.09664062292845202
89.7976   36.4412   0.10900224768324351
90.4933   37.6808   0.10805535618376678
91.9127   37.6926   0.12427827646053191
92.6079   38.9326   0.12203778103521466
94.0272   38.9456   0.14072032546864383
94.7219   40.186   0.13645882162762107
96.1411   40.2002   0.15618687524884975
96.8353   41.4411   0.14928881404847558
98.2544   41.4565   0.16870820964019223
98.9482   42.6978   0.1589862258184604
100.367   42.7142   0.1771387591691866
101.061   43.9557   0.16428408322171595
102.48   43.973   0.17969688366802783
103.174   45.2145   0.1648486578653288
84.13   36.4009   0.07830798171323962
85.5497   36.4105   0.07965161643055363
86.2466   37.6491   0.07876103097344443
87.6663   37.6596   0.08355142129251962
88.3627   38.8987   0.08162168829422907
89.7822   38.9102   0.09045407674615458
90.4783   40.1496   0.0870174120506898
91.8976   40.1622   0.09965184393677864
92.5931   41.4021   0.09417292604565478
94.0123   41.4158   0.10960885000765667
94.7073   42.6563   0.10174920147106108
96.1264   42.6711   0.11868605646831162
96.8208   43.912   0.10860989825977652
98.2398   43.928   0.12557145376239406
98.9339   45.1692   0.11324967991125433
100.353   45.186   0.12902991901105842
101.047   46.4273   0.11508105838929078
102.466   46.4447   0.12921335070340398
83.4172   37.6296   0.07287962678280031
84.1149   38.8678   0.07465313121362932
85.5346   38.8782   0.07113220086570866
86.2319   40.1167   0.07233602145542554
87.6515   40.128   0.07025930543351572
88.3483   41.367   0.07025396785947575
89.7678   41.3792   0.07071329436535184
90.4641   42.6186   0.06893866839445043
91.8834   42.6319   0.07233975393931204
92.5791   43.8719   0.06829743772646538
93.9983   43.8863   0.07462526381862793
94.6934   45.1267   0.06844749812813318
96.1124   45.1422   0.0769749959402422
96.807   46.383   0.06894301995126173
98.2259   46.3994   0.07874071373819518
98.9202   47.6406   0.06937240085221542
100.339   47.6576   0.07920258834154537
101.033   48.8989   0.07027986909492637
81.9828   40.0865   0.08327958933616522
83.4027   40.0968   0.07537247508208628
84.1008   41.3349   0.08248551387970797
85.5205   41.346   0.07300582168567582
86.2181   42.5844   0.08067868367790579
87.6377   42.5964   0.06974847668587379
88.3347   43.8354   0.07770411829497743
89.7542   43.8483   0.06577218256983637
90.4506   45.0878   0.07398398475346146
91.87   45.1018   0.06140252437807253
92.5657   46.3418   0.06996270435024063
93.9849   46.3568   0.05728271990749205
94.68   47.5973   0.06632435450118979
96.099   47.6132   0.053912707221947666
96.7936   48.8541   0.06405107337117558
98.2126   48.8709   0.05193736612497864
98.9069   50.112   0.06375727409481029
100.326   50.1292   0.05231873469419049
81.2705   41.3153   0.0901961196504593
81.9693   42.5529   0.10255666726254109
83.3892   42.5639   0.09250140539472863
84.0875   43.8019   0.1061229946806999
85.5073   43.8138   0.09342644165331312
86.205   45.0522   0.10847437485415604
87.6247   45.065   0.0931616337340665
88.3218   46.3039   0.10962180440040367
89.7413   46.3176   0.09192638359035071
90.4377   47.5571   0.10992461052921505
91.857   47.5718   0.09012951791727115
92.5528   48.8118   0.10973832511935053
93.9719   48.8274   0.08837952251511556
94.667   50.068   0.10981074628650643
96.0861   50.0844   0.08750942806349253
96.7807   51.3253   0.11058630114078348
98.1996   51.3424   0.08819574819683822
98.8941   52.5834   0.11257939420693362
79.8374   43.7706   0.12356484127776553
81.2574   43.7818   0.11604555140116314
81.9565   45.0193   0.13357162872406636
83.3764   45.0312   0.12354909955155514
84.0749   46.2691   0.1427697797154558
85.4947   46.2817   0.13015794251600396
86.1926   47.5202   0.15070165891588358
87.6122   47.5336   0.1354558968816041
88.3093   48.7726   0.15752936234238996
89.7288   48.787   0.1397051180164833
90.4252   50.0266   0.16310076639918053
91.8445   50.0419   0.1431508295470195
92.5402   51.2821   0.1677820312190784
93.9593   51.2982   0.146102600935096
94.6544   52.5389   0.17167437199535673
96.0734   52.5557   0.14889089965474514
96.7681   53.7966   0.17506038958028158
98.187   53.8138   0.1519403172301552
94.6293   57.4812   0.30838432191017684
96.0484   57.4985   0.28732946246425783
90.3883   57.4368   0.3545559617324168
91.8077   57.4537   0.3397491721844214
92.5028   58.6944   0.3669587715261754
93.922   58.7117   0.3493225014223956
94.6167   59.9528   0.3744767148969342
86.1448   57.3942   0.3751694017374009
87.5645   57.4104   0.36963683528566166
88.2608   58.6502   0.39887684816243785
89.6803   58.6671   0.3895954055170568
90.3758   59.9075   0.41709875329470736
91.7951   59.9249   0.4040917470080285
92.49   61.1659   0.42920404238543525
93.9093   61.1834   0.4127035740092404
81.8981   57.3535   0.3654283240253837
83.318   57.3692   0.3698014196835897
84.0159   58.6078   0.4006339725984302
85.4357   58.6241   0.40156211225662264
86.1326   59.8635   0.4315736437735737
87.5522   59.8804   0.4285832124570448
88.2482   61.1205   0.45661386312725816
89.6677   61.1379   0.4493172375949984
90.3629   62.3787   0.4745251626626344
91.7822   62.3964   0.4629205331371683
92.4769   63.6376   0.4845509777102913
77.6481   57.3143   0.32645835875345675
79.0681   57.3296   0.33988470103845453
79.7678   58.5671   0.370875302493977
81.1877   58.5829   0.381816788525599
81.8863   59.8211   0.4130158955778816
83.3062   59.8375   0.4208823826201341
84.0037   61.0765   0.45133460979632306
85.4235   61.0934   0.45511016248816
86.12   62.3332   0.48368552800347636
87.5396   62.3507   0.48294399261197857
88.2352   63.5913   0.5083827790159706
89.6547   63.6091   0.5027712103929572
90.3495   64.8502   0.5241839467209967
91.7689   64.8682   0.5136932353068315
73.3948   57.2752   0.2640959863383021
74.815   57.2908   0.2842703466772438
75.5163   58.5271   0.3132686546719931
76.9363   58.5429   0.3325543865294832
77.6367   59.7799   0.36314466814204954
79.0567   59.7961   0.380674204537162
79.756   61.0338   0.41193694905895617
81.1759   61.0505   0.4265397285130643
81.8741   62.289   0.45725159376430746
83.2939   62.3062   0.46820793457607857
83.9911   63.5455   0.4971252256725666
85.4108   63.5632   0.5034314451839493
86.1068   64.8034   0.529161497087608
87.5264   64.8215   0.5303142464614727
88.2216   66.0624   0.5518545098121413
89.6411   66.0807   0.547535067370117
90.3356   67.3221   0.5639946542299861
71.2616   58.4869   0.23618693867358517
72.6818   58.5031   0.26052819425160084
73.3838   59.739   0.2881277841514066
74.8039   59.7554   0.31281178046870123
75.5049   60.9919   0.3424844084042389
76.9249   61.0085   0.3661184644346655
77.625   62.2458   0.396969444667974
79.0449   62.2628   0.41836015584661024
79.7438   63.5009   0.44903745946190027
81.1636   63.5183   0.4670838040437715
81.8614   64.7573   0.4961370274430225
83.2811   64.7752   0.5096921816155293
83.9778   66.015   0.5357716491192865
85.3974   66.0334   0.5441196651472905
86.093   67.274   0.5659564735913898
87.5126   67.2926   0.5684928671496257
88.2073   68.5339   0.5850417591933076
89.6269   68.5525   0.5816491898043015
70.5479   59.7143   0.22714640653111673
71.2507   60.9497   0.2526993668373532
72.6707   60.9667   0.2814239151173869
73.3725   62.2028   0.30977056025387595
74.7924   62.22   0.3386749916955797
75.4932   63.4568   0.3685877100501303
76.9131   63.4743   0.3962139573513283
77.6127   64.7119   0.42647402031073484
79.0325   64.7298   0.45137781292393897
79.7309   65.9682   0.48034938326181026
81.1507   65.9865   0.5012590348312956
81.8479   67.2259   0.5275573997206348
83.2676   67.2446   0.5434441737658076
83.9637   68.4849   0.5654985587956871
85.3834   68.5039   0.5755301382204053
86.0784   69.7449   0.5923704584126402
87.498   69.764   0.5959060412514703
88.1922   71.0057   0.6066127182972683
69.1168   62.1592   0.20944359622580747
70.5368   62.1769   0.2405427196986038
71.2393   63.4125   0.26655860518842506
72.6592   63.4304   0.2995212680261611
73.3606   64.6667   0.3279572075744069
74.7805   64.6848   0.3609148514539131
75.4808   65.9218   0.3901991927208467
76.9006   65.9402   0.4215089322896974
77.5997   67.1782   0.45003882054773675
79.0194   67.1969   0.47803038606348147
79.7173   68.4358   0.5042176117511171
81.137   68.455   0.527615901958991
81.8336   69.6948   0.5500678594500878
83.2533   69.7143   0.5676846571821346
83.9487   70.955   0.5850339050003854
85.3683   70.9747   0.5961424410323406
86.0628   72.2161   0.6072409900525475
87.4824   72.2356   0.6113879128671114
68.4022   63.3858   0.19369881259315416
69.1053   64.6209   0.21647637284470803
70.5252   64.6394   0.2510546753199343
71.2273   65.8753   0.2771195590354455
72.6472   65.894   0.31397028521820464
73.3481   67.1306   0.34167904530421406
74.7679   67.1496   0.3782194733220379
75.4676   68.387   0.40588457718913423
76.8873   68.4063   0.44027104151874247
77.5858   69.6447   0.4662685385054433
79.0055   69.6643   0.49678209508797494
79.7026   70.9037   0.5193594131235143
81.1223   70.9237   0.5446593338959669
81.8182   72.164   0.5624691458204619
83.2378   72.1842   0.5813389200801874
83.9326   73.4253   0.5932313039616129
85.3523   73.4455   0.6049306323868868
86.0461   74.6873   0.6098140782238465
66.9706   65.8279   0.1671397319610165
68.3905   65.8472   0.19840902197229268
69.0932   67.0825   0.22085110368752334
70.513   67.1019   0.2583652066358804
71.2146   68.338   0.28377466412631513
72.6343   68.3576   0.3236046044171769
73.3347   69.5946   0.3499551685573459
74.7543   69.6145   0.38937443418899753
75.4534   70.8523   0.4146769706651195
76.873   70.8725   0.45152539241996453
77.5708   72.1114   0.47419862926836953
78.9904   72.1319   0.5066127317784253
79.6868   73.3718   0.5251285652104648
81.1064   73.3925   0.551615101316123
81.8016   74.6333   0.5644283568354781
83.2212   74.6542   0.583884654705021
83.9153   75.8957   0.5898169970423016
85.3349   75.9163   0.6015355434220011
66.2548   67.0535   0.1528866900681695
66.9582   68.2883   0.16918847478478652
68.378   68.3084   0.20084409376428905
69.0802   69.544   0.22235665045147904
70.4999   69.5643   0.2618681729420369
71.2009   70.8008   0.2858352847358069
72.6205   70.8213   0.3280471460019152
73.3202   72.0586   0.352193412772018
74.7397   72.0794   0.3937476095165515
75.438   73.3178   0.41621400745289977
76.8575   73.3388   0.45477908922904364
77.5545   74.5782   0.47383752489645764
78.974   74.5996   0.5073747431632771
79.6696   75.8399   0.5213187124974504
81.0892   75.8614   0.5483468245554112
81.7835   77.1027   0.5558592447733542
83.2031   77.1241   0.5752159333676361
83.8965   78.3659   0.5750537453142972
64.8222   69.4928   0.1445315882428419
66.242   69.5135   0.15618492244772755
66.9449   70.7486   0.17049108481090697
68.3645   70.7696   0.20098781057567183
69.0661   72.0055   0.2209758357830181
70.4857   72.0266   0.26119896630729067
71.1859   73.2635   0.2833077125670981
72.6054   73.2849   0.3268325259211493
73.3043   74.5227   0.3486507851704884
74.7237   74.5444   0.3914570346794126
75.4211   75.7833   0.41081034553671536
76.8406   75.8052   0.4501990670803276
77.5366   77.0451   0.4654700957097071
78.9561   77.0672   0.49932212047935637
79.6507   78.3081   0.5086294328880309
81.0703   78.3302   0.535333849107265
81.7638   79.5718   0.5373875882452075
83.1834   79.5938   0.5558118026814484
64.1049   70.7172   0.15136852380861623
64.8084   71.9518   0.1538488218999532
66.2281   71.9733   0.15957788067272166
66.9303   73.2088   0.17126774360632285
68.3498   73.2306   0.19915428692347587
69.0506   74.4669   0.217018939265678
70.47   74.4889   0.2567579794280992
71.1694   75.7262   0.27681535362041687
72.5888   75.7485   0.3205490602076409
73.2866   76.9868   0.3397683475546288
74.706   77.0093   0.3829357909623999
75.4024   78.2487   0.39916450242976353
76.8218   78.2715   0.4385235455480129
77.5168   79.5119   0.4498972104825709
78.9363   79.5347   0.48307773701548296
79.6299   80.776   0.4878329529664833
81.0495   80.7988   0.5133480008726993
81.7422   82.0407   0.5103395928203104
62.6706   73.1537   0.18852591333819244
64.0904   73.1758   0.1650154235215603
64.7932   74.4108   0.16399378036985965
66.2127   74.433   0.1633120326246643
66.914   75.6689   0.17177729768510788
68.3335   75.6915   0.19568254904308396
69.0333   76.9283   0.21111657916895127
70.4526   76.9511   0.24911485302968764
71.1509   78.189   0.26682942116640146
72.5702   78.212   0.3099477536618093
73.267   79.4509   0.3265854558917127
74.6863   79.4742   0.3690857488443581
75.3816   80.7142   0.3822533322287778
76.801   80.7376   0.42063676729453864
77.4948   81.9785   0.4281056061300754
78.9143   82.002   0.4598490295738326
79.6071   83.2436   0.46022270695827194
81.0267   83.2668   0.48365220975407996
61.9514   74.3769   0.21637361206949313
62.6546   75.6114   0.2069545843899078
64.0743   75.6342   0.17882130745523286
64.7761   76.8696   0.17431161751300425
66.1956   76.8926   0.1674168748961753
66.8958   78.129   0.17215806690363583
68.3152   78.1523   0.19118179829680995
69.0139   79.3897   0.20371646963366558
70.4332   79.4132   0.2392134820615248
71.1302   80.6517   0.2544489536233205
72.5495   80.6754   0.29587042772131755
73.245   81.9149   0.3098993384955862
74.6643   81.9388   0.35090240808520673
75.3583   83.1794   0.36085056463860266
76.7777   83.2034   0.39744420992134094
77.4705   84.4448   0.40131675768649133
78.8901   84.4688   0.43073691506533446
60.5144   76.8109   0.2748023653464438
61.9344   76.834   0.23538914588399806
62.6365   78.0691   0.22316731391491906
64.0563   78.0925   0.19169986958784946
64.7569   79.3285   0.18381604935370216
66.1764   79.3521   0.17145031350219087
66.8753   80.5891   0.17240478531641537
68.2947   80.613   0.1861237491563072
68.992   81.8511   0.19554889414159618
70.4112   81.8752   0.22750606585319738
71.1069   83.1143   0.2402503694065776
72.5262   83.1386   0.2792619737808933
73.2203   84.3788   0.2906547952468623
74.6397   84.4033   0.32933431342634356
59.7928   78.0327   0.3062121323527188
60.4953   79.2673   0.29125672524424084
61.9152   79.2911   0.2508230651275929
62.6161   80.5267   0.23585728735827044
64.0358   80.5507   0.20221290759988234
64.7351   81.7873   0.1910662973943872
66.1546   81.8115   0.17446231684808636
66.8521   83.0492   0.1717574161426388
68.2714   83.0736   0.18028078100563005
68.9672   84.3124   0.18660297425283248
70.3865   84.337   0.21475262512946833
58.3521   80.4643   0.3599445790673891
59.7724   80.4885   0.3196985611478384
60.4736   81.7237   0.3016106596259509
61.8935   81.7481   0.2614180942475127
62.593   82.9844   0.24352188813328804
64.0127   83.0089   0.2090192574859962
64.7103   84.2462   0.19463550549681974
66.1299   84.2709   0.1752615474084503
57.6277   81.6847   0.38428870657358616
58.329   82.9197   0.3646785159561762
59.7494   82.9443   0.32591241154641526
60.449   84.1803   0.30457445723500626
61.869   84.2051   0.26569939781640367
56.1826   84.1147   0.41714000047945765
57.6033   84.1395   0.3833422100421487
45.2615   102.362   0.1757081671408684
46.6817   102.382   0.17305042617687716
47.3727   103.622   0.16289987722525004
48.7928   103.643   0.1579901579213102
49.4828   104.884   0.1493600013390429
50.9029   104.907   0.14038703643855938
51.5921   106.148   0.1336151189050106
53.0122   106.172   0.12267587374867481
53.7008   107.413   0.11867741992476968
55.1208   107.438   0.10648830921749113
55.8088   108.68   0.10618027123716448
57.2288   108.704   0.09654807092843005
57.9162   109.947   0.10230386111970106
59.3361   109.973   0.09609042616202812
60.0228   111.215   0.11028893870193475
61.4426   111.242   0.11017027729836913
62.1288   112.485   0.12944805908162355
63.5486   112.512   0.13497929470848535
44.5304   103.579   0.17997772084344466
45.2212   104.82   0.17850131652176227
46.6413   104.839   0.1689427713753946
47.3311   106.08   0.16757472959847022
48.7511   106.101   0.1560567845369085
49.44   107.343   0.15410892251910185
50.86   107.365   0.14190151514342558
51.5483   108.607   0.14193780328017236
52.9683   108.63   0.12869098647535487
53.6561   109.872   0.13085048719817977
55.076   109.896   0.11868365515098862
55.7633   111.139   0.12371519712630867
57.1831   111.163   0.11536299233289561
57.8698   112.406   0.12541634662196025
59.2896   112.432   0.12161619957883536
43.07   106.02   0.21188584190549173
44.49   106.037   0.19666845196929195
45.1796   107.279   0.20028454758168113
46.5995   107.298   0.18473713757661234
47.2883   108.54   0.18640842255648168
48.7081   108.56   0.17111545809774237
49.3963   109.802   0.17226041332818146
50.8161   109.824   0.15705046959497182
51.5038   111.067   0.1578908483731715
52.9236   111.089   0.1450602978075011
53.6108   112.332   0.14843560893532617
55.0307   112.355   0.13756438492574927
42.3388   107.238   0.2371982504151377
43.0283   108.479   0.2431017071104202
44.4482   108.496   0.22382272002637116
45.1369   109.738   0.22669649313564638
46.5566   109.757   0.20716363097802687
47.2447   110.999   0.20846162716433322
48.6644   111.02   0.19025209591486836
49.352   112.262   0.1902075708272422
50.7718   112.284   0.17408943104047783
40.8773   109.682   0.2887917069446368
42.2971   109.697   0.26802302139928025
42.9857   110.939   0.2692415272575912
44.4055   110.956   0.248002822564581
45.0935   112.198   0.24688841609115744
46.5132   112.217   0.2261996463304049
40.1463   110.9   0.3126306127045065
40.835   112.142   0.3110757142561961
42.2547   112.157   0.2893447251981602
51.8245   91.41   0.3964942748640919
51.0943   92.6273   0.375537002171555
51.7904   93.8645   0.34372982122591644
53.2112   93.8892   0.33400438619874395
53.9057   95.1274   0.30116737871157484
49.6391   95.0581   0.32174705903862055
51.0598   95.0817   0.31857906396999697
51.7542   96.3198   0.28648230311835843
53.1748   96.3445   0.2795173339884327
53.8678   97.5835   0.24731718500743413
55.2882   97.6088   0.237046240214859
55.9801   98.8485   0.2055008029181389
48.9084   96.2751   0.2916359717181709
49.6027   97.5133   0.26136881986954413
51.0232   97.5368   0.25983554414282933
51.7161   98.7759   0.22961300050302355
53.1365   98.8003   0.2247246092442982
53.8282   100.04   0.19514366502656152
55.2485   100.065   0.18696577226861935
55.9393   101.306   0.1585894069602397
57.3596   101.331   0.1485902082911224
58.0496   102.572   0.12230617318843504
47.4512   98.7084   0.23061979533422558
48.8717   98.7302   0.232958215137397
49.5644   99.9695   0.20663603267581096
50.9848   99.9927   0.2051603519201493
51.6762   101.233   0.17950579377835776
53.0965   101.257   0.17491726615745712
53.7871   102.497   0.15132365974955386
55.2073   102.522   0.14339194538048128
55.8971   103.763   0.12167859302275928
57.3173   103.789   0.11098864806816967
58.0064   105.03   0.0938175356743042
59.4265   105.056   0.08375619380082162
60.1149   106.298   0.07468855333984778
46.7204   99.9253   0.20522828752391806
47.4128   101.165   0.18527212418493677
48.8331   101.186   0.18515128949050316
49.5244   102.427   0.16581586172618853
50.9446   102.449   0.16278396726950523
51.6348   103.69   0.1452581150917257
53.055   103.714   0.13841069322851718
53.7445   104.955   0.12344780273460317
55.1647   104.98   0.1137205346452372
55.8536   106.221   0.10287006367257538
57.2737   106.246   0.09226900888163567
57.9619   107.488   0.08777590785631642
59.3819   107.514   0.07886323604823672
60.0694   108.757   0.08492561451057991
61.4893   108.783   0.08346076922722118
62.1761   110.026   0.0994861799447558
79.5819   85.7108   0.4270800978739282
75.3325   85.6444   0.33637364641124823
76.752   85.6689   0.3702454996350342
77.4438   86.9107   0.3707645344420101
78.8634   86.935   0.39712873227708084
71.0807   85.5769   0.22487087405886383
72.5   85.6017   0.26082614899584317
73.1929   86.8424   0.2696451371710532
74.6123   86.8674   0.3052107632440294
75.304   88.1089   0.3094617746992361
76.7236   88.1338   0.33996295386409303
77.4144   89.3759   0.33754989260848817
66.8258   85.5094   0.1691636485773477
68.2452   85.5342   0.17360538586115598
68.9394   86.7737   0.17683192585051138
70.3588   86.7988   0.20114425172000697
71.0516   88.0392   0.20880407084154082
72.471   88.0645   0.24125362173447232
73.1626   89.3057   0.2476563344637086
74.5821   89.3311   0.27955561164104237
75.2729   90.5729   0.2812357196374631
76.6925   90.5981   0.3079508077599394
62.5668   85.4422   0.2446945442791875
63.9865   85.4671   0.21076501132778336
64.6825   86.7052   0.1934097722453648
66.1021   86.7303   0.1729203863053664
66.7964   87.9695   0.16385032804362581
68.2158   87.9948   0.16526106619527445
68.9086   89.2349   0.16602135404821555
70.3281   89.2604   0.18690676820276014
71.0196   90.5014   0.19230447212688281
72.4391   90.5269   0.220988642242084
73.1297   91.7686   0.22520872540822784
74.5493   91.7942   0.2531147763367473
75.2392   93.0363   0.25274204240687653
58.303   85.3752   0.3601226457750156
59.7234   85.4002   0.32367313759408767
60.4213   86.637   0.2991259433750295
61.8413   86.6622   0.2624541102745382
62.5374   87.9001   0.23866195758855388
63.9572   87.9254   0.20647455048988686
64.6516   89.1643   0.1866582706445134
66.0712   89.1897   0.16660366142436075
66.764   90.4296   0.15516897241393696
68.1835   90.4552   0.15528641279905628
68.875   91.696   0.15402155693278238
70.2946   91.7218   0.1719745911464826
70.9851   92.9632   0.17565130230089948
72.4047   92.9891   0.20069123050098417
73.0944   94.2311   0.20319520171499428
74.5141   94.2568   0.22709306462329934
55.4555   85.3338   0.42787902495916025
56.1554   86.5693   0.4034486460505211
57.576   86.5944   0.37242913419871215
58.274   87.831   0.34583536545587756
59.6943   87.8563   0.3122495316249499
60.3905   89.094   0.2849075815067067
61.8106   89.1195   0.25128947451097
62.505   90.3582   0.2251938276241191
63.9248   90.3838   0.19572260983340545
64.6177   91.6234   0.17418949451675034
66.0374   91.6492   0.15598387737199154
66.7289   92.8897   0.14323218911962216
68.1486   92.9156   0.14348188038913567
68.839   94.1569   0.14090919061579452
70.2587   94.1829   0.15695062918001196
70.9483   95.4248   0.15943202313211666
72.368   95.4508   0.18104333735324
73.057   96.6931   0.1826704683302765
54.0063   87.7627   0.4310195007189355
55.4272   87.7878   0.4071174891846307
56.1252   89.0242   0.37901505247153655
57.5458   89.0496   0.35143245439202314
58.242   90.2871   0.32182134795566525
59.6624   90.3127   0.2918847889150745
60.3568   91.5512   0.2622385555176807
61.7769   91.577   0.23232877566069937
62.4699   92.8164   0.20480805648216294
63.8898   92.8423   0.1790072624225075
64.5814   94.0826   0.15669620288953956
66.0012   94.1087   0.1415051589165569
66.6917   95.3497   0.12857857519820745
68.1114   95.376   0.1300875474440227
68.8011   96.6176   0.12752446824042069
70.2208   96.6439   0.14238349623463484
70.9097   97.8861   0.14453335255227476
72.3295   97.9123   0.16340676240596705
53.2772   88.9808   0.4252323717686602
53.9752   90.2171   0.39611338023348697
55.396   90.2423   0.3757748794158546
56.0923   91.4796   0.34484344273887646
57.5128   91.5052   0.32092941591571034
58.2073   92.7435   0.2892468495939046
59.6277   92.7694   0.2633490079723105
60.3207   94.0086   0.23236060337329326
61.7408   94.0347   0.20670476530549708
62.4325   95.2747   0.17866530161170013
63.8525   95.301   0.15704588501454164
64.5431   96.5417   0.1351376705437811
65.963   96.5682   0.12393716149725752
66.6527   97.8096   0.1121546254061722
68.0725   97.8362   0.11615597272634069
68.7615   99.0782   0.1148704922945765
70.1812   99.1048   0.12932818718284353
70.8696   100.347   0.13253580648262991
53.2454   91.4347   0.38364364975846815
53.9416   92.6719   0.3520225845027589
55.3623   92.6973   0.33519358585748454
56.0568   93.9354   0.3024756849731877
57.4773   93.9612   0.2825318743080122
58.1704   95.2003   0.24992452860813563
59.5907   95.2264   0.22823242539131114
60.2825   96.4662   0.19711689425313075
61.7027   96.4926   0.17590397948880918
62.3935   97.7331   0.14848127828114183
63.8135   97.7597   0.131518667876465
64.5033   99.0009   0.1112543032875503
65.9232   99.0277   0.10469847181309895
66.6123   100.269   0.09617718024563791
68.0321   100.296   0.10346501824288003
68.7204   101.539   0.10528010258353718
70.1402   101.565   0.11928914451868347
55.3263   95.1528   0.28793546151872595
56.0193   96.3918   0.2547715839727788
57.4397   96.4176   0.23875745014554406
58.1316   97.6574   0.20652878733968658
59.5519   97.6836   0.18887302613131937
60.2428   98.924   0.15900144653430073
61.6629   98.9506   0.1418311672376685
62.3529   100.191   0.11670034275870914
63.773   100.218   0.1044124513647697
64.4622   101.46   0.08819580488888991
65.8821   101.487   0.08722935285785166
66.5704   102.729   0.08481497509284813
67.9903   102.756   0.09523812261904796
68.6779   103.999   0.10219148692528017
57.4004   98.8744   0.1926424927164332
58.0913   100.115   0.16223686387501932
59.5115   100.141   0.1481906879665505
60.2016   101.382   0.1207647713532375
61.6217   101.409   0.10757369566952611
62.311   102.65   0.08717258743435102
63.731   102.677   0.07997212014195948
64.4195   103.919   0.07271794826588825
65.8394   103.947   0.07737370354325236
66.527   105.189   0.08458025774375531
67.9468   105.216   0.09628047569471111
59.4697   102.599   0.11006929635461567
60.159   103.84   0.08895397686443884
61.5791   103.867   0.07920050504889008
62.2676   105.108   0.06941937769816048
63.6876   105.136   0.06796212180325284
64.3752   106.378   0.07500619974375633
65.7951   106.406   0.08276738488076395
66.4819   107.649   0.09906225315426738
61.5349   106.325   0.06876925184993618
62.2225   107.567   0.07512396421914776
63.6424   107.594   0.07813277161345525
64.3292   108.837   0.09545768696129
65.7491   108.865   0.10357461078854954
63.5959   110.053   0.10402043068551536
64.2821   111.296   0.12525913140366232
