1.55856   -0.0245445   0.16298781236264226
2.97765   0.00487236   0.1425559258634574
3.66288   1.24916   0.1334020243474588
5.08189   1.27849   0.13456833394227627
5.76645   2.52317   0.12610156224250355
7.18541   2.55191   0.1525940464107309
7.86972   3.7967   0.1486689342129019
9.28872   3.82442   0.19168675932364398
9.97324   5.06904   0.193030175102237
11.3923   5.09556   0.24280130065549632
12.0774   6.33981   0.24840713375424808
13.4966   6.36519   0.29980928938243373
14.1824   7.60903   0.30839565512503503
15.6017   7.63342   0.3593301206411742
16.2881   8.87688   0.37008824204505764
17.7077   8.90035   0.4193086314398967
18.3947   10.1434   0.43153726374439605
19.8144   10.1659   0.4784406859789413
20.5021   11.4085   0.49147783266389555
21.922   11.4296   0.5353573386066545
22.6107   12.6718   0.5488282062722358
24.0307   12.6912   0.5890846883089063
24.7206   13.9327   0.6019683048134666
26.1409   13.9502   0.6380591978805714
26.8321   15.1908   0.649892829626546
2.9285   2.46355   0.14978617426184548
3.61312   3.70813   0.14126706091654914
5.03203   3.73763   0.11464117628496262
5.71633   4.9824   0.10435965599789974
7.13521   5.01125   0.10886901533494317
7.81968   6.25589   0.10269695662481984
9.23859   6.2837   0.14098770052738757
9.92366   7.52796   0.14185513067915434
11.3427   7.55462   0.19463801684152138
12.0285   8.79841   0.20009535751736116
13.4476   8.82403   0.25653437508451143
14.1342   10.0674   0.264626604860509
15.5535   10.0921   0.3211988325009915
16.2408   11.3351   0.3308493463798896
17.6602   11.359   0.3861175080205515
18.3483   12.6015   0.39666648459379544
19.7679   12.6244   0.4497485630883104
20.4568   13.8664   0.4605154286231884
21.8766   13.8879   0.5106593091288965
22.5667   15.1293   0.5210748986470198
23.9867   15.1491   0.5674685277616717
24.6782   16.3897   0.5770729416633587
26.0985   16.4076   0.6191803210697205
26.7915   17.6473   0.6274156198246904
28.2121   17.6634   0.6647715773105835
28.9066   18.9021   0.6715230003506943
4.98156   6.19656   0.12622912698739513
5.66606   7.44119   0.11659441367406856
7.08491   7.47013   0.08486619409399702
7.77002   8.71438   0.07551815212251954
9.18891   8.74234   0.09143724077201937
9.87488   9.98608   0.09047849578767295
11.2939   10.013   0.1423181140965551
11.9807   11.2562   0.14707090126874137
13.3998   11.2822   0.2071979005685163
14.0874   12.525   0.2142899204349099
15.5066   12.5503   0.2756006712618817
16.1949   13.7926   0.2837161433545864
17.6143   13.817   0.3440926764695817
18.3035   15.0589   0.3526664571517971
19.7231   15.0822   0.4108994767580011
20.4134   16.3235   0.4193466108125831
21.8332   16.3454   0.4747149671118475
22.5249   17.5859   0.48243399548539445
23.945   17.6061   0.5341532551618507
24.6382   18.8456   0.5406810612551544
26.0586   18.864   0.588133573263763
7.03546   9.92859   0.10105414192401971
7.72155   11.1723   0.09215670838305744
9.14047   11.2004   0.05872255188596621
9.82752   12.4436   0.05281265378675802
11.2465   12.4708   0.08754273242251559
11.9344   13.7134   0.09057919187098148
13.3535   13.7399   0.15213300102213237
14.0422   14.9821   0.1579711682554759
15.4613   15.0078   0.22269712616017215
16.1509   16.2495   0.22927219630823226
17.5702   16.2744   0.2936522773621878
18.2608   17.5155   0.3003792269781654
19.6803   17.5392   0.3629080048717579
20.3723   18.7796   0.3690516088570803
21.7921   18.8019   0.42882485935402703
9.09376   13.6581   0.07965060012328731
9.78187   14.9007   0.07288924200456451
11.2009   14.9282   0.042174399817900075
11.8898   16.1702   0.0407509509091504
13.3089   16.197   0.092638814759257
13.9987   17.4386   0.0970608571979471
15.4179   17.4647   0.16359529333083062
16.1088   18.7057   0.1689171098497713
17.5281   18.7309   0.23610874613194688
11.157   17.3851   0.06506965498602205
11.8469   18.6267   0.06032263256854782
13.2661   18.6537   0.037318762037345174
18.5875   0.304302   0.4783186572662618
14.329   0.229096   0.3978467657980919
15.7488   0.253529   0.426822103926213
16.434   1.49784   0.438678366118049
17.8539   1.52107   0.46544844924008616
18.5395   2.76509   0.48032454122187107
19.9594   2.78704   0.5045129791194669
20.6453   4.03077   0.5218814658521623
10.0719   0.14878   0.283901981000487
11.4913   0.17533   0.3230359914870174
12.176   1.42002   0.32828445363739117
13.5955   1.44542   0.36680299126370386
14.2804   2.68987   0.3754373424421173
15.7   2.71412   0.412318090920104
16.3853   3.95827   0.4240903587680366
17.8051   3.98139   0.458934044171927
18.4909   5.22521   0.47324663009893575
19.9107   5.24714   0.5054473235659683
20.597   6.49065   0.5219389029378811
22.017   6.51119   0.5512794627954138
22.7038   7.75435   0.5692618069921771
5.81568   0.0635464   0.16631383251443674
7.23478   0.0921171   0.20020179438159375
7.91933   1.33685   0.19758129491427104
9.33847   1.36451   0.2394707973845669
10.0229   2.60928   0.24094174275123037
11.4421   2.63578   0.286009215935431
12.1268   3.88034   0.2913837299850492
13.5461   3.90565   0.3367289052041702
14.2313   5.14987   0.3454249946080923
15.6508   5.17409   0.38976708224271683
16.3365   6.41795   0.40112150079495823
17.7561   6.44114   0.44353910267303487
18.4424   7.68466   0.45704766009684245
19.8622   7.70675   0.49687670663857925
20.5491   8.94992   0.5119438095142853
21.969   8.97067   0.5488737032323565
22.6565   10.2134   0.5647666863404762
24.0766   10.2325   0.5982040621727676
24.7651   11.4747   0.6143902749881391
26.7533   20.1026   0.5933737270894288
28.174   20.1192   0.6360718984517385
28.8702   21.357   0.6402539261886645
30.2912   21.372   0.6780488256755549
30.9887   22.609   0.6810872557903278
22.4855   20.0413   0.4341585539869038
23.9056   20.062   0.49029665509770626
24.6007   21.3004   0.49462282599977064
26.0211   21.3193   0.5467022955869141
26.7177   22.5569   0.5498577634261439
28.1384   22.5741   0.5975028535496707
28.8363   23.8108   0.5997987745902797
30.2573   23.8266   0.6427632301244364
30.9564   25.0627   0.6443614979186754
32.3775   25.0773   0.6823684708425485
33.0775   26.3129   0.6832942704281959
18.2202   19.9711   0.2411961235177699
19.6398   19.9952   0.30689348315010045
20.3334   21.2346   0.31142120993920913
21.7533   21.2573   0.37458447645357534
22.4486   22.4956   0.37829224152763213
23.8687   22.5167   0.4382268590581812
24.5656   23.7541   0.4409514032180866
25.9861   23.7735   0.4970503897996651
26.6844   25.01   0.4990141781552922
28.1051   25.0279   0.5511158952525321
28.8047   26.2637   0.5524775018043727
30.2257   26.2803   0.6001060073020422
30.9262   27.5156   0.6010087021000621
32.3474   27.5311   0.6436876882464044
33.0487   28.766   0.6439697741354014
34.4701   28.7808   0.6812196488651824
35.1718   30.0155   0.6804859660566124
13.9571   19.8946   0.03931119433443885
15.3763   19.9209   0.10042335385755587
16.0686   21.1611   0.10474354395379226
17.4881   21.1866   0.17315709630275208
18.1818   22.4258   0.1771898699136034
19.6015   22.4502   0.24507690629677772
20.297   23.6885   0.24844617123232346
21.7169   23.7115   0.3142427405684982
22.414   24.9488   0.3169004417794345
23.8343   24.9703   0.3798391370040736
24.5329   26.2066   0.38184719456871913
25.9534   26.2267   0.4413848547469661
26.6534   27.4622   0.44292199087424033
28.0742   27.4809   0.4987634709960232
28.7753   28.7158   0.49988112586894
30.1963   28.7333   0.5516358309609719
30.8982   29.9678   0.552343208521659
32.3194   29.9843   0.5993532847995422
33.0219   31.2186   0.5993777940497953
34.4432   31.2345   0.640852206050663
35.146   32.4686   0.6396808110299999
36.5675   32.4842   0.6749436346836692
37.2704   33.7184   0.6721729390566088
13.2249   21.1097   0.05619572937510412
13.9173   22.3499   0.052467894945384556
15.3367   22.3763   0.04017200517773671
16.0306   23.6156   0.04291246905038287
17.4501   23.6412   0.10736503155124548
18.1457   24.8794   0.1106884817855951
19.5655   24.9041   0.17931168394725472
20.2628   26.1413   0.18216865811659316
21.6829   26.1646   0.24956662437113
22.3818   27.4008   0.25194046915888585
23.8022   27.4229   0.3170238161400491
24.5025   28.6582   0.3189509836949898
25.9231   28.6789   0.3812654062460968
26.6247   29.9135   0.38291130826864
28.0455   29.933   0.4419359568987365
28.748   31.1671   0.44332869295817096
30.169   31.1855   0.49857226156295736
30.8721   32.4193   0.49941080284671613
32.2933   32.437   0.550098854752489
32.9968   33.6706   0.5500775490783082
34.4181   33.6877   0.5953077271462207
35.1219   34.9214   0.5940178869360765
36.5433   34.9382   0.633018506838465
37.247   36.172   0.6297271234431617
38.6685   36.1888   0.6617008463044304
39.372   37.4228   0.6560982091120213
15.2991   24.831   0.05012484413940752
15.9947   26.0692   0.04625245939406707
17.4145   26.0949   0.04413128142259184
18.1119   27.3321   0.04649322531294264
19.5319   27.3569   0.11179087619300708
20.231   28.5931   0.11455671084663686
21.6512   28.6168   0.18242612203300504
22.3519   29.852   0.18491698137272328
23.7724   29.8745   0.25154365426303193
24.4743   31.1089   0.2537073116802098
25.895   31.1303   0.31818568478170073
26.598   32.3641   0.32025597574440395
28.0188   32.3844   0.3818582328561225
28.7226   33.6178   0.3836286094649347
30.1436   33.6372   0.4417553282078229
30.8478   34.8704   0.4429893113834702
32.2689   34.8891   0.49672312207103825
32.9734   36.1222   0.4968271631060431
34.3947   36.1405   0.5453096826574773
35.0992   37.3737   0.5439323671192946
36.5206   37.3918   0.5862638996220034
37.225   38.6252   0.5827775647706434
38.6464   38.6434   0.6180758044123713
17.3812   28.5478   0.04433474935081877
18.0804   29.784   0.04129430953533389
19.5006   29.8088   0.04662113254737465
20.2014   31.044   0.04980090360625855
21.6218   31.068   0.11445824566190207
22.3241   32.3022   0.11772952051206237
23.7447   32.3252   0.18447007887459876
24.4481   33.5588   0.18759986673769233
25.8688   33.5808   0.25315939642841706
26.5731   34.8139   0.25609156565572555
27.9939   34.835   0.31940472757929
28.6988   36.0678   0.3218901986702908
30.1198   36.0882   0.3821139882286424
30.825   37.3208   0.3838309002672912
32.246   37.3407   0.4399859770492706
32.9514   38.5733   0.440433298014579
34.3725   38.5928   0.4915413614336061
19.4716   32.26   0.041253605902996454
20.174   33.4943   0.04224227740072731
21.5946   33.5184   0.05098529199680921
22.2982   34.7519   0.05756405128202863
23.7189   34.7752   0.11830177513461217
24.4236   36.0081   0.1235380103449949
25.8444   36.0307   0.18783492752946684
26.5497   37.2632   0.19228647898383364
27.9706   37.285   0.2557542766015853
28.6764   38.5173   0.2594377960128394
30.0973   38.5386   0.32052329088539044
21.5692   35.9682   0.04758266491065714
22.2741   37.2011   0.05497035564738525
23.6948   37.2247   0.06261964547967289
24.4005   38.457   0.0732989768004981
25.8213   38.48   0.1261076524244269
39.3505   39.8772   0.6121673300658893
40.7719   39.8955   0.6396414855213821
41.4754   41.1298   0.6309600938252751
35.0778   39.8257   0.49027173077794384
36.499   39.8451   0.5353288802222425
37.204   41.0782   0.5319306439753205
38.6253   41.0977   0.5701759465287898
39.3297   42.3313   0.5642759076905551
40.751   42.351   0.5947230363791188
41.4549   43.5851   0.5862318483330644
42.8761   43.6052   0.6082180283418126
43.5792   44.8399   0.5967167586049504
30.8033   39.7708   0.32314012440425777
32.2243   39.7917   0.3807118858139301
32.9303   41.024   0.38181295158755596
34.3514   41.0447   0.4346740042836706
35.0571   42.2773   0.4339247515410944
36.4783   42.2979   0.4811555777500671
37.1836   43.5309   0.47816802486155524
38.6047   43.5516   0.5187957787029496
39.3094   44.7851   0.5133680551027672
40.7306   44.8061   0.5464929368253547
41.4345   46.0402   0.5384751154881725
42.8557   46.0616   0.563505820733025
43.5586   47.2963   0.552649382520238
44.9797   47.3181   0.5690499011510336
45.6816   48.5536   0.5557873694138797
26.5275   39.712   0.13377406325592442
27.9484   39.7345   0.19345999586477838
28.6549   40.9664   0.19927453424860928
30.0759   40.9885   0.2589556911905969
30.7824   42.2204   0.2631304429365798
32.2034   42.2422   0.32049163795643876
32.9098   43.4744   0.3227307236691278
34.3308   43.4961   0.3762202546381574
35.0368   44.7285   0.37644117734381766
36.4579   44.7503   0.42483899303147804
37.1633   45.9832   0.4227113435904008
38.5844   46.0052   0.46515986499267303
39.2891   47.2387   0.460519858420893
40.7101   47.2609   0.49597929392264106
41.4139   48.4951   0.4889042135224429
42.8349   48.5176   0.5165916569206276
43.5375   49.7525   0.507062737735678
44.9585   49.7754   0.5266347026165304
45.6599   51.0112   0.5149371320850747
47.0806   51.0344   0.5261644704842778
47.7806   52.2711   0.5127780514023593
23.6721   39.6736   0.06586174914166766
24.3785   40.9056   0.07774117313238697
25.7994   40.9288   0.0823802160715761
26.5062   42.1605   0.09567956939702317
27.9271   42.1835   0.13846681913007186
28.6341   43.4151   0.148289278101958
30.055   43.4379   0.2010181335103857
30.7619   44.6696   0.207836618525226
32.1829   44.6923   0.26187548567974056
32.8894   45.9243   0.26622766572991796
34.3104   45.947   0.3181777176359155
35.0165   47.1795   0.3200416847849669
36.4375   47.2023   0.3682291406176321
37.1428   48.4353   0.36757596493786243
38.5637   48.4584   0.41067867000856
39.2682   49.692   0.40743149117367056
40.6891   49.7153   0.4443857783502992
41.3924   50.9497   0.43860809386056687
42.8133   50.9734   0.46868079755842423
43.5153   52.2086   0.4605968627769834
44.9361   52.2325   0.4832133897151482
45.6367   53.4687   0.47331925800668534
47.0574   53.4928   0.48834165294392023
47.7564   54.73   0.47721001665933394
49.1769   54.7544   0.4849042276573806
49.8742   55.9927   0.47309564572082147
25.7782   43.3774   0.09178856137885293
26.4853   44.6089   0.10581332619287481
27.9063   44.6321   0.10728625261421304
28.6135   45.8637   0.1218094413417933
30.0344   45.8869   0.15444173658697488
30.7414   47.1186   0.16540504829055086
32.1623   47.142   0.2095954675082447
32.8688   48.374   0.21704278380080075
34.2897   48.3976   0.26388605495554573
34.9956   49.6301   0.2682070468872915
36.4165   49.6539   0.31370599292968643
37.1214   50.8871   0.31506838940141435
38.5423   50.9112   0.3572048851849583
39.2462   52.1451   0.3558455001823136
40.667   52.1694   0.39310928505951126
41.3696   53.4042   0.38903292919751487
42.7903   53.4288   0.4206289814076079
43.4915   54.6645   0.4142460380015722
44.9121   54.6894   0.43947592653068107
45.6116   55.9261   0.4312750166657005
47.0322   55.9511   0.4501028438035035
47.7299   57.189   0.44080260888520384
49.1503   57.2141   0.4531523474506126
49.846   58.4531   0.44328552875093813
51.2663   58.4783   0.44952724055389653
27.8855   47.0806   0.12097627866652293
28.5926   48.3122   0.13564696826689587
30.0136   48.3357   0.13410812801616478
30.7203   49.5675   0.14860703213509247
32.1413   49.5914   0.17204412224775353
32.8474   50.8236   0.18303947661638864
34.2683   50.8478   0.21833451399171974
34.9736   52.0806   0.225584706928462
36.3945   52.1052   0.2647307688954945
37.0988   53.3387   0.2684896459828562
38.5195   53.3637   0.30720672193166687
39.2226   54.598   0.30769688006217943
40.6433   54.6232   0.3436975123564337
41.3448   55.8585   0.3413701217154166
42.7654   55.884   0.37330368334641617
43.4653   57.1204   0.3685873166564475
44.8858   57.146   0.39570477631689305
45.5839   58.3835   0.38904448331778235
47.0043   58.4092   0.411098163459776
29.9921   50.7844   0.1503952459355019
30.6983   52.0165   0.16437548479015926
32.1193   52.0406   0.1601035290054569
32.8248   53.2732   0.17340905397354894
34.2456   53.2979   0.18884414208548145
34.9502   54.5311   0.19896017189377796
36.3709   54.5563   0.2256820108028084
37.0743   55.7903   0.23192311225921494
38.4949   55.816   0.2632919292344502
39.1968   57.0509   0.2657730422747987
40.6174   57.0769   0.2979971811947253
41.3175   58.3129   0.29709907438428873
42.738   58.339   0.3277035398038885
32.0959   54.4899   0.17749478865589194
32.8005   55.7229   0.1898590266487232
34.2213   55.7479   0.18268390733723525
34.9247   56.9817   0.19378054597921157
36.3455   57.0073   0.2026197917282529
37.0475   58.242   0.210491733804441
38.4681   58.2682   0.22962134047165372
34.195   58.1981   0.20003054766709968
51.9601   59.7185   0.4399062968405882
47.7004   59.6478   0.403344877245267
49.1207   59.6736   0.42003177260773855
49.8147   60.9135   0.4119128548613192
51.2349   60.9393   0.42336114606799025
51.927   62.1803   0.415650213520938
53.347   62.2061   0.4219744186559198
54.0373   63.4483   0.4154527650648154
43.4363   59.5762   0.3242943107734095
44.8567   59.6025   0.35214497014724044
45.553   60.8408   0.3468200974568816
46.9733   60.8672   0.3712009428867357
47.6676   62.1067   0.36471080324004734
49.0877   62.133   0.3853401743914076
49.78   63.3738   0.37868238670421317
51.2001   63.4001   0.39517511308279374
51.8904   64.6419   0.38916790720716055
53.3104   64.6682   0.4014464472379855
53.9992   65.9111   0.39687985587580693
55.4191   65.9373   0.404836065587047
56.1067   67.1809   0.40261721274679696
39.1684   59.5039   0.23349387572268435
40.5889   59.5304   0.25817679988720726
41.2874   60.7673   0.2585537661686632
42.7077   60.794   0.28529039591265987
43.4042   62.0321   0.2827272006723094
44.8244   62.0589   0.3096139854722319
45.5188   63.2982   0.30500959001316347
46.9389   63.3251   0.33071862662995144
47.6314   64.5656   0.3252624017620267
49.0514   64.5924   0.3489583642786076
49.7419   65.834   0.34355513385772724
51.1619   65.8608   0.36464452553137605
51.8508   67.1033   0.3601584651233374
53.2707   67.13   0.3781400930872022
53.9583   68.3734   0.3755020239625905
55.3782   68.4   0.3901292349978391
56.0648   69.6439   0.389905527019045
57.4847   69.6703   0.40099786782475383
58.1708   70.9146   0.4039416913367574
34.897   59.4326   0.20979601998131492
36.3176   59.4585   0.1996118483457325
37.018   60.6941   0.20752286620996874
38.4385   60.7206   0.2103997623572778
39.1371   61.9572   0.21504441401719296
40.5574   61.9841   0.22776323232690665
41.254   63.222   0.22870966311023747
42.6742   63.2492   0.24800618943889458
43.3688   64.4882   0.24586848110320947
44.7888   64.5155   0.26921019668653257
45.4814   65.7558   0.2650237725186176
46.9013   65.7831   0.29033444508015155
47.592   67.0244   0.2853785380858172
49.0119   67.0517   0.3111419772386891
49.701   68.294   0.3066266296328501
51.1208   68.3212   0.3316725644366771
51.8085   69.5644   0.3283756690134047
53.2283   69.5915   0.3517339051044118
53.915   70.8353   0.3504491261224683
55.3348   70.8622   0.3715549622868744
56.0208   72.1064   0.37281085016399457
57.4407   72.1329   0.3911773638645265
58.1262   73.3773   0.3954590623566483
59.5461   73.4032   0.4109406161478826
60.2316   74.6477   0.4186925005299255
36.2871   61.9101   0.21597393361237022
36.9857   63.1466   0.22230089968329145
38.4061   63.1733   0.20906855335033003
39.1027   64.411   0.2128570177372591
40.5229   64.4382   0.21063157408138017
41.2176   65.6771   0.21137064602257136
42.6376   65.7046   0.21919457110065096
43.3303   66.9446   0.2169404296114489
44.7501   66.9723   0.23292666227806916
45.441   68.2134   0.2286694557653059
46.8608   68.2412   0.2509460101296676
47.5501   69.4832   0.24603857421144187
48.9698   69.511   0.2722356332297442
49.6578   70.7538   0.2679404598040383
51.0774   70.7816   0.29594671817744395
51.7643   72.0251   0.2931358899896104
53.184   72.0527   0.32145304478259273
53.8701   73.2967   0.3208146817089289
55.2897   73.3239   0.34806140262890717
55.9752   74.5683   0.35008897440507997
57.3949   74.5949   0.375580417487385
58.0801   75.8395   0.3805306426557538
59.4999   75.8652   0.4039017330985339
60.185   77.1098   0.4121525688382897
61.6049   77.1345   0.4331405776419503
62.2902   78.3788   0.444814051037058
38.3707   65.6267   0.22415704316393698
39.0654   66.8654   0.22658272220096762
40.4854   66.8928   0.20957235027550455
41.1782   68.1327   0.20930757272492326
42.598   68.1604   0.20260942722390918
43.2891   69.4013   0.1996281042338423
44.7088   69.4294   0.20406489163988253
45.3984   70.6712   0.19925154955482693
46.8179   70.6993   0.21429708350792598
47.5062   71.9419   0.20887682973465585
48.9258   71.9702   0.23261033940906703
49.613   73.2135   0.22776580076912123
51.0324   73.2417   0.2571141964186367
51.7187   74.4856   0.25394544689755516
53.1382   74.5135   0.28622650121887605
53.8237   75.7578   0.28541956835508303
55.2432   75.7853   0.31847312288480595
55.9283   77.0299   0.32053051336807437
57.3478   77.0565   0.35301508466353076
58.0327   78.3011   0.3581970547059256
59.4523   78.3267   0.389196235850246
40.4453   69.348   0.22414551077369438
41.1365   70.5888   0.22301078449258727
42.5562   70.6167   0.2017484572431732
43.2459   71.8584   0.19806852349628737
44.6655   71.8867   0.18730563259016392
45.354   73.129   0.18162879727619885
46.7735   73.1576   0.18413345703591952
47.461   74.4006   0.17757606820739805
48.8803   74.4293   0.1938602847413592
49.5669   75.6729   0.1878163464664345
50.9862   75.7016   0.21530039479759341
51.6719   76.9458   0.21097080366723633
53.0912   76.9741   0.2456371510989345
53.7762   78.2186   0.24398969240523524
55.1955   78.2462   0.28217025002646917
42.5124   73.0734   0.21727816273154835
43.2011   74.3156   0.21380191767147283
44.6206   74.3441   0.18756838752839358
45.3084   75.5869   0.1819556264587581
46.7277   75.6158   0.16685829317118558
47.4145   76.8591   0.15932717910010896
48.8337   76.8883   0.16075425344295047
49.5197   78.1322   0.1528314430999031
50.9388   78.1613   0.17245735704805776
44.5744   76.8016   0.2069010149805901
45.2614   78.0448   0.20237475138959404
46.6807   78.0739   0.16998714657291306
28.2527   15.2065   0.681240618284024
28.9453   16.4463   0.6916261417847073
30.3661   16.4601   0.7179265282743087
31.0602   17.699   0.7267654160731665
32.4812   17.7113   0.7479779809593338
33.1766   18.9495   0.7551772374747548
34.5977   18.9606   0.7711512043691547
30.3275   18.9165   0.7038628346489115
35.621   0.531039   0.400506264924783
37.0406   0.539501   0.36584702790100565
37.7296   1.78074   0.39953403171694646
31.3635   0.48703   0.47655341367888665
32.7833   0.498512   0.451720757558252
33.4712   1.74056   0.48353935196631115
34.891   1.75017   0.4558153157804161
35.5793   2.99179   0.4880391440243323
36.9991   2.9997   0.45755064473782675
37.688   4.24089   0.48967117170607544
39.1078   4.24733   0.4563471530534606
39.7973   5.48812   0.48763568942398017
27.1054   0.434723   0.5177424020688276
28.5254   0.449871   0.5055248758468769
29.2124   1.69265   0.533888918128106
30.6324   1.70573   0.5184638313325234
31.3198   2.94812   0.5479630969326318
32.7398   2.95919   0.5292954774981564
33.4277   4.20114   0.5593431119625961
34.8477   4.21035   0.5372865998701274
35.5363   5.45184   0.5673864524290283
36.9563   5.4594   0.5418355146167518
37.6455   6.70041   0.571240225824478
39.0655   6.70662   0.5423804200005742
39.7555   7.94718   0.5705149459917754
41.1754   7.95234   0.5382557857561767
41.8661   9.19249   0.564561402860663
22.8466   0.373478   0.5188243202867421
24.2667   0.392424   0.5205401072818494
24.953   1.6358   0.5442109227128757
26.3732   1.65278   0.5427973718617286
27.0598   2.89583   0.5683272275722848
28.48   2.91073   0.5636358115840395
29.167   4.15341   0.5905056498459609
30.5872   4.16623   0.582043237225553
31.2748   5.40847   0.6096640274774308
32.695   5.41927   0.5974891317003183
33.3833   6.66101   0.6251181735480105
34.8035   6.67002   0.6091075505196112
35.4927   7.91122   0.636123417584983
36.9129   7.91868   0.6161753860712079
37.603   9.15935   0.6420647104459174
39.0232   9.1656   0.6182521492077496
39.7141   10.4058   0.6422880117205999
41.1343   10.4111   0.6145912788186965
41.8261   11.6509   0.6364712169454341
43.2462   11.6557   0.6047498491111855
43.9387   12.8951   0.6238559609397044
20.0075   0.326412   0.4940658890077327
20.6934   1.57027   0.5121207983474217
22.1134   1.59083   0.5251093810816959
22.7995   2.83441   0.5457635216831546
24.2197   2.8532   0.5556392693105846
24.9061   4.09648   0.5782646663942046
26.3263   4.11332   0.5848231203534955
27.0132   5.35623   0.6087843003888991
28.4334   5.371   0.6116242117509736
29.1209   6.61347   0.6363981276685218
30.5412   6.62617   0.6353323835599766
31.2294   7.8681   0.6601828102124453
32.6498   7.87885   0.6548465106419988
33.339   9.1202   0.6790865809305908
34.7594   9.12923   0.6694469849061987
35.4496   10.37   0.6926321245798537
36.87   10.3776   0.6785633279215735
37.5613   11.6178   0.7000764601098937
38.9817   11.6243   0.6817655462107204
39.6739   12.8639   0.7011843908701925
41.0944   12.8697   0.6784046358921801
41.7875   14.109   0.6953399600195586
43.2079   14.1144   0.6680242884805913
43.9016   15.3533   0.6819458116302202
45.3219   15.3586   0.6497354384670738
46.0162   16.5974   0.6600689206438988
22.0654   4.05124   0.5431794274454812
22.7517   5.29467   0.5627654310634245
24.1718   5.31344   0.5808140863477763
24.8586   6.55651   0.6017822670202239
26.2788   6.57335   0.6162524340722725
26.9662   7.81597   0.6381244044855213
28.3866   7.83076   0.6485086920003468
29.0748   9.07284   0.6705404151876312
30.4953   9.0856   0.6765541279897705
31.1846   10.327   0.698037312756275
32.6051   10.3379   0.699503202280018
33.2955   11.5787   0.7198142121408836
34.7162   11.588   0.7166197666824435
35.4077   12.8281   0.7352300728343489
36.8284   12.8361   0.7274122764979994
37.5211   14.0756   0.7441411022111336
38.9419   14.0827   0.7314878672951458
39.6355   15.3217   0.7460053686133888
41.0562   15.3282   0.7284514946103133
41.7507   16.5668   0.7403602974228161
43.1714   16.573   0.7176664824275967
43.8664   17.8114   0.7264591660926317
45.287   17.8176   0.6982452148063742
45.9824   19.0559   0.7035245411497728
47.4028   19.0623   0.6695216501353799
24.1239   7.77321   0.5951910604167379
24.8113   9.01593   0.6140884304397877
26.2316   9.0329   0.6362573507630404
26.9199   10.2751   0.655334075109786
28.3403   10.29   0.6729950817056529
29.0298   11.5315   0.6915234920087688
30.4504   11.5445   0.7046339404258082
31.1411   12.7852   0.722053384452977
32.5618   12.7964   0.7302456983782919
33.2537   14.0365   0.7460484300633585
34.6746   14.0462   0.7493072400557724
35.3678   15.2855   0.7632818810898128
36.7887   15.2941   0.7616406633052106
37.483   16.5329   0.7736058169378003
38.9039   16.5406   0.7668029342666887
39.5991   17.779   0.7764675138085313
41.02   17.7863   0.7643615571180965
41.7159   19.0243   0.7715192479776526
43.1368   19.0314   0.753640796401045
26.1854   11.4919   0.6436622250839326
26.875   12.7334   0.6593656724458752
28.2955   12.7486   0.6840598584919291
28.9865   13.9893   0.6986545355180909
30.4072   14.0027   0.7185113081921551
31.0995   15.2426   0.7314666157795575
32.5204   15.2543   0.74632286578933
33.214   16.4934   0.7575371014016418
34.6351   16.5037   0.7672533414720349
35.3299   17.7422   0.7767422287992342
36.751   17.7515   0.7812642126707199
37.4468   18.9895   0.7889351114001709
38.868   18.9981   0.7879146019715608
35.2942   20.1982   0.7769314577232657
36.7155   20.2084   0.7874261489181057
37.4128   21.4456   0.7914967150910993
38.8341   21.4551   0.796231172461867
39.532   22.6921   0.7983985846680824
40.9533   22.7014   0.7969141609985375
41.6516   23.9383   0.7967910704820927
43.0729   23.9475   0.7883971144036501
43.7712   25.1845   0.785466192779803
45.1924   25.194   0.7697696603530179
45.8906   26.4311   0.7635343214289703
47.3116   26.441   0.74003412083498
48.0095   27.6784   0.7300962265345591
49.4302   27.6889   0.6985138581302466
50.1275   28.9268   0.6843418590149231
51.5479   28.9379   0.6443414234705077
52.2445   30.1763   0.6257271450081098
53.6645   30.1883   0.577494909068471
54.3603   31.4271   0.5543853262848876
31.0233   20.1545   0.7093543120331354
32.4444   20.1675   0.7364328822099151
33.1414   21.4048   0.7406891790758106
34.5626   21.4166   0.7625364843730436
35.2606   22.6535   0.7654934356348203
36.682   22.6645   0.781755825050253
37.3806   23.901   0.7832196945940538
38.8021   23.9116   0.7933306624604898
39.5011   25.148   0.7930120427837158
40.9226   25.1584   0.7964788572209562
41.6219   26.3948   0.7938791658684583
43.0433   26.4053   0.7900160314829049
43.7426   27.6418   0.784633022501605
45.1639   27.6525   0.772944299416201
45.8629   28.8893   0.7642595763220793
47.284   28.9006   0.7443473718634326
47.9825   30.1378   0.7318466096116036
49.4033   30.1496   0.7032223332631009
50.1012   31.3873   0.686712574517171
51.5217   31.3998   0.6491477335707204
52.2188   32.638   0.6282249995025666
53.639   32.6513   0.5820179550495003
54.3353   33.89   0.55682098559591
55.7549   33.9042   0.5023342512710048
56.4504   35.1434   0.473395014760401
32.4098   22.6228   0.7139256964138494
33.1084   23.8592   0.7160517439403379
34.5297   23.872   0.7434813447558739
35.229   25.108   0.7445201810562287
36.6505   25.1201   0.7660683650954387
37.3503   26.356   0.765842287941845
38.7719   26.3677   0.7810262351547483
39.472   27.6035   0.778935401686172
40.8936   27.6151   0.7870505765197066
41.5938   28.851   0.782608311992659
43.0153   28.8628   0.7830630945204886
43.7154   30.0989   0.7757524669635281
45.1368   30.1111   0.7679580001536549
45.8365   31.3475   0.7573442348100362
47.2576   31.3602   0.7408085920128075
47.9568   32.5971   0.7263987472456161
49.3777   32.6104   0.7007581251758698
50.0762   33.8478   0.6822471546294644
51.4968   33.8618   0.6472533120811346
52.1944   35.0998   0.624637662969502
53.6146   35.1145   0.5805709431240937
54.3114   36.353   0.5540593560260489
55.7312   36.3685   0.5016471768085622
56.4271   37.6075   0.4718379594733795
57.8464   37.6239   0.41238794841750875
58.5415   38.8635   0.38044811735636014
34.4989   26.3267   0.7157970801840405
35.1995   27.562   0.7157737980675174
36.6209   27.5752   0.7422694254783786
37.3219   28.8104   0.7408007626885912
38.7435   28.8234   0.7607336064615542
39.4446   30.0586   0.7573201964823078
40.8662   30.0716   0.7698727881929587
41.5673   31.307   0.7640152419945584
42.9888   31.3202   0.7685769512547218
43.6897   32.556   0.7597734991430016
45.1111   32.5695   0.7556701992271494
45.8115   33.8057   0.7434850166613975
47.2327   33.8198   0.7303244552936747
47.9324   35.0565   0.7143416129555937
49.3534   35.0713   0.6916654971877665
50.0524   36.3084   0.671699501265261
51.4731   36.3239   0.639487239903972
52.1712   37.5616   0.6155566667659461
53.5914   37.5777   0.5741899685644133
54.2887   38.816   0.5467892006980396
55.7085   38.8329   0.4969862271733501
36.5933   30.0299   0.7116292293041359
37.2953   31.2646   0.7093845078657963
38.7169   31.2788   0.7336308199632835
39.4189   32.5136   0.7292470980401646
40.8405   32.5279   0.7459081712918837
41.5423   33.7629   0.738981407073275
42.9639   33.7775   0.7473584548260639
43.6654   35.0129   0.7373852520901122
45.0868   35.028   0.736869011426047
45.7878   36.2638   0.7234359266721544
47.209   36.2795   0.7135399848641973
47.9093   37.5158   0.696351958423325
49.3303   37.5321   0.6767474639775172
50.0298   38.769   0.6558023330242124
51.4505   38.7859   0.6265572998537305
38.6919   33.7339   0.7003996430610173
39.3948   34.9683   0.6953383852485068
40.8163   34.9839   0.7157512766317644
41.5189   36.2187   0.7080560782875895
42.9404   36.2347   0.720069538308628
43.6425   37.4698   0.7092077410745041
45.0639   37.4863   0.7121506020498769
45.7653   38.7219   0.6978164228505962
47.1866   38.739   0.6912129990097104
40.7935   37.4399   0.6801304654255668
41.4966   38.6743   0.671808492057076
42.9181   38.6917   0.6873382064166096
48.0984   20.3006   0.6707840263452897
43.8331   20.2693   0.7577857546826797
45.2538   20.2765   0.7337473815966893
45.9503   21.5143   0.7344674329063215
47.371   21.5218   0.7039304369041012
48.0674   22.7598   0.7007175607903663
49.4878   22.7678   0.6632801896634645
50.1839   24.0061   0.6557247059551762
39.5646   20.2358   0.7934810583750561
40.9858   20.244   0.7867441833277199
41.6829   21.4814   0.789802722203464
43.104   21.4896   0.7767605615632144
43.8014   22.727   0.7770250124674242
45.2224   22.7353   0.7571046096808564
45.9198   23.9728   0.7540537381380709
47.3406   23.9814   0.726970130060375
48.0378   25.2191   0.720086022638964
49.4584   25.2283   0.6855805933659425
50.1551   26.4664   0.6743496793207526
51.5754   26.4762   0.6321638790693442
52.2715   27.7147   0.6163970879230359
56.4049   40.0717   0.4669757274206015
57.8242   40.0893   0.41029768461447713
58.5196   41.3288   0.3791015826925531
59.9384   41.3472   0.31782436973901346
60.6329   42.5875   0.28720330778039327
52.149   40.0235   0.601947132230066
53.5693   40.0409   0.5635233624260851
54.2669   41.2791   0.5360675144046705
55.6867   41.2972   0.48936851145123994
56.3834   42.536   0.460115474636531
57.8027   42.5548   0.40673663469129584
58.4983   43.7943   0.3770754168598117
59.9171   43.8139   0.31936526110395874
60.6116   45.0543   0.2911103227300638
62.03   45.0747   0.23340563403654263
62.7234   46.3159   0.20941733452606007
47.8873   39.9752   0.6733308399293765
49.3083   39.9928   0.6569226514590577
50.0081   41.2296   0.6354916993950436
51.4287   41.2479   0.609427698746946
52.1276   42.4853   0.5849199346919209
53.5479   42.504   0.5498333747600261
54.2457   43.7422   0.5231529413087536
55.6655   43.7615   0.4800559238255488
56.3623   45.0003   0.45243223802023447
57.7816   45.0203   0.40296293874251105
58.4771   46.26   0.37561588092092213
59.896   46.2806   0.32224839797895083
60.5903   47.5212   0.29683547631642626
62.0088   47.5426   0.24319930098584122
62.7017   48.7842   0.22185152692736185
64.1199   48.8064   0.1764098353267211
64.8116   50.0489   0.16272227874510506
43.6207   39.9266   0.6758789536596032
45.042   39.9445   0.6822072265814838
45.7439   41.18   0.6673713658825932
47.165   41.1984   0.6640738061390472
47.8661   42.4345   0.6459827010067685
49.287   42.4535   0.6329243714694527
49.987   43.6902   0.6116591616251662
51.4076   43.7097   0.589137674911394
52.1066   44.9471   0.5654620057970315
53.5268   44.9671   0.534201656680321
54.2247   46.2053   0.5091728292043869
55.6445   46.2257   0.47029922389899725
56.3411   47.4648   0.4450037640290218
57.7604   47.4858   0.40007369321163955
58.4557   48.7258   0.37586798214266753
59.8746   48.7474   0.32696536513826835
60.5684   49.9884   0.30491079023215745
61.987   50.0107   0.25556934479706417
62.6794   51.2527   0.23714269965571783
64.0976   51.2756   0.193525657213714
64.7887   52.5185   0.18060656134261116
66.2068   52.5418   0.15552832539443864
66.897   53.7854   0.15027894064039593
42.8968   41.1486   0.6498429810346481
43.5997   42.3833   0.638110781917999
45.021   42.4026   0.6478081892041835
45.723   43.638   0.6329952053530892
47.1441   43.6577   0.6330801608011425
47.8453   44.8938   0.6153197949034325
49.2661   44.914   0.6058542811600816
49.9662   46.1508   0.5854828178520708
51.3867   46.1714   0.5669254095557875
52.0856   47.409   0.5448598902470251
53.5058   47.4301   0.5179681264325086
54.2034   48.6685   0.49529476072335143
55.6232   48.69   0.4611339176421535
56.3193   49.9294   0.4388745834518083
57.7387   49.9514   0.39886421248339704
58.4333   51.1918   0.3780543479448419
59.8524   51.2143   0.33412373456550903
60.5454   52.4558   0.31557403251852323
61.9641   52.4789   0.2704162901897769
62.6557   53.7214   0.25496927265849284
64.0741   53.7449   0.21335777464156436
64.7645   54.9882   0.20202282049313297
66.1827   55.0118   0.17183032328433334
66.8723   56.2556   0.16512534632816644
68.2905   56.2788   0.1571481148471068
68.9798   57.5229   0.15368314806770234
45.0003   44.8604   0.6097752864785531
45.7024   46.0958   0.5954299622961563
47.1234   46.1168   0.5991132280295602
47.8245   47.3529   0.5822754331070487
49.2452   47.3743   0.5767546618797275
49.945   48.6113   0.5580152417273215
51.3656   48.633   0.5437895272989358
52.064   49.8709   0.5241050848827927
53.4842   49.893   0.5018592033628565
54.1812   51.1317   0.4821638207082731
55.601   51.1542   0.45307946322913395
56.2964   52.3941   0.4341580357427456
57.7159   52.417   0.3995453666356295
58.4096   53.6579   0.3821513051135612
59.8287   53.6813   0.3433770813551737
60.5208   54.9233   0.32823348397139385
61.9396   54.9471   0.28761684582096464
62.6303   56.19   0.27532753222298734
64.0489   56.214   0.2360455888170803
64.7385   57.4577   0.22701129927825706
66.1569   57.4815   0.19382747483263935
66.8459   58.7255   0.18809372663647964
68.2643   58.7486   0.16736908316652674
47.1025   48.5757   0.5631890357597528
47.8031   49.8121   0.5479326692213214
49.2238   49.8345   0.5466205722436718
49.9231   51.0718   0.5300634490322838
51.3435   51.0945   0.520493285259281
52.0413   52.3327   0.5035489251304183
53.4615   52.3558   0.4865420947872849
54.1576   53.5951   0.46991341755689603
55.5774   53.6185   0.4464054323146154
56.2718   54.8589   0.4307238674603484
57.6913   54.8826   0.40172489342832707
58.3839   56.1241   0.38761900108224717
59.8031   56.1482   0.35442688949909124
60.4941   57.3908   0.3425405377469956
61.9131   57.4151   0.3067322121981988
62.6028   58.6585   0.2976585459885237
64.0215   58.6828   0.26140430371361817
49.2012   52.2945   0.5160428664365007
49.8997   53.5322   0.5018101134891572
51.3201   53.5559   0.49744312237681665
52.0168   54.7947   0.4830694567036933
53.4369   54.8186   0.47165431197011387
54.1319   56.0585   0.4579593650096056
55.5517   56.0826   0.44020597451647353
56.2448   57.3237   0.42761438235868404
57.6644   57.3481   0.40459567471736385
58.3558   58.5903   0.3936795143260576
59.7751   58.615   0.366240590322812
51.2945   56.0172   0.47396207654199296
51.9899   57.2566   0.4620572258930708
53.41   57.2813   0.45652085385006996
54.1035   58.5219   0.4453775701581735
55.5234   58.5467   0.43385359281675057
68.9531   59.9927   0.16362240066690864
70.3716   60.0147   0.16047105658030336
71.0605   61.2586   0.1558139274904507
64.7103   59.9268   0.255499315067575
66.129   59.9506   0.2217288885102753
66.8174   61.1948   0.21903648097977366
68.2361   61.2177   0.19066654137525033
68.9244   62.4618   0.19011641170609755
70.3432   62.4834   0.1701753507415176
71.0317   63.7272   0.17002267495836734
72.4505   63.7471   0.1600805422279759
73.1393   64.9906   0.1579628120793033
60.4649   59.8581   0.35754768912691925
61.884   59.8828   0.32703826993182394
62.5727   61.1266   0.3214241745731002
63.9917   61.1511   0.28935649292870774
64.6798   62.3953   0.2871840698924613
66.0988   62.419   0.25508904327704884
66.7866   63.6633   0.25662909032298603
68.2056   63.6859   0.22584512392345188
68.8934   64.93   0.23052791588004848
70.3125   64.9511   0.20207609952688427
71.0005   66.1948   0.2091072691228146
72.4196   66.2142   0.18363273128721572
73.108   67.4575   0.191984009750814
74.5271   67.4751   0.16960359665997704
75.2157   68.718   0.17822957105935544
56.215   59.7885   0.423952674245606
57.6347   59.8135   0.4071815442772434
58.3247   61.0563   0.3992685938062232
59.7442   61.0814   0.37802974750672463
60.4328   62.325   0.37276578437404745
61.8522   62.35   0.348195088994664
62.54   63.5941   0.34622885495001654
63.9593   63.6186   0.31927696440551534
64.6467   64.8629   0.3212791621004977
66.0659   64.8865   0.2928583445968429
66.7532   66.1308   0.2989429878756194
68.1725   66.1531   0.2698460487018452
68.86   67.3971   0.27993041992609236
70.2793   67.4177   0.2502255382649865
70.9669   68.6613   0.2640625304733666
72.3863   68.6802   0.23401514908228388
73.0742   69.9235   0.25110205096733845
74.4935   69.9404   0.22049548748216657
75.1817   71.1833   0.24038425489203694
76.601   71.1984   0.2091725364382283
77.2895   72.4409   0.2315276225421083
53.3802   59.7438   0.440214141072274
54.0721   60.9852   0.43141972602095957
55.492   61.0106   0.42625674188216534
56.1821   62.253   0.41892247492823614
57.6018   62.2785   0.40884170530903535
58.2905   63.5218   0.40378055921502765
59.7102   63.5473   0.3894011556223227
60.3978   64.7913   0.38737354065552676
61.8174   64.8164   0.36934864288365615
62.5045   66.0607   0.37120297681996267
63.924   66.0852   0.35029470449894307
64.6109   67.3295   0.3564418045067132
66.0304   67.3529   0.3333069906257589
66.7173   68.5971   0.34374916727171895
68.1368   68.6191   0.31891296618356013
68.8239   69.863   0.3336708258149007
70.2435   69.8832   0.3071839839574972
70.9307   71.1268   0.3260467604500963
72.3503   71.1451   0.29791826060179527
73.0378   72.3883   0.32042985191770734
74.4573   72.4047   0.2904928570550422
75.1451   73.6476   0.3163843864668413
76.5646   73.6621   0.2847117314056449
77.2527   74.9045   0.3133869971776158
78.6722   74.9172   0.27994315494399746
79.3606   76.1592   0.3106824101876435
55.4572   63.4741   0.4167647897795579
56.1459   64.7172   0.41206249526012106
57.5657   64.7431   0.408778998971325
58.2533   65.9868   0.4067078312499069
59.6731   66.0125   0.3993385531100151
60.3599   67.2567   0.4006955577492717
61.7797   67.2819   0.3897605675283221
62.4662   68.5263   0.3950093796354712
63.8859   68.5507   0.38113001718573775
64.5724   69.795   0.39074265188228824
65.9921   69.8182   0.37423710398622523
66.6787   71.0623   0.38822924928449093
68.0985   71.0839   0.3695074288833728
68.7852   72.3277   0.38767926176157413
70.205   72.3475   0.36676218452834053
70.8919   73.5911   0.38880702154153807
72.3117   73.609   0.36571402762267535
72.9988   74.8521   0.3911738232550845
74.4185   74.8681   0.36579494255661776
75.106   76.1109   0.3942713532581328
76.5256   76.1248   0.36643692499528424
77.2134   77.3673   0.39719843907044566
78.633   77.3793   0.3671059792484986
79.3211   78.6214   0.3995634242520197
80.7407   78.6315   0.36717371910309843
57.5266   67.207   0.4064788432378754
58.2133   68.4511   0.40720159626405894
59.6331   68.4769   0.40715870370163787
60.3194   69.7213   0.41139034991112705
61.7392   69.7464   0.4079357915162635
62.4253   70.9908   0.4161394597968332
63.8452   71.0151   0.40977913563284474
64.5314   72.2593   0.4221081141129627
65.9513   72.2822   0.4130790844378387
66.6376   73.5263   0.4294800693862315
68.0575   73.5476   0.4179763031560544
68.744   74.7913   0.4383202710347779
70.1639   74.8108   0.424260344599867
70.8506   76.0543   0.4479884485117871
72.2705   76.0718   0.43147984889215785
72.9573   77.315   0.4580398017639944
74.3772   77.3305   0.4388747657361958
75.0644   78.5733   0.4678164917999367
76.4842   78.5867   0.4458272984015215
59.5907   70.9404   0.41157600756117685
60.2764   72.1849   0.4178731506091305
61.6964   72.21   0.42248636664394007
62.3822   73.4544   0.43259899445098227
63.8021   73.4784   0.43428917785273197
64.488   74.7226   0.4482781056442539
65.908   74.7452   0.4472778331194163
66.5941   75.9892   0.46500844078360376
68.0141   76.0102   0.4614768033173514
68.7004   77.2539   0.48265045322676475
70.1204   77.2731   0.47626649052814946
70.8069   78.5165   0.5004155673038129
72.2269   78.5338   0.4912424452345291
61.6515   74.6726   0.43132867977912015
62.337   75.917   0.4425588435451292
63.757   75.9407   0.4525619294638031
64.4427   77.1849   0.46745400843291407
65.8627   77.2073   0.4748142057689544
66.5486   78.4512   0.4930170483867668
67.9687   78.472   0.4976299428290057
63.7102   78.4023   0.46330358297772906
52.6556   0.658502   0.16524927913912488
54.0751   0.662577   0.20368528685449833
54.767   1.90188   0.1801167868356557
56.1865   1.90607   0.22105293506307658
56.8779   3.14561   0.20014982413182153
48.3953   0.630292   0.11312158275059217
49.8147   0.63432   0.11776682828369385
50.5063   1.87377   0.11251391425064367
51.9257   1.87744   0.12462870816950662
52.6171   3.11695   0.11564589270700276
54.0364   3.12056   0.13637433776191207
54.7275   4.36021   0.12439721218741359
56.1467   4.36409   0.15386745237378857
56.8376   5.60397   0.1405714981779759
58.2567   5.60843   0.1779949898171288
58.947   6.8486   0.16498966300953613
44.1364   0.600838   0.18801652438283478
45.5558   0.605613   0.15244638147558687
46.2467   1.84548   0.17833424909421994
47.666   1.84947   0.14401180507166722
48.3571   3.0892   0.16718337865948318
49.7764   3.09269   0.1354265147598504
50.4674   4.33238   0.1543214178265576
51.8867   4.33567   0.12749294254977392
52.5776   5.57541   0.14070012651024888
53.9968   5.57881   0.12210249342253536
54.6876   6.81868   0.12846046901674024
56.1066   6.82252   0.12286896312739036
56.7972   8.06259   0.12208349970409624
58.2161   8.06719   0.13408659478113077
58.9064   9.30751   0.12837870384140795
60.3252   9.31319   0.15830285815486653
61.0151   10.5538   0.15178735125167536
39.8785   0.568354   0.29911346275452394
41.2979   0.574588   0.25895561053006827
41.9879   1.81507   0.2921130413042215
43.4074   1.82016   0.2507901313847917
44.0977   3.06036   0.28278911029245746
45.5171   3.06454   0.24049710268524804
46.2077   4.30452   0.27040441860295333
47.627   4.30806   0.2274741130326744
48.3178   5.54791   0.25461651870999974
49.737   5.55112   0.21138676022873423
50.4279   6.79092   0.2348195766966644
51.8471   6.79412   0.19216601182310925
52.538   8.03395   0.2109668457364813
53.957   8.03744   0.17026705612067322
54.6479   9.27738   0.18355468286044924
56.0668   9.28147   0.14835505923291062
56.7576   10.5216   0.15528219472946614
58.1764   10.5266   0.13228125339593752
58.8669   11.7669   0.1327104366657005
60.2855   11.7731   0.132121194363356
60.9758   13.0138   0.12895786133462442
62.3943   13.0215   0.15615537134533947
63.0841   14.2625   0.15510364276831198
39.1492   1.78767   0.36268543960297095
39.8386   3.02852   0.396009186257089
41.2581   3.03415   0.3569913864507102
41.948   4.27466   0.3894416645660834
43.3675   4.27925   0.3484808747980307
44.0577   5.51946   0.37925488012680914
45.4772   5.52329   0.33634940701598026
46.1678   6.76328   0.3649391379394662
47.5872   6.76665   0.3201575649582573
48.2782   8.00649   0.34557186748923896
49.6974   8.00972   0.29912281758502013
50.3886   9.2495   0.3206963978594065
51.8078   9.25289   0.2727721254087399
52.4991   10.4927   0.2898065906772992
53.9181   10.4965   0.24117564139025438
54.6094   11.7364   0.2529769554722334
56.0283   11.741   0.20511523590411315
56.7195   12.9811   0.21113074148498645
58.1382   12.9867   0.1678530309526749
58.8292   14.227   0.16817794147866177
60.2477   14.2339   0.13832458205250472
60.9384   15.4746   0.13463584218179042
62.3568   15.483   0.13493453968498734
63.0469   16.7241   0.13353370361073705
64.4651   16.7342   0.17037851977288992
65.1547   17.9757   0.17721653421732678
41.217   5.49337   0.45149116890588115
41.9071   6.73378   0.48139227133388973
43.3267   6.73813   0.44258671703972285
44.0173   7.97822   0.4704689664579369
45.4369   7.98201   0.4289525265108046
46.128   9.22185   0.4541821089607129
47.5475   9.22537   0.40987634342567325
48.2391   10.4651   0.4316422708679039
49.6584   10.4686   0.3845543264611632
50.3503   11.7082   0.4022715873635628
51.7695   11.7121   0.35249768793568215
52.4615   12.9517   0.3653872739984259
53.8806   12.9562   0.31323376254803664
54.5726   14.196   0.3208764715587607
55.9914   14.2013   0.26728617622316353
56.6833   15.4413   0.26926518527281107
58.102   15.4476   0.216287447624681
58.7935   16.6879   0.2125947553445305
60.212   16.6956   0.16565931908589002
60.903   17.9363   0.15777965648333758
62.3213   17.9455   0.13258182379195294
63.0117   19.1866   0.12737381991602534
64.4298   19.1975   0.1472176959471925
43.286   9.19692   0.5289233918064137
43.9774   10.4367   0.55276647872316
45.3972   10.4408   0.5137513990248587
46.0892   11.6803   0.5345188490596008
47.5088   11.6843   0.49190334416427756
48.2012   12.9237   0.5089529153074975
49.6208   12.9278   0.4626054690554359
50.3135   14.1672   0.47521568787235974
51.7329   14.1718   0.42525810985800305
52.4257   15.4112   0.4330300220539002
53.8449   15.4165   0.379393252443952
54.5376   16.6561   0.3817985463565834
55.9566   16.6622   0.32526140256723063
56.649   17.9021   0.3219674673006559
58.0677   17.9094   0.2637087218883748
58.7597   19.1497   0.2548386940792175
60.1781   19.1582   0.1985605701039347
45.3587   12.8996   0.5878960027079629
46.0518   14.1388   0.6037040582934649
47.4717   14.1434   0.5633787713430447
48.1651   15.3825   0.575140626281956
49.5849   15.3874   0.5303519774640244
50.2786   16.6265   0.5375910062491759
51.6981   16.6319   0.48822048297874593
52.3918   17.8711   0.49042803753455944
53.8111   17.8773   0.4364900227954823
54.5045   19.1168   0.4333594697246161
55.9235   19.1239   0.3752734069981501
47.4363   16.6028   0.6227163479466409
48.1309   17.8415   0.6291302806255634
49.5508   17.8473   0.5864007332873993
50.2454   19.0861   0.5882598405466746
51.6652   19.0925   0.540174916115143
55.7799   31.44   0.4981235388937174
56.4749   32.6794   0.4708120856562619
57.894   32.6933   0.4077753302984384
58.5882   33.9331   0.37715632037657976
60.0069   33.948   0.3093465532376286
60.7003   35.1884   0.2769731575441919
62.1186   35.2044   0.2092287026198856
62.8113   36.4453   0.17906758500633344
64.2292   36.4626   0.12798929642748075
64.9212   37.7041   0.11469067093709412
66.3389   37.7228   0.1301895157069073
67.0303   38.9649   0.14960073529230455
68.4478   38.9849   0.214685304573928
57.8696   35.1585   0.41187228603051335
58.5643   36.3982   0.38016083438460735
59.983   36.4143   0.313800908220483
60.6769   37.6546   0.281204729689957
62.0952   37.6717   0.21461127649776351
62.7883   38.9126   0.1848508047047682
64.2062   38.9309   0.13343215504517777
59.9603   38.8807   0.3163497747746932
65.1196   20.439   0.15439125622910232
66.5376   20.4517   0.20935331380228953
67.2267   21.6937   0.22700224668491767
60.8695   20.3989   0.18543233267151807
62.2877   20.409   0.14280700262942547
62.9783   21.6501   0.13152786776953299
64.3963   21.6618   0.13267863430108287
65.0863   22.9034   0.13791863543408397
66.5042   22.9168   0.18860458637053162
67.1935   24.1589   0.2084345940577036
68.6114   24.1742   0.2772773881873546
69.3002   25.4166   0.30380577677193715
56.6165   20.3637   0.36657229846239286
58.0352   20.3719   0.30527728379294844
58.7276   21.6122   0.2910654221992048
60.146   21.6217   0.22933985698085668
60.8376   22.8624   0.21095397602320937
62.2558   22.8733   0.1575815344512158
62.9466   24.1145   0.14041260627165902
64.3646   24.127   0.12488194425135626
65.0547   25.3687   0.12649051347828658
66.4725   25.3829   0.1718630268556899
67.1621   26.625   0.19314453137482035
68.5799   26.6409   0.262902282226686
69.269   27.8835   0.29153594975577296
70.6869   27.9012   0.36595701933423597
71.3756   29.1442   0.3968279854042556
52.3596   20.3315   0.5370790351521819
53.779   20.3387   0.48346042237188513
54.473   21.578   0.47503275676525647
55.8922   21.5862   0.41631533721447156
56.5856   22.8259   0.4025194777895851
58.0044   22.8352   0.3393571275220231
58.697   24.0754   0.3203401473434135
60.1155   24.0859   0.25519659088631996
60.8073   25.3266   0.23234192475745788
62.2255   25.3385   0.17212431553966986
62.9165   26.5797   0.15012801204305817
64.3344   26.5931   0.12130671869274148
65.0249   27.8347   0.11898558736249992
66.4426   27.8497   0.15842506114879856
67.1325   29.0918   0.1804782535376478
68.5502   29.1085   0.25082671309092924
69.2397   30.3511   0.2808592174025989
70.6574   30.3695   0.35676104047387236
71.3466   31.6125   0.38869704140885675
72.7645   31.6327   0.46318063431020046
73.4535   32.8761   0.4943068480205381
49.5185   20.3074   0.6306224068331213
50.214   21.546   0.6274543250309137
51.6339   21.5534   0.581032744344069
52.3289   22.7923   0.5729979842896477
53.7485   22.8005   0.520236974848962
54.443   24.0398   0.5071565044441426
55.8623   24.049   0.44832739153435586
56.556   25.2887   0.43007000592926736
57.9749   25.299   0.3660120353212444
58.6678   26.5392   0.3429124086410403
60.0863   26.5508   0.27566075164956144
60.7784   27.7914   0.24914088383884445
62.1966   27.8043   0.18469485645247216
62.888   29.0455   0.1590197786440399
64.3059   29.0598   0.12050962617151956
64.9967   30.3014   0.11438728076145649
66.4144   30.3172   0.14767118879456648
67.1047   31.5593   0.1701225734580781
68.5223   31.5768   0.24033586914982058
69.2122   32.8194   0.2711990044229499
70.6298   32.8385   0.34814866077582407
71.3194   34.0816   0.3802569920461674
72.7372   34.1023   0.45599567980409633
73.4266   35.3458   0.48661750893283834
74.8447   35.3679   0.5577811936593047
75.5342   36.6116   0.5852149946814412
51.604   24.0147   0.6113390957561942
52.2996   25.2534   0.5991484457127451
53.7193   25.2628   0.5475277983810493
54.4142   26.5019   0.5304093042170378
55.8336   26.5123   0.47208135951337904
56.5277   27.752   0.44997276584255697
57.9466   27.7634   0.3857180317278427
58.6399   29.0035   0.35929746728859413
60.0585   29.0161   0.2910473157409296
60.751   30.2568   0.26172523760615835
62.1692   30.2706   0.19481368021778903
62.861   31.5117   0.1666984403046406
64.2789   31.527   0.12160024671027027
64.9701   32.7686   0.11213175286242594
66.3878   32.7853   0.13953243350562117
67.0785   34.0274   0.1616494355078321
68.4961   34.0457   0.23115929572483
69.1863   35.2883   0.2620813232567321
70.6039   35.3082   0.33924265651595253
71.2938   36.5513   0.3708631283910556
72.7116   36.5726   0.4471906193112729
73.4014   37.8161   0.4766191456498576
74.8194   37.8385   0.5485391234907487
75.5094   39.0822   0.5742637547329614
76.9277   39.1052   0.6397109112716463
53.6913   27.7254   0.5662872857481455
54.3867   28.9644   0.5458197871092623
55.8061   28.976   0.4882955662301294
56.5006   30.2155   0.46330107921307734
57.9197   30.2282   0.39931899529073395
58.6134   31.4682   0.37043748460435366
60.032   31.4819   0.30199514896765967
60.725   32.7224   0.27079597485930007
62.1432   32.7374   0.20284116939122618
62.8354   33.9784   0.17311201575858567
64.2533   33.9946   0.12411124042567515
64.945   35.2361   0.11233214143778697
66.3627   35.2538   0.1337619527369436
67.0538   36.4959   0.1549428281657463
68.4713   36.5151   0.22278236016345593
69.1619   37.7578   0.25299780631460006
70.5794   37.7783   0.3296873367298189
71.2697   39.0215   0.36000347220547746
72.6874   39.0433   0.43620827594166406
69.1387   40.2277   0.24331662499714163
70.5562   40.2489   0.3185972692915002
71.2467   41.4922   0.3468106399751912
72.6643   41.5144   0.4221701789563049
73.3547   42.758   0.44704840901181886
74.7727   42.7806   0.5186947078966584
75.4634   44.0242   0.5388657253899146
76.8818   44.0468   0.6047581086682505
77.5733   45.2901   0.6197204127669192
78.9921   45.3122   0.678820977872663
79.6847   46.5548   0.6883521773046116
81.104   46.5762   0.7401982234509896
81.7978   47.8181   0.7446142155505749
64.8986   40.1725   0.11950217571242011
66.3162   40.1921   0.1288141296597464
67.0078   41.4343   0.14548388226879105
68.4254   41.4551   0.2064870455985058
69.1163   42.698   0.2323802056974707
70.5338   42.7198   0.30540250490131643
71.2244   43.9632   0.3306201143306335
72.6421   43.9857   0.40432111001034754
73.3327   45.2293   0.4257786279277048
74.7506   45.2519   0.4964215345852774
75.4417   46.4954   0.5129621525999744
76.8601   46.5176   0.578545097637167
77.5519   47.7607   0.5896740201161986
78.9707   47.7821   0.6491998305606668
79.6636   49.0246   0.6549938778339836
81.0829   49.0451   0.7079878953767498
81.7767   50.2868   0.7087517689572281
83.1965   50.3062   0.7552055084544855
83.8912   51.5472   0.7514931070874817
60.6545   40.1209   0.2842841887970551
62.0729   40.1392   0.21992819282665582
62.7662   41.3801   0.19139250246548312
64.1842   41.3995   0.140849032655534
64.8767   42.6411   0.1266227072842706
66.2944   42.6616   0.1295206547234812
66.986   43.9041   0.1424629425499875
68.4035   43.9256   0.19744024412464545
69.0945   45.1687   0.2197384126637854
70.512   45.191   0.289317541811759
71.2027   46.4345   0.3105750472913069
72.6204   46.4571   0.3820988484672533
73.3111   47.7007   0.39942149416374545
74.7291   47.7231   0.4685246951869234
75.4203   48.9665   0.4807665337770507
76.8387   48.9882   0.5455117505608842
77.5307   50.2311   0.5524991312210344
78.9495   50.2518   0.6119489194369077
79.6424   51.4941   0.6136053862214701
81.0617   51.5136   0.6674516162239765
81.7554   52.7553   0.6640757863376744
83.1751   52.7737   0.712194032550118
83.8696   54.0147   0.7043339761789148
85.2897   54.032   0.7466841032190256
85.9848   55.2724   0.7348134797348245
62.0513   42.6068   0.22594689641594776
62.7447   43.8479   0.19933210980672708
64.1627   43.8682   0.15033040278000864
64.8552   45.1101   0.13602885723256608
66.2729   45.1315   0.1321595248175558
66.9644   46.3741   0.14029789734703665
68.382   46.3963   0.1873156960855201
69.0728   47.6396   0.20488772535220723
70.4904   47.6622   0.2697241739258797
71.181   48.9058   0.2864372357079278
72.5988   48.9284   0.3547159285963912
73.2895   50.172   0.36736735020956907
74.7076   50.194   0.4342471646424402
75.3988   51.4374   0.44179366224517036
76.8173   51.4584   0.5053423591981984
77.5092   52.7012   0.5075456531190079
78.9281   52.7211   0.566703643891585
79.6208   53.9633   0.5636918839224135
81.0401   53.9819   0.6179815693044561
81.7335   55.2235   0.610060193751403
83.1531   55.2408   0.6593545783567438
83.8472   56.4819   0.6469644348803104
85.2671   56.4981   0.6913025025269333
85.9617   57.7387   0.6748866052901025
87.3819   57.7539   0.7144553799923395
88.0769   58.994   0.6944144439742007
64.1414   46.3372   0.1621012338016
64.8336   47.5794   0.14790760629528302
66.2514   47.6015   0.13679162986090262
66.9426   48.8444   0.13980389837197033
68.3603   48.8671   0.176349681031745
69.0509   50.1106   0.1883187457477292
70.4686   50.1334   0.2465798248032461
71.159   51.3771   0.25799918604522915
72.5769   51.3995   0.322024983502833
73.2675   52.6432   0.32953838926595574
74.6857   52.6647   0.39351130860497274
75.3768   53.9079   0.39601840866303034
76.7953   53.9282   0.4576018465871836
77.487   55.171   0.45476827066100145
78.906   55.19   0.5129047182469665
79.5983   56.4322   0.5050491956235537
81.0176   56.4498   0.5592264389314936
81.7106   57.6914   0.5463774244970215
83.1302   57.7077   0.5964313204384902
83.8236   58.9489   0.5791844352190411
85.2435   58.964   0.624926947730693
66.2295   50.0716   0.14422194701224383
66.9203   51.3149   0.1425270149831292
68.3381   51.3379   0.1656826484578236
69.0284   52.5816   0.1716718381098074
70.4462   52.6044   0.22066216259250773
71.1363   53.8482   0.2264573248980945
72.5544   53.8703   0.2844455308138958
73.2447   55.1139   0.28658103566007276
74.6631   55.1348   0.3464326052784275
75.3539   56.3781   0.34364616977350226
76.7725   56.3976   0.402379783289369
77.4639   57.6403   0.3944369531369987
78.8829   57.6584   0.45080872884184536
79.5748   58.9006   0.43772866024513324
80.9941   58.9172   0.49107021901149783
68.315   53.8085   0.15790889778603046
69.0048   55.0524   0.15829854705587315
70.4228   55.0751   0.19397355489859888
71.1126   56.319   0.19427964381272855
72.5308   56.3406   0.24348143666406824
73.2208   57.5842   0.24026379252813168
74.6393   57.6044   0.2940699576631405
75.3298   58.8476   0.28609016061374887
76.7485   58.8663   0.3405719160471108
70.3981   57.5452   0.17126126240338663
71.0874   58.7892   0.16735704347293712
72.5059   58.8102   0.20261446147794676
77.6183   40.3488   0.6605277057020401
73.3775   40.2868   0.46371742473191574
74.7955   40.3094   0.5357471605151082
75.4859   41.5531   0.5590476902733789
76.9042   41.576   0.624946085674596
77.5953   42.8194   0.6431394405570219
79.0142   42.8421   0.7015381030279098
79.7063   44.085   0.7142974520464144
85.9373   60.2047   0.6035826206908218
87.3574   60.2187   0.6452768785567934
88.0517   61.4589   0.6204311887711632
89.472   61.4719   0.6581673799270207
90.1667   62.7116   0.6302984213846655
81.6864   60.1589   0.47315213198293876
83.106   60.1742   0.5232135032661142
83.7987   61.4154   0.5009082450908544
85.2185   61.4295   0.5475562162919901
85.9116   62.6703   0.5212482517956298
87.3315   62.6832   0.564488104391936
88.0252   63.9235   0.5349269202423811
89.4452   63.9353   0.5748598611835769
90.1393   65.175   0.5424997327188295
91.5596   65.1858   0.579465218973495
92.2542   66.425   0.5450333109086059
77.4395   60.109   0.32744688118838405
78.8585   60.1262   0.3808201412740671
79.5499   61.3684   0.36269494068706937
80.9691   61.3841   0.4141579167419103
81.6608   62.6258   0.3912572171858282
83.0803   62.6402   0.44030682483922473
83.7724   63.8814   0.413181098309205
85.192   63.8945   0.45969696540220617
85.8846   65.1353   0.42898468504131937
87.3043   65.1471   0.4729435590004372
87.9973   66.3874   0.43921424157237665
89.4172   66.3981   0.4807086643695924
90.1107   67.6378   0.444704800963515
91.5308   67.6474   0.4838973134870648
92.2248   68.8867   0.4464807386662932
93.645   68.8952   0.48348725939780385
94.3395   70.134   0.44548496046443586
73.1955   60.0538   0.1952096309099471
74.6142   60.0734   0.2391634169349488
75.3042   61.3165   0.2268206560258523
76.723   61.3344   0.27413516739009974
77.4135   62.5771   0.25676888440775086
78.8325   62.5934   0.3048754007787435
79.5233   63.8356   0.28253759041940013
80.9425   63.8504   0.3300537683469152
81.6337   65.0921   0.30323236964414313
83.053   65.1055   0.34955527459902236
83.7446   66.3468   0.3187754538856454
85.164   66.3589   0.3636876956950838
85.856   67.5996   0.3296157763214583
87.2756   67.6104   0.37297646038322685
87.9681   68.8507   0.3364445422354202
89.3878   68.8603   0.378265858887633
90.0808   70.1   0.34013723700882403
91.5007   70.1085   0.38057995217825086
92.1941   71.3478   0.3417718829862997
93.6141   71.3553   0.38078304846723426
94.3079   72.5941   0.3421004530835962
95.7279   72.6007   0.3799869734609328
96.422   73.8393   0.3425911995367057
72.4792   61.2791   0.17001088200465697
73.1684   62.5226   0.16175836918070458
74.5872   62.5415   0.18838272213767418
75.2768   63.7846   0.1751224143278045
76.6958   63.8017   0.20907075357400046
77.3856   65.0443   0.19026355405069395
78.8047   65.0599   0.2280514196403938
79.495   66.302   0.20436171363540984
80.9142   66.316   0.24381232536522118
81.6048   67.5577   0.2156412298239832
83.0241   67.5702   0.25574927174871925
83.7151   68.8114   0.22392768922132175
85.1345   68.8225   0.2640510746048968
85.8259   70.0633   0.2293928072106903
87.2454   70.0731   0.2693191601056307
87.9374   71.3133   0.23286414494292654
89.357   71.3218   0.2724308719657147
90.0495   72.5616   0.2349757647077621
91.4692   72.569   0.27424259333663076
92.162   73.8084   0.2367211017209936
93.5817   73.8148   0.275751010877563
94.2749   75.0539   0.23908544497731746
95.6946   75.0595   0.2780412559315601
96.3879   76.2983   0.2432121296317272
97.8077   76.3034   0.28234046822940567
98.5008   77.5422   0.2499970799829498
74.5583   65.0088   0.15821305255888032
75.2474   66.2518   0.15215078047779196
76.6664   66.2682   0.16071247618028225
77.3558   67.5108   0.14990253500191342
78.775   67.5255   0.16489614913636133
79.4647   68.7676   0.1492886130955722
80.8839   68.7808   0.16873701431516816
81.574   70.0224   0.1486784786040055
82.9933   70.034   0.17131973032900003
83.6838   71.2752   0.14775053299396165
85.1032   71.2854   0.1727748245549723
85.7942   72.5261   0.1465442254065342
87.2136   72.5349   0.17330698197129468
87.9051   73.7752   0.1452726058140322
89.3246   73.7828   0.17373399206833545
90.0164   75.0226   0.14468856209113654
91.436   75.029   0.17480469101257706
92.1282   76.2685   0.14561558982472494
93.5477   76.274   0.1773728840606726
94.2401   77.5133   0.1487248466128006
95.6597   77.5181   0.1825939210379154
96.352   78.7572   0.15501448319431357
97.7716   78.7615   0.19105546315141042
76.6349   68.7338   0.1587776432625252
77.3238   69.9763   0.16697511790683242
78.7431   69.9903   0.14990643748685947
79.4323   71.2324   0.1573888814370333
80.8516   71.2447   0.14218793901030802
81.5412   72.4864   0.1488678272831318
82.9605   72.4971   0.13510773478968274
83.6506   73.7383   0.1409430381395225
85.0699   73.7475   0.12858619677089267
85.7605   74.9883   0.1336747545350227
87.1799   74.9962   0.12294734645367705
87.8708   76.2364   0.12694979322550867
89.2902   76.2431   0.11830587474846974
89.9815   77.483   0.121031029079321
91.4009   77.4886   0.1153544537501683
92.0925   78.7283   0.11630623371084449
93.5119   78.7329   0.11500021739109421
78.7088   72.4542   0.19946889481821
79.3976   73.6962   0.22395332102918547
80.817   73.7078   0.1908929019109915
81.5062   74.9494   0.21712581606064552
82.9256   74.9594   0.18299262280212594
83.6152   76.2005   0.2105751409829802
85.0346   76.2089   0.1754093783125566
85.7247   77.4497   0.2038033611106512
87.1441   77.4567   0.1679653535703083
87.8345   78.6971   0.19632394148447785
89.2539   78.7029   0.16035794336421777
80.7801   76.1701   0.2755225580601391
81.4689   77.4117   0.307842183594127
82.8884   77.4208   0.2708510476258161
83.5776   78.6621   0.30412275482114465
84.997   78.6697   0.2654804324239343
73.9742   0.855744   0.5757610025218788
69.7097   0.801079   0.5466649293900225
71.13   0.815016   0.5638060526422176
71.8194   2.05627   0.5613484867709182
73.2396   2.07246   0.5754053570310245
73.9279   3.3144   0.5762089346756076
75.348   3.33284   0.585971459714548
76.0355   4.57535   0.589369299845181
65.445   0.7563   0.4802504127015387
66.8651   0.76616   0.5091156071502798
67.5556   2.00661   0.5005343745438469
68.9756   2.01831   0.527887492179915
69.665   3.25944   0.5234378844714999
71.085   3.27327   0.5484437875480019
71.7734   4.51504   0.5479833971937461
73.1933   4.53118   0.5696537984600821
73.8809   5.77352   0.5724678998860984
75.3009   5.79196   0.5897005765640725
75.9879   7.03474   0.5950615115263287
77.4079   7.0553   0.6064552683421927
78.0944   8.29846   0.6136008754882923
61.1807   0.719279   0.3863219364843269
62.6006   0.726132   0.42350002484533467
63.2919   1.96595   0.4082039942234743
64.7117   1.97402   0.4450805442838404
65.4021   3.21441   0.4342086480023191
66.8218   3.22409   0.4703774889384032
67.5112   4.46509   0.46385477910656625
68.931   4.47672   0.49872064575270914
69.6195   5.7183   0.4964387254233893
71.0392   5.73216   0.529103732740566
71.727   6.97426   0.530869912878852
73.1468   6.99048   0.5601082760502646
73.8339   8.23304   0.565289898105386
75.2538   8.25159   0.589941228004959
75.9405   9.49452   0.5977412865111459
77.3604   9.51523   0.6160975977878821
78.0469   10.7585   0.6256138745264513
79.4669   10.7811   0.6365389226119624
80.1531   12.0246   0.6466868562140399
56.9174   0.687459   0.27583513041126567
58.3371   0.692442   0.31731477290539023
59.0289   1.93188   0.29591365108761036
60.4485   1.93747   0.33831109366971646
61.1396   3.17732   0.32102446075026775
62.5591   3.18388   0.36407399261688544
63.2494   4.42421   0.3511041584772234
64.6689   4.43215   0.3943785898093345
65.3584   5.673   0.38578597188078434
66.7779   5.68267   0.42871667380683864
67.4666   6.92404   0.4246506795002208
68.886   6.93577   0.466539527157131
69.5741   8.17762   0.4669567993936917
70.9935   8.19165   0.5067021196916379
71.681   9.43395   0.5113779855449385
73.1005   9.45036   0.5478289485779291
73.7876   10.693   0.5561098632464614
75.2073   10.7118   0.5876753695706498
75.8941   11.9548   0.598442060687581
77.3139   11.9757   0.6236193229847847
78.0004   13.219   0.635863491639518
79.4204   13.2419   0.6532613106560039
80.1068   14.4855   0.6660060134863653
81.5269   14.51   0.6744719564222067
82.2131   15.7538   0.6869159264422379
58.2973   3.15022   0.24355899182744178
58.9882   4.39009   0.22570948141360744
60.4075   4.39546   0.27132987303280776
61.0978   5.63571   0.2570114061671198
62.517   5.64222   0.3043156238184306
63.2066   6.8829   0.29398789924076735
64.6258   6.89092   0.34246928971806856
65.3148   8.13206   0.33661898059973067
66.7339   8.14192   0.38542795967599586
67.4224   9.3835   0.3844068568587182
68.8415   9.3955   0.43258288269417133
69.5294   10.6375   0.4363585796108513
70.9486   10.6518   0.48285888207632527
71.6361   11.8942   0.49108639769392815
73.0554   11.9109   0.5343474337919112
73.7426   13.1536   0.5460937831545041
75.1621   13.1727   0.5843218719164971
75.849   14.4157   0.5983719578990983
77.2687   14.4369   0.6299898491245696
77.9554   15.6803   0.6452514393629812
79.3753   15.7034   0.66866442256187
80.0619   16.947   0.6840792205585537
81.482   16.9718   0.6983728875035174
82.1686   18.2156   0.7130275240129227
83.5888   18.2416   0.7175448278679182
84.2755   19.4855   0.73062251539355
60.3661   6.854   0.20884588959326045
61.056   8.09451   0.19812574920993797
62.4749   8.1012   0.2466672189408217
63.1643   9.34208   0.23962147003138007
64.5832   9.3504   0.29133076802836994
65.2721   10.5917   0.2888696245713625
66.691   10.6019   0.34242310085623606
67.3794   11.8436   0.34509910170848
68.7982   11.856   0.3989431162459098
69.4862   13.0981   0.40673497513737306
70.9052   13.1128   0.45931160446912145
71.5928   14.3552   0.4715633361490249
73.0119   14.3723   0.5209360997281723
73.6992   15.6151   0.5364462787642397
75.1185   15.6344   0.5807702643903178
75.8055   16.8775   0.5983734034864853
77.2251   16.899   0.6358593319280601
77.912   18.1424   0.6540553034721146
79.3319   18.1658   0.6832945119053715
80.0187   19.4094   0.7010689124472705
81.4388   19.4343   0.7209417868316411
62.4338   10.5609   0.1953552917123047
63.1233   11.8019   0.191691444775191
64.5419   11.8107   0.24387150305027225
65.231   13.0521   0.24512451937739493
66.6496   13.0628   0.3019535560313897
67.3382   14.3046   0.30872197848549693
68.7568   14.3175   0.3673400332117347
69.4449   15.5596   0.3794820417358383
70.8636   15.5748   0.4373499628444026
71.5514   16.8173   0.4537963970769263
72.9703   16.8347   0.5087545773749849
73.6577   18.0776   0.5281048475445
75.0769   18.0972   0.57787114480652
75.7641   19.3404   0.5987301395453541
77.1835   19.3621   0.6415308955927209
64.5025   14.2719   0.20287249690384335
65.1918   15.5133   0.207559027748735
66.6102   15.5247   0.2657771622995497
67.299   16.7665   0.276829911678635
68.7174   16.78   0.3391544191072837
69.4057   18.0222   0.35556394642876615
70.8242   18.0378   0.4180738092729572
71.5121   19.2804   0.438506294139548
72.9308   19.2982   0.49824939538347685
66.5729   17.9877   0.23481452254918028
67.2619   19.2296   0.2495867584628627
68.68   19.2436   0.3147960291998611
82.1257   20.6781   0.7374743792159829
83.5459   20.7042   0.7472845241271888
84.233   21.9481   0.7616388120362559
85.6533   21.9749   0.7610092903506502
86.3408   23.2186   0.7725775430337082
77.8706   20.6056   0.6624540814275361
79.2904   20.6291   0.6968671752923926
79.9774   21.8729   0.7167655683694625
81.3975   21.8978   0.7417706451457892
82.0847   23.1417   0.759632180729594
83.5049   23.1677   0.7742987730843958
84.1924   24.4115   0.7892830987674819
85.6128   24.4382   0.7933192232638763
86.3008   25.6818   0.8047984281793801
87.7213   25.7087   0.7980937914806758
88.4102   26.9518   0.8056453065710738
73.6183   20.5412   0.5210975436518582
75.0373   20.5611   0.5757351908646888
75.7247   21.8044   0.5993769181408292
77.144   21.8264   0.6470438779557377
77.8313   23.07   0.6701455513543297
79.2509   23.0936   0.7093018398397112
79.9383   24.3374   0.7307196179110016
81.3582   24.3624   0.7602737072923139
82.0458   25.6063   0.7789470071834157
83.466   25.6322   0.7979925062304779
84.154   26.876   0.8130837902701052
85.5744   26.9023   0.8213104528739412
86.2632   28.1457   0.8320920021247645
87.6837   28.1722   0.8294630190671541
88.3738   29.415   0.83599036477701
89.7944   29.4414   0.8227882473638038
90.4858   30.6833   0.8253307821716084
69.3685   20.4859   0.3352705474687561
70.7868   20.502   0.40165699296787977
71.4748   21.7447   0.42566170840234097
72.8933   21.7629   0.4895926980664632
73.5811   23.006   0.5153414111052979
74.9999   23.0263   0.5742250255779517
75.6875   24.2697   0.60002727438009
77.1066   24.2918   0.6520521834945416
77.7942   25.5355   0.6766581781076758
79.2137   25.5593   0.7200561436443688
79.9014   26.8032   0.7422752387086602
81.3212   26.8281   0.7759154722004195
82.0093   28.072   0.7946938404190622
83.4294   28.0977   0.8177272528172215
84.1182   29.3413   0.8322226805368866
85.5385   29.3673   0.8442324561398943
86.2284   30.6104   0.8541942343518834
87.6489   30.6364   0.855249168371417
88.3402   31.8787   0.8607401524269672
89.7609   31.9045   0.851403746761782
90.4538   33.1458   0.8530943851649705
91.8745   33.1713   0.8342477150103561
92.5692   34.4116   0.8327994476463106
68.6447   21.7083   0.294330511500251
69.3333   22.9508   0.3180815775866282
70.7515   22.9674   0.38776696610206307
71.4397   24.2102   0.4147311056576292
72.858   24.2288   0.4821803604461726
73.546   25.472   0.5102722998556743
74.9647   25.4926   0.5727686880408176
75.6525   26.7361   0.6003601835565039
77.0715   26.7585   0.6559253997216447
77.7594   28.0023   0.6815315106434908
79.1787   28.0261   0.7285235823224947
79.8669   29.27   0.7509507640318365
81.2866   29.2948   0.7880898235607409
81.9754   30.5386   0.8064650829391187
83.3954   30.5641   0.8328930423529782
84.0851   31.8074   0.8465764525428275
85.5054   31.833   0.8620710005562179
86.1964   33.0757   0.8709066367872043
87.617   33.1011   0.8756421472268218
88.3096   34.3428   0.8801928027426713
89.7303   34.368   0.874726180012923
90.4246   35.6087   0.8755546870413066
91.8455   35.6334   0.8609720262586927
92.5415   36.8731   0.8590569538744204
93.9624   36.8975   0.8363329181611827
94.6601   38.1361   0.8326883510653905
70.7182   25.4338   0.3761281696443375
71.4066   26.6767   0.4053632075065521
72.8249   26.6958   0.47577320227183817
73.5131   27.9391   0.5055307310144447
74.9316   27.96   0.571084485868773
75.6198   29.2037   0.5995591547128603
77.0386   29.2262   0.6582251058718436
77.7269   30.4701   0.6841307477375934
79.1461   30.4939   0.7341301110838587
79.8349   31.7378   0.756252927267061
81.2545   31.7625   0.796385773353592
81.944   33.0061   0.8138626419734474
83.364   33.0311   0.8434047960499145
84.0547   34.2742   0.8558591940266802
85.475   34.2992   0.8746592307864822
86.1672   35.5414   0.8824478738146515
87.5878   35.5661   0.8906784885692474
88.2816   36.8073   0.8942673481683199
89.7024   36.8316   0.8928869693303851
90.398   38.0718   0.8930518517980907
91.8189   38.0957   0.8828353527130638
92.5161   39.3348   0.8805774525843821
93.9372   39.3584   0.862505965196762
72.7937   29.1638   0.46963633803188587
73.4823   30.4072   0.500302368573245
74.9007   30.4285   0.5684054714726097
75.5892   31.6722   0.597217121321886
77.0079   31.695   0.6583602964942528
77.6968   32.9388   0.6839000731100984
79.1158   32.9627   0.7363882467829047
79.8053   34.2064   0.7576295268797263
81.2248   34.2309   0.8003777170811286
81.9152   35.4742   0.8165332877476572
83.3351   35.4987   0.8488975497667539
84.0269   36.7414   0.8601136959728044
85.4471   36.7657   0.8820232820056395
86.1405   38.0074   0.8885702054424296
87.5611   38.0313   0.9004862020042285
88.2561   39.272   0.9031267131471638
89.6769   39.2955   0.9058153564606863
74.8717   32.8978   0.5641811942984266
75.5608   34.1416   0.5925886431581354
76.9793   34.1645   0.65576149627742
77.6688   35.4083   0.680287314301832
79.0877   35.4321   0.7348114179842339
79.7779   36.6756   0.7546333878115923
81.1973   36.6997   0.7996152950012887
81.8886   37.9427   0.8142466641012409
83.3085   37.9666   0.8492186644204178
84.0013   39.2089   0.8589036558310821
85.4215   39.2324   0.8840058879894411
76.9527   36.6347   0.6496783357939523
77.6427   37.8784   0.6727040805584574
79.0616   37.9019   0.7289484275310568
79.7525   39.1453   0.7468462090685064
81.1719   39.1688   0.7938470885504324
83.2175   47.8385   0.7890984349243118
83.9124   49.0796   0.7890529386549429
85.3326   49.0992   0.8263341394375516
86.0285   50.3395   0.8221950924202828
87.449   50.3582   0.8527393036561651
88.1457   51.5979   0.8450800849623659
89.5665   51.6158   0.8690874179275642
90.264   52.8549   0.8585262313989006
91.685   52.8722   0.876381355347089
92.3831   54.1106   0.8633241453822539
93.8043   54.1272   0.8755403188888564
94.503   55.3651   0.8603073229956836
95.9243   55.3808   0.8671882033330477
96.6236   56.6182   0.8503243675210057
98.045   56.6331   0.8523052094173775
98.7448   57.8699   0.8340363121591287
100.166   57.8839   0.8315600098609837
100.866   59.1203   0.8121297741124867
102.288   59.1336   0.8056114448045029
85.3114   51.5657   0.7914449380721318
86.007   52.806   0.7837409329619074
87.4275   52.8235   0.8175546159126
88.1237   54.0633   0.8063381238661608
89.5445   54.08   0.8342162429490328
90.2413   55.3193   0.8198890473716534
91.6623   55.3352   0.842225973239962
92.3597   56.5739   0.8253000121168061
93.7809   56.589   0.8424220141947849
94.4788   57.8272   0.823218871260858
95.9001   57.8414   0.8355312920531452
96.5986   59.079   0.8145979928774688
98.0199   59.0924   0.8223185088516501
87.4052   55.2888   0.7717479057308781
88.1009   56.5287   0.7562679551587522
89.5215   56.5442   0.7878628307008769
90.2177   57.7836   0.7692819899100698
91.6385   57.7982   0.7958551752674591
92.3352   59.0371   0.7745787564863891
93.7562   59.0508   0.7964490253619492
89.4974   59.0082   0.7292951665820915
94.6359   40.5965   0.8586335306753397
96.057   40.6196   0.8338082813213122
96.7571   41.8568   0.8290480926942649
90.3735   40.5351   0.9053418083795747
91.7945   40.5581   0.8995870941715424
92.4926   41.7968   0.8967977140916445
93.9137   41.8194   0.8836851249172405
94.6131   43.0572   0.8792981803688662
96.0343   43.0793   0.8595296969855079
96.7349   44.3163   0.8542702733912726
98.1562   44.3379   0.8286513742219939
98.8578   45.574   0.8228714905743177
86.1158   40.4736   0.889115768615089
87.5365   40.4966   0.9048111736710581
88.2323   41.7369   0.9062081493784961
89.6532   41.7594   0.9131682429870196
90.3506   42.9987   0.911658713554585
91.7716   43.0207   0.9106660749143993
92.4703   44.2591   0.906953626157368
93.8915   44.2807   0.8987988317749419
94.5913   45.5182   0.8935075937002431
96.0126   45.5393   0.8789938623221436
96.7134   46.7761   0.8726487552274387
98.1348   46.7965   0.8523974542430314
98.8364   48.0326   0.8452322343592903
100.258   48.0523   0.8199973048736184
100.96   49.2877   0.812400086164445
81.864   40.4115   0.8065508167499421
83.2839   40.4347   0.8440206691781899
83.9775   41.6765   0.8518769922940761
85.3977   41.6991   0.8800597366088284
86.0928   42.94   0.8835302258553458
87.5135   42.962   0.9029915448109125
88.21   44.202   0.9029610235220562
89.6309   44.2234   0.9142774742932256
90.3286   45.4625   0.9113360850970401
91.7498   45.4834   0.9151031089445598
92.4486   46.7217   0.9099641421506677
93.8699   46.7421   0.9068720361771005
94.5698   47.9796   0.9000599591138351
95.9912   47.9994   0.8908227096341901
96.6919   49.2362   0.8827596558520338
98.1133   49.2554   0.8679752127797183
98.8148   50.4915   0.8589120793189474
100.236   50.5099   0.8391326533987336
100.938   51.7455   0.8294431204127253
102.36   51.7632   0.8050429367431275
103.063   52.9982   0.7948844255613527
79.0372   40.372   0.7179639963117922
79.7288   41.6151   0.7335538017078226
81.1481   41.638   0.7824326424683472
81.841   42.8804   0.7928117620217295
83.2608   42.9027   0.8327532227496924
83.9551   44.1442   0.8383812199709632
85.3753   44.1659   0.8697223694950006
86.0709   45.4065   0.8711586135716041
87.4915   45.4274   0.8943760394822756
88.1884   46.6672   0.8924098217747268
89.6093   46.6875   0.9079738157017522
90.3072   47.9265   0.9031026630455702
91.7283   47.9462   0.9117130305090523
92.4272   49.1844   0.9044554881253135
93.8485   49.2036   0.9066104235006349
94.5481   50.4412   0.8975636523389298
95.9696   50.4597   0.8936887321657357
96.67   51.6966   0.8833024736747875
98.0915   51.7145   0.8739938272093223
98.7925   52.9508   0.8624925912725275
100.214   52.9678   0.8483168040301924
100.916   54.2036   0.835951051198572
102.337   54.2198   0.8172503288466749
103.039   55.4551   0.8042070628886566
104.461   55.4707   0.7814080240181831
105.163   56.7055   0.7681868067078456
81.1256   44.1072   0.7647240940365349
81.819   45.3493   0.7723824247094186
83.2388   45.3707   0.8146644339849378
83.9335   46.6119   0.8176589875981299
85.3538   46.6326   0.8521408979740387
86.0496   47.873   0.8510326609478618
87.4702   47.8928   0.8779863153831053
88.1671   49.1325   0.8734751398866478
89.588   49.1516   0.8932800568690633
90.2858   50.3906   0.8858656952382786
91.7069   50.4091   0.8992077457406606
92.4055   51.6475   0.8893068930352439
93.8267   51.6653   0.8964964751743302
94.526   52.903   0.8847252398343782
95.9474   52.9202   0.8862809374007758
96.6473   54.1573   0.8728630247639086
98.0688   54.1737   0.8692073918231485
98.7693   55.4103   0.8545703774412019
100.191   55.4258   0.8461935948705833
100.892   56.6618   0.8305532914870658
102.313   56.6766   0.817727338420331
103.015   57.9122   0.801529843486815
104.436   57.9264   0.7847015356172061
105.138   59.1616   0.7682390773710999
106.56   59.1754   0.7481189744953672
102.989   60.3695   0.7856373527270709
104.41   60.3823   0.7752120484099803
105.111   61.6179   0.7553656399386977
106.532   61.6304   0.7417018808119583
107.233   62.8658   0.7222234626485091
108.655   62.8782   0.706046917704483
109.355   64.1136   0.6877132396573448
98.7189   60.3295   0.7999796309906905
100.14   60.3421   0.8034527490773811
100.84   61.5787   0.7801793704014475
102.261   61.5906   0.7798179082324267
102.961   62.8269   0.7560696131970905
104.382   62.8383   0.7523403019910605
105.082   64.0743   0.7291257779011785
106.504   64.0855   0.7226354613496355
107.203   65.3214   0.7001782701569674
108.625   65.3327   0.6914823786619594
109.324   66.5687   0.6710777376727669
110.745   66.5805   0.660348892631767
111.444   67.8166   0.642892564897123
94.4534   60.2892   0.7729918369556057
95.8745   60.302   0.790385089687298
96.5722   61.5398   0.7651979221090434
97.9935   61.5517   0.7784524712530625
98.6916   62.7891   0.7519608699925807
100.113   62.8002   0.7614344686182796
100.811   64.0371   0.7340613393988278
102.233   64.0477   0.7402228110508349
102.931   65.2843   0.7129626708320698
104.353   65.2944   0.7161934515199069
105.052   66.5308   0.6901358272108473
106.473   66.5409   0.6909502297560942
107.171   67.7772   0.6663874923796235
108.593   67.7876   0.6655374745271689
109.291   69.0241   0.643764491099035
110.712   69.035   0.6411153562347417
111.409   70.2718   0.6229645254747685
112.831   70.2836   0.6189453610780165
113.527   71.521   0.6045240938126454
90.1928   60.2478   0.7060392694461135
91.6135   60.261   0.7365270259807167
92.3094   61.5001   0.710686639806884
93.7302   61.5124   0.7369727606906509
94.4267   62.751   0.7091032153361019
95.8476   62.7624   0.7314290738000504
96.5446   64.0004   0.7019486733373033
97.9656   64.0109   0.7205555842542583
98.663   65.2484   0.6901790854553618
100.084   65.2583   0.705497214735819
100.782   66.4954   0.6748883240951781
102.203   66.5047   0.6873651576854913
102.901   67.7416   0.6577301650373043
104.322   67.7506   0.6676707272301204
105.02   68.9874   0.6397895747822077
106.441   68.9965   0.6480520735249592
107.138   70.2333   0.6225842031404261
108.559   70.2428   0.6294437226631122
109.256   71.4799   0.6075660622516706
110.677   71.49   0.6132679186130666
111.373   72.7275   0.5955605510777227
112.794   72.7387   0.5997665379128773
113.489   73.9769   0.5862320871463794
114.91   73.9895   0.5891784873873099
115.603   75.2284   0.5795007247622718
91.5872   62.7236   0.6642000526949683
92.2824   63.9628   0.6338615858371606
93.703   63.9738   0.6642155674176876
94.3988   65.2124   0.6320593010153388
95.8195   65.2225   0.6589811074681896
96.5157   66.4606   0.6257326026347034
97.9366   66.4699   0.6495913330702608
98.6332   67.7075   0.615989074578437
100.054   67.7162   0.6370571795372838
100.751   68.9535   0.603987127346272
102.172   68.9617   0.622992592251306
102.869   70.1989   0.5917048419609232
104.29   70.207   0.6086565862619101
104.986   71.4442   0.5799484201202733
106.407   71.4523   0.595944636690355
107.103   72.6898   0.570496117427628
108.524   72.6984   0.5855542758788429
109.219   73.9362   0.5641595164490267
110.64   73.9456   0.5782746146944381
111.335   75.1839   0.5618432877591408
112.756   75.1945   0.5746865667474733
113.449   76.4335   0.5623263998782202
114.869   76.4457   0.5734298562160836
115.561   77.6855   0.5653139658632172
116.982   77.6996   0.5745536093351072
117.673   78.9402   0.5705994128983993
93.6746   66.4347   0.5790335137105612
94.3697   67.6734   0.543292462675489
95.7902   67.6823   0.5745342026372298
96.4858   68.9205   0.5384316669736279
97.9063   68.9286   0.567133379373847
98.6022   70.1664   0.5314780240047546
100.023   70.1739   0.5582044159624656
100.719   71.4116   0.5239102976655433
102.139   71.4187   0.5490069671689037
102.835   72.6564   0.5174576504410752
104.256   72.6635   0.54149321325387
104.951   73.9012   0.5133315497804481
106.372   73.9085   0.536895157363149
107.067   75.1466   0.5126661389247374
108.487   75.1545   0.5353793514882678
109.181   76.3929   0.5156557475680827
110.602   76.4018   0.5379670343060098
111.295   77.6409   0.5231046931542465
112.715   77.6511   0.5440264791349781
113.407   78.8908   0.5334910308524402
114.827   78.9027   0.5528567716868443
95.7597   70.1417   0.48040538090241824
96.4546   71.38   0.4427178446821417
97.8749   71.387   0.476029274309888
98.5699   72.6251   0.43963440493209804
99.9903   72.6316   0.4717114902140943
100.685   73.8696   0.4376095177209951
102.106   73.8758   0.4689970682211131
102.8   75.1139   0.43824093829764155
104.221   75.1202   0.4689988166296392
104.915   76.3585   0.4424055831474107
106.335   76.3651   0.4729243068399003
107.029   77.6038   0.4507634191014135
108.449   77.6111   0.4810222240188079
109.141   78.8503   0.463199406303592
110.562   78.8587   0.4932274120524945
97.8421   73.8453   0.37967229290534404
98.5362   75.0837   0.3443530310596942
99.9562   75.0892   0.38089213696267976
100.65   76.3277   0.34849404586018495
102.07   76.3331   0.3851321331699014
102.764   77.5717   0.35690806939602365
104.184   77.5772   0.3933973690811852
104.877   78.8161   0.36928647416334914
106.297   78.8221   0.40642102553878817
99.9206   77.5469   0.2897211590477957
100.613   78.7858   0.26027938835028785
102.033   78.7905   0.3010359613069485
107.261   60.4104   0.7315982572423188
91.0214   1.16065   0.23919072745405812
92.4406   1.18982   0.1952472278932541
93.1259   2.43397   0.18963212913427682
86.7616   1.07532   0.37812324564882144
88.1811   1.10291   0.33483561056136374
88.8672   2.34646   0.33459691032643896
90.2866   2.37487   0.28786285901449815
90.9719   3.61892   0.28594566634240093
92.3911   3.64811   0.2363669987540527
93.0758   4.89261   0.23213767488281492
94.4948   4.92225   0.1813461981956072
95.1791   6.16698   0.17433312823442937
82.5002   0.994904   0.4908105480895887
83.9201   1.02044   0.4594656950197693
84.6069   2.26354   0.46193093639633737
86.0266   2.29   0.42512139454513487
86.7127   3.53353   0.42692169071153996
88.1323   3.56088   0.3850009148041104
88.8176   4.80487   0.3854931808735404
90.237   4.83318   0.3386126342887964
90.9217   6.07759   0.33738765893256756
92.3409   6.10677   0.2858764140323603
93.0253   7.35144   0.28252688650816987
94.4443   7.3811   0.22722224120891069
95.1289   8.62573   0.2216196642899744
96.5478   8.65532   0.16405078360068442
97.233   9.89959   0.15657349711876614
78.2378   0.920896   0.5585268018063204
79.6579   0.94355   0.5436297247207879
80.3453   2.18623   0.5469511952633421
81.7654   2.21032   0.5262203534642107
82.4521   3.45344   0.5298420935524105
83.872   3.47866   0.5027184370002746
84.5581   4.72217   0.506114752304255
85.9778   4.74839   0.47269250269070406
86.6633   5.99231   0.47522063296957323
88.0828   6.01954   0.4356180868604975
88.7677   7.26386   0.4367791267906459
90.1871   7.29214   0.39111885265223356
90.8717   8.53673   0.3905923470832465
92.2909   8.5659   0.3391375378810197
92.9756   9.81049   0.3367640659274679
94.3946   9.84013   0.28023442757805184
95.0799   11.0844   0.27603005271165637
96.4989   11.114   0.21553593667878454
97.1851   12.3577   0.210101737260785
98.604   12.3867   0.14716015085613415
99.2912   13.6299   0.14093505596550748
75.3945   0.874305   0.5780080475434554
76.0828   2.11637   0.579768234383364
77.503   2.13702   0.5770291035987685
78.1904   3.37965   0.5806822167933147
79.6105   3.40208   0.5719964860906056
80.2972   4.64516   0.5765870641108768
81.7172   4.66903   0.5613465974778858
82.4034   5.91249   0.5660757547360608
83.8233   5.93755   0.543755763555662
84.5089   7.18138   0.5480622793989742
85.9287   7.20754   0.5186424880396927
86.6138   8.45173   0.522075586098411
88.0335   8.47898   0.48544683014723683
88.7183   9.72345   0.4874747592440036
90.1377   9.75177   0.44398272308728254
90.8226   10.9963   0.4444302644960169
92.2419   11.0254   0.39426992023232016
92.9272   12.2698   0.3930777149623211
94.3464   12.2993   0.337126949382572
95.0326   13.5431   0.33466173967156604
96.4517   13.5725   0.2738415052544093
97.1389   14.8157   0.2703655488408251
98.558   14.8446   0.20584695771373493
99.2462   16.0873   0.2017117002060133
100.665   16.1155   0.13498225809342754
101.354   17.3576   0.13036997353685545
77.4556   4.5959   0.593725197713556
78.1424   5.83886   0.5988705399332974
79.5625   5.8612   0.5967110179140329
80.2488   7.10454   0.6027526544943639
81.6688   7.12837   0.5932545491608133
82.3546   8.37205   0.599431666580937
83.7746   8.39716   0.5822395178103257
84.4601   9.64117   0.5879122043298642
85.8799   9.66744   0.5627060422636307
86.5651   10.9117   0.567398625306759
87.9848   10.9391   0.5342813491036357
88.6699   12.1835   0.5375576155166979
90.0895   12.2119   0.496838665967133
90.775   13.4562   0.49865970360557454
92.1945   13.4852   0.4507946095507356
92.8806   14.7292   0.4512035571668298
94.3   14.7584   0.3968379518140864
94.9871   16.0019   0.3960435455855821
96.4064   16.0309   0.3362248206185853
97.0944   17.2737   0.334279837860436
98.5136   17.3023   0.2701596935147791
99.2026   18.5445   0.2673333686616773
100.622   18.5726   0.2000138245222074
101.312   19.8142   0.19643701280563022
102.731   19.8418   0.12735917713302056
79.5144   8.32087   0.6180256049711847
80.2005   9.56435   0.625849581289308
81.6206   9.58832   0.6224754632915249
82.3064   10.8321   0.63032975496957
83.7265   10.8574   0.6184514370587239
84.412   12.1015   0.6257564622119386
85.832   12.128   0.6052891375202417
86.5175   13.3722   0.6114827716297478
87.9374   13.3998   0.5824424263392893
88.623   14.644   0.5872456896393525
90.0428   14.6723   0.5499667080833175
90.729   15.9164   0.5533193472127997
92.1486   15.9452   0.5083013771376182
92.8356   17.1887   0.5101383047762631
94.2551   17.2176   0.4581237933135529
94.943   18.4607   0.45858571717836977
96.3625   18.4893   0.4006054043569548
97.0513   19.7317   0.3994804751173711
98.4707   19.76   0.3366408471947514
81.5732   12.0488   0.6492702981039564
82.2591   13.2927   0.6593567016418347
83.6793   13.3183   0.6528829374397821
84.3651   14.5623   0.6621812818254524
85.7852   14.589   0.6465549628608537
86.4712   15.8331   0.6546712533783642
87.8912   15.8607   0.6298954913316969
88.5775   17.1048   0.636336396884541
89.9975   17.133   0.6028445985492447
90.6843   18.3767   0.6076282662944498
92.1042   18.4052   0.5658323868426048
92.7918   19.6484   0.5686387341713541
94.2116   19.6768   0.5195635283581787
83.6333   15.7796   0.6859719090458444
84.3196   17.0236   0.697328294277523
85.7398   17.0505   0.6867605259477285
86.4262   18.2944   0.6964481315934445
87.8464   18.322   0.6762828624177901
88.5333   19.5658   0.6840837229462493
89.9534   19.5938   0.6546234413767958
85.6958   19.5124   0.7251637332354667
103.422   21.0827   0.12325639942818267
99.1605   21.0017   0.3341846495576961
100.58   21.0296   0.26752773687974785
101.271   22.2706   0.2641306873500307
102.69   22.298   0.19500105127921633
103.383   23.5383   0.1908930066817536
104.802   23.5652   0.12085813998237889
105.496   24.8045   0.11658061588445967
94.9001   20.9196   0.5203495459784704
96.3198   20.9477   0.4646961265171029
97.0094   22.1898   0.4635474625105824
98.429   22.2175   0.40261082946189986
99.1198   23.4588   0.399794872403336
100.539   23.4863   0.33468255108385914
101.232   24.7268   0.33066842909476596
102.651   24.7539   0.26265513511066074
103.345   25.9934   0.25805611792786387
104.765   26.0201   0.18848156408519148
105.46   27.2585   0.18375704068143775
106.88   27.2848   0.1141601506656332
107.578   28.5221   0.10984557342014314
90.6409   20.8373   0.6600308932163704
92.061   20.8653   0.6219891397765722
92.7493   22.1083   0.6248886700845196
94.1693   22.1362   0.5789596704434594
94.8586   23.3786   0.5793089503883047
96.2785   23.4062   0.5264932478199511
96.9691   24.6478   0.5245647624459722
98.389   24.6751   0.46595254050171275
99.081   25.9158   0.4623020008609089
100.501   25.9429   0.39929479085006897
101.195   27.1826   0.39459068666150643
102.614   27.2094   0.32850074581346084
103.31   28.448   0.32330966580045173
104.73   28.4745   0.25527602707657493
105.427   29.7119   0.250280342815811
106.847   29.738   0.18129704906589
107.546   30.9743   0.17691466869652142
108.967   30.9999   0.10821450919354515
109.668   32.2351   0.10512573424238345
86.3827   20.7562   0.7361564303869117
87.803   20.7837   0.720612149495136
88.4904   22.0273   0.7290151575927613
89.9107   22.0549   0.7038135619608357
90.5989   23.2982   0.7091877678020114
92.0191   23.3258   0.6748061647614082
92.7083   24.5684   0.6771420899633989
94.1285   24.5958   0.6345714301794559
94.8189   25.8377   0.6339170371586484
96.239   25.8648   0.5841516583901815
96.9309   27.1058   0.5811816325383992
98.3509   27.1327   0.5254969552718647
99.0445   28.3726   0.5208813108568978
100.465   28.3993   0.4606687095950838
101.16   29.6382   0.45517552658287774
102.58   29.6646   0.39163714073106026
103.277   30.9023   0.3860686467456266
104.697   30.9284   0.32030624408525005
105.397   32.1649   0.3152148790904384
106.817   32.1907   0.24805815850320204
107.518   33.4261   0.2440251831266596
108.938   33.4514   0.17613088882987044
109.641   34.6858   0.17351337124268007
111.061   34.7106   0.10611149796322857
111.765   35.9441   0.10595112080577387
87.7612   23.2458   0.7615950236181951
88.4492   24.4893   0.7698241422558795
89.8697   24.5165   0.7487970152184101
90.5587   25.7594   0.7534905042533706
91.9791   25.7866   0.7229731391967473
92.6693   27.0288   0.7241903064802785
94.0897   27.0557   0.6851785825607796
94.7815   28.2969   0.6833906496287461
96.2017   28.3236   0.6370591024386987
96.8952   29.5639   0.6331209205199276
98.3155   29.5903   0.5806573516283071
99.0107   30.8294   0.5754597987696439
100.431   30.8556   0.5183502387382498
101.128   32.0936   0.512581983686512
102.548   32.1196   0.45201285379953543
103.247   33.3564   0.446508656131098
104.668   33.382   0.38349706648160947
105.368   34.6177   0.3786197300722713
106.789   34.643   0.31388998072573077
107.491   35.8777   0.3102948919979192
108.912   35.9025   0.24429899713261286
109.616   37.1363   0.24210324244007894
111.036   37.1607   0.1755538948585305
111.741   38.3937   0.17546657801416032
113.162   38.4177   0.11111530047657732
113.868   39.6501   0.1153896442493824
89.8307   26.9787   0.7885740421799327
90.5208   28.2212   0.79225211896214
91.9414   28.2478   0.765501103852894
92.633   29.4894   0.7656787381140986
94.0535   29.5158   0.7303124947582376
94.7468   30.7564   0.7276548975991293
96.1673   30.7826   0.6849538962587178
96.8624   32.022   0.6804455452128414
98.2829   32.0479   0.631698195343314
98.9798   33.2863   0.6261256104009807
100.4   33.3119   0.5727187442366453
101.099   34.5491   0.5670143296249215
102.519   34.5744   0.509836405134038
103.22   35.8105   0.5046555260769459
104.641   35.8355   0.4448348120370074
105.343   37.0705   0.4405787670780338
106.763   37.0952   0.3784947555779334
107.467   38.3293   0.37544598812612007
108.887   38.3535   0.31175464711853246
109.592   39.5868   0.3099577551860899
111.013   39.6107   0.24533187726017186
91.9065   30.7094   0.8025333700227051
92.5996   31.9503   0.8017510399120167
94.0203   31.9762   0.7703257168237339
94.7152   33.216   0.7670980315448603
96.1358   33.2416   0.7284269283874674
96.8325   34.4803   0.7236516150745459
98.2532   34.5056   0.6789231768027955
98.9516   35.7432   0.6735108759329729
100.372   35.7682   0.6240129886468708
101.072   37.0047   0.618606700578001
102.493   37.0293   0.5653574267664657
103.195   38.2648   0.5606277552886575
104.616   38.289   0.5042439290660807
105.319   39.5235   0.5003988009577948
106.739   39.5473   0.4414591940372293
93.99   34.4368   0.8056182036175703
94.6864   35.6759   0.8020308098820145
96.1072   35.7008   0.7676972710645773
96.8053   36.9389   0.7629669258886655
98.2262   36.9634   0.7225796288299299
98.9258   38.2004   0.7174455031568592
100.347   38.2246   0.6722891491017828
101.048   39.4606   0.6673143562070274
102.469   39.4843   0.6181176101681622
96.0811   38.1601   0.8029098890909233
96.7803   39.3977   0.7982534998357346
98.2014   39.4214   0.7626103395574955
111.719   40.8433   0.24534086492062154
113.14   40.8669   0.18112857311865413
113.846   42.099   0.18408402972555882
115.267   42.1224   0.12420905764073821
115.974   43.3541   0.13224817579082077
107.444   40.781   0.4388127163152855
108.865   40.8045   0.37788495603821043
109.57   42.0374   0.37630898208785724
110.991   42.0606   0.3139065466026464
111.697   43.293   0.31375189242457147
113.118   43.3161   0.25096734847385793
113.825   44.548   0.253294097838857
115.246   44.571   0.1920794887540005
115.953   45.8026   0.19771282204247542
117.374   45.8258   0.14452273177600067
118.081   47.0573   0.15423060656044368
103.171   40.7193   0.6136302632693401
104.592   40.7426   0.5611034218395025
105.296   41.9768   0.5574810310674251
106.717   41.9996   0.5020926209376114
107.422   43.2331   0.4994654943036591
108.843   43.2556   0.4417442359556031
109.548   44.4884   0.4398317178194415
110.97   44.5108   0.3803565169679616
111.676   45.743   0.3796927837080932
113.097   45.7654   0.3191467060773131
113.804   46.9973   0.3205041653395477
115.225   47.0198   0.26021740910246144
115.932   48.2514   0.26406923334610505
117.353   48.2742   0.20776729771549027
118.06   49.5059   0.21465146167683552
119.481   49.529   0.1678762043888281
120.188   50.7608   0.17893434550136234
98.902   40.6579   0.7576885045980313
100.323   40.6811   0.7171025589132962
101.025   41.9168   0.7122515145649051
102.446   41.9394   0.6674230817105447
103.149   43.1742   0.6630218699258716
104.57   43.1964   0.6146816818484183
105.274   44.4305   0.6108102815113707
106.696   44.4522   0.5593369020545654
107.401   45.6856   0.5562152191373398
108.822   45.707   0.5019188480222668
109.527   46.9398   0.4993733773440483
110.949   46.9612   0.44309805912461336
111.655   48.1935   0.4415222984176445
113.076   48.2149   0.38373258918157926
113.782   49.447   0.3836884804108656
115.204   49.4687   0.3260579856405898
115.91   50.7006   0.32772894287810245
117.331   50.7228   0.2716229003600393
118.038   51.9547   0.27635241992788284
119.459   51.9775   0.22541528342151784
120.165   53.2097   0.23357439928211435
121.586   53.2332   0.19183954232639475
122.291   54.4656   0.20291377479116499
98.1782   41.8795   0.7983629625677783
98.8795   43.1158   0.793157184926166
100.301   43.1379   0.7574615831842559
101.003   44.3733   0.7523367597027273
102.424   44.3949   0.712279987083732
103.128   45.6296   0.7072870138776758
104.549   45.6506   0.6634433811562217
105.253   46.8846   0.6588587557284192
106.675   46.9051   0.611501757969672
107.379   48.1385   0.6072461527255648
108.801   48.1588   0.5571014719061501
109.506   49.3917   0.5533043285570772
110.928   49.4119   0.5008576344631278
111.633   50.6445   0.4976494448906782
113.055   50.6649   0.4435865755407851
113.761   51.8972   0.44209710471795605
115.182   51.918   0.38716205909153956
115.888   53.1503   0.3872220551569863
117.309   53.1718   0.33314064597403775
118.015   54.4041   0.3355024441043601
119.436   54.4264   0.2842114881562669
120.141   55.659   0.2895780551077725
121.562   55.6821   0.24330895996654364
122.266   56.9152   0.2512047969287278
123.687   56.9393   0.2146471523221314
124.391   58.173   0.2244811127912584
100.279   45.595   0.7922336334693194
100.982   46.8303   0.7862912691871881
102.403   46.8507   0.7511162692952413
103.106   48.0854   0.7449961073723799
104.528   48.1051   0.7059448491206671
105.232   49.3392   0.7000181140513442
106.653   49.3585   0.6571732496077418
107.358   50.592   0.6514894780424317
108.779   50.611   0.605657865465313
109.484   51.8442   0.6001691428255855
110.906   51.8632   0.5519476152679696
111.611   53.096   0.5471313736206345
113.032   53.1153   0.4968738371055574
113.738   54.348   0.49364367715995466
115.159   54.3678   0.44249077956495575
115.864   55.6006   0.440527649529517
117.285   55.6212   0.3895010269562814
117.99   56.854   0.3896822423462442
119.411   56.8756   0.34021976720937186
120.115   58.1089   0.34308064649583186
121.536   58.1315   0.296229387468564
122.239   59.3653   0.30141036810303035
123.66   59.3892   0.2602886090477259
102.382   49.3068   0.7825983197017499
103.085   50.5416   0.7747095262096624
104.507   50.56   0.740783855115648
105.21   51.7942   0.732809695623631
106.632   51.8122   0.6950979571254691
107.336   53.046   0.6873420473097797
108.757   53.0637   0.6463418754807713
109.462   54.2971   0.6389003208639039
110.883   54.3149   0.5953132284772422
111.588   55.5482   0.5884708064126878
113.009   55.5662   0.5429745113723118
113.713   56.7994   0.5374513931510454
115.135   56.8182   0.4909041658002115
115.839   58.0515   0.4869237003884692
117.26   58.0711   0.439891134259377
117.963   59.3047   0.4376960703501896
119.385   59.3255   0.39169438341645924
104.484   53.0152   0.7663638039469246
105.187   54.2497   0.7560211967927887
106.609   54.2662   0.7236371880991174
107.312   55.5004   0.7132723883622577
108.734   55.5167   0.6778542468702232
109.438   56.7506   0.6678653157635903
110.859   56.7671   0.6296824596572451
111.563   58.0008   0.6205338105212309
112.984   58.0177   0.5802485674260632
113.687   59.2515   0.5725056593606718
115.109   59.2691   0.5313280813207601
106.585   56.7207   0.7417450033535775
107.288   57.9552   0.7285025875039836
108.709   57.9702   0.6988314675227512
109.412   59.2046   0.6860947529314022
110.834   59.2198   0.654083847836039
110.777   64.1264   0.6694614253263583
111.476   65.3619   0.6532325619563055
112.898   65.3755   0.6330650835419651
113.597   66.6113   0.619480855232829
115.019   66.6259   0.5981400672083422
115.717   67.8622   0.5872832791762383
117.138   67.8783   0.5642718936824742
117.835   69.1152   0.556490449154338
119.256   69.1331   0.5321547707199489
119.952   70.3708   0.5277458195002606
121.373   70.3906   0.501657502684849
122.067   71.6294   0.49927825909005524
123.488   71.6511   0.47123010302823093
124.18   72.8908   0.4705680397137063
125.601   72.9144   0.44000959080456287
126.292   74.1551   0.44088235392221947
127.712   74.1802   0.40653015878284277
128.402   75.4217   0.4078716097008901
129.821   75.4479   0.3703729606761203
130.51   76.69   0.37103158895166766
131.93   76.7171   0.33091714975202785
132.618   77.9597   0.3306703645626541
134.037   77.9876   0.2876670992658076
134.724   79.2307   0.2866037334020547
136.143   79.2592   0.24230274451603123
112.865   67.8292   0.6303616263701307
113.563   69.0658   0.616085716438874
114.984   69.0796   0.6022992030544269
115.681   70.3168   0.5912195869556385
117.102   70.3322   0.5759465687023427
117.798   71.5701   0.5684006069666021
119.219   71.5874   0.5512432221805532
119.913   72.8262   0.547046689049483
121.333   72.8456   0.5273294985111282
122.026   74.0853   0.5256655685890006
123.446   74.1067   0.5030203574409259
124.137   75.3474   0.503148586403659
125.557   75.3707   0.4769099810236703
126.247   76.6122   0.47854019684870486
127.667   76.6369   0.4478968742913975
128.356   77.8791   0.449989555434342
129.776   77.905   0.41524301318626056
130.463   79.1476   0.4164248791798993
131.883   79.1744   0.3772839911790611
114.948   71.5342   0.5990025125155973
115.643   72.7722   0.5883105047506795
117.064   72.7871   0.5810674401478695
117.758   74.0259   0.5741532025513776
119.179   74.0428   0.5646124511556598
119.871   75.2826   0.5611669003068517
121.292   75.3016   0.5487658881526821
121.982   76.5423   0.5476553113044751
123.403   76.5634   0.531601486077683
124.092   77.8049   0.5324445511036779
125.513   77.8278   0.5119589534327912
126.201   79.07   0.5142184846930318
127.621   79.0944   0.48807989100146304
117.024   75.2429   0.5804049017711668
117.716   76.4827   0.5746433502617078
119.137   76.4992   0.5729546666185733
119.828   77.7398   0.5708657022452865
121.248   77.7586   0.5655763520516058
121.937   79.0001   0.565757492217293
123.358   79.0209   0.556365931739176
119.093   78.9565   0.5764201592588531
124.362   60.6237   0.2668371975568599
125.783   60.6487   0.23326594264915815
126.483   61.8841   0.24004135060443657
120.087   60.5594   0.3921051644648433
121.508   60.5815   0.34691245293301504
122.21   61.8162   0.3499303930783879
123.631   61.8397   0.30803170291384296
124.331   63.0751   0.3117670604794594
125.751   63.0999   0.27340309069211816
126.45   64.3364   0.2782054097245421
127.87   64.3623   0.24524259417972297
128.567   65.5999   0.2501796554478455
115.811   60.503   0.5249978857100321
117.233   60.5217   0.48314759649614447
117.935   61.756   0.47906751090008215
119.356   61.776   0.43690837712270564
120.057   63.0109   0.435459412574813
121.478   63.0323   0.39357845469486313
122.178   64.2679   0.39423170851670214
123.599   64.291   0.3539484284468543
124.297   65.5275   0.3555245420501925
125.717   65.552   0.3163945163873739
126.414   66.7895   0.31910294577142173
127.834   66.8153   0.28233435851841154
128.529   68.054   0.28530147213078255
129.949   68.0808   0.25200297617291173
130.642   69.3206   0.25274433722638306
111.536   60.454   0.6424499747062015
112.957   60.4697   0.6080718789748454
113.659   61.7041   0.5980932786781674
115.081   61.7207   0.5628065564650077
115.782   62.9553   0.5545976379322212
117.204   62.9731   0.518414891761413
117.904   64.2082   0.5125325160416635
119.325   64.2274   0.4754915772124671
120.024   65.4632   0.47227712203747585
121.445   65.4841   0.4347345051867818
122.143   66.7207   0.43382623249407143
123.564   66.7432   0.3965551285760829
124.26   67.9808   0.3966724089220255
125.681   68.005   0.35945211085762135
126.375   69.2437   0.36014848326766397
127.796   69.2693   0.323127374265943
128.488   70.509   0.3241018358479312
129.908   70.5357   0.287052277468739
130.6   71.7764   0.28747690342008236
132.019   71.8039   0.2511568434265832
132.709   73.0454   0.24958359321077056
108.683   60.4241   0.7085005645728171
109.384   61.6589   0.6928286945558765
110.806   61.6729   0.6673047729486126
111.507   62.9077   0.6533267329598579
112.929   62.9223   0.6257893575317482
113.629   64.1574   0.6137460142436765
115.051   64.1729   0.585054988868567
115.751   65.4084   0.5753539084772104
117.172   65.4253   0.5453591202134632
117.871   66.6613   0.5383251805368211
119.292   66.6797   0.5072921249142361
119.99   67.9165   0.5033176929137297
121.41   67.9368   0.47095127136466847
122.106   69.1745   0.4687797350568805
123.527   69.1966   0.4357015951313441
124.222   70.4353   0.435493444267529
125.642   70.4592   0.40055526460153174
126.335   71.6989   0.4016154504000012
127.755   71.7243   0.36472592449673763
128.446   72.9649   0.3656484240359783
129.866   72.9915   0.32755167531246937
130.556   74.2329   0.32761227083246874
131.975   74.2603   0.287828351626446
132.664   75.5024   0.2867460548987552
134.084   75.5304   0.24739223916687075
134.771   76.773   0.2446776042060232
