-9.62598   17.3957   0.2230695248123333
-8.93198   16.157   0.2300503477502267
-7.51146   16.1297   0.23138147743499296
-6.7793   17.3462   0.22871434935307378
-5.35884   17.3186   0.22874556957458236
-7.55236   13.6738   0.24006255039051796
-6.81936   14.8899   0.2378359184395837
-5.39902   14.8621   0.23872097603687847
-4.6668   16.0786   0.2354032710053114
-3.24652   16.0508   0.23530662995334437
-2.51545   17.2679   0.23104145602034293
-1.09527   17.2403   0.23055459678783277
-6.8619   12.4331   0.24577425027858402
-5.44167   12.4052   0.24742565044877654
-4.70862   13.6213   0.2446257141021772
-3.28842   13.5932   0.2451486057476163
-2.55626   14.8097   0.24136162516025622
-1.13614   14.7817   0.24123827971530593
-0.405184   15.9989   0.23664199123570626
1.01484   15.9711   0.23629620334656243
1.74429   17.1892   0.23105655151931956
3.16419   17.1618   0.23078602405691762
-5.48625   9.94797   0.2551607362036723
-4.75255   11.1637   0.25276057465514706
-3.33244   11.1353   0.2539646046204078
-2.59946   12.3514   0.25059426589608974
-1.1794   12.323   0.2508708554216691
-0.447405   13.5397   0.24666516994500892
0.97258   13.5115   0.2464638010012831
1.70336   14.7289   0.24159369217758994
3.12325   14.701   0.2411593041953805
3.85256   15.9192   0.23574462538942445
5.27235   15.8918   0.2352796397906119
5.99994   17.1109   0.2291973885104276
7.41961   17.084   0.2286614711751852
-4.79814   8.7059   0.2603086133803491
-3.37811   8.67739   0.26236453609434357
-2.64444   9.8931   0.25912814223854586
-1.22444   9.86435   0.25983789061643836
-0.491644   11.0805   0.2558685911967313
0.928289   11.0519   0.2556350992802047
1.66007   12.2687   0.2510853960309122
3.07993   12.2405   0.25045867922673426
3.81054   13.458   0.24543809423151935
5.23032   13.4302   0.2445549435198565
5.95955   14.6485   0.23893273635063078
7.37925   14.6212   0.23786596309686697
8.10681   15.8404   0.23151637868626035
-3.42531   6.2194   0.2706792762662115
-2.69093   7.43473   0.26772790833232185
-1.271   7.40571   0.26909069716361456
-0.537447   8.62147   0.26490486158053045
0.882427   8.59247   0.26483615373283176
1.61503   9.80878   0.2599913671643736
3.03484   9.7802   0.2590625519059058
3.76645   10.9971   0.25412379188104384
5.18622   10.9691   0.2527655427466335
5.91675   12.1866   0.24749836544914838
-2.73902   4.97626   0.2762113820971178
-1.31916   4.9471   0.2782576994442383
-0.584787   6.16242   0.27428334561361933
0.835032   6.13313   0.2741968227678797
1.56848   7.34898   0.2691708676658754
2.98824   7.32008   0.2677374805663191
3.72074   8.5365   0.2623517488030146
-1.36892   2.48843   0.285495534991355
-0.633809   3.70337   0.2829415045835447
0.785967   3.67391   0.2829440158847684
1.52033   4.88927   0.27825232523736454
-0.684315   1.2443   0.28835304714186744
3.57468   1.15629   0.2829434211993629
4.9944   1.12799   0.27825328749181033
5.72896   2.3434   0.2741975918931456
7.14864   2.31615   0.26916953040788294
7.88251   3.53203   0.2648363277573531
9.30217   3.50574   0.2599906963720052
10.0354   4.72205   0.2556276815996265
11.4551   4.6967   0.25109366698505176
12.1876   5.91348   0.24646464837781504
13.6072   5.88927   0.2415897574401698
14.3388   7.1067   0.23628356713914728
15.7584   7.08401   0.2310369254037112
16.4888   8.30232   0.22519175850816642
17.9083   8.28148   0.21978434885132297
18.6371   9.50087   0.21373200509048643
7.8335   1.07215   0.2677383816340125
9.2532   1.046   0.2623487406106613
9.98732   2.26185   0.25906222592265393
11.407   2.2367   0.2541220425307495
12.1406   3.45296   0.2504575630720704
13.5602   3.42896   0.2454362461006933
14.2931   4.6457   0.2411541849108163
15.7127   4.62318   0.23573629864745113
16.4446   5.84062   0.23078841847025186
17.8642   5.81995   0.2249323685021787
18.5949   7.03829   0.21967714856124668
20.0144   7.01966   0.2137346310264203
12.0926   0.993134   0.2527699788266007
13.5123   0.969235   0.2475016222674109
14.2461   2.18551   0.24455811681479758
15.6657   2.16311   0.23894034820431653
16.3989   3.3799   0.23529660006043432
17.8185   3.35936   0.22919802376983975
18.5507   4.57686   0.22494855056212312
19.9703   4.55841   0.21849789564204047
20.7013   5.77681   0.2139923664526381
16.352   0.919995   0.23785008140633482
17.7716   0.899514   0.2315197189787517
18.505   2.11641   0.22866532771716844
19.9246   2.09808   0.22193303043936483
20.657   3.31568   0.21868330160302635
22.0766   3.29955   0.21172570202977237
20.6115   0.855543   0.22131286457185448
22.0312   0.839531   0.2140197206824642
22.7639   2.05723   0.21192166382887814
9.52642   15.8138   0.23007471482107733
10.2521   17.0342   0.22306996660241
11.6716   17.0085   0.22124884180487744
7.33646   12.1591   0.24577963707353792
8.06571   13.3775   0.24004652382402852
9.48535   13.3507   0.23783391347745197
10.213   14.57   0.23138135188471814
11.6326   14.5441   0.22871381681044142
12.3584   15.7645   0.22155137101810102
13.7779   15.7399   0.2185943503387041
14.5019   16.9615   0.2109846913877874
5.14046   8.50826   0.2603089299275001
5.87207   9.72522   0.2551627866676486
7.29176   9.69768   0.2527520779340897
8.0224   10.9152   0.24743944895670927
9.44206   10.8884   0.24463170787941585
10.1715   12.1067   0.2387691981810048
11.5911   12.0809   0.23539789718687
12.3189   13.3002   0.22872975320233205
13.7385   13.2756   0.22500902204133968
14.4645   14.496   0.21788001285111055
15.884   14.473   0.21404413096368685
2.94006   4.86019   0.27621171390800925
3.67351   6.07611   0.27067836448449306
5.0932   6.04778   0.2677281316933282
5.82579   7.26422   0.2623647598287545
7.24546   7.2367   0.2591317888642767
7.97726   8.45364   0.2539701541520188
9.39692   8.42692   0.2505945566048872
10.1278   9.64444   0.245136431400966
11.5475   9.61865   0.24136147497063368
12.2771   10.837   0.2352777507542953
13.6967   10.8124   0.23103343913814725
14.4248   12.0317   0.22435155448536478
15.8444   12.0088   0.2199531995675445
16.5707   13.2293   0.2128808821853192
0.735439   1.21478   0.2883530631864347
1.47058   2.42973   0.285495456531273
2.89031   2.40058   0.2829408828713165
3.62474   3.61598   0.2782582744501951
5.04442   3.58765   0.27428273824650384
5.77803   4.80357   0.26909050224784997
7.19768   4.77618   0.26490216175033365
7.93056   5.99258   0.25983685977936255
9.35021   5.96605   0.25586775685888985
10.0824   7.18291   0.2508719555869089
11.502   7.15731   0.2466714513274698
12.2332   8.37477   0.24123267626919923
13.6529   8.35036   0.23665115169802137
14.3829   9.56866   0.23056339605410076
15.8024   9.54581   0.22565640363171696
16.5309   10.7652   0.21910406203445823
17.9504   10.7442   0.21421125087165693
-19.4006   34.7129   0.1515266973176658
-17.9789   34.6901   0.15073616022706793
-18.0011   32.2401   0.15793001614639332
-17.273   33.4583   0.1576934367689411
-15.8514   33.435   0.1563666844311799
-15.1241   34.6538   0.15532063610480035
-13.7027   34.6304   0.15309085537679978
-17.2957   31.0081   0.1653965235426677
-15.8741   30.9844   0.1645723549081073
-15.1461   32.2027   0.1639207125411553
-13.7246   32.1788   0.1620690285032891
-12.9977   33.3979   0.1607119783961365
-11.5764   33.3741   0.15842894306281322
-10.8507   34.594   0.15682952528143462
-9.42959   34.5707   0.1546021992081625
-15.8982   28.5339   0.17267049545304586
-15.1695   29.7519   0.17241194854185674
-13.748   29.7275   0.1710481218838726
-13.0202   30.946   0.1700152934297389
-11.5989   30.9216   0.16788263757756475
-10.8723   32.1409   0.1663058327299452
-9.45118   32.1167   0.16402339131965327
-8.72599   33.337   0.16217391405525142
-7.30508   33.3132   0.1601371025090685
-6.5813   34.5343   0.1581583750548801
-5.16057   34.511   0.15659722219758607
-15.1945   27.301   0.18072412677891111
-13.7731   27.2763   0.18000072222077446
-13.0443   28.4943   0.17928396470404104
-11.623   28.4693   0.17745145815123717
-10.8954   29.688   0.1760194875574853
-9.47431   29.6631   0.17374641320038903
-8.74814   30.8827   0.17178051140918194
-7.32722   30.8581   0.16969826428104756
-6.60255   32.0787   0.16754083114273943
-5.18183   32.0545   0.16576143248657121
-4.45862   33.276   0.16351187999653147
-3.03807   33.2523   0.162050497068044
-2.31624   34.4746   0.15945327340634943
-0.895834   34.4514   0.15830930515923594
-13.8001   24.8251   0.18862253311839416
-13.0704   26.0426   0.1882239357786365
-11.6492   26.0172   0.18705159715971473
-10.9205   27.2353   0.18570918124853086
-9.49938   27.2097   0.18367880008318946
-8.77209   28.4287   0.1817107660541881
-7.35118   28.4033   0.1795960303013406
-6.62543   29.6232   0.17726916144665483
-5.20471   29.5982   0.1754001485176109
-4.48053   30.8191   0.17282935774919728
-3.05999   30.7945   0.17135211583169904
-2.33733   32.0163   0.16856669303275798
-0.916946   31.9923   0.16740424545393134
-0.195719   33.2149   0.1641872130100271
1.22453   33.1915   0.16317892143288618
1.94441   34.415   0.15943666454112748
3.36453   34.3922   0.15865891875340646
-13.0988   23.5907   0.1966778330163307
-11.6777   23.5651   0.1963494334089103
-10.9479   24.7826   0.19516380299635455
-9.52681   24.7565   0.19381677558973118
-8.79828   25.9748   0.19174145717606234
-7.37739   25.9487   0.1897635107179461
-6.65039   27.1679   0.18723020589637782
-5.22968   27.1421   0.1853690901957498
-4.50433   28.3623   0.18257772071093464
-3.08381   28.337   0.18096353113265684
-2.36009   29.5581   0.1778817742209696
-0.939729   29.5333   0.17674093527250578
-0.217589   30.7554   0.1732808219740433
1.20262   30.7311   0.17243810164809867
1.92327   31.9541   0.16845628038158755
3.34334   31.9304   0.1679051291652523
4.0626   33.1542   0.1634329146775518
5.48255   33.1313   0.1630897311298293
-11.7088   21.1127   0.2053904817658311
-10.9779   22.3296   0.2043820686850975
-9.55692   22.3032   0.20383209389102552
-8.82713   23.5208   0.20178709696112887
-7.40628   23.4943   0.20029219755147717
-6.67792   24.7127   0.1975366398924512
-5.25724   24.6863   0.19571937589313915
-4.53051   25.9057   0.19258641930312784
-3.11001   25.8796   0.19101301657216993
-2.38501   27.1001   0.18767794649345487
-0.964683   27.0744   0.1864305056824125
-0.241394   28.2959   0.18277072964782956
1.17878   28.2708   0.1819851092809521
1.90042   29.4932   0.17778510201926379
3.32046   29.4687   0.1774459920651919
4.04055   30.692   0.1726634532841271
5.46044   30.6682   0.1726541467790452
6.1791   31.8923   0.16734607285502762
-11.0108   19.8763   0.2131968339352161
-9.58996   19.8497   0.21369574375733416
-8.85897   21.0667   0.21173084895687816
-7.4382   21.0397   0.21097115063439378
-6.70843   22.2574   0.20804960970883887
-5.2878   22.2305   0.20668786248834273
-4.55959   23.4491   0.20313102077230893
-3.13912   23.4224   0.20167559991233455
-2.41264   24.6421   0.19788984713723967
-0.992334   24.6158   0.19668804482225138
-0.267656   25.8364   0.19260748937671163
1.15249   25.8106   0.19195128783105364
1.87538   27.0323   0.18747253772219563
3.29537   27.007   0.187264891530687
4.01654   28.2297   0.1822505201638668
5.43639   28.205   0.18245986983443813
6.15596   29.4286   0.17690007235724947
7.57566   29.4046   0.17750891836750063
-8.89395   18.6122   0.2212883946346937
-7.47329   18.585   0.2215468855569858
-6.74222   19.802   0.21859823055093613
-5.32166   19.7747   0.21788411162817764
-4.59194   20.9925   0.2140602693168446
-3.17151   20.9653   0.2128944999289554
-2.44343   22.1841   0.20870685398424277
-1.02316   22.1572   0.2076875174390607
-0.296895   23.377   0.20311309779529255
1.12322   23.3506   0.2024885373940958
1.8476   24.5714   0.19764442213227268
3.26756   24.5455   0.1975549353977271
3.99009   25.7673   0.19219030776810803
5.40989   25.742   0.19259036865845555
6.13064   26.9649   0.18673372378871425
7.55029   26.9401   0.18753562754847422
8.26938   28.164   0.18117429425831902
-4.62774   18.5357   0.22501749376437383
-3.20738   18.5081   0.22433895092025355
-2.47771   19.726   0.2199474439496853
-1.05748   19.6987   0.21912987381915777
-0.32952   20.9176   0.21423965676083412
1.09056   20.8906   0.21372584937016872
1.81664   22.1106   0.20840719853210452
3.23657   22.084   0.20834731315762176
3.96069   23.305   0.20272750183435922
5.38047   23.279   0.20310482515193984
6.10268   24.5011   0.1970231519390559
7.5223   24.4756   0.19779655608730962
8.24267   25.6988   0.1911953283948123
9.66215   25.6739   0.19222819148085463
-0.365691   18.4582   0.2256713086083389
1.05436   18.4309   0.2251877598827256
1.78219   19.6498   0.21978154699610272
3.2021   19.6228   0.21966629327231812
3.928   20.8428   0.21373422374528608
5.34777   20.8162   0.213999958878501
6.07168   22.0374   0.2076647319599546
7.4913   22.0113   0.20819173950952105
8.21325   23.2336   0.2014150016756455
9.63272   23.2081   0.2021534587881196
10.3528   24.4315   0.19478865470042173
3.89189   18.3808   0.22493816683702214
5.31166   18.3538   0.22493644635763213
6.03743   19.574   0.218484187070826
7.45707   19.5474   0.21869568102731277
8.18082   20.7687   0.21172841188654914
9.60032   20.7427   0.21191371475201934
10.3221   21.9652   0.20449295831397285
11.7415   21.94   0.20460752674327462
8.1453   18.3042   0.22195102703073893
9.56485   18.2779   0.22130648002261497
10.2885   19.4993   0.2139871491468589
11.708   19.4738   0.2132170021363221
12.4297   20.6964   0.20541484853826927
12.3954   18.23   0.21369983621893604
13.8148   18.2054   0.2117397931424329
-23.6162   42.1189   0.13485054690285853
-22.1945   42.0971   0.13420108047255036
-21.4673   43.3159   0.1333436912643413
-20.0456   43.2944   0.13155888415458714
-19.3189   44.5137   0.1302841509931273
-17.8973   44.4929   0.1278986317362308
-17.1715   45.7128   0.1266324208092067
-15.7501   45.6929   0.12397540078580088
-15.0251   46.9135   0.12322881156612753
-13.6038   46.8945   0.12080848480135795
-12.8796   48.1157   0.12042096993464303
-11.4584   48.0976   0.11840485631932515
-10.735   49.3194   0.11855273088377176
-9.31394   49.302   0.1165644564178976
-8.59107   50.5242   0.11716333428167716
-7.17018   50.5075   0.11533566490899523
-6.44786   51.7302   0.11622715216333883
-5.02707   51.7141   0.11432277288449612
-22.2148   39.6474   0.13697510722755396
-21.4874   40.8661   0.13662364363462115
-20.0656   40.8441   0.1353790604192544
-19.3387   42.0632   0.13433253515064789
-17.9171   42.0417   0.13212399479277004
-17.191   43.2613   0.13082392747506166
-15.7695   43.2405   0.1282975447933437
-15.0443   44.4608   0.12709767897172647
-13.623   44.4409   0.12468989534040031
-12.8986   45.6619   0.12403390665459194
-11.4775   45.6428   0.12186311993380114
-10.754   46.8644   0.12152835060182447
-9.333   46.846   0.11975417362246787
-8.61028   48.0682   0.1198332879462133
-7.18939   48.0504   0.11814030853184648
-6.46734   49.2731   0.1184284171979005
-5.04656   49.2559   0.11682861849735329
-4.32511   50.4791   0.11732507660342674
-21.5078   38.4164   0.14083163707065294
-20.0861   38.3941   0.14010860073528716
-19.3588   39.6129   0.13942596601781254
-17.9372   39.5908   0.13752952410300848
-17.2106   40.8101   0.13635798473136795
-15.7891   40.7885   0.13394125578028623
-15.0635   42.0085   0.13256383368023142
-13.6422   41.9877   0.13021140503043538
-12.9176   43.2084   0.12907958785183637
-11.4964   43.1883   0.1269353378693268
-10.7728   44.4097   0.12616330686851931
-9.35179   44.3903   0.12435152431715535
-8.62907   45.6124   0.12396742959342129
-7.20818   45.5935   0.12235562267423636
-6.48625   46.8162   0.1221569077048043
-5.06547   46.7979   0.120635916708085
-4.34426   48.0211   0.12053454650016321
-2.9236   48.0034   0.11899627893341891
-20.107   35.9443   0.1454507476776935
-19.3794   37.1629   0.14519672861328564
-17.9577   37.1403   0.14385040841096056
-17.2307   38.3593   0.1428846737757417
-15.8092   38.337   0.14071638142021686
-15.0831   39.5566   0.13932052971475561
-13.6617   39.5348   0.13689269520321357
-12.9367   40.7553   0.13561198324631935
-11.5155   40.7341   0.1333871433084919
-10.7916   41.9553   0.1321987518851822
-9.37058   41.9349   0.13037289442211528
-8.64768   43.1568   0.1294565135479866
-7.22679   43.1369   0.12795164868027298
-6.50482   44.3594   0.12726710336925287
-5.08406   44.3401   0.12585709197339678
-4.36292   45.5632   0.1252364407830242
-2.94228   45.5444   0.12382088878698927
-2.22191   46.7681   0.12319922442937706
-17.2514   35.9087   0.15008334351286398
-15.8298   35.8858   0.14827498103186595
-15.1032   37.105   0.1470562817427391
-13.6818   37.0824   0.1446436656062061
-12.9563   38.3025   0.1432047485246215
-11.535   38.2804   0.14094502474369194
-10.8107   39.5012   0.13944679989157138
-9.38961   39.4798   0.13756875553700493
-8.66639   40.7014   0.13633898525366836
-7.2455   40.6805   0.1347057611982502
-6.52333   41.9028   0.13356301733638712
-5.10258   41.8824   0.13223960677497537
-4.38136   43.1054   0.131098671236592
-2.96074   43.0856   0.12978180958824725
-2.2404   44.3091   0.1285859343007627
-0.819891   44.2899   0.12716266656924113
-12.9765   35.85   0.15170418583546136
-11.5552   35.8271   0.1493656587037334
-10.8303   37.0475   0.14779164387745328
-9.40918   37.025   0.14576214906483856
-8.68547   38.2463   0.14421177517803435
-7.26458   38.2244   0.14246912086483904
-6.54204   39.4464   0.14104498183203812
-5.1213   39.425   0.13957440632150342
-4.39985   40.6478   0.1380750741444669
-2.97924   40.6269   0.1367369533081678
-2.25878   41.8503   0.1351045968870047
-0.838299   41.83   0.13376863617829127
-0.118755   43.054   0.13188332698260258
-8.70522   35.7915   0.1528792281508503
-7.28432   35.7686   0.1510550561881328
-6.56125   36.9902   0.14927057446127862
-5.14052   36.9679   0.14777646937181863
-4.41866   38.1903   0.1459367328673627
-2.99808   38.1685   0.14461718431777057
-2.27734   39.3916   0.14255939990053262
-0.85688   39.3703   0.1412900511748794
-0.137173   40.5941   0.13896781269056552
1.28317   40.5735   0.13761246346170833
-4.43813   35.733   0.1544475172995669
-3.01757   35.7103   0.15312159514581877
-2.29638   36.933   0.15075506094324012
-0.875942   36.9108   0.14953073337946307
-0.155911   38.1343   0.14680702994407316
1.2644   38.1127   0.14561720914782067
1.98336   39.3369   0.14251378319306526
-0.175302   35.6746   0.15525675288373145
1.24498   35.652   0.15420808182452708
1.96431   36.8759   0.15074562050023216
3.38447   36.8541   0.1497933139362366
4.08318   35.6164   0.15447349287175455
-28.54   50.7549   0.1455816952779434
-27.812   51.9732   0.14505133574014598
-26.3903   51.9517   0.1436902919476462
-27.8332   49.5237   0.140674411319189
-26.4115   49.5018   0.14002835427155377
-25.6838   50.7204   0.13919288774933938
-24.262   50.6994   0.1372629957417517
-23.5346   51.9182   0.1360797192824855
-22.113   51.8984   0.1333976011778323
-26.4321   47.0522   0.1370421103165015
-25.7046   48.2707   0.1366212282187509
-24.2828   48.2493   0.13522854728200073
-23.5554   49.4681   0.13418613937363283
-22.1338   49.4476   0.13177761570160554
-21.4069   50.6668   0.13067230004863192
-19.9853   50.6474   0.12782143795154358
-19.259   51.8672   0.1269930313048724
-17.8375   51.8491   0.12399874999369925
-25.725   45.8212   0.13477781716588277
-24.3032   45.7995   0.13419124412568817
-23.5759   47.0182   0.13330915197389911
-22.1541   46.9971   0.13142073656771186
-21.4272   48.2162   0.13019331780087692
-20.0056   48.196   0.12766530460544087
-19.2793   49.4157   0.1265594326788803
-17.8578   49.3966   0.12367255152215438
-17.1322   50.6169   0.12308943902707506
-15.7108   50.5989   0.12029401481370607
-14.9858   51.8197   0.1203845920373537
-13.5646   51.8028   0.1178552077763217
-24.3235   43.3499   0.1340188419588831
-23.5961   44.5685   0.13361639121006091
-22.1743   44.547   0.1322732399240304
-21.4473   45.7659   0.13122701703536543
-20.0256   45.745   0.12896150588450891
-19.2992   46.9645   0.12765946890066537
-17.8776   46.9446   0.12496263441525163
-17.152   48.1647   0.12397056102155762
-15.7306   48.1457   0.12130939782226359
-15.0057   49.3665   0.12095891864595969
-13.5844   49.3485   0.11842803722092139
-12.8602   50.5698   0.11869460813364721
-11.439   50.5527   0.1164010309232699
-10.7154   51.7745   0.11711041798234591
-9.29437   51.7581   0.11504045418895027
-39.022   69.2992   0.22132340590186064
-38.3261   68.0617   0.21405966457976106
-36.9052   68.0361   0.21191288304395423
-36.1729   69.2524   0.21171754769031592
-34.752   69.2282   0.20818556626241286
-36.9389   65.5831   0.20459484353228405
-36.2073   66.7997   0.2045148649854074
-34.7863   66.7753   0.20218429711528083
-34.0544   67.9919   0.20138453267319315
-32.6334   67.9692   0.19787122074723357
-31.9015   69.1859   0.19703880328503545
-30.4805   69.1655   0.19257858136355957
-36.2392   64.3478   0.19683772504273328
-34.8179   64.3232   0.19559112965572062
-34.0868   65.54   0.194820815109676
-32.6656   65.5169   0.1922662996991387
-31.9343   66.7338   0.1911889641166539
-30.5131   66.7128   0.18754439474428408
-29.7818   67.9298   0.18677066150763455
-28.3606   67.911   0.18242831468826265
-27.6294   69.1283   0.18226058268314516
-26.2083   69.1116   0.17744275133124157
-34.8472   61.8717   0.1884403619185659
-34.1168   63.0888   0.1878623166044748
-32.6954   63.0654   0.18620880752531568
-31.9648   64.2825   0.18512530891263748
-30.5434   64.2608   0.1823603026977054
-29.8127   65.4781   0.1811980960164853
-28.3914   65.4585   0.17753762981407492
-27.6607   66.676   0.1769039852575428
-26.2395   66.6586   0.17265691413898926
-25.5089   67.8763   0.17263110959499994
-24.0878   67.8609   0.16790530069059595
-23.3573   69.0789   0.1684762594551529
-21.9363   69.0653   0.1631860288137435
-34.1446   60.6381   0.18051548410039286
-32.7231   60.6144   0.1797677668549073
-31.9931   61.8317   0.1788105701573595
-30.5716   61.8096   0.1767106391816843
-29.8415   63.027   0.1754115731643705
-28.4201   63.0067   0.17238981988505095
-27.69   64.2244   0.1713848009597141
-26.2687   64.2062   0.1676144385188865
-25.5387   65.4241   0.1673419851681015
-24.1175   65.4079   0.16311768757556463
-23.3876   66.6261   0.16346482802120313
-21.9664   66.6117   0.15863558869308367
-21.2367   67.8301   0.15945739242819712
-19.8156   67.8173   0.15423478855303874
-19.086   69.0361   0.15522506240939005
-17.665   69.0247   0.14953598229189338
-32.7489   58.1638   0.17279160859254608
-32.0195   59.3815   0.17202566668959485
-30.598   59.3589   0.17077025502118393
-29.8684   60.5765   0.16952111962820582
-28.4469   60.5556   0.16704017480833835
-27.7173   61.7734   0.16584465622985728
-26.2959   61.7543   0.1625367958340493
-25.5665   62.9725   0.16188245735718518
-24.1451   62.9553   0.1580811816757448
-23.4159   64.1738   0.15804344339453058
-21.9946   64.1585   0.15380900493794222
-21.2655   65.3772   0.15444335531190648
-19.8444   65.3635   0.14976798723358845
-19.1154   66.5824   0.15075715571739445
-17.6943   66.5702   0.14561500609484063
-16.9655   67.7894   0.14684774427957628
-15.5446   67.7785   0.14125685824058662
-32.0443   56.9314   0.1651228027862897
-30.6227   56.9086   0.16447996838520998
-29.8936   58.1264   0.16344191628832733
-28.472   58.1049   0.16159347140277663
-27.743   59.3228   0.16033898465438806
-26.3214   59.303   0.15746596457647669
-25.5925   60.5213   0.1564885299311121
-24.1711   60.5033   0.1530261742317301
-23.4424   61.7219   0.15265598579813416
-22.0211   61.7057   0.14886735706661935
-21.2926   62.9246   0.14919979892747914
-19.8713   62.91   0.14501496474502507
-19.143   64.1292   0.14592796167972696
-17.7219   64.116   0.14143426034734452
-16.9937   65.3355   0.14254890388915792
-15.5726   65.3235   0.13761500644915342
-14.8446   66.5433   0.13896031807677775
-30.646   54.4585   0.15810404801901737
-29.9174   55.6766   0.15736498975312185
-28.4957   55.6546   0.1561387203739013
-27.7671   56.8727   0.15492985509578028
-26.3455   56.8522   0.15256123360801782
-25.617   58.0706   0.15136994417651192
-24.1955   58.0517   0.14819237497253485
-23.4673   59.2704   0.14758827866737775
-22.0458   59.2533   0.14399374986436045
-21.318   60.4724   0.14414166642577633
-19.8966   60.4568   0.1402366927733245
-19.1689   61.6763   0.1408977998408805
-17.7477   61.6621   0.13686727147130398
-17.0202   62.8818   0.13801181108876265
-15.599   62.8689   0.1337170520165632
-14.8716   64.0889   0.13501440663869918
-13.4507   64.0771   0.13045267341070257
-29.94   53.2269   0.15132551007678793
-28.5183   53.2046   0.15077257708217445
-27.79   54.4229   0.14974575119181058
-26.3683   54.4017   0.14790922892098557
-25.6402   55.6202   0.14666591287685155
-24.2186   55.6005   0.14387411163930813
-23.4908   56.8193   0.14297317930297443
-22.0693   56.8012   0.13969377223054671
-21.3418   58.0205   0.13929626699951483
-19.9204   58.0039   0.13584789288023477
-19.1933   59.2236   0.13620330392468658
-17.772   59.2084   0.13249916980872176
-17.0451   60.4284   0.13351872527851516
-15.6239   60.4145   0.12965203430721844
-14.8971   61.6347   0.1310813869319358
-13.4761   61.6219   0.12701531403732624
-12.7495   62.8424   0.1285763586356374
-11.3286   62.8307   0.12434520497389648
-25.6624   53.1702   0.1426193885837402
-24.2407   53.1497   0.1402134444338337
-23.5131   54.3686   0.13901460354941184
-22.0916   54.3496   0.13607556724114764
-21.3644   55.5689   0.13533547206848656
-19.9429   55.5514   0.13205699527098047
-19.2162   56.7712   0.13205158083112833
-17.7949   56.755   0.1287127421819609
-17.0685   57.9752   0.12937623429362774
-15.6473   57.9602   0.12601833199975404
-14.9211   59.1807   0.12713276524956185
-13.5   59.1669   0.12366127122102648
-12.7741   60.3877   0.12512214032696028
-11.3531   60.3748   0.12149823043978787
-10.6274   61.5959   0.12311782974045701
-21.386   53.1177   0.13237201365847678
-19.9645   53.0992   0.12928963608889923
-19.238   54.319   0.12886306685780713
-17.8166   54.3019   0.12574661029228554
-17.0907   55.5221   0.12606367438719057
-15.6694   55.5062   0.12285914699361991
-14.9438   56.7269   0.12380868305575404
-13.5226   56.712   0.12069979287471795
-12.7973   57.933   0.12206592481114578
-11.3763   57.9191   0.1188879304218888
-10.6512   59.1404   0.12057918560016913
-9.23029   59.1274   0.11728255454243751
-17.1118   53.0694   0.1238258050650189
-15.6905   53.0524   0.12092038703212948
-14.9653   54.2732   0.12141655570802477
-13.5441   54.2573   0.11863266835066913
-12.8193   55.4785   0.11971173710209188
-11.3982   55.4635   0.11696670466419076
-10.6737   56.685   0.11847307711037068
-9.25274   56.6709   0.11558585553604592
-8.52858   57.8927   0.11723647427315449
-12.8401   53.024   0.11849869197590249
-11.419   53.008   0.11605399605356097
-10.695   54.2297   0.1171865606629013
-9.27404   54.2144   0.11477851018374544
-8.55043   55.4365   0.11614296750126561
-7.12955   55.422   0.11374713886511681
-8.5712   52.9803   0.11604519981455576
-7.1503   52.9647   0.1139601689187939
-6.42758   54.1873   0.11520781614109367
-48.649   86.692   0.28835441734088296
-47.2292   86.6628   0.2855032399115637
-47.28   84.2039   0.28294135434750384
-46.5446   85.4188   0.2829337731696226
-45.1248   85.3904   0.27826356211333164
-44.3896   86.6055   0.2762128527060225
-42.9699   86.5782   0.2706855371090228
-46.5946   82.9603   0.2782434545501477
-45.1748   82.9318   0.27420999252397793
-44.4395   84.1468   0.2742732032116896
-43.0197   84.1194   0.26908887007826915
-42.2846   85.3346   0.26772795894340456
-40.8648   85.3084   0.26234559268262975
-40.1301   86.5239   0.26030332306753395
-38.7104   86.4988   0.25516522098436245
-45.2234   80.4736   0.267730256041412
-44.4885   81.6887   0.26916598967923283
-43.0686   81.6611   0.2648310593567134
-42.3336   82.8763   0.26490016987537046
-40.9137   82.8498   0.25981972596398567
-40.1788   84.0651   0.2591384764947118
-38.759   84.0399   0.25396856104644283
-38.0244   85.2555   0.25274916419248616
-36.6046   85.2316   0.24741222686035713
-35.8703   86.4476   0.24576661693566398
-34.4506   86.4252   0.24002710263634733
-44.5362   79.231   0.2623331850910219
-43.1162   79.2032   0.25905601710827125
-42.3816   80.4185   0.2600035768984743
-40.9616   80.3916   0.25564987776253834
-40.2269   81.607   0.2558938842567368
-38.8069   81.5814   0.2508606983965404
-38.0723   82.797   0.25059764563938025
-36.6525   82.7728   0.24515503258142649
-35.918   83.9887   0.24462013408548575
-34.4982   83.9662   0.23870148721782197
-33.764   85.1823   0.23784442394136524
-32.3442   85.1618   0.23139325832876084
-31.6103   86.3783   0.23010871343780226
-30.1906   86.36   0.22307817015566567
-43.1623   76.7456   0.25277282290626285
-42.4282   77.9612   0.25410891365711386
-41.0081   77.934   0.25046694392673974
-40.2737   79.1495   0.2511012943017205
-38.8537   79.1235   0.2464475197684067
-38.1193   80.3392   0.24664042653222695
-36.6993   80.3146   0.2412488756450501
-35.965   81.5305   0.24137025500255666
-34.5451   81.5077   0.235316701489716
-33.8108   82.7238   0.23541548377283913
-32.3909   82.7031   0.22879010031030358
-31.6568   83.9195   0.2286790983015252
-30.237   83.9011   0.22155805108368265
-29.5031   85.1179   0.2212620166228204
-28.0834   85.1018   0.21369578844703455
-27.3499   86.319   0.21319005605328095
-25.9302   86.3053   0.20543599976634747
-42.4732   75.5042   0.2475022020104052
-41.053   75.4768   0.24459952984419253
-40.319   76.6925   0.24543361627943566
-38.8989   76.6662   0.24115760406837428
-38.1648   77.882   0.24157098335685565
-36.7447   77.8571   0.23630490896297468
-36.0106   79.073   0.23660991103501927
-34.5906   79.0499   0.23058798754488796
-33.8565   80.266   0.23106771734709647
-32.4365   80.2451   0.22433905143777527
-31.7025   81.4615   0.2249780655975186
-30.2825   81.4429   0.2178888937050269
-29.5486   82.6595   0.21860462026224392
-28.1287   82.6433   0.21100630322338645
-27.3949   83.8603   0.21172144435555512
-25.9751   83.8465   0.20383243117815592
-25.2417   85.0639   0.20437088833784475
-41.096   73.0203   0.23785602788241275
-40.3625   74.2362   0.23892538584252615
-38.9422   74.2097   0.23527424423425405
-38.2086   75.4255   0.2357666855176924
-36.7883   75.4004   0.23078277665371452
-36.0546   76.6163   0.23107671886194425
-34.6343   76.593   0.22518783270860554
-33.9006   77.8091   0.22569472745281613
-32.4804   77.788   0.2191166584265102
-31.7466   79.0043   0.2199321258934245
-30.3265   78.9855   0.2129204781133052
-29.5927   80.202   0.21405665137995852
-28.1726   80.1857   0.2066669543008732
-27.439   81.4025   0.20807916762617076
-26.0189   81.3884   0.20027828139865828
-25.2855   82.6057   0.20173492508735508
-23.8656   82.5938   0.1938132348422088
-40.4039   71.7806   0.2315119435363982
-38.9834   71.754   0.22868218120352143
-38.2502   72.97   0.2292082459249681
-36.8297   72.9446   0.22495684030497992
-36.0964   74.1606   0.22496873116057867
-34.6759   74.137   0.21968340856787189
-33.9426   75.3532   0.21981112346740003
-32.5222   75.3318   0.2137174536625356
-31.7888   76.5481   0.214259235506896
-30.3684   76.529   0.2076736141160027
-29.635   77.7456   0.20867872435876483
-28.2147   77.7289   0.20166077952840136
-27.4814   78.9457   0.203151224460992
-26.0611   78.9313   0.1956935870180791
-25.3279   80.1484   0.19755249935144126
-23.9078   80.1362   0.18979004188840093
-23.1748   81.3537   0.19170388624125168
-38.2894   70.5154   0.22194337115579782
-36.8687   70.4899   0.21864276800296376
-36.1359   71.706   0.2184876426711598
-34.7152   71.6821   0.2140087381393527
-33.9823   72.8984   0.21370917153927005
-32.5617   72.8766   0.20836175272828283
-31.8287   74.093   0.20842017656647346
-30.4081   74.0735   0.20248943182300183
-29.6752   75.2902   0.20310315113262073
-28.2547   75.273   0.19673327120749523
-27.5217   76.4899   0.19790955004748764
-26.1013   76.4751   0.19100285338183015
-25.3684   77.6922   0.19259244533470132
-23.9481   77.6795   0.18541440073521795
-23.2154   78.897   0.1872153038616181
-21.7952   78.8862   0.17960771141574067
-34.0196   70.4446   0.20767231399490862
-32.5987   70.4224   0.2031192260717863
-31.8663   71.639   0.20274025254004377
-30.4455   71.619   0.19754083122230862
-29.7131   72.8358   0.1976352448324913
-28.2923   72.8182   0.19194296027726546
-27.5599   74.0351   0.19260480264001525
-26.1392   74.0198   0.18641612054755247
-25.4068   75.237   0.18766888394190614
-23.9863   75.2237   0.18094490874296867
-23.254   76.4412   0.1825690280414518
-21.8336   76.4299   0.17539686428211673
-21.1015   77.6477   0.17730262265403568
-29.7486   70.3824   0.19217335923587023
-28.3276   70.3642   0.18720846668887678
-27.5958   71.5813   0.1874693574960965
-26.1749   71.5653   0.18202005384023398
-25.4431   72.7827   0.18279247796339546
-24.0223   72.7687   0.17674405223373343
-23.2906   73.9864   0.1778675349803845
-21.8699   73.9743   0.1713897604876097
-21.1383   75.1923   0.17276692391774712
-19.7178   75.1819   0.16577276615897962
-25.4771   70.3291   0.17782904712110403
-24.0561   70.3145   0.1724194014605091
-23.325   71.5323   0.17328629489951036
-21.9041   71.5195   0.16738291430131186
-21.1731   72.7376   0.1685431102121974
-19.7524   72.7265   0.16206140811432906
-19.0216   73.9448   0.16357417277798159
-21.2059   70.2836   0.16418468259858912
-19.785   70.2716   0.15834370843199896
-19.0547   71.4902   0.15944538249821025
-17.6339   71.4797   0.15310581308363913
-16.9356   70.2437   0.15080494023737998
20.0566   9.48203   0.20839834476310048
20.7838   10.7025   0.202516715359498
22.2033   10.6856   0.19769208380711528
22.9289   11.9072   0.19193326965380464
24.3483   11.892   0.18749053309433988
25.0726   13.1145   0.18203420008339088
26.492   13.1008   0.1777400630133806
27.2152   14.324   0.1724484850614817
28.6347   14.3114   0.16849869435695836
29.3569   15.5353   0.16316856314866593
30.7765   15.5236   0.1594217990113015
31.4981   16.7478   0.15422616509529113
32.9176   16.7368   0.15077446733449223
20.7436   8.23906   0.2083449757013591
22.1631   8.22246   0.2027193135840789
22.8908   9.44293   0.19755470128549163
24.3102   9.42816   0.19218644697272505
25.0364   10.6496   0.18729551516253665
26.4559   10.6364   0.18224886830924383
27.1809   11.8587   0.17747760422092657
28.6003   11.8468   0.17265659558788984
29.3242   13.0698   0.16785356713516675
30.7437   13.0588   0.16344020313252244
31.4668   14.2823   0.1587008821651602
32.8863   14.2721   0.15443723644250992
33.6088   15.496   0.14978708222006276
35.0284   15.4863   0.14592391853291287
35.7504   16.7104   0.14141658318598957
37.1701   16.701   0.13801293417647492
22.1208   5.76047   0.20768304119499012
22.8504   6.97987   0.20311005021908668
24.2699   6.96548   0.19701294906680633
24.9981   8.18587   0.19258923230544384
26.4176   8.17315   0.18673342389620545
27.1445   9.39446   0.18245991039129675
28.5639   9.3831   0.17688361286450427
29.2896   10.6052   0.17262586712309325
30.7091   10.5949   0.1673565355759973
31.4338   11.8176   0.1631213965119234
32.8533   11.8081   0.15805280763086693
33.5772   13.0313   0.15384963438370505
34.9968   13.0224   0.14918290786815983
35.7201   14.2459   0.14501451651472747
37.1397   14.2374   0.1408875792964019
37.8626   15.4611   0.13686387397702837
39.2824   15.4527   0.13353699861836182
40.005   16.6766   0.12961932726256606
22.808   4.51799   0.20819699829728575
24.2275   4.50393   0.20140786206104241
24.9576   5.72329   0.1977987424125847
26.3771   5.71102   0.19119056697441908
27.1059   6.93129   0.187534146490712
28.5254   6.92049   0.18118703485625046
29.253   8.1416   0.1775221518571697
30.6724   8.13195   0.17138857138094138
31.3989   9.35376   0.1676364220567844
32.8184   9.34499   0.1618956775210505
33.5439   10.5674   0.158020536640021
34.9634   10.5592   0.152727895290939
35.6882   11.782   0.14887917920246632
37.1078   11.7743   0.14412317648456022
37.832   12.9974   0.14027237789386743
39.2517   12.9899   0.13619350204763894
39.9754   14.2132   0.13250392447018408
41.3952   14.2058   0.1294074186436011
24.1835   2.0434   0.20451130922274183
24.9152   3.26187   0.20216627710872087
26.3347   3.24995   0.19480564904540115
27.0653   4.46926   0.19223428414307378
28.4848   4.45894   0.1851399157394212
29.2142   5.67906   0.1823290311497326
30.6337   5.67   0.17542146846951248
31.3619   6.89087   0.1723668265647427
32.7814   6.88277   0.16585769472653347
33.5086   8.10427   0.16250403718061915
34.9282   8.09686   0.1565079435683704
35.6545   9.31889   0.1530638523623391
37.0741   9.31194   0.14759729977204852
37.7997   10.5344   0.14402798339211706
39.2193   10.5277   0.1393043430765881
39.9443   11.7504   0.13580681131666467
41.364   11.7438   0.1321032172204741
42.0887   12.9667   0.1287069539690848
24.8713   0.80157   0.20456846697621817
26.291   0.789854   0.19680801646274507
27.0229   2.00837   0.19560470444240363
28.4425   1.99838   0.1878782329063163
29.1735   3.21762   0.18625514999591314
30.593   3.20902   0.17880087919246918
31.3229   4.42898   0.176700686189952
32.7424   4.42145   0.1695164738307164
33.4713   5.64207   0.16705193803126023
34.8908   5.63532   0.16028365481233614
35.6188   6.85651   0.157458947030647
37.0383   6.85029   0.1513646091396533
37.7654   8.07195   0.14820120815971832
39.185   8.06606   0.14294468020881362
39.9115   9.28807   0.13964757104940922
41.3311   9.28234   0.1353361740260156
42.057   10.5046   0.13206464326230616
43.4767   10.4989   0.1288431604703947
29.1314   0.757283   0.18846999778214055
30.551   0.748932   0.18053538326045693
31.2822   1.96814   0.17978461252287434
32.7018   1.96099   0.1720519293701759
33.4321   3.18082   0.17075829379564528
34.8517   3.17456   0.1634785383467813
35.5811   4.39496   0.16159483562292468
37.0006   4.38933   0.15493549754655966
37.7293   5.61024   0.15254625560793028
39.1488   5.60502   0.14667718841046898
39.8767   6.82634   0.14389133712631938
41.2963   6.82133   0.13902516354962569
42.0235   8.04296   0.13607079958609686
43.4431   8.03802   0.13237835019367822
44.1699   9.25986   0.12927241817185992
33.3916   0.720531   0.1727807907407534
34.8112   0.714532   0.1650953285862448
35.5418   1.93428   0.16450109422128512
36.9614   1.92904   0.15738759830431356
37.6912   3.14928   0.1561334032166082
39.1108   3.14455   0.149769010145624
39.8399   4.36521   0.14792269095713503
41.2595   4.36081   0.14261591776516463
41.988   5.58181   0.140195350850162
43.4076   5.57754   0.13606137622411438
44.1356   6.79881   0.13338486570822003
45.5553   6.79451   0.13068619820011626
37.652   0.689084   0.15809556073463918
39.0716   0.684614   0.15133936620721006
39.8017   1.90474   0.1507684648724659
41.2213   1.90071   0.14503867105017226
41.9508   3.12119   0.14368737627223913
43.3704   3.1174   0.13920094432150973
44.0995   4.33815   0.1372803660397222
45.5191   4.33444   0.13418448084633375
46.2477   5.55539   0.13179100462474708
41.9124   0.661111   0.14556467880636428
43.332   0.657561   0.14069252674182833
44.0618   1.87792   0.1400060584403405
45.4814   1.87457   0.13660988287821677
46.2109   3.09513   0.13521953298248018
47.6305   3.09183   0.13330874277405821
46.173   0.635194   0.13705367643737287
47.5926   0.63211   0.13477465313997294
48.3223   1.85255   0.13418447898322672
15.9213   16.9384   0.20807818242189718
16.6083   15.6946   0.20672247096046398
18.0277   15.6733   0.20309519935242257
18.7503   16.896   0.19571742385388188
20.1697   16.8764   0.19256391146837315
17.9902   13.2081   0.20867515424697927
18.7149   14.4298   0.2016710936153222
20.1343   14.4104   0.19788706375101944
20.8574   15.6332   0.19098861222596344
22.2768   15.6155   0.18767594411644875
22.9986   16.8391   0.18099157438952804
24.4181   16.823   0.1778613504952656
18.6771   11.9647   0.20766581326737474
20.0966   11.9456   0.20310315113261979
20.8217   13.1673   0.19666311296224312
22.2412   13.15   0.19263491376175804
22.9648   14.3727   0.186426661183426
24.3842   14.357   0.1827302383296213
25.1067   15.5805   0.17670803603684876
26.5261   15.5661   0.17332134894466983
27.2476   16.7902   0.16739916367772004
28.6671   16.777   0.1641683587053254
6.20053   34.3559   0.1580585018276465
7.62034   34.3336   0.1580412718247993
7.59885   31.8691   0.16763578257639372
8.3162   33.0941   0.16189250260589608
9.73582   33.0715   0.16251528420428593
10.452   34.2971   0.15647178659426136
11.8715   34.275   0.15747663318727664
8.29374   30.6291   0.1713846985585352
9.7133   30.6057   0.17237361050926556
10.4301   31.8309   0.16591976976840328
11.8495   31.8081   0.16704882519790465
12.5651   33.034   0.16029703677859997
13.9844   33.0116   0.16159430683040896
14.699   34.2382   0.1548916395419717
16.1183   34.2162   0.1561264551573497
9.68889   28.1398   0.18233091591937936
10.4065   29.3645   0.1754598814544223
11.8259   29.3409   0.17673468816279383
12.5421   30.5665   0.16949699112373628
13.9614   30.5435   0.17072937649976877
14.6766   31.7697   0.1634573950606094
16.0958   31.7473   0.16452410157785352
16.8101   32.974   0.1574148976431402
18.2292   32.9521   0.15808206729417468
18.9429   34.1793   0.15133542215885948
10.3808   26.898   0.1851104805244701
11.8002   26.8738   0.18623791235943388
12.5174   28.0988   0.1787964205458266
13.9367   28.0753   0.17982480362842088
14.6526   29.3011   0.17204644721702303
16.0718   29.2782   0.17280703110695506
16.7868   30.5047   0.1651007571151624
11.7722   24.4067   0.19561495341614327
12.4906   25.6311   0.18786955580934417
13.9099   25.6071   0.18851665708896959
14.6269   26.8324   0.18054774991674646
12.4614   23.1636   0.19680795207511334
33.6388   17.9613   0.1456353665838065
35.0584   17.9508   0.1425132274562612
35.7793   19.1755   0.13762706855847848
37.199   19.1652   0.13501459180399822
37.9197   20.39   0.13041065907355884
37.8918   17.9253   0.13372494157785397
39.3116   17.9161   0.13106902761522363
20.362   34.1579   0.15153068996081298
18.2059   30.4825   0.165357854364405
18.9202   31.7094   0.15792659687335914
20.3393   31.688   0.15770668977567212
21.053   32.9152   0.1507157257886537
22.4722   32.8945   0.15013553876414523
23.1856   34.122   0.14386552749008275
24.6048   34.1019   0.142885478618368
16.0461   26.8093   0.18077190047128386
16.762   28.0353   0.172644461249123
18.1811   28.0131   0.17240026102068487
18.8962   29.2396   0.16454318582062347
20.3154   29.2183   0.163957189534341
21.0298   30.4452   0.1563459305514557
22.449   30.4247   0.15533811509092055
23.1631   31.6519   0.14827022627621445
24.5823   31.6323   0.1470252699368384
25.2962   32.8596   0.14070593448749766
26.7155   32.8406   0.13932655884647266
27.4294   34.0681   0.13393808270988442
28.8487   34.0497   0.1325643994441955
13.8807   23.1393   0.1966516717447375
14.5991   24.3638   0.18860808572274934
16.0183   24.3406   0.1881696309184885
16.7355   25.566   0.17999933333209903
18.1546   25.5438   0.17925035564818098
18.8708   26.7699   0.17105864491454378
20.2899   26.7488   0.16998829371459714
21.0054   27.9753   0.16208318851750186
22.4246   27.9552   0.16078215075063526
23.1395   29.1821   0.15309350084180784
24.5588   29.163   0.15170247196403908
25.2734   30.39   0.14463377890382303
26.6928   30.3717   0.14322112274381868
27.4073   31.5988   0.13687910724431213
28.8267   31.5812   0.13558502867204753
29.5413   32.8083   0.13022227152065696
30.9608   32.7912   0.12905382597970363
13.8491   20.672   0.20441560605785414
14.5691   21.8957   0.19636356586699066
15.9884   21.8724   0.195170335860756
16.707   23.0971   0.18704852311632975
18.1262   23.0751   0.18573050368746752
18.8436   24.3005   0.1774594601592158
20.2629   24.2797   0.17602653209104577
20.9794   25.5057   0.16788010602808037
22.3987   25.4861   0.16629549001701927
23.1147   26.7125   0.1584201376088289
24.534   26.694   0.15685553863348195
25.2495   27.9206   0.14940963824332137
26.6689   27.903   0.1478333183013905
27.3843   29.1298   0.14095992338249874
28.8037   29.1129   0.1394925446036452
29.519   30.3398   0.1333547524462477
30.9386   30.3235   0.13218664834241034
31.6539   31.5503   0.12693340773807416
14.5367   19.4282   0.20381415554372087
15.9561   19.4049   0.20178389430279045
16.6763   20.6287   0.19382337320354465
18.0957   20.6069   0.19178016060062175
18.8146   21.8316   0.18365298799638252
20.2339   21.8112   0.18170663168965598
20.9518   23.0365   0.17375638117778577
22.3711   23.0175   0.1717200628930699
23.0883   24.2433   0.16400725593704663
24.5077   24.2254   0.1622178781762355
25.2243   25.4516   0.15463466622979488
26.6437   25.4347   0.15285512749005165
27.36   26.6611   0.14575973380875817
28.7795   26.645   0.14416490557691186
29.4957   27.8715   0.13756125908118155
30.9152   27.856   0.13634837732807775
31.6314   29.0826   0.1303947851718006
33.051   29.0675   0.12944361706936341
16.6435   18.1612   0.2002966300265689
18.0629   18.1396   0.19753690794380563
18.7835   19.3634   0.1897143905980779
20.2029   19.3434   0.18721311385691022
20.9224   20.5679   0.17963351580370476
22.3417   20.5494   0.1772654788727926
23.0603   21.7746   0.1697215661016607
24.4797   21.7573   0.1675817710850436
25.1975   22.983   0.16009515920226922
26.617   22.9667   0.1581908341213237
27.3344   24.1927   0.15107779452983894
28.7539   24.1773   0.149262888890709
29.471   25.4035   0.14245090382303657
30.8906   25.3888   0.1410618304148929
31.6076   26.615   0.13474498135366755
33.0272   26.6008   0.133539282610025
33.7442   27.827   0.12795550007717438
20.8909   18.1001   0.18531063110355972
22.3103   18.082   0.18259090886459883
23.0304   19.3065   0.1754103189667014
24.4498   19.2898   0.17278666036474147
25.1691   20.5148   0.1657750584376316
26.5885   20.4993   0.16348189502204666
27.3072   21.7247   0.15662148639315251
28.7267   21.7101   0.15444422941631775
29.4449   22.9358   0.14777611444343783
30.8644   22.9218   0.1459557467179701
31.5824   24.1477   0.13954544062777627
33.0021   24.1343   0.13806107344215407
33.72   25.3602   0.13224042498419267
35.1397   25.3471   0.13108462915231492
25.1388   18.0473   0.17131786246623587
26.5583   18.0323   0.1686053676488396
27.2783   19.2572   0.16209290545856753
28.6978   19.2432   0.159482318769197
29.4172   20.4684   0.1531407522509934
30.8368   20.4552   0.15076541380568617
31.5558   21.6807   0.14456738913046757
32.9755   21.668   0.14258313364490235
33.6943   22.8936   0.13671627554903665
35.114   22.8813   0.13509914877600038
35.8328   24.1069   0.1297611266905459
29.3879   18.0015   0.15834171907618086
30.8074   17.9891   0.1552243859707613
31.5277   19.214   0.14950204011985893
32.9473   19.2022   0.14681750576821373
33.6673   20.4272   0.1413538114095273
35.0869   20.4159   0.13893311340353803
35.8067   21.641   0.13377069933285254
37.2265   21.6298   0.13188335755507644
-2.90444   50.4625   0.11562877496540415
-2.18357   51.6861   0.11625051784830924
-0.763   51.6702   0.11440879179940693
-2.20304   49.2271   0.11903352636967457
-0.782488   49.21   0.11739944398931403
-0.0625545   50.4341   0.11751078522420833
1.35789   50.4176   0.11582813518312408
2.07724   51.6422   0.11625575426618717
3.49758   51.6264   0.11449142369627531
-0.801373   46.7499   0.12158168744099596
-0.0817084   47.974   0.12111022928621702
1.33872   47.9565   0.1193979819762464
2.05772   49.1811   0.11905187272781562
3.47805   49.1642   0.11728238102971829
4.19644   50.3892   0.11724131055221161
5.61667   50.373   0.11558492289221818
6.33451   51.5984   0.11615056134173408
7.75464   51.5828   0.11477764764970592
-0.100358   45.514   0.12587992542498602
1.32005   45.4954   0.12434726213310884
2.03882   46.72   0.1231379750523779
3.45913   46.702   0.12150954242363023
4.17722   47.9271   0.12057982252433455
5.59743   47.9099   0.1188957947111676
6.3149   49.1353   0.11846580477082837
7.735   49.1187   0.11696790157987821
8.45193   50.3445   0.11718583916156418
9.87194   50.3284   0.11605617993023902
10.5884   51.5545   0.11709897523035807
12.0083   51.5387   0.11641116784913715
1.30162   43.0344   0.13043679542215075
2.02031   44.2589   0.12855499834701106
3.44059   44.24   0.12699557315119303
4.15851   45.465   0.12513942184619503
5.57868   45.4467   0.12365505893411728
6.2959   46.6722   0.12205604491380179
7.71597   46.6546   0.1206983032192256
8.43257   47.8805   0.11970865507556272
9.85255   47.8634   0.11862565531958069
10.5686   49.0896   0.11847869006703281
11.9885   49.0729   0.11786657711157962
12.7041   50.2994   0.11871179385385382
14.1238   50.2829   0.1184331456983217
14.8391   51.5096   0.12043359165947007
16.2587   51.4931   0.12082772860564772
2.00192   41.7979   0.13502346055408304
3.42216   41.7779   0.1337292297891527
4.14004   43.0029   0.13106609935448615
5.56017   42.9836   0.12964433230959263
6.27727   44.2091   0.12714760084248564
7.6973   44.1905   0.12597960509542808
8.41368   45.4164   0.12382071070705407
9.83361   45.3983   0.12286045295374802
10.5494   46.6246   0.12143335620825134
11.9692   46.607   0.12093051724027398
12.6844   47.8336   0.1203783203072707
14.1042   47.8161   0.12030020781361894
14.8189   49.043   0.12096214283816258
16.2386   49.0256   0.12131215932461241
16.953   50.2527   0.12322747258626977
18.3725   50.2351   0.12397907081439209
19.0866   51.4624   0.12710995240342254
3.40356   39.316   0.14139601302724203
4.12154   40.5408   0.13802032785064736
5.54163   40.5206   0.1368688879913912
6.25872   41.7459   0.13352930614662864
7.6787   41.7264   0.13250763185567854
8.39499   42.9522   0.12939249437274147
9.81487   42.9332   0.12871869522334428
10.5305   44.1595   0.12606510222896794
11.9502   44.1409   0.12575058647974627
12.6652   45.3676   0.12382580506501918
14.0849   45.3492   0.124005685353535
14.7993   46.5762   0.12308208643015489
16.2189   46.5579   0.12366867024432598
16.9329   47.7852   0.12398733806320801
18.3523   47.7668   0.12495867316837234
19.066   48.9942   0.12663368430240102
20.4854   48.9755   0.12786715762853185
4.10269   38.0786   0.14593049715532377
5.52274   38.0575   0.14504820888242623
6.23997   39.2826   0.14091843775744864
7.6599   39.2622   0.14024080575923692
8.37622   40.4879   0.13618684260970262
9.79604   40.468   0.13582517771017236
10.5116   41.6942   0.13208947724932485
11.9313   41.6747   0.13208122500946207
12.6461   42.9014   0.12884956344512782
14.0657   42.8822   0.12930096674039207
14.7799   44.1092   0.12701928987362507
16.1994   44.0901   0.1278095849300827
16.9131   45.3174   0.12657594558208962
18.3325   45.2982   0.12766373799948083
19.0458   46.5257   0.1276559830168565
20.4651   46.5063   0.12895530233379404
21.1782   47.734   0.13028921674490207
5.50317   35.5944   0.15385443250033448
6.22069   36.8193   0.14917991687891557
7.64056   36.7979   0.14887123160637866
8.35706   38.0235   0.14411109464576313
9.77681   38.0026   0.14402288845874375
10.4924   39.2287   0.13931363895900548
11.912   39.2084   0.1396195903159728
12.6268   40.435   0.13530861022122703
14.0463   40.4149   0.13606373506559366
14.7604   41.6419   0.13238391140920436
16.1799   41.622   0.13340367311284967
16.8934   42.8493   0.1306723000486328
18.3127   42.8294   0.1317717344501473
19.0258   44.0569   0.13017453668056617
20.4451   44.037   0.13143287260042677
21.1579   45.2647   0.13122701703536543
22.5771   45.2445   0.13227116087794874
8.33717   35.5588   0.15269543182426928
9.75686   35.5371   0.15306733191638242
10.4726   36.763   0.1475506014897939
11.8922   36.7418   0.14823852400776313
12.6071   37.9683   0.14296863292345008
14.0266   37.9474   0.14390899902368806
14.7407   39.1743   0.13902870207262982
16.16   39.1536   0.1401833442317603
16.8735   40.3809   0.13605355563159668
18.2928   40.3603   0.1372666019102965
19.0058   41.5879   0.13419198932872317
20.425   41.5674   0.13522666157233956
21.1377   42.7951   0.13331894088988255
22.5568   42.7746   0.13418595306514033
23.2693   44.0025   0.13361889836396648
12.5866   35.5013   0.15135752376409958
14.006   35.4796   0.1525402569815597
14.7203   36.7064   0.1466667651514821
16.1396   36.685   0.14791216988469996
16.8532   37.9122   0.14260862526509466
18.2724   37.8911   0.1437130822159208
18.9855   39.1186   0.1392156959541562
20.4046   39.0976   0.14001578482442592
21.1173   40.3254   0.13661200532896106
22.5364   40.3046   0.13704473722109914
23.2489   41.5324   0.1347763332339918
16.8321   35.4432   0.14977563219696466
18.2513   35.4216   0.15078053587913784
18.9646   36.649   0.14505105997544446
20.3837   36.6278   0.1455714601149555
21.0966   37.8554   0.14070881280147282
24.668   41.5117   0.13485818477200415
25.3804   42.7397   0.13401940158051778
22.5156   37.8345   0.14080901959746672
23.2283   39.0623   0.13698120309005934
24.6474   39.0417   0.1366386841271535
25.3599   40.2695   0.13420454537756865
26.779   40.2491   0.13335344015060208
21.0752   35.3854   0.1454256511073614
22.4943   35.3645   0.14521053680776755
23.2073   36.5921   0.14013743254391361
24.6264   36.5717   0.13941395195603648
25.3392   37.7994   0.1353583761722943
26.7584   37.7794   0.13432069833052554
27.4713   39.0072   0.13157070342595298
25.3181   35.3294   0.13755428019512958
26.7373   35.3099   0.1363575813807216
27.4506   36.5375   0.13212789258896188
28.8699   36.5185   0.13082495939231056
29.5626   35.2771   0.1282908024762499
-4.30526   52.9372   0.11540238299099409
-2.88459   52.9217   0.1134395261802517
-2.16327   54.1452   0.11460184291711902
-0.7427   54.1304   0.11265968641887866
-0.0218698   55.3543   0.11410586781686592
1.39859   55.3401   0.11227237817023417
2.11894   56.5644   0.11402637458062076
3.5393   56.5509   0.11242500122303802
4.25921   57.7755   0.11460543660751915
5.67945   57.7626   0.11344409416095685
6.39899   58.9875   0.11625188170520029
7.81911   58.975   0.11564005188514903
8.53833   60.2001   0.1190295547332677
9.95834   60.1879   0.1189728540466277
10.6773   61.4133   0.12321732832682332
12.0972   61.4012   0.1238045637284832
12.8161   62.6267   0.1285588970083371
-0.0426721   52.8942   0.11527754820866042
1.37779   52.8789   0.11345643437020238
2.09759   54.1033   0.11460149431835535
3.51795   54.0886   0.1128903698284314
4.23726   55.3134   0.11456082445583275
5.65751   55.2994   0.11306719639223448
6.3764   56.5245   0.1154109544194149
7.79654   56.5109   0.11431817921922986
8.51506   57.7363   0.11731261696850911
9.9351   57.7231   0.11682685650140644
10.6533   58.9487   0.12053194597284142
12.0733   58.9358   0.12063390899742925
12.7913   60.1615   0.12520714835823063
14.2111   60.1486   0.12588419281228408
4.21639   52.8513   0.11530542051438922
5.63663   52.8362   0.11374276636340407
6.35494   54.0615   0.11522790634217071
7.77509   54.0469   0.11396031107363679
8.49298   55.2724   0.11621907115443707
9.91303   55.2582   0.11534071440736011
10.6306   56.4841   0.1184318369358502
12.0505   56.4701   0.11812290209777351
12.7678   57.6962   0.12215105402737891
14.1876   57.6823   0.12235105230442485
14.9047   58.9085   0.12726193460732727
8.472   52.8085   0.11603573630567453
9.89203   52.7933   0.11503733133205166
10.609   54.0193   0.1171483674662181
12.0289   54.0045   0.11656976451893589
12.7455   55.2307   0.11984177068117821
14.1654   55.2159   0.11973996826456755
14.8818   56.4424   0.12396459171876462
16.3015   56.4275   0.12435437266135893
12.7244   52.7651   0.11855690616746033
14.1442   52.7494   0.1183693794864195
14.8599   53.9761   0.1215171181356783
16.2796   53.9604   0.12187936658844319
16.9951   55.1871   0.12615343832016604
16.9736   52.72   0.1240008467713018
18.3932   52.7033   0.12473816577134564
-14.8159   68.998   0.14252922507331237
-13.3951   68.9882   0.13673042821551998
-13.4237   66.5325   0.133758924935871
-12.6959   67.7526   0.13507509022761796
-11.2751   67.7428   0.1297981895097138
-10.5476   68.9632   0.1311122419913543
-9.12704   68.9544   0.12586260127614995
-12.7235   65.2974   0.13188453283081086
-11.3026   65.2866   0.12720479550708433
-10.5757   66.5072   0.12860505433302247
-9.15495   66.4974   0.12382538067779045
-8.42835   67.7183   0.12525030498965045
-7.00778   67.7094   0.12061816985843998
-6.28155   68.9307   0.12214629589144389
-4.86113   68.9225   0.11814876258344713
-10.6023   64.0515   0.1258551945689965
-9.18145   64.0406   0.12159206224091976
-8.45542   65.2617   0.12321627489905684
-7.03475   65.2518   0.11897752266709963
-6.30907   66.4732   0.1205370134025222
-4.88854   66.464   0.11683366852068122
-4.16324   67.6858   0.1184421647894031
-2.74285   67.6774   0.11533918198079951
-2.01791   68.8995   0.11715986684867807
-0.597665   68.8916   0.11503832710883802
-9.20655   61.5839   0.11941690667573016
-8.48114   62.8053   0.12112060477061713
-7.06038   62.7942   0.1174003986364617
-6.33529   64.0159   0.11903252706718413
-4.91467   64.0056   0.11563654266710095
-4.18995   65.2276   0.11732121035857115
-2.76947   65.2181   0.11432245142578079
-2.04512   66.4405   0.11623056568734426
-0.624787   66.4315   0.11395485443367505
0.0992024   67.6543   0.1160422404340768
1.5194   67.6459   0.11477660737275677
2.2431   68.8689   0.11718446825411616
3.66318   68.8609   0.11696975207291875
-8.50551   60.349   0.11902954423167413
-7.0847   60.3368   0.11581697457627003
-6.36023   61.5587   0.11750818226829947
-4.93954   61.5472   0.11441102438139525
-4.21542   62.7695   0.1162465005924907
-2.79487   62.7588   0.11344387378787822
-2.07113   63.9814   0.11540445442009585
-0.650713   63.9714   0.11306821785541711
0.072638   65.1944   0.1152180842042172
1.49292   65.1849   0.11373943907018352
2.21592   66.4082   0.11615382042791367
3.63608   66.3992   0.11557708293602069
4.35882   67.6227   0.1184561306982463
5.77885   67.6141   0.1188912280195636
6.50142   68.8378   0.12205324903499987
7.92134   68.8295   0.12366368949695744
-7.10773   57.8793   0.11450222530588712
-6.38389   59.1015   0.11626303840860142
-4.96315   59.0889   0.11345255616335814
-4.23966   60.3114   0.11527637442251613
-2.81905   60.2995   0.11266470787251902
-2.09594   61.5224   0.11460301043166393
-0.675461   61.5112   0.11242160470301098
0.0472454   62.7344   0.11456224298939018
1.4676   62.7239   0.11289654600562422
2.18992   63.9474   0.11531133682340226
3.61014   63.9373   0.1144828179247881
4.33215   65.1612   0.11724269870657217
5.75224   65.1515   0.11728257372687648
6.47401   66.3756   0.12059026038615246
7.89398   66.3662   0.12149348789133001
8.61561   67.5904   0.12514771272380443
10.0355   67.5812   0.1269964172723
-6.40631   56.6444   0.11531078180291751
-4.98554   56.6306   0.11288778676189905
-4.26267   57.8533   0.11460638071242017
-2.84203   57.8403   0.11227391682844275
-2.11955   59.0633   0.11410613480440084
-0.699026   59.051   0.11199101843005115
0.0230294   60.2744   0.11402689581410203
1.44344   60.2627   0.11227605488259763
2.16508   61.4865   0.11460741729923112
3.58536   61.4753   0.1134513111427093
4.30665   62.6994   0.11625001548386993
5.7268   62.6887   0.1158312949940554
6.44779   63.913   0.11903773183323003
7.86783   63.9027   0.1194190056063119
8.58861   65.1272   0.12314137444417343
10.0085   65.117   0.12433507148025404
10.7292   66.3417   0.12854263884019174
-5.0068   54.1723   0.11306949013770244
-4.28451   55.3953   0.11455921132759302
-2.86384   55.381   0.11241647076830022
-2.14197   56.6043   0.11402495340933066
-0.721418   56.5907   0.11199166613636971
6.81067e-10   57.8144   0.1138000000000313
1.42044   57.8014   0.11199077149479807
2.14142   59.0255   0.11410873104193273
3.56175   59.0131   0.11264871992171088
4.28233   60.2375   0.11528411902773031
5.70254   60.2257   0.11441222356024827
6.42278   61.4503   0.11750144211880893
7.84287   61.4389   0.11740833914164711
8.56285   62.6638   0.12112178540626047
9.98282   62.6526   0.12158101990031199
10.7026   63.8776   0.12584486481378573
12.1225   63.8666   0.12717885044298632
-23.8219   85.0522   0.19634874585797268
-23.0891   86.2701   0.19669095047815782
-21.6694   86.2603   0.1885494364881559
-23.1324   83.8114   0.19520414954605653
-21.7126   83.8014   0.18707295368385232
-20.9799   85.0196   0.18818145498428077
-19.5602   85.0112   0.1800292476238256
-18.8281   86.2299   0.18070993331856292
-17.4085   86.2229   0.172648342013474
-21.7547   81.3434   0.1836823889217476
-21.022   82.5613   0.18572956145966418
-19.6021   82.5527   0.17743632660760258
-18.8698   83.7711   0.1792444420337728
-17.4499   83.7639   0.17108103343152653
-16.7181   84.9827   0.17248930401622217
-15.2984   84.9767   0.16457299292411562
-14.5671   86.196   0.16537536092175156
-13.1474   86.1909   0.1579350816000053
-21.0627   80.1041   0.18169955971327764
-19.6426   80.095   0.1737326106406058
-18.9104   81.3132   0.17601940233962862
-17.4904   81.3057   0.16789371638033374
-16.7586   82.5243   0.1700571962605528
-15.3387   82.518   0.16206113044157
-14.6073   83.7371   0.16392772797790905
-13.1875   83.7318   0.15631679372351
-12.4564   84.9512   0.15768858550954476
-11.0367   84.9467   0.15074753729331308
-10.3061   86.1665   0.15153897188512033
-8.88649   86.1626   0.14543117134919792
-19.6812   77.6381   0.16966478715396713
-18.9494   78.8563   0.17178244962742242
-17.5292   78.8481   0.16407940151036454
-16.7977   80.0668   0.16627402082105633
-15.3777   80.0599   0.15843730621289856
-14.6465   81.2789   0.16076302435572679
-13.2265   81.2732   0.15309532977853654
-12.4956   82.4925   0.1553082418933385
-11.0758   82.4877   0.14825373519746138
-10.3451   83.7073   0.15014183294472072
-8.92541   83.7032   0.14386007959124655
-8.19504   84.9231   0.14522354113572591
-6.77537   84.9195   0.14010761720906015
-6.04525   86.1397   0.14081510039764822
-4.62563   86.1364   0.13699051098525278
-18.9865   76.4002   0.16754668006260767
-17.5661   76.3913   0.1601187996457589
-16.8351   77.61   0.16215538843961078
-15.4148   77.6025   0.15458618955132533
-14.6841   78.8215   0.15685110774234617
-13.264   78.8151   0.14939357415899424
-12.5335   80.0345   0.1517313744747654
-11.1135   80.0291   0.14468400049763439
-10.3832   81.2488   0.14701312866543537
-8.96334   81.2442   0.14070731182138344
-8.23324   82.4641   0.14291056503981836
-6.81347   82.4602   0.13752424368088814
-6.08351   83.6803   0.1394179328494001
-4.66382   83.6768   0.13537359565292034
-3.93396   84.8971   0.13664304738990715
-2.51432   84.894   0.13420179767797424
-1.78451   86.1143   0.13485046384792307
-0.364894   86.1113   0.13402000453663657
-17.601   73.9352   0.15658505675829862
-16.8704   75.1539   0.158165419735168
-15.45   75.1456   0.1510953672353949
-14.7198   76.3648   0.15282977458597466
-13.2995   76.3576   0.14577966250475463
-12.5695   77.5771   0.14784102948775799
-11.1494   77.571   0.1409075583494397
-10.4197   78.7908   0.14319678767346544
-8.99967   78.7855   0.13689336872179253
-8.27013   80.0056   0.13930994544539896
-6.85023   80.0011   0.13392727914805394
-6.12079   81.2213   0.13635825460895298
-4.70099   81.2174   0.1321239327298442
-3.97157   82.4378   0.13430679096754586
-2.55186   82.4343   0.1315704845320572
-1.8224   83.6548   0.13335020847377846
-0.402747   83.6516   0.13227442870411535
0.326807   84.8721   0.13361646409032102
-16.9039   72.6986   0.15442295813770868
-15.4833   72.6894   0.14776342578594925
-14.7536   73.9086   0.14927521562536422
-13.3331   73.9007   0.14243847794750095
-12.6037   75.1202   0.14422735524164843
-11.1834   75.1133   0.1375463194709367
-10.4543   76.3332   0.13948809985084493
-9.03414   76.3272   0.13339691488186664
-8.30526   77.5474   0.13559418719104466
-6.88522   77.5422   0.1301991413182156
-6.15647   78.7627   0.13255998792999416
-4.73656   78.7581   0.12828419271289837
-4.00785   79.9787   0.13082779865150834
-2.58803   79.9746   0.12788599180520188
-1.85926   81.1954   0.13028861231895802
-0.439535   81.1917   0.1289610484448699
0.289383   82.4124   0.13122404323903478
1.70905   82.409   0.13141474080178478
-15.5148   70.2337   0.14462313093001564
-14.7856   71.4531   0.14591682562336322
-13.365   71.4442   0.13958749944031948
-12.6361   72.6639   0.14106466602236103
-11.2156   72.6561   0.13468760150808548
-10.4871   73.8762   0.13633165443139042
-9.06677   73.8693   0.130382865438679
-8.33852   75.0897   0.1321836226618119
-6.91834   75.0836   0.12692805206099944
-6.19032   76.3043   0.1290768205372285
-4.77027   76.2989   0.12471222233606344
-4.04236   77.5198   0.12711410189274655
-2.62243   77.515   0.12398288631903989
-1.89452   78.7361   0.12663830384208433
-0.47469   78.7317   0.12495380045840941
0.253345   79.9529   0.12766284349410373
1.67308   79.9489   0.12767326110035745
2.40135   81.1699   0.1301904024880479
-12.6668   70.208   0.13807512447939227
-11.2462   70.1993   0.13224847825211716
-10.5181   71.4195   0.13356788536171327
-9.09768   71.4117   0.12793727994607446
-8.37001   72.6323   0.1294384703247046
-6.9497   72.6253   0.12435440040465094
-6.22233   73.8462   0.1261677157596191
-4.80216   73.8399   0.12186657293942368
-4.07501   75.0611   0.12401584576174358
-2.65496   75.0555   0.12082349481785454
-1.92791   76.2769   0.1232311360817557
-0.507979   76.2718   0.12130307178715655
0.219098   77.4933   0.12398414397010622
1.63893   77.4885   0.12366216236181635
2.36617   78.71   0.12656395576940468
3.7859   78.7056   0.12779790452116405
-8.39991   70.1752   0.12725333983829365
-6.97946   70.1672   0.12237552410510971
-6.25268   71.3883   0.12396490672767133
-4.83238   71.3812   0.11974477692158207
-4.10591   72.6026   0.12151973543421049
-2.68574   72.596   0.11838435749709396
-1.95948   73.8177   0.12043200114587518
-0.539444   73.8117   0.11843641203616408
0.186725   75.0336   0.1209684012459455
1.60665   75.028   0.12029032213773473
2.33286   76.25   0.12309216425101946
3.75268   76.2448   0.12400304189817384
4.47909   77.4667   0.12701062514608827
-4.13526   70.1442   0.11982584195406393
-2.71498   70.1367   0.11656403433306554
-1.98941   71.3586   0.11855385105512233
-0.569269   71.3517   0.11639956350433658
0.156091   72.5739   0.11870944892467497
1.57611   72.5674   0.11784710263727337
2.30138   73.7898   0.12038448446539929
3.72129   73.7837   0.1209335871460024
4.44662   75.0061   0.12382885931801291
5.86643   75.0003   0.12576314404466638
0.126981   70.1141   0.11710895867097465
1.54709   70.1067   0.11605032916799503
2.27154   71.3294   0.11849214362142424
3.69153   71.3224   0.1186296337345776
4.4159   72.5453   0.12143482367097208
5.83578   72.5385   0.12284758198678489
6.56022   73.7614   0.12601793880237738
4.3867   70.0841   0.11970191351854195
5.80665   70.0765   0.12069348325406691
6.53011   71.2998   0.12382845755318472
7.94996   71.2923   0.12595854913422855
8.64388   70.0533   0.12714087658971057
41.4248   16.6683   0.1271297762131289
42.1187   15.4292   0.12597483875758625
43.5386   15.4217   0.12383497082811604
44.2621   16.6451   0.12070807760875038
45.682   16.6374   0.11969983291550643
43.5085   12.9601   0.1260535203792423
44.2329   14.183   0.12287184380483675
45.6528   14.1763   0.12141050201691815
46.3772   15.3991   0.11862963373457773
47.7972   15.3921   0.11850037974622632
48.5216   16.6148   0.11606584338210796
49.9417   16.6074   0.11710875287526515
44.2023   11.7213   0.12576724533836442
45.6221   11.7154   0.12382475519862829
46.3474   12.9378   0.12092303337247273
47.7673   12.9318   0.1203865856314566
48.4926   14.1541   0.11785571687449126
49.9126   14.1477   0.11870720281431928
50.638   15.3699   0.11640566996499768
52.0581   15.3629   0.11854530779410904
52.7837   16.5849   0.11657182335367366
54.204   16.5774   0.1198431057674993
45.5896   9.25483   0.1269916883106923
46.316   10.4768   0.12400697561024529
47.7358   10.4715   0.12308631118040728
48.4621   11.6935   0.12030282623446584
49.882   11.6879   0.12097090559303926
50.6081   12.9098   0.11842237964168792
52.0282   12.9038   0.1204256201976967
52.7544   14.1255   0.1183640992869026
54.1746   14.119   0.12152193217687067
54.9011   15.3404   0.11977353630915297
56.3214   15.3332   0.12396717307416405
57.0482   16.5543   0.12235546575449723
58.4686   16.5464   0.1272753314668646
46.2828   8.01595   0.12780538486308016
47.7025   8.0115   0.12656217799959024
48.4298   9.23302   0.1236648215945026
49.8496   9.22829   0.12397787867196397
50.5767   10.4498   0.1213000000000009
51.9966   10.4447   0.1232469877928065
52.7237   11.666   0.12082834932250039
54.1437   11.6604   0.1240158457617419
54.8709   12.8816   0.12187575640790915
56.291   12.8753   0.12612854553985695
57.0184   14.0963   0.12434713506952969
58.4387   14.0893   0.12945972346641285
59.1664   15.3098   0.1279526474911721
60.5869   15.302   0.13355171283064757
61.3149   16.5223   0.13228911519849307
62.7355   16.5135   0.1380751244793948
47.6674   5.55161   0.13019408588718615
48.3956   6.77268   0.12765874196466126
49.8154   6.76868   0.12766236289525582
50.5434   7.98979   0.1249465185589418
51.9632   7.98545   0.1266342354973563
52.6911   9.20651   0.12397478614621621
54.1111   9.2017   0.12711367707685955
54.839   10.4226   0.12471643837121016
56.259   10.4172   0.1290358864812417
56.9871   11.6379   0.1269037430496038
58.4072   11.6319   0.13222216153126626
59.1355   12.8523   0.1303976226777159
60.5558   12.8454   0.1363740811151437
61.2843   14.0655   0.1347297294586465
62.7048   14.0576   0.14101762301216178
63.4337   15.2773   0.13954103339161691
64.8543   15.2685   0.14596715383948297
65.5835   16.4878   0.14462313093001333
48.3597   4.31252   0.1314221122946969
49.7793   4.30909   0.13122576919187798
50.5082   5.52984   0.12896047611574682
51.928   5.52616   0.13029272581383747
52.6567   6.7469   0.12787530488722287
54.0766   6.74283   0.13083624268527438
54.8053   7.96347   0.128300011301637
56.2252   7.95887   0.13256241699667382
56.9539   9.17935   0.13020606015082428
58.374   9.1741   0.13560937320111827
59.1028   10.3943   0.13335340265625045
60.523   10.3883   0.13948809985084762
61.2521   11.6082   0.13754631947093277
62.6724   11.6013   0.14417891662791818
63.4018   12.8209   0.14243847794749934
64.8223   12.8129   0.14927521562536886
65.552   14.0321   0.14776342578595325
66.9726   14.023   0.15447737698446198
49.7419   1.84948   0.13361765452214786
50.4715   3.06997   0.13227926368104734
51.8911   3.06676   0.1333495031861764
52.6206   4.28725   0.131572565529445
54.0403   4.28375   0.13431586838493853
54.7697   5.50416   0.13211467897247506
56.1895   5.50022   0.1363574288405292
56.9189   6.72049   0.13394598500888424
58.3388   6.71597   0.13930170171250644
59.0684   7.93603   0.1368859704279435
60.4884   7.93078   0.14322311126351103
61.2181   9.15058   0.1409424364767398
62.6382   9.14446   0.14784102948775762
63.3682   10.3639   0.1457796625047542
64.7885   10.3568   0.1528829944761678
65.5187   11.5759   0.15104284160462372
66.9391   11.5676   0.15816541973516204
67.6697   12.7863   0.15658505675830267
50.4336   0.6102   0.13402031063984324
51.8532   0.607206   0.13484567283009133
52.583   1.82758   0.13420436840878147
54.0027   1.82442   0.13663235670952908
54.7325   3.04471   0.13536332442726165
56.1522   3.04124   0.13942375837711438
56.8822   4.26137   0.13754578728554315
58.3019   4.25743   0.14289340397653158
59.032   5.47736   0.1407027935046063
60.4519   5.47277   0.14704390126761474
61.1822   6.69245   0.14464990701690794
62.6022   6.68705   0.15173633085059213
63.3327   7.90642   0.1493886612163059
64.7528   7.90005   0.15683494795484876
65.4835   9.11908   0.1545968382600403
66.9038   9.11155   0.16217244802986686
67.6348   10.3302   0.16011879964576098
69.0552   10.3214   0.16754668006260331
54.6943   0.585131   0.13698542121335397
56.114   0.58187   0.1408332829980186
56.8441   1.80202   0.1401171684698201
58.2637   1.79842   0.14520935541486313
58.9941   3.01834   0.14385973064064894
60.4139   3.01421   0.15011411126206603
61.1445   4.23387   0.14825373519746546
62.5643   4.22903   0.15530824189333992
63.2952   5.44837   0.15312477134676825
64.7152   5.44263   0.16074140599111345
65.4464   6.66162   0.15842127035218417
66.8664   6.65478   0.16629754327710347
67.5979   7.8734   0.16402851611838806
69.0181   7.86524   0.17178244962742945
69.7499   9.08348   0.16969396718799307
58.9552   0.558991   0.14545665053204015
60.3748   0.555058   0.1515319407121815
61.1055   1.77485   0.150748353556515
62.5251   1.77034   0.15770344606253878
63.2562   2.98978   0.1563558582209188
64.676   2.98448   0.1639439260844996
65.4074   4.20353   0.16205579934084458
66.8273   4.19721   0.17001129491889644
67.5591   5.41587   0.16788805824119887
68.9791   5.4083   0.17600152527748292
69.7113   6.62654   0.17375020834519897
71.1314   6.61748   0.1817056303475476
63.2162   0.530649   0.1579205444392848
64.6358   0.525523   0.165367793103736
65.3671   1.74482   0.16457299292411248
66.7868   1.7388   0.17244340056957788
67.5187   2.95763   0.17107289352787508
68.9385   2.95046   0.17926827828704164
69.6708   4.16883   0.1774539120447897
71.0907   4.16022   0.18571132679511013
71.8234   5.37814   0.18366657289773983
67.4772   0.498689   0.17267260422255756
68.8968   0.491661   0.18074573189981544
69.6289   1.71034   0.17999997916666627
71.0486   1.70198   0.18820577461916518
71.7813   2.92012   0.18707295368385055
73.2011   2.91014   0.19517978788798857
71.7381   0.461289   0.18859649954598848
73.1578   0.45142   0.19666410942518214
73.8906   1.66938   0.19636657785886116
39.3395   20.3798   0.12858063617823698
40.0602   21.6045   0.12437154015288202
41.4801   21.5943   0.12314324991650996
42.2009   22.8189   0.11939459786774251
43.6209   22.8085   0.11903150843369097
44.3419   24.0328   0.11582758738746231
45.7621   24.0221   0.11627639485295356
46.4833   25.2462   0.11346439970316628
47.9036   25.2351   0.11459904013559674
48.6253   26.4589   0.11227386160634249
50.0457   26.4471   0.11402793517379871
50.7677   27.6706   0.11198932984887468
52.1883   27.6582   0.11410613480440071
52.9107   28.8813   0.1122727482517466
54.3314   28.8682   0.11460732960853816
55.0542   30.0909   0.11288782042364047
56.475   30.0772   0.11531071069072545
40.0332   19.1403   0.12699641727230074
41.4531   19.1311   0.12514771272380443
42.1747   20.3553   0.12151765303856038
43.5947   20.346   0.12055948739108041
44.3165   21.57   0.11728094474380651
45.7366   21.5604   0.11725570348601448
46.4586   22.7842   0.11450602604230051
47.8788   22.7742   0.11530572405565952
48.6011   23.9977   0.11288888342082325
50.0215   23.9871   0.11456408686844322
50.7442   25.2103   0.11242179503993019
52.1646   25.1992   0.11460301043166443
52.8878   26.422   0.11266259361474004
54.3084   26.4101   0.11528044066536189
55.0319   27.6326   0.1134559385841043
56.4526   27.62   0.11624405361135685
57.1764   28.8422   0.11447921208673634
42.1474   17.8921   0.12366575920601484
43.5673   17.8837   0.12206572000361189
44.2899   19.1074   0.11890845218065976
45.7099   19.0988   0.1184799561107273
46.4326   20.3223   0.11557534339122708
47.8528   20.3134   0.11614465118979866
48.5758   21.5366   0.11374695600322764
49.9961   21.5272   0.11521584092476218
50.7194   22.7501   0.11305865734210771
52.1398   22.7401   0.11539553717540463
52.8636   23.9627   0.11344161493913982
54.2841   23.952   0.11624254814825892
55.0082   25.1743   0.11440480759128982
56.4289   25.1629   0.11749940425380892
57.1534   26.3848   0.11583341486807644
58.5742   26.3726   0.11905708714730012
46.4055   17.8606   0.11696379781795761
47.8256   17.8527   0.11717657615752403
48.5493   19.0757   0.11476907248906394
49.9695   19.0673   0.11604848124813993
50.6935   20.29   0.11396258157834088
52.1138   20.2811   0.11622701923391067
52.8382   21.5035   0.11433695815439647
54.2587   21.4939   0.1173246350942545
54.9834   22.7159   0.11561980799153868
56.404   22.7056   0.11902411520360173
57.1291   23.9273   0.11741060429109479
58.5498   23.9162   0.12108798454016827
59.2753   25.1376   0.11939924622877697
50.6664   17.8299   0.11504816382715585
52.0866   17.822   0.1171558363889726
52.8116   19.0442   0.11535493054048344
54.2319   19.0357   0.11840924794964393
54.9572   20.2575   0.1167976883332894
56.3778   20.2483   0.12054899418908424
57.1035   21.4698   0.11901655347051511
58.5241   21.4598   0.1231823851043643
59.2502   22.6809   0.12160057565653207
60.671   22.6701   0.12588955476925065
54.9298   17.799   0.11813234104173106
56.3503   17.7909   0.12218510547525765
57.0765   19.0121   0.1206250803108561
58.4971   19.0032   0.12522515721691166
59.2237   20.2241   0.12383254822541667
60.6444   20.2143   0.12856823091261663
61.3713   21.4349   0.1271429903691101
62.7922   21.4242   0.13192505448170253
59.1957   17.7671   0.12584236170701946
60.6163   17.7583   0.13107322381020403
61.3438   18.9787   0.1297593927236111
62.7646   18.969   0.13511805948873076
63.4924   20.189   0.133758924935872
63.4638   17.7334   0.1367304282155221
64.8846   17.7236   0.14257745263540253
31.6755   34.0183   0.12470982318967488
33.0951   34.0015   0.12402878698108798
33.0736   31.5344   0.12615343832016557
33.7891   32.7612   0.12184953836596953
35.2088   32.7455   0.12151711813567619
35.9245   33.9721   0.1183940032265155
37.3443   33.9564   0.11855690616746042
33.7672   30.294   0.12435437266135893
35.187   30.2792   0.12397665102752232
35.9033   31.5056   0.11976990440006173
37.3232   31.4908   0.11983688914520482
38.0398   32.7171   0.11656976451893408
39.4597   32.7022   0.1171483674662181
40.1767   33.9282   0.11503342992365423
41.5967   33.913   0.11605261737677539
35.164   27.8131   0.1272619346073283
35.8811   29.0392   0.12235105230442546
37.3009   29.0254   0.12215105402737965
38.0182   30.2514   0.11815163985319835
39.4381   30.2375   0.11840612315247907
40.1557   31.4633   0.11534036587422467
41.5757   31.4491   0.11623940811962159
42.2936   32.6747   0.11396446814687518
43.7138   32.6601   0.11520802923407801
44.4321   33.8854   0.11373271297212649
45.8523   33.8702   0.11530542051438947
35.8576   26.573   0.12584538132168344
37.2774   26.56   0.12524256464956268
37.9954   27.7858   0.12063390899742964
39.4154   27.7728   0.12053194597284161
40.1336   28.9984   0.11682581050435749
41.5536   28.9852   0.11733077175234194
42.2722   30.2106   0.11431824001444442
43.6923   30.1971   0.11539475724659244
44.4112   31.4222   0.11306533509436077
45.8314   31.4081   0.11456386864976244
46.5508   32.6329   0.11288582727694425
47.9711   32.6182   0.11461125599172244
48.6909   33.8427   0.11346439970316749
50.1114   33.8274   0.11526864274380932
37.2526   24.0948   0.12859758940197985
37.9715   25.3203   0.1238045637284829
39.3914   25.3083   0.1231848204934346
40.1104   26.5336   0.1190029831558865
41.5304   26.5214   0.11903717906603781
42.2496   27.7466   0.11561941878421614
43.6697   27.7341   0.11625188170520107
44.3893   28.959   0.11344465611036973
45.8095   28.9461   0.11459358620795496
46.5294   30.1706   0.11242606459358115
47.9498   30.1571   0.11403210074360667
48.6701   31.3814   0.1122700761556707
50.0906   31.3673   0.11410267306246621
50.8114   32.5911   0.1126557144578122
52.232   32.5763   0.11459969458947163
52.9533   33.7998   0.11344095380417048
54.374   33.7844   0.11540238299099276
37.9462   22.855   0.1271387824387181
39.3661   22.8439   0.12588026056534832
40.0859   24.0689   0.12160213813909697
41.5059   24.0578   0.1211041287487745
42.2258   25.2826   0.11740719739436828
43.6459   25.2712   0.11751910482981054
44.3662   26.4959   0.11439584782674637
45.7864   26.484   0.11528338995709668
46.507   27.7084   0.11266010829037952
47.9273   27.6961   0.11410403148004927
48.6483   28.9201   0.11199062460759862
50.0687   28.9072   0.11380000000000035
50.7901   30.1309   0.11199241045713797
52.2107   30.1173   0.11403052222979627
52.9325   31.3406   0.11242819930960432
54.3532   31.3263   0.11455758377340239
55.0755   32.5492   0.11306626375714404
20.5061   51.4445   0.1282908024762481
21.1988   50.2031   0.1308477741499637
22.6181   50.184   0.1321065100591188
23.3314   51.4116   0.13633216788417868
24.7506   51.3921   0.13755428019512958
22.5974   47.7144   0.13157070342595298
23.3103   48.9421   0.13430212209790326
24.7295   48.9221   0.13535837617229265
25.4423   50.1499   0.13943471590676493
26.8614   50.1294   0.14011891378397184
27.5744   51.3571   0.1452328819517131
28.9935   51.3362   0.14544555682453753
23.2897   46.4724   0.13335344015060208
24.7088   46.452   0.13420454537756865
25.4213   47.6799   0.1366386841271545
26.8404   47.6592   0.13698120309005934
27.5531   48.887   0.14080901959746672
24.6884   43.9819   0.13402048350905207
25.4008   45.2098   0.13484342772267383
28.9722   48.8661   0.14067014608651005
29.685   50.0938   0.1455714601149555
31.1041   50.0725   0.14505105997544446
31.8174   51.2999   0.15078053587913784
33.2366   51.2783   0.14975997462606566
26.8198   45.1891   0.13477633323399207
27.5323   46.417   0.1370534567240104
28.9514   46.3962   0.13661200532896106
29.6641   47.6239   0.14001578482442592
31.0832   47.603   0.13922406401193776
31.7963   48.8305   0.1437130822159208
33.2155   48.8093   0.142608625265096
33.9291   50.0365   0.1479121698846984
35.3484   50.0152   0.1466667651514821
36.0627   51.2419   0.1525258666587413
37.4821   51.2203   0.1513692505101344
26.7995   42.7191   0.13361328526759622
27.5119   43.9469   0.13418595306514033
28.9311   43.9264   0.1333066765019667
29.6437   45.1542   0.1352305438870971
31.0629   45.1336   0.13419038713708273
31.7759   46.3612   0.13729100480366568
33.1952   46.3407   0.1360575613481303
33.9087   47.5679   0.14018334423175752
35.328   47.5473   0.13902870207262769
36.0422   48.7742   0.1438627470890218
37.4616   48.7533   0.14297601197403892
38.1765   49.9797   0.14822783139478432
39.5961   49.9585   0.1475506014897939
40.3118   51.1844   0.1530730544544017
41.7315   51.1627   0.15270451859719444
27.4917   41.477   0.13227342892659924
28.9108   41.4568   0.13122701703536543
29.6236   42.6846   0.13142941071160613
31.0429   42.6646   0.1301799523736282
31.756   43.8922   0.13177173445014725
33.1753   43.8723   0.13066988941604005
33.8888   45.0996   0.13340588442793694
35.3083   45.0797   0.13238391140920255
36.0224   46.3067   0.1360684019160955
37.4419   46.2866   0.13535054488253961
38.1567   47.5132   0.13961959031597063
39.5763   47.4928   0.1393136389590029
40.2919   48.7189   0.144012152265009
41.7117   48.6981   0.14408952078482343
42.4281   49.9236   0.1488979852113526
43.848   49.9022   0.14921481159724287
44.5655   51.1272   0.153911240655124
28.8905   38.9875   0.13028649200895723
29.6036   40.2152   0.1289553023337935
31.0229   40.1958   0.12766855525147944
31.7362   41.4234   0.12765617885554942
33.1556   41.4042   0.12656689930625636
33.8693   42.6315   0.1278095849300827
35.2888   42.6124   0.1270138181458997
36.003   43.8394   0.12930007733949667
37.4226   43.8201   0.12885185291644044
38.1374   45.0468   0.13207929436516738
39.5572   45.0273   0.13204658268959305
40.2727   46.2535   0.1358105297832237
41.6925   46.2336   0.13618950032950283
42.4088   47.4594   0.14026781526779492
43.8287   47.4389   0.14091305830191936
44.546   48.6641   0.14500779289403717
45.966   48.6429   0.14593049715532377
29.5833   37.746   0.12788549565920274
31.0027   37.7273   0.12663368430240102
31.7164   38.9548   0.1249439074144873
33.1358   38.9364   0.12398733806320768
33.8498   40.1636   0.12367946474657758
35.2694   40.1453   0.12308208643015524
35.9839   41.3723   0.12397814323500761
37.4035   41.3539   0.1238333557649152
38.1185   42.5806   0.12575058647974818
39.5383   42.562   0.12602912361831226
40.2538   43.7883   0.12873993164515812
41.6737   43.7693   0.12941812083321358
42.39   44.9952   0.13253429744786818
43.81   44.9756   0.13350917571462817
44.5271   46.201   0.13684242763120022
45.9472   46.1808   0.13800641289447316
46.6651   47.4056   0.14142856854256783
30.9821   35.2591   0.12710995240342227
31.6962   36.4864   0.12397907081439055
33.1157   36.4688   0.1232495030415947
33.8301   37.696   0.12131215932461205
35.2498   37.6785   0.12096214283816258
35.9645   38.9054   0.12030020781361953
37.3843   38.8879   0.12037832030727035
38.0995   40.1146   0.12092220639733736
39.5193   40.0969   0.12144179675877759
40.2351   41.3232   0.12287526195292363
41.655   41.3051   0.12381365029753429
42.3714   42.531   0.12596709887903357
43.7914   42.5125   0.12715588857775903
44.5085   43.7379   0.12965839733700277
45.9287   43.7187   0.1310570104954333
46.6465   44.9436   0.1337618779772463
48.0668   44.9237   0.13503973489310528
33.81   35.2285   0.12080384927642102
35.2296   35.2119   0.12043359165947007
35.9449   36.4387   0.11843314569832342
37.3646   36.4221   0.11871179385385472
38.0802   37.6487   0.11785287438157896
39.5001   37.6319   0.11851118090711901
40.2162   38.8582   0.11862836928829402
41.6361   38.841   0.11971136119851053
42.3527   40.0669   0.12070509517000691
43.7728   40.0493   0.12206395864463875
44.49   41.2748   0.12367093433786139
45.9102   41.2566   0.1251511885680659
46.6281   42.4816   0.12702220278360665
48.0484   42.4626   0.12853750425459368
48.7671   43.6872   0.13042035884017464
38.0604   35.1828   0.11641116784913715
39.4803   35.167   0.11711652317243758
40.1968   36.3932   0.11602990993705004
41.6168   36.377   0.11718033111405733
42.3337   37.6029   0.11696790157987844
43.7538   37.5862   0.11847337253577415
44.4713   38.8117   0.11889196776906284
45.8915   38.7944   0.12056475438535132
46.6096   40.0195   0.12148419650308527
48.0299   40.0016   0.12312635786053278
48.7487   41.2262   0.1243246556399813
50.1691   41.2076   0.1258698534201099
42.3141   35.1388   0.11477430025924781
43.7342   35.1231   0.11615554226983743
44.452   36.3485   0.1156033736531953
45.8723   36.3323   0.11723113920797677
46.5907   37.5573   0.11726248334399324
48.011   37.5405   0.1190444034803804
48.73   38.7651   0.119394681623597
50.1504   38.7475   0.12112394478384586
50.8701   39.9717   0.12158906200806018
46.5711   35.0951   0.11449340592366022
47.9915   35.0794   0.11625188170520136
48.7108   36.3039   0.1158356162844569
50.1313   36.2875   0.11751268016686428
50.8512   37.5116   0.11741486277298997
52.2717   37.4945   0.11903906921678965
50.8317   35.0514   0.1144059876055456
52.2523   35.0354   0.11624478482925715
52.9731   36.259   0.11563796954287896
14.2359   62.6147   0.12980362090481098
14.9547   63.8402   0.13509914877600038
16.3744   63.828   0.13671627554903665
17.0932   65.0535   0.1425346975301116
18.5129   65.0409   0.14461846355151015
19.2319   66.2663   0.15076541380568986
20.6515   66.2531   0.15308696874652905
21.3709   67.4783   0.159482318769197
22.7904   67.4644   0.16209290545856636
23.5104   68.6892   0.1685845485209159
24.9299   68.6743   0.17137391866909454
14.929   61.3745   0.13112547426034205
16.3487   61.3614   0.132240424984195
17.0666   62.5873   0.13810644445499215
18.4863   62.5738   0.13954544062777627
19.2043   63.7997   0.14590685384861218
20.6238   63.7858   0.14782675671203777
21.342   65.0115   0.1544955986428061
22.7616   64.9968   0.15653590642405202
23.4802   66.2223   0.16348189502204666
24.8996   66.2067   0.1657750584376335
25.6189   67.4317   0.17278666036474147
27.0383   67.415   0.175357377945731
27.7584   68.6395   0.18259090886459559
29.1778   68.6214   0.18534934583105556
16.3245   58.8945   0.12795550007717502
17.0415   60.1208   0.13358117382326187
18.4611   60.1065   0.1347010764619177
19.1781   61.3328   0.1410618304148929
20.5977   61.318   0.14247908618460298
21.3148   62.5442   0.14929521090778422
22.7343   62.5288   0.15102883830579913
23.4517   63.7548   0.15819083412132498
24.8712   63.7386   0.16014509046486403
25.589   64.9642   0.1675313701967503
27.0084   64.9469   0.16972156610165717
27.727   66.1721   0.1772654788727908
29.1463   66.1536   0.17958477106926032
29.8658   67.3782   0.18721311385691197
31.2852   67.3582   0.1897609548879821
32.0058   68.5819   0.1975369079438089
33.4252   68.5604   0.20029663002656886
17.0177   57.654   0.1294436170693661
18.4373   57.639   0.1303947851718006
19.1535   58.8655   0.13630674964945755
20.573   58.85   0.13756125908118308
21.2892   60.0766   0.14420932702151906
22.7087   60.0604   0.14575973380875976
23.425   61.2869   0.1529013407397084
24.8444   61.2699   0.1545886477073918
25.5611   62.4961   0.16213235334133502
26.9804   62.4782   0.16400725593704663
27.6976   63.7041   0.17176684779083326
29.1169   63.685   0.17371105318891078
29.8348   64.9104   0.18175227646442194
31.2541   64.89   0.18369651602575207
31.973   66.1146   0.19173664229875237
33.3924   66.0928   0.1938233732035416
34.1126   67.3166   0.20182970544496168
35.532   67.2934   0.20381415554372384
18.4148   55.1712   0.12691276531539247
19.1301   56.3981   0.1322238253871065
20.5497   56.3817   0.13335475244624903
21.265   57.6086   0.13945242916493153
22.6844   57.5917   0.14095992338249874
23.3998   58.8185   0.1478333183013905
24.8192   58.8009   0.14936816929988977
25.5347   60.0276   0.15685553863348195
26.9541   60.009   0.1583826063682494
27.67   61.2354   0.1662954900170178
29.0893   61.2159   0.1678801060280789
29.8058   62.4418   0.17602653209104427
31.2251   62.4211   0.1774594601592158
31.9425   63.6465   0.18573050368746896
33.3617   63.6245   0.18708623680003694
34.0803   64.8491   0.1951703358607583
35.4996   64.8259   0.1963635658669914
36.2196   66.0496   0.20441560605785536
19.1079   53.9304   0.12908578542968976
20.5274   53.9132   0.13019036062627914
21.242   55.1404   0.13558502867204753
22.6614   55.1227   0.13687910724431213
23.3759   56.3499   0.14325829818897035
24.7953   56.3316   0.14463377890382303
25.5099   57.5586   0.15174086463441422
26.9292   57.5395   0.15313043459743528
27.6441   58.7663   0.16074342910365097
29.0633   58.7463   0.16211998642980313
29.7788   59.9727   0.16998829371459714
31.1979   59.9517   0.17110315601998805
31.9141   61.1777   0.17926095503483172
33.3333   61.1556   0.1799856105359557
34.0504   62.3809   0.18816963091848374
35.4696   62.3577   0.18857635058511468
36.188   63.5823   0.1966838325841734
21.22   52.6719   0.1325643994441955
22.6394   52.6535   0.1339491321360473
23.3532   53.8809   0.13931952483410184
24.7725   53.8619   0.14070593448749766
25.4864   55.0893   0.1470584237641631
26.9056   55.0696   0.14823882757226658
27.6197   56.2968   0.15530428197573728
29.0389   56.2764   0.15637761988213184
29.7534   57.5033   0.16394797955449228
31.1725   57.482   0.16454318582062347
31.8876   58.7085   0.1724331754622661
33.3067   58.6863   0.17267454936961757
34.0226   59.9122   0.18074050459153057
25.4639   52.6197   0.14291273561163245
26.8831   52.5996   0.14386552749008452
27.5965   53.827   0.15010719503075085
29.0157   53.8063   0.15075058872190208
29.7294   55.0335   0.15767793123959925
31.1485   55.0121   0.15792659687335728
31.8628   56.239   0.16535785436440603
29.7067   52.5637   0.15153068996081298
10.7571   68.8055   0.13106902761521932
12.1769   68.7963   0.13377058720062332
12.149   66.3316   0.13045370826465177
12.8697   67.5563   0.13501459180399392
14.2894   67.5461   0.1376270685584729
15.0103   68.7707   0.1425132274562642
16.4299   68.7602   0.14563536658380463
12.8422   65.0917   0.1318833575550775
14.262   65.0805   0.1337706993328509
14.9818   66.3057   0.13897999856094642
16.4014   66.2943   0.1413033969867701
17.1214   67.5194   0.14681750576821836
18.541   67.5076   0.14955604300729408
19.2613   68.7324   0.1552243859707632
20.6808   68.72   0.1582852172503787
37.6073   63.558   0.19680795207511143
35.4418   59.8892   0.18057607814990242
36.1589   61.1144   0.18846309983654602
37.5781   61.0904   0.1878436583970857
38.2965   62.3148   0.1955884454664926
33.2819   56.2169   0.16510075711516406
33.9969   57.4433   0.17277945479715287
35.4161   57.4205   0.17207100278663817
36.1321   58.6463   0.17979660730947844
37.5513   58.6227   0.17877362780902878
38.2685   59.8478   0.1862618855267997
39.6879   59.8235   0.1851104805244698
31.1258   52.5423   0.15135613631432182
31.8395   53.7694   0.158082067294173
33.2586   53.7475   0.15739402784095746
33.9729   54.9743   0.16452410157785435
35.3921   54.9518   0.1634573950606094
36.1073   56.1781   0.17075189603632454
37.5266   56.155   0.16949699112373628
38.2429   57.3806   0.17667705000933487
39.6622   57.357   0.1754421272100858
40.3798   58.5818   0.18234906086952846
33.9504   52.5053   0.1561734292381386
35.3697   52.4834   0.15490761763063812
36.0843   53.7099   0.1615756479176245
37.5036   53.6875   0.16029703677860185
38.2192   54.9135   0.16706675312581026
39.6386   54.8906   0.16590497280069633
40.3554   56.1159   0.17239785381494493
41.775   56.0925   0.17135501159873
38.1972   52.4465   0.15747663318727664
39.6167   52.4244   0.15651626113602451
40.3329   53.6501   0.1624935075626092
41.7525   53.6275   0.16189125980114175
42.4699   54.8524   0.16758547073060978
42.4484   52.388   0.158016866188393
43.8682   52.3657   0.1580659356091635
25.6506   69.8986   0.1779170874311948
27.0701   69.8824   0.18093606605649834
27.7919   71.106   0.18762113420400667
29.2113   71.0884   0.19104235132556305
29.9344   72.3111   0.19788706375101475
31.3538   72.2918   0.20172183818317202
32.0785   73.5134   0.2086751542469802
29.899   69.8451   0.19251298657493085
31.3184   69.8255   0.19571742385388188
32.041   71.0483   0.2031431761098563
33.4604   71.0269   0.20667721209654155
34.1474   69.7832   0.20812068614147963
1.74642   84.869   0.134184200262177
2.47613   86.0894   0.13476766822943867
3.89574   86.0863   0.13704643775012854
2.4382   83.6297   0.13331387362161487
3.85781   83.6264   0.135217491472074
4.58727   84.847   0.13661309197877103
6.00686   84.8436   0.14001281512775915
6.73668   86.064   0.14070415096932673
8.15628   86.0604   0.14554562480542169
3.82102   81.1661   0.13177283824825328
4.54963   82.3871   0.1341745639083651
5.96925   82.3834   0.1372803048510607
6.6983   83.6041   0.13918946655548312
8.11788   83.6004   0.14369471980556517
8.84744   84.8208   0.1450419253181661
10.267   84.8168   0.15076846487246331
10.9971   86.0369   0.15132118159729005
12.4167   86.0325   0.15813630196763526
4.51344   79.927   0.13065967587591862
5.93311   79.9227   0.13338475025279337
6.66107   81.144   0.13606705295551985
8.08068   81.1397   0.14020786568520363
8.80919   82.3607   0.14261788246920323
10.2288   82.3563   0.14790040567895657
10.9579   83.577   0.1497602751065836
12.3775   83.5723   0.1561634400235833
13.1073   84.7925   0.157396728047316
14.5269   84.7873   0.16450109422128364
15.2575   86.007   0.165116110661563
16.6771   86.001   0.1727767634839842
5.89882   77.4617   0.12927722962687266
6.62556   78.6835   0.13237815114285137
8.04522   78.6786   0.13608650337193628
8.77245   79.9002   0.13902151811859906
10.192   79.8952   0.14387786487156357
10.9199   81.1165   0.14665070746505202
12.3395   81.1113   0.15253881473251243
13.0681   82.3322   0.15492559504484868
14.4876   82.3266   0.1615784020220506
15.217   83.547   0.16350538217441116
16.6366   83.5407   0.17074091483882864
17.3669   84.7606   0.17206327324562912
18.7865   84.7534   0.17980261399657183
19.5177   85.9726   0.1805371429927959
20.9373   85.9643   0.18847487896268533
6.59197   76.2227   0.12885105199415428
8.01169   76.2169   0.13206268246556066
8.7376   77.4392   0.13533245139285774
10.1572   77.4335   0.1396615193959993
10.8837   78.6555   0.1429713607685157
12.3033   78.6496   0.1482062751707936
13.0304   79.8713   0.15137958911293597
14.4499   79.865   0.15745894703064478
15.1779   81.0862   0.1602836548123419
16.5974   81.0795   0.1670519380312582
17.3263   82.3001   0.16949932153256853
18.7458   82.2926   0.17673092542053614
19.4757   83.5125   0.17878906566119218
20.8952   83.5039   0.1862121370910095
21.6262   84.7232   0.18792615571016244
23.0458   84.7132   0.19561697267875602
23.7777   85.9317   0.19680086381924283
25.1974   85.92   0.20460395890598515
7.98001   73.7549   0.12873546364541738
8.70467   74.9777   0.13206374256396106
10.1244   74.9712   0.13585116856324725
10.8494   76.1938   0.13930434307659034
12.269   76.1872   0.14402798339211975
12.9947   77.4096   0.14756290184189386
14.4142   77.4027   0.15310238404414184
15.1405   78.6247   0.15651881676016466
16.5601   78.6173   0.16249818460524554
17.2873   79.8388   0.1658979806989836
18.7068   79.8307   0.1723850631580343
19.435   81.0515   0.175385746285152
20.8545   81.0425   0.18236617010839012
21.5839   82.2626   0.18515199161769932
23.0034   82.2523   0.1922342841430804
23.734   83.4716   0.19479591884841338
25.1535   83.4597   0.20219052895721404
25.8852   84.6781   0.20448787250103476
8.67351   72.5157   0.12937988869990563
10.0933   72.5083   0.1325039244701875
10.817   73.7316   0.13619350204763506
12.2367   73.7241   0.14022300096632223
12.9609   74.9472   0.14407380053292204
14.3805   74.9395   0.14887917920246593
15.1053   76.1623   0.15267383534842988
16.5248   76.1542   0.1580786513100419
17.2503   77.3766   0.16194165616047854
18.6698   77.3678   0.1676364220567887
19.3963   78.5896   0.17137663201265238
20.8157   78.5799   0.17750974621129242
21.5433   79.801   0.1811627445144284
22.9628   79.7903   0.18754036898759166
23.6916   81.0105   0.19120873411012984
25.1111   80.9983   0.19782932037491036
25.8412   82.2176   0.20139011892344866
27.2607   82.2036   0.20824996998798792
10.0637   70.045   0.12966071108859706
10.7863   71.2688   0.13353699861835758
12.2061   71.2605   0.13686387397702748
12.929   72.4842   0.14093580098754063
14.3486   72.4756   0.14501451651472996
15.0719   73.6992   0.14918290786816069
16.4915   73.6902   0.15384963438370575
17.2154   74.9134   0.15805280763086377
18.6349   74.9039   0.16306152213198605
19.3596   76.1266   0.167297280312618
20.7791   76.1163   0.17264906602700733
21.5048   77.3384   0.17685330078909559
22.9242   77.3271   0.1825033972286539
23.6511   78.5484   0.18675773076368327
25.0706   78.5357   0.19260150570543433
25.7988   79.7561   0.19701890772207875
27.2183   79.7417   0.20313970562152092
27.9479   80.9611   0.20770589784597082
12.8986   70.0205   0.13803760357235867
14.3183   70.0111   0.14136555450321286
15.0403   71.2353   0.14592391853290781
16.4599   71.2255   0.14978708222005882
17.1824   72.4495   0.1544926211830195
18.6019   72.4392   0.158642428120597
19.325   73.6627   0.1634402031325235
20.7445   73.6518   0.16791405539739188
21.4684   74.8748   0.1726565955878856
22.8879   74.8628   0.1774514299745097
23.6128   76.0851   0.18224886830924383
25.0323   76.0719   0.18723450536693081
25.7585   77.2934   0.19217453005016416
27.1779   77.2786   0.19755470128549057
27.9056   78.4991   0.20272506011837915
29.3251   78.4825   0.20832808260049862
17.1511   69.9847   0.15072096735358614
18.5706   69.9737   0.15425388163673137
19.2923   71.198   0.1594493336455162
20.7118   71.1863   0.16316856314866593
21.434   72.4101   0.1684401971027108
22.8535   72.3975   0.17244848506147742
23.5767   73.6208   0.1777993813262622
24.9961   73.607   0.18197422894464935
25.7204   74.8295   0.18749053309434094
27.1398   74.8143   0.1919332696538067
27.8655   76.0359   0.19760723670959213
29.2849   76.019   0.20251671535950297
30.0121   77.2395   0.20840376676059197
21.4016   69.9446   0.16416835870532337
22.8211   69.9313   0.16739916367771593
23.5426   71.1554   0.1732636718992216
24.962   71.1411   0.17676634295023425
25.6845   72.3646   0.18278788253053738
27.1039   72.3489   0.18642666118342804
27.8275   73.5715   0.1925785554001316
29.247   73.5543   0.1967184027995356
29.9721   74.7759   0.2031031511326131
31.3916   74.7568   0.2076447206167317
67.0043   16.4778   0.15075251241687412
67.7026   15.2418   0.1531058130836314
69.1234   15.2314   0.15944538249821033
69.8537   16.4499   0.15828935529592683
71.2746   16.438   0.1642404335113618
69.0903   12.7767   0.16348886812257094
69.8211   13.9951   0.16202978121320694
71.2418   13.984   0.16860086002153185
71.9728   15.202   0.1673829143013143
73.3937   15.1893   0.17328629489950578
74.1248   16.407   0.1724194014605091
75.5458   16.3924   0.17777373259286486
69.7865   11.5396   0.16577276615898265
71.207   11.5293   0.17282621328953207
71.9386   12.7472   0.17133184175744665
73.3593   12.7352   0.17792636117225819
74.091   13.9528   0.17674405223373
75.5118   13.9389   0.18279247796339576
76.2436   15.1562   0.18196469437778123
77.6645   15.1403   0.18752389181115137
78.3963   16.3574   0.18726088753394024
79.8173   16.3392   0.19217335923587664
71.1702   9.07382   0.17726645367919994
71.9023   10.2917   0.17539686428211884
73.3227   10.2803   0.18256902804144903
74.055   11.4978   0.18094490874296557
75.4756   11.4846   0.18769832178258974
76.2079   12.7018   0.18647305435370515
77.6286   12.6864   0.19260480264001723
78.361   13.9034   0.19194296027726931
79.7818   13.8858   0.1976877841445956
80.5142   15.1025   0.19754083122230684
81.935   15.0826   0.20274025254004535
82.6675   16.2991   0.2031160751885515
84.0883   16.2769   0.2076723139949101
71.8639   7.83533   0.17959579727822103
73.2841   7.82455   0.1872395780811313
74.0168   9.04203   0.18537881108692214
75.4372   9.02931   0.19259305698804471
76.17   10.2465   0.1910607756709882
77.5904   10.2316   0.1978523186621796
78.3234   11.4485   0.19667788386089702
79.7439   11.4314   0.20312589692109723
80.4768   12.648   0.20245448871289637
81.8974   12.6285   0.20837091927618137
82.6304   13.845   0.20840875701370892
84.051   13.8232   0.21375294150023116
84.7839   15.0394   0.2139673105873921
86.2046   15.0155   0.21848764267115697
86.9374   16.2317   0.21867805102478538
88.3581   16.2061   0.22191225743522883
73.2435   5.36784   0.1917343279123485
73.9765   6.58535   0.18977216576726993
75.3966   6.5731   0.19753453596776635
76.1298   7.79024   0.19570525899934452
77.5501   7.77584   0.20313390386638952
78.2834   8.99267   0.20166637820915922
79.7037   8.97595   0.20870050215560046
80.4371   10.1925   0.20767361411599808
81.8575   10.1734   0.21425923550689585
82.5909   11.3898   0.21376543219145946
84.0113   11.3683   0.21976628494835274
84.7446   12.5845   0.21964082043190578
86.1651   12.5609   0.22496873116057797
86.8984   13.7769   0.22495684030497992
88.3189   13.7516   0.22920824592496522
89.0521   14.9676   0.2286821812035177
90.4726   14.9409   0.2315119435363982
73.9343   4.12779   0.193831083420591
75.3542   4.11589   0.2017768492667095
76.0877   5.3331   0.20029463297851918
77.5077   5.31904   0.20805191275256346
78.2413   6.53589   0.20669499873001285
79.6614   6.5195   0.21405665137995541
80.3952   7.73605   0.21290464273941923
81.8153   7.71725   0.21994222059440854
82.5491   8.93357   0.21914087364067772
83.9693   8.91241   0.225667484587393
84.703   10.1285   0.22514459798094485
86.1233   10.1052   0.23107671886194006
86.857   11.3212   0.23082014643440416
88.2773   11.296   0.23573336632729872
89.0109   12.5119   0.2353053760541863
90.4312   12.4853   0.23889853494737054
91.1647   13.7012   0.23783128473772844
75.3104   1.65767   0.20441281980345596
76.0438   2.87508   0.20382660792938775
77.4636   2.86125   0.21172722097075766
78.1974   4.0782   0.21098951372046926
79.6173   4.06205   0.2185882359597614
80.3512   5.27864   0.2178730889761301
81.7712   5.26009   0.2250134193775988
82.5052   6.4764   0.22433905143777258
83.9252   6.45551   0.23104491446470046
84.6593   7.67159   0.23056624319271138
86.0794   7.64856   0.23665632381155624
86.8134   8.86445   0.23629356085175246
88.2335   8.83958   0.2415845475190841
88.9676   10.0553   0.24115126041553345
90.3877   10.029   0.24541156125985578
91.1217   11.2447   0.244541632447322
92.5419   11.2174   0.2475233120334313
75.9989   0.416249   0.2054220167752232
77.4186   0.402495   0.21317095648563428
78.1521   1.61971   0.2136957884470358
79.5718   1.60369   0.22127293643823664
80.3057   2.82042   0.22154229144793097
81.7255   2.80204   0.22869423888677215
82.4597   4.01841   0.2287514030558067
83.8795   3.99774   0.235415483772838
84.6138   5.21382   0.23531235432930342
86.0337   5.19107   0.24136623645406538
86.768   6.40692   0.24122987480824257
88.188   6.38238   0.24666098921394336
88.9224   7.59804   0.24645713805852792
90.3424   7.57202   0.2510900667091392
91.0768   8.78755   0.25046694392674024
92.4969   8.76039   0.2541284086834848
93.231   9.97592   0.25275912426656355
80.2593   0.361501   0.22305924257021964
81.679   0.343199   0.23006214913366377
82.4129   1.55974   0.23137393457345173
83.8327   1.53921   0.23783528417793745
84.5669   2.75537   0.23872753423097287
85.9867   2.73286   0.2446161035173274
86.7212   3.94872   0.2451436168861012
88.141   3.92452   0.2505892258258531
88.8756   5.14013   0.250873600843135
90.2956   5.11449   0.25587682114642374
91.0303   6.32989   0.25563939758964993
92.4503   6.30305   0.2599947184078936
93.1849   7.51835   0.2590520264348454
94.605   7.4905   0.2623504009907379
84.5193   0.296381   0.24006234473777843
85.9391   0.273992   0.2457829619176239
86.6733   1.48999   0.24743128844186227
88.0931   1.46602   0.2527595871574415
88.8277   2.68169   0.25397180178122053
90.2475   2.6564   0.2591298533554176
90.9824   3.87178   0.25983557416181524
92.4023   3.84529   0.26490467040050497
93.1373   5.06044   0.2648270122174101
94.5572   5.03283   0.2691692151788532
95.2922   6.24793   0.26775305581822867
88.7791   0.22275   0.25516065644217184
90.1988   0.197642   0.26031028519057825
90.9335   1.41317   0.2623642256482386
92.3533   1.38695   0.2677256769531085
93.0884   2.60213   0.2690868226056411
94.5082   2.57477   0.2742847223233551
95.2435   3.78972   0.2742014653498399
96.6633   3.76128   0.2782474682724003
93.0386   0.143296   0.2706790104390255
94.4583   0.116072   0.27621117663845535
95.1935   1.33113   0.2782577862342761
96.6133   1.30279   0.2829410060418958
97.3487   2.51762   0.2829421638780619
97.2979   0.0586961   0.2854953113205364
98.7177   0.0295164   0.2883531977051928
57.1983   31.2996   0.1137466043449211
58.6191   31.285   0.11614348884031353
59.3427   32.5071   0.11478022477761637
60.7637   32.4918   0.1171645850929369
61.4877   33.7135   0.11605399605356262
62.9088   33.6975   0.11849869197590246
58.5973   28.8288   0.11723455122104669
59.3214   30.0507   0.11558585553604656
60.7424   30.0365   0.11847307711037158
61.4669   31.258   0.11696670466419115
62.888   31.2431   0.1197117371020899
63.6128   32.4642   0.11860480597345172
65.034   32.4483   0.12141655570802774
65.7592   33.6691   0.12092038703213032
67.1805   33.6522   0.12382580506501864
59.299   27.5942   0.11728742473087216
60.7199   27.5811   0.12057918560016935
61.445   28.8024   0.11888793042188836
62.866   28.7885   0.1220345033177097
63.5913   30.0095   0.12066818139012475
65.0125   29.9947   0.12384159236702498
65.7381   31.2153   0.12285914699362091
67.1594   31.1994   0.1260636743871929
67.8854   32.4197   0.1257943162468005
69.3068   32.4025   0.1288469246819645
70.0332   33.6223   0.12925888750875117
71.4547   33.6039   0.1324012839816916
60.6961   25.1257   0.12314954323910368
61.4218   26.3467   0.12149823043978723
62.8428   26.3339   0.1251221403269615
63.5687   27.5546   0.123642306675345
64.9899   27.5408   0.1271519956587405
65.716   28.7613   0.12598178439758453
67.1372   28.7464   0.1294137550649101
67.8636   29.9665   0.12871274218196244
69.2849   29.9504   0.13205158083112525
70.0117   31.1701   0.1320440456817374
71.4331   31.1526   0.13533547206848573
72.1603   32.3719   0.13607556724114703
73.5818   32.3529   0.13898305652129092
74.3094   33.5718   0.1402134444338358
75.7311   33.5514   0.1426193885837402
61.3973   23.8909   0.12434520497389526
62.8182   23.8791   0.12857635863563702
63.5448   25.0996   0.127015314037324
64.9658   25.0868   0.13104129120243102
65.6926   26.3071   0.12965203430721747
67.1138   26.2932   0.1335600239592652
67.8407   27.5131   0.1324991698087194
69.262   27.498   0.1361768335657727
69.9891   28.7176   0.13584789288023522
71.4105   28.701   0.13929626699951383
72.138   29.9203   0.13965536151541014
73.5595   29.9022   0.1429731793029731
74.2873   31.121   0.143874111639308
75.7089   31.1014   0.14666591287685268
76.4371   32.3198   0.14791200086538125
77.8587   32.2987   0.1497737627223117
78.587   33.5169   0.15077257708217445
80.0087   33.4947   0.15132551007679057
63.5194   22.6444   0.13045267341070496
64.9404   22.6326   0.13499751849571034
65.6677   23.8526   0.13367445530092684
67.0889   23.8397   0.13801181108876265
67.8164   25.0595   0.1368672714713061
69.2376   25.0453   0.14094275433664566
69.9653   26.2648   0.14028064727538117
71.3867   26.2492   0.1441416664257786
72.1146   27.4683   0.14402725436527505
73.536   27.4511   0.14758827866737834
74.2642   28.6699   0.14823235139469595
75.6857   28.651   0.15136994417651065
76.4142   29.8694   0.1525973132135666
77.8358   29.8488   0.15492985509578683
78.5644   31.0669   0.15610743095702226
79.9861   31.045   0.15739317011865248
80.7147   32.263   0.15810404801901287
64.9133   20.1783   0.13896031807678494
65.6413   21.398   0.13761500644915392
67.0624   21.3861   0.14251926185607094
67.7906   22.6056   0.14143426034734172
69.2117   22.5923   0.14592796167972868
69.94   23.8116   0.14506202121851144
71.3613   23.7969   0.14915217061779518
72.0898   25.0159   0.14886735706661516
73.5111   24.9996   0.15265598579813416
74.2398   26.2183   0.15307024531240615
75.6612   26.2002   0.1564885299311065
76.3901   27.4185   0.15746596457647527
77.8117   27.3987   0.1603005302548952
78.5407   28.6167   0.1615934714027779
79.9623   28.5952   0.16347516630974962
80.6914   29.813   0.1645109418853369
82.113   29.7901   0.16509521495185722
65.6133   18.9431   0.1413043169899617
67.0342   18.9321   0.14679764984494553
67.763   20.1514   0.14561500609483888
69.1841   20.1391   0.15075715571739806
69.9131   21.3581   0.149817755957029
71.3343   21.3444   0.15447802432708718
72.0634   22.5631   0.15389564646214055
73.4846   22.5477   0.15804344339452925
74.2138   23.7662   0.15803357238258223
75.6352   23.7491   0.16192912029650433
76.3646   24.9672   0.1625367958340493
77.786   24.9482   0.16584465622985584
78.5156   26.166   0.16704017480834318
79.9371   26.1451   0.16951468962895205
80.6667   27.3627   0.17080564978946478
82.0883   27.3401   0.17210476460575297
82.8176   28.5577   0.17279160859254958
67.7337   17.6968   0.14953598229188791
69.1547   17.6855   0.1552784917495066
69.8843   18.9042   0.15418255413632379
71.3054   18.8914   0.15945739242819834
72.0351   20.1099   0.15865008666874283
73.4563   20.0954   0.16341254541803268
74.1862   21.3137   0.16311768757556785
75.6074   21.2974   0.16734198516809654
76.3374   22.5154   0.16766242870720865
77.7587   22.4971   0.17133832029058998
78.4888   23.7148   0.17238981988504937
79.9102   23.6945   0.17541157316437198
80.6403   24.912   0.17671063918168067
82.0618   24.8898   0.17881057015736287
82.7918   26.1071   0.17976776685490378
84.2133   26.0835   0.1805154841004
72.005   17.6562   0.16318602881373961
73.426   17.6426   0.16842137631547982
74.1565   18.8606   0.16790530069059556
75.5777   18.8452   0.1726697136153271
76.3082   20.063   0.17265691413899437
77.7294   20.0455   0.1768626868505601
78.4601   21.263   0.17753762981407514
79.8814   21.2435   0.18119809601648845
80.6121   22.4607   0.18231744293950577
82.0335   22.4391   0.1851652505196354
82.7641   23.6562   0.18624631539979045
84.1855   23.6327   0.18782832587232634
84.9159   24.8499   0.18847211995411597
76.277   17.6099   0.17738940216371354
77.6981   17.5933   0.18231294523428682
78.4293   18.8106   0.18247849188329127
79.8505   18.7917   0.1867223875168668
80.5818   20.0088   0.18754439474428408
82.003   19.9877   0.19118896411665695
82.7343   21.2046   0.19222564865282915
84.1555   21.1816   0.1948580508985953
84.8867   22.3984   0.19567669764179801
86.3079   22.3737   0.1968067580140504
80.5492   17.5561   0.19262694515565665
81.9702   17.5356   0.19699304556252786
82.7021   18.7523   0.1977823045674205
84.1231   18.7297   0.2014244771620362
84.855   19.9462   0.20218429711528427
86.276   19.9218   0.20448119717958924
87.0076   21.1384   0.20456343759332427
84.8207   17.4933   0.20818556626240967
86.2416   17.4691   0.2116816713841836
86.9739   18.6855   0.21194645550232866
88.3948   18.6598   0.21401189219293876
89.0907   17.4223   0.22129446445855858
56.4963   32.5343   0.1152193560127821
57.219   33.7569   0.11395920322641753
58.6399   33.7412   0.11604697324790576
63.6333   34.9188   0.11785520777632175
65.0545   34.9018   0.12038459203735366
65.7795   36.1226   0.12029401481370447
67.2009   36.1047   0.12308943902707507
67.9265   37.3249   0.1236511625501359
69.348   37.3059   0.126579066199748
70.0743   38.5255   0.12766530460544068
71.4959   38.5053   0.13017753262372148
72.2228   39.7244   0.1314207365677133
73.6446   39.7033   0.13330915197389856
74.3719   40.922   0.13417522125936676
75.7937   40.9003   0.1347778171658826
67.9062   34.8725   0.12402604565171041
69.3277   34.8544   0.12701913241712862
70.054   36.0741   0.1277965961988044
71.4756   36.0548   0.13069514145521935
72.2025   37.274   0.13179874809724149
73.6241   37.2535   0.13418613937363327
74.3515   38.4722   0.13521201869656518
75.7733   38.4508   0.13662122821875142
76.5008   39.6694   0.1370536026523927
72.1817   34.8231   0.13337904633037584
73.6033   34.8033   0.13605440088435217
74.3307   36.0222   0.13726299574174947
75.7525   36.0012   0.13921339734379007
76.4802   37.2197   0.14000982108409385
77.9019   37.1979   0.14068972954696973
76.459   34.7699   0.1436902919476462
77.8807   34.7483   0.14502165355559984
78.6087   35.9667   0.1456015796617622
45.9855   51.1051   0.15447349287175455
46.6842   49.8675   0.14981702172984523
48.1044   49.8456   0.15074909618303153
48.8237   51.0695   0.1542352099878591
50.244   51.047   0.1552913069041527
48.0853   47.3847   0.14255854937533904
48.8043   48.6088   0.14564082532037886
50.2246   48.5872   0.14679475467468114
50.9446   49.8107   0.14953728632016913
52.3651   49.7885   0.1507430263727015
53.0863   51.0113   0.15310346175054082
54.5068   50.9885   0.15448718393446145
48.7855   46.1481   0.13761050105279052
50.2059   46.1274   0.13894423341758458
50.9256   47.3512   0.14126960040999575
52.346   47.3299   0.1425873065879324
53.0668   48.5531   0.14461874014110124
54.4874   48.5312   0.14593820610107397
55.2092   49.7536   0.14781765794383103
56.63   49.7313   0.14922429426872527
57.353   50.9529   0.15105859790160694
58.7739   50.9301   0.15288368127436072
50.1875   43.6675   0.13186136659385897
50.907   44.8915   0.133768008133487
52.3275   44.8712   0.13510962215919425
53.048   46.0946   0.1367236629117294
54.4686   46.0738   0.1380282217519297
55.19   47.2965   0.13955808826435218
56.6107   47.2751   0.1410625393221046
57.3333   48.4972   0.14245816929891877
58.7542   48.4753   0.14420242716404014
59.4779   49.6965   0.14576755468896416
60.899   49.6741   0.14784431000210976
61.6239   50.8945   0.1494103075426876
63.0452   50.8715   0.15170418583546047
50.8886   42.4317   0.127171773597762
52.3091   42.4124   0.12860583190508962
53.0294   43.636   0.1298240732684044
54.4501   43.6161   0.13107101128777573
55.1713   44.8391   0.13222011949775256
56.592   44.8187   0.13358121125368091
57.3142   46.0411   0.13471072711555152
58.7351   46.0202   0.13635277774948104
59.4583   47.2418   0.13759305941797986
60.8794   47.2203   0.13944679989157138
61.6037   48.4411   0.14094502474368936
63.025   48.4191   0.1432047485246215
63.7505   49.6391   0.14465109747250382
65.1719   49.6165   0.1470562817427391
65.8985   50.8357   0.14827498103186357
67.3201   50.8128   0.15009890072882037
52.2906   39.9535   0.12318843289854756
53.011   41.1771   0.12379640544054446
54.4316   41.1583   0.1252403289679472
55.1528   42.3815   0.1258453813216845
56.5735   42.3621   0.1272800062853546
57.2955   43.5847   0.12796487799392714
58.7164   43.5648   0.12947177298546464
59.4393   44.7867   0.13034669155755305
60.8603   44.7662   0.13219875188518296
61.5842   45.9874   0.13338714330848886
63.0054   45.9663   0.13561198324631785
63.7304   47.1867   0.13689514235355305
65.1518   47.1649   0.13932052971475772
65.8779   48.3846   0.1407098077605128
67.2994   48.3623   0.1428846737757417
68.0264   49.5812   0.14385040841095847
69.4481   49.5587   0.14519672861328686
70.1757   50.7772   0.14546728154468117
52.9923   38.7181   0.11898995755945063
54.413   38.7004   0.12052530854555081
55.1342   39.9236   0.12062217872348364
56.555   39.9053   0.12215359184240215
57.2769   41.128   0.12236278028878073
58.6978   41.1092   0.12394660140560537
59.4205   42.3313   0.12433688109326363
60.8415   42.3118   0.12616330686851832
61.5651   43.5333   0.1269406554260701
62.9863   43.5131   0.12907645021459108
63.7109   44.7339   0.13021420813413445
65.1322   44.713   0.13256383368023322
65.8578   45.933   0.1339419650445695
67.2793   45.9114   0.1363579847313657
68.0059   47.1307   0.13752952410300956
69.4275   47.1086   0.13943432145637544
70.1548   48.3274   0.14011862831187083
71.5765   48.3052   0.14084420470860873
54.3938   36.2424   0.1173270216105399
55.1153   37.4656   0.11681737884407517
56.536   37.4484   0.1184284171978994
57.2581   38.6711   0.11812662697292281
58.679   38.6533   0.11981573352444094
59.4017   39.8755   0.11975132567115969
60.8227   39.8571   0.12152835060182612
61.5462   41.0788   0.12186311993380287
62.9673   41.0596   0.12403390665459108
63.6917   42.2806   0.12471784154642818
65.113   42.2607   0.12709158115311867
65.8382   43.481   0.12829220553096649
67.2597   43.4603   0.13082664101780123
67.9858   44.6799   0.13212547067087638
69.4074   44.6584   0.1343325351506487
70.1344   45.8774   0.13535811759920477
71.5561   45.8555   0.13661723902934167
72.2835   47.0741   0.13698332015249212
55.0958   35.0075   0.11432611250278807
56.5166   34.9914   0.1162273633874571
57.2389   36.2141   0.11534097277203799
58.6598   36.1973   0.1171449529429244
59.3826   37.4196   0.11658842138051366
60.8037   37.4022   0.1185527308837721
61.5271   38.6239   0.1183904556963951
62.9483   38.6058   0.12042096993464235
63.6725   39.827   0.1208084848013583
65.0938   39.8081   0.12322881156612753
65.8188   41.0286   0.12396390603720177
67.2402   41.0087   0.1266324208092061
67.9661   42.2286   0.12787392228284888
69.3876   42.2079   0.13030479653489366
70.1143   43.4271   0.1315588841545879
71.536   43.4056   0.13334275383386968
72.2632   44.6244   0.13420193739287087
73.6849   44.6026   0.13485054690285783
59.3631   34.9634   0.11503938456024479
60.7841   34.9471   0.11711041798234702
61.5077   36.1688   0.11639355652268699
62.9289   36.1518   0.1187132680032015
63.6531   37.373   0.1184280372209212
65.0744   37.3551   0.12095891864596062
65.7993   38.5758   0.12130939782226288
67.2207   38.5569   0.12398649119964686
67.9463   39.777   0.1249626344152536
69.3679   39.757   0.1276594689006646
70.0943   40.9765   0.1289615058845077
71.516   40.9556   0.13121859624306292
72.243   42.1746   0.13227323992403076
73.6648   42.153   0.13361639121006091
74.3922   43.3717   0.13402044620131684
36.2539   68.5161   0.21170321206821457
37.6733   68.4915   0.21369983621893884
37.639   66.0251   0.20541484853826728
38.3607   67.2477   0.21318644422195426
39.7802   67.2222   0.21403646885519573
40.5039   68.4437   0.22128886099395065
41.9234   68.4173   0.22191948990568705
38.3272   64.7816   0.20460752674327448
39.7466   64.7563   0.2044929583139719
40.4684   65.9788   0.21188721056260063
41.8879   65.9529   0.21171773662119164
42.6116   67.1742   0.21871138516318586
44.0313   67.1476   0.21850009153315966
44.757   68.3677   0.22497206493251484
46.1768   68.3407   0.22492285344090812
39.7159   62.29   0.19478865470042173
40.436   63.5134   0.2021364638060127
41.8555   63.4879   0.20137864832201194
42.5774   64.7102   0.20820312197467422
43.997   64.6841   0.20770486272593722
44.7209   65.9053   0.21403039503771182
46.1407   65.8787   0.2137229281102043
46.8666   67.0988   0.21966485836382907
48.2865   67.0717   0.2197873745236523
49.0143   68.2907   0.22521440895289072
50.4344   68.2633   0.2256854005025596
40.4066   61.0477   0.1922045264815586
41.826   61.0228   0.19124868626999642
42.5464   62.246   0.19783854528377665
43.966   62.2204   0.19699715733989576
44.6882   63.4426   0.20310482515193826
46.108   63.4165   0.2027275018343613
46.8321   64.6375   0.20836520822824886
48.2521   64.611   0.2083952494660118
48.9781   65.8309   0.21376461353554285
50.3982   65.804   0.21428161377028815
51.1262   67.0228   0.21909801459621092
52.5464   66.9955   0.21994194688598975
53.2761   68.2134   0.22432338264211288
54.6964   68.1859   0.2250433291612982
41.7993   58.5576   0.18123258537028977
42.5184   59.7815   0.18758941867813425
43.9381   59.7567   0.18669595603547484
44.6588   60.9796   0.19258403360611157
46.0786   60.9542   0.19220304368037408
46.8011   62.1761   0.1975865886137037
48.2211   62.1501   0.19766977513014172
48.9455   63.371   0.20250790108042346
50.3656   63.3446   0.20309074326517276
51.0919   64.5643   0.20764606906946279
52.5121   64.5375   0.20871962054392532
53.2402   65.7562   0.21290023485191076
54.6606   65.7291   0.21410011676783136
55.3904   66.9469   0.21786663351693034
56.8109   66.9196   0.21857094957930687
57.542   68.1366   0.221521827366966
58.9627   68.1094   0.22123575660367487
42.4931   57.3169   0.17745204986136723
43.9128   57.2929   0.17685092592350266
44.6323   58.5165   0.1824663530626933
46.0522   58.4919   0.18224401224731726
46.7733   59.7145   0.18729562194563013
48.1933   59.6893   0.1875293577016687
48.9162   60.9109   0.1919317326551268
50.3364   60.8851   0.19256962377280826
51.061   62.1058   0.19670338075386626
52.4813   62.0795   0.19792334374702122
53.2078   63.2991   0.20170547835891686
54.6283   63.2724   0.20315543310480055
55.3565   64.491   0.20671712556051275
56.7771   64.4641   0.20807070913513903
57.5069   65.6818   0.21097691816878916
58.9277   65.6548   0.21171995654637915
59.6587   66.8718   0.21368036877542204
61.0795   66.8452   0.21322415435404699
43.8896   54.8292   0.16735238271383887
44.6083   56.0534   0.1726518462108059
46.0282   56.0296   0.17265694309815727
46.7482   57.2529   0.17750560554529146
48.1683   57.2284   0.17775604068497664
48.8899   58.4508   0.1819896975106024
50.3101   58.4257   0.1827680770813121
51.0334   59.6471   0.18642588339605703
52.4537   59.6215   0.18770029302055263
53.1787   60.8419   0.19104941769081912
54.5992   60.8158   0.19256728694147265
55.3259   62.0353   0.19571619759233383
56.7466   62.0088   0.19755659948480764
57.475   63.2273   0.20028045336477268
58.8958   63.2007   0.20181607963688022
59.6256   64.4183   0.20385965760787547
61.0466   64.3919   0.20443664055154176
61.7775   65.6089   0.20536323916416566
44.5862   53.5903   0.1630862655161369
46.0061   53.5673   0.1634014993811253
46.7254   54.7911   0.16785264370870276
48.1454   54.7675   0.16847296519026114
48.8661   55.9905   0.17241812549728913
50.2863   55.9662   0.17328672770873324
51.0084   57.1883   0.17677471538656142
52.4288   57.1634   0.1779112981235308
53.1525   58.3846   0.1810030386485263
54.573   58.3592   0.18258422713914824
55.2984   59.5794   0.18534349192782645
56.7191   59.5536   0.1872423563192931
57.4461   60.7728   0.1897635107179438
58.867   60.7468   0.1917361207493257
59.5955   61.9651   0.1938457376369149
61.0166   61.939   0.19514082094733595
61.7464   63.1565   0.19632470552632703
63.1676   63.1308   0.19665291759849407
46.7042   52.3293   0.15862704687410842
48.1243   52.3066   0.15943666454112662
48.8442   53.53   0.16316142313671897
50.2644   53.5066   0.1642222274845867
50.9857   54.7293   0.16739665468580833
52.406   54.7052   0.16856897697975118
53.1287   55.927   0.17132580074232617
54.5492   55.9025   0.17284287662498588
55.2734   57.1234   0.17540661333028398
56.6941   57.0983   0.17730736025332078
57.4199   58.3183   0.1795914530260308
58.8408   58.2929   0.1817414647239288
59.5681   59.5118   0.1836591952503336
60.9892   59.4863   0.1856888526541147
61.7179   60.7044   0.18702975699069702
63.1391   60.6789   0.18824988711816062
63.8689   61.8964   0.18856980139990823
50.9645   52.2701   0.15830290584825182
52.3849   52.2469   0.1594659524788883
53.1068   53.4693   0.16202401056633467
54.5273   53.4456   0.16353097565904942
55.2505   54.6671   0.1657934256838902
56.6713   54.6429   0.16752626659721134
57.3959   55.8635   0.16973349698866458
58.8168   55.8388   0.17179924330450397
59.543   57.0585   0.17374040980727606
60.9641   57.0335   0.17601948755748698
61.6917   58.2523   0.17745145815124086
63.113   58.2272   0.17928396470403926
63.8418   59.4452   0.18000072222077348
65.2632   59.4206   0.18072412677891017
55.2293   52.2105   0.156599680714871
56.65   52.1872   0.1581339621966132
57.3738   53.4084   0.16009431595156404
58.7947   53.3846   0.16216192524757536
59.5199   54.6048   0.16400560966015865
60.941   54.5806   0.1663201130350746
61.6676   55.8   0.1678826375775673
63.0889   55.7755   0.17001529342973595
63.8167   56.9941   0.17108079962403688
65.2382   56.9697   0.17241194854185402
65.9669   58.1876   0.17269681525726294
59.4983   52.1509   0.15459498698211394
60.9194   52.1275   0.15684039658200213
61.6451   53.3474   0.1584405251190507
63.0664   53.3237   0.16069663966617276
63.7933   54.5427   0.16206902850328794
65.2148   54.5188   0.16394099548313107
65.9428   55.7372   0.1645504481914243
67.3644   55.7135   0.1653709164272846
63.7714   52.0911   0.15310297188493793
65.1928   52.0678   0.15530489367692013
65.9201   53.2866   0.15634951231135888
67.3417   53.2632   0.1577142035455248
68.0698   54.4815   0.1579300161463934
68.0476   52.0314   0.1507361602270665
69.4693   52.0086   0.15152669731766452
33.498   73.4923   0.21288088218532494
34.2243   74.7128   0.21995319956754253
35.6439   74.6898   0.2243515544853644
36.372   75.9091   0.23103343913814461
37.7916   75.8846   0.2352777507542932
38.5212   77.1029   0.24138162730415227
39.9409   77.0771   0.24513643140096447
40.6718   78.2946   0.2505791092649201
42.0914   78.2679   0.25399387787897487
42.8232   79.4848   0.25914000077178606
44.2429   79.4573   0.262370291763379
44.9755   80.6738   0.26773692311670466
46.3952   80.6454   0.2706719970739487
47.1286   81.8614   0.2762190073112288
34.1847   72.2486   0.21404413096368585
35.6042   72.2255   0.217880012851107
36.3302   73.446   0.22504797266360727
37.7498   73.4214   0.2287649667234936
38.4776   74.6407   0.23543130632946585
39.8972   74.6148   0.23873977465014076
40.6266   75.8331   0.24461950044916658
42.0463   75.8063   0.24744860072346123
42.7769   77.0239   0.2527850074668211
44.1966   76.9963   0.2551496227706416
44.9282   78.2133   0.2603067805494146
35.5669   69.76   0.21094271734288705
36.2908   70.9816   0.2185563085339819
37.7103   70.957   0.22155137101810077
38.4361   72.1774   0.22871381681044434
39.8557   72.1516   0.23138135188471867
40.5834   73.3708   0.23779924306019345
42.003   73.3441   0.24008442265169916
42.7322   74.5624   0.24581403540074886
38.3971   69.7131   0.22128077187139536
39.8166   69.6874   0.22306996660240663
40.5423   70.9077   0.23008331099842955
27.3048   84.6643   0.21188671501536155
28.0375   85.882   0.21403597828402843
29.4572   85.866   0.2213101217748492
27.9921   83.422   0.21174267401730684
29.4117   83.4059   0.21870313212206124
30.1441   84.6235   0.22193303043936816
31.5638   84.6051   0.22865478346187745
32.2971   85.822   0.23150710572248362
33.7167   85.8015   0.23781103843177756
29.3674   80.9447   0.21395319581627867
30.0985   82.1631   0.21844255537783913
31.518   82.1447   0.22495886290608755
32.2502   83.3622   0.22920292319253072
33.6699   83.3416   0.2352874412288094
34.403   84.5584   0.2389403482043219
35.8226   84.536   0.24453770670389566
36.5564   85.7523   0.24748436314240557
37.9761   85.7284   0.25277488008107035
30.0543   79.7019   0.21376166634829594
31.4738   79.6832   0.2196459196069892
32.2045   80.9016   0.2249224533033579
33.6241   80.8809   0.23079311081572645
34.356   82.0984   0.23577135110102151
35.7756   82.0758   0.24112532011383794
36.5085   83.2926   0.245424632015615
37.9282   83.2686   0.2504586792267384
38.6617   84.4848   0.2541056079664519
40.0814   84.4597   0.25907809633390594
40.8155   85.6755   0.26234711738458155
42.2352   85.6494   0.26773524235707336
31.4316   77.2207   0.21373200509048548
32.1604   78.4401   0.2197843488513257
33.5799   78.4192   0.22518703337448454
34.3103   79.6375   0.23102348365479933
35.7299   79.6148   0.23624614282565748
36.4615   80.8323   0.2416171558478411
37.8811   80.8081   0.24647533345144323
38.6136   82.0248   0.251073754104246
40.0333   81.9995   0.25565269409884805
40.7665   83.2158   0.25999242296651653
42.1862   83.1895   0.2648240359181932
42.9201   84.4054   0.26915789046580074
44.3397   84.3781   0.2741957877138154
45.0743   85.5936   0.2782597886867585
46.494   85.5653   0.282955985976617
32.1183   75.9774   0.21429022376207443
33.5378   75.9564   0.21915122632557274
34.2663   77.1757   0.2256339070264041
35.6858   77.1529   0.23058842121841056
36.4158   78.3712   0.23666691784024263
37.8355   78.3468   0.24123625349437292
38.5667   79.5642   0.24664802857513357
39.9863   79.5386   0.2508689897137538
40.7185   80.7555   0.25586539429942384
42.1381   80.729   0.259841297718433
42.871   81.9454   0.26492327191094567
44.2907   81.918   0.26909394270403036
45.0243   83.1339   0.2742833206740795
46.444   83.1056   0.27825754257521873
47.1784   84.321   0.2829432628637759
48.5981   84.2918   0.2854943957418422
49.3333   85.5068   0.28835153892427895
48.5484   81.8323   0.27824900718600926
49.2827   83.0476   0.28294912970355673
50.7025   83.0182   0.2829460195867757
51.4376   84.2331   0.28550113835149576
46.348   78.185   0.2623349957592402
47.0805   79.4015   0.2677316753766735
48.5002   79.3726   0.2691833204342351
49.2337   80.5884   0.2741966629993879
50.6535   80.5591   0.2742913961465067
51.3879   81.7744   0.2782485759172903
52.8077   81.7453   0.2762082366621239
44.152   74.535   0.24747434210438754
44.8825   75.7525   0.2527683920113439
46.3023   75.7244   0.25410000000000005
47.0339   76.9413   0.25904750529584375
48.4537   76.9128   0.25999773075933025
49.1863   78.1291   0.2648419151116362
50.6062   78.1001   0.26488391797162786
51.3397   79.3158   0.2690868075547379
52.7596   79.2868   0.2677344953494033
53.494   80.5021   0.2706859619559171
41.9619   70.8811   0.2314992008625544
42.6895   72.1003   0.2378121107092741
44.1092   72.0731   0.23892934101947272
44.8384   73.2913   0.244547296039028
46.2582   73.2636   0.24543426818600483
46.9888   74.481   0.250449236373362
48.4086   74.4528   0.25108185916150927
49.1404   75.6696   0.255626094129688
50.5603   75.641   0.25587962013415694
51.2931   76.8572   0.25984506922395134
52.7131   76.8284   0.25914918483375676
53.4468   78.0442   0.26236935796696853
54.8668   78.0156   0.26033305591107747
42.6491   69.6376   0.22865209380191856
44.0688   69.6106   0.22918328909412136
44.7964   70.8298   0.23528149098473528
46.2161   70.8023   0.2357695060859248
46.9455   72.0205   0.24115930419537926
48.3653   71.9927   0.24160310428469314
49.0961   73.21   0.24645946928450482
50.5161   73.1819   0.24666750900757067
51.2481   74.3985   0.25087443074175597
52.6682   74.3701   0.250597645639382
53.4011   75.5862   0.25399933070777847
54.8213   75.5579   0.25271812360810275
55.555   76.7736   0.25513310251709853
46.9045   69.5598   0.23078097841893486
48.3244   69.5323   0.23105133628698218
49.0539   70.7504   0.23627132707969434
50.4739   70.7226   0.23664382518882665
51.2048   71.9399   0.24126162148174468
52.625   71.9118   0.24137249221897797
53.3571   73.1284   0.24516759573809943
54.7773   73.1003   0.24461293915081583
55.5104   74.3163   0.24742257374783114
56.9306   74.2884   0.24577782650190685
51.164   69.4813   0.2305577151170608
52.5842   69.4536   0.23100841975997158
53.3152   70.6708   0.2352942625734856
54.7355   70.6429   0.23541548377283913
55.4677   71.8594   0.2387433978144743
56.8881   71.8316   0.23783170520349195
57.6211   73.0477   0.24005870115452974
55.4275   69.403   0.22877451781175093
56.848   69.3754   0.22871600293814282
57.5802   70.5918   0.23138593302100288
59.0007   70.5645   0.23005186371772834
59.6947   69.3259   0.22303098439454733
50.753   85.4772   0.2883549722130695
